개방자치단체코드,관리번호,인허가일자,인허가취소일자,영업상태명,폐업일자,휴업시작일자,휴업종료일자,소재지면적,소재지우편번호,도로명우편번호,사업장명,업태구분명,데이터갱신구분,관리주체,데이터갱신시점,도로명주소,병상수,상세영업상태명,상세영업상태코드,영업상태코드,의료기관종별명,의료인수,입원실수,전화번호,좌표정보(X),좌표정보(Y),지번주소,진료과목내용,진료과목내용명,총면적,최종수정시점
3000000,PHMA219663000034021200001,1966-01-19,,폐업,2008-09-30,,,11138,110-126,,이대부속동대문병원,종합병원,I,시군구,2026-05-11 22:30:11,,101,폐업,03,03,종합병원,78,24,027605114,,,서울특별시 종로구 종로6가 70,101 104 105 108 106 110 103 111 114 112 113 109 115 118 119 122 120 107 116 116 125 102 401,"내과, 신경과, 정신건강의학과, 외과, 정형외과, 신경외과, 심장혈관흉부외과, 성형외과, 마취통증의학과, 산부인과, 소아청소년과, 안과, 이비인후과, 피부과, 비뇨의학과, 영상의학과, 병리과, 진단검사의학과, 재활의학과, 가정의학과, 응급의학과, 치과",11138,2009-10-19 10:59:21
3000000,PHMA220253000034021200001,2025-02-28,,영업/정상,,,,4524.55,,03136,포레스트병원,병원,I,시군구,2026-05-11 22:30:11,"서울특별시 종로구 율곡로 164, 지하1,2층,1층일부,2~8층 (원남동)",92,영업중,13,01,병원,42,36,18995868,199642.716240024    ,452606.614384676    ,서울특별시 종로구 원남동 177-1,103 301 101 102 120 109,"내과, 신경과, 정신건강의학과, 마취통증의학과, 재활의학과, 한방내과",4524.55,2025-04-28 17:28:45
3000000,PHMA219793000034021200001,1979-03-24,,영업/정상,,,,53251.96,110-746,03181,강북삼성병원,종합병원,I,시군구,2026-05-11 22:30:11,서울특별시 종로구 새문안로 29 (평동),658,영업중,13,01,종합병원,946,169,0220012001,197111.969637621    ,451776.44366444     ,서울특별시 종로구 평동 108,407 406 404 403 402 125 124 123 122 120 119 118 117 116 115 114 113 112 111 110 109 108 107 106 105 104 103 102 101,"내과, 신경과, 정신건강의학과, 외과, 정형외과, 신경외과, 심장혈관흉부외과, 성형외과, 마취통증의학과, 산부인과, 소아청소년과, 안과, 이비인후과, 피부과, 비뇨의학과, 영상의학과, 방사선종양학과, 병리과, 진단검사의학과, 재활의학과, 가정의학과, 핵의학과, 직업환경의학과, 응급의학과, 구강악안면외과, 치과보철과, 치과교정과, 치주과, 치과보존과",53251.96,2026-03-04 10:00:24
3000000,PHMA219813000034021200001,1981-07-09,,영업/정상,,,,202988,,03080,서울대학교병원,종합병원,I,시군구,2026-05-11 22:30:11,서울특별시 종로구 대학로 101 (연건동),1656,영업중,13,01,종합병원,3967,535,15885700,199824.095974723    ,452984.360451452    ,,101 102 103 104 105 106 107 108 109 110 111 112 113 114 115 116 117 118 119 120 122 123 125 408,"내과, 신경과, 정신건강의학과, 외과, 정형외과, 신경외과, 심장혈관흉부외과, 성형외과, 마취통증의학과, 산부인과, 소아청소년과, 안과, 이비인후과, 피부과, 비뇨의학과, 영상의학과, 방사선종양학과, 병리과, 진단검사의학과, 재활의학과, 가정의학과, 핵의학과, 응급의학과, 구강내과",202988,2026-04-30 10:10:27
3000000,PHMA219823000034021200001,1982-09-24,,폐업,2013-01-08,,,2848,110-300,,해정병원,병원,I,시군구,2026-05-11 22:30:11,,30,폐업,03,03,병원,8,6,027305191,,,서울특별시 종로구 관훈동 196-10,101 116,"내과, 영상의학과",2848,2013-01-08 14:31:40
3000000,PHMA219873000034021200001,1987-04-24,,영업/정상,,,,9799.51,,03030,세란병원,종합병원,I,시군구,2026-05-11 22:30:11,서울특별시 종로구 통일로 256 (무악동),204,영업중,13,01,종합병원,297,65,027370181,196173.853620552    ,452543.712240555    ,,412 411 410 409 408 407 406 405 404 403 402 125 122 119 116 115 112 111 110 109 108 106 105 104 102 101,"내과, 신경과, 외과, 정형외과, 신경외과, 성형외과, 마취통증의학과, 산부인과, 소아청소년과, 안과, 비뇨의학과, 영상의학과, 진단검사의학과, 가정의학과, 응급의학과, 구강악안면외과, 치과보철과, 치과교정과, 소아치과, 치주과, 치과보존과, 구강내과, 영상치의학과, 구강병리과, 예방치과, 통합치의학과",9799.51,2025-08-27 10:23:15
3000000,PHMA219893000034021200002,1989-10-12,,영업/정상,,,,7995.33,,03050,서울지구병원,병원,I,시군구,2026-05-11 22:30:11,서울특별시 종로구 삼청로10길 13 (삼청동),30,영업중,13,01,병원,69,11,023973915,198416.776072109    ,453972.44089667     ,,407 403 402 125 122 120 116 115 114 113 112 109 106 105 104 102 101,"내과, 신경과, 외과, 정형외과, 신경외과, 마취통증의학과, 안과, 이비인후과, 피부과, 비뇨의학과, 영상의학과, 재활의학과, 가정의학과, 응급의학과, 구강악안면외과, 치과보철과, 치과보존과",7995.33,2025-06-11 17:44:48
3000000,PHMA220043000034021200001,2004-09-01,,영업/정상,,,,20778.51,,03080,서울대학교치과병원,치과병원,I,시군구,2026-05-11 22:30:11,서울특별시 종로구 대학로 101 (연건동),40,영업중,13,01,치과병원,250,15,15222700,199824.095974723    ,452984.360451452    ,,109 402 403 404 405 406 407 408 409 410,"마취통증의학과, 구강악안면외과, 치과보철과, 치과교정과, 소아치과, 치주과, 치과보존과, 구강내과, 영상치의학과, 구강병리과",20778.51,2025-07-07 10:17:32
3000000,PHMA220063000034021200001,2006-08-03,,폐업,2012-02-17,,,310,110-773,,밀레니엄치과병원,치과병원,I,시군구,2026-05-11 22:30:11,서울특별시 종로구 종로 78 (종로2가),0,폐업,03,03,치과병원,2,0,027322875,198696.792161159    ,451962.68240104     ,서울특별시 종로구 종로2가 75번지 9호,201 202 203 204 205 206 207 208 209 210,"구강악안면외과, 치과보철과, 치과교정과, 소아치과, 치주과, 치과보존과, 구강내과, 구강악안면방사선과, 구강병리과, 예방치과",310,2012-02-17 11:15:29
3000000,PHMA220083000034021200001,2008-06-24,,폐업,2018-10-01,,,2182.81,110-808,03139,춘원당한방병원,한방병원,I,시군구,2026-05-11 22:30:11,서울특별시 종로구 돈화문로9길 26 (돈의동),31,폐업,03,03,한방병원,8,7,027662004,199079.009091626    ,452168.088676879    ,서울특별시 종로구 돈의동 78번지,301 303 304 305 306 307 308 302,"한방내과, 한방부인과, 한방소아과, 한방안·이비인후·피부과, 한방신경정신과, 한방재활의학과, 사상체질과, 침구과",2182.81,2018-10-01 13:40:47
3000000,PHMA220103000034021200001,2008-09-12,,폐업,2011-10-07,,,383.6,110-841,,동대문요양병원,요양병원(일반요양병원),I,시군구,2026-05-11 22:30:11,서울특별시 종로구 지봉로 29 (창신동),40,폐업,03,03,요양병원(일반요양병원),4,6,36722233,201282.378349367    ,452249.643664396    ,서울특별시 종로구 창신1동 327번지 2호 금호팰리스 4층,101 120 104 113 111 114,"내과, 외과, 소아청소년과, 이비인후과, 피부과, 재활의학과",383.6,2011-10-30 14:41:52
3000000,PHMA220123000034021200001,2012-05-16,,영업/정상,,,,2638.64,,03009,로이병원,병원,I,시군구,2026-05-11 22:30:11,"서울특별시 종로구 평창문화로 75, 글로리아타운 2층일부,3,5층 (평창동)",131,영업중,13,01,병원,19,32,0216447541,197212.364862058    ,456055.205802855    ,서울특별시 종로구 평창동 158-1 글로리아타운,306 122 120 119 116 114 111 102 101,"내과, 신경과, 소아청소년과, 피부과, 영상의학과, 진단검사의학과, 재활의학과, 가정의학과, 한방재활의학과",2638.64,2026-02-27 13:28:53
3000000,PHMA220183000034021200001,2018-04-16,,영업/정상,,,,3274.96,,03115,서울숭인병원,병원,I,시군구,2026-05-11 22:30:11,"서울특별시 종로구 종로 386, 6.7.8.9층 (숭인동)",114,영업중,13,01,병원,19,29,027377582,201728.010848506    ,452416.82550417     ,서울특별시 종로구 숭인동 200번지 26호 진형빌딩,308 307 301 122 120 111 102 101,"내과, 신경과, 소아청소년과, 재활의학과, 가정의학과, 한방내과, 사상체질과, 침구과",3274.96,2024-07-31 15:09:02
3000000,PHMA220213000034021200001,2021-05-27,,영업/정상,,,,3788.49,,03175,아미나요양병원,요양병원(일반요양병원),I,시군구,2026-05-11 22:30:11,"서울특별시 종로구 경희궁길 26, 썬타워빌딩 지하1층, 지상2,3,4,5,6,7층 (신문로2가)",96,영업중,13,01,요양병원(일반요양병원),15,35,027307777,197369.925430517    ,452219.605210118    ,,101 102 104 105 106 107 108 109 110 113 114 115 117 119 120 122 123 125 301 302 303 304 306 307 308,"내과, 신경과, 외과, 정형외과, 신경외과, 심장혈관흉부외과, 성형외과, 마취통증의학과, 산부인과, 이비인후과, 피부과, 비뇨의학과, 방사선종양학과, 진단검사의학과, 재활의학과, 가정의학과, 핵의학과, 응급의학과, 한방내과, 한방부인과, 한방소아과, 한방안·이비인후·피부과, 한방재활의학과, 사상체질과, 침구과",3788.49,2025-06-20 15:28:23
3000000,PHMA220213000034021200002,2021-06-24,,폐업,2026-01-31,,,5840.71,,03170,도반한방병원,한방병원,I,시군구,2026-05-11 22:30:11,"서울특별시 종로구 새문안로5가길 33, 도반 빌딩 2~12층,14층일부 (내자동)",151,폐업,03,03,한방병원,59,53,15886858,197539.970819724    ,452504.064126045    ,,101 105 109 116 122 301 302 304 306 308,"내과, 정형외과, 마취통증의학과, 영상의학과, 가정의학과, 한방내과, 한방부인과, 한방안·이비인후·피부과, 한방재활의학과, 침구과",5840.71,2026-02-11 13:13:36
3000000,PHMA220223000034021200001,2022-04-27,,영업/정상,,,,2406,,03082,리움한방병원,한방병원,I,시군구,2026-05-11 22:30:11,"서울특별시 종로구 대학로 89, 대학로빌딩 지하1, 지상2~6층 (연건동)",65,영업중,13,01,한방병원,25,24,0262131010,200089.004472863    ,452986.206777353    ,,122 301 302 306 308,"가정의학과, 한방내과, 한방부인과, 한방재활의학과, 침구과",2406,2025-07-25 10:51:41
3000000,PHMA219773000034021200001,1977-04-01,,영업/정상,,,,17910,,03181,서울적십자병원,종합병원,I,시군구,2026-05-11 22:30:11,"서울특별시 종로구 새문안로 9, 적십자병원 (평동)",292,영업중,13,01,종합병원,223,62,0220028000,197013.490218964    ,451678.787536538    ,,412 125 122 119 118 116 115 114 113 112 111 110 109 105 104 103 102 101,"내과, 신경과, 정신건강의학과, 외과, 정형외과, 마취통증의학과, 산부인과, 소아청소년과, 안과, 이비인후과, 피부과, 비뇨의학과, 영상의학과, 병리과, 진단검사의학과, 가정의학과, 응급의학과, 통합치의학과",17910,2023-10-11 10:20:38
3010000,PHMA220023010033021200001,2002-09-02,,폐업,2017-07-29,,,136.2,,04519,산치과병원,치과병원,I,시군구,2026-05-11 22:30:12,"서울특별시 중구 세종대로21길 52, 1층 (태평로1가, 조선일보광화문빌딩)",0,폐업,03,03,치과병원,1,0,027230020,197821.219011153    ,451827.081005774    ,,403 404 405 406,"치과보철과, 치과교정과, 소아치과, 치주과",136.2,2017-07-28 17:15:56
3010000,PHMA220003010033021200001,2000-08-10,,영업/정상,,,,302.6,100-706,04535,한누리치과병원,치과병원,I,시군구,2026-05-11 22:30:12,"서울특별시 중구 퇴계로 97, 3층 306호 (충무로1가, 고려대연각센터빌딩)",0,영업중,13,01,치과병원,3,0,027531922,198388.365585519    ,450963.241815173    ,서울특별시 중구 충무로1가 25번지 5호 고려대연각센터빌딩 3층 306호,407 406 405 404 403,"치과보철과, 치과교정과, 소아치과, 치주과, 치과보존과",302.6,2017-09-05 18:38:11
3010000,PHMA220063010033021200001,2006-03-02,,영업/정상,,,,1317.7,,04607,반도정형외과병원,병원,I,시군구,2026-05-11 22:30:12,"서울특별시 중구 동호로 202, 반도정형외과 (신당동)",30,영업중,13,01,병원,21,17,22520202,200823.512501925    ,450412.586912513    ,서울특별시 중구 신당동 422-4 반도정형외과,105 106 120 119 101 116 114 111,"내과, 정형외과, 신경외과, 소아청소년과, 피부과, 영상의학과, 진단검사의학과, 재활의학과",1317.7,2024-04-16 16:33:28
3010000,PHMA220063010033021200002,2006-06-22,,영업/정상,,,,147.94,,04563,더블유치과병원,치과병원,I,시군구,2026-05-11 22:30:12,"서울특별시 중구 장충단로 263, 밀리오레상가건물 14층 (을지로6가)",0,영업중,13,01,치과병원,2,0,0233931122,200664.582936542    ,451781.8683954      ,서울특별시 중구 을지로6가 18-185 밀리오레상가건물,403 404 405 406 407 408 412,"치과보철과, 치과교정과, 소아치과, 치주과, 치과보존과, 구강내과, 통합치의학과",147.94,2024-04-16 16:31:22
3010000,PHMA220063010033021200003,2006-11-20,,영업/정상,,,,204.8,100-829,04608,유치과병원,치과병원,I,시군구,2026-05-11 22:30:12,"서울특별시 중구 다산로 175, 3층 (신당동, 명덕빌딩)",0,영업중,13,01,치과병원,3,0,22333923,201064.963697104    ,450779.720971036    ,서울특별시 중구 신당동 336번지 3호,406 405 404 403 402,"구강악안면외과, 치과보철과, 치과교정과, 소아치과, 치주과",204.8,2023-05-25 11:26:34
3010000,PHMA220103010033021200001,2010-06-01,,폐업,2015-02-14,,,415.29,100-091,,네모치과병원(명동점),치과병원,I,시군구,2026-05-11 22:30:12,"서울특별시 중구 남대문로 120 (남대문로1가,대일빌딩 11층)",0,폐업,03,03,치과병원,2,0,,198432.295442181    ,451739.340203358    ,서울특별시 중구 남대문로1가 18번지  대일빌딩 11층,401,치과,415.29,2015-02-13 15:16:11
3010000,PHMA220103010033021200002,2010-07-27,,폐업,2013-01-02,,,1133.75,100-824,,동산요양병원,요양병원(일반요양병원),I,시군구,2026-05-11 22:30:12,서울특별시 중구 다산로36길 11 (신당동),58,폐업,03,03,요양병원(일반요양병원),6,11,22382211,201362.695573425    ,451177.222462071    ,서울특별시 중구 신당동 291번지 48호,101 110 111 114 108,"내과, 성형외과, 산부인과, 소아청소년과, 피부과",1133.75,2013-09-11 15:01:58
3010000,PHMA220103010033021200003,2010-09-30,,영업/정상,,,,533,,04534,라임나무치과병원,치과병원,I,시군구,2026-05-11 22:30:12,"서울특별시 중구 명동길 43, 7층 (명동1가, 신한은행)",0,영업중,13,01,치과병원,4,0,027542879,198582.339705178    ,451302.602871612    ,서울특별시 중구 명동1가 53번지 1호 7층,403 404 406 407,"치과보철과, 치과교정과, 치주과, 치과보존과",533,2017-09-05 18:38:11
3010000,PHMA220113010033021200001,2011-06-02,,폐업,2024-05-31,2023-11-20,2024-11-19,247.2,100-846,,을지치과병원,치과병원,I,시군구,2026-05-11 22:30:12,서울특별시 중구 을지로14길 12 (을지로3가),0,폐업,03,03,치과병원,1,0,029708403,199213.995842161    ,451479.251307215    ,서울특별시 중구 을지로3가 302번지 1호,407 405 403,"치과보철과, 소아치과, 치과보존과",247.2,2024-06-07 09:17:54
3010000,PHMA220113010033021200002,2011-10-28,,영업/정상,,,,294.3,,04575,연세스위트치과병원,치과병원,I,시군구,2026-05-11 22:30:12,"서울특별시 중구 퇴계로 447, 221~213호 (황학동, 황학 아크로타워)",0,영업중,13,01,치과병원,3,0,027332875,201866.039519433    ,451543.337800303    ,서울특별시 중구 황학동 2523 황학 아크로타워,403 404 406 407 412,"치과보철과, 치과교정과, 치주과, 치과보존과, 통합치의학과",294.3,2024-08-08 16:19:11
3010000,PHMA220163010033021200001,2016-07-08,,폐업,2024-12-30,,,2454.42,,04517,광화문자생한방병원,한방병원,I,시군구,2026-05-11 22:30:12,"서울특별시 중구 통일로 92, 케이지타워 1,2,8층 (순화동)",50,폐업,03,03,한방병원,32,10,0221650965,197214.205778633    ,451259.671938774    ,"서울특별시 중구 순화동 1-170 케이지타워 1,2,8층",101 116 301 302 303 304 305 306 307 308,"내과, 영상의학과, 한방내과, 한방부인과, 한방소아과, 한방안·이비인후·피부과, 한방신경정신과, 한방재활의학과, 사상체질과, 침구과",2454.42,2024-12-27 13:02:18
3010000,PHMA220163010033021200002,2016-09-13,,영업/정상,,,,1735.1,,04570,참바로병원,병원,I,시군구,2026-05-11 22:30:12,"서울특별시 중구 다산로 258, 리마크빌 동대문 2,3층 (흥인동)",57,영업중,13,01,병원,28,11,0222348585,201400.824438273    ,451528.012185815    ,"서울특별시 중구 흥인동 86 리마크빌 동대문 2,3층",101 104 105 106 109 116 120,"내과, 외과, 정형외과, 신경외과, 마취통증의학과, 영상의학과, 재활의학과",1735.1,2026-02-05 13:42:28
3010000,PHMA219683010033021200001,2010-04-02,,영업/정상,,,,51278.25,,04564,국립중앙의료원,종합병원,I,시군구,2026-05-11 22:30:12,"서울특별시 중구 을지로 245, 국립중앙의료원 (을지로6가)",499,영업중,13,01,종합병원,842,120,0222607114,200461.421710224    ,451682.120811509    ,서울특별시 중구 을지로6가 18-79 국립중앙의료원,412 411 409 408 407 406 404 403 402 308 305 301 125 124 123 122 120 119 118 117 116 115 114 113 112 111 110 109 108 107 106 105 104 103 102 101,"내과, 신경과, 정신건강의학과, 외과, 정형외과, 신경외과, 심장혈관흉부외과, 성형외과, 마취통증의학과, 산부인과, 소아청소년과, 안과, 이비인후과, 피부과, 비뇨의학과, 영상의학과, 방사선종양학과, 병리과, 진단검사의학과, 재활의학과, 가정의학과, 핵의학과, 직업환경의학과, 응급의학과, 한방내과, 한방신경정신과, 침구과, 구강악안면외과, 치과보철과, 치과교정과, 치주과, 치과보존과, 구강내과, 영상치의학과, 예방치과, 통합치의학과",51278.25,2026-04-10 09:15:01
3010000,PHMA219763010033021200001,1976-03-10,,폐업,2023-09-01,,,19019.3,,04551,인제대학교 서울백병원,종합병원,I,시군구,2026-05-11 22:30:12,서울특별시 중구 마른내로 9 (저동2가),158,폐업,03,03,종합병원,379,44,0222700114,,,,125 122 119 118 117 116 115 114 113 112 111 110 109 108 107 106 105 104 103 102 101,"내과, 신경과, 정신건강의학과, 외과, 정형외과, 신경외과, 심장혈관흉부외과, 성형외과, 마취통증의학과, 산부인과, 소아청소년과, 안과, 이비인후과, 피부과, 비뇨의학과, 영상의학과, 방사선종양학과, 병리과, 진단검사의학과, 가정의학과, 응급의학과",19019.3,2023-11-02 08:15:34
3010000,PHMA219813010033021200001,1981-12-01,,폐업,2021-12-16,2021-04-26,2021-05-31,12395.07,100-380,04619,의료법인 제일의료재단 제일병원,병원,I,시군구,2026-05-11 22:30:12,서울특별시 중구 서애로1길 17 (묵정동),228,폐업,03,03,병원,1,66,0220007114,199856.423395279    ,451026.227711544    ,서울특별시 중구 묵정동 1번지 19호,123 122 119 118 117 116 112 111 110 109 108 105 104 102 101,"내과, 신경과, 외과, 정형외과, 성형외과, 마취통증의학과, 산부인과, 소아청소년과, 안과, 영상의학과, 방사선종양학과, 병리과, 진단검사의학과, 가정의학과, 핵의학과",12395.07,2021-12-17 13:42:45
3010000,PHMA219943010033021200001,1994-02-25,,영업/정상,,,,13456,,04597,서울송도병원,병원,I,시군구,2026-05-11 22:30:12,"서울특별시 중구 다산로 78, 송도병원 (신당동)",152,영업중,13,01,병원,132,45,0222310900,200649.528636859    ,449877.44410054     ,,406 122 119 118 116 115 112 109 104 102 101,"내과, 신경과, 외과, 마취통증의학과, 안과, 비뇨의학과, 영상의학과, 병리과, 진단검사의학과, 가정의학과, 치주과",13456,2024-12-03 18:51:12
3010000,PHMA220053010033021200001,2005-09-16,,폐업,2011-06-02,,,252.83,100-846,,사단법인) 누가선교회 누가치과병원,치과병원,I,시군구,2026-05-11 22:30:12,,0,폐업,03,03,치과병원,1,0,22642875,,,서울특별시 중구 을지로3가 302-1 1층,201 202 203 204 205,"구강악안면외과, 치과보철과, 치과교정과, 소아치과, 치주과",252.83,2011-06-02 13:52:42
3020000,PHMA219783020033021200001,1978-02-23,,영업/정상,,,,46974.38,,04401,순천향대학교 부속 서울병원,종합병원,I,시군구,2026-05-11 22:30:10,서울특별시 용산구 대사관로 59 (한남동),693,영업중,13,01,종합병원,1280,164,027099114,200310.979917902    ,447939.994985364    ,,101 102 103 104 105 106 107 108 109 110 111 112 113 114 115 116 117 118 119 120 122 123 124 125 126 402 403 404 405 406 407 408 409 410 411,"내과, 신경과, 정신건강의학과, 외과, 정형외과, 신경외과, 심장혈관흉부외과, 성형외과, 마취통증의학과, 산부인과, 소아청소년과, 안과, 이비인후과, 피부과, 비뇨의학과, 영상의학과, 방사선종양학과, 병리과, 진단검사의학과, 재활의학과, 가정의학과, 핵의학과, 직업환경의학과, 응급의학과, 예방의학과, 구강악안면외과, 치과보철과, 치과교정과, 소아치과, 치주과, 치과보존과, 구강내과, 영상치의학과, 구강병리과, 예방치과",46974.38,2026-03-26 09:27:05
3020000,PHMA219823020033021200001,1982-04-21,,폐업,2023-08-01,,,7132.3,,04300,소화병원(의료법인 소화병원),병원,I,시군구,2026-05-11 22:30:10,"서울특별시 용산구 청파로 383 (서계동, 소화아동병원)",32,폐업,03,03,병원,23,14,,197160.917789776    ,450168.3235982      ,서울특별시 용산구 서계동 224번지 32호,119 116 111 105 101,"내과, 정형외과, 소아청소년과, 영상의학과, 진단검사의학과",7132.3,2023-07-21 10:23:11
3020000,PHMA219823020033021200002,1982-11-01,,폐업,2008-12-15,,,1937,,,서울백제병원,병원,I,시군구,2026-05-11 22:30:10,,38,폐업,03,03,병원,2,16,,,,서울특별시 용산구 한남동 657-59,102 103 122,"신경과, 정신건강의학과, 가정의학과",1937,2008-12-15 15:17:23
3020000,PHMA220123020033021200001,2012-10-18,,폐업,2014-05-26,,,1381.17,140-872,,서울원광한방병원,한방병원,I,시군구,2026-05-11 22:30:10,서울특별시 용산구 한강대로40가길 24 (한강로2가),36,폐업,03,03,한방병원,8,0,,197479.1244603      ,447637.347182074    ,"서울특별시 용산구  55번지 B1층, 1층",301 304 307 308 305 302 303 306 122,"가정의학과, 한방내과, 한방부인과, 한방소아과, 한방안·이비인후·피부과, 한방신경정신과, 한방재활의학과, 사상체질과, 침구과",1381.17,2016-08-31 13:26:28
3020000,PHMA219843020033021200002,1984-07-21,,폐업,2011-03-31,,,17821,,,중대용산병원(학교법인 중앙대학교),종합병원,I,시군구,2026-05-11 22:30:10,,348,폐업,03,03,종합병원,378,78,,,,서울특별시 용산구 한강로3가 65번지,101 104 105 106 110 111 113 103 108 112 114 109 115 119 116 118 122 107 125 201 202 203 204 205 206 207 208 209 210,"내과, 정신건강의학과, 외과, 정형외과, 신경외과, 심장혈관흉부외과, 성형외과, 마취통증의학과, 산부인과, 소아청소년과, 안과, 이비인후과, 피부과, 비뇨의학과, 영상의학과, 병리과, 진단검사의학과, 가정의학과, 응급의학과, 구강악안면외과, 치과보철과, 치과교정과, 소아치과, 치주과, 치과보존과, 구강내과, 구강악안면방사선과, 구강병리과, 예방치과",17821,2011-03-29 18:03:37
3020000,PHMA220063020033021200001,2006-06-09,,폐업,2010-04-21,,,1293.6,,,효창중앙병원,병원,I,시군구,2026-05-11 22:30:10,,43,폐업,03,03,병원,1,15,,,,서울특별시 용산구 효창동5-99,101 111 116,"내과, 소아청소년과, 영상의학과",1293.6,2010-04-21 16:37:47
3020000,PHMA220103020033021200001,2010-02-19,,폐업,2011-05-02,,,972,140-731,,신명한방병원,한방병원,I,시군구,2026-05-11 22:30:10,"서울특별시 용산구 장문로 27 (이태원동,청화아파트 상가동 301호)",56,폐업,03,03,한방병원,7,9,,199471.30974998     ,447522.747030786    ,서울특별시 용산구 이태원1동 22번지 2호 청화아파트 상가동 301호,301 304 307 308 302 306,"한방내과, 한방부인과, 한방안·이비인후·피부과, 한방재활의학과, 사상체질과, 침구과",972,2011-05-02 13:13:23
3020000,PHMA219843020033021200001,1984-04-03,,영업/정상,,,,14998.5,140-907,04425,금강아산병원(재단법인 아산사회복지재단),병원,I,시군구,2026-05-11 22:30:10,서울특별시 용산구 이촌로 318 (이촌동),48,영업중,13,01,병원,60,14,027995000,198334.528715682    ,446153.522154789    ,서울특별시 용산구 이촌동 301번지 165호,101 105 110 116 119 109 120 122 104,"내과, 외과, 정형외과, 마취통증의학과, 산부인과, 영상의학과, 진단검사의학과, 재활의학과, 가정의학과",14998.5,2023-10-12 18:30:58
3030000,PHMA219723030033021200001,1972-04-24,,영업/정상,,,,95744.54,,04763,한양대학교병원,종합병원,I,시군구,2026-03-10 22:00:26,서울특별시 성동구 왕십리로 222-1 (사근동),802,영업중,13,01,종합병원,1377,248,0222908114,204117.965772206    ,450608.519334481    ,,101 102 103 104 105 106 107 108 109 110 111 112 113 114 115 116 117 118 119 120 121 122 123 124 125 402 403 404 406 407,"내과, 신경과, 정신건강의학과, 외과, 정형외과, 신경외과, 심장혈관흉부외과, 성형외과, 마취통증의학과, 산부인과, 소아청소년과, 안과, 이비인후과, 피부과, 비뇨의학과, 영상의학과, 방사선종양학과, 병리과, 진단검사의학과, 재활의학과, 결핵과, 가정의학과, 핵의학과, 직업환경의학과, 응급의학과, 구강악안면외과, 치과보철과, 치과교정과, 치주과, 치과보존과",95744.54,2025-12-18 16:43:45
3030000,PHMA220253030033021200001,2025-06-23,,영업/정상,,,,1864.88,,04804,성동필한방병원,한방병원,I,시군구,2026-03-10 22:00:32,"서울특별시 성동구 천호대로 282, 남주빌딩 2~5층 (용답동)",50,영업중,13,01,한방병원,16,16,0269411010,204535.473963137    ,451612.328704931    ,서울특별시 성동구 용답동 99-2 남주빌딩,101 122 301 306 308,"내과, 가정의학과, 한방내과, 한방재활의학과, 침구과",1864.88,2025-07-07 09:09:48
3030000,PHMA219853030033021200001,1985-04-22,,폐업,2018-11-01,,,2586.38,,04723,서울중앙병원,병원,I,시군구,2026-03-10 22:00:13,서울특별시 성동구 금호산길 41 (금호동2가),134,폐업,03,03,병원,10,34,0222333993,201618.177531531    ,449975.58719068     ,서울특별시 성동구 금호동2가 500번지 9호,101 104 105 109 116 120 106 111 122,"내과, 외과, 정형외과, 신경외과, 마취통증의학과, 소아청소년과, 영상의학과, 재활의학과, 가정의학과",2586.38,2019-10-04 14:25:02
3030000,PHMA220003030033021200001,2000-10-10,,영업/정상,,,,2043.84,,04707,연세슬기병원,병원,I,시군구,2026-03-10 22:00:23,서울특별시 성동구 무학로2길 8 (도선동),61,영업중,13,01,병원,13,24,0222810010,202640.965627674    ,451334.93443267     ,서울특별시 성동구 도선동 365번지 1호,120 119 115 114 111 108 106 105 104 101,"내과, 외과, 정형외과, 신경외과, 성형외과, 소아청소년과, 피부과, 비뇨의학과, 진단검사의학과, 재활의학과",2043.84,2019-02-27 14:16:40
3030000,PHMA220003030033021200002,2000-05-31,,폐업,2012-10-26,,,3017.92,,,동인병원,병원,I,시군구,2026-03-10 22:00:15,,96,폐업,03,03,병원,10,27,0222931121,,,서울특별시 성동구 하왕십리동 846번지 10호,101,내과,3017.92,2012-10-26 10:08:20
3030000,PHMA220023030033021200001,2002-03-02,,폐업,2009-02-12,,,2398.4,,,영동병원,병원,I,시군구,2026-03-10 22:00:16,,78,폐업,03,03,병원,3,0,024690001,,,서울특별시 성동구 성수2가3동 275번지 2호,101,내과,2398.4,2014-07-16 14:10:39
3030000,PHMA220053030033021200001,2005-08-11,,영업/정상,,,,1732.35,,04706,서울특별시장애인치과병원,치과병원,I,시군구,2026-03-10 22:00:35,서울특별시 성동구 마장로 207 (홍익동),0,영업중,13,01,치과병원,13,0,0222820001,202827.973126186    ,451607.692035272    ,,412 411 409 407 406 405 403 402 109,"마취통증의학과, 구강악안면외과, 치과보철과, 소아치과, 치주과, 치과보존과, 영상치의학과, 예방치과, 통합치의학과",1732.35,2025-01-08 10:44:32
3030000,PHMA220063030033021200001,2006-06-07,,폐업,2012-12-14,,,1921.19,,,제인한방병원,한방병원,I,시군구,2026-03-10 22:00:17,서울특별시 성동구 광나루로 243 (송정동),72,폐업,03,03,한방병원,17,17,0234082100,204968.468327442    ,449690.197895816    ,서울특별시 성동구 송정동 81번지 14호,301,한방내과,1921.19,2012-12-14 09:30:46
3030000,PHMA220083030033021200002,2008-09-05,,폐업,2012-08-16,,,1656.96,,,프라임병원,병원,I,시군구,2026-03-10 22:00:24,서울특별시 성동구 동일로 133 (성수동2가),89,폐업,03,03,병원,3,0,024642700,205665.640838329    ,449129.621885233    ,서울특별시 성동구 성수2가3동 279번지 44호,101,내과,1656.96,2012-08-16 10:28:29
3030000,PHMA220093030033021200001,2009-06-03,,영업/정상,,,,1096.1,133-831,04787,서울효사랑요양병원,요양병원(일반요양병원),U,시군구,2026-04-24 03:03:03,서울특별시 성동구 동일로 93 (성수동2가),137,영업중,13,01,요양병원(일반요양병원),34,25,024620114,205503.603619543    ,448769.008639507    ,서울특별시 성동구 성수2가3동 275번지 2호,101 102 109 122 120 105 301 308,"내과, 신경과, 정형외과, 마취통증의학과, 재활의학과, 가정의학과, 한방내과, 침구과",1096.1,2026-04-23 17:19:58
3030000,PHMA220093030033021200002,2009-08-11,,폐업,2012-05-31,,,1046.79,133-850,,은혜요양병원,요양병원(일반요양병원),I,시군구,2026-03-10 22:00:21,서울특별시 성동구 자동차시장1길 85 (용답동),90,폐업,03,03,요양병원(일반요양병원),8,14,,205861.778324251    ,450912.302558818    ,서울특별시 성동구 용답동 235번지 8호,101 104 122 105 106 102 114 115 116,"내과, 신경과, 외과, 정형외과, 신경외과, 피부과, 비뇨의학과, 영상의학과, 가정의학과",1046.79,2012-05-31 15:38:52
3030000,PHMA220103030033021200001,2010-10-06,,제외/삭제/전출,,,,1219,133-866,04751,서울연세병원,병원,I,시군구,2026-03-10 22:00:18,서울특별시 성동구 왕십리로 296 (행당동),30,전출,15,05,병원,12,11,0222937582,203125.751232112    ,450929.958443224    ,서울특별시 성동구 행당1동 198번지 1호,104 105 108,"외과, 정형외과, 성형외과",1219,2022-11-08 10:35:39
3030000,PHMA220113030033021200001,2011-01-28,,폐업,2014-05-30,,,236,133-847,,네오메디플러스치과병원,치과병원,I,시군구,2026-03-10 22:00:20,"서울특별시 성동구 천호대로 320, 3층 (용답동)",0,폐업,03,03,치과병원,7,0,0222172828,204811.005190157    ,451358.607132575    ,서울특별시 성동구 용답동 2번지 3호 장안빌딩 3층,401 101 113,"내과, 이비인후과, 치과",236,2015-06-16 14:33:43
3030000,PHMA220123030033021200001,2012-06-04,,폐업,2012-06-12,,,1120,133-850,,효하수요양병원,요양병원(일반요양병원),I,시군구,2026-03-10 22:00:36,서울특별시 성동구 자동차시장1길 85 (용답동),93,폐업,03,03,요양병원(일반요양병원),4,13,,205861.778324251    ,450912.302558818    ,"서울특별시 성동구 용답동 235번지 8호 (3,4층)",301 302 308 307,"한방내과, 한방부인과, 사상체질과, 침구과",1120,2012-06-12 15:12:44
3030000,PHMA220123030033021200002,2012-06-12,,폐업,2016-02-16,,,2125.12,133-850,04808,시온요양병원,요양병원(일반요양병원),I,시군구,2026-03-10 22:00:37,"서울특별시 성동구 자동차시장1길 85, 지하1, 지상3~5층 (용답동)",165,폐업,03,03,요양병원(일반요양병원),33,25,0233946211,205861.778324251    ,450912.302558818    ,"서울특별시 성동구 용답동 235번지 8호 (지하1층, 지상3,4,5층)",101 104 102 106 120 105 301 305 306 307 308,"내과, 신경과, 외과, 정형외과, 신경외과, 재활의학과, 한방내과, 한방신경정신과, 한방재활의학과, 사상체질과, 침구과",2125.12,2016-02-16 15:36:05
3030000,PHMA220123030033021200003,2012-08-16,,제외/삭제/전출,,,,1971.47,,04799,서울프라임병원,병원,I,시군구,2026-03-10 22:00:40,서울특별시 성동구 동일로 133 (성수동2가),80,전출,15,05,병원,12,18,024642700,205665.640838329    ,449129.621885233    ,,122 116 111 106 105 101,"내과, 정형외과, 신경외과, 소아청소년과, 영상의학과, 가정의학과",1971.47,2018-08-09 10:17:08
3030000,PHMA220123030033021200004,2012-12-13,,영업/정상,,,,4331.75,133-837,04802,학교법인대진교육재단 제인병원,병원,I,시군구,2026-03-10 22:00:34,서울특별시 성동구 광나루로 243 (송정동),98,영업중,13,01,병원,20,31,0234082100,204968.468327442    ,449690.197895816    ,서울특별시 성동구 송정동 81번지 14호,412 408 301 122 120 116 101,"내과, 영상의학과, 재활의학과, 가정의학과, 한방내과, 구강내과, 통합치의학과",4331.75,2025-04-01 17:29:00
3030000,PHMA220163030033021200001,2016-02-16,,영업/정상,,,,2683,,04808,시온요양병원,요양병원(일반요양병원),I,시군구,2026-03-10 22:00:27,"서울특별시 성동구 자동차시장1길 85, 지하1,지상3~5층 (용답동, JS빌딩)",160,영업중,13,01,요양병원(일반요양병원),30,27,0222477272,205861.778324251    ,450912.302558818    ,서울특별시 성동구 용답동 235번지 8호,308 306 304 302 301 120 116 106 105 102 101,"내과, 신경과, 정형외과, 신경외과, 영상의학과, 재활의학과, 한방내과, 한방부인과, 한방안·이비인후·피부과, 한방재활의학과, 침구과",2683,2021-12-13 10:16:00
3030000,PHMA220173030033021200001,2017-01-06,,폐업,2020-12-01,,,6899,,04715,서울동인병원,병원,I,시군구,2026-03-10 22:00:43,서울특별시 성동구 왕십리로 382 (하왕십리동),133,폐업,03,03,병원,12,28,0222816636,202407.087512138    ,451424.197660097    ,,125 122 120 116 115 114 113 107 106 105 104 101,"내과, 외과, 정형외과, 신경외과, 심장혈관흉부외과, 이비인후과, 피부과, 비뇨의학과, 영상의학과, 재활의학과, 가정의학과, 응급의학과",6899,2024-10-02 15:56:25
3030000,PHMA220173030033021200002,2017-08-04,,영업/정상,,,,3710,,04808,굿모닝요양병원,요양병원(일반요양병원),I,시군구,2026-03-10 22:00:46,"서울특별시 성동구 천호대로 436, 2~7층 (용답동)",195,영업중,13,01,요양병원(일반요양병원),11,33,0233949878,205869.831879948    ,450941.189726548    ,서울특별시 성동구 용답동 235-3 2~7층,308 307 306 305 304 303 302 301 122 116 115 114 113 110 107 106 105 104 102 101,"내과, 신경과, 외과, 정형외과, 신경외과, 심장혈관흉부외과, 산부인과, 이비인후과, 피부과, 비뇨의학과, 영상의학과, 가정의학과, 한방내과, 한방부인과, 한방소아과, 한방안·이비인후·피부과, 한방신경정신과, 한방재활의학과, 사상체질과, 침구과",3710,2024-09-24 10:13:44
3030000,PHMA220173030033021200003,2017-11-23,,영업/정상,,,,1939.21,,04745,9988병원,병원,I,시군구,2026-03-10 22:00:42,서울특별시 성동구 왕십리로 269 (행당동),44,영업중,13,01,병원,14,12,0222979988,203242.775760419    ,450703.100046897    ,서울특별시 성동구 행당동 130번지 115호 9988병원빌딩,119 116 109 106 105 101,"내과, 정형외과, 신경외과, 마취통증의학과, 영상의학과, 진단검사의학과",1939.21,2022-12-28 09:34:58
3030000,PHMA220263030033021200001,2026-04-24,,영업/정상,,,,6236.34,,04805,성동면력한방병원,한방병원,U,시군구,2026-05-09 03:03:03,"서울특별시 성동구 천호대로 320, 장안빌딩 2~7층 B101호 (용답동)",120,영업중,13,01,한방병원,30,64,0233944612,204811.005190157    ,451358.607132575    ,,122 301 302 303 304 305 306 307 308,"가정의학과, 한방내과, 한방부인과, 한방소아과, 한방안·이비인후·피부과, 한방신경정신과, 한방재활의학과, 사상체질과, 침구과",6236.34,2026-05-08 17:36:26
3030000,PHMA220193030033021200001,2019-12-13,,영업/정상,,,,1691.49,,04799,연세바로척병원,병원,I,시군구,2026-03-10 22:00:30,서울특별시 성동구 동일로 133 (성수동2가),69,영업중,13,01,병원,15,22,15227586,205665.640838329    ,449129.621885233    ,서울특별시 성동구 성수동2가 279번지 44호,120 116 109 106 105 101,"내과, 정형외과, 신경외과, 마취통증의학과, 영상의학과, 재활의학과",1691.49,2020-07-29 08:49:11
3030000,PHMA220203030033021200001,2002-04-19,,영업/정상,,,,8165.85,,04701,재단법인베스티안재단베스티안서울병원,종합병원,I,시군구,2026-03-10 22:00:29,서울특별시 성동구 왕십리로 382 (하왕십리동),103,영업중,13,01,종합병원,93,32,0234527575,202407.087512138    ,451424.197660097    ,서울특별시 성동구 하왕십리동 1070-3,125 119 116 111 109 104 101,"내과, 외과, 마취통증의학과, 소아청소년과, 영상의학과, 진단검사의학과, 응급의학과",8165.85,2025-11-26 16:16:31
3030000,PHMA219793030033021200002,1979-02-28,,폐업,2015-08-10,2012-03-30,2015-09-06,2249.52,,,의료법인구봉의료재단 세왕병원,병원,I,시군구,2026-03-10 22:00:13,서울특별시 성동구 왕십리로 269 (행당동),78,폐업,03,03,병원,17,19,0222977272,203242.775760419    ,450703.100046897    ,서울특별시 성동구 행당1동 130번지 115호,101 104 105 111 115 114 119 122 102 106 108,"내과, 신경과, 외과, 정형외과, 신경외과, 성형외과, 소아청소년과, 피부과, 비뇨의학과, 진단검사의학과, 가정의학과",2249.52,2024-04-18 10:30:58
3040000,PHMA219623040033021200001,1962-02-01,,영업/정상,,,,18465.4,,04933,국립정신건강센터,정신병원,U,시군구,2026-05-02 03:03:03,"서울특별시 광진구 용마산로 127 (중곡동, 국립정신건강센터)",200,영업중,13,01,정신병원,147,75,0222040114,207510.076791915    ,451417.864438667    ,서울특별시 광진구 중곡동 30번지 1호,211 122 119 116 111 109 103 102 101,"내과, 신경과, 정신건강의학과, 마취통증의학과, 소아청소년과, 영상의학과, 진단검사의학과, 가정의학과, 치과",18465.4,2026-05-01 04:43:17
3040000,PHMA220213040033021200001,2021-10-28,,영업/정상,,,,1943.74,,05079,경희생생한방병원,한방병원,I,시군구,2026-03-10 22:00:30,"서울특별시 광진구 동일로 82-1, 생생한방병원 지하1~5층 (자양동)",58,영업중,13,01,한방병원,14,17,024656575,205507.103014693    ,448633.824455964    ,,105 301 302 303 304 305 306 307 308,"정형외과, 한방내과, 한방부인과, 한방소아과, 한방안·이비인후·피부과, 한방신경정신과, 한방재활의학과, 사상체질과, 침구과",1943.74,2025-12-08 09:46:30
3040000,PHMA219853040033021200001,1985-11-13,,영업/정상,,,,9128.96,143-867,05056,혜민병원,종합병원,I,시군구,2026-03-10 22:00:15,서울특별시 광진구 자양로 85 (자양동),224,영업중,13,01,종합병원,162,57,0220499000,207307.270591653    ,448107.552520605    ,서울특별시 광진구 자양동 627번지 3호,125 122 119 116 113 110 109 107 106 105 104 102 101,"내과, 신경과, 외과, 정형외과, 신경외과, 심장혈관흉부외과, 마취통증의학과, 산부인과, 이비인후과, 영상의학과, 진단검사의학과, 가정의학과, 응급의학과",9128.96,2024-07-16 14:08:58
3040000,PHMA219903040033021200001,1990-05-01,,폐업,2015-07-30,2014-11-12,2015-07-31,3750.74,143-916,,최차혜병원,병원,I,시군구,2026-03-10 22:00:16,서울특별시 광진구 동일로30길 9 (화양동),36,폐업,03,03,병원,21,21,024632311,205926.271282258    ,449507.22510766     ,서울특별시 광진구 화양동 21번지 20호,110 109 101 122 111 114 401,"내과, 마취통증의학과, 산부인과, 소아청소년과, 피부과, 가정의학과, 치과",3750.74,2015-12-23 08:10:13
3040000,PHMA220023040033021200001,2002-02-22,,폐업,2009-12-02,,,1247,143-200,,구의한방병원,한방병원,I,시군구,2026-03-10 22:00:18,,50,폐업,03,03,한방병원,10,0,024531275,,,서울특별시 광진구 구의1동 234-14,301 302 303 306 308 307 304 304 305,"한방내과, 한방부인과, 한방소아과, 한방안·이비인후·피부과, 한방신경정신과, 한방재활의학과, 사상체질과, 침구과",1247,2009-12-02 14:26:30
3040000,PHMA220043040033021200001,2004-06-11,,영업/정상,,,,363.75,,04985,광진예치과병원,치과병원,I,시군구,2026-03-10 22:00:19,서울특별시 광진구 천호대로 556 (능동),0,영업중,13,01,치과병원,4,0,024527272,206972.721585135    ,450495.893226514    ,,411 409 408 407 406 404 403 402,"구강악안면외과, 치과보철과, 치과교정과, 치주과, 치과보존과, 구강내과, 영상치의학과, 예방치과",363.75,2024-09-09 13:26:07
3040000,PHMA220073040033021200001,2007-04-30,,폐업,2021-02-18,,,1630.16,143-190,05079,리안요양병원,요양병원(일반요양병원),I,시군구,2026-03-10 22:00:20,서울특별시 광진구 동일로 82-1 (자양동),79,폐업,03,03,요양병원(일반요양병원),12,16,024665151,205507.103014693    ,448633.824455964    ,서울특별시 광진구 자양동 25-2,105 120 101 102,"내과, 신경과, 정형외과, 재활의학과",1630.16,2021-02-18 15:10:12
3040000,PHMA220073040033021200002,2007-05-28,,영업/정상,,,,1987.16,143-819,04993,제니스병원,병원,I,시군구,2026-03-10 22:00:21,서울특별시 광진구 자양로 215 (구의동),86,영업중,13,01,병원,18,24,0234368888,207569.609746903    ,449364.569115862    ,서울특별시 광진구 구의2동 80번지 25호,122 120 109 102 101,"내과, 신경과, 마취통증의학과, 재활의학과, 가정의학과",1987.16,2025-12-30 14:54:56
3040000,PHMA220083040033021200001,2008-01-10,,폐업,2008-06-23,,,753.28,143-916,,동부병원,병원,I,시군구,2026-03-10 22:00:23,서울특별시 광진구 동일로 154 (화양동),55,폐업,03,03,병원,2,11,,205799.162717309    ,449285.820248663    ,서울특별시 광진구 화양동 24번지 17호,122 101 104 102,"내과, 신경과, 외과, 가정의학과",753.28,2008-12-06 09:45:49
3040000,PHMA220083040033021200002,2008-01-18,,영업/정상,,,,527.87,,05017,에스(S)리더치과병원,치과병원,I,시군구,2026-03-10 22:00:13,"서울특별시 광진구 능동로 103, 3.4층 (화양동)",0,영업중,13,01,치과병원,7,0,024667528,206163.281973626    ,448682.578827966    ,,402 403 404 412,"구강악안면외과, 치과보철과, 치과교정과, 통합치의학과",527.87,2024-09-09 13:27:01
3040000,PHMA220093040033021200001,2009-12-02,,폐업,2011-06-17,,,1156,143-824,,광진구의한방병원,한방병원,I,시군구,2026-03-10 22:00:11,서울특별시 광진구 광나루로 506 (구의동),52,폐업,03,03,한방병원,8,14,,207501.564265218    ,449169.370576213    ,서울특별시 광진구 구의1동 234번지 14호,304 301 307 302 308 305 303 306,"한방내과, 한방부인과, 한방소아과, 한방안·이비인후·피부과, 한방신경정신과, 한방재활의학과, 사상체질과, 침구과",1156,2014-09-24 16:48:33
3040000,PHMA220113040033021200001,2011-12-26,,영업/정상,,,,2301.72,,04987,바른본병원,병원,I,시군구,2026-03-10 22:00:25,서울특별시 광진구 천호대로 630 (능동),41,영업중,13,01,병원,28,12,0215779844,207625.005710016    ,450175.247405254    ,서울특별시 광진구 능동 255-2,116 109 106 105,"정형외과, 신경외과, 마취통증의학과, 영상의학과",2301.72,2025-12-30 14:52:33
3040000,PHMA220123040033021200001,2012-05-30,,영업/정상,,,,1744.22,,04985,연세무척나은병원,병원,I,시군구,2026-03-10 22:00:24,서울특별시 광진구 천호대로 568 (능동),41,영업중,13,01,병원,28,9,0234258200,207076.829146902    ,450443.588513839    ,서울특별시 광진구 능동 222번지 13호 외 222-14,105 101 109 120 106 116 119,"내과, 정형외과, 신경외과, 마취통증의학과, 영상의학과, 진단검사의학과, 재활의학과",1744.22,2025-12-30 14:51:00
3040000,PHMA220173040033021200001,2017-12-11,,영업/정상,,,,3010.69,,05013,동부참사랑요양병원,요양병원(일반요양병원),I,시군구,2026-03-10 22:00:28,서울특별시 광진구 동일로 154 (화양동),147,영업중,13,01,요양병원(일반요양병원),17,42,024616602,205799.162717309    ,449285.820248663    ,,101 102 104 105 106 120 122 301 302 306 308,"내과, 신경과, 외과, 정형외과, 신경외과, 재활의학과, 가정의학과, 한방내과, 한방부인과, 한방재활의학과, 침구과",3010.69,2024-10-31 13:31:50
3040000,PHMA220183040033021200001,2012-08-16,,영업/정상,,,,2428.93,,05071,서울프라임병원,병원,I,시군구,2026-03-10 22:00:27,"서울특별시 광진구 동일로 92-1, B1~2, 2~7층 (자양동)",59,영업중,13,01,병원,12,20,024642700,205558.67706739     ,448728.056778367    ,"서울특별시 광진구 자양동 24-9 B1~2, 2~7층",116 105 101,"내과, 정형외과, 영상의학과",2428.93,2025-05-12 16:37:22
3040000,PHMA220193040033021200001,2019-07-01,,영업/정상,,,,6747.51,,05112,편안한요양병원,요양병원(일반요양병원),I,시군구,2026-03-10 22:00:14,"서울특별시 광진구 자양로 38, 편안한요양병원 (자양동)",342,영업중,13,01,요양병원(일반요양병원),5,68,024568898,207574.350933065    ,447709.275315842    ,서울특별시 광진구 자양동 685번지,308 306 301 122 120 115 107 106 105 104 102 101,"내과, 신경과, 외과, 정형외과, 신경외과, 심장혈관흉부외과, 비뇨의학과, 재활의학과, 가정의학과, 한방내과, 한방재활의학과, 침구과",6747.51,2025-07-03 15:16:51
3040000,PHMA220203040033021200001,2020-12-28,,영업/정상,,,,972,,05043,오석한방병원,한방병원,I,시군구,2026-03-10 22:00:32,"서울특별시 광진구 자양로 116, 301~307호,310~312호 (구의동, 웰츠타워)",44,영업중,13,01,한방병원,13,13,024547582,207342.766106556    ,448444.754635481    ,서울특별시 광진구 구의동 252-16 웰츠타워,308 307 306 305 304 303 302 301 122,"가정의학과, 한방내과, 한방부인과, 한방소아과, 한방안·이비인후·피부과, 한방신경정신과, 한방재활의학과, 사상체질과, 침구과",972,2024-04-12 09:24:37
3040000,PHMA219823040033021200001,1982-11-16,,영업/정상,,,,84761.54,143-729,05030,건국대학교병원,종합병원,I,시군구,2026-03-10 22:00:12,서울특별시 광진구 능동로 120-1 (화양동),785,영업중,13,01,종합병원,1244,237,15881533,206303.03222946     ,448689.878161826    ,"서울특별시 광진구 화양동 4번지 12호 , 4번지19호",404 403 402 125 123 122 120 119 118 117 116 115 114 113 112 111 110 109 108 107 106 105 104 103 102 101,"내과, 신경과, 정신건강의학과, 외과, 정형외과, 신경외과, 심장혈관흉부외과, 성형외과, 마취통증의학과, 산부인과, 소아청소년과, 안과, 이비인후과, 피부과, 비뇨의학과, 영상의학과, 방사선종양학과, 병리과, 진단검사의학과, 재활의학과, 가정의학과, 핵의학과, 응급의학과, 구강악안면외과, 치과보철과, 치과교정과",84761.54,2025-07-28 09:10:11
3050000,PHMA220193050034021200002,2019-10-30,,영업/정상,,,,270.6,,02538,엘치과병원,치과병원,I,시군구,2026-03-10 22:01:16,"서울특별시 동대문구 전농로 102, 3층 (답십리동)",0,영업중,13,01,치과병원,3,0,0222467528,205049.095910832    ,452418.270436454    ,서울특별시 동대문구 답십리동 94번지 9호 목련빌딩 3층,411 407 406 404 403,"치과보철과, 치과교정과, 치주과, 치과보존과, 예방치과",270.6,2025-07-03 11:32:35
3050000,PHMA220193050034021200001,2019-07-14,,영업/정상,,,,4172.33,,02569,서울탑병원,병원,I,시군구,2026-03-10 22:01:14,"서울특별시 동대문구 정릉천동로 102, 지하1층~지상4층 (제기동)",129,영업중,13,01,병원,66,39,0220880580,203109.595530999    ,453230.287283096    ,서울특별시 동대문구 제기동 892번지 64호,308 306 301 122 120 116 106 105 102 101,"내과, 신경과, 정형외과, 신경외과, 영상의학과, 재활의학과, 가정의학과, 한방내과, 한방재활의학과, 침구과",4172.33,2024-10-10 17:46:15
3050000,PHMA220223050034021200001,2022-05-26,,영업/정상,,,,3907.33,,02522,엔플러스병원,병원,I,시군구,2026-03-10 22:00:35,"서울특별시 동대문구 장한로32길 7, 장안동의료시설 (장안동)",72,영업중,13,01,병원,35,47,0262357575,206344.162717169    ,452578.5598439      ,서울특별시 동대문구 장안동 311-5 장안동의료시설,122 120 115 114 113 111 102 101,"내과, 신경과, 소아청소년과, 이비인후과, 피부과, 비뇨의학과, 재활의학과, 가정의학과",3907.33,2022-11-07 17:16:52
3050000,PHMA220233050034021200001,2023-03-23,,영업/정상,,,,4912.79,,02580,더드림요양병원,요양병원(일반요양병원),I,시군구,2026-03-10 22:00:36,"서울특별시 동대문구 한빛로 12, 지하1층 ~ 4층 (신설동)",210,영업중,13,01,요양병원(일반요양병원),30,47,0266747575,202132.961071614    ,452712.645095691    ,서울특별시 동대문구 신설동 76-34,301 122 120 106 102 101,"내과, 신경과, 신경외과, 재활의학과, 가정의학과, 한방내과",4912.79,2025-06-20 18:03:41
3050000,PHMA220253050034021200001,2025-02-03,,영업/정상,,,,1578.98,,02561,솔라시도한방병원,한방병원,I,시군구,2026-03-10 22:01:17,"서울특별시 동대문구 고산자로32길 78, 305-323호 (용두동, 청량리역한양수자인그라시엘)",46,영업중,13,01,한방병원,7,18,029641004,,,,122 301 302 304 306 308,"가정의학과, 한방내과, 한방부인과, 한방안·이비인후·피부과, 한방재활의학과, 침구과",1578.98,2025-09-25 17:08:55
3050000,PHMA219613050034021200001,1961-05-15,,제외/삭제/전출,,,,23820.21,,02559,가톨릭대학교성바오로병원,종합병원,I,시군구,2026-03-10 22:01:01,서울특별시 동대문구 왕산로 180 (전농동),292,전출,15,05,종합병원,487,74,029582114,,,,402 125 122 121 120 119 118 116 115 114 113 112 111 110 109 108 107 106 105 104 103 102 101,"내과, 신경과, 정신건강의학과, 외과, 정형외과, 신경외과, 심장혈관흉부외과, 성형외과, 마취통증의학과, 산부인과, 소아청소년과, 안과, 이비인후과, 피부과, 비뇨의학과, 영상의학과, 병리과, 진단검사의학과, 재활의학과, 결핵과, 가정의학과, 응급의학과, 구강악안면외과",23820.21,2019-03-15 14:00:24
3050000,PHMA219663050034021200001,1966-01-07,,폐업,2018-03-31,,,7127,130-010,02487,청량리정신병원,병원,I,시군구,2026-03-10 22:01:09,서울특별시 동대문구 제기로 142 (청량리동),500,폐업,03,03,병원,42,90,029651171,204233.744442456    ,453693.437787011    ,서울특별시 동대문구 제기로 144-1(청량리1동 46),102 103,"신경과, 정신건강의학과",7127,2021-12-09 17:16:34
3050000,PHMA219713050034021200001,1971-08-21,,영업/정상,,,,14350.83,130-050,02447,경희대학교한방병원,한방병원,I,시군구,2026-03-10 22:00:20,서울특별시 동대문구 경희대로 23 (회기동),122,영업중,13,01,한방병원,189,44,029588114,204469.209049094    ,454934.047367752    ,서울특별시 동대문구 경희대길 45(회기동 산1번지),301 309 302 303 305 304 306 307 308,"한방내과, 한방부인과, 한방소아과, 한방안·이비인후·피부과, 한방신경정신과, 한방재활의학과, 사상체질과, 침구과, 한방응급과",14350.83,2025-03-25 14:27:03
3050000,PHMA219713050034021200002,1971-10-05,,영업/정상,,,,38707.9,,02447,경희대학교병원,종합병원,I,시군구,2026-03-10 22:00:58,서울특별시 동대문구 경희대로 23 (회기동),829,영업중,13,01,종합병원,1257,232,029588114,204469.209049094    ,454934.047367752    ,서울특별시 동대문구 회기동 1-5,402 125 124 123 122 120 119 118 117 116 115 114 113 112 111 110 109 108 107 106 105 104 103 102 101,"내과, 신경과, 정신건강의학과, 외과, 정형외과, 신경외과, 심장혈관흉부외과, 성형외과, 마취통증의학과, 산부인과, 소아청소년과, 안과, 이비인후과, 피부과, 비뇨의학과, 영상의학과, 방사선종양학과, 병리과, 진단검사의학과, 재활의학과, 가정의학과, 핵의학과, 직업환경의학과, 응급의학과, 구강악안면외과",38707.9,2025-11-26 16:47:58
3050000,PHMA219713050034021200003,1971-10-05,,영업/정상,,,,2219,,02447,경희대학교치과병원,치과병원,I,시군구,2026-03-10 22:00:18,"서울특별시 동대문구 경희대로 23 (회기동, 경희의료원)",12,영업중,13,01,치과병원,155,3,029588114,204469.209049094    ,454934.047367752    ,서울특별시 동대문구 회기동 1번지 5호,409 408 407 406 405 404 403 402,"구강악안면외과, 치과보철과, 치과교정과, 소아치과, 치주과, 치과보존과, 구강내과, 영상치의학과",2219,2024-07-26 17:02:52
3050000,PHMA219763050034021200001,1966-01-07,,영업/정상,,,,8040,,02500,삼육서울병원,종합병원,U,시군구,2026-04-30 03:03:03,서울특별시 동대문구 망우로 82 (휘경동),418,영업중,13,01,종합병원,552,99,0222440191,205622.06846433     ,454114.388026134    ,,101 102 103 104 105 106 107 109 110 111 112 113 114 115 116 118 119 120 122 124 125 412,"내과, 신경과, 정신건강의학과, 외과, 정형외과, 신경외과, 심장혈관흉부외과, 마취통증의학과, 산부인과, 소아청소년과, 안과, 이비인후과, 피부과, 비뇨의학과, 영상의학과, 병리과, 진단검사의학과, 재활의학과, 가정의학과, 직업환경의학과, 응급의학과, 통합치의학과",8040,2026-04-29 13:21:17
3050000,PHMA219813050034021200001,1981-08-25,,폐업,2011-12-30,,,1155,130-020,,청량성모병원,병원,I,시군구,2026-03-10 22:00:39,,60,폐업,03,03,병원,1,27,029690502,,,서울특별시 동대문구 망우로 50-1(전농2동 602-29),105,정형외과,1155,2011-12-30 14:36:38
3050000,PHMA219823050034021200001,1982-10-08,,폐업,2020-11-27,,,2361.21,130-110,02582,동서울병원,병원,I,시군구,2026-03-10 22:00:15,서울특별시 동대문구 왕산로 18 (신설동),57,폐업,03,03,병원,12,16,029269171,,,서울특별시 동대문구 왕산로 156(신설동 98-28),115 105 101,"내과, 정형외과, 비뇨의학과",2361.21,2020-11-26 11:45:54
3050000,PHMA219913050034021200001,1991-12-30,,영업/정상,,,,9366.68,,02488,서울성심병원,종합병원,I,시군구,2026-03-10 22:01:07,"서울특별시 동대문구 왕산로 259, 서울성심병원 (청량리동)",220,영업중,13,01,종합병원,180,68,029661616,204343.550551468    ,453554.680324706    ,서울특별시 동대문구 청량리동 40번지 9호 서울성심병원 (40-9외 7필지),404 120 119 118 116 111 110 109 105 104 103 102 101,"내과, 신경과, 정신건강의학과, 외과, 정형외과, 마취통증의학과, 산부인과, 소아청소년과, 영상의학과, 병리과, 진단검사의학과, 재활의학과, 치과교정과",9366.68,2025-04-07 11:13:17
3050000,PHMA219923050034021200001,1992-11-12,,영업/정상,,,,2443,130-874,02500,삼육치과병원,치과병원,I,시군구,2026-03-10 22:01:04,서울특별시 동대문구 망우로 82 (휘경동),0,영업중,13,01,치과병원,19,0,0234072875,205524.023053517    ,453898.370691821    ,서울특별시 동대문구 휘경2동 20번지 산6-7,410 409 408 407 406 405 404 403 402,"구강악안면외과, 치과보철과, 치과교정과, 소아치과, 치주과, 치과보존과, 구강내과, 영상치의학과, 구강병리과",2443,2026-01-06 16:50:01
3050000,PHMA220003050034021200001,2000-09-29,,영업/정상,,,,2993,130-110,02586,의료법인마리아의료재단마리아병원,병원,I,시군구,2026-03-10 22:00:33,서울특별시 동대문구 천호대로 20 (신설동),30,영업중,13,01,병원,45,10,0222346555,202156.509173229    ,452453.201004356    ,"서울특별시 동대문구 하정로 22(신설동 103-10,11)",115 110,"산부인과, 비뇨의학과",2993,2020-03-19 17:16:57
3050000,PHMA220023050034021200001,2002-01-11,,영업/정상,,,,3450.75,,02566,서울명병원,정신병원,U,시군구,2026-04-17 03:03:03,서울특별시 동대문구 고산자로 421 (용두동),278,영업중,13,01,정신병원,30,58,,203286.025302112    ,452787.900775473    ,서울특별시 동대문구 용두동 45번지 1호,122 103 102 101,"내과, 신경과, 정신건강의학과, 가정의학과",3450.75,2026-04-16 21:43:16
3050000,PHMA220023050034021200002,2002-08-01,,영업/정상,,,,22825.55,,02584,서울특별시 동부병원,종합병원,I,시군구,2026-03-10 22:00:16,서울특별시 동대문구 무학로 124 (용두동),201,영업중,13,01,종합병원,238,54,029209114,202716.197281758    ,452561.486238062    ,,412 408 407 406 405 403 125 122 120 119 118 116 115 113 112 111 110 109 105 104 103 102 101,"내과, 신경과, 정신건강의학과, 외과, 정형외과, 마취통증의학과, 산부인과, 소아청소년과, 안과, 이비인후과, 비뇨의학과, 영상의학과, 병리과, 진단검사의학과, 재활의학과, 가정의학과, 응급의학과, 치과보철과, 소아치과, 치주과, 치과보존과, 구강내과, 통합치의학과",22825.55,2025-05-23 15:24:29
3050000,PHMA220023050034021200003,2002-09-18,,영업/정상,,,,1179.02,,02558,다일천사병원,병원,I,시군구,2026-03-10 22:00:41,"서울특별시 동대문구 서울시립대로 57, 천사병원 B1,1,2,3,6층 (전농동)",30,영업중,13,01,병원,3,5,0222138004,204144.571455523    ,452698.185280802    ,서울특별시 동대문구 전농동 497번지 77호 천사병원,101 104 105 106 103 122,"내과, 정신건강의학과, 외과, 정형외과, 신경외과, 가정의학과",1179.02,2020-06-24 10:47:51
3050000,PHMA220033050034021200001,2003-07-30,,영업/정상,,,,2460.59,130-100,02528,코리아병원,병원,I,시군구,2026-03-10 22:00:43,서울특별시 동대문구 장한로 143 (장안동),98,영업중,13,01,병원,5,22,0222819999,206246.533362941    ,452326.906548037    ,서울특별시 동대문구 장한로 143(장안4동 306-4),101 105 106,"내과, 정형외과, 신경외과",2460.59,2020-08-05 14:50:21
3050000,PHMA220033050034021200002,2003-12-22,,영업/정상,,,,242,130-110,02586,시카고치과병원,치과병원,I,시군구,2026-03-10 22:00:45,서울특별시 동대문구 천호대로 2 (신설동),0,영업중,13,01,치과병원,1,0,0222327875,202012.621510207    ,452528.193161719    ,서울특별시 동대문구 하정로 4(신설동 117-21),411 410 409 408 407 406 405 404 403 402,"구강악안면외과, 치과보철과, 치과교정과, 소아치과, 치주과, 치과보존과, 구강내과, 영상치의학과, 구강병리과, 예방치과",242,2020-03-19 17:03:41
3050000,PHMA220053050034021200001,2005-04-01,,폐업,2009-07-01,,,972,130-020,,성바오로한방병원,한방병원,I,시군구,2026-03-10 22:00:47,,30,폐업,03,03,한방병원,5,7,029582424,,,서울특별시 동대문구 왕산로 318(전농2동 620-56),301 309,"한방내과, 한방응급과",972,2009-07-01 18:55:39
3050000,PHMA220053050034021200002,2005-06-10,,폐업,2020-07-23,,,2495.62,,02573,경동요양병원,요양병원(일반요양병원),I,시군구,2026-03-10 22:00:13,"서울특별시 동대문구 약령시로 124 (청량리동, 지하2~지상10층)",84,폐업,03,03,요양병원(일반요양병원),13,22,029641961,203796.340294103    ,453405.421634943    ,서울특별시 동대문구 청량리동 689번지 지하2층~지상10층,105 120 114 122 101 106 104 115 305 308,"내과, 외과, 정형외과, 신경외과, 피부과, 비뇨의학과, 재활의학과, 가정의학과, 한방신경정신과, 침구과",2495.62,2020-07-17 17:28:09
3050000,PHMA220053050034021200003,2005-11-03,,폐업,,,,769,130-030,,의료법인영일의료재단실로암요양병원,요양병원(일반요양병원),I,시군구,2026-03-10 22:00:48,,86,폐업,03,03,요양병원(일반요양병원),0,12,0222467773,,,"서울특별시 동대문구 전농로 37(답십리1동 266-3 2층 3층, 267-8 1-3층)",101 104 111 122 105 110 106 102 115 114 108 116,"내과, 신경과, 외과, 정형외과, 신경외과, 성형외과, 산부인과, 소아청소년과, 피부과, 비뇨의학과, 영상의학과, 가정의학과",769,2009-09-24 08:51:01
3050000,PHMA220073050034021200001,2007-03-16,,폐업,2012-01-02,,,5089.71,130-012,,한림대학교임상치의학대학원치과병원,치과병원,I,시군구,2026-03-10 22:00:50,,5,폐업,03,03,치과병원,0,3,0232993400,,,서울특별시 동대문구 약령시길 158(청량리2동 235-2),201 210,"구강악안면외과, 예방치과",5089.71,2012-01-02 15:57:02
3050000,PHMA220073050034021200002,2007-05-04,,폐업,2025-07-31,,,2492.49,,02509,신우요양병원,요양병원(일반요양병원),I,시군구,2026-03-10 22:00:52,"서울특별시 동대문구 한천로 207, 지하1,지상1,3~6층 (전농동)",116,폐업,03,03,요양병원(일반요양병원),19,20,0222147582,205941.750825049    ,453021.411389519    ,"서울특별시 동대문구 전농동 1번지 64호 지하1,지상1,3~6층",122 120 101 105 102 106 303 306 309 301 304 307 302 305 308,"내과, 신경과, 정형외과, 신경외과, 재활의학과, 가정의학과, 한방내과, 한방부인과, 한방소아과, 한방안·이비인후·피부과, 한방신경정신과, 한방재활의학과, 사상체질과, 침구과, 한방응급과",2492.49,2025-07-31 09:26:34
3050000,PHMA220073050034021200003,2007-05-18,,폐업,2010-10-12,,,768.68,130-802,,의료법인 영일의료재단 실로암요양병원,요양병원(일반요양병원),I,시군구,2026-03-10 22:01:06,,86,폐업,03,03,요양병원(일반요양병원),3,12,0222467773,,,"서울특별시 동대문구 전농로 37, 39(답십리동 267-8 1,2,3층, 266-3 2,3,4층)",101 104 111 122 105 110 102 106 115 114 108 116,"내과, 신경과, 외과, 정형외과, 신경외과, 성형외과, 산부인과, 소아청소년과, 피부과, 비뇨의학과, 영상의학과, 가정의학과",768.68,2014-08-12 16:02:36
3050000,PHMA220073050034021200004,2007-06-12,,폐업,2014-04-01,,,3187.44,130-839,,브레인병원,병원,I,시군구,2026-03-10 22:00:59,서울특별시 동대문구 장한로32길 7 (장안동),108,폐업,03,03,병원,39,19,0222112200,206344.162717169    ,452578.5598439      ,"서울특별시 동대문구 벚꽃6길 40(장안동 311-5)지하1층, 지상1~6층",101 105 106 104 109,"내과, 외과, 정형외과, 신경외과, 마취통증의학과",3187.44,2022-07-26 15:00:36
3050000,PHMA220073050034021200005,2007-06-14,,영업/정상,,,,3824.83,,02523,햇살요양병원,요양병원(일반요양병원),I,시군구,2026-03-10 22:01:12,"서울특별시 동대문구 장한로 152, 지하1~2층, 지상3 ~10층 (장안동)",208,영업중,13,01,요양병원(일반요양병원),47,38,0222445533,206308.895815759    ,452418.27571097     ,서울특별시 동대문구 장안동 309번지 1호 원우빌딩,308 306 122 120 106 105 104 102 101,"내과, 신경과, 외과, 정형외과, 신경외과, 재활의학과, 가정의학과, 한방재활의학과, 침구과",3824.83,2025-10-29 15:39:39
3050000,PHMA220083050034021200001,2008-01-18,,폐업,,,,2333,130-817,,효림병원,병원,I,시군구,2026-03-10 22:00:54,,130,폐업,03,03,병원,4,25,029621123,,,"서울특별시 동대문구 고산자로 179(용두동 45-1) 지상2,3,4,5층",101,내과,2333,2017-12-18 15:13:10
3050000,PHMA220083050034021200002,2008-09-18,,영업/정상,,,,4276.72,,02603,효림요양병원,요양병원(일반요양병원),I,시군구,2026-03-10 22:00:13,서울특별시 동대문구 천호대로 259-1 (답십리동),225,영업중,13,01,요양병원(일반요양병원),44,49,029621123,204432.565250342    ,451818.712665463    ,서울특별시 동대문구 답십리동 497번지 66호,308 301 122 120 116 105 102 101,"내과, 신경과, 정형외과, 영상의학과, 재활의학과, 가정의학과, 한방내과, 침구과",4276.72,2023-06-16 11:31:26
3050000,PHMA220093050034021200001,2009-02-12,,영업/정상,,,,3362.99,,02633,영동병원,병원,I,시군구,2026-03-10 22:00:56,서울특별시 동대문구 한천로 4 (장안동),80,영업중,13,01,병원,9,22,024690019,205102.996605865    ,451221.568312092    ,"서울특별시 동대문구 장안동 413번지 1호 ,413-8호",116 108 105 101,"내과, 정형외과, 성형외과, 영상의학과",3362.99,2020-02-13 10:39:58
3050000,PHMA220093050034021200002,2009-04-13,,제외/삭제/전출,2015-03-10,,,3398.27,130-800,,세이페병원,병원,I,시군구,2026-03-10 22:01:05,"서울특별시 동대문구 한천로 49 (답십리동,(지하1층~지상6층))",290,기타,98,05,병원,30,31,22145100,205366.089507406    ,451593.251080441    ,서울특별시 동대문구 답십리2동 12번지 262호 (지하1층~지상6층),101 122 103,"내과, 정신건강의학과, 가정의학과",3398.27,2015-04-02 09:08:34
3050000,PHMA220113050034021200001,2011-03-10,,영업/정상,,,,2960.47,130-865,02571,서울나은병원,병원,I,시군구,2026-03-10 22:00:21,서울특별시 동대문구 왕산로 137 (제기동),72,영업중,13,01,병원,21,15,0215446003,203350.938246277    ,452917.201468717    ,서울특별시 동대문구 제기동 1046번지 4호,106 105 109 116 101,"내과, 정형외과, 신경외과, 마취통증의학과, 영상의학과",2960.47,2019-11-30 23:12:20
3050000,PHMA220113050034021200002,2011-03-18,,폐업,2025-10-25,,,5771.46,130-844,02636,맑은수병원,병원,I,시군구,2026-03-10 22:00:23,서울특별시 동대문구 천호대로83길 44 (장안동),112,폐업,03,03,병원,25,36,0226810119,205714.783737023    ,451286.668635118    ,서울특별시 동대문구 장안동 431번지 6호,120 116 102,"신경과, 영상의학과, 재활의학과",5771.46,2025-10-24 14:04:58
3050000,PHMA220113050034021200003,2011-03-25,,영업/정상,,,,2316.67,130-838,02530,참튼튼병원,병원,I,시군구,2026-03-10 22:00:24,서울특별시 동대문구 답십리로 261 (장안동),84,영업중,13,01,병원,32,16,15887562,206056.59490363     ,452278.21455164     ,"서울특별시 동대문구 장안2동 294번지 11호 ,369-3(6~9층)",116 105 106 101 122 104 114 109 118 120 115 110 111 119,"내과, 외과, 정형외과, 신경외과, 마취통증의학과, 산부인과, 소아청소년과, 피부과, 비뇨의학과, 영상의학과, 병리과, 진단검사의학과, 재활의학과, 가정의학과",2316.67,2022-08-10 16:11:24
3050000,PHMA220113050034021200004,2011-03-29,,영업/정상,,,,1108.61,130-824,02578,날개병원,병원,I,시군구,2026-03-10 22:00:26,서울특별시 동대문구 무학로 193-1 (용두동),39,영업중,13,01,병원,12,9,029599191,202533.326115758    ,453257.581750017    ,서울특별시 동대문구 용두동 740번지 1호,116 105 115 101 104 106,"내과, 외과, 정형외과, 신경외과, 비뇨의학과, 영상의학과",1108.61,2019-11-25 16:27:10
3050000,PHMA220113050034021200005,2011-06-28,,폐업,2018-10-10,,,1360.39,,02600,서울편안한요양병원,요양병원(일반요양병원),I,시군구,2026-03-10 22:00:22,서울특별시 동대문구 전농로 45 (답십리동),120,폐업,03,03,요양병원(일반요양병원),14,19,0222433388,204950.577940603    ,451864.139834002    ,서울특별시 동대문구 답십리동 268번지 3호,122 101 105 102 104 301,"내과, 신경과, 외과, 정형외과, 가정의학과, 한방내과",1360.39,2018-10-10 14:48:57
3050000,PHMA220113050034021200006,2011-11-22,,영업/정상,,,,5798.74,,02624,린여성병원,병원,I,시군구,2026-03-10 22:00:17,"서울특별시 동대문구 답십리로 266, 파워스빌딩 (장안동)",60,영업중,13,01,병원,38,38,22441212,206099.743325087    ,452218.18881442     ,서울특별시 동대문구 장안동 370번지 1호 외 1필지 (본관 및 신관),407 406 114 111 110 104 101,"내과, 외과, 산부인과, 소아청소년과, 피부과, 치주과, 치과보존과",5798.74,2025-01-03 16:29:25
3050000,PHMA220123050034021200001,2012-08-24,,영업/정상,,,,8528.69,,02622,하늘병원,병원,I,시군구,2026-03-10 22:00:27,"서울특별시 동대문구 천호대로 317, 하늘병원 (답십리동)",77,영업중,13,01,병원,33,20,0222468750,204831.461305899    ,451444.505952989    ,서울특별시 동대문구 답십리동 492번지 2호 하늘병원,122 120 109 106 105 102 101,"내과, 신경과, 정형외과, 신경외과, 마취통증의학과, 재활의학과, 가정의학과",8528.69,2023-09-15 09:00:29
3050000,PHMA220123050034021200002,2012-12-14,,영업/정상,,,,4651.64,,02589,왕십리휴병원,병원,I,시군구,2026-03-10 22:00:29,"서울특별시 동대문구 무학로 88 (용두동, 지하2~지상8층)",200,영업중,13,01,병원,85,65,029276501,202670.049271259    ,452196.571007272    ,서울특별시 동대문구 용두동 129번지 36호,306 301 122 120 105 101,"내과, 정형외과, 재활의학과, 가정의학과, 한방내과, 한방재활의학과",4651.64,2025-04-22 13:26:18
3050000,PHMA220143050034021200001,2014-05-21,,폐업,2021-12-13,,,3970.31,,02522,브레인요양병원,요양병원(일반요양병원),I,시군구,2026-03-10 22:01:11,서울특별시 동대문구 장한로32길 7 (장안동),143,폐업,03,03,요양병원(일반요양병원),32,24,0222112211,206344.162717169    ,452578.5598439      ,,308 307 306 305 304 303 302 301 122 120 115 114 113 111 106 105 104 102 101,"내과, 신경과, 외과, 정형외과, 신경외과, 소아청소년과, 이비인후과, 피부과, 비뇨의학과, 재활의학과, 가정의학과, 한방내과, 한방부인과, 한방소아과, 한방안·이비인후·피부과, 한방신경정신과, 한방재활의학과, 사상체질과, 침구과",3970.31,2023-03-27 11:51:01
3050000,PHMA220153050034021200001,2015-03-16,,영업/정상,,,,3398,130-800,02617,멘토스병원,정신병원,I,시군구,2026-03-10 22:01:09,서울특별시 동대문구 한천로 49 (답십리동),212,영업중,13,01,정신병원,22,45,0222145100,205366.089507406    ,451593.251080441    ,서울특별시 동대문구 답십리동 12번지 262호,103 101,"내과, 정신건강의학과",3398,2025-09-05 08:13:15
3050000,PHMA220153050034021200002,2015-09-11,,영업/정상,,,,4233.42,,02590,서울에이스요양병원,요양병원(일반요양병원),I,시군구,2026-03-10 22:01:13,서울특별시 동대문구 고산자로 379 (용두동),226,영업중,13,01,요양병원(일반요양병원),46,40,029614700,203263.557393993    ,452379.200327814    ,서울특별시 동대문구 용두동 36번지 2호 외 2필지,308 122 120 102 101,"내과, 신경과, 재활의학과, 가정의학과, 침구과",4233.42,2025-10-29 15:37:56
3050000,PHMA220163050034021200001,2016-09-23,,영업/정상,,,,2361.6,,02519,대한민국요양병원,요양병원(일반요양병원),I,시군구,2026-03-10 22:00:32,"서울특별시 동대문구 장한로 200 (장안동, KS빌딩)",164,영업중,13,01,요양병원(일반요양병원),23,37,22139991,206335.296609078    ,452888.851973774    ,"서울특별시 동대문구 장안동 313번지 3호 지하1층,지상1~11층",308 307 306 305 304 303 302 301 122 120 106 105 102 101,"내과, 신경과, 정형외과, 신경외과, 재활의학과, 가정의학과, 한방내과, 한방부인과, 한방소아과, 한방안·이비인후·피부과, 한방신경정신과, 한방재활의학과, 사상체질과, 침구과",2361.6,2023-04-28 10:47:18
3050000,PHMA220173050034021200001,2017-04-26,,영업/정상,,,,3385.03,,02645,지혜병원,정신병원,U,시군구,2026-05-09 03:03:03,서울특별시 동대문구 천호대로 421 (장안동),299,영업중,13,01,정신병원,42,69,024999955,205756.83503034     ,451053.76563095     ,서울특별시 동대문구 장안동 464번지 3호,122 103 101,"내과, 정신건강의학과, 가정의학과",3385.03,2026-05-08 02:43:18
3050000,PHMA220213050034021200001,2021-06-23,,영업/정상,,,,1346.93,,02582,365매일한방병원,한방병원,U,시군구,2026-03-28 03:03:03,"서울특별시 동대문구 천호대로 3, 지하2층, 지상1~2층 (신설동)",38,영업중,13,01,한방병원,12,11,029290365,202081.864808843    ,452565.40876479     ,서울특별시 동대문구 신설동 101-5,308 307 306 305 304 303 302 301 104,"외과, 한방내과, 한방부인과, 한방소아과, 한방안·이비인후·피부과, 한방신경정신과, 한방재활의학과, 사상체질과, 침구과",1346.93,2026-03-27 10:02:23
3060000,PHMA219833060034021200004,1983-08-22,,영업/정상,,,,6728.43,,02063,의료법인풍산의료재단동부제일병원,종합병원,I,시군구,2026-05-10 22:30:15,"서울특별시 중랑구 망우로 511, 동부제일병원 지하1~6층 (망우동)",124,영업중,13,01,종합병원,95,30,024375011,209579.612349583    ,455387.99689292     ,서울특별시 중랑구 망우동 128-29 동부제일병원,101 102 104 105 106 109 110 111 116 119 122,"내과, 신경과, 외과, 정형외과, 신경외과, 마취통증의학과, 산부인과, 소아청소년과, 영상의학과, 진단검사의학과, 가정의학과",6728.43,2026-03-20 13:44:06
3060000,PHMA219843060034021200004,1984-04-03,,영업/정상,,,,2841.75,,02138,강북21세기병원,병원,I,시군구,2026-05-10 22:30:13,서울특별시 중랑구 면목로 473 (상봉동),87,영업중,13,01,병원,40,28,15776336,207506.248550183    ,454647.912047029    ,서울특별시 중랑구 상봉동 108번지 2호,116 109 106 105 101,"내과, 정형외과, 신경외과, 마취통증의학과, 영상의학과",2841.75,2026-04-10 15:48:26
3060000,PHMA219853060034021200001,1985-05-29,,폐업,2001-12-07,,,0,,02221,의료법인 서울기독병원,종합병원,I,시군구,2026-05-10 22:30:12,서울특별시 중랑구 사가정로49길 53 (면목동),450,폐업,03,03,종합병원,1,95,0200000000,207545.431398092    ,453474.580080059    ,서울특별시 중랑구 면목동 568번지 1호 원진재단부설녹색병원,101 111 102 103 104 105 108 106 113 110 115 119 116 118 122 401,"내과, 신경과, 정신건강의학과, 외과, 정형외과, 신경외과, 성형외과, 산부인과, 소아청소년과, 이비인후과, 비뇨의학과, 영상의학과, 병리과, 진단검사의학과, 가정의학과, 치과",0,2019-10-02 10:54:33
3060000,PHMA220023060034021200020,2002-10-25,,영업/정상,,,,3165.19,,02073,장스여성병원,병원,I,시군구,2026-05-10 22:30:10,"서울특별시 중랑구 용마산로117길 49, 장스여성병원 비동 (7층 일부제외)동 (망우동)",39,영업중,13,01,병원,18,25,024904000,208547.560589346    ,455271.790327778    ,서울특별시 중랑구 망우동 488-8 장스여성병원 비동,110 111 101 116 119,"내과, 산부인과, 소아청소년과, 영상의학과, 진단검사의학과",3165.19,2026-03-27 09:33:22
3060000,PHMA220033060034021200027,1900-01-01,,영업/정상,,,,17230.07,,02221,녹색병원,종합병원,U,시군구,2026-05-12 03:03:03,서울특별시 중랑구 사가정로49길 53 (면목동),293,영업중,13,01,종합병원,315,72,024902000,207545.431398092    ,453474.580080059    ,,125 124 122 120 119 116 115 113 111 110 109 106 105 104 103 102 101,"내과, 신경과, 정신건강의학과, 외과, 정형외과, 신경외과, 마취통증의학과, 산부인과, 소아청소년과, 이비인후과, 비뇨의학과, 영상의학과, 진단검사의학과, 재활의학과, 가정의학과, 직업환경의학과, 응급의학과",17230.07,2026-05-11 09:08:04
3060000,PHMA220033060034021200028,2003-09-17,,폐업,2010-02-26,,,2476.48,131-200,,원진재단부설녹색한방병원,한방병원,I,시군구,2026-05-10 22:30:11,,30,폐업,03,03,한방병원,2,7,024902311,,,서울특별시 중랑구 면목3.8동 568-1,101,내과,2476.48,2010-02-26 10:09:51
3060000,PHMA220053060034021200006,2005-03-29,,영업/정상,,,,534.44,,02019,의료법인한국의료재단프라임병원,병원,I,시군구,2026-05-10 22:30:18,서울특별시 중랑구 공릉로 76 (묵동),30,영업중,13,01,병원,2,9,029757500,206946.6753683      ,457213.210353545    ,,120 109 106 105 101,"내과, 정형외과, 신경외과, 마취통증의학과, 재활의학과",534.44,2026-02-13 10:59:29
3060000,PHMA220063060034021200008,2006-04-27,,영업/정상,,,,18058.04,131-802,02062,서울특별시 북부병원,병원,U,시군구,2026-05-12 03:03:03,서울특별시 중랑구 양원역로 38 (망우동),200,영업중,13,01,병원,150,61,0220360200,209440.492707431    ,455783.882625987    ,서울특별시 중랑구 망우본동 227번지,101 102 103 122 120 301 302 303 304 305 306 307 308,"내과, 신경과, 정신건강의학과, 재활의학과, 가정의학과, 한방내과, 한방부인과, 한방소아과, 한방안·이비인후·피부과, 한방신경정신과, 한방재활의학과, 사상체질과, 침구과",18058.04,2026-05-11 09:07:56
3060000,PHMA220063060034021200028,2006-11-02,,폐업,2014-04-02,,,835.86,131-861,,서울J요양병원,요양병원(일반요양병원),I,시군구,2026-05-10 22:30:11,서울특별시 중랑구 망우로 166-17 (상봉동),49,폐업,03,03,요양병원(일반요양병원),5,12,024949004,206260.394582177    ,454407.56632192     ,서울특별시 중랑구 상봉2동 475번지 11호 외 3필지,101 122 114,"내과, 피부과, 가정의학과",835.86,2014-04-02 15:36:18
3060000,PHMA220073060034021200002,2007-01-17,,폐업,2010-12-31,,,697.42,131-130,,자연애요양병원,요양병원(일반요양병원),I,시군구,2026-05-10 22:30:11,,58,폐업,03,03,요양병원(일반요양병원),8,7,0234217720,,,서울특별시 중랑구 신내1동 418-6,101 122 111 120 104 105 114 109 115,"내과, 외과, 정형외과, 마취통증의학과, 소아청소년과, 피부과, 비뇨의학과, 재활의학과, 가정의학과",697.42,2013-04-05 14:21:36
3060000,PHMA220073060034021200007,2007-02-14,,폐업,2008-05-01,,,4401.06,131-220,,한걸음병원,병원,I,시군구,2026-05-10 22:30:11,,144,폐업,03,03,병원,3,24,024939700,,,"서울특별시 중랑구 상봉2동 101 이지펠리스빌딩 504~505호, 601~605호, 701~705호",101,내과,4401.06,2008-12-11 18:26:11
3060000,PHMA220073060034021200015,2007-03-22,,영업/정상,,,,1587.36,,02177,조앤조병원,병원,I,시군구,2026-05-10 22:30:14,"서울특별시 중랑구 망우로 474 (망우동, 조앤조병원)",65,영업중,13,01,병원,11,17,024333336,209177.682798072    ,455333.044481669    ,서울특별시 중랑구 망우동 207번지 1호,101 104 105 106 109 114 115 116 120,"내과, 외과, 정형외과, 신경외과, 마취통증의학과, 피부과, 비뇨의학과, 영상의학과, 재활의학과",1587.36,2025-12-19 13:23:07
3060000,PHMA220073060034021200040,2007-12-05,,폐업,2022-12-16,,,992,,02086,서울선병원,병원,I,시군구,2026-05-10 22:30:19,"서울특별시 중랑구 망우로 373 (상봉동, 서울선병원)",31,폐업,03,03,병원,1,10,024361900,208199.991565216    ,455149.744971697    ,,101 105 109 116 120,"내과, 정형외과, 마취통증의학과, 영상의학과, 재활의학과",992,2022-12-16 13:18:47
3060000,PHMA220083060034021200008,2008-04-04,,영업/정상,,,,1697.04,,02038,마디세상병원,병원,I,시군구,2026-05-10 22:30:12,서울특별시 중랑구 동일로 890 (묵동),46,영업중,13,01,병원,45,14,16610592,206836.62018675     ,456400.58527076     ,,122 116 115 114 111 109 106 105 102 101,"내과, 신경과, 정형외과, 신경외과, 마취통증의학과, 소아청소년과, 피부과, 비뇨의학과, 영상의학과, 가정의학과",1697.04,2026-03-20 13:44:28
3060000,PHMA220083060034021200012,2008-05-01,,영업/정상,,,,3797.31,,02148,한걸음요양병원,요양병원(일반요양병원),I,시군구,2026-05-10 22:30:11,"서울특별시 중랑구 망우로 316, 이지팰리스 5~7층 503-2,504,505,601~605,701~705호 (상봉동)",186,영업중,13,01,요양병원(일반요양병원),32,32,024939700,207660.883688474    ,454911.110252938    ,,101 105 120 301 306 308,"내과, 정형외과, 재활의학과, 한방내과, 한방재활의학과, 침구과",3797.31,2026-05-01 13:44:44
3060000,PHMA220083060034021200023,2008-09-01,,영업/정상,,,,2114.75,,02178,서울라본병원,병원,U,시군구,2026-05-12 03:03:03,서울특별시 중랑구 망우로 476 (망우동),57,영업중,13,01,병원,15,17,0222096677,209210.830664866    ,455338.56819019     ,,101 105 106 109 111 116 120 122,"내과, 정형외과, 신경외과, 마취통증의학과, 소아청소년과, 영상의학과, 재활의학과, 가정의학과",2114.75,2026-05-11 09:08:18
3060000,PHMA220093060034021200001,2009-12-09,,폐업,2014-11-30,,,1858.25,131-810,,행복한병원,정신병원,I,시군구,2026-05-10 22:30:17,"서울특별시 중랑구 망우로 403, 5,6,7층 (망우동)",213,폐업,03,03,정신병원,16,22,,208490.019432559    ,455252.715739808    ,"서울특별시 중랑구 망우본동 489번지 1호 5,6,7층",102 103 122,"신경과, 정신건강의학과, 가정의학과",1858.25,2014-11-28 15:40:20
3060000,PHMA220103060034021200001,2010-09-02,,폐업,2017-08-07,,,854.06,,,해솔요양병원,요양병원(일반요양병원),I,시군구,2026-05-10 22:30:16,서울특별시 중랑구 동일로 649 (면목동),77,폐업,03,03,요양병원(일반요양병원),10,14,024921088,,,,101 104 105 120 122 301 304 306 308,"내과, 외과, 정형외과, 재활의학과, 가정의학과, 한방내과, 한방안·이비인후·피부과, 한방재활의학과, 침구과",854.06,2017-08-07 13:21:50
3060000,PHMA220103060034021200002,2010-12-10,,영업/정상,,,,1988.4,,02076,로하스동서울요양병원,요양병원(일반요양병원),I,시군구,2026-05-10 22:30:16,"서울특별시 중랑구 봉화산로 194, 신아타운 4,5층 (신내동)",128,영업중,13,01,요양병원(일반요양병원),22,24,025779696,208295.099818379    ,456014.999180519    ,,101 102 103 105 120 122 308,"내과, 신경과, 정신건강의학과, 정형외과, 재활의학과, 가정의학과, 침구과",1988.4,2026-04-24 10:10:09
3060000,PHMA220113060034021200001,2011-03-09,,영업/정상,,,,105041.37,,02053,서울특별시서울의료원,종합병원,U,시군구,2026-05-12 03:03:03,서울특별시 중랑구 신내로 156 (신내동),651,영업중,13,01,종합병원,1055,176,0222767000,208580.409647184    ,456742.947541604    ,,101 102 103 104 105 106 107 108 109 110 111 112 113 114 115 116 117 118 119 120 122 123 124 125 308 402 403 407,"내과, 신경과, 정신건강의학과, 외과, 정형외과, 신경외과, 심장혈관흉부외과, 성형외과, 마취통증의학과, 산부인과, 소아청소년과, 안과, 이비인후과, 피부과, 비뇨의학과, 영상의학과, 방사선종양학과, 병리과, 진단검사의학과, 재활의학과, 가정의학과, 핵의학과, 직업환경의학과, 응급의학과, 침구과, 구강악안면외과, 치과보철과, 치과보존과",105041.37,2026-05-11 09:08:25
3060000,PHMA220113060034021200002,2011-04-28,,폐업,2013-07-09,,,945.56,131-868,,서울신내요양병원,요양병원(일반요양병원),I,시군구,2026-05-10 22:30:15,서울특별시 중랑구 용마산로 622 (신내동),58,폐업,03,03,요양병원(일반요양병원),9,7,34221911,208864.518879894    ,456011.793231632    ,서울특별시 중랑구 신내1동 418번지 6호,101 102 103 105 106 109 111 113 114 115 116 120 122,"내과, 신경과, 정신건강의학과, 정형외과, 신경외과, 마취통증의학과, 소아청소년과, 이비인후과, 피부과, 비뇨의학과, 영상의학과, 재활의학과, 가정의학과",945.56,2013-07-09 09:18:58
3060000,PHMA220113060034021200003,2011-11-22,,영업/정상,,,,1544.88,,02089,디앤에프병원,병원,I,시군구,2026-05-10 22:30:14,"서울특별시 중랑구 봉화산로 64 (중화동, 디엔에프병원)",66,영업중,13,01,병원,27,18,024342119,207125.811484424    ,455464.287801328    ,서울특별시 중랑구 중화동 110번지 43호,105 101,"내과, 정형외과",1544.88,2025-10-17 17:05:38
3060000,PHMA220133060034021200001,2013-06-21,,폐업,2017-01-23,,,1238.48,131-821,02224,기운찬병원,병원,I,시군구,2026-05-10 22:30:13,서울특별시 중랑구 동일로 606 (면목동),53,폐업,03,03,병원,13,11,20888275,207007.857696559    ,453567.633467055    ,서울특별시 중랑구 면목동 161번지 2호,105 106 101 116 109,"내과, 정형외과, 신경외과, 마취통증의학과, 영상의학과",1238.48,2019-09-02 17:31:03
3060000,PHMA220133060034021200002,2013-12-24,,영업/정상,,,,4487.53,,02130,팔팔병원,병원,I,시군구,2026-05-10 22:30:13,"서울특별시 중랑구 동일로 679 (면목동, 88병원)",86,영업중,13,01,병원,57,15,0218998875,206970.931160172    ,454293.539072489    ,,101 105 106 116 122,"내과, 정형외과, 신경외과, 영상의학과, 가정의학과",4487.53,2026-04-24 10:10:22
3060000,PHMA220143060034021200001,2014-11-27,,영업/정상,,,,2938.63,,02086,마인드웰병원,정신병원,I,시군구,2026-05-10 22:30:12,"서울특별시 중랑구 망우로 403, 삼부빌딩 5~7층 (망우동)",254,영업중,13,01,정신병원,19,57,024331195,208490.019432559    ,455252.715739808    ,서울특별시 중랑구 망우동 489-1 삼부빌딩,103,정신건강의학과,2938.63,2026-05-07 22:13:25
3060000,PHMA220163060034021200001,2016-05-02,,영업/정상,,,,2142.46,,02249,서울정병원,병원,U,시군구,2026-05-12 03:03:03,"서울특별시 중랑구 면목로 310, 4,5,6,7층일부층 (면목동)",53,영업중,13,01,병원,13,9,024361900,207702.839931452    ,453039.34552948     ,,101 105 106 109 116,"내과, 정형외과, 신경외과, 마취통증의학과, 영상의학과",2142.46,2026-05-11 09:08:12
3060000,PHMA220163060034021200002,2016-07-05,,영업/정상,,,,1596.39,,02135,늘찬병원,병원,I,시군구,2026-05-10 22:30:18,"서울특별시 중랑구 동일로 643, 화성빌딩 지하1, 2~8층 (면목동)",43,영업중,13,01,병원,37,14,0216440710,206963.656507439    ,453966.434982103    ,서울특별시 중랑구 면목동 179-24 화성빌딩,122 116 109 106 105 101,"내과, 정형외과, 신경외과, 마취통증의학과, 영상의학과, 가정의학과",1596.39,2026-04-03 10:32:33
3060000,PHMA220203060034021200001,2020-05-29,,영업/정상,,,,820.24,,02163,경동한방병원,한방병원,I,시군구,2026-05-10 22:30:21,"서울특별시 중랑구 망우로 400, 2층~3층(201호~204호,301호~304호) (망우동)",45,영업중,13,01,한방병원,12,14,0220380100,208463.248123914    ,455158.833604184    ,,101 301 302 303 304 305 306 307 308,"내과, 한방내과, 한방부인과, 한방소아과, 한방안·이비인후·피부과, 한방신경정신과, 한방재활의학과, 사상체질과, 침구과",820.24,2024-08-23 13:10:36
3060000,PHMA220203060034021200002,2020-07-27,,영업/정상,,,,6108.86,,02177,러스크서울병원,병원,I,시군구,2026-05-10 22:30:21,서울특별시 중랑구 망우로 470 (망우동),200,영업중,13,01,병원,58,54,0234260100,209144.172317054    ,455311.560177952    ,서울특별시 중랑구 망우동 207-2,308 307 301 120 102,"신경과, 재활의학과, 한방내과, 사상체질과, 침구과",6108.86,2026-05-01 13:44:58
3060000,PHMA220233060034021200001,2023-01-09,,영업/정상,,,,2307.35,,02173,연세산돌병원,병원,I,시군구,2026-05-10 22:30:22,"서울특별시 중랑구 봉우재로 234, 연세산돌병원 지하1층~7층 (망우동)",44,영업중,13,01,병원,26,15,15330032,208664.15211223     ,454762.013502246    ,서울특별시 중랑구 망우동 460-1 연세산돌병원,122 120 116 111 109 106 105 101,"내과, 정형외과, 신경외과, 마취통증의학과, 소아청소년과, 영상의학과, 재활의학과, 가정의학과",2307.35,2026-05-01 13:44:31
3070000,PHMA219743070034021200001,2016-01-28,,영업/정상,,,,96410.66,,02841,학교법인 고려중앙학원 고려대학교의과대학부속병원(안암병원),종합병원,U,시군구,2026-05-08 03:03:03,"서울특별시 성북구 고려대로 73, 고려대병원 (안암동5가)",943,영업중,13,01,종합병원,2099,264,15770083,202313.850759843    ,453871.264665299    ,서울특별시 성북구 안암동5가 126번지 1호 고려대병원,407 406 404 403 402 125 123 122 120 119 118 117 116 115 114 113 112 111 110 109 108 107 106 105 104 103 102 101,"내과, 신경과, 정신건강의학과, 외과, 정형외과, 신경외과, 심장혈관흉부외과, 성형외과, 마취통증의학과, 산부인과, 소아청소년과, 안과, 이비인후과, 피부과, 비뇨의학과, 영상의학과, 방사선종양학과, 병리과, 진단검사의학과, 재활의학과, 가정의학과, 핵의학과, 응급의학과, 구강악안면외과, 치과보철과, 치과교정과, 치주과, 치과보존과",96410.66,2026-05-07 13:57:18
3070000,PHMA220223070034021200002,2022-06-27,,영업/정상,,,,3534.32,,02708,플러스요양병원,요양병원(일반요양병원),I,시군구,2026-04-29 22:00:11,"서울특별시 성북구 솔샘로1길 19, 그린존 1~7층 (정릉동)",217,영업중,13,01,요양병원(일반요양병원),30,59,0269539856,200279.459422208    ,456219.797491714    ,서울특별시 성북구 정릉동 674-3 그린존,308 306 305 304 302 301 122 120 115 114 111 110 109 107 106 105 104 102 101,"내과, 신경과, 외과, 정형외과, 신경외과, 심장혈관흉부외과, 마취통증의학과, 산부인과, 소아청소년과, 피부과, 비뇨의학과, 재활의학과, 가정의학과, 한방내과, 한방부인과, 한방안·이비인후·피부과, 한방신경정신과, 한방재활의학과, 침구과",3534.32,2026-03-24 16:45:04
3070000,PHMA219883070034021200001,1988-01-15,,휴업,,2025-07-23,2026-07-07,4708.95,,02800,의료법인서광의료재단 성북중앙병원,병원,I,시군구,2026-04-29 22:00:11,서울특별시 성북구 종암로 72 (종암동),109,휴업,02,02,병원,15,36,029193404,203077.869984621    ,454951.438850948    ,,125 122 120 119 116 115 114 111 109 108 106 105 104 101,"내과, 외과, 정형외과, 신경외과, 성형외과, 마취통증의학과, 소아청소년과, 피부과, 비뇨의학과, 영상의학과, 진단검사의학과, 재활의학과, 가정의학과, 응급의학과",4708.95,2026-01-21 15:09:55
3070000,PHMA219883070034021200002,1988-03-29,,영업/정상,,,,3846.37,,02856,의료법인 우신향병원,병원,I,시군구,2026-04-29 22:00:11,서울특별시 성북구 안암로 99 (안암동5가),80,영업중,13,01,병원,31,29,029267505,,,,101 104 105 106 109 115 116 120,"내과, 외과, 정형외과, 신경외과, 마취통증의학과, 비뇨의학과, 영상의학과, 재활의학과",3846.37,2026-04-21 15:47:59
3070000,PHMA219933070034021200001,1993-04-10,,폐업,2011-06-24,2011-06-02,2011-07-10,4193.73,,02733,동서병원,병원,I,시군구,2026-04-29 22:00:11,"서울특별시 성북구 동소문로 306, 동서병원 (하월곡동)",79,폐업,03,03,병원,9,31,029423611,202482.840792153    ,456067.252354538    ,서울특별시 성북구 하월곡동 88번지 747호 동서병원,101,내과,4193.73,2018-06-26 15:00:27
3070000,PHMA220013070034021200001,2001-06-22,,폐업,2013-03-19,,,311.03,,02845,예스치과병원,치과병원,I,시군구,2026-04-29 22:00:11,"서울특별시 성북구 동소문로 118, 플라망스타워 1501,1502호 (동선동1가)",0,폐업,03,03,치과병원,3,0,0262212828,201536.883548815    ,454556.210968626    ,서울특별시 성북구 동선동1가 114-1 플라망스타워,101 201 204 207 210 208 205 202 203 206 209,"내과, 구강악안면외과, 치과보철과, 치과교정과, 소아치과, 치주과, 치과보존과, 구강내과, 구강악안면방사선과, 구강병리과, 예방치과",311.03,2020-12-14 14:49:24
3070000,PHMA220023070034021200001,2002-01-04,,폐업,2019-01-17,,,497.25,136-140,02774,의료법인조광의료재단  주사랑병원,병원,I,시군구,2026-04-29 22:00:11,서울특별시 성북구 한천로 641 (장위동),30,폐업,03,03,병원,1,10,029129004,205024.681442227    ,457016.424027263    ,서울특별시 성북구 장위동 33번지 7호,101 105 104 111 120 116 114 115 118,"내과, 외과, 정형외과, 소아청소년과, 피부과, 비뇨의학과, 영상의학과, 병리과, 재활의학과",497.25,2019-01-17 14:40:37
3070000,PHMA220033070034021200001,2003-06-02,,폐업,2024-12-16,,,224.88,,02800,로덴치과병원,치과병원,I,시군구,2026-04-29 22:00:11,서울특별시 성북구 종암로 72 (종암동),0,폐업,03,03,치과병원,1,0,029414974,,,,402 403 404 405 406 407 408 409 410 411,"구강악안면외과, 치과보철과, 치과교정과, 소아치과, 치주과, 치과보존과, 구강내과, 영상치의학과, 구강병리과, 예방치과",224.88,2024-12-26 18:03:27
3070000,PHMA220053070034021200001,2005-12-07,,영업/정상,,,,4755.54,,02775,의료법인유라의료재단 온누리요양병원,요양병원(일반요양병원),I,시군구,2026-04-29 22:00:11,서울특별시 성북구 화랑로 271 (장위동),200,영업중,13,01,요양병원(일반요양병원),36,40,029192700,205115.270098014    ,456653.34725952     ,,101 102 120 122 301 308,"내과, 신경과, 재활의학과, 가정의학과, 한방내과, 침구과",4755.54,2026-04-21 15:47:07
3070000,PHMA220063070034021200001,2006-06-08,,영업/정상,,,,10044.74,,02729,서울척병원,병원,U,시군구,2026-05-08 03:03:03,서울특별시 성북구 동소문로47길 8 (길음동),99,영업중,13,01,병원,140,23,029402000,202513.134565354    ,456279.155933546    ,,101 102 105 106 109 110 116 120 122,"내과, 신경과, 정형외과, 신경외과, 마취통증의학과, 산부인과, 영상의학과, 재활의학과, 가정의학과",10044.74,2026-05-07 13:56:58
3070000,PHMA220063070034021200002,2006-09-11,,영업/정상,,,,2856.01,,02859,보문효사랑요양병원,요양병원(일반요양병원),I,시군구,2026-04-29 22:00:11,서울특별시 성북구 보문로 46 (보문동7가),184,영업중,13,01,요양병원(일반요양병원),29,37,029293355,201941.07955989     ,453050.036188994    ,,101 102 104 105 106 111 113 120 122 301 306 308,"내과, 신경과, 외과, 정형외과, 신경외과, 소아청소년과, 이비인후과, 재활의학과, 가정의학과, 한방내과, 한방재활의학과, 침구과",2856.01,2026-04-21 15:46:44
3070000,PHMA220073070034021200001,2007-06-07,,폐업,2008-12-31,,,1203,136-817,,신라한방병원,한방병원,I,시군구,2026-04-29 22:00:11,,40,폐업,03,03,한방병원,1,0,029590181,,,"서울시 성북구 석관1동 168-23(지상1,3,4층)",101,내과,1203,2009-04-15 09:37:24
3070000,PHMA220073070034021200002,2007-06-22,,폐업,2016-12-16,2016-01-07,2017-01-31,694.6,136-872,02736,서울연세요양병원,요양병원(일반요양병원),I,시군구,2026-04-29 22:00:11,서울특별시 성북구 오패산로3길 147 (하월곡동),92,폐업,03,03,요양병원(일반요양병원),8,16,029121547,202819.692817635    ,456338.07329225     ,서울특별시 성북구 하월곡동 84번지 126호,101 104 105 106 102 103 108 122,"내과, 신경과, 정신건강의학과, 외과, 정형외과, 신경외과, 성형외과, 가정의학과",694.6,2016-12-16 17:33:05
3070000,PHMA220083070034021200001,2008-12-31,,폐업,2013-05-30,,,1203,136-817,,신라한방병원,한방병원,I,시군구,2026-04-29 22:00:11,,41,폐업,03,03,한방병원,4,14,,206151.036941419    ,456488.813984717    ,서울특별시 성북구 석관동 23번지,301 304 307 308 305 302 303 306,"한방내과, 한방부인과, 한방소아과, 한방안·이비인후·피부과, 한방신경정신과, 한방재활의학과, 사상체질과, 침구과",1203,2013-11-19 09:46:23
3070000,PHMA220113070034021200001,2011-04-26,,영업/정상,,,,6628,,,의료법인참예원의료재단 성북참요양병원,요양병원(일반요양병원),U,시군구,2026-05-08 03:03:03,서울특별시 성북구 북악산로1길 71 (정릉동),200,영업중,13,01,요양병원(일반요양병원),43,62,029122114,200400.394827284    ,455032.117169385    ,,101 102 103 104 111 120 122 301 308,"내과, 신경과, 정신건강의학과, 외과, 소아청소년과, 재활의학과, 가정의학과, 한방내과, 침구과",6628,2026-05-07 13:56:44
3070000,PHMA220113070034021200002,2011-06-28,,영업/정상,,,,4300,,02733,동서요양병원,요양병원(일반요양병원),I,시군구,2026-04-29 22:00:11,서울특별시 성북구 동소문로 306 (하월곡동),150,영업중,13,01,요양병원(일반요양병원),19,27,029423611,,,,106 105 102 101,"내과, 신경과, 정형외과, 신경외과",4300,2025-12-23 13:59:52
3070000,PHMA220113070034021200003,2011-10-06,,폐업,2014-10-22,,,1239.7,136-084,,심청요양병원,요양병원(일반요양병원),I,시군구,2026-04-29 22:00:11,서울특별시 성북구 보문로 86 (보문동4가),168,폐업,03,03,요양병원(일반요양병원),24,30,36722233,201783.484132538    ,453412.395182677    ,서울특별시 성북구 보문동4가 18번지,101 104 122 113 114 102 120 111 106,"내과, 신경과, 외과, 신경외과, 소아청소년과, 이비인후과, 피부과, 재활의학과, 가정의학과",1239.7,2014-10-22 10:30:36
3070000,PHMA220123070034021200001,2012-02-23,,폐업,2015-01-29,,,4561.6,136-841,,연세요양병원,요양병원(일반요양병원),I,시군구,2026-04-29 22:00:11,서울특별시 성북구 동소문로 215 (정릉동),175,폐업,03,03,요양병원(일반요양병원),14,30,15669698,201828.206641704    ,455454.105258935    ,서울특별시 성북구 정릉1동 16번지 512호,120 109 101 122 114 115 105 104 106 102,"내과, 신경과, 외과, 정형외과, 신경외과, 마취통증의학과, 피부과, 비뇨의학과, 재활의학과, 가정의학과",4561.6,2015-01-29 17:03:39
3070000,PHMA220143070034021200001,2014-10-22,,영업/정상,,,,2600.14,136-084,02852,성북웰니스요양병원,요양병원(일반요양병원),U,시군구,2026-04-30 03:03:03,서울특별시 성북구 보문로 86 (보문동4가),178,영업중,13,01,요양병원(일반요양병원),31,38,0236722233,201783.484132538    ,453412.395182677    ,서울특별시 성북구 보문동4가 18번지,309 308 307 306 305 304 303 302 301 122 109 104 102 101,"내과, 신경과, 외과, 마취통증의학과, 가정의학과, 한방내과, 한방부인과, 한방소아과, 한방안·이비인후·피부과, 한방신경정신과, 한방재활의학과, 사상체질과, 침구과, 한방응급과",2600.14,2026-04-29 15:45:08
3070000,PHMA220153070034021200001,2015-03-13,,영업/정상,,,,4908,136-841,02817,새마음요양병원,요양병원(일반요양병원),I,시군구,2026-04-29 22:00:11,서울특별시 성북구 동소문로 215 (정릉동),188,영업중,13,01,요양병원(일반요양병원),24,37,029117115,201837.924804487    ,455449.081451786    ,서울특별시 성북구 정릉동 16번지 486호 외2필지,106 120 101 104 105 102 301,"내과, 신경과, 외과, 정형외과, 신경외과, 재활의학과, 한방내과",4908,2026-04-21 15:47:26
3070000,PHMA220173070034021200001,2017-03-31,,영업/정상,,,,2427.6,,02829,더서울병원,병원,I,시군구,2026-04-29 22:00:11,"서울특별시 성북구 아리랑로 16, 3~7층 (동선동4가)",58,영업중,13,01,병원,31,16,029292114,201389.393007427    ,454658.210922524    ,서울특별시 성북구 동선동4가 53,122 120 116 109 106 105 101,"내과, 정형외과, 신경외과, 마취통증의학과, 영상의학과, 재활의학과, 가정의학과",2427.6,2026-04-27 17:37:49
3070000,PHMA220183070034021200001,2018-01-24,,영업/정상,,,,8273.04,,02811,성북서울요양병원,요양병원(일반요양병원),U,시군구,2026-05-08 03:03:03,서울특별시 성북구 종암로 31 (종암동),352,영업중,13,01,요양병원(일반요양병원),49,68,0263123700,203092.615809021    ,454534.484140104    ,,101 102 104 105 106 107 120 122 301 302 303 308,"내과, 신경과, 외과, 정형외과, 신경외과, 심장혈관흉부외과, 재활의학과, 가정의학과, 한방내과, 한방부인과, 한방소아과, 침구과",8273.04,2026-05-07 13:57:08
3070000,PHMA220183070034021200002,2018-02-23,,영업/정상,,,,9463.42,,02733,성북우리아이들병원,병원,I,시군구,2026-04-29 22:00:11,서울특별시 성북구 동소문로46길 10 (하월곡동),78,영업중,13,01,병원,85,52,029120100,202518.375589119    ,456065.671970878    ,,412 411 410 409 408 407 406 405 404 403 402 122 116 115 114 113 112 111 103 101,"내과, 정신건강의학과, 소아청소년과, 안과, 이비인후과, 피부과, 비뇨의학과, 영상의학과, 가정의학과, 구강악안면외과, 치과보철과, 치과교정과, 소아치과, 치주과, 치과보존과, 구강내과, 영상치의학과, 구강병리과, 예방치과, 통합치의학과",9463.42,2026-03-31 13:56:04
3070000,PHMA220213070034021200001,2021-11-29,,영업/정상,,,,1284.41,,02845,성북미올한방병원,한방병원,I,시군구,2026-04-29 22:00:11,"서울특별시 성북구 동소문로 106, 유타 8~9층 (동선동1가)",38,영업중,13,01,한방병원,23,17,029210088,201447.418693099    ,454477.103343093    ,,120 301 302 303 304 305 306 307 308,"재활의학과, 한방내과, 한방부인과, 한방소아과, 한방안·이비인후·피부과, 한방신경정신과, 한방재활의학과, 사상체질과, 침구과",1284.41,2026-03-01 13:59:20
3070000,PHMA220223070034021200001,2022-02-28,,영업/정상,,,,1890.7,,02803,한마음한방병원,한방병원,I,시군구,2026-04-29 22:00:11,"서울특별시 성북구 종암로 129, 청한빌딩 4,5층 (종암동)",69,영업중,13,01,한방병원,15,29,0262317575,202819.871767584    ,455458.024657239    ,,120 301 302 303 304 305 306 307 308,"재활의학과, 한방내과, 한방부인과, 한방소아과, 한방안·이비인후·피부과, 한방신경정신과, 한방재활의학과, 사상체질과, 침구과",1890.7,2026-04-27 17:38:31
3070000,PHMA219853070034021200001,1985-12-02,,영업/정상,,,,6184,136-873,02733,사회복지법인 성가소비녀회 성가복지병원,병원,I,시군구,2026-04-29 22:00:11,서울특별시 성북구 종암로 191 (하월곡동),33,영업중,13,01,병원,23,13,029401500,202645.583739356    ,456061.113850349    ,서울특별시 성북구 하월곡동 88번지 526호,408 407 406 403 402 119 116 115 114 113 112 110 109 106 105 104 103 102 101,"내과, 신경과, 정신건강의학과, 외과, 정형외과, 신경외과, 마취통증의학과, 산부인과, 안과, 이비인후과, 피부과, 비뇨의학과, 영상의학과, 진단검사의학과, 구강악안면외과, 치과보철과, 치주과, 치과보존과, 구강내과",6184,2025-03-26 14:33:24
3080000,PHMA219923080033021200001,1992-04-11,,폐업,2021-12-30,,,1901.76,142-812,01170,성신병원,병원,I,시군구,2026-05-06 22:00:10,서울특별시 강북구 도봉로 181 (미아동),72,폐업,03,03,병원,3,26,029861313,202253.635125976    ,458066.882224524    ,서울특별시 강북구 미아동 304번지 7호,122 120 115 114 113 111 105 103 102 101,"내과, 신경과, 정신건강의학과, 정형외과, 소아청소년과, 이비인후과, 피부과, 비뇨의학과, 재활의학과, 가정의학과",1901.76,2022-05-16 09:36:12
3080000,PHMA219823080033021200002,1982-05-22,,영업/정상,,,,1399.24,,01081,신일병원,병원,I,시군구,2026-05-06 22:00:10,서울특별시 강북구 덕릉로 73 (수유동),75,영업중,13,01,병원,15,28,029035121,201857.42791954     ,459159.097004897    ,,116 115 109 105 104 101,"내과, 외과, 정형외과, 마취통증의학과, 비뇨의학과, 영상의학과",1399.24,2025-09-08 13:12:42
3080000,PHMA219953080033021200001,1995-07-20,,영업/정상,,,,232.12,,01063,경희치과병원,치과병원,I,시군구,2026-05-06 22:00:10,"서울특별시 강북구 도봉로 358 (번동, 코스타타워)",0,영업중,13,01,치과병원,5,0,029962828,202343.387488819    ,459654.425206785    ,서울특별시 강북구 번동 418번지 1호,411 409 408 407 406 405 404 403 402,"구강악안면외과, 치과보철과, 치과교정과, 소아치과, 치주과, 치과보존과, 구강내과, 영상치의학과, 예방치과",232.12,2023-10-04 21:39:10
3080000,PHMA219983080033021200001,1998-10-15,,폐업,2014-07-29,,,964.74,142-809,,서울병원,병원,I,시군구,2026-05-06 22:00:10,서울특별시 강북구 도봉로 114 (미아동),66,폐업,03,03,병원,5,25,029801181,202523.261198591    ,457439.209508007    ,서울특별시 강북구 송중동 137번지 26호,101 104 105 114,"내과, 외과, 정형외과, 피부과",964.74,2017-07-20 11:14:50
3080000,PHMA220013080033021200001,2001-03-06,,폐업,2012-01-21,2011-07-22,2012-01-21,349.66,142-891,,의료법인성화의료재단대한한방병원,한방병원,I,시군구,2026-05-06 22:00:10,서울특별시 강북구 도봉로 301 (수유동),30,폐업,03,03,한방병원,3,7,029951025,201952.090791867    ,459227.557988451    ,서울특별시 강북구 인수동 45번지 7호,301 302 303 304 305 308,"한방내과, 한방부인과, 한방소아과, 한방안·이비인후·피부과, 한방신경정신과, 침구과",349.66,2015-06-24 13:34:08
3080000,PHMA220013080033021200002,2001-05-28,,폐업,2010-06-25,,,320.57,142-804,,밀레니엄치과병원,치과병원,I,시군구,2026-05-06 22:00:10,서울특별시 강북구 도봉로 52 (미아동),0,폐업,03,03,치과병원,4,0,029812807,202624.617262819    ,456818.85207077     ,서울특별시 강북구 송중동 71번지 1호,201 202 203 204 205 206 207 208 209 210,"구강악안면외과, 치과보철과, 치과교정과, 소아치과, 치주과, 치과보존과, 구강내과, 구강악안면방사선과, 구강병리과, 예방치과",320.57,2010-06-25 11:41:52
3080000,PHMA220043080033021200001,2004-10-19,,영업/정상,,,,2027,,01215,햇빛병원,병원,I,시군구,2026-05-06 22:00:10,서울특별시 강북구 도봉로 74 (미아동),60,영업중,13,01,병원,25,34,029837771,202598.720031765    ,457044.055167975    ,서울특별시 강북구 미아동 67번지 1호,110 111 109 101,"내과, 마취통증의학과, 산부인과, 소아청소년과",2027,2026-03-25 13:59:21
3080000,PHMA220073080033021200001,2007-01-17,,영업/정상,,,,2513.21,,01173,효성요양병원,요양병원(일반요양병원),I,시군구,2026-05-06 22:00:10,"서울특별시 강북구 삼양로 204 (미아동, 효성요양병원)",149,영업중,13,01,요양병원(일반요양병원),24,28,029889456,201738.719381809    ,457742.089570552    ,서울특별시 강북구 미아동 734번지 108호,101 102 109 115 122 120 301,"내과, 신경과, 마취통증의학과, 비뇨의학과, 재활의학과, 가정의학과, 한방내과",2513.21,2025-09-16 16:02:07
3080000,PHMA220073080033021200002,2007-08-01,,영업/정상,,,,3067.68,,01128,포근한재활병원,병원,U,시군구,2026-05-07 03:03:03,서울특별시 강북구 도봉로 266 (미아동),113,영업중,13,01,병원,59,31,029869988,202061.252065402    ,458882.073020606    ,서울특별시 강북구 미아동 189번지 6호 포근한노인전문병원,301 122 120 103 102 101,"내과, 신경과, 정신건강의학과, 재활의학과, 가정의학과, 한방내과",3067.68,2026-05-06 13:47:27
3080000,PHMA220073080033021200003,2007-08-23,,폐업,2009-08-03,2009-07-24,2010-01-24,718.54,142-883,,감인노인전문병원,요양병원(노인병원),I,시군구,2026-05-06 22:00:10,서울특별시 강북구 삼각산로 20 (수유동),40,폐업,03,03,요양병원(노인병원),5,7,029925200,200518.731280897    ,459583.584863602    ,서울특별시 강북구 수유동 521번지 57호,101 102,"내과, 신경과",718.54,2009-08-04 09:11:09
3080000,PHMA220073080033021200004,2007-09-28,,취소/말소/만료/정지/중지,2018-12-31,,,1410.68,,01056,정인노인전문병원,요양병원(일반요양병원),I,시군구,2026-05-06 22:00:10,"서울특별시 강북구 도봉로 388 (번동, 테마빌딩)",99,직권폐업,24,04,요양병원(일반요양병원),13,16,029925318,202545.670107867    ,459885.291692353    ,서울특별시 강북구 번동 464번지 1호,101 102 109 122 301 308,"내과, 신경과, 마취통증의학과, 가정의학과, 한방내과, 침구과",1410.68,2019-07-05 15:05:20
3080000,PHMA220083080033021200001,2008-04-14,,영업/정상,,,,2336.5,,01171,민병원,병원,U,시군구,2026-05-09 03:03:03,"서울특별시 강북구 도봉로 155, 서울민병원 (미아동)",40,영업중,13,01,병원,51,14,029823114,202337.148434207    ,457806.819119783    ,,122 118 116 113 109 104 101,"내과, 외과, 마취통증의학과, 이비인후과, 영상의학과, 병리과, 가정의학과",2336.5,2026-05-08 16:25:03
3080000,PHMA220093080033021200001,2009-08-14,,폐업,2023-10-12,,,718.54,142-883,01019,현인요양병원,요양병원(일반요양병원),I,시군구,2026-05-06 22:00:10,서울특별시 강북구 삼각산로 20 (수유동),41,폐업,03,03,요양병원(일반요양병원),6,8,029925200,200518.731280897    ,459583.584863602    ,"서울특별시 강북구 인수동 521-57, 59호",308 306 305 301 122 120 110 102 101,"내과, 신경과, 산부인과, 재활의학과, 가정의학과, 한방내과, 한방신경정신과, 한방재활의학과, 침구과",718.54,2023-10-31 15:55:55
3080000,PHMA220103080033021200001,2010-03-24,,영업/정상,,,,7714.93,,01056,서울현대병원,종합병원,U,시군구,2026-05-09 03:03:03,"서울특별시 강북구 도봉로 374 (번동, 서울현대병원)",183,영업중,13,01,종합병원,96,47,15886853,202451.867599327    ,459765.521965024    ,서울특별시 강북구 번동 463번지 44호,122 119 116 110 109 108 106 105 104 102 101,"내과, 신경과, 외과, 정형외과, 신경외과, 성형외과, 마취통증의학과, 산부인과, 영상의학과, 진단검사의학과, 가정의학과",7714.93,2026-05-08 16:26:47
3080000,PHMA220113080033021200001,2011-02-11,,폐업,2015-12-15,,,1780.38,142-868,01058,새한빛병원,병원,I,시군구,2026-05-06 22:00:10,서울특별시 강북구 한천로 1002 (번동),147,폐업,03,03,병원,13,22,029077002,202582.466293771    ,459530.486138019    ,서울특별시 강북구 번1동 461번지 68호,101 103 122,"내과, 정신건강의학과, 가정의학과",1780.38,2019-08-29 14:50:03
3080000,PHMA220123080033021200001,2012-10-12,,영업/정상,,,,5381.78,,01070,강북우리병원,병원,I,시군구,2026-05-06 22:00:10,"서울특별시 강북구 한천로 1083, 수유동 (수유동, 광산타워)",83,영업중,13,01,병원,47,17,0262221000,201930.770048587    ,460020.981733386    ,,101 106 109 116,"내과, 신경외과, 마취통증의학과, 영상의학과",5381.78,2026-01-27 17:32:42
3080000,PHMA220143080033021200001,2014-11-21,,폐업,2021-08-31,2021-07-28,2021-08-31,1060.02,142-100,01164,서울좋은병원,병원,I,시군구,2026-05-06 22:00:10,서울특별시 강북구 도봉로 114 (미아동),37,폐업,03,03,병원,2,12,69279119,202523.261198591    ,457439.209508007    ,서울특별시 강북구 미아동 137번지 26호,105 101 109 104 122 108 114,"내과, 외과, 정형외과, 성형외과, 마취통증의학과, 피부과, 가정의학과",1060.02,2022-05-16 09:27:30
3080000,PHMA220163080033021200001,2016-12-12,,영업/정상,,,,1863.63,,01058,북서울요양병원,요양병원(일반요양병원),I,시군구,2026-05-06 22:00:10,"서울특별시 강북구 한천로 1002, 북서울요양병원 (번동)",142,영업중,13,01,요양병원(일반요양병원),25,21,029007006,202582.466293771    ,459530.486138019    ,서울특별시 강북구 번동 461-68 북서울요양병원,308 301 126 122 105 104 101,"내과, 외과, 정형외과, 가정의학과, 예방의학과, 한방내과, 침구과",1863.63,2026-03-25 13:59:32
3080000,PHMA220183080033021200001,2018-03-19,,영업/정상,,,,3195.78,,01171,강북휴요양병원,요양병원(일반요양병원),I,시군구,2026-05-06 22:00:10,"서울특별시 강북구 도봉로 161, 서울컨벤션웨딩홀 (미아동)",199,영업중,13,01,요양병원(일반요양병원),24,36,029827080,202314.863753202    ,457867.658598331    ,서울특별시 강북구 미아동 317번지 1호 서울컨벤션웨딩홀,308 301 122 120 106 105 102 101,"내과, 신경과, 정형외과, 신경외과, 재활의학과, 가정의학과, 한방내과, 침구과",3195.78,2026-04-06 10:29:33
3080000,PHMA220193080033021200001,2019-10-15,,영업/정상,,,,4773.59,,01231,꿈의숲요양병원,요양병원(일반요양병원),U,시군구,2026-05-09 03:03:03,서울특별시 강북구 월계로 183 (번동),244,영업중,13,01,요양병원(일반요양병원),44,67,029879988,203895.660018622    ,457580.999858684    ,서울특별시 강북구 번동 105번지 1호,308 122 120 106 105 104 102 101,"내과, 신경과, 외과, 정형외과, 신경외과, 재활의학과, 가정의학과, 침구과",4773.59,2026-05-08 16:26:21
3080000,PHMA220203080033021200001,2020-03-11,,영업/정상,,,,1748.16,,01170,강북으뜸병원,병원,I,시군구,2026-05-06 22:00:10,"서울특별시 강북구 도봉로 187, 지하1층, 지상1층~지상5층 (미아동)",64,영업중,13,01,병원,20,19,029860334,202240.855124105    ,458118.709572688    ,"서울특별시 강북구 미아동 304-3 Y빌딩 지하1층, 지상1층~지상5층",122 116 109 106 105 102 101,"내과, 신경과, 정형외과, 신경외과, 마취통증의학과, 영상의학과, 가정의학과",1748.16,2026-04-17 16:22:21
3080000,PHMA220203080033021200002,2020-08-28,,영업/정상,,,,2643.3,,01205,서울유병원,병원,I,시군구,2026-05-06 22:00:10,"서울특별시 강북구 도봉로 77, 지하2층~지하1층, 3층~8층층 (미아동)",54,영업중,13,01,병원,43,24,0216708875,202541.070832521    ,457081.260634815    ,서울특별시 강북구 미아동 62-38 서울유병원BK빌딩,122 120 116 109 106 105 101,"내과, 정형외과, 신경외과, 마취통증의학과, 영상의학과, 재활의학과, 가정의학과",2643.3,2026-03-17 10:52:24
3080000,PHMA220223080033021200001,2022-04-08,,영업/정상,,,,1914.72,,01170,경희황소한방병원,한방병원,U,시군구,2026-05-07 03:03:03,서울특별시 강북구 도봉로 181(미아동),58,영업중,13,01,한방병원,17,18,029857582,202253.635125976    ,458066.882224524    ,서울특별시 강북구 미아동 304-7,308 306 305 304 303 302 301 122,"가정의학과, 한방내과, 한방부인과, 한방소아과, 한방안·이비인후·피부과, 한방신경정신과, 한방재활의학과, 침구과",1914.72,2026-05-06 13:49:00
3080000,PHMA220253080033021200001,2025-07-29,,영업/정상,,,,1285.64,,01063,365매일한방병원,한방병원,U,시군구,2026-05-07 03:03:03,"서울특별시 강북구 오패산로 414, 2~4층 (번동)",52,영업중,13,01,한방병원,23,14,029030365,202257.041331923    ,459476.773483105    ,서울특별시 강북구 번동 418-13,308 306 302 301 101,"내과, 한방내과, 한방부인과, 한방재활의학과, 침구과",1285.64,2026-05-06 13:48:13
3080000,PHMA219813080033021200001,1981-02-09,,폐업,2014-12-02,2014-10-23,2015-10-23,2517,142-805,,새한병원,병원,I,시군구,2026-05-06 22:00:10,서울특별시 강북구 도봉로 67 (미아동),99,폐업,03,03,병원,22,41,029815161,202542.224535878    ,456978.178605453    ,서울특별시 강북구 미아동 62번지 28호,101 104 105 106 122 108 109 116,"내과, 외과, 정형외과, 신경외과, 성형외과, 마취통증의학과, 영상의학과, 가정의학과",2517,2020-02-04 15:38:17
3080000,PHMA219823080033021200001,1982-03-29,,영업/정상,,,,6310.35,,01081,의료법인성화의료재단  대한병원,종합병원,U,시군구,2026-05-09 03:03:03,"서울특별시 강북구 도봉로 301 (수유동, 대한병원)",201,영업중,13,01,종합병원,56,41,029033232,201952.090791867    ,459227.557988451    ,서울특별시 강북구 수유동 45번지 7호,125 119 116 110 109 106 105 104 102 101,"내과, 신경과, 외과, 정형외과, 신경외과, 마취통증의학과, 산부인과, 영상의학과, 진단검사의학과, 응급의학과",6310.35,2026-05-08 16:25:39
3080000,PHMA219943080033021200001,1994-02-21,,영업/정상,,,,65284.43,,01022,국립재활원,병원,U,시군구,2026-05-09 03:03:03,"서울특별시 강북구 삼각산로 58 (수유동, 국립재활원)",264,영업중,13,01,병원,128,56,029011700,200868.4734049      ,459614.353526648    ,,412 308 306 301 120 116 112 110 103 101,"내과, 정신건강의학과, 산부인과, 안과, 영상의학과, 재활의학과, 한방내과, 한방재활의학과, 침구과, 통합치의학과",65284.43,2026-05-08 16:26:37
3090000,PHMA220123090033021200002,2012-09-18,,폐업,2014-07-28,,,295.53,132-854,,슈바이처치과병원,치과병원,I,시군구,2026-04-30 22:00:11,"서울특별시 도봉구 도봉로152길 26 (방학동, 렉시온프라자 305-308호)",0,폐업,03,03,치과병원,1,0,029555545,203922.041712071    ,462985.339920532    ,서울특별시 도봉구 방학동 719번지 3호 렉시온프라자 305-308호,403 203 407 406 405,"치과교정과, 치과보철과, 소아치과, 치주과, 치과보존과",295.53,2014-07-28 17:39:16
3090000,PHMA220123090033021200001,2012-07-27,,폐업,2022-07-13,,,1997.62,132-853,01340,성모샘병원,정신병원,I,시군구,2026-04-30 22:00:11,"서울특별시 도봉구 도봉로 683, 5,6,7층 (방학동)",158,폐업,03,03,정신병원,13,24,029510552,203651.208011649    ,462576.540812657    ,서울특별시 도봉구 방학동 703번지 14호,122 103 101,"내과, 정신건강의학과, 가정의학과",1997.62,2022-07-11 09:27:45
3090000,PHMA220133090033021200001,2013-07-19,,폐업,2023-05-09,,,632.94,,01391,정요양병원,요양병원(일반요양병원),I,시군구,2026-04-30 22:00:11,"서울특별시 도봉구 도봉로 639, 정병원 5,6층 (쌍문동)",37,폐업,03,03,요양병원(일반요양병원),2,8,029005513,203622.893166335    ,462131.666721357    ,"서울특별시 도봉구 쌍문동 707-13 정병원 5,6층",101 102 120,"내과, 신경과, 재활의학과",632.94,2023-05-10 11:15:03
3090000,PHMA220153090033021200001,2015-08-13,,영업/정상,,,,3501.46,,01309,베이직병원,정신병원,U,시군구,2026-05-09 03:03:03,"서울특별시 도봉구 도봉로 769, 지하2~지하1층, 2~5층 (도봉동)",240,영업중,13,01,정신병원,26,60,029902999,203788.303603152    ,463419.753055194    ,"서울특별시 도봉구 도봉동 616-12 지하2~지하1층, 2~5층",103,정신건강의학과,3501.46,2026-05-08 01:43:17
3090000,PHMA220163090033021200001,2016-06-29,,영업/정상,,,,1160.29,,01368,서울사랑요양병원,요양병원(일반요양병원),I,시군구,2026-04-30 22:00:11,"서울특별시 도봉구 삼양로 574, 2~5층 (쌍문동)",103,영업중,13,01,요양병원(일반요양병원),22,18,0220395099,201098.761383515    ,461327.62658561     ,서울특별시 도봉구 쌍문동 503-8 2~5층,308 301 122 120 106 102 101,"내과, 신경과, 신경외과, 재활의학과, 가정의학과, 한방내과, 침구과",1160.29,2026-04-01 16:59:25
3090000,PHMA220223090033021200001,2022-01-28,,영업/정상,,,,4677.07,,01349,팔팔요양병원,요양병원(일반요양병원),U,시군구,2026-05-01 03:03:03,"서울특별시 도봉구 시루봉로 310, 화성빌딩 (도봉동)",235,영업중,13,01,요양병원(일반요양병원),47,44,0234920888,203762.994791244    ,463176.64494664     ,서울특별시 도봉구 도봉동 620-23 화성빌딩,308 306 301 122 120 106 105 104 102 101,"내과, 신경과, 외과, 정형외과, 신경외과, 재활의학과, 가정의학과, 한방내과, 한방재활의학과, 침구과",4677.07,2026-04-30 15:39:57
3090000,PHMA220223090033021200002,2022-04-27,,영업/정상,,,,1223.97,,01390,희성한방병원,한방병원,I,시군구,2026-04-30 22:00:11,"서울특별시 도봉구 방학로3길 6, SYO빌딩 1, 4층 (방학동)",43,영업중,13,01,한방병원,17,12,0234917775,203511.533290165    ,462249.755144886    ,"서울특별시 도봉구 방학동 676-21 SYO빌딩 1층, 4층",308 307 306 305 304 302 301 120,"재활의학과, 한방내과, 한방부인과, 한방안·이비인후·피부과, 한방신경정신과, 한방재활의학과, 사상체질과, 침구과",1223.97,2026-04-10 10:23:32
3090000,PHMA220223090033021200003,2022-09-23,,영업/정상,,,,2544.15,,01472,자향한방병원,한방병원,U,시군구,2026-05-12 03:03:03,"서울특별시 도봉구 덕릉로 215, 3~7층 (창동)",64,영업중,13,01,한방병원,17,38,029911075,203151.226589443    ,459468.169735429    ,,122 301 302 303 304 305 306 308,"가정의학과, 한방내과, 한방부인과, 한방소아과, 한방안·이비인후·피부과, 한방신경정신과, 한방재활의학과, 침구과",2544.15,2026-05-11 10:20:59
3090000,PHMA219743090033021200001,1974-03-28,,영업/정상,,,,37185,,01450,의료법인한전의료재단 한일병원,종합병원,U,시군구,2026-05-01 03:03:03,"서울특별시 도봉구 우이천로 308, 한일병원 (쌍문동)",417,영업중,13,01,종합병원,599,103,029013114,202466.119176743    ,460394.329853007    ,서울특별시 도봉구 쌍문동 388-1 한일병원,403 125 124 123 122 120 119 118 116 115 114 113 112 111 110 109 108 107 106 105 104 103 102 101,"내과, 신경과, 정신건강의학과, 외과, 정형외과, 신경외과, 심장혈관흉부외과, 성형외과, 마취통증의학과, 산부인과, 소아청소년과, 안과, 이비인후과, 피부과, 비뇨의학과, 영상의학과, 병리과, 진단검사의학과, 재활의학과, 가정의학과, 핵의학과, 직업환경의학과, 응급의학과, 치과보철과",37185,2026-04-30 15:38:53
3090000,PHMA219933090033021200001,1993-02-03,,영업/정상,,,,14272.24,,01310,서울노보스병원,병원,U,시군구,2026-05-01 03:03:03,서울특별시 도봉구 도봉로 755(도봉동),242,영업중,13,01,병원,109,64,0234923251,203784.030841855    ,463306.561200616    ,서울특별시 도봉구 도봉동 617-21,304 120 116 102 101,"내과, 신경과, 영상의학과, 재활의학과, 한방안·이비인후·피부과",14272.24,2026-04-30 15:39:27
3090000,PHMA220023090033021200001,2002-09-04,,영업/정상,,,,1499.64,,01356,가화한방병원,한방병원,I,시군구,2026-04-30 22:00:11,서울특별시 도봉구 도당로 51(방학동),118,영업중,13,01,한방병원,22,31,029551772,202961.829052417    ,462271.553341754    ,서울특별시 도봉구 방학동 665-6,308 306 305 304 302 301 122 103,"정신건강의학과, 가정의학과, 한방내과, 한방부인과, 한방안·이비인후·피부과, 한방신경정신과, 한방재활의학과, 침구과",1499.64,2025-12-30 13:17:22
3090000,PHMA220043090033021200001,2004-08-23,,영업/정상,,,,3626,132-830,01316,경희늘푸른노인전문병원,요양병원(노인병원),I,시군구,2026-04-30 22:00:11,서울특별시 도봉구 시루봉로 137 (방학동),148,영업중,13,01,요양병원(노인병원),30,31,029039920,202338.937796637    ,462312.588860817    ,서울특별시 도봉구 방학3동 442,120 109 103 102 101,"내과, 신경과, 정신건강의학과, 마취통증의학과, 재활의학과",3626,2026-04-01 16:57:00
3090000,PHMA220053090033021200001,2005-05-02,,영업/정상,,,,310,132-893,01432,로덴성문치과병원,치과병원,I,시군구,2026-04-30 22:00:10,"서울특별시 도봉구 도봉로 569, 5층 (쌍문동, 준우빌딩)",0,영업중,13,01,치과병원,1,0,029999100,203334.767507709    ,461499.945330147    ,서울특별시 도봉구 쌍문동 657번지 예일빌딩5층,201 202 203 204 205 206 207 208 209 210,"구강악안면외과, 치과보철과, 치과교정과, 소아치과, 치주과, 치과보존과, 구강내과, 구강악안면방사선과, 구강병리과, 예방치과",310,2025-06-20 09:09:05
3090000,PHMA220053090033021200002,2005-05-16,,영업/정상,,,,7761.19,,01397,바로선병원,병원,U,시군구,2026-05-01 03:03:03,"서울특별시 도봉구 도봉로 628 (창동, 바로선병원)",136,영업중,13,01,병원,117,41,0216665853,203650.127964614    ,461998.908925832    ,서울특별시 도봉구 창동 749번지 10호,122 120 119 116 111 109 106 105 104 102 101,"내과, 신경과, 외과, 정형외과, 신경외과, 마취통증의학과, 소아청소년과, 영상의학과, 진단검사의학과, 재활의학과, 가정의학과",7761.19,2026-04-30 15:39:42
3090000,PHMA220063090033021200001,2006-07-05,,영업/정상,,,,1908.83,,01384,스카이요양병원,요양병원(일반요양병원),I,시군구,2026-04-30 22:00:10,서울특별시 도봉구 방학로 177 (방학동),127,영업중,13,01,요양병원(일반요양병원),15,23,029927582,202794.358626436    ,462181.548748132    ,,104 106 112 116 120 301,"외과, 신경외과, 안과, 영상의학과, 재활의학과, 한방내과",1908.83,2026-04-10 10:22:50
3090000,PHMA220073090033021200001,2007-05-22,,영업/정상,,,,2569.63,,01365,퍼스트요양병원,요양병원(일반요양병원),I,시군구,2026-04-30 22:00:11,"서울특별시 도봉구 삼양로 616, 2-5층 (쌍문동)",173,영업중,13,01,요양병원(일반요양병원),28,32,029023294,201177.743198866    ,461734.803519059    ,서울특별시 도봉구 쌍문동 509번지 1호 백운빌딩,101 120 116 301 122,"내과, 영상의학과, 재활의학과, 가정의학과, 한방내과",2569.63,2026-04-01 17:01:25
3090000,PHMA220073090033021200002,2007-10-05,,폐업,2019-01-15,,,3675,132-890,01366,조이요양병원,요양병원(일반요양병원),I,시군구,2026-04-30 22:00:10,서울특별시 도봉구 삼양로 600 (쌍문동),199,폐업,03,03,요양병원(일반요양병원),22,26,029903001,,,서울특별시 도봉구 쌍문1동 507-1,101 122 120 102 113 306 301 308 105,"내과, 신경과, 정형외과, 이비인후과, 재활의학과, 가정의학과, 한방내과, 한방재활의학과, 침구과",3675,2019-07-29 17:06:40
3090000,PHMA220083090033021200001,2008-01-08,,폐업,2009-07-01,,,945,132-863,,굿모닝병원,병원,I,시군구,2026-04-30 22:00:10,,80,폐업,03,03,병원,2,0,029905900,,,서울특별시 도봉구 쌍문2동 80-70,103 101 104 116,"내과, 정신건강의학과, 외과, 영상의학과",945,2009-07-01 18:09:09
3090000,PHMA220083090033021200002,2008-01-31,,영업/정상,,,,5097,,01401,에이치큐브병원,병원,I,시군구,2026-04-30 22:00:11,서울특별시 도봉구 도봉로 604 (창동),54,영업중,13,01,병원,23,30,029002000,203556.661562956    ,461771.054429344    ,,101 104 110 111 116,"내과, 외과, 산부인과, 소아청소년과, 영상의학과",5097,2026-04-01 16:57:27
3090000,PHMA220083090033021200003,2008-03-17,,영업/정상,,,,2892,132-926,01426,다나병원,정신병원,I,시군구,2026-04-30 22:00:10,서울특별시 도봉구 해등로 129 (창동),154,영업중,13,01,정신병원,15,30,029428000,203494.298731646    ,461407.057099298    ,서울특별시 도봉구 창5동 715번지 28호,122 103 101,"내과, 정신건강의학과, 가정의학과",2892,2025-06-13 03:43:13
3090000,PHMA220083090033021200004,2008-03-31,,영업/정상,,,,1449.82,,01332,의성한방병원,한방병원,U,시군구,2026-05-01 03:03:03,"서울특별시 도봉구 도봉로152길 26, 렉시온프라자 2, 3, 4층 (방학동)",58,영업중,13,01,한방병원,8,16,029027510,203922.041712071    ,462985.339920532    ,"서울특별시 도봉구 방학동 719-3 렉시온프라자 2, 3, 4층",120 122 301 306 308,"재활의학과, 가정의학과, 한방내과, 한방재활의학과, 침구과",1449.82,2026-04-30 15:40:10
3090000,PHMA220093090033021200001,2009-11-09,,영업/정상,,,,7289.55,,01459,의료법인 상원의료재단 강북힘찬병원,병원,I,시군구,2026-04-30 22:00:10,"서울특별시 도봉구 도봉로 446, 강북힘찬병원 (창동)",152,영업중,13,01,병원,90,33,0218992226,202877.044270305    ,460368.674382853    ,서울특별시 도봉구 창동 650-46 강북힘찬병원,119 116 109 106 105 102 101,"내과, 신경과, 정형외과, 신경외과, 마취통증의학과, 영상의학과, 진단검사의학과",7289.55,2026-04-10 10:23:13
3090000,PHMA220103090033021200001,2010-03-02,,폐업,2015-07-15,,,2706.65,132-890,,우이새길요양병원,요양병원(일반요양병원),I,시군구,2026-04-30 22:00:10,서울특별시 도봉구 삼양로 610 (쌍문동),185,폐업,03,03,요양병원(일반요양병원),3,23,15771173,201167.086526829    ,461671.469939607    ,서울특별시 도봉구 쌍문1동 508번지 1호,101 122 106 104 301,"내과, 외과, 신경외과, 가정의학과, 한방내과",2706.65,2015-07-15 10:54:01
3090000,PHMA220103090033021200002,2010-07-21,,폐업,2023-04-26,,,977.08,132-896,01391,정병원,병원,I,시군구,2026-04-30 22:00:11,서울특별시 도봉구 도봉로 639 (쌍문동),30,폐업,03,03,병원,1,7,029009942,203610.16548874     ,462124.875041987    ,서울특별시 도봉구 쌍문2동 707번지 7호,101 104 105 102 120,"내과, 신경과, 외과, 정형외과, 재활의학과",977.08,2023-04-25 10:02:23
3090000,PHMA220113090033021200001,2011-08-08,,폐업,2019-05-28,,,963.77,,01390,(사)한국지체장애인협회 새보람요양병원,요양병원(일반요양병원),I,시군구,2026-04-30 22:00:11,"서울특별시 도봉구 방학로3길 13 (방학동, 상곡빌딩)",73,폐업,03,03,요양병원(일반요양병원),9,8,0234927888,203554.863112547    ,462195.079384745    ,서울특별시 도봉구 방학동 677번지 11호,101 102 105 122 301 302 303 304 305 306 307 308 309,"내과, 신경과, 정형외과, 가정의학과, 한방내과, 한방부인과, 한방소아과, 한방안·이비인후·피부과, 한방신경정신과, 한방재활의학과, 사상체질과, 침구과, 한방응급과",963.77,2019-07-29 17:07:31
3090000,PHMA220123090033021200003,2012-12-28,,영업/정상,,,,2006.76,,01366,포근한맘요양병원,요양병원(일반요양병원),I,시군구,2026-04-30 22:00:11,"서울특별시 도봉구 삼양로 606, 2~5층 (쌍문동)",85,영업중,13,01,요양병원(일반요양병원),17,30,029869977,201152.846482468    ,461631.083128695    ,서울특별시 도봉구 쌍문동 508-2 2~5층,101 109 120 122 301,"내과, 마취통증의학과, 재활의학과, 가정의학과, 한방내과",2006.76,2026-02-10 09:58:27
3100000,PHMA220083100034021200002,2008-05-01,,폐업,2017-07-01,,,975.5,139-837,01625,새서울병원,병원,I,시군구,2026-05-11 22:00:14,"서울특별시 노원구 동일로 1678, 2층 (상계동, 모아빌딩)",40,폐업,03,03,병원,8,11,,204844.008926915    ,463967.288761705    ,서울특별시 노원구 상계동 1115번지 2호 모아빌딩 2층,120 109 101 111 105 106 113 102 104,"내과, 신경과, 외과, 정형외과, 신경외과, 마취통증의학과, 소아청소년과, 이비인후과, 재활의학과",975.5,2017-06-28 16:05:57
3100000,PHMA220083100034021200001,2005-12-15,,영업/정상,,,,2079.01,,01861,방병원,병원,I,시군구,2026-05-11 22:00:14,"서울특별시 노원구 동일로 989, 1~9층 (공릉동)",67,영업중,13,01,병원,64,17,0215774447,206552.561558601    ,457344.469525861    ,서울특별시 노원구 공릉동 680-10,120 116 115 114 111 110 109 106 105 102 101,"내과, 신경과, 정형외과, 신경외과, 마취통증의학과, 산부인과, 소아청소년과, 피부과, 비뇨의학과, 영상의학과, 재활의학과",2079.01,2023-07-10 11:38:26
3100000,PHMA220103100034021200001,2010-01-20,,영업/정상,,,,1024,139-816,01695,다인치과병원,치과병원,I,시군구,2026-05-11 22:00:11,"서울특별시 노원구 노해로 507, 5층 (상계동, 와우쇼핑몰)",0,영업중,13,01,치과병원,4,0,029522275,205557.013355638    ,461441.687971047    ,서울특별시 노원구 상계동 292번지 1호 와우쇼핑몰 5층,411 410 409 408 407 406 405 404 403 402,"구강악안면외과, 치과보철과, 치과교정과, 소아치과, 치주과, 치과보존과, 구강내과, 영상치의학과, 구강병리과, 예방치과",1024,2023-06-12 15:00:29
3100000,PHMA220103100034021200002,2010-05-31,,폐업,2018-06-01,,,1159.64,,01750,서울휴먼요양병원,요양병원(일반요양병원),I,시군구,2026-05-11 22:00:11,"서울특별시 노원구 노원로 246, 2,3,4,6층 (하계동, 욱현하이브)",104,폐업,03,03,요양병원(일반요양병원),11,16,,206472.186226874    ,459704.88566949     ,"서울특별시 노원구 하계동 256번지 12호 2,3,4,6층",101 104 122 107,"내과, 외과, 심장혈관흉부외과, 가정의학과",1159.64,2018-06-01 17:39:02
3100000,PHMA220113100034021200001,2011-06-03,,폐업,2019-03-28,2019-02-28,2019-05-27,3416.24,139-816,01691,노원스마트요양병원,요양병원(일반요양병원),I,시군구,2026-05-11 22:00:14,"서울특별시 노원구 노원로 461, 3층, 4층 (상계동, 대감프라자)",253,폐업,03,03,요양병원(일반요양병원),1,41,,205705.736649952    ,461663.53909342     ,"서울특별시 노원구 상계동 366번지 4호 대감프라자 3층, 4층",122 120 101 102 306 301 302 308 307,"내과, 신경과, 재활의학과, 가정의학과, 한방내과, 한방부인과, 한방재활의학과, 사상체질과, 침구과",3416.24,2021-03-05 14:43:11
3100000,PHMA220123100034021200001,2012-09-05,,휴업,,2026-03-10,2026-05-31,1999.5,139-200,01752,참튼튼병원,병원,I,시군구,2026-05-11 22:00:14,"서울특별시 노원구 노해로 502, 2층, 3층, 5층 (상계동)",53,휴업,02,02,병원,32,10,0233929100,205550.908407551    ,461343.062226682    ,"서울특별시 노원구 상계동 723번지 2층, 3층, 5층",102 106 105 101 116 104 115 114 109 118 120 110 111,"내과, 신경과, 외과, 정형외과, 신경외과, 마취통증의학과, 산부인과, 소아청소년과, 피부과, 비뇨의학과, 영상의학과, 병리과, 재활의학과",1999.5,2026-04-30 09:46:02
3100000,PHMA220133100034021200001,2013-01-04,,영업/정상,,,,1956.52,139-816,01695,노원자생한방병원,한방병원,I,시군구,2026-05-11 22:00:14,"서울특별시 노원구 노해로 507, 7,8층 (상계동, 와우쇼핑몰)",32,영업중,13,01,한방병원,25,6,0222890717,205557.013355638    ,461441.687971047    ,"서울특별시 노원구 상계동 292번지 1호 와우쇼핑몰 7층,8층",301 302 303 306 305 308 304 307 101 116,"내과, 영상의학과, 한방내과, 한방부인과, 한방소아과, 한방안·이비인후·피부과, 한방신경정신과, 한방재활의학과, 사상체질과, 침구과",1956.52,2024-02-22 16:50:10
3100000,PHMA220133100034021200002,2013-02-01,,영업/정상,,,,2003.36,,01715,노원솔요양병원,요양병원(일반요양병원),I,시군구,2026-05-11 22:00:14,"서울특별시 노원구 덕릉로 690, 기업은행 2,3,4,5층 (중계동)",149,영업중,13,01,요양병원(일반요양병원),35,28,,206616.300077726    ,461867.94710054     ,,101 102 104 105 106 120 122 301 302 303 304 306 307 308 309,"내과, 신경과, 외과, 정형외과, 신경외과, 재활의학과, 가정의학과, 한방내과, 한방부인과, 한방소아과, 한방안·이비인후·피부과, 한방재활의학과, 사상체질과, 침구과, 한방응급과",2003.36,2025-01-06 15:39:25
3100000,PHMA220143100034021200001,2014-04-04,,영업/정상,,,,1043.26,139-816,01698,희망요양병원,요양병원(일반요양병원),I,시군구,2026-05-11 22:00:14,서울특별시 노원구 상계로26길 7 (상계동),78,영업중,13,01,요양병원(일반요양병원),8,20,,206185.341781605    ,461762.664495137    ,서울특별시 노원구 상계동 387번지 226호,101 104 105 120,"내과, 외과, 정형외과, 재활의학과",1043.26,2025-05-30 15:33:09
3100000,PHMA220153100034021200001,2015-07-16,,영업/정상,,,,1118.67,,01691,서울제일한방병원,한방병원,I,시군구,2026-05-11 22:00:14,"서울특별시 노원구 노원로 461, 2층 (상계동)",34,영업중,13,01,한방병원,11,9,029370052,205705.736649952    ,461663.53909342     ,,105 109 116 120 301 302 303 304 306 307 308,"정형외과, 마취통증의학과, 영상의학과, 재활의학과, 한방내과, 한방부인과, 한방소아과, 한방안·이비인후·피부과, 한방재활의학과, 사상체질과, 침구과",1118.67,2025-09-16 14:27:18
3100000,PHMA220163100034021200001,2016-03-10,,영업/정상,,,,3080.39,,01849,강북연세병원,병원,I,시군구,2026-05-11 22:00:14,서울특별시 노원구 동일로 996 (공릉동),82,영업중,13,01,병원,74,20,0220925505,206592.199165568    ,457438.713791301    ,,101 105 106 109 116 119 120,"내과, 정형외과, 신경외과, 마취통증의학과, 영상의학과, 진단검사의학과, 재활의학과",3080.39,2023-12-28 16:58:23
3100000,PHMA220163100034021200002,2016-08-23,,영업/정상,,,,5479.6,,01904,더조은요양병원,요양병원(일반요양병원),I,시군구,2026-05-11 22:00:14,서울특별시 노원구 화랑로 323 (월계동),293,영업중,13,01,요양병원(일반요양병원),66,58,029417800,205548.23208928     ,456950.152059544    ,서울특별시 노원구 월계동 50번지 1호,301 122 120 115 114 106 105 104 102 101,"내과, 신경과, 외과, 정형외과, 신경외과, 피부과, 비뇨의학과, 재활의학과, 가정의학과, 한방내과",5479.6,2025-08-27 17:39:05
3100000,PHMA220173100034021200001,2017-06-08,,영업/정상,,,,2915.42,,01605,의료법인 행복나눔의료재단 사랑요양병원,요양병원(일반요양병원),I,시군구,2026-05-11 22:00:11,"서울특별시 노원구 동일로243길 45 (상계동, 사랑요양병원)",168,영업중,13,01,요양병원(일반요양병원),27,33,029331114,204558.457810284    ,464003.405075075    ,서울특별시 노원구 상계동 1142번지 9호,308 306 301 122 120 106 105 104 102 101,"내과, 신경과, 외과, 정형외과, 신경외과, 재활의학과, 가정의학과, 한방내과, 한방재활의학과, 침구과",2915.42,2023-06-26 17:08:12
3100000,PHMA220173100034021200002,2017-06-28,,폐업,2020-08-31,,,1365,,01852,서울스페셜병원,병원,I,시군구,2026-05-11 22:00:11,"서울특별시 노원구 동일로197길 11 (공릉동, 공삼빌딩)",53,폐업,03,03,병원,6,16,0218999899,206170.643203398    ,458461.197033155    ,서울특별시 노원구 공릉동 323번지 2호,122 116 115 114 113 111 109 106 105 104 101,"내과, 외과, 정형외과, 신경외과, 마취통증의학과, 소아청소년과, 이비인후과, 피부과, 비뇨의학과, 영상의학과, 가정의학과",1365,2020-12-10 14:07:11
3100000,PHMA220193100034021200001,2019-02-25,,폐업,2022-07-22,,,2177.84,,01704,파로스병원,병원,I,시군구,2026-05-11 22:00:14,"서울특별시 노원구 노원로 416, 파로스병원 (상계동)",30,폐업,03,03,병원,10,18,029388540,205922.151234054    ,461261.657201799    ,서울특별시 노원구 상계동 301번지 6호 파로스병원,120 109 106 105,"정형외과, 신경외과, 마취통증의학과, 재활의학과",2177.84,2024-01-11 16:41:05
3100000,PHMA220193100034021200002,2019-03-26,,영업/정상,,,,155.8,,01751,샤인치과교정과 치과병원,치과병원,I,시군구,2026-05-11 22:00:14,"서울특별시 노원구 노해로 488, 근호빌딩 5층 502호 (상계동)",0,영업중,13,01,치과병원,3,0,029302841,205415.542386681    ,461328.596334115    ,,402 403 404 405 406 407 408 409 410 411 412,"구강악안면외과, 치과보철과, 치과교정과, 소아치과, 치주과, 치과보존과, 구강내과, 영상치의학과, 구강병리과, 예방치과, 통합치의학과",155.8,2023-10-23 10:42:39
3100000,PHMA220203100034021200001,2020-07-28,,영업/정상,,,,3416.24,,01691,그레이스힐 요양병원,요양병원(일반요양병원),I,시군구,2026-05-11 22:00:14,"서울특별시 노원구 노원로 461, 대감프라자빌딩 3,4,5,6층 (상계동)",220,영업중,13,01,요양병원(일반요양병원),40,41,029341300,205705.736649952    ,461663.53909342     ,,308 306 301 122 120 114 106 105 104 102 101,"내과, 신경과, 외과, 정형외과, 신경외과, 피부과, 재활의학과, 가정의학과, 한방내과, 한방재활의학과, 침구과",3416.24,2025-10-30 15:08:19
3100000,PHMA220203100034021200002,2020-11-04,,영업/정상,,,,1438.22,,01852,서울미르한방병원,한방병원,I,시군구,2026-05-11 22:00:14,"서울특별시 노원구 동일로197길 11, 공삼빌딩 2,3,4층 (공릉동)",52,영업중,13,01,한방병원,15,17,029491075,206170.643203398    ,458461.197033155    ,,101 105 106 109 111 113 114 120 122 301 302 303 304 305 306 307 308,"내과, 정형외과, 신경외과, 마취통증의학과, 소아청소년과, 이비인후과, 피부과, 재활의학과, 가정의학과, 한방내과, 한방부인과, 한방소아과, 한방안·이비인후·피부과, 한방신경정신과, 한방재활의학과, 사상체질과, 침구과",1438.22,2023-06-26 17:06:49
3100000,PHMA220223100034021200001,2022-02-24,,영업/정상,,,,1705,,01861,모아한방병원,한방병원,I,시군구,2026-05-11 22:00:14,"서울특별시 노원구 동일로 987, 태릉마이크로병원건물 2,5,6,7층 (공릉동)",58,영업중,13,01,한방병원,20,24,15337585,206551.60704052     ,457326.722941972    ,,101 102 105 106 109 111 113 114 115 116 119 120 122 301 302 303 304 305 306 307 308,"내과, 신경과, 정형외과, 신경외과, 마취통증의학과, 소아청소년과, 이비인후과, 피부과, 비뇨의학과, 영상의학과, 진단검사의학과, 재활의학과, 가정의학과, 한방내과, 한방부인과, 한방소아과, 한방안·이비인후·피부과, 한방신경정신과, 한방재활의학과, 사상체질과, 침구과",1705,2025-10-29 14:34:25
3100000,PHMA220233100034021200001,2023-02-01,,영업/정상,,,,2050.68,,01704,새힘병원,병원,I,시군구,2026-05-11 22:00:11,서울특별시 노원구 노원로 416(상계동),48,영업중,13,01,병원,25,16,0269561231,205922.151234054    ,461261.657201799    ,서울특별시 노원구 상계동 301-6 파로스병원,122 116 111 109 106 105 101,"내과, 정형외과, 신경외과, 마취통증의학과, 소아청소년과, 영상의학과, 가정의학과",2050.68,2023-09-26 16:05:08
3100000,PHMA220243100034021200001,2024-05-31,,영업/정상,,,,1675.36,,01861,참다운요양병원,요양병원(일반요양병원),I,시군구,2026-05-11 22:00:11,"서울특별시 노원구 동일로 987, 지하1,1,3,4,6,8층 (공릉동)",99,영업중,13,01,요양병원(일반요양병원),11,27,15883959,206551.60704052     ,457326.722941972    ,"서울특별시 노원구 공릉동 680-9 태릉성심종합병원(치과,요양,정신건강)",122 120 102 101,"내과, 신경과, 재활의학과, 가정의학과",1675.36,2025-03-13 13:29:43
3100000,PHMA219853100034021200001,1985-11-29,,영업/정상,,,,97157.2,,01812,한국원자력의학원원자력병원,종합병원,I,시군구,2026-05-11 22:00:14,"서울특별시 노원구 노원로 75, 한국원자력의학원 (공릉동)",474,영업중,13,01,종합병원,641,162,029702114,207192.873108421    ,458452.733971782    ,,101 102 103 104 105 106 107 108 109 110 111 112 113 114 115 116 117 118 119 122 123 125 402 403 404 405 406 407 408 409 411,"내과, 신경과, 정신건강의학과, 외과, 정형외과, 신경외과, 심장혈관흉부외과, 성형외과, 마취통증의학과, 산부인과, 소아청소년과, 안과, 이비인후과, 피부과, 비뇨의학과, 영상의학과, 방사선종양학과, 병리과, 진단검사의학과, 가정의학과, 핵의학과, 응급의학과, 구강악안면외과, 치과보철과, 치과교정과, 소아치과, 치주과, 치과보존과, 구강내과, 영상치의학과, 예방치과",97157.2,2026-03-24 17:56:02
3100000,PHMA219893100034021200001,1989-08-14,,영업/정상,,,,41878.45,,01757,인제대학교 상계백병원,종합병원,I,시군구,2026-05-11 22:00:14,"서울특별시 노원구 동일로 1342, 상계백병원 (상계동)",487,영업중,13,01,종합병원,949,125,029501114,205488.916466022    ,460701.027580932    ,,101 102 103 104 105 106 107 108 109 110 111 112 113 114 115 116 117 118 119 120 122 123 124 125 402,"내과, 신경과, 정신건강의학과, 외과, 정형외과, 신경외과, 심장혈관흉부외과, 성형외과, 마취통증의학과, 산부인과, 소아청소년과, 안과, 이비인후과, 피부과, 비뇨의학과, 영상의학과, 방사선종양학과, 병리과, 진단검사의학과, 재활의학과, 가정의학과, 핵의학과, 직업환경의학과, 응급의학과, 구강악안면외과",41878.45,2026-04-28 14:25:47
3100000,PHMA219953100034021200001,1995-01-14,,영업/정상,,,,64341.22,,01830,노원을지대학교병원,종합병원,I,시군구,2026-05-11 22:00:14,"서울특별시 노원구 한글비석로 68, 을지병원 (하계동)",545,영업중,13,01,종합병원,668,125,029708000,206102.455977834    ,459346.769704089    ,,101 102 103 104 105 106 107 108 109 110 111 112 113 114 115 116 117 118 119 120 122 123 125 402 403 404,"내과, 신경과, 정신건강의학과, 외과, 정형외과, 신경외과, 심장혈관흉부외과, 성형외과, 마취통증의학과, 산부인과, 소아청소년과, 안과, 이비인후과, 피부과, 비뇨의학과, 영상의학과, 방사선종양학과, 병리과, 진단검사의학과, 재활의학과, 가정의학과, 핵의학과, 응급의학과, 구강악안면외과, 치과보철과, 치과교정과",64341.22,2025-08-11 11:18:03
3100000,PHMA219953100034021200002,1995-08-07,,폐업,2008-08-01,,,7960.08,139-841,,선한이웃병원,병원,I,시군구,2026-05-11 22:00:12,,205,폐업,03,03,병원,8,46,,,,"서울특별시 노원구 월계1동50-1,30호",101,내과,7960.08,2008-12-11 16:39:59
3100000,PHMA219973100034021200001,1997-03-04,,폐업,2001-08-30,,,10,139-241,,태능성심한방병원,한방병원,I,시군구,2026-05-11 22:00:12,,50,폐업,03,03,한방병원,8,29,,,,서울특별시 노원구 공릉1동680-9,101,내과,10,2008-12-11 16:40:00
3100000,PHMA219983100034021200002,1998-03-25,,폐업,2001-12-20,,,84.21,139-201,,시립노인요양원부속의원,요양병원(일반요양병원),I,시군구,2026-05-11 22:00:12,,0,폐업,03,03,요양병원(일반요양병원),7,0,,,,서울특별시 노원구 상계1동산51번지,101,내과,84.21,2008-12-11 16:40:00
3100000,PHMA220023100034021200001,2002-05-27,,폐업,2003-08-27,,,320.69,139-207,,강북예치과병원,치과병원,I,시군구,2026-05-11 22:00:12,,0,폐업,03,03,치과병원,17,0,,,,서울특별시 노원구 상계7동727-1 8층,201,구강악안면외과,320.69,2008-12-11 16:40:00
3100000,PHMA220023100034021200002,2002-08-16,,폐업,2021-12-26,,,1263.73,,01861,태능성심요양병원,요양병원(일반요양병원),I,시군구,2026-05-11 22:00:12,"서울특별시 노원구 동일로 987, 태릉성심요양병원 (공릉동)",97,폐업,03,03,요양병원(일반요양병원),15,37,029760808,206551.60704052     ,457326.722941972    ,서울특별시 노원구 공릉동 680-9 태릉성심요양병원,101 105 122 125,"내과, 정형외과, 가정의학과, 응급의학과",1263.73,2022-04-21 16:23:39
3100000,PHMA220043100034021200001,2004-01-02,,영업/정상,,,,446.48,,01695,노원 강북예치과병원,치과병원,I,시군구,2026-05-11 22:00:14,"서울특별시 노원구 노해로81길 5-6, 노원스퀘어 5-7층 (상계동)",0,영업중,13,01,치과병원,3,0,,205444.948194671    ,461429.231418268    ,,402 403 404 405 406 407 408 411 412,"구강악안면외과, 치과보철과, 치과교정과, 소아치과, 치주과, 치과보존과, 구강내과, 예방치과, 통합치의학과",446.48,2024-09-03 11:25:48
3100000,PHMA220053100034021200001,2005-04-20,,폐업,2018-05-14,,,2292.04,,01704,모네여성병원,병원,I,시군구,2026-05-11 22:00:13,"서울특별시 노원구 노원로 416, 모네여성병원 (상계동)",30,폐업,03,03,병원,18,17,029390300,205922.151234054    ,461261.657201799    ,서울특별시 노원구 상계동 301번지 6호 모네여성병원,110 111,"산부인과, 소아청소년과",2292.04,2023-12-01 15:20:07
3100000,PHMA220053100034021200002,2005-12-15,,폐업,2008-02-01,,,1365.55,139-243,,연세방요양병원,요양병원(일반요양병원),I,시군구,2026-05-11 22:00:13,,70,폐업,03,03,요양병원(일반요양병원),3,21,,,,"서울특별시 노원구 공릉3동323-2 공삼빌딩 2,3,4층",101,내과,1365.55,2008-12-11 16:40:01
3100000,PHMA220053100034021200003,2005-12-27,,영업/정상,,,,1510.67,139-942,01689,선의요양병원,요양병원(일반요양병원),I,시군구,2026-05-11 22:00:11,"서울특별시 노원구 동일로 1419, 9층~11층 (상계동)",97,영업중,13,01,요양병원(일반요양병원),20,23,0233913992,205211.963702341    ,461437.853953207    ,서울특별시 노원구 상계동 711번지 12호 9층~11층,301 122 120 104 102 101,"내과, 신경과, 외과, 재활의학과, 가정의학과, 한방내과",1510.67,2024-06-04 17:46:38
3100000,PHMA220063100034021200001,2006-06-21,,영업/정상,,,,2444.87,,01696,메디아이여성병원,병원,I,시군구,2026-05-11 22:00:13,"서울특별시 노원구 노원로 448 (상계동, 메디아이여성병원)",36,영업중,13,01,병원,63,22,029362122,205845.013422713    ,461572.838654552    ,"서울특별시 노원구 상계동 373번지 71호 , 상계동 373-45 , 상계동 373-7(1층~3층)",110 111,"산부인과, 소아청소년과",2444.87,2026-04-14 10:43:16
3100000,PHMA220063100034021200002,2006-09-14,,폐업,2011-11-10,,,745.39,139-206,,신애요양병원,요양병원(일반요양병원),I,시군구,2026-05-11 22:00:14,,75,폐업,03,03,요양병원(일반요양병원),2,10,,,,서울특별시 노원구 상계6동764-1  하라프라자 5층,101 120 111 104 106 113 105 112 115 110,"내과, 외과, 정형외과, 신경외과, 산부인과, 소아청소년과, 안과, 이비인후과, 비뇨의학과, 재활의학과",745.39,2011-11-10 11:12:31
3100000,PHMA220073100034021200001,2007-04-27,,폐업,2023-10-30,,,2887.07,139-808,01861,태릉마이크로병원,병원,I,시군구,2026-05-11 22:00:14,서울특별시 노원구 동일로 987 (공릉동),74,폐업,03,03,병원,10,31,,206551.60704052     ,457326.722941972    ,"서울특별시 노원구 공릉1.3동 680번지 9호 지하1층,1층,3층,4층,6층, 8층",105 106 104 101 114 111 116 109 108,"내과, 외과, 정형외과, 신경외과, 성형외과, 마취통증의학과, 소아청소년과, 피부과, 영상의학과",2887.07,2023-10-27 11:59:20
3100000,PHMA220083100034021200003,2008-08-01,,취소/말소/만료/정지/중지,2014-08-27,,,7960.08,139-841,,의선의료재단 선한이웃병원,병원,I,시군구,2026-05-11 22:00:14,"서울특별시 노원구 화랑로 323 (월계동,,30호)",173,직권폐업,24,04,병원,48,42,,205548.23208928     ,456950.152059544    ,"서울특별시 노원구 월계1동 50번지 1호 ,30호",101 104 111 105 106 122 120 116 119 109,"내과, 외과, 정형외과, 신경외과, 마취통증의학과, 소아청소년과, 영상의학과, 진단검사의학과, 재활의학과, 가정의학과",7960.08,2014-09-02 08:59:46
3110000,PHMA219663110032021200001,1966-05-05,,영업/정상,,,,18406.28,,03476,서울특별시은평병원,정신병원,I,시군구,2026-04-30 22:30:10,서울특별시 은평구 백련산로 90 (응암동),163,영업중,13,01,정신병원,123,40,023008114,193192.019829273    ,454620.355721841    ,,408 122 120 111 103 102 101,"내과, 신경과, 정신건강의학과, 소아청소년과, 재활의학과, 가정의학과, 구강내과",18406.28,2026-04-17 02:13:20
3110000,PHMA220263110032021200001,2026-03-03,,영업/정상,,,,1950.83,,03396,본바움병원,병원,I,시군구,2026-04-30 22:30:11,"서울특별시 은평구 불광로 29, 3~11층 (대조동)",47,영업중,13,01,병원,37,15,0263540100,193651.134148026    ,456526.076692087    ,서울특별시 은평구 대조동 10-1 3~11층,116 109 106 105 101,"내과, 정형외과, 신경외과, 마취통증의학과, 영상의학과",1950.83,2026-03-03 15:36:56
3110000,PHMA219803110032021200001,1980-01-28,,영업/정상,,,,5894.91,,03330,의료법인 청구성심병원,종합병원,I,시군구,2026-04-30 22:30:10,서울특별시 은평구 통일로 873 (갈현동),202,영업중,13,01,종합병원,181,57,023503300,192828.601825992    ,457608.289925664    ,,101 102 104 105 109 111 115 116 119 125,"내과, 신경과, 외과, 정형외과, 마취통증의학과, 소아청소년과, 비뇨의학과, 영상의학과, 진단검사의학과, 응급의학과",5894.91,2025-11-26 23:14:09
3110000,PHMA219833110032021200001,1983-03-11,,폐업,2017-06-30,,,1562.94,122-906,03474,재)마리아수녀회 도티기념병원,병원,I,시군구,2026-04-30 22:30:10,서울특별시 은평구 백련산로14길 20-11 (응암동),79,폐업,03,03,병원,21,19,023512300,193647.968955859    ,455069.448360472    ,서울특별시 은평구 응암동 42번지 5호,408 119 118 116 111 110 109 105 104 101,"내과, 외과, 정형외과, 마취통증의학과, 산부인과, 소아청소년과, 영상의학과, 병리과, 진단검사의학과, 구강내과",1562.94,2017-06-26 18:05:55
3110000,PHMA219973110032021200001,1997-02-21,,영업/정상,,,,3684.98,,03478,인정병원,병원,I,시군구,2026-04-30 22:30:10,서울특별시 은평구 응암로 164 (응암동),40,영업중,13,01,병원,35,22,023090909,192542.250837577    ,453806.882406932    ,,101 109 110 111 116,"내과, 마취통증의학과, 산부인과, 소아청소년과, 영상의학과",3684.98,2026-03-03 15:12:04
3110000,PHMA219983110032021200001,1998-04-21,,영업/정상,,,,6583.64,,03428,서울재활병원,병원,I,시군구,2026-04-30 22:30:10,서울특별시 은평구 갈현로11길 30 (구산동),80,영업중,13,01,병원,33,17,0260203000,191702.159455982    ,455932.140095298    ,서울특별시 은평구 구산동 191번지 1호,120 101,"내과, 재활의학과",6583.64,2021-08-31 17:40:57
3110000,PHMA220013110032021200001,2001-12-27,,폐업,2013-09-03,,,178.07,122-813,,성가치과병원,치과병원,I,시군구,2026-04-30 22:30:10,"서울특별시 은평구 서오릉로 166 (갈현동, 5층)",0,폐업,03,03,치과병원,1,0,,192443.706707331    ,456716.703095364    ,서울특별시 은평구 갈현동 469번지 4호 5층,201 202 203 204 205 206 207 208 209 210,"구강악안면외과, 치과보철과, 치과교정과, 소아치과, 치주과, 치과보존과, 구강내과, 구강악안면방사선과, 구강병리과, 예방치과",178.07,2013-09-03 16:56:46
3110000,PHMA220013110032021200002,2001-03-16,,폐업,2005-09-16,,,1365,122-827,,한양치과병원,치과병원,I,시군구,2026-04-30 22:30:10,"서울특별시 은평구 통일로 620 (녹번동,지층,4층)",0,폐업,03,03,치과병원,2,0,,,,"서울특별시 은평구 녹번동 39번지 2호 지층,4층",201 202 203 204 205 206 208,"구강악안면외과, 치과보철과, 치과교정과, 소아치과, 치주과, 치과보존과, 구강악안면방사선과",1365,2009-05-18 15:28:59
3110000,PHMA220023110032021200001,2002-04-25,,폐업,2017-06-20,,,273.04,122-900,03417,참조은치과병원,치과병원,I,시군구,2026-04-30 22:30:10,서울특별시 은평구 연서로 73 (역촌동),0,폐업,03,03,치과병원,3,0,023820882,192429.140308928    ,455926.649379898    ,서울특별시 은평구 역촌동 62번지 1호,411 410 409 408 407 406 405 404 403,"치과보철과, 치과교정과, 소아치과, 치주과, 치과보존과, 구강내과, 영상치의학과, 구강병리과, 예방치과",273.04,2017-06-20 17:22:13
3110000,PHMA220023110032021200002,2002-06-25,,영업/정상,,,,1085.31,,03397,서울병원,병원,I,시군구,2026-04-30 22:30:10,서울특별시 은평구 진흥로 191 (대조동),55,영업중,13,01,병원,28,18,,193814.576026954    ,456279.905534701    ,서울특별시 은평구 대조동 15번지 123호,105 101 109 116,"내과, 정형외과, 마취통증의학과, 영상의학과",1085.31,2019-01-07 16:59:51
3110000,PHMA220023110032021200003,2002-08-05,,영업/정상,,,,2864,,03460,본서부병원,병원,I,시군구,2026-04-30 22:30:10,서울특별시 은평구 은평로 133 (응암동),49,영업중,13,01,병원,27,15,0231565000,193094.466511401    ,455408.434327848    ,,101 105 106 109 116,"내과, 정형외과, 신경외과, 마취통증의학과, 영상의학과",2864,2024-01-30 15:27:05
3110000,PHMA220023110032021200004,2002-08-27,,폐업,2017-05-31,,,1696.38,,03409,참사랑병원,병원,I,시군구,2026-04-30 22:30:10,"서울특별시 은평구 연서로 10 (역촌동, 참사랑병원)",82,폐업,03,03,병원,27,24,,192551.98978217     ,455278.568446081    ,서울특별시 은평구 역촌동 44번지 28호,101 104 105 106 111 114 115 120,"내과, 외과, 정형외과, 신경외과, 소아청소년과, 피부과, 비뇨의학과, 재활의학과",1696.38,2017-06-16 10:30:09
3110000,PHMA220043110032021200001,2004-03-24,,영업/정상,,,,2541.36,,03459,연세노블병원,병원,I,시군구,2026-04-30 22:30:10,서울특별시 은평구 서오릉로 37 (녹번동),94,영업중,13,01,병원,28,24,023840009,193261.272622326    ,455751.119631105    ,서울특별시 은평구 녹번동 154번지 19호,122 120 119 116 115 114 113 111 110 102 101,"내과, 신경과, 산부인과, 소아청소년과, 이비인후과, 피부과, 비뇨의학과, 영상의학과, 진단검사의학과, 재활의학과, 가정의학과",2541.36,2025-10-29 16:12:03
3110000,PHMA220063110032021200001,2006-08-03,,영업/정상,,,,420.49,,03385,문치과병원,치과병원,I,시군구,2026-04-30 22:30:10,서울특별시 은평구 통일로 809-1 (대조동),0,영업중,13,01,치과병원,2,0,,193196.242475972    ,457089.719123723    ,서울특별시 은평구 대조동 187번지 51호,411 410 409 408 407 406 405 404 403,"치과보철과, 치과교정과, 소아치과, 치주과, 치과보존과, 구강내과, 영상치의학과, 구강병리과, 예방치과",420.49,2022-12-01 09:55:39
3110000,PHMA220063110032021200002,2006-08-07,,영업/정상,,,,3252.55,122-813,03334,은평연세병원,병원,I,시군구,2026-04-30 22:30:10,서울특별시 은평구 연서로 177 (갈현동),73,영업중,13,01,병원,27,24,023888114,192640.903780482    ,456933.471863348    ,서울특별시 은평구 갈현동 462번지 52호,125 122 119 116 111 109 106 105 104 102 101,"내과, 신경과, 외과, 정형외과, 신경외과, 마취통증의학과, 소아청소년과, 영상의학과, 진단검사의학과, 가정의학과, 응급의학과",3252.55,2023-07-14 11:28:22
3110000,PHMA220073110032021200001,2007-04-11,,영업/정상,,,,2556.1,,03412,하나효요양병원,요양병원(일반요양병원),I,시군구,2026-04-30 22:30:10,"서울특별시 은평구 서오릉로 149, 세웅그룹빌딩 3~9층 (구산동)",193,영업중,13,01,요양병원(일반요양병원),39,33,023567007,192530.535974525    ,456583.709636542    ,,101 102 103 104 105 106 120 122 301 308,"내과, 신경과, 정신건강의학과, 외과, 정형외과, 신경외과, 재활의학과, 가정의학과, 한방내과, 침구과",2556.1,2024-08-05 13:59:16
3110000,PHMA220073110032021200002,2007-12-28,,폐업,2013-02-25,,,550.77,,,강북한방병원,한방병원,I,시군구,2026-04-30 22:30:10,,36,폐업,03,03,한방병원,4,8,,,,서울특별시 은평구 불광3동 483번지 11호,303 306 308 305 302 301 304 307,"한방내과, 한방부인과, 한방소아과, 한방안·이비인후·피부과, 한방신경정신과, 한방재활의학과, 사상체질과, 침구과",550.77,2014-01-08 18:00:59
3110000,PHMA220083110032021200001,2008-03-03,,폐업,2018-03-04,,,2083,,03466,서울요양병원,요양병원(일반요양병원),I,시군구,2026-04-30 22:30:10,"서울특별시 은평구 응암로 264 (응암동, 서울빌딩)",148,폐업,03,03,요양병원(일반요양병원),17,24,,192766.423638487    ,454777.82536746     ,서울특별시 은평구 응암동 427번지 38호,101 104 105 106 120 122 308,"내과, 외과, 정형외과, 신경외과, 재활의학과, 가정의학과, 침구과",2083,2018-03-09 14:00:48
3110000,PHMA220093110032021200001,1960-11-24,,영업/정상,,,,3122.96,,03433,서울특별시서북병원,병원,I,시군구,2026-04-30 22:30:10,서울특별시 은평구 갈현로7길 49 (역촌동),255,영업중,13,01,병원,229,80,0231563000,191428.12937323     ,455780.41102268     ,,101 102 103 104 105 107 111 116 119 120 121 122 412,"내과, 신경과, 정신건강의학과, 외과, 정형외과, 심장혈관흉부외과, 소아청소년과, 영상의학과, 진단검사의학과, 재활의학과, 결핵과, 가정의학과, 통합치의학과",3122.96,2026-03-03 16:30:12
3110000,PHMA220093110032021200002,2009-03-23,,폐업,2021-10-26,,,2098.97,,03464,노블요양병원,요양병원(일반요양병원),I,시군구,2026-04-30 22:30:10,"서울특별시 은평구 응암로 304, 지1, 1~7층 (응암동)",136,폐업,03,03,요양병원(일반요양병원),33,26,023820088,192972.510360374    ,455129.703361347    ,"서울특별시 은평구 응암동 104번지 7호 지하1층, 1~7층",122 120 119 116 115 114 113 111 105 104 102 101,"내과, 신경과, 외과, 정형외과, 소아청소년과, 이비인후과, 피부과, 비뇨의학과, 영상의학과, 진단검사의학과, 재활의학과, 가정의학과",2098.97,2021-10-26 13:18:25
3110000,PHMA220103110032021200001,2010-01-05,,폐업,2017-11-05,,,2191.91,,03372,참튼튼병원,병원,I,시군구,2026-04-30 22:30:10,"서울특별시 은평구 통일로 636, 지1, 1, 2층 (녹번동)",47,폐업,03,03,병원,41,11,15887562,194220.324789601    ,455685.624980552    ,"서울특별시 은평구 녹번동 19번지 121호 지1, 1, 2층",106 105 101 116 104 114 109 118 120 122 115,"내과, 외과, 정형외과, 신경외과, 마취통증의학과, 피부과, 비뇨의학과, 영상의학과, 병리과, 재활의학과, 가정의학과",2191.91,2017-11-03 14:49:31
3110000,PHMA220113110032021200001,2011-06-10,,영업/정상,,,,7288.22,,03459,최원호병원,병원,I,시군구,2026-04-30 22:30:10,"서울특별시 은평구 서오릉로 45, 최원호병원 (녹번동)",90,영업중,13,01,병원,36,18,0215883797,193205.566015544    ,455829.616998307    ,,101 102 105 106 109 116 119 122 125,"내과, 신경과, 정형외과, 신경외과, 마취통증의학과, 영상의학과, 진단검사의학과, 가정의학과, 응급의학과",7288.22,2024-11-20 15:59:22
3110000,PHMA220113110032021200002,2011-07-15,,영업/정상,,,,2815.03,,03382,연세에덴요양병원,요양병원(일반요양병원),I,시군구,2026-04-30 22:30:10,서울특별시 은평구 통일로 669 (녹번동),177,영업중,13,01,요양병원(일반요양병원),43,34,15775046,194047.377531025    ,455977.868865806    ,서울특별시 은평구 녹번동 27번지 6호,308 306 301 122 120 115 114 113 107 106 105 104 102 101,"내과, 신경과, 외과, 정형외과, 신경외과, 심장혈관흉부외과, 이비인후과, 피부과, 비뇨의학과, 재활의학과, 가정의학과, 한방내과, 한방재활의학과, 침구과",2815.03,2019-02-17 20:08:52
3110000,PHMA220123110032021200001,2012-03-12,,폐업,2023-09-26,,,2362.8,,03333,오렌지요양병원,요양병원(일반요양병원),I,시군구,2026-04-30 22:30:10,"서울특별시 은평구 연서로 209, 보성빌 2,3일부,4~6층 (갈현동)",128,폐업,03,03,요양병원(일반요양병원),15,27,023857800,192761.348927256    ,457225.218523112    ,서울특별시 은평구 갈현동 460번지 8호 보성빌,101 120 102 308 104,"내과, 신경과, 외과, 재활의학과, 침구과",2362.8,2023-09-27 14:52:14
3110000,PHMA220133110032021200001,2013-05-20,,폐업,2014-04-28,,,749.64,122-869,,수복지한방병원,한방병원,I,시군구,2026-04-30 22:30:10,서울특별시 은평구 통일로 906 (불광동),36,폐업,03,03,한방병원,2,8,023820075,192891.252318491    ,457952.353058325    ,서울특별시 은평구 불광동 483번지 11호,301 302 303 306 305 304 307 308,"한방내과, 한방부인과, 한방소아과, 한방안·이비인후·피부과, 한방신경정신과, 한방재활의학과, 사상체질과, 침구과",749.64,2017-05-19 15:10:05
3110000,PHMA220143110032021200001,2014-03-07,,영업/정상,,,,2499.99,,03462,한국효요양병원,요양병원(일반요양병원),I,시군구,2026-04-30 22:30:10,"서울특별시 은평구 은평로 170, 6층,7층,8층 (응암동, 상현빌딩동)",247,영업중,13,01,요양병원(일반요양병원),51,32,023570357,193475.567133743    ,455434.54525995     ,,101 102 103 104 105 106 109 113 114 115 120 122 306 307 308,"내과, 신경과, 정신건강의학과, 외과, 정형외과, 신경외과, 마취통증의학과, 이비인후과, 피부과, 비뇨의학과, 재활의학과, 가정의학과, 한방재활의학과, 사상체질과, 침구과",2499.99,2026-03-03 15:11:00
3110000,PHMA220143110032021200002,2014-06-02,,취소/말소/만료/정지/중지,2014-06-02,,,749.64,122-042,03341,수사랑한방병원,한방병원,I,시군구,2026-04-30 22:30:10,"서울특별시 은평구 통일로 906, 2,3층 (불광동)",36,직권폐업,24,04,한방병원,3,8,023820075,192891.252318491    ,457952.353058325    ,"서울특별시 은평구 불광동 483번지 11호 2,3층",301 302 303 304 308 305 306 307,"한방내과, 한방부인과, 한방소아과, 한방안·이비인후·피부과, 한방신경정신과, 한방재활의학과, 사상체질과, 침구과",749.64,2016-01-15 11:32:49
3110000,PHMA220163110032021200001,2016-01-07,,영업/정상,,,,384.2,,03423,21C메트로한방병원,한방병원,I,시군구,2026-04-30 22:30:10,"서울특별시 은평구 갈현로 24, 2층 201,202호 (신사동)",32,영업중,13,01,한방병원,4,9,023881075,192023.767867284    ,455324.346591988    ,,101 120 301 302 303,"내과, 재활의학과, 한방내과, 한방부인과, 한방소아과",384.2,2025-09-02 10:33:31
3110000,PHMA220163110032021200002,2016-01-21,,영업/정상,,,,1559.25,,03368,의료법인 성누가의료재단 성누가병원,병원,I,시군구,2026-04-30 22:30:10,"서울특별시 은평구 통일로 726, 불광메디컬타워 1~12층 (불광동)",30,영업중,13,01,병원,19,10,0216600075,193778.708753016    ,456467.985518055    ,,101 105 301 302 308 408 411 412,"내과, 정형외과, 한방내과, 한방부인과, 침구과, 구강내과, 예방치과, 통합치의학과",1559.25,2025-01-17 17:09:46
3110000,PHMA220163110032021200003,2016-01-27,,폐업,2016-07-29,,,749.64,,03341,수사랑한방병원,한방병원,I,시군구,2026-04-30 22:30:10,"서울특별시 은평구 통일로 906, 2,3층 (불광동, 해피플러스1)",36,폐업,03,03,한방병원,1,8,023830075,192891.252318491    ,457952.353058325    ,"서울특별시 은평구 불광동 483번지 11호 2,3층",308 307 306 305 304 303 302 301,"한방내과, 한방부인과, 한방소아과, 한방안·이비인후·피부과, 한방신경정신과, 한방재활의학과, 사상체질과, 침구과",749.64,2022-11-30 20:11:39
3110000,PHMA220163110032021200004,2016-09-13,,폐업,2018-12-10,,,632.9,,03341,수사랑한방병원,한방병원,I,시군구,2026-04-30 22:30:10,"서울특별시 은평구 통일로 906, 2,3층 (불광동, 해피플러스1)",36,폐업,03,03,한방병원,2,8,023820075,192891.252318491    ,457952.353058325    ,서울특별시 은평구 불광동 483번지 11호,308 307 306 305 304 303 302 301,"한방내과, 한방부인과, 한방소아과, 한방안·이비인후·피부과, 한방신경정신과, 한방재활의학과, 사상체질과, 침구과",632.9,2018-12-10 14:21:20
3110000,PHMA220173110032021200001,2017-09-29,,영업/정상,,,,1799.32,,03409,리드힐병원,병원,I,시군구,2026-04-30 22:30:10,"서울특별시 은평구 연서로 10, 지하2~지상9층 (역촌동)",40,영업중,13,01,병원,24,15,023827700,192551.98978217     ,455278.568446081    ,,101 105 106 109 116,"내과, 정형외과, 신경외과, 마취통증의학과, 영상의학과",1799.32,2023-12-20 18:41:02
3110000,PHMA220183110032021200001,2018-07-26,,폐업,2023-09-11,,,1073.5,,03455,시온한방병원,한방병원,I,시군구,2026-04-30 22:30:10,"서울특별시 은평구 응암로 267, 정원빌딩 (응암동)",44,폐업,03,03,한방병원,6,12,18007570,192747.915890233    ,454846.243806105    ,서울특별시 은평구 응암동 119번지 33호 정원빌딩,308 307 306 305 304 303 302 301 122 111 101,"내과, 소아청소년과, 가정의학과, 한방내과, 한방부인과, 한방소아과, 한방안·이비인후·피부과, 한방신경정신과, 한방재활의학과, 사상체질과, 침구과",1073.5,2023-10-05 18:17:30
3110000,PHMA220193110032021100001,1961-05-15,,영업/정상,,,,176891.01,,03312,가톨릭대학교 은평성모병원,종합병원,I,시군구,2026-04-30 22:30:10,서울특별시 은평구 통일로 1021 (진관동),805,영업중,13,01,종합병원,1353,235,0218117755,192525.587513982    ,459028.508907601    ,,101 102 103 104 105 106 107 108 109 110 111 112 113 114 115 116 117 118 119 120 122 123 125 402 403 407,"내과, 신경과, 정신건강의학과, 외과, 정형외과, 신경외과, 심장혈관흉부외과, 성형외과, 마취통증의학과, 산부인과, 소아청소년과, 안과, 이비인후과, 피부과, 비뇨의학과, 영상의학과, 방사선종양학과, 병리과, 진단검사의학과, 재활의학과, 가정의학과, 핵의학과, 응급의학과, 구강악안면외과, 치과보철과, 치과보존과",176891.01,2025-07-31 20:12:58
3110000,PHMA220193110032021200001,2019-09-06,,영업/정상,,,,6281.19,,03328,은평요양병원,요양병원(일반요양병원),I,시군구,2026-04-30 22:30:10,서울특별시 은평구 통일로 935 (갈현동),195,영업중,13,01,요양병원(일반요양병원),27,34,023842311,192825.839432469    ,458236.234506263    ,,101 102 104 105 106 114 120 122 301 305 306 308,"내과, 신경과, 외과, 정형외과, 신경외과, 피부과, 재활의학과, 가정의학과, 한방내과, 한방신경정신과, 한방재활의학과, 침구과",6281.19,2023-09-13 13:31:54
3110000,PHMA220203110032021200001,2020-02-03,,영업/정상,,,,3228.37,,03353,이우요양병원,요양병원(일반요양병원),I,시군구,2026-04-30 22:30:10,서울특별시 은평구 불광로13길 15 (불광동),78,영업중,13,01,요양병원(일반요양병원),16,21,0263520700,193937.982430394    ,457220.058233981    ,,101 104 110 122 301,"내과, 외과, 산부인과, 가정의학과, 한방내과",3228.37,2026-03-03 15:10:36
3110000,PHMA220213110032021200001,2021-04-22,,영업/정상,,,,2113.88,,03372,은평포레스트한방병원,한방병원,I,시군구,2026-04-30 22:30:10,"서울특별시 은평구 통일로 636, 은평 미드스퀘어 4,5층 (녹번동)",55,영업중,13,01,한방병원,26,18,0269512727,194220.324789601    ,455685.624980552    ,,110 301 302 303 304 305 306 307 308,"산부인과, 한방내과, 한방부인과, 한방소아과, 한방안·이비인후·피부과, 한방신경정신과, 한방재활의학과, 사상체질과, 침구과",2113.88,2025-12-24 15:59:57
3110000,PHMA220253110032021200001,2025-05-29,,영업/정상,,,,1416.62,,03455,내일한방병원,한방병원,I,시군구,2026-04-30 22:30:11,"서울특별시 은평구 응암로 267, 정원빌딩 (응암동)",40,영업중,13,01,한방병원,11,12,0269541149,192747.915890233    ,454846.243806105    ,서울특별시 은평구 응암동 119-33 정원빌딩,308 307 306 305 304 303 302 301 122,"가정의학과, 한방내과, 한방부인과, 한방소아과, 한방안·이비인후·피부과, 한방신경정신과, 한방재활의학과, 사상체질과, 침구과",1416.62,2026-04-03 17:58:58
3120000,PHMA218853120033021200001,1974-03-25,,영업/정상,,,,300677.02,,03722,연세대학교의과대학세브란스병원,종합병원,I,시군구,2026-05-11 22:00:14,서울특별시 서대문구 연세로 50-1 (신촌동),2189,영업중,13,01,종합병원,4837,830,0222280114,194584.959249312    ,451381.585492051    ,,101 102 103 104 105 106 107 108 109 110 111 112 113 114 115 116 117 118 119 120 122 123 124 125 402,"내과, 신경과, 정신건강의학과, 외과, 정형외과, 신경외과, 심장혈관흉부외과, 성형외과, 마취통증의학과, 산부인과, 소아청소년과, 안과, 이비인후과, 피부과, 비뇨의학과, 영상의학과, 방사선종양학과, 병리과, 진단검사의학과, 재활의학과, 가정의학과, 핵의학과, 직업환경의학과, 응급의학과, 구강악안면외과",300677.02,2026-01-21 15:37:43
3120000,PHMA220243120033021200001,2024-04-25,,영업/정상,,,,2115.49,,03779,신촌면력한방병원,한방병원,I,시군구,2026-05-11 22:00:14,"서울특별시 서대문구 연세로 12, 피델리아 타워 8~14층 (창천동)",66,영업중,13,01,한방병원,24,30,0215882915,194374.779473707    ,450489.628895611    ,,122 301 302 303 304 305 306 307 308,"가정의학과, 한방내과, 한방부인과, 한방소아과, 한방안·이비인후·피부과, 한방신경정신과, 한방재활의학과, 사상체질과, 침구과",2115.49,2025-10-24 15:04:08
3120000,PHMA219843120033021200001,1984-02-27,,취소/말소/만료/정지/중지,2026-03-26,,,73.65,,03726,동서한의원,한방병원,I,시군구,2026-05-11 22:00:13,"서울특별시 서대문구 연희로10가길 62, 2층 (연희동)",0,직권폐업,24,04,한방병원,45,0,023371110,193762.93473238     ,451400.621540439    ,서울특별시 서대문구 연희동 194-33 2층,308 307 306 305 304 303 302 301,"한방내과, 한방부인과, 한방소아과, 한방안·이비인후·피부과, 한방신경정신과, 한방재활의학과, 사상체질과, 침구과",73.65,2026-03-26 09:11:26
3120000,PHMA219843120033021200002,1984-09-04,,영업/정상,,,,1286,,03626,서울호흡안심병원,병원,I,시군구,2026-05-11 22:00:14,서울특별시 서대문구 세무서길 20 (홍제동),50,영업중,13,01,병원,11,18,023919101,195146.999777053    ,454066.897623623    ,서울특별시 서대문구 홍제동 234-2,122 121 113 111 101,"내과, 소아청소년과, 이비인후과, 결핵과, 가정의학과",1286,2025-05-15 17:33:24
3120000,PHMA219913120033021200001,1991-05-19,,폐업,2024-02-07,2023-04-13,2023-09-13,4625.62,,03758,의료법인 원중의료재단 우리내일병원,병원,I,시군구,2026-05-11 22:00:14,"서울특별시 서대문구 신촌로37길 10, 우리내일병원 지하4층~지하1층 ,4층~10층호 (북아현동)",123,폐업,03,03,병원,26,38,0216007512,196134.284316417    ,450605.206350745    ,서울특별시 서대문구 북아현동 126-22 우리내일병원,101 104 111 105 106 109 114 113 108 112 119 122,"내과, 외과, 정형외과, 신경외과, 성형외과, 마취통증의학과, 소아청소년과, 안과, 이비인후과, 피부과, 진단검사의학과, 가정의학과",4625.62,2024-03-12 16:25:43
3120000,PHMA219943120033021200001,1994-06-22,,영업/정상,,,,8493.73,,03653,의료법인동신의료재단 동신병원,종합병원,I,시군구,2026-05-11 22:00:13,"서울특별시 서대문구 연희로 272, 동신병원 본관동 (홍은동)",205,영업중,13,01,종합병원,115,59,023969161,194321.417441299    ,453224.786009361    ,,101 102 104 105 106 109 110 115 116 118 122 125,"내과, 신경과, 외과, 정형외과, 신경외과, 마취통증의학과, 산부인과, 비뇨의학과, 영상의학과, 병리과, 가정의학과, 응급의학과",8493.73,2024-01-17 16:20:58
3120000,PHMA220043120033021200001,2004-03-02,,폐업,2026-02-15,,,1283.84,,03726,의료법인디에스동서의료재단 동서병원,병원,I,시군구,2026-05-11 22:00:14,서울특별시 서대문구 성산로 365-14 (연희동),33,폐업,03,03,병원,2,7,023371110,193759.805626607    ,451374.136885633    ,,120 119 116 101,"내과, 영상의학과, 진단검사의학과, 재활의학과",1283.84,2026-02-27 18:12:21
3120000,PHMA220063120033021200001,2006-02-20,,영업/정상,,,,2736.38,,03707,강북연세요양병원,요양병원(일반요양병원),I,시군구,2026-05-11 22:00:14,서울특별시 서대문구 성산로 335 (연희동),198,영업중,13,01,요양병원(일반요양병원),26,33,023352277,193531.905843993    ,451541.255677281    ,서울특별시 서대문구 연희동 192번지 32호,301 122 120 115 113 110 107 106 105 104 102 101,"내과, 신경과, 외과, 정형외과, 신경외과, 심장혈관흉부외과, 산부인과, 이비인후과, 비뇨의학과, 재활의학과, 가정의학과, 한방내과",2736.38,2022-01-10 15:37:54
3120000,PHMA220083120033021200001,2008-09-04,,폐업,2011-12-31,,,1413.61,120-855,,늘푸른병원,병원,I,시군구,2026-05-11 22:00:14,서울특별시 서대문구 모래내로 460 (홍제동),71,폐업,03,03,병원,2,15,027365200,195161.384718657    ,453681.531642847    ,서울특별시 서대문구 홍제1동 157번지 3호,101 106 105 116 109 305,"내과, 정형외과, 신경외과, 마취통증의학과, 영상의학과, 한방신경정신과",1413.61,2012-01-31 14:05:10
3120000,PHMA220083120033021200002,2008-11-18,,영업/정상,,,,1255.78,,03715,사랑요양병원,요양병원(일반요양병원),I,시군구,2026-05-11 22:00:13,서울특별시 서대문구 수색로 131 (북가좌동),97,영업중,13,01,요양병원(일반요양병원),18,18,023047573,,,,101 102 104 122 301,"내과, 신경과, 외과, 가정의학과, 한방내과",1255.78,2024-01-11 16:01:34
3120000,PHMA220153120033021200001,2015-01-26,,폐업,2024-12-10,,,2713.66,,03629,제이여성병원,병원,I,시군구,2026-05-11 22:00:14,"서울특별시 서대문구 통일로 442 (홍제동, 제이여성병원)",30,폐업,03,03,병원,20,16,0221537777,195065.292655665    ,454025.078627384    ,서울특별시 서대문구 홍제동 251번지 4호,116 110 109,"마취통증의학과, 산부인과, 영상의학과",2713.66,2024-12-11 11:53:21
3120000,PHMA220153120033021200002,2015-07-01,,영업/정상,,,,487.94,,03777,잎사귀치과병원,치과병원,I,시군구,2026-05-11 22:00:14,"서울특별시 서대문구 명물길 32, 준성빌딩 2,3층 (창천동)",0,영업중,13,01,치과병원,2,0,18999976,194491.307019287    ,450646.576957423    ,서울특별시 서대문구 창천동 13-2 준성빌딩,404 204 206 209 208 207 210 403,"소아치과, 치과보존과, 구강내과, 구강악안면방사선과, 구강병리과, 예방치과, 치과보철과, 치과교정과",487.94,2023-09-18 09:37:22
3120000,PHMA220153120033021200003,2015-08-11,,영업/정상,,,,2201.04,,03712,가자연세병원,병원,I,시군구,2026-05-11 22:00:14,"서울특별시 서대문구 수색로 18, 2~5층 (남가좌동, 영보웨딩부페)",40,영업중,13,01,병원,32,12,023045660,192562.973370487    ,451852.14962353     ,서울특별시 서대문구 남가좌동 102번지 3호,119 116 109 106 105 101,"내과, 정형외과, 신경외과, 마취통증의학과, 영상의학과, 진단검사의학과",2201.04,2021-12-29 09:26:53
3120000,PHMA220163120033021200001,2016-06-02,,영업/정상,,,,1668.5,,03614,효담요양병원,요양병원(일반요양병원),I,시군구,2026-05-11 22:00:14,서울특별시 서대문구 통일로 544 (홍은동),139,영업중,13,01,요양병원(일반요양병원),17,23,023958880,194596.330125214    ,454884.966168436    ,서울특별시 서대문구 홍은동 437번지 1호,308 307 306 305 304 303 302 301 122 101,"내과, 가정의학과, 한방내과, 한방부인과, 한방소아과, 한방안·이비인후·피부과, 한방신경정신과, 한방재활의학과, 사상체질과, 침구과",1668.5,2022-01-10 15:37:39
3120000,PHMA220213120033021200001,2021-07-28,,영업/정상,,,,3354.64,,03736,서울중앙요양병원,요양병원(일반요양병원),I,시군구,2026-05-11 22:00:14,서울특별시 서대문구 충정로 71-5(충정로2가),219,영업중,13,01,요양병원(일반요양병원),32,41,0231470999,196879.053918764    ,451436.098712399    ,,101 104 120 301 302 304 305 306 307 308,"내과, 외과, 재활의학과, 한방내과, 한방부인과, 한방안·이비인후·피부과, 한방신경정신과, 한방재활의학과, 사상체질과, 침구과",3354.64,2025-02-26 17:08:37
3120000,PHMA220213120033021200002,2021-11-01,,영업/정상,,,,3904.77,,03790,자연삶한방병원,한방병원,I,시군구,2026-05-11 22:00:14,"서울특별시 서대문구 수색로 102, 2~4층 (북가좌동, DMC요진아파트)",73,영업중,13,01,한방병원,26,29,023337550,191836.275479334    ,452295.332828958    ,,101 105 111 113 114 115 116 120 122 301 302 303 304 305 306 307 308,"내과, 정형외과, 소아청소년과, 이비인후과, 피부과, 비뇨의학과, 영상의학과, 재활의학과, 가정의학과, 한방내과, 한방부인과, 한방소아과, 한방안·이비인후·피부과, 한방신경정신과, 한방재활의학과, 사상체질과, 침구과",3904.77,2025-12-24 14:08:48
3120000,PHMA220223120033021200001,2022-12-02,,영업/정상,,,,2508.95,,03658,신촌힐링요양병원,요양병원(일반요양병원),I,시군구,2026-05-11 22:00:14,"서울특별시 서대문구 모래내로 330, 미도빌딩 (홍은동)",79,영업중,13,01,요양병원(일반요양병원),16,35,0262377775,194093.323180004    ,453052.898302227    ,서울특별시 서대문구 홍은동 275-59 미도빌딩,306 305 301 126 125 122 120 119 118 116 114 113 111 109 106 105 104 103 102 101,"내과, 신경과, 정신건강의학과, 외과, 정형외과, 신경외과, 마취통증의학과, 소아청소년과, 이비인후과, 피부과, 영상의학과, 병리과, 진단검사의학과, 재활의학과, 가정의학과, 응급의학과, 예방의학과, 한방내과, 한방신경정신과, 한방재활의학과",2508.95,2024-12-24 16:32:22
3120000,PHMA219743120033021200001,1974-04-01,,영업/정상,,,,17156.56,,03722,연세대학교치과대학치과병원,치과병원,I,시군구,2026-05-11 22:00:14,서울특별시 서대문구 연세로 50-1 (신촌동),8,영업중,13,01,치과병원,205,3,0222288622,194584.959249312    ,451381.585492051    ,서울특별시 서대문구 신촌동 134번지,412 410 409 408 407 406 405 404 403 402,"구강악안면외과, 치과보철과, 치과교정과, 소아치과, 치주과, 치과보존과, 구강내과, 영상치의학과, 구강병리과, 통합치의학과",17156.56,2026-03-10 17:13:01
3130000,PHMA219993130033021200001,1999-11-24,,영업/정상,,,,4916.42,121-854,04094,신촌연세병원,병원,I,시군구,2026-05-09 22:02:16,"서울특별시 마포구 서강로 110, 지2층~6층 (신수동)",116,영업중,13,01,병원,66,38,023377582,194068.379605116    ,450023.977767846    ,서울특별시 마포구 신수동 66번지 1호 지2층~6층,122 119 116 115 114 111 109 108 106 105 104 102 101,"내과, 신경과, 외과, 정형외과, 신경외과, 성형외과, 마취통증의학과, 소아청소년과, 피부과, 비뇨의학과, 영상의학과, 진단검사의학과, 가정의학과",4916.42,2020-04-02 09:24:39
3130000,PHMA219953130033021200001,1995-01-19,,영업/정상,,,,3424.75,,04072,혜당한방병원,한방병원,I,시군구,2026-05-09 22:02:17,"서울특별시 마포구 독막로 32, A동 지1,123457층 (합정동)",82,영업중,13,01,한방병원,11,29,023351010,192577.215499848    ,449537.998219362    ,,101 122 301 302 303 304 305 306 307 308,"내과, 가정의학과, 한방내과, 한방부인과, 한방소아과, 한방안·이비인후·피부과, 한방신경정신과, 한방재활의학과, 사상체질과, 침구과",3424.75,2023-05-09 17:43:10
3130000,PHMA220063130033021200001,2006-01-05,,폐업,2014-08-27,,,1249.79,121-880,,신촌리더스병원,병원,I,시군구,2026-05-09 22:02:17,"서울특별시 마포구 서강로 82, 2,4,5층 (창전동, 벽송빌딩)",42,폐업,03,03,병원,13,9,,193982.872009465    ,449796.699866941    ,"서울특별시 마포구 창전동 13번지 3호 벽송빌딩 2, 4, 5층",101 105,"내과, 정형외과",1249.79,2014-09-15 10:36:15
3130000,PHMA220123130033021200001,2012-08-03,,영업/정상,,,,2335.92,,03948,에스엠씨요양병원,요양병원(일반요양병원),I,시군구,2026-05-09 22:02:17,"서울특별시 마포구 월드컵북로 165, 지하1층~5층 (성산동, SMC)",120,영업중,13,01,요양병원(일반요양병원),19,19,023743111,191971.007142007    ,451626.174437596    ,서울특별시 마포구 성산동 200번지 22호 SMC 지하1층~5층,122 120 118 116 106 105 104 102 101,"내과, 신경과, 외과, 정형외과, 신경외과, 영상의학과, 병리과, 재활의학과, 가정의학과",2335.92,2017-09-05 18:38:36
3130000,PHMA220133130033021200001,2013-07-17,,영업/정상,,,,161.07,,04051,스마일윤치과병원,치과병원,I,시군구,2026-05-09 22:02:17,"서울특별시 마포구 양화로 178, 3층 (동교동)",0,영업중,13,01,치과병원,1,0,023332882,193316.900288756    ,450586.865060181    ,,403 404 406 407,"치과보철과, 치과교정과, 치주과, 치과보존과",161.07,2026-01-30 14:40:04
3130000,PHMA220133130033021200002,2013-08-21,,영업/정상,,,,455.2,,04168,한그루치과병원,치과병원,I,시군구,2026-05-09 22:02:17,"서울특별시 마포구 마포대로 78, 자람빌딩 3층 (도화동)",0,영업중,13,01,치과병원,4,0,,195494.021183312    ,448852.379796745    ,서울특별시 마포구 도화동 566번지 자람빌딩 3층,402 403 404 405 406 407 408 409 411 410,"구강악안면외과, 치과보철과, 치과교정과, 소아치과, 치주과, 치과보존과, 구강내과, 영상치의학과, 구강병리과, 예방치과",455.2,2019-01-14 11:33:40
3130000,PHMA220153130033021200001,2015-03-13,,영업/정상,,,,1197.26,,04058,신촌다인치과병원,치과병원,I,시군구,2026-05-09 22:02:17,"서울특별시 마포구 신촌로 94, 10층,11층 (노고산동, 그랜드플라자)",0,영업중,13,01,치과병원,8,0,027192275,194273.598098938    ,450318.724130121    ,"서울특별시 마포구 노고산동 57번지 1호 그랜드플라자 10층,11층",412 411 410 409 408 407 406 405 404 403 402,"구강악안면외과, 치과보철과, 치과교정과, 소아치과, 치주과, 치과보존과, 구강내과, 영상치의학과, 구강병리과, 예방치과, 통합치의학과",1197.26,2024-08-01 10:37:10
3130000,PHMA220163130033021200001,2016-03-23,,영업/정상,,,,8301.63,,03918,푸르메재단 넥슨어린이재활병원,요양병원(장애인의료재활시설),I,시군구,2026-05-09 22:02:17,"서울특별시 마포구 월드컵북로 494, 지하1층~7층 (상암동, 푸르메재단넥슨어린이재활병원)",38,영업중,13,01,요양병원(장애인의료재활시설),18,12,0260709000,189380.940592805    ,453602.251632194    ,"서울특별시 마포구 상암동 1738번지 푸르메재단넥슨어린이재활병원, 지하1층~7층",120 111 103,"정신건강의학과, 소아청소년과, 재활의학과",8301.63,2024-07-03 10:40:13
3130000,PHMA220173130033021200001,2017-12-28,,영업/정상,,,,2099.97,,04167,연세한강병원,병원,I,시군구,2026-05-09 22:02:16,"서울특별시 마포구 마포대로 25, 대농빌딩 2,3,5층 (마포동)",49,영업중,13,01,병원,36,14,0216443099,195051.53369717     ,448575.956518546    ,서울특별시 마포구 마포동 33번지 1호 대농빌딩,116 109 106 105 101,"내과, 정형외과, 신경외과, 마취통증의학과, 영상의학과",2099.97,2023-12-12 18:09:30
3130000,PHMA220193130033021200001,2019-07-11,,영업/정상,,,,2949.9,,03965,마포요양병원,요양병원(일반요양병원),I,시군구,2026-05-09 22:02:17,"서울특별시 마포구 성산로4길 33, 마포요양병원 지하1~5층 (성산동)",168,영업중,13,01,요양병원(일반요양병원),34,28,023378111,191843.829548101    ,451282.5581689      ,,101 102 105 106 120 122 301 302 303 304 305 306 307 308,"내과, 신경과, 정형외과, 신경외과, 재활의학과, 가정의학과, 한방내과, 한방부인과, 한방소아과, 한방안·이비인후·피부과, 한방신경정신과, 한방재활의학과, 사상체질과, 침구과",2949.9,2022-06-30 10:48:42
3130000,PHMA220203130033021200001,2020-02-07,,영업/정상,,,,3996.11,,04032,메디람한방병원,한방병원,I,시군구,2026-05-09 22:02:17,"서울특별시 마포구 양화로 119, 디키즈코리아 B1~6층 (서교동)",130,영업중,13,01,한방병원,32,51,023333300,192845.169556615    ,450236.962182002    ,,101 110 115 122 301 302 303 304 305 306 307 308,"내과, 산부인과, 비뇨의학과, 가정의학과, 한방내과, 한방부인과, 한방소아과, 한방안·이비인후·피부과, 한방신경정신과, 한방재활의학과, 사상체질과, 침구과",3996.11,2025-12-23 09:42:52
3130000,PHMA220203130033021200002,2020-02-17,,영업/정상,,,,1671.51,,04109,세솟는정형외과병원,병원,I,시군구,2026-05-09 22:02:17,"서울특별시 마포구 백범로 26, 세솟는병원 (신수동)",30,영업중,13,01,병원,10,10,027197373,194363.589730635    ,450007.19193806     ,서울특별시 마포구 신수동 81번지 101호 세솟는병원,116 105,"정형외과, 영상의학과",1671.51,2024-10-08 14:57:04
3130000,PHMA220213130033021200001,2021-07-28,,영업/정상,,,,1641.21,,04115,위비앙병원,병원,I,시군구,2026-05-09 22:02:17,서울특별시 마포구 신촌로 240 (아현동),43,영업중,13,01,병원,20,18,0262078811,195728.22322929     ,450517.899048451    ,서울특별시 마포구 아현동 346-5,109 104,"외과, 마취통증의학과",1641.21,2023-04-07 13:02:58
3130000,PHMA220213130033021200002,2021-09-30,,영업/정상,,,,1563.14,,04068,마포척한방병원,한방병원,I,시군구,2026-05-09 22:02:17,"서울특별시 마포구 와우산로 48, 로하스타워 2층 (상수동)",36,영업중,13,01,한방병원,2,10,0260105010,193162.941502573    ,449587.977598681    ,,122 301 302 303 304 305 306 307 308,"가정의학과, 한방내과, 한방부인과, 한방소아과, 한방안·이비인후·피부과, 한방신경정신과, 한방재활의학과, 사상체질과, 침구과",1563.14,2025-05-26 15:03:20
3130000,PHMA220223130033021200001,2010-10-06,,영업/정상,,,,2325.23,,04159,서울연세병원,병원,I,시군구,2026-05-09 22:02:17,"서울특별시 마포구 토정로 271, 대현빌딩 지하1층,지상2~6층 (용강동)",44,영업중,13,01,병원,26,14,0222937582,194654.585202529    ,448914.521960764    ,"서울특별시 마포구 용강동 473-1 대현빌딩 지하층 , 지상2층~지상6층",116 109 108 106 105 104 101,"내과, 외과, 정형외과, 신경외과, 성형외과, 마취통증의학과, 영상의학과",2325.23,2022-12-16 14:12:53
3130000,PHMA220253130033021200001,2025-12-23,,영업/정상,,,,3125.17,,04096,올센병원,병원,I,시군구,2026-05-09 22:02:17,"서울특별시 마포구 독막로 241, 지하2-3층, 지상2-5층 (대흥동)",58,영업중,13,01,병원,29,18,18332299,194681.263317912    ,449408.790227561    ,서울특별시 마포구 대흥동 325-78,122 120 116 109 106 105 101,"내과, 정형외과, 신경외과, 마취통증의학과, 영상의학과, 재활의학과, 가정의학과",3125.17,2025-12-30 15:50:48
3130000,PHMA219003130033021200001,1900-01-01,,폐업,,,,0,,,서울광흥병원,병원,I,시군구,2026-05-09 22:02:17,,0,폐업,03,03,병원,0,0,,,,신수동345-2,101,내과,0,2008-12-15 10:03:18
3130000,PHMA219003130033021200002,1900-01-01,,폐업,,,,0,,,한양병원,병원,I,시군구,2026-05-09 22:02:17,,0,폐업,03,03,병원,0,0,,,,성산동94-4,101,내과,0,2008-12-15 10:03:18
3130000,PHMA219003130033021200003,1900-01-01,,폐업,,,,0,,,제일성모병원,병원,I,시군구,2026-05-09 22:02:17,,0,폐업,03,03,병원,0,0,,,,성산동56-3,101,내과,0,2008-12-15 10:03:19
3130000,PHMA219003130033021200004,1900-01-01,,폐업,,,,0,,,신촌서울치과병원,병원,I,시군구,2026-05-09 22:02:17,,0,폐업,03,03,병원,0,0,,,,노고산동107-36현대벤처빌2층,101,내과,0,2008-12-15 10:03:19
3130000,PHMA219003130033021200005,1900-01-01,,폐업,,,,0,,,의료법인세영의료재단중앙한방병원,병원,I,시군구,2026-05-09 22:02:17,,0,폐업,03,03,병원,0,0,,,,성산동 151-6,101,내과,0,2008-12-15 10:03:18
3130000,PHMA219003130033021200006,1900-01-01,,폐업,,,,0,,,혜성병원,병원,I,시군구,2026-05-09 22:02:17,,0,폐업,03,03,병원,0,0,,,,동교동 172-13,101,내과,0,2008-12-15 10:03:19
3130000,PHMA219903130033021200007,1990-01-31,,폐업,2011-04-11,2010-04-11,2011-04-11,2108,121-041,,한마음병원,병원,I,시군구,2026-05-09 22:02:17,,95,폐업,03,03,병원,4,21,,,,마포구 도화1동 17-22호,101,내과,2108,2015-08-21 15:10:45
3130000,PHMA220013130033021200001,2001-02-28,,폐업,2011-03-17,2010-06-07,2010-12-06,1244.09,,04098,의료법인 언양의료재단 조은병원,병원,I,시군구,2026-05-09 22:02:17,서울특별시 마포구 창전로 74 (신수동),84,폐업,03,03,병원,2,0,,194024.710637603    ,449630.498738902    ,서울특별시 마포구 신수동 103번지 2호,101 113 111 114 119 105 104 115 108 106 116,"내과, 외과, 정형외과, 신경외과, 성형외과, 소아청소년과, 이비인후과, 피부과, 비뇨의학과, 영상의학과, 진단검사의학과",1244.09,2016-12-09 13:11:58
3140000,PHMA219853140033021200001,1985-05-17,,폐업,2009-05-08,,,4327,,,연세허브병원,병원,I,시군구,2026-03-10 22:00:47,,203,폐업,03,03,병원,11,0,26441313,,,서울특별시 양천구 목4동 793-3,101 104 111 110 116 118 120 109 106,"내과, 외과, 신경외과, 마취통증의학과, 산부인과, 소아청소년과, 영상의학과, 병리과, 재활의학과",4327,2009-05-08 18:40:09
3140000,PHMA220263140033021200001,2026-02-27,,영업/정상,,,,2156.87,,07910,와봄한방병원,한방병원,I,시군구,2026-03-19 22:00:03,"서울특별시 양천구 남부순환로 352, 5~8층 (신월동)",67,영업중,13,01,한방병원,17,28,0220605551,184710.013493293    ,448160.092461161    ,,122 301 302 303 304 305 306 307 308,"가정의학과, 한방내과, 한방부인과, 한방소아과, 한방안·이비인후·피부과, 한방신경정신과, 한방재활의학과, 사상체질과, 침구과",2156.87,2026-03-18 14:21:38
3140000,PHMA219933140033021200002,1993-08-20,,영업/정상,,,,13369.43,,07937,홍익병원,종합병원,U,시군구,2026-04-29 03:03:03,"서울특별시 양천구 목동로 225, 홍익병원본관 (신정동)",267,영업중,13,01,종합병원,279,76,0226935555,187879.054915494    ,447370.031967944    ,,101 102 103 104 105 106 108 109 110 111 112 113 115 116 119 122 125 402 403 404,"내과, 신경과, 정신건강의학과, 외과, 정형외과, 신경외과, 성형외과, 마취통증의학과, 산부인과, 소아청소년과, 안과, 이비인후과, 비뇨의학과, 영상의학과, 진단검사의학과, 가정의학과, 응급의학과, 구강악안면외과, 치과보철과, 치과교정과",13369.43,2026-04-28 13:42:37
3140000,PHMA219973140033021200001,1997-12-15,,영업/정상,,,,868.71,158-857,07945,목동예치과병원,치과병원,I,시군구,2026-03-10 22:00:38,서울특별시 양천구 오목로 199 (신정동),0,영업중,13,01,치과병원,11,0,62008801,187522.738998577    ,447059.720049471    ,서울특별시 양천구 신정동 907번지 12호,411 410 409 408 407 406 405 404 403 402,"구강악안면외과, 치과보철과, 치과교정과, 소아치과, 치주과, 치과보존과, 구강내과, 영상치의학과, 구강병리과, 예방치과",868.71,2025-06-19 16:34:25
3140000,PHMA220013140033021200001,2001-04-02,,영업/정상,,,,6592.49,,07905,메디힐병원,병원,I,시군구,2026-03-10 22:00:35,"서울특별시 양천구 남부순환로 331 (신월동, 메디힐병원)",116,영업중,13,01,병원,90,36,0226047551,184727.430998613    ,448317.177185441    ,,122 120 119 116 115 114 113 110 109 106 105 104 101,"내과, 외과, 정형외과, 신경외과, 마취통증의학과, 산부인과, 이비인후과, 피부과, 비뇨의학과, 영상의학과, 진단검사의학과, 재활의학과, 가정의학과",6592.49,2026-01-29 15:48:13
3140000,PHMA220023140033021200001,2002-12-31,,영업/정상,,,,288,,07938,삼성새로이치과병원,치과병원,I,시군구,2026-03-10 22:00:49,"서울특별시 양천구 신정중앙로 103, 3층 (신정동)",0,영업중,13,01,치과병원,1,0,,187852.723365018    ,447149.18316504     ,서울특별시 양천구 신정동 888-47,412 411 410 409 408 407 406 405 404 403 402,"구강악안면외과, 치과보철과, 치과교정과, 소아치과, 치주과, 치과보존과, 구강내과, 영상치의학과, 구강병리과, 예방치과, 통합치의학과",288,2025-04-24 14:16:26
3140000,PHMA220033140033021200001,2003-07-28,,영업/정상,,,,2309.75,,07968,포미즈여성병원,병원,I,시군구,2026-03-10 22:00:50,"서울특별시 양천구 공항대로 610 (목동, 정종일산부인과)",31,영업중,13,01,병원,13,18,0226517500,188635.230900983    ,449396.806374349    ,,101 110 111 114,"내과, 산부인과, 소아청소년과, 피부과",2309.75,2025-06-19 16:29:42
3140000,PHMA220043140033021200001,2004-06-28,,영업/정상,,,,6931.25,,07999,의료법인해인의료재단 동신한방병원,한방병원,I,시군구,2026-03-10 22:00:26,"서울특별시 양천구 오목로 351, B2~6,8~9층 (목동)",70,영업중,13,01,한방병원,47,21,0226402700,189036.361978427    ,446938.511587968    ,,101 120 122 301 302 303 304 305 306 307 308,"내과, 재활의학과, 가정의학과, 한방내과, 한방부인과, 한방소아과, 한방안·이비인후·피부과, 한방신경정신과, 한방재활의학과, 사상체질과, 침구과",6931.25,2025-08-29 09:07:54
3140000,PHMA220063140033021200001,2006-08-10,,영업/정상,,,,4983.11,,07999,힘찬병원,병원,I,시군구,2026-03-10 22:00:29,"서울특별시 양천구 신목로 120 (목동, 힘찬병원)",151,영업중,13,01,병원,143,29,0218992221,189047.941727937    ,446975.068504489    ,서울특별시 양천구 목동 404번지 3호,119 116 109 106 105 102 101,"내과, 신경과, 정형외과, 신경외과, 마취통증의학과, 영상의학과, 진단검사의학과",4983.11,2025-11-27 13:55:26
3140000,PHMA220063140033021200002,2008-11-17,,폐업,2012-10-29,2012-08-12,2012-11-10,1395,,,세정병원,병원,I,시군구,2026-03-10 22:00:53,서울특별시 양천구 신월로 151 (신월동),67,폐업,03,03,병원,4,21,,185827.975624821    ,446176.194065655    ,서울특별시 양천구 신월4동 546-27,101 105 109,"내과, 정형외과, 마취통증의학과",1395,2012-10-29 15:48:16
3140000,PHMA220073140033021200001,2007-06-01,,폐업,2024-12-05,,,1337,158-074,07942,양천효요양병원,요양병원(일반요양병원),I,시군구,2026-03-10 22:00:33,"서울특별시 양천구 오목로 121 (신정동, 양천효요양병원)",77,폐업,03,03,요양병원(일반요양병원),8,13,0226966568,186770.943308232    ,446907.841242813    ,서울특별시 양천구 신정동 942번지 12호,107,심장혈관흉부외과,1337,2024-11-29 11:17:03
3140000,PHMA220083140033021200001,2008-12-30,,폐업,2012-04-01,,,199.5,158-071,,서울그린치과병원,치과병원,I,시군구,2026-03-10 22:00:43,"서울특별시 양천구 은행정로 5, 401호, 402호 (신정동, 에벤에셀빌딩)",0,폐업,03,03,치과병원,5,0,,187520.306766633    ,446450.347274241    ,"서울특별시 양천구 신정동 1023번지 12호 에벤에셀빌딩 401호, 402호",201 202 203 206 205 204 208 209 207 210,"구강악안면외과, 치과보철과, 치과교정과, 소아치과, 치주과, 치과보존과, 구강내과, 구강악안면방사선과, 구강병리과, 예방치과",199.5,2012-03-29 15:56:05
3140000,PHMA220093140033021200001,2009-05-19,,영업/정상,,,,544.1,,08011,목동중앙치과병원,치과병원,I,시군구,2026-03-10 22:00:31,"서울특별시 양천구 목동서로 285, 황금프라자 10층 (신정동)",0,영업중,13,01,치과병원,1,0,15442875,188363.725402734    ,446631.246949745    ,,402 403 404 405 406 407,"구강악안면외과, 치과보철과, 치과교정과, 소아치과, 치주과, 치과보존과",544.1,2025-09-05 09:48:35
3140000,PHMA220103140033021200001,2010-02-19,,영업/정상,,,,1940.62,,08023,목동자생한방병원,한방병원,I,시군구,2026-03-10 22:00:28,서울특별시 양천구 신월로 393 (신정동),50,영업중,13,01,한방병원,40,14,0232190920,187974.753993787    ,446724.512308587    ,서울특별시 양천구 신정동 1007-7,301 305 306 302 303 304 307 308 101 116,"내과, 영상의학과, 한방내과, 한방부인과, 한방소아과, 한방안·이비인후·피부과, 한방신경정신과, 한방재활의학과, 사상체질과, 침구과",1940.62,2025-09-05 09:34:57
3140000,PHMA220103140033021200002,2010-10-27,,폐업,2015-08-28,,,634.55,158-766,08001,목동아이엠치과병원,치과병원,I,시군구,2026-03-10 22:00:19,"서울특별시 양천구 오목로 299 (목동, 목동트라팰리스 6층)",0,폐업,03,03,치과병원,4,0,15772894,188472.759197224    ,447091.855963511    ,서울특별시 양천구 목동 962번지 목동트라팰리스 웨스턴에비뉴 6층,202 205 208 203 206 209 204 201 207 401,"구강악안면외과, 치과보철과, 치과교정과, 소아치과, 치주과, 치과보존과, 구강내과, 구강악안면방사선과, 구강병리과, 치과",634.55,2015-08-28 14:18:07
3140000,PHMA220113140033021200001,2011-02-11,,폐업,2020-03-14,,,1568.04,,08065,서울인화요양병원,요양병원(일반요양병원),I,시군구,2026-03-10 22:00:17,"서울특별시 양천구 신월로 156, 2,3,4층 (신월동)",94,폐업,03,03,요양병원(일반요양병원),12,18,0226960119,185887.947292775    ,446136.098248558    ,"서울특별시 양천구 신월동 549번지 4호 2,3,4층",101 102 120 122,"내과, 신경과, 재활의학과, 가정의학과",1568.04,2020-03-19 12:13:47
3140000,PHMA220113140033021200002,2011-03-28,,영업/정상,,,,39324.84,158-073,08049,서울특별시서남병원,종합병원,U,시군구,2026-03-26 03:03:03,서울특별시 양천구 신정이펜1로 20 (신정동),297,영업중,13,01,종합병원,368,76,15666688,185179.358877689    ,445532.444934761    ,서울특별시 양천구 신정3동 1320번지 7호,402 125 122 120 119 118 116 115 113 111 110 109 107 105 104 103 102 101,"내과, 신경과, 정신건강의학과, 외과, 정형외과, 심장혈관흉부외과, 마취통증의학과, 산부인과, 소아청소년과, 이비인후과, 비뇨의학과, 영상의학과, 병리과, 진단검사의학과, 재활의학과, 가정의학과, 응급의학과, 구강악안면외과",39324.84,2026-03-25 16:23:05
3140000,PHMA220123140033021200001,2012-06-05,,폐업,2021-08-23,,,1575.14,158-074,08022,목동연세요양병원,요양병원(일반요양병원),I,시군구,2026-03-10 22:00:15,"서울특별시 양천구 목동로 189, 3~4층 (신정동)",91,폐업,03,03,요양병원(일반요양병원),15,15,26010052,187917.430453569    ,447015.243697217    ,서울특별시 양천구 신정동 994번지 5호 3~4층,306 120 105 101,"내과, 정형외과, 재활의학과, 한방재활의학과",1575.14,2021-08-23 19:45:31
3140000,PHMA220123140033021200002,2012-09-04,,폐업,2024-03-29,,,1551.72,158-841,08064,라온휴병원,병원,I,시군구,2026-03-10 22:00:16,"서울특별시 양천구 신월로 164, 8층 9층 (신월동, 승일뷰티타워)",66,폐업,03,03,병원,7,13,0226012611,185962.809546697    ,446176.170952681    ,서울특별시 양천구 신월동 550번지 3호 승일뷰티타워 8~9층,101 122 120 109,"내과, 마취통증의학과, 재활의학과, 가정의학과",1551.72,2025-01-17 11:36:53
3140000,PHMA220123140033021200003,2012-10-29,,폐업,2013-04-01,2013-02-04,2013-04-30,1731.52,158-840,,세정한방병원,한방병원,I,시군구,2026-03-10 22:00:13,서울특별시 양천구 신월로 151 (신월동),67,폐업,03,03,한방병원,4,21,,185827.975624821    ,446176.194065655    ,서울특별시 양천구 신월동 546번지 27호,109 301 306 302 305 308 122,"마취통증의학과, 가정의학과, 한방내과, 한방부인과, 한방신경정신과, 한방재활의학과, 침구과",1731.52,2013-04-02 13:43:58
3140000,PHMA220123140033021200004,2012-11-08,,폐업,2020-05-01,,,222,158-861,08086,서울그린치과병원,치과병원,I,시군구,2026-03-10 22:00:14,"서울특별시 양천구 은행정로 5, 401호, 402호 (신정동, 에벤에셀빌딩)",0,폐업,03,03,치과병원,2,0,0226482727,187520.306766633    ,446450.347274241    ,"서울특별시 양천구 신정동 1023번지 12호 에벤에셀빌딩 4층 401, 402호",401,치과,222,2020-10-19 16:51:52
3140000,PHMA220133140033021200001,2013-04-19,,폐업,2016-03-24,,,1752,158-840,08032,서울세정병원,병원,I,시군구,2026-03-10 22:00:56,서울특별시 양천구 신월로 151 (신월동),67,폐업,03,03,병원,4,21,0226965601,185827.975624821    ,446176.194065655    ,서울특별시 양천구 신월동 546번지 27호,101 105 104 111 113 114 115 116,"내과, 외과, 정형외과, 소아청소년과, 이비인후과, 피부과, 비뇨의학과, 영상의학과",1752,2016-03-28 11:36:54
3140000,PHMA220133140033021200002,2013-11-08,,폐업,2014-08-27,,,1621.99,158-811,,동서융합병원,병원,I,시군구,2026-03-10 22:00:58,서울특별시 양천구 등촌로 230 (목동),30,폐업,03,03,병원,7,11,0226491140,187930.037785561    ,449767.441786782    ,서울특별시 양천구 목동 606번지 14호,101 120 111 301 305 308,"내과, 소아청소년과, 재활의학과, 한방내과, 한방신경정신과, 침구과",1621.99,2014-08-27 17:34:57
3140000,PHMA220143140033021200001,2014-08-27,,폐업,2016-06-01,,,1621.99,,07946,아이토마토한방병원,한방병원,I,시군구,2026-03-10 22:00:55,"서울특별시 양천구 등촌로 230 (목동, 지하1층, 2층~6층)",32,폐업,03,03,한방병원,4,11,0226491140,187930.037785561    ,449767.441786782    ,"서울특별시 양천구 목동 606번지 14호 지하1층, 2층~6층",101 301 120 305 308 111 303 105,"내과, 정형외과, 소아청소년과, 재활의학과, 한방내과, 한방소아과, 한방신경정신과, 침구과",1621.99,2016-05-31 14:38:09
3140000,PHMA220163140033021200001,2016-04-29,,영업/정상,,,,1633.3,,08032,솔빛한방병원,한방병원,U,시군구,2026-04-30 03:03:03,서울특별시 양천구 신월로 151 (신월동),52,영업중,13,01,한방병원,5,26,0226965601,185827.975624821    ,446176.194065655    ,,122 301 302 303 304 305 306 307 308,"가정의학과, 한방내과, 한방부인과, 한방소아과, 한방안·이비인후·피부과, 한방신경정신과, 한방재활의학과, 사상체질과, 침구과",1633.3,2026-04-29 15:51:15
3140000,PHMA220183140033021200001,2018-05-30,,영업/정상,,,,1338.81,,08019,목동제일여성병원,병원,I,시군구,2026-03-10 22:00:24,서울특별시 양천구 중앙로 300 (신정동),39,영업중,13,01,병원,7,22,0269273646,186831.15837972     ,446764.915938532    ,"서울특별시 양천구 신정동 943번지 19호 B02,B01, 지상2~5층",111 110,"산부인과, 소아청소년과",1338.81,2025-06-19 16:36:24
3140000,PHMA220183140033021200002,2018-12-11,,폐업,2021-03-15,,,2393.59,,08003,목동성모요양병원,요양병원(일반요양병원),I,시군구,2026-03-10 22:00:22,"서울특별시 양천구 오목로 282, 서원빌딩 지하1층~3층층 (목동)",97,폐업,03,03,요양병원(일반요양병원),5,28,0236639090,188309.626961151    ,446993.871604846    ,,101 102 103 104 106 120 122 306 307 308,"내과, 신경과, 정신건강의학과, 외과, 신경외과, 재활의학과, 가정의학과, 한방재활의학과, 사상체질과, 침구과",2393.59,2021-03-15 17:47:27
3140000,PHMA220193140033021200001,2019-12-13,,영업/정상,,,,7140.05,,08106,서울스마트요양병원,요양병원(일반요양병원),I,시군구,2026-03-10 22:00:21,"서울특별시 양천구 중앙로 181, 복합메디컬타운 3~8층 (신정동)",408,영업중,13,01,요양병원(일반요양병원),64,83,0226017111,187181.28483799     ,445624.366466149    ,,308 301 122 120 104 102 101,"내과, 신경과, 외과, 재활의학과, 가정의학과, 한방내과, 침구과",7140.05,2025-09-05 10:04:16
3140000,PHMA220213140033021200001,2021-12-01,,영업/정상,,,,1726.9,,08022,바른지성한방병원,한방병원,I,시군구,2026-03-10 22:01:00,"서울특별시 양천구 목동로 189, 2,3,4층 (신정동)",40,영업중,13,01,한방병원,12,18,0226028421,187917.430453569    ,447015.243697217    ,,120 301 302 303 304 305 306 307 308,"재활의학과, 한방내과, 한방부인과, 한방소아과, 한방안·이비인후·피부과, 한방신경정신과, 한방재활의학과, 사상체질과, 침구과",1726.9,2025-09-05 10:01:05
3140000,PHMA220213140033021200002,2021-12-27,,영업/정상,,,,3969.72,,07909,서울제일요양병원,요양병원(일반요양병원),I,시군구,2026-03-10 22:01:02,서울특별시 양천구 가로공원로 81(신월동),234,영업중,13,01,요양병원(일반요양병원),36,49,0226919114,184448.497335143    ,448167.004353631    ,서울특별시 양천구 신월동 48-14,308 306 301 122 120 110 106 105 104 102 101,"내과, 신경과, 외과, 정형외과, 신경외과, 산부인과, 재활의학과, 가정의학과, 한방내과, 한방재활의학과, 침구과",3969.72,2025-09-18 10:04:46
3140000,PHMA220243140033021200001,2024-04-25,,영업/정상,,,,1462.56,,08064,라온휴한방병원,한방병원,I,시군구,2026-03-10 22:00:45,"서울특별시 양천구 신월로 164, 승일뷰티타워2 8~9층 (신월동)",50,영업중,13,01,한방병원,21,14,0226012611,185962.809546697    ,446176.170952681    ,,120 301 302 303 304 305 306 307 308,"재활의학과, 한방내과, 한방부인과, 한방소아과, 한방안·이비인후·피부과, 한방신경정신과, 한방재활의학과, 사상체질과, 침구과",1462.56,2025-09-05 10:03:45
3140000,PHMA220253140033021200001,2025-11-27,,영업/정상,,,,1536.6,,08006,힘찬경희생생한방병원,한방병원,I,시군구,2026-03-10 22:00:41,"서울특별시 양천구 오목로 344, 청학빌딩 (목동)",60,영업중,13,01,한방병원,1,19,0226426575,188904.571764159    ,446861.525362878    ,"서울특별시 양천구 목동 405-25 청학빌딩 4,5층",308 307 306 305 304 303 302 301 120,"재활의학과, 한방내과, 한방부인과, 한방소아과, 한방안·이비인후·피부과, 한방신경정신과, 한방재활의학과, 사상체질과, 침구과",1536.6,2026-02-02 16:34:50
3140000,PHMA219933140033021200001,1993-07-30,,영업/정상,,,,54689.39,158-710,07985,이화여자대학교의과대학부속목동병원,종합병원,I,시군구,2026-03-10 22:00:25,서울특별시 양천구 안양천로 1071 (목동),667,영업중,13,01,종합병원,1450,208,0226505114,189878.40729119     ,448255.199632516    ,서울특별시 양천구 목동 911번지 1호,407 406 405 404 403 402 125 124 123 122 120 119 118 117 116 115 114 113 112 111 110 109 108 107 106 105 104 103 102 101,"내과, 신경과, 정신건강의학과, 외과, 정형외과, 신경외과, 심장혈관흉부외과, 성형외과, 마취통증의학과, 산부인과, 소아청소년과, 안과, 이비인후과, 피부과, 비뇨의학과, 영상의학과, 방사선종양학과, 병리과, 진단검사의학과, 재활의학과, 가정의학과, 핵의학과, 직업환경의학과, 응급의학과, 구강악안면외과, 치과보철과, 치과교정과, 소아치과, 치주과, 치과보존과",54689.39,2026-03-04 09:52:28
3150000,PHMA220263150037021200001,2026-02-27,,영업/정상,,,,1132.52,,07564,서울특별시 서부장애인치과병원,치과병원,I,시군구,2026-04-29 22:00:12,"서울특별시 강서구 공항대로 489, 5층 (등촌동)",0,영업중,13,01,치과병원,4,0,0262563841,187680.67449684     ,450148.314556152    ,서울특별시 강서구 등촌동 645-11,411 409 407 406 405 403 402,"구강악안면외과, 치과보철과, 소아치과, 치주과, 치과보존과, 영상치의학과, 예방치과",1132.52,2026-03-03 09:28:34
3150000,PHMA219863150037021200001,1986-02-18,,영업/정상,,,,8333.48,,07668,실로암안과병원,병원,I,시군구,2026-04-29 22:00:12,"서울특별시 강서구 등촌로 181 (등촌동, 실로암안과병원)",51,영업중,13,01,병원,46,13,0226500700,187731.084393625    ,449330.107139552    ,서울특별시 강서구 등촌동 512번지 18호,101 112,"내과, 안과",8333.48,2020-03-16 10:32:58
3150000,PHMA219943150037021200001,1994-04-01,,영업/정상,,,,4010.66,,07698,유광사여성병원,병원,I,시군구,2026-04-29 22:00:11,서울특별시 강서구 강서로 194 (화곡동),75,영업중,13,01,병원,17,41,0226081011,185695.270517981    ,449055.885616277    ,서울특별시 강서구 화곡동 1031번지 12호,101 104 110 111,"내과, 외과, 산부인과, 소아청소년과",4010.66,2023-08-11 14:50:39
3150000,PHMA219973150037021200001,1997-09-29,,폐업,2022-07-18,,,4970.05,,07727,더와이즈황병원,병원,I,시군구,2026-04-29 22:00:11,"서울특별시 강서구 까치산로 23, 더와이즈황병원 (화곡동)",31,폐업,03,03,병원,18,22,0226005024,186055.847417953    ,448886.827025747    ,서울특별시 강서구 화곡동 105-68 더와이즈황병원,122 111 110 101,"내과, 산부인과, 소아청소년과, 가정의학과",4970.05,2022-07-18 14:56:52
3150000,PHMA219993150037021200001,1999-06-02,,영업/정상,,,,1435.83,157-862,07556,핑크힐병원,병원,I,시군구,2026-04-29 22:00:11,서울특별시 강서구 양천로 712 (염창동),30,영업중,13,01,병원,6,14,0226585114,188873.308682321    ,449696.809808019    ,서울특별시 강서구 염창동 263번지 3호,109 108 101,"내과, 성형외과, 마취통증의학과",1435.83,2023-10-25 17:14:29
3150000,PHMA220003150037021200001,2000-03-28,,폐업,2018-07-05,,,1493.8,157-849,07516,뉴강서성심병원,병원,I,시군구,2026-04-29 22:00:11,서울특별시 강서구 양천로 45-5 (방화동),27,폐업,03,03,병원,8,11,0226650911,183039.073279899    ,452352.098258214    ,서울특별시 강서구 방화1동 487번지 5호,101 111 106 105 104 109 116 118 114 115 110 120 122,"내과, 외과, 정형외과, 신경외과, 마취통증의학과, 산부인과, 소아청소년과, 피부과, 비뇨의학과, 영상의학과, 병리과, 재활의학과, 가정의학과",1493.8,2018-07-03 09:16:27
3150000,PHMA220003150037021200002,2000-01-24,,영업/정상,,,,14089.54,157-833,07639,미즈메디병원,종합병원,I,시군구,2026-04-29 22:00:12,서울특별시 강서구 강서로 295 (내발산동),102,영업중,13,01,종합병원,231,65,0220071000,185439.385067186    ,450008.139145119    ,"서울특별시 강서구 내발산동 701번지 4호 외 6필지, 701번지, 701-21외 2필지",122 119 116 115 111 110 109 104 101,"내과, 외과, 마취통증의학과, 산부인과, 소아청소년과, 비뇨의학과, 영상의학과, 진단검사의학과, 가정의학과",14089.54,2026-03-25 08:58:34
3150000,PHMA220013150037021200001,2001-05-28,,영업/정상,,,,2406.54,157-882,07769,강서필병원,정신병원,I,시군구,2026-04-29 22:00:11,서울특별시 강서구 강서로17길 24 (화곡동),163,영업중,13,01,정신병원,20,47,0226088855,186171.569591143    ,447873.285103959    ,서울특별시 강서구 화곡동 349번지 3호,103,정신건강의학과,2406.54,2025-12-24 17:02:51
3150000,PHMA220013150037021200002,2001-08-01,,영업/정상,,,,4093,,07702,참요양병원,요양병원(일반요양병원),I,시군구,2026-04-29 22:00:12,서울특별시 강서구 강서로 182 (화곡동),228,영업중,13,01,요양병원(일반요양병원),29,60,0226052114,185764.898845811    ,448963.082543946    ,서울특별시 강서구 화곡동 1052-6,308 305 304 303 302 301 122 120 101,"내과, 재활의학과, 가정의학과, 한방내과, 한방부인과, 한방소아과, 한방안·이비인후·피부과, 한방신경정신과, 침구과",4093,2024-05-13 13:56:45
3150000,PHMA220013150037021200003,2001-12-19,,폐업,2014-10-31,2014-09-04,2014-09-30,817.92,157-910,,서울한방병원,한방병원,I,시군구,2026-04-29 22:00:11,서울특별시 강서구 곰달래로 54 (화곡동),38,폐업,03,03,한방병원,4,8,0226998293,185684.894440424    ,447532.217283307    ,서울특별시 강서구 화곡1동 938번지 19호,301 302 303 304 305 308,"한방내과, 한방부인과, 한방소아과, 한방안·이비인후·피부과, 한방신경정신과, 침구과",817.92,2015-03-23 15:58:47
3150000,PHMA220033150037021200001,2003-01-28,,영업/정상,,,,4520,,07591,강서송도병원,병원,I,시군구,2026-04-29 22:00:12,"서울특별시 강서구 공항대로 315 (등촌동, 서울시니어강서타워)",51,영업중,13,01,병원,27,16,0226590600,186043.311279081    ,450704.666838076    ,서울특별시 강서구 등촌동 669번지 1호,101 104 109 116 122,"내과, 외과, 마취통증의학과, 영상의학과, 가정의학과",4520,2018-11-27 08:52:00
3150000,PHMA220033150037021200002,2003-05-02,,영업/정상,,,,4513.17,,07788,웰튼병원,병원,I,시군구,2026-04-29 22:00:11,"서울특별시 강서구 마곡중앙5로 22, 지하1,2층 4,11,12층호 (마곡동)",52,영업중,13,01,병원,38,14,0226902000,184496.437996802    ,451677.575370424    ,서울특별시 강서구 마곡동 759-2,101 104 105 106 109 116,"내과, 외과, 정형외과, 신경외과, 마취통증의학과, 영상의학과",4513.17,2024-11-22 08:41:12
3150000,PHMA220033150037021200003,2003-08-22,,영업/정상,,,,255.7,,07591,로고스치과병원,치과병원,I,시군구,2026-04-29 22:00:11,"서울특별시 강서구 공항대로 281, 3층 (등촌동)",0,영업중,13,01,치과병원,4,0,0226999908,185691.656792662    ,450741.08614923     ,서울특별시 강서구 등촌동 673-1,412 407 404 403 402,"구강악안면외과, 치과보철과, 치과교정과, 치과보존과, 통합치의학과",255.7,2024-08-26 17:52:24
3150000,PHMA220043150037021200001,2004-06-22,,폐업,2012-04-30,,,11377.96,157-823,,우리들병원,병원,I,시군구,2026-04-29 22:00:11,서울특별시 강서구 하늘길 70 (과해동),213,폐업,03,03,병원,186,39,0226607500,182141.205465089    ,451078.47991        ,서울특별시 강서구 과해동 676번지,106 105 109 116 107 101 120 117,"내과, 정형외과, 신경외과, 심장혈관흉부외과, 마취통증의학과, 영상의학과, 방사선종양학과, 재활의학과",11377.96,2012-04-30 15:48:52
3150000,PHMA220043150037021200002,2004-06-24,,영업/정상,,,,2338.35,,07592,솔병원,병원,I,시군구,2026-04-29 22:00:11,"서울특별시 강서구 방화대로 352, 1~4층 (방화동)",49,영업중,13,01,병원,26,13,0220647575,183782.987028949    ,452237.309625707    ,서울특별시 강서구 마곡동 1323 ,120 116 109 106 105,"정형외과, 신경외과, 마취통증의학과, 영상의학과, 재활의학과",2338.35,2018-03-28 09:34:01
3150000,PHMA220053150037021200001,2005-06-15,,폐업,2010-10-27,,,1547,157-019,,성심효요양병원,요양병원(일반요양병원),I,시군구,2026-04-29 22:00:11,,62,폐업,03,03,요양병원(일반요양병원),4,13,0226911986,,,서울특별시 강서구 화곡본동 24번지 92호,105 106 120 101 111 115 102,"내과, 신경과, 정형외과, 신경외과, 소아청소년과, 비뇨의학과, 재활의학과",1547,2010-10-27 15:53:06
3150000,PHMA220063150037021200001,2006-01-05,,폐업,2011-11-01,,,1906,157-838,,엘더스요양병원,요양병원(일반요양병원),I,시군구,2026-04-29 22:00:11,서울특별시 강서구 화곡로 416 (등촌동),128,폐업,03,03,요양병원(일반요양병원),21,20,0236639090,187117.224057771    ,450868.720608284    ,서울특별시 강서구 등촌1동 628번지 5호,101 102 120 122 104 303 306 307 304 301 308 305 302,"내과, 신경과, 외과, 재활의학과, 가정의학과, 한방내과, 한방부인과, 한방소아과, 한방안·이비인후·피부과, 한방신경정신과, 한방재활의학과, 사상체질과, 침구과",1906,2013-04-29 18:22:27
3150000,PHMA220063150037021200002,2006-06-12,,폐업,2010-03-03,,,2945,157-220,,동인당효요양병원,요양병원(일반요양병원),I,시군구,2026-04-29 22:00:11,"서울특별시 강서구 양천로1길 100 (방화동,,7,8,23,41)",119,폐업,03,03,요양병원(일반요양병원),20,24,0226660141,183087.143467593    ,452456.963629957    ,"서울특별시 강서구 방화동 486번지 6호 ,7,8,23,41",101 102 120 122 105 106 104 114 111,"내과, 신경과, 외과, 정형외과, 신경외과, 소아청소년과, 피부과, 재활의학과, 가정의학과",2945,2010-03-03 16:09:28
3150000,PHMA220073150037021200001,2007-04-03,,취소/말소/만료/정지/중지,2014-04-10,,,2348.1,157-903,,따스한봄날처럼요양병원,요양병원(일반요양병원),I,시군구,2026-04-29 22:00:11,"서울특별시 강서구 국회대로 233, 지1~지상6층 (화곡동)",197,직권폐업,24,04,요양병원(일반요양병원),36,32,0220615544,187632.708143175    ,447508.735516282    ,서울특별시 강서구 화곡4동 786번지 6호,120 101 122 102 106 308 301,"내과, 신경과, 신경외과, 재활의학과, 가정의학과, 한방내과, 침구과",2348.1,2014-04-15 13:56:08
3150000,PHMA220073150037021200002,2007-08-23,,영업/정상,,,,3267.04,,07632,서울스타병원,병원,I,시군구,2026-04-29 22:00:11,"서울특별시 강서구 강서로 307, 서울스타병원빌딩 3,4,5,6,7,층 8,9호 (내발산동)",57,영업중,13,01,병원,19,19,0226049300,185458.962703807    ,450122.621875688    ,서울특별시 강서구 내발산동 678번지 7호 서울스타병원빌딩,120 116 111 109 106 105 104 101,"내과, 외과, 정형외과, 신경외과, 마취통증의학과, 소아청소년과, 영상의학과, 재활의학과",3267.04,2026-01-30 08:54:14
3150000,PHMA220083150037021200001,2008-06-20,,폐업,2018-08-14,,,2359,157-807,07527,큰나무병원,병원,I,시군구,2026-04-29 22:00:11,"서울특별시 강서구 양천로57길 9-7, 2,4,5,8층 (가양동)",66,폐업,03,03,병원,13,11,0236641155,186806.918940076    ,451250.989386617    ,"서울특별시 강서구 가양동 1479번지 10호 2, 4, 5, 8층",120 105 106 104 101 111 114 115 109 102,"내과, 신경과, 외과, 정형외과, 신경외과, 마취통증의학과, 소아청소년과, 피부과, 비뇨의학과, 재활의학과",2359,2018-07-27 11:21:27
3150000,PHMA220083150037021200002,2008-12-08,,영업/정상,,,,244.2,,07727,서울바로나치과병원,치과병원,I,시군구,2026-04-29 22:00:11,"서울특별시 강서구 화곡로 176-4, 5층 (화곡동)",0,영업중,13,01,치과병원,2,0,0226932827,185892.433353743    ,448833.020780674    ,서울특별시 강서구 화곡동 1076-1,412 410 409 408 407 406 405 404 403 402,"구강악안면외과, 치과보철과, 치과교정과, 소아치과, 치주과, 치과보존과, 구강내과, 영상치의학과, 구강병리과, 통합치의학과",244.2,2025-02-06 14:29:56
3150000,PHMA220093150037021200001,2009-07-17,,영업/정상,,,,487.4,,07727,더와이즈치과병원,치과병원,I,시군구,2026-04-29 22:00:11,"서울특별시 강서구 화곡로 186, 세웅빌딩 1~5,6층일부층 (화곡동)",0,영업중,13,01,치과병원,12,0,0226082875,185980.84281788     ,448892.642715531    ,서울특별시 강서구 화곡동 114-100 세웅빌딩,412 411 410 409 408 407 406 404 403 402,"구강악안면외과, 치과보철과, 치과교정과, 치주과, 치과보존과, 구강내과, 영상치의학과, 구강병리과, 예방치과, 통합치의학과",487.4,2025-11-26 11:31:12
3150000,PHMA220093150037021200002,2009-09-24,,영업/정상,,,,4343.11,,07718,강서케이병원,병원,I,시군구,2026-04-29 22:00:11,"서울특별시 강서구 가로공원로 187, 강서케이병원 (화곡동)",70,영업중,13,01,병원,34,18,18337530,185500.498361103    ,448361.495133865    ,서울특별시 강서구 화곡동 377-8 강서케이병원,116 109 106 105 101,"내과, 정형외과, 신경외과, 마취통증의학과, 영상의학과",4343.11,2025-01-03 12:49:35
3150000,PHMA220103150037021200001,2010-02-11,,영업/정상,,,,1071.95,,07590,새빛요양병원,요양병원(일반요양병원),I,시군구,2026-04-29 22:00:11,"서울특별시 강서구 화곡로61길 109, 2,3층 (등촌동)",77,영업중,13,01,요양병원(일반요양병원),9,13,0226583929,186351.227100195    ,450679.42643207     ,서울특별시 강서구 등촌동 664-11,309 308 307 306 305 304 303 302 301 122,"가정의학과, 한방내과, 한방부인과, 한방소아과, 한방안·이비인후·피부과, 한방신경정신과, 한방재활의학과, 사상체질과, 침구과, 한방응급과",1071.95,2025-11-18 17:02:24
3150000,PHMA220103150037021200002,2010-03-08,,영업/정상,,,,2898.76,,07639,서울대효병원,병원,I,시군구,2026-04-29 22:00:11,"서울특별시 강서구 강서로47가길 33, 덕산빌딩 2,3,4,5,6층 (내발산동)",147,영업중,13,01,병원,50,27,0226631114,185417.671117954    ,449870.265715482    ,서울특별시 강서구 내발산동 701번지 15호 덕산빌딩,302 301 120 101,"내과, 재활의학과, 한방내과, 한방부인과",2898.76,2026-01-28 14:05:59
3150000,PHMA220103150037021200003,2010-09-03,,영업/정상,,,,8299.91,,07591,강서힘찬병원,병원,I,시군구,2026-04-29 22:00:11,"서울특별시 강서구 강서로56길 38, 강서힘찬병원 (등촌동)",113,영업중,13,01,병원,82,24,0218992228,185851.053632398    ,450781.441229945    ,서울특별시 강서구 등촌동 671 강서힘찬병원,101 102 105 106 109 116 119 120 122,"내과, 신경과, 정형외과, 신경외과, 마취통증의학과, 영상의학과, 진단검사의학과, 재활의학과, 가정의학과",8299.91,2024-12-18 13:34:25
3150000,PHMA220103150037021200004,2010-12-28,,취소/말소/만료/정지/중지,2015-06-22,,,2040.87,157-930,,새희망의료생활협동조합 어울림요양병원,요양병원(일반요양병원),I,시군구,2026-04-29 22:00:11,"서울특별시 강서구 공항대로41길 34, 8,9층 (등촌동)",110,직권폐업,24,04,요양병원(일반요양병원),13,12,16440875,186299.74267687     ,450792.016505679    ,서울특별시 강서구 등촌3동 700번지,101 104 122 105 106 102 114 115 301 305 306 308,"내과, 신경과, 외과, 정형외과, 신경외과, 피부과, 비뇨의학과, 가정의학과, 한방내과, 한방신경정신과, 한방재활의학과, 침구과",2040.87,2015-07-28 13:42:21
3150000,PHMA220113150037021200001,2011-04-14,,영업/정상,,,,19572,,07590,부민병원,종합병원,I,시군구,2026-04-29 22:00:11,"서울특별시 강서구 공항대로 389, 부민병원 (등촌동)",300,영업중,13,01,종합병원,362,124,15777582,186764.38128991     ,450518.080943938    ,서울특별시 강서구 등촌동 657번지 부민병원,125 122 120 119 116 115 111 110 109 106 105 104 102 101,"내과, 신경과, 외과, 정형외과, 신경외과, 마취통증의학과, 산부인과, 소아청소년과, 비뇨의학과, 영상의학과, 진단검사의학과, 재활의학과, 가정의학과, 응급의학과",19572,2025-07-29 16:32:26
3150000,PHMA220113150037021200002,2011-06-15,,폐업,2017-08-08,,,1384.75,157-866,07679,비엠씨한방병원,한방병원,I,시군구,2026-04-29 22:00:11,서울특별시 강서구 화곡로 238 (화곡동),61,폐업,03,03,한방병원,5,10,26067582,186277.225943697    ,449342.679463194    ,서울특별시 강서구 화곡동 24번지 92호,101 301 306 308 120 105 115,"내과, 정형외과, 비뇨의학과, 재활의학과, 한방내과, 한방재활의학과, 침구과",1384.75,2017-07-26 16:25:56
3150000,PHMA220113150037021200003,2011-11-01,,폐업,2018-06-30,,,1908.99,157-838,07548,강서성모요양병원,요양병원(일반요양병원),I,시군구,2026-04-29 22:00:10,서울특별시 강서구 화곡로 416 (등촌동),127,폐업,03,03,요양병원(일반요양병원),19,21,0236639090,187160.665637183    ,450873.017067141    ,서울특별시 강서구 등촌1동 628번지 9호,101 104 102 120 103 122 307 308 306,"내과, 신경과, 정신건강의학과, 외과, 재활의학과, 가정의학과, 한방재활의학과, 사상체질과, 침구과",1908.99,2018-05-16 17:32:01
3150000,PHMA220123150037021200001,2012-04-30,,영업/정상,,,,11828.8,,07505,우리들병원,종합병원,I,시군구,2026-04-29 22:00:10,서울특별시 강서구 하늘길 70 (과해동),165,영업중,13,01,종합병원,139,41,0226607500,182141.205465089    ,451078.47991        ,서울특별시 강서구 과해동 676번지,120 119 116 110 109 106 105 104 101,"내과, 외과, 정형외과, 신경외과, 마취통증의학과, 산부인과, 영상의학과, 진단검사의학과, 재활의학과",11828.8,2024-11-14 17:50:23
3150000,PHMA220123150037021200002,2012-07-20,,영업/정상,,,,1709.28,,07604,방화병원,병원,I,시군구,2026-04-29 22:00:10,"서울특별시 강서구 양천로 92, 지하1, 지상1~6층 층호 (방화동, 방화정형외과)",30,영업중,13,01,병원,12,11,0226667582,183500.183270254    ,452337.321434998    ,서울특별시 강서구 방화동 572번지 11호,105,정형외과,1709.28,2021-03-29 13:50:30
3150000,PHMA220123150037021200003,2012-10-10,,영업/정상,,,,4798.76,,07552,서울고든병원,병원,I,시군구,2026-04-29 22:00:10,"서울특별시 강서구 양천로 600, 파인블루빌딩 지하1층,2,7,8층 ,9,10호 (등촌동)",84,영업중,13,01,병원,49,20,16700124,187974.228864018    ,450369.165403996    ,서울특별시 강서구 등촌동 632-6 파인블루빌딩,101 102 105 106 109 116,"내과, 신경과, 정형외과, 신경외과, 마취통증의학과, 영상의학과",4798.76,2022-12-21 16:22:37
3150000,PHMA220123150037021200004,2012-11-12,,폐업,2015-06-23,,,2269.69,157-221,,강서사랑요양병원,요양병원(일반요양병원),I,시군구,2026-04-29 22:00:10,"서울특별시 강서구 양천로 35, 1~6층 (방화동)",158,폐업,03,03,요양병원(일반요양병원),20,26,0266713111,182940.086694869    ,452319.805032727    ,서울특별시 강서구 방화동 495번지 26호 지상1층~지상6층,101 113 122 105 115 114 308,"내과, 정형외과, 이비인후과, 피부과, 비뇨의학과, 가정의학과, 침구과",2269.69,2015-06-23 13:59:46
3150000,PHMA220133150037021200001,2013-01-03,,폐업,2014-06-20,,,1150.23,157-925,,튼튼병원,병원,I,시군구,2026-04-29 22:00:10,"서울특별시 강서구 화곡로 154, 4,5,6층 (화곡동, 청산빌딩)",30,폐업,03,03,병원,6,4,0226039405,185697.914575041    ,448754.441792265    ,서울특별시 강서구 화곡동 1074번지 12호 청산빌딩4.5.6층,109 116,"마취통증의학과, 영상의학과",1150.23,2014-06-20 11:37:45
3150000,PHMA220143150037021200001,2014-04-11,,영업/정상,,,,3321,157-897,07786,새미래요양병원,요양병원(일반요양병원),I,시군구,2026-04-29 22:00:12,서울특별시 강서구 국회대로 233 (화곡동),182,영업중,13,01,요양병원(일반요양병원),25,40,0220615544,187632.708143175    ,447508.735516282    ,서울특별시 강서구 화곡동 786번지 6호,104 101 102 106 105 120 122 308 301,"내과, 신경과, 외과, 정형외과, 신경외과, 재활의학과, 가정의학과, 한방내과, 침구과",3321,2024-12-16 17:39:28
3150000,PHMA220143150037021200002,2014-07-02,,폐업,2015-12-22,,,1438,157-925,07715,강서초이스병원,병원,I,시군구,2026-04-29 22:00:12,"서울특별시 강서구 화곡로 154, 4층, 5층, 6층 (화곡동, 청산타워빌딩)",30,폐업,03,03,병원,6,4,26982200,185697.914575041    ,448754.441792265    ,서울특별시 강서구 화곡동 1074번지 12호,116 105 106,"정형외과, 신경외과, 영상의학과",1438,2019-05-15 17:24:20
3150000,PHMA220153150037021200001,2015-03-11,,영업/정상,,,,1301.92,,07775,강서수한방병원,한방병원,I,시군구,2026-04-29 22:00:12,"서울특별시 강서구 곰달래로 54, 백제빌딩 1~7층 (화곡동)",48,영업중,13,01,한방병원,16,15,0226968275,185684.894440424    ,447532.217283307    ,서울특별시 강서구 화곡동 938번지 19호 백제빌딩,308 307 306 305 304 303 302 301 122,"가정의학과, 한방내과, 한방부인과, 한방소아과, 한방안·이비인후·피부과, 한방신경정신과, 한방재활의학과, 사상체질과, 침구과",1301.92,2025-06-23 17:58:27
3150000,PHMA220163150037021200001,2016-09-19,,영업/정상,,,,2797.18,,07516,365강서수요양병원,요양병원(일반요양병원),I,시군구,2026-04-29 22:00:11,"서울특별시 강서구 양천로 35, 1~6층 (방화동)",165,영업중,13,01,요양병원(일반요양병원),19,29,0226630075,182940.086694869    ,452319.805032727    ,서울특별시 강서구 방화동 495번지 26호,101 102 104 105 106 113 114 115 122,"내과, 신경과, 외과, 정형외과, 신경외과, 이비인후과, 피부과, 비뇨의학과, 가정의학과",2797.18,2024-10-23 17:21:24
3150000,PHMA220173150037021200001,2017-01-11,,영업/정상,,,,1350.53,,07587,경희생생한방병원,한방병원,I,시군구,2026-04-29 22:00:11,"서울특별시 강서구 공항대로41길 34, 플러스존 3,4층 (등촌동)",64,영업중,13,01,한방병원,11,19,0269546575,186299.74267687     ,450792.016505679    ,서울특별시 강서구 등촌동 700 플러스존,120 301 302 303 304 305 306 307 308,"재활의학과, 한방내과, 한방부인과, 한방소아과, 한방안·이비인후·피부과, 한방신경정신과, 한방재활의학과, 사상체질과, 침구과",1350.53,2026-04-27 14:16:51
3150000,PHMA220173150037021200002,2017-01-13,,영업/정상,,,,2623.09,,07803,면력한방병원,한방병원,I,시군구,2026-04-29 22:00:11,"서울특별시 강서구 마곡중앙6로 93, 열린프라자 6,7,10층 602,603,604,605호 (마곡동)",83,영업중,13,01,한방병원,34,28,0236611075,185590.150482304    ,450885.185701751    ,서울특별시 강서구 마곡동 795-7 열린프라자,308 307 306 305 304 303 302 301 122 120,"재활의학과, 가정의학과, 한방내과, 한방부인과, 한방소아과, 한방안·이비인후·피부과, 한방신경정신과, 한방재활의학과, 사상체질과, 침구과",2623.09,2025-10-16 17:02:53
3150000,PHMA220183150037021200001,2018-07-31,,영업/정상,,,,2468.43,,07698,서울큰나무병원,병원,I,시군구,2026-04-29 22:00:10,"서울특별시 강서구 강서로 206, 1층일부,2~6층 (화곡동)",82,영업중,13,01,병원,37,23,0226951155,185617.497941805    ,449153.637971735    ,서울특별시 강서구 화곡동 1026-12,116 120,"영상의학과, 재활의학과",2468.43,2025-10-31 15:58:19
3150000,PHMA220183150037021200002,2018-12-26,,영업/정상,,,,210494.32,,07804,이화여자대학교의과대학부속서울병원,종합병원,I,시군구,2026-04-29 22:00:10,"서울특별시 강서구 공항대로 260, 이화의대부속서울병원 (마곡동)",854,영업중,13,01,종합병원,2043,429,15227000,185455.170806691    ,450604.239360205    ,서울특별시 강서구 마곡동 808 이화의대부속서울병원,412 407 403 402 125 124 123 122 120 119 118 117 116 115 114 113 112 111 110 109 108 107 106 105 104 103 102 101,"내과, 신경과, 정신건강의학과, 외과, 정형외과, 신경외과, 심장혈관흉부외과, 성형외과, 마취통증의학과, 산부인과, 소아청소년과, 안과, 이비인후과, 피부과, 비뇨의학과, 영상의학과, 방사선종양학과, 병리과, 진단검사의학과, 재활의학과, 가정의학과, 핵의학과, 직업환경의학과, 응급의학과, 구강악안면외과, 치과보철과, 치과보존과, 통합치의학과",210494.32,2026-04-24 09:40:43
3150000,PHMA220193150037021200001,2019-03-18,,영업/정상,,,,1955.37,,07714,힘찬하나로한방병원,한방병원,I,시군구,2026-04-29 22:00:10,"서울특별시 강서구 강서로 173, 터보빌딩 7,8,9층 (화곡동)",65,영업중,13,01,한방병원,17,26,0220667513,185758.413008633    ,448865.327203194    ,서울특별시 강서구 화곡동 1065-22 터보빌딩,105 301 302 303 304 305 306 307 308,"정형외과, 한방내과, 한방부인과, 한방소아과, 한방안·이비인후·피부과, 한방신경정신과, 한방재활의학과, 사상체질과, 침구과",1955.37,2026-03-03 14:07:00
3150000,PHMA220193150037021200002,2019-06-14,,영업/정상,,,,3340.49,,07614,강서바른세상병원,병원,I,시군구,2026-04-29 22:00:10,"서울특별시 강서구 금낭화로 9, 바른세상병원 1~7층 (방화동)",118,영업중,13,01,병원,44,34,0226030300,183284.388090473    ,451554.110365625    ,서울특별시 강서구 방화동 606-36 바른세상병원,308 307 306 305 304 303 302 301 120,"재활의학과, 한방내과, 한방부인과, 한방소아과, 한방안·이비인후·피부과, 한방신경정신과, 한방재활의학과, 사상체질과, 침구과",3340.49,2026-04-24 09:39:17
3150000,PHMA220193150037021200003,2019-06-18,,영업/정상,,,,3725.35,,07803,에스앤유서울병원,병원,I,시군구,2026-04-29 22:00:10,"서울특별시 강서구 공항대로 237, 에이스타워 마곡 3,4,5,6층 (마곡동)",89,영업중,13,01,병원,89,25,023335151,185253.47815088     ,450811.037605568    ,서울특별시 강서구 마곡동 797 에이스타워 마곡,116 109 106 105 101,"내과, 정형외과, 신경외과, 마취통증의학과, 영상의학과",3725.35,2024-08-27 17:55:54
3150000,PHMA220203150037021200001,2020-02-06,,영업/정상,,,,6340.58,,07540,더서밋요양병원,요양병원(일반요양병원),I,시군구,2026-04-29 22:00:12,"서울특별시 강서구 양천로 715, 지하3층~8층 (염창동)",343,영업중,13,01,요양병원(일반요양병원),46,63,0236636786,188933.762268533    ,449722.993690775    ,서울특별시 강서구 염창동 252번지 14호,308 307 306 305 304 303 302 301 120 105 104 102 101,"내과, 신경과, 외과, 정형외과, 재활의학과, 한방내과, 한방부인과, 한방소아과, 한방안·이비인후·피부과, 한방신경정신과, 한방재활의학과, 사상체질과, 침구과",6340.58,2024-08-21 15:06:27
3150000,PHMA220203150037021200002,2020-06-17,,영업/정상,,,,4143.98,,07806,무척바른한방병원,한방병원,I,시군구,2026-04-29 22:00:12,"서울특별시 강서구 공항대로 228, 4,5층 (마곡동)",60,영업중,13,01,한방병원,19,17,18336375,185148.900294753    ,450719.380288227    ,서울특별시 강서구 마곡동 800-5,122 301 302 303 304 305 306 307 308,"가정의학과, 한방내과, 한방부인과, 한방소아과, 한방안·이비인후·피부과, 한방신경정신과, 한방재활의학과, 사상체질과, 침구과",4143.98,2025-10-14 18:01:55
3150000,PHMA220203150037021200003,2020-07-08,,영업/정상,,,,2361.4,,07631,보금한방병원,한방병원,I,시군구,2026-04-29 22:00:12,"서울특별시 강서구 마곡중앙4로 22, 파인스퀘어 3,4층 (마곡동)",76,영업중,13,01,한방병원,16,20,0269490337,184844.841587036    ,450680.3656089      ,서울특별시 강서구 마곡동 799-11 파인스퀘어,308 307 306 304 303 302 301 122,"가정의학과, 한방내과, 한방부인과, 한방소아과, 한방안·이비인후·피부과, 한방재활의학과, 사상체질과, 침구과",2361.4,2023-07-06 13:51:26
3150000,PHMA220213150037021200001,2021-01-27,,영업/정상,,,,1909.76,,07727,치유본한방병원,한방병원,I,시군구,2026-04-29 22:00:12,"서울특별시 강서구 화곡로 188, FAKER TOWER 1,3~8층 (화곡동)",64,영업중,13,01,한방병원,10,31,0218337555,186001.490296079    ,448899.500159804    ,서울특별시 강서구 화곡동 114-12 FAKER TOWER,308 307 306 305 304 303 302 301 122,"가정의학과, 한방내과, 한방부인과, 한방소아과, 한방안·이비인후·피부과, 한방신경정신과, 한방재활의학과, 사상체질과, 침구과",1909.76,2025-12-24 17:04:12
3150000,PHMA220223150037021200001,2022-02-25,,영업/정상,,,,3070.4,,07714,서울원병원,병원,I,시군구,2026-04-29 22:00:11,"서울특별시 강서구 강서로 179, 6~10층 (화곡동)",68,영업중,13,01,병원,34,24,15445888,185725.161390724    ,448911.264785071    ,서울특별시 강서구 화곡동 1051-22,120 116 111 109 106 105 101,"내과, 정형외과, 신경외과, 마취통증의학과, 소아청소년과, 영상의학과, 재활의학과",3070.4,2025-12-24 17:36:57
3150000,PHMA220223150037021200002,2022-04-28,,영업/정상,,,,5117,,07632,비에스코아이비인후과병원,병원,I,시군구,2026-04-29 22:00:11,"서울특별시 강서구 강서로 323, 4~8층 (내발산동)",35,영업중,13,01,병원,23,21,0269538226,185487.641769266    ,450280.85856253     ,서울특별시 강서구 내발산동 668,113 109,"마취통증의학과, 이비인후과",5117,2026-03-04 14:53:28
3150000,PHMA220223150037021200003,2022-09-27,,영업/정상,,,,3861.05,,07572,강서365한방병원,한방병원,I,시군구,2026-04-29 22:00:10,"서울특별시 강서구 공항대로45길 15, 상가동 7~11층 (등촌동, 가양역 두산위브)",76,영업중,13,01,한방병원,24,30,0236633655,187059.703431437    ,450478.956139831    ,서울특별시 강서구 등촌동 726 가양역 두산위브,122 301 302 303 304 305 306 307 308,"가정의학과, 한방내과, 한방부인과, 한방소아과, 한방안·이비인후·피부과, 한방신경정신과, 한방재활의학과, 사상체질과, 침구과",3861.05,2026-04-24 09:37:58
3150000,PHMA220233150037021200001,2023-05-03,,영업/정상,,,,3960.4,,07632,서울필병원,병원,I,시군구,2026-04-29 22:00:10,서울특별시 강서구 강서로 357 (내발산동),72,영업중,13,01,병원,34,24,0216008205,185569.392871863    ,450611.074306467    ,서울특별시 강서구 내발산동 654,122 116 109 106 105 101,"내과, 정형외과, 신경외과, 마취통증의학과, 영상의학과, 가정의학과",3960.4,2023-05-03 11:16:15
3150000,PHMA220243150037021200001,2024-06-04,,영업/정상,,,,2469.2,,07786,원탑병원,병원,I,시군구,2026-04-29 22:00:12,"서울특별시 강서구 등촌로 15, 3~6층 (화곡동)",74,영업중,13,01,병원,34,20,0226443690,187868.192160081    ,447679.060113622    ,서울특별시 강서구 화곡동 782-1,116 109 105,"정형외과, 마취통증의학과, 영상의학과",2469.2,2024-06-04 09:57:21
3150000,PHMA220253150037021200001,2025-05-29,,영업/정상,,,,1308,,07587,강서푸른꿈성모어린이병원,병원,I,시군구,2026-04-29 22:00:12,"서울특별시 강서구 공항대로41길 34, 플러스존 3,8,9층 (등촌동)",68,영업중,13,01,병원,33,43,0236650823,186299.74267687     ,450792.016505679    ,서울특별시 강서구 등촌동 700 플러스존,111 101,"내과, 소아청소년과",1308,2025-05-29 09:38:52
3160000,PHMA220143160034021200001,2014-05-26,,영업/정상,,,,1260.45,,08218,연세사랑모아여성병원,병원,I,시군구,2026-02-19 17:14:57,서울특별시 구로구 중앙로 100 (고척동),31,영업중,13,01,병원,10,17,0226361122,187606.693801873    ,444911.925277155    ,,104 108 110 114,"외과, 성형외과, 산부인과, 피부과",1260.45,2025-04-15 13:03:14
3160000,PHMA220143160034021200002,2014-06-12,,영업/정상,,,,2295,,08228,목동현대웰병원,병원,I,시군구,2026-03-20 21:59:18,"서울특별시 구로구 중앙로 91, 본소클리닉스 (고척동)",78,영업중,13,01,병원,28,21,0236661122,187589.446384647    ,444825.082812753    ,,308 307 301 122 120 106 105 102,"신경과, 정형외과, 신경외과, 재활의학과, 가정의학과, 한방내과, 사상체질과, 침구과",2295,2026-03-19 15:18:44
3160000,PHMA220133160034021200002,2013-10-01,,영업/정상,,,,4990.19,,08289,아름제일병원,병원,I,시군구,2026-02-19 17:14:57,"서울특별시 구로구 새말로 94, 2~6층, 9층 / 새말로 110 지하1층동 3~6층 (구로동)",97,영업중,13,01,병원,49,44,,190244.829015482    ,444811.238193821    ,,101 104 105 106 110 111 116,"내과, 외과, 정형외과, 신경외과, 산부인과, 소아청소년과, 영상의학과",4990.19,2025-01-15 14:07:43
3160000,PHMA220133160034021200001,2013-04-22,,영업/정상,,,,2404.38,,08291,의료법인 우리아이들 의료재단 우리아이들병원,병원,I,시군구,2026-02-19 17:14:57,"서울특별시 구로구 새말로 15, 2~10층,11층 일부호 (구로동, 삼전 솔하임)",73,영업중,13,01,병원,76,54,028580100,189538.879839832    ,444449.405034497    ,"서울특별시 구로구 구로동 586-5 삼전 솔하임 2~10층, 11층일부",408 405 122 116 115 114 113 112 111 103 101,"내과, 정신건강의학과, 소아청소년과, 안과, 이비인후과, 피부과, 비뇨의학과, 영상의학과, 가정의학과, 소아치과, 구강내과",2404.38,2025-01-08 16:11:36
3160000,PHMA220123160034021200002,2012-07-09,,영업/정상,,,,2595.54,,08342,삼성미래여성병원,병원,I,시군구,2026-02-19 17:14:57,"서울특별시 구로구 서해안로 2296, 삼성미래여성병원 (오류동)",51,영업중,13,01,병원,21,33,0226822100,185818.005782408    ,443237.927427791    ,,104 109 110 111 114 115 116 119,"외과, 마취통증의학과, 산부인과, 소아청소년과, 피부과, 비뇨의학과, 영상의학과, 진단검사의학과",2595.54,2025-01-08 16:08:36
3160000,PHMA220123160034021200001,2012-01-25,,폐업,2019-01-15,,,1684.36,152-894,08271,의료법인 씨티의료재단 씨티병원,병원,I,시군구,2026-02-19 17:14:57,서울특별시 구로구 경인로 176 (오류동),95,폐업,03,03,병원,5,15,26155005,185875.875759586    ,443592.138806549    ,서울특별시 구로구 오류동 44번지 10호,109 101 105 120 122,"내과, 정형외과, 마취통증의학과, 재활의학과, 가정의학과",1684.36,2019-01-16 09:42:35
3160000,PHMA220113160034021200001,2011-09-09,,영업/정상,,,,2410.07,,08309,예스병원,병원,I,시군구,2026-02-19 17:14:57,"서울특별시 구로구 구로동로 147, MEDI FLOWER 147 (구로동)",58,영업중,13,01,병원,42,12,15771680,189614.168824038    ,443289.375602701    ,,101 102 104 105 106 109 116 119 120 122,"내과, 신경과, 외과, 정형외과, 신경외과, 마취통증의학과, 영상의학과, 진단검사의학과, 재활의학과, 가정의학과",2410.07,2025-01-15 14:07:02
3160000,PHMA220103160034021200003,2010-12-08,,영업/정상,,,,3773.02,,08392,참튼튼병원,병원,I,시군구,2026-02-19 17:14:57,"서울특별시 구로구 시흥대로 547, 금강빌딩 지하1,2~10층(구로동), 디지털로32가길 25, 티타운빌딩 B102,103,205,206,302 (구로동)",56,영업중,13,01,병원,62,12,07042687246,191118.289291823    ,442223.132052108    ,서울특별시 구로구 구로동 1126번지 34호 금강빌딩,124 122 120 118 116 115 113 110 109 106 105 104 102 101,"내과, 신경과, 외과, 정형외과, 신경외과, 마취통증의학과, 산부인과, 이비인후과, 비뇨의학과, 영상의학과, 병리과, 재활의학과, 가정의학과, 직업환경의학과",3773.02,2025-01-15 14:21:05
3160000,PHMA220103160034021200002,2010-11-09,,영업/정상,,,,1529.95,,08227,아나파한방병원,한방병원,I,시군구,2026-02-19 17:14:57,"서울특별시 구로구 중앙로1길 18-18, 2층 (고척동, 신원프라자)",55,영업중,13,01,한방병원,15,17,0226867588,187870.470839962    ,444127.308633809    ,서울특별시 구로구 고척동 324 신원프라자,122 301 302 303 304 305 306 307 308,"가정의학과, 한방내과, 한방부인과, 한방소아과, 한방안·이비인후·피부과, 한방신경정신과, 한방재활의학과, 사상체질과, 침구과",1529.95,2024-11-13 09:18:33
3160000,PHMA220103160034021200001,2010-06-07,,폐업,2016-03-15,,,4346.8,152-838,,의료법인 고려수 의료재단 고려수요양병원,요양병원(일반요양병원),I,시군구,2026-02-19 17:14:57,서울특별시 구로구 공원로6가길 4 (구로동),223,폐업,03,03,요양병원(일반요양병원),34,43,,190344.191572332    ,444414.17086261     ,서울특별시 구로구 구로5동 44번지 7호,101 104 105 106 115 120 301 303 304 306,"내과, 외과, 정형외과, 신경외과, 비뇨의학과, 재활의학과, 한방내과, 한방소아과, 한방안·이비인후·피부과, 한방재활의학과",4346.8,2018-08-24 09:57:31
3160000,PHMA220083160034021200001,2008-02-25,,영업/정상,,,,12030.39,,08250,의료법인 미소들노인전문병원,요양병원(노인병원),I,시군구,2026-02-19 17:14:57,"서울특별시 구로구 고척로21나길 88-41 (개봉동, 미소들병원)",405,영업중,13,01,요양병원(노인병원),89,95,0236661114,185884.744012457    ,444536.915882661    ,서울특별시 구로구 개봉동 43번지 1호,308 307 306 305 304 303 302 301 122 120 116 115 114 108 106 105 104 103 102 101,"내과, 신경과, 정신건강의학과, 외과, 정형외과, 신경외과, 성형외과, 피부과, 비뇨의학과, 영상의학과, 재활의학과, 가정의학과, 한방내과, 한방부인과, 한방소아과, 한방안·이비인후·피부과, 한방신경정신과, 한방재활의학과, 사상체질과, 침구과",12030.39,2025-06-04 17:29:49
3160000,PHMA220073160034021200005,2007-09-10,,폐업,2021-07-05,,,1377.48,,08337,강서효요양병원,요양병원(일반요양병원),I,시군구,2026-02-19 17:14:57,"서울특별시 구로구 개봉로19길 3 (개봉동, 강서진료병원)",89,폐업,03,03,요양병원(일반요양병원),18,22,0226167575,187161.195063372    ,443384.622958501    ,서울특별시 구로구 개봉동 403번지 29호,301 120 114 106 105 104 101,"내과, 외과, 정형외과, 신경외과, 피부과, 재활의학과, 한방내과",1377.48,2021-07-05 13:28:19
3160000,PHMA220073160034021200004,2007-08-08,,영업/정상,,,,5171.76,,08395,의료법인 어울림의료재단 정성요양병원,요양병원(일반요양병원),I,시군구,2026-02-19 17:14:57,"서울특별시 구로구 남부순환로107길 24, 정성요양병원 (가리봉동)",328,영업중,13,01,요양병원(일반요양병원),44,73,028638636,190607.831669399    ,441932.291734949    ,서울특별시 구로구 가리봉동 137-14,308 301 122 120 109 107 106 105 104 103 101,"내과, 정신건강의학과, 외과, 정형외과, 신경외과, 심장혈관흉부외과, 마취통증의학과, 재활의학과, 가정의학과, 한방내과, 침구과",5171.76,2025-08-21 15:14:47
3160000,PHMA220073160034021200003,2007-07-02,,폐업,2011-11-09,,,1427.67,152-883,,세광보난자요양병원,요양병원(일반요양병원),I,시군구,2026-02-19 17:14:57,,69,폐업,03,03,요양병원(일반요양병원),6,13,0226152233,,,서울특별시 구로구 궁동 198-8호,101 104 105 106 120 122,"내과, 외과, 정형외과, 신경외과, 재활의학과, 가정의학과",1427.67,2011-12-06 15:55:48
3160000,PHMA220073160034021200001,2007-02-22,,폐업,2020-12-11,,,4290.52,,08395,남부효요양병원,요양병원(일반요양병원),I,시군구,2026-02-19 17:14:57,"서울특별시 구로구 남부순환로 1291 (가리봉동, 영진오피스)",299,폐업,03,03,요양병원(일반요양병원),71,52,028639900,190588.908625988    ,441873.504088439    ,,308 301 122 120 105 104 101,"내과, 외과, 정형외과, 재활의학과, 가정의학과, 한방내과, 침구과",4290.52,2021-02-13 15:58:07
3160000,PHMA220043160034021200007,2004-10-01,,영업/정상,,,,593.7,,08289,마루치과병원,치과병원,I,시군구,2026-02-19 17:14:57,서울특별시 구로구 새말로 110 (구로동),0,영업중,13,01,치과병원,2,0,028642875,190383.322395563    ,444896.37675407     ,,402 403 404 405 406 407 408 411,"구강악안면외과, 치과보철과, 치과교정과, 소아치과, 치주과, 치과보존과, 구강내과, 예방치과",593.7,2023-07-12 09:08:41
3160000,PHMA220003160034021200003,2000-02-09,,영업/정상,,,,10567.63,,08223,구로성심병원,종합병원,I,시군구,2026-02-19 17:14:57,"서울특별시 구로구 경인로 427, 구로성심병원 (고척동)",202,영업중,13,01,종합병원,190,47,0220671500,188114.404383349    ,444166.198422671    ,서울특별시 구로구 고척동 76번지 189호 구로성심병원,125 124 118 116 115 113 110 109 108 107 106 105 104 102 101,"내과, 신경과, 외과, 정형외과, 신경외과, 심장혈관흉부외과, 성형외과, 마취통증의학과, 산부인과, 이비인후과, 비뇨의학과, 영상의학과, 병리과, 직업환경의학과, 응급의학과",10567.63,2025-12-23 14:32:59
3160000,PHMA220143160034021200003,2014-07-28,,폐업,2014-09-30,,,676.5,152-805,,의료법인일명의료재단 승리요양병원,요양병원(일반요양병원),I,시군구,2026-02-19 17:14:57,서울특별시 구로구 경인로 306 (개봉동),38,폐업,03,03,요양병원(일반요양병원),2,15,,187064.192158501    ,443874.017248936    ,서울특별시 구로구 개봉동 144번지 5호,101 104 120 122,"내과, 외과, 재활의학과, 가정의학과",676.5,2014-09-30 17:12:54
3160000,PHMA220143160034021200004,2014-10-15,,폐업,2015-11-23,2015-10-12,2016-03-12,676,152-805,,의료법인 일명의료재단 승리요양병원,요양병원(일반요양병원),I,시군구,2026-02-19 17:14:57,서울특별시 구로구 경인로 306 (개봉동),38,폐업,03,03,요양병원(일반요양병원),2,15,,187064.192158501    ,443874.017248936    ,서울특별시 구로구 개봉동 144번지 5호,101 104 120 122 113 110 114 105 115,"내과, 외과, 정형외과, 산부인과, 이비인후과, 피부과, 비뇨의학과, 재활의학과, 가정의학과",676,2015-11-23 16:29:25
3160000,PHMA220153160034021200001,2015-12-11,,폐업,2016-04-15,,,675.5,,08274,의료법인 일명의료재단 승리한방병원,한방병원,I,시군구,2026-02-19 17:14:57,"서울특별시 구로구 경인로 306 (개봉동, 미서빌딩)",38,폐업,03,03,한방병원,2,14,26110050,187064.192158501    ,443874.017248936    ,서울특별시 구로구 개봉동 144번지 5호,301 302 303 304 305 306 307 308,"한방내과, 한방부인과, 한방소아과, 한방안·이비인후·피부과, 한방신경정신과, 한방재활의학과, 사상체질과, 침구과",675.5,2016-04-15 16:22:34
3160000,PHMA220163160034021200001,2016-03-15,,영업/정상,,,,4798.13,,08296,의료법인 서울효천의료재단 에이치플러스재활자립병원,병원,U,시군구,2026-04-29 03:03:03,"서울특별시 구로구 공원로6가길 4, 고려 수 타워 (구로동)",142,영업중,13,01,병원,53,39,0215772588,190344.191572332    ,444414.17086261     ,,101 120,"내과, 재활의학과",4798.13,2026-04-28 09:47:37
3160000,PHMA220163160034021200002,2016-08-25,,폐업,2019-06-29,,,609.84,,08291,우리모두들치과병원,치과병원,I,시군구,2026-02-19 17:14:57,"서울특별시 구로구 새말로 15 (구로동, 삼전솔하임)",0,폐업,03,03,치과병원,6,0,028520028,189538.879839832    ,444449.405034497    ,서울특별시 구로구 구로동 586번지 5호,411 408 407 406 405 404 403 402,"구강악안면외과, 치과보철과, 치과교정과, 소아치과, 치주과, 치과보존과, 구강내과, 예방치과",609.84,2019-07-01 09:46:39
3160000,PHMA220183160034021200001,2018-05-17,,영업/정상,,,,14277.71,,08290,재단법인 제중의료복지재단 제중요양병원,요양병원(일반요양병원),I,시군구,2026-02-19 17:14:57,"서울특별시 구로구 새말로 60, 제중요양병원 지하1,2/1~10층 (구로동)",299,영업중,13,01,요양병원(일반요양병원),48,78,028377111,189911.987102804    ,444573.762665497    ,서울특별시 구로구 구로동 552-148 제중요양병원,101 102 104 120 122 301 306,"내과, 신경과, 외과, 재활의학과, 가정의학과, 한방내과, 한방재활의학과",14277.71,2025-06-19 15:30:58
3160000,PHMA220183160034021200002,2018-09-21,,영업/정상,,,,8447.46,,08271,더세인트요양병원,요양병원(일반요양병원),I,시군구,2026-02-19 17:14:57,"서울특별시 구로구 경인로 218, 더세인트빌딩 B1.B중,3~15층 (오류동)",335,영업중,13,01,요양병원(일반요양병원),62,72,023331119,186237.293350949    ,443794.006000016    ,서울특별시 구로구 오류동 55번지 30호 더세인트빌딩,308 306 301 122 120 113 109 106 105 104 102 101,"내과, 신경과, 외과, 정형외과, 신경외과, 마취통증의학과, 이비인후과, 재활의학과, 가정의학과, 한방내과, 한방재활의학과, 침구과",8447.46,2025-05-21 16:24:45
3160000,PHMA220193160034021200001,2019-01-14,,영업/정상,,,,4356,,08218,오케이요양병원,요양병원(일반요양병원),I,시군구,2026-02-19 17:14:57,"서울특별시 구로구 중앙로 64, 고척프라자 가동 4,5층/나동3,4층 (고척동)",242,영업중,13,01,요양병원(일반요양병원),33,46,0226167755,187798.86926511     ,444629.704821749    ,,101 106 120 122 301 308,"내과, 신경외과, 재활의학과, 가정의학과, 한방내과, 침구과",4356,2024-11-13 09:21:09
3160000,PHMA220193160034021200002,2019-01-30,,폐업,2022-07-03,,,5168.73,,08227,리본병원,병원,I,시군구,2026-02-19 17:14:57,"서울특별시 구로구 경인로 393-7, 일이삼전자타운 5,6,7층 (고척동)",130,폐업,03,03,병원,33,37,0226137000,187826.698183821    ,443925.52468616     ,서울특별시 구로구 고척동 73번지 3호 일이삼전자타운,122 120,"재활의학과, 가정의학과",5168.73,2023-01-03 11:21:41
3160000,PHMA220193160034021200003,2019-02-27,,영업/정상,,,,1684.36,,08271,일로한방병원,한방병원,I,시군구,2026-02-19 17:14:57,"서울특별시 구로구 경인로 176, 501,502,601호 (오류동, 시티월드)",54,영업중,13,01,한방병원,18,17,0267411075,185875.875759586    ,443592.138806549    ,,308 306 301 122,"가정의학과, 한방내과, 한방재활의학과, 침구과",1684.36,2025-06-26 09:05:55
3160000,PHMA220213160034021200001,2021-06-01,,영업/정상,,,,4371.9,,08395,남서울요양병원,요양병원(일반요양병원),U,시군구,2026-04-02 03:03:03,"서울특별시 구로구 남부순환로 1291, 영진오피스 A동 2~7층 (가리봉동)",253,영업중,13,01,요양병원(일반요양병원),38,60,028638999,190588.908625988    ,441873.504088439    ,서울특별시 구로구 가리봉동 137-5 영진오피스,101 102 104 105 106 110 114 115 120 122 301 302 306 307 308,"내과, 신경과, 외과, 정형외과, 신경외과, 산부인과, 피부과, 비뇨의학과, 재활의학과, 가정의학과, 한방내과, 한방부인과, 한방재활의학과, 사상체질과, 침구과",4371.9,2026-04-01 11:28:53
3160000,PHMA220213160034021200002,2021-11-30,,영업/정상,,,,7086.23,,08238,서울브이아이피(VIP)요양병원,요양병원(일반요양병원),I,시군구,2026-02-19 17:14:57,"서울특별시 구로구 경인로 297, 오류빌딩 (개봉동)",315,영업중,13,01,요양병원(일반요양병원),48,64,0226118883,186968.262921097    ,443991.411315809    ,"서울특별시 구로구 개봉동 143-1 오류빌딩 지하1층, 1층,2층,3층,4층,5층,6층",301 120 106 104 101,"내과, 외과, 신경외과, 재활의학과, 한방내과",7086.23,2025-05-09 17:07:10
3160000,PHMA220223160034021200001,2022-11-02,,영업/정상,,,,3458,,08227,포그니병원,병원,I,시군구,2026-02-19 17:14:57,"서울특별시 구로구 경인로 393-7, 일이삼전자타운 2동 6,7층 (고척동)",99,영업중,13,01,병원,18,36,0226137000,187826.698183821    ,443925.52468616     ,,101 122 308,"내과, 가정의학과, 침구과",3458,2025-01-15 14:21:14
3160000,PHMA219763160034021200005,1976-09-03,,영업/정상,,,,2291.6,,08277,의료법인다나의료재단구로다나병원,정신병원,I,시군구,2026-02-28 21:59:12,"서울특별시 구로구 개봉로 126, 구로다나병원빌딩 (개봉동)",167,영업중,13,01,정신병원,15,38,0226138001,187263.423644693    ,443866.789760211    ,서울특별시 구로구 개봉동 353-2 구로다나병원빌딩,101 102 103 109 111 116 122,"내과, 신경과, 정신건강의학과, 마취통증의학과, 소아청소년과, 영상의학과, 가정의학과",2291.6,2026-02-27 05:13:18
3160000,PHMA219833160034021200001,1983-08-31,,영업/정상,,,,121129.26,,08308,고려대학교의과대학부속구로병원,종합병원,I,시군구,2026-03-10 21:59:23,"서울특별시 구로구 구로동로 148, 고려대부속구로병원 (구로동)",1008,영업중,13,01,종합병원,2030,287,0226261114,189737.563067918    ,443329.459368413    ,,411 407 406 404 403 402 125 123 122 120 119 118 117 116 115 114 113 112 111 110 109 108 107 106 105 104 103 102 101,"내과, 신경과, 정신건강의학과, 외과, 정형외과, 신경외과, 심장혈관흉부외과, 성형외과, 마취통증의학과, 산부인과, 소아청소년과, 안과, 이비인후과, 피부과, 비뇨의학과, 영상의학과, 방사선종양학과, 병리과, 진단검사의학과, 재활의학과, 가정의학과, 핵의학과, 응급의학과, 구강악안면외과, 치과보철과, 치과교정과, 치주과, 치과보존과, 예방치과",121129.26,2026-03-09 17:02:08
3170000,PHMA220193170035021200002,2019-09-25,,영업/정상,,,,1376.83,,08613,금천한방병원,한방병원,I,시군구,2026-04-30 22:00:11,"서울특별시 금천구 시흥대로73길 67, 4,6층 (시흥동)",62,영업중,13,01,한방병원,7,19,0263597554,190718.377249788    ,439322.42742435     ,서울특별시 금천구 시흥동 1031번지,308 307 306 305 304 303 302 301 109,"마취통증의학과, 한방내과, 한방부인과, 한방소아과, 한방안·이비인후·피부과, 한방신경정신과, 한방재활의학과, 사상체질과, 침구과",1376.83,2025-08-26 13:17:39
3170000,PHMA220213170035021200001,2021-03-26,,영업/정상,,,,2465.9,,08609,리솜한방병원,한방병원,I,시군구,2026-04-30 22:00:10,"서울특별시 금천구 시흥대로79길 15, 리솜메디라이프 4~7층 (시흥동)",61,영업중,13,01,한방병원,10,19,028960010,190879.063907895    ,439641.061761598    ,서울특별시 금천구 시흥동 113-14 리솜메디라이프,308 307 306 305 304 303 302 301 111,"소아청소년과, 한방내과, 한방부인과, 한방소아과, 한방안·이비인후·피부과, 한방신경정신과, 한방재활의학과, 사상체질과, 침구과",2465.9,2025-07-15 16:46:05
3170000,PHMA220153170035021200001,2015-12-02,,영업/정상,,,,4102.68,,08523,서울바른세상병원,병원,I,시군구,2026-04-30 22:00:11,"서울특별시 금천구 시흥대로 421 (독산동, 건국빌딩)",88,영업중,13,01,병원,64,16,0221119700,190880.477053829    ,441004.490706785    ,서울특별시 금천구 독산동 288번지 1호,120 116 109 106 105 101,"내과, 정형외과, 신경외과, 마취통증의학과, 영상의학과, 재활의학과",4102.68,2021-12-07 10:11:29
3170000,PHMA220123170035021200002,2012-12-26,,영업/정상,,,,1357.29,153-813,08586,성신고려요양병원,요양병원(일반요양병원),I,시군구,2026-04-30 22:00:10,서울특별시 금천구 범안로 1191 (독산동),83,영업중,13,01,요양병원(일반요양병원),17,17,028056797,190559.63708048     ,440511.152773091    ,서울특별시 금천구 독산동 331번지 39호,101 120 105 106,"내과, 정형외과, 신경외과, 재활의학과",1357.29,2026-03-04 13:00:35
3170000,PHMA220123170035021200001,2012-06-14,,영업/정상,,,,4880.29,,08548,금천수병원,병원,I,시군구,2026-04-30 22:00:10,"서울특별시 금천구 남부순환로 1400, 2~9층 (독산동)",194,영업중,13,01,병원,40,61,028385558,191659.51307314     ,441984.502153591    ,서울특별시 금천구 독산동 899-6 2~9층,308 122 120 117 102 101,"내과, 신경과, 방사선종양학과, 재활의학과, 가정의학과, 침구과",4880.29,2025-03-12 18:07:05
3170000,PHMA220113170035021200003,2011-10-21,,영업/정상,,,,1911.12,,08628,서울대효병원,병원,I,시군구,2026-04-30 22:00:10,"서울특별시 금천구 시흥대로 230, 서평빌딩 5,6,7층 (시흥동)",110,영업중,13,01,병원,28,27,028962114,191191.868732053    ,439144.877856068    ,"서울특별시 금천구 시흥동 883번지 5호 서평빌딩 5,6,7층",306 120 102 101,"내과, 신경과, 재활의학과, 한방재활의학과",1911.12,2019-08-02 10:06:12
3170000,PHMA220113170035021200002,2011-06-20,,영업/정상,,,,1636.16,153-858,08629,녹십자요양병원,요양병원(일반요양병원),I,시군구,2026-04-30 22:00:10,"서울특별시 금천구 시흥대로 202, 3,4층 (시흥동, 대의빌딩)",125,영업중,13,01,요양병원(일반요양병원),19,22,15442708,191257.611843222    ,438879.425058325    ,서울특별시 금천구 시흥1동 890번지 4호 대의빌딩 3층,101 105 308 122,"내과, 정형외과, 가정의학과, 침구과",1636.16,2021-12-30 13:06:53
3170000,PHMA220113170035021200001,2011-03-02,,폐업,2021-09-03,,,1825.33,153-864,08614,뉴연세여성병원,병원,I,시군구,2026-04-30 22:00:10,서울특별시 금천구 시흥대로 239 (시흥동),31,폐업,03,03,병원,5,16,028911801,191074.222004678    ,439241.805170218    ,서울특별시 금천구 시흥1동 999번지 29호,110 108 101 111 114,"내과, 성형외과, 산부인과, 소아청소년과, 피부과",1825.33,2021-09-01 11:17:45
3170000,PHMA220103170035021200001,2010-11-08,,영업/정상,,,,4495.28,,08534,새움병원,병원,I,시군구,2026-04-30 22:00:10,"서울특별시 금천구 시흥대로139길 8, 새움병원 (독산동)",100,영업중,13,01,병원,71,29,0215777015,190879.785534795    ,441215.679173384    ,서울특별시 금천구 독산동 150번지 7호 새움병원,101 102 103 105 106 109 116,"내과, 신경과, 정신건강의학과, 정형외과, 신경외과, 마취통증의학과, 영상의학과",4495.28,2026-03-25 11:21:02
3170000,PHMA220083170035021200001,2008-03-17,,폐업,2015-09-23,,,1182,153-823,08537,효인요양병원,요양병원(일반요양병원),I,시군구,2026-04-30 22:00:10,"서울특별시 금천구 남부순환로 1372, 5,6,7,8층 (독산동)",98,폐업,03,03,요양병원(일반요양병원),10,18,028677700,191389.027715691    ,441916.081648538    ,"서울특별시 금천구 독산동 951번지 4호 5,6,7,8층",101 113 115 122 120,"내과, 이비인후과, 비뇨의학과, 재활의학과, 가정의학과",1182,2015-09-22 14:06:44
3170000,PHMA220073170035021200001,2007-01-03,,영업/정상,,,,2273.1,153-801,08529,성지병원,정신병원,I,시군구,2026-04-30 22:00:11,서울특별시 금천구 가산로 122 (가산동),216,영업중,13,01,정신병원,16,45,028677056,190457.772817906    ,441601.325701114    ,서울특별시 금천구 가산동 151번지 36호,103,정신건강의학과,2273.1,2024-05-10 06:13:15
3170000,PHMA220033170035021200001,2003-11-07,,영업/정상,,,,1013.87,,08579,아카시아병원,병원,I,시군구,2026-04-30 22:00:11,서울특별시 금천구 시흥대로114길 5 (독산동),41,영업중,13,01,병원,14,15,028520067,190957.784165545    ,440664.026209889    ,,105 106 109 116,"정형외과, 신경외과, 마취통증의학과, 영상의학과",1013.87,2025-08-19 19:14:34
3170000,PHMA219963170035021200001,1996-04-29,,영업/정상,,,,2272.58,,08548,구로한방병원,한방병원,I,시군구,2026-04-30 22:00:10,서울특별시 금천구 남부순환로 1398 (독산동),48,영업중,13,01,한방병원,13,18,028521800,191626.356206406    ,441978.896518585    ,,122 301 302 303 304 306 308,"가정의학과, 한방내과, 한방부인과, 한방소아과, 한방안·이비인후·피부과, 한방재활의학과, 침구과",2272.58,2025-12-24 10:39:34
3170000,PHMA219853170035021200002,1985-11-05,,영업/정상,,,,4652.48,,08547,실버한방병원,한방병원,I,시군구,2026-04-30 22:00:10,서울특별시 금천구 독산로 362 (독산동),237,영업중,13,01,한방병원,28,62,028572001,191453.803581813    ,441879.189417626    ,,101 102 103 116 301 302 303 304 305 306 307 308,"내과, 신경과, 정신건강의학과, 영상의학과, 한방내과, 한방부인과, 한방소아과, 한방안·이비인후·피부과, 한방신경정신과, 한방재활의학과, 사상체질과, 침구과",4652.48,2025-11-27 09:52:54
3170000,PHMA219853170035021200001,1985-06-21,,영업/정상,,,,5777.48,153-857,08626,희명병원,종합병원,I,시군구,2026-04-30 22:00:11,서울특별시 금천구 시흥대로 244 (시흥동),166,영업중,13,01,종합병원,120,37,028040002,191137.455219209    ,439289.513727463    ,서울특별시 금천구 시흥동 882번지 31호,101 104 110 105 106 109 116 119 122 125 107,"내과, 외과, 정형외과, 신경외과, 심장혈관흉부외과, 마취통증의학과, 산부인과, 영상의학과, 진단검사의학과, 가정의학과, 응급의학과",5777.48,2025-11-11 15:49:12
3170000,PHMA220193170035021200001,2019-03-14,,영업/정상,,,,3694.51,,08613,파라솔요양병원,요양병원(일반요양병원),I,시군구,2026-04-30 22:00:11,"서울특별시 금천구 시흥대로73길 67, 엠타워 7,8,9,14,지하2층 (시흥동)",200,영업중,13,01,요양병원(일반요양병원),8,37,0269511245,190718.377249788    ,439322.42742435     ,"서울특별시 금천구 시흥동 1031번지 엠타워 7,8,9,14,지하2층",308 307 122 120 110 106 105 104 102 101,"내과, 신경과, 외과, 정형외과, 신경외과, 산부인과, 재활의학과, 가정의학과, 사상체질과, 침구과",3694.51,2023-08-04 13:21:40
3180000,PHMA220063180034021200005,1999-08-23,,폐업,2010-04-15,,,1999.51,150-053,,영등포하나요양병원,요양병원(일반요양병원),I,시군구,2026-03-10 22:01:59,,101,폐업,03,03,요양병원(일반요양병원),15,34,028320155,,,서울특별시 영등포구 신길3동 84번지,101 102 120 119 116,"내과, 신경과, 영상의학과, 진단검사의학과, 재활의학과",1999.51,2014-05-01 10:50:08
3180000,PHMA220073180034021200001,2007-03-12,,영업/정상,,,,2961.66,,07246,신화요양병원,요양병원(일반요양병원),I,시군구,2026-03-10 22:00:21,서울특별시 영등포구 영중로 100 (영등포동7가),172,영업중,13,01,요양병원(일반요양병원),30,35,0226328114,191610.879687463    ,446996.629366296    ,,101 104 105 106 111 114 120 308,"내과, 외과, 정형외과, 신경외과, 소아청소년과, 피부과, 재활의학과, 침구과",2961.66,2025-04-04 17:48:00
3180000,PHMA220073180034021200003,2007-07-23,,폐업,2014-06-26,,,1057.08,,,강남아산병원,병원,I,시군구,2026-03-10 22:01:32,서울특별시 영등포구 도신로 218 (도림동),61,폐업,03,03,병원,7,12,,192452.602139063    ,445481.026037749    ,서울 영등포구 대림3동 603-26,101 105 116 111 113 114 115,"내과, 정형외과, 소아청소년과, 이비인후과, 피부과, 비뇨의학과, 영상의학과",1057.08,2014-06-26 13:57:36
3180000,PHMA220073180034021200004,2007-11-30,,폐업,2017-06-01,,,1027.97,150-863,07272,서울으뜸병원,병원,I,시군구,2026-03-10 22:00:26,"서울특별시 영등포구 영등포로 59, 2-4층 (양평동1가, 엠에스빌딩)",60,폐업,03,03,병원,6,12,26760606,190028.918503393    ,446747.380308356    ,서울특별시 영등포구 양평동1가 190번지 2-4층,301 125 120 118 116 109 105 102 101,"내과, 신경과, 정형외과, 마취통증의학과, 영상의학과, 병리과, 재활의학과, 응급의학과, 한방내과",1027.97,2017-06-05 14:39:11
3180000,PHMA220083180034021200002,2008-07-28,,폐업,2017-10-01,,,1365.46,150-863,07272,오산당요양병원,요양병원(일반요양병원),I,시군구,2026-03-10 22:01:57,"서울특별시 영등포구 선유로25길 6, 지하1층~지상5층 (양평동1가)",100,폐업,03,03,요양병원(일반요양병원),18,17,0226787555,190170.669260909    ,446856.812051461    ,서울특별시 영등포구 양평동1가 120번지 32호,101 111 102 120 125 116 114 113 122 124 301 303 308 306 302 305 307 104,"내과, 신경과, 외과, 소아청소년과, 이비인후과, 피부과, 영상의학과, 재활의학과, 가정의학과, 직업환경의학과, 응급의학과, 한방내과, 한방부인과, 한방소아과, 한방신경정신과, 한방재활의학과, 사상체질과, 침구과",1365.46,2017-10-20 17:55:52
3180000,PHMA220083180034021200003,2000-12-20,,폐업,2022-12-23,,,1477.69,150-038,07229,뉴서울성모요양병원,요양병원(일반요양병원),I,시군구,2026-03-10 22:01:33,서울특별시 영등포구 영중로34길 6 (영등포동8가),136,폐업,03,03,요양병원(일반요양병원),14,26,0226795118,191635.028481782    ,447094.351078396    ,서울특별시 영등포구 영등포동8가 12번지 1호,308 306 305 301 122 120 111 105 104 102 101,"내과, 신경과, 외과, 정형외과, 소아청소년과, 재활의학과, 가정의학과, 한방내과, 한방신경정신과, 한방재활의학과, 침구과",1477.69,2022-12-15 13:01:29
3180000,PHMA220083180034021200004,2008-04-25,,폐업,2016-07-31,,,596.81,150-798,07301,의료법인 덕수의료재단 영등포한방병원,한방병원,I,시군구,2026-03-10 22:00:15,서울특별시 영등포구 영신로34길 5 (영등포동4가),30,폐업,03,03,한방병원,5,7,0226788225,191256.017169752    ,446425.984842846    ,서울특별시 영등포구 영등포동4가 153번지 1호,301 302 303 305 308 304,"한방내과, 한방부인과, 한방소아과, 한방안·이비인후·피부과, 한방신경정신과, 침구과",596.81,2016-07-29 14:45:32
3180000,PHMA220093180034021200001,2009-10-15,,영업/정상,,,,3717.2,,07381,대림요양병원,요양병원(일반요양병원),I,시군구,2026-03-10 22:02:04,"서울특별시 영등포구 가마산로 381 (대림동, 한세빌딩)",190,영업중,13,01,요양병원(일반요양병원),39,36,028367575,191066.851844501    ,444497.899912706    ,,101 102 104 105 120 122 301 302 303 304 305 306 307 308,"내과, 신경과, 외과, 정형외과, 재활의학과, 가정의학과, 한방내과, 한방부인과, 한방소아과, 한방안·이비인후·피부과, 한방신경정신과, 한방재활의학과, 사상체질과, 침구과",3717.2,2025-02-25 18:07:59
3180000,PHMA220103180034021200001,2010-04-06,,폐업,2014-07-17,,,2219.26,150-036,,안세병원,병원,I,시군구,2026-03-10 22:02:01,서울특별시 영등포구 영중로 59 (영등포동6가),66,폐업,03,03,병원,18,20,0226711541,191506.148858786    ,446609.211364301    ,서울특별시 영등포구 영등포동6가 8번지 3호,106 105 101 116 109,"내과, 정형외과, 신경외과, 마취통증의학과, 영상의학과",2219.26,2014-10-13 10:30:53
3180000,PHMA220103180034021200002,2010-11-22,,영업/정상,,,,12084.8,,07378,의료법인 춘혜의료재단 명지춘혜재활병원,병원,I,시군구,2026-03-10 22:02:02,"서울특별시 영등포구 대림로 223 (대림동, 명지춘혜병원)",254,영업중,13,01,병원,83,95,0232847777,190828.040487341    ,444275.786198925    ,,101 102 105 106 120 122 301 306,"내과, 신경과, 정형외과, 신경외과, 재활의학과, 가정의학과, 한방내과, 한방재활의학과",12084.8,2026-01-27 18:11:38
3180000,PHMA220113180034021200001,2011-03-28,,영업/정상,,,,2965.07,,07386,재단법인한국산업보건환경연구소부설 해상병원,정신병원,U,시군구,2026-05-02 03:03:03,서울특별시 영등포구 신길로 173 (신길동),180,영업중,13,01,정신병원,20,42,028446119,192032.408943076    ,445046.907137045    ,,101 102 103 124,"내과, 신경과, 정신건강의학과, 직업환경의학과",2965.07,2026-05-01 01:13:20
3180000,PHMA220113180034021200002,2011-06-30,,영업/정상,,,,2309.03,,07301,덕수의료재단 서울브레인병원,병원,I,시군구,2026-03-10 22:02:05,서울특별시 영등포구 영신로34길 5 (영등포동4가),112,영업중,13,01,병원,25,30,0226788225,191256.017169752    ,446425.984842846    ,서울특별시 영등포구 영등포동4가 153번지 1호,120 102 101,"내과, 신경과, 재활의학과",2309.03,2023-04-04 14:46:40
3180000,PHMA220113180034021200004,2011-07-18,,영업/정상,,,,1597,150-092,07290,로하스참사랑요양병원,요양병원(일반요양병원),I,시군구,2026-03-10 22:02:11,서울특별시 영등포구 경인로77길 6 (문래동2가),106,영업중,13,01,요양병원(일반요양병원),16,18,0226347500,190503.823501659    ,445613.03148142     ,서울특별시 영등포구 문래동2가 39번지 10호,301 120 107 101,"내과, 심장혈관흉부외과, 재활의학과, 한방내과",1597,2020-12-02 07:57:10
3180000,PHMA220133180034021200001,2013-11-07,,영업/정상,,,,4602.92,,07262,한강수병원,병원,I,시군구,2026-03-25 22:00:02,"서울특별시 영등포구 영등포로 83, 한강수병원 (양평동1가)",58,영업중,13,01,병원,68,19,0218007119,190282.785893083    ,446694.25657399     ,,101 104 105 108 109 111 124,"내과, 외과, 정형외과, 성형외과, 마취통증의학과, 소아청소년과, 직업환경의학과",4602.92,2026-03-24 17:54:07
3180000,PHMA220143180034021200001,2018-04-05,,영업/정상,,,,3715.21,,07360,연세베스트요양병원,요양병원(일반요양병원),I,시군구,2026-03-10 22:01:39,"서울특별시 영등포구 여의대방로 203 (신길동, 일이빌딩)",239,영업중,13,01,요양병원(일반요양병원),71,44,0269599600,193034.345962851    ,444796.372057832    ,,101 102 103 104 105 106 113 114 120 122 308,"내과, 신경과, 정신건강의학과, 외과, 정형외과, 신경외과, 이비인후과, 피부과, 재활의학과, 가정의학과, 침구과",3715.21,2026-02-27 15:18:23
3180000,PHMA220143180034021200002,2014-05-21,,폐업,2016-07-07,,,847.7,150-737,07327,다통한병원,병원,I,시군구,2026-03-10 22:01:41,"서울특별시 영등포구 의사당대로 97, 2층,4층 (여의도동, 교보증권빌딩)",31,폐업,03,03,병원,11,6,,193253.666517882    ,446701.353544281    ,서울특별시 영등포구 여의도동 26번지 4호,106 105 109 101 108 104 122 111 114 113 115,"내과, 외과, 정형외과, 신경외과, 성형외과, 마취통증의학과, 소아청소년과, 이비인후과, 피부과, 비뇨의학과, 가정의학과",847.7,2016-07-06 18:04:34
3180000,PHMA220143180034021200003,2014-08-18,,영업/정상,,,,1276.71,,07376,새롬한방병원,한방병원,I,시군구,2026-03-10 22:01:53,"서울특별시 영등포구 도신로 41 (대림동, 코스모메디칼)",49,영업중,13,01,한방병원,9,16,028331275,190859.233603098    ,444779.094253558    ,,105 301 302 303 304 305 306 307 308,"정형외과, 한방내과, 한방부인과, 한방소아과, 한방안·이비인후·피부과, 한방신경정신과, 한방재활의학과, 사상체질과, 침구과",1276.71,2023-08-10 18:12:14
3180000,PHMA220143180034021200004,2014-10-02,,폐업,2015-08-28,,,1940.76,150-036,,영등포안세병원,병원,I,시군구,2026-03-10 22:01:44,"서울특별시 영등포구 영중로 59 (영등포동6가, 안세빌딩)",31,폐업,03,03,병원,13,0,,191506.148858786    ,446609.211364301    ,서울특별시 영등포구 영등포동6가 8번지 3호 안세빌딩,101 122 105 106 116 103 109,"내과, 정신건강의학과, 정형외과, 신경외과, 마취통증의학과, 영상의학과, 가정의학과",1940.76,2023-08-31 13:38:19
3180000,PHMA220143180034021200005,2014-10-17,,영업/정상,,,,1670.15,,07208,대명요양병원,요양병원(일반요양병원),I,시군구,2026-03-10 22:01:45,"서울특별시 영등포구 양평로 99, 지하2, 6~9층 (양평동4가, 대명빌딩)",205,영업중,13,01,요양병원(일반요양병원),38,41,0226385900,190743.640805011    ,448249.539985718    ,,101 103 104 105 106 122 301 306 308,"내과, 정신건강의학과, 외과, 정형외과, 신경외과, 가정의학과, 한방내과, 한방재활의학과, 침구과",1670.15,2025-12-03 13:27:50
3180000,PHMA220153180034021200001,2015-02-12,,폐업,2023-06-22,,,1746.6,,07402,초록나무요양병원,요양병원(일반요양병원),I,시군구,2026-03-10 22:01:42,"서울특별시 영등포구 가마산로 368 (대림동, 메디칼빌딩)",132,폐업,03,03,요양병원(일반요양병원),17,22,0221357578,191029.590652458    ,444340.940285174    ,서울특별시 영등포구 대림동 681번지,101 102 104 105 106 122 301 304 305 306 308,"내과, 신경과, 외과, 정형외과, 신경외과, 가정의학과, 한방내과, 한방안·이비인후·피부과, 한방신경정신과, 한방재활의학과, 침구과",1746.6,2023-06-26 19:54:27
3180000,PHMA220153180034021200002,2015-11-19,,폐업,2023-11-30,,,2456.7,,07228,닥터김앤박요양병원,요양병원(일반요양병원),I,시군구,2026-03-10 22:00:17,"서울특별시 영등포구 영중로 133, 2~5층 (영등포동8가)",138,폐업,03,03,요양병원(일반요양병원),20,24,0236671211,191565.593190076    ,447346.655796394    ,서울특별시 영등포구 영등포동8가 68번지 2층~5층,308 306 301 125 120 103 102 101,"내과, 신경과, 정신건강의학과, 재활의학과, 응급의학과, 한방내과, 한방재활의학과, 침구과",2456.7,2025-07-31 14:29:15
3180000,PHMA220153180034021200003,2015-11-27,,영업/정상,,,,2228.7,,07251,새길병원,병원,I,시군구,2026-03-10 22:00:18,서울특별시 영등포구 영중로 59 (영등포동6가),51,영업중,13,01,병원,23,13,0215220075,191506.148858786    ,446609.211364301    ,,101 105 106 109 116,"내과, 정형외과, 신경외과, 마취통증의학과, 영상의학과",2228.7,2024-05-24 13:37:54
3180000,PHMA220153180034021200004,2015-12-14,,영업/정상,,,,3642.58,,07392,서울바른병원,병원,U,시군구,2026-04-29 03:03:03,"서울특별시 영등포구 여의대방로 145, 2~7층 (신길동, 세인트빌딩)",80,영업중,13,01,병원,45,20,0220988000,192857.928262332    ,444236.200769671    ,,101 102 104 105 106 107 108 109 113 116 120 122,"내과, 신경과, 외과, 정형외과, 신경외과, 심장혈관흉부외과, 성형외과, 마취통증의학과, 이비인후과, 영상의학과, 재활의학과, 가정의학과",3642.58,2026-04-28 09:34:49
3180000,PHMA220163180034021200001,2016-09-22,,폐업,2021-05-29,,,472.12,,07328,유디치과병원,치과병원,I,시군구,2026-03-10 22:00:24,"서울특별시 영등포구 국제금융로6길 26, 3층 (여의도동, 한국노총)",0,폐업,03,03,치과병원,1,0,0262770888,193474.240829093    ,446636.663614573    ,서울특별시 영등포구 여의도동 35번지 3층,411 407 406 404 403,"치과보철과, 치과교정과, 치주과, 치과보존과, 예방치과",472.12,2021-05-27 16:21:00
3180000,PHMA220173180034021200001,2017-09-08,,영업/정상,,,,2990.3,,07353,어울림병원,병원,I,시군구,2026-03-10 22:02:17,"서울특별시 영등포구 영등포로 386 (신길동, 동인빌딩)",57,영업중,13,01,병원,36,15,0218991177,192946.280189392    ,445685.944518825    ,,101 105 106 109 116 122,"내과, 정형외과, 신경외과, 마취통증의학과, 영상의학과, 가정의학과",2990.3,2026-02-27 13:14:54
3180000,PHMA220183180034021200001,2018-07-04,,영업/정상,,,,8690.51,,07299,서울센트럴요양병원,요양병원(일반요양병원),I,시군구,2026-03-10 22:02:18,서울특별시 영등포구 경인로 767 (문래동3가),378,영업중,13,01,요양병원(일반요양병원),68,69,0269594114,190968.870784784    ,445750.399305962    ,,308 302 301 122 120 106 102 101,"내과, 신경과, 신경외과, 재활의학과, 가정의학과, 한방내과, 한방부인과, 침구과",8690.51,2024-08-16 16:59:15
3180000,PHMA220193180034021200001,2019-07-26,,영업/정상,,,,1291,,07317,대윤한방병원,한방병원,I,시군구,2026-03-10 22:01:54,"서울특별시 영등포구 영등포로 358, 대윤메디컬센터 지하1층, 2-5층 (신길동)",50,영업중,13,01,한방병원,13,17,028311075,192673.697582258    ,445804.1857042      ,,122 301 302 303 304 305 306 307 308,"가정의학과, 한방내과, 한방부인과, 한방소아과, 한방안·이비인후·피부과, 한방신경정신과, 한방재활의학과, 사상체질과, 침구과",1291,2026-02-27 12:01:17
3180000,PHMA220203180034021200001,2020-12-22,,영업/정상,,,,4306,,07281,서울삼성요양병원,요양병원(일반요양병원),I,시군구,2026-03-10 22:01:48,"서울특별시 영등포구 선유로 51, 파인그라드빌딩 b1~8층 (문래동6가)",244,영업중,13,01,요양병원(일반요양병원),41,51,0269511192,190094.718810574    ,446267.346676491    ,,101 102 104 106 120 122 301 306 308,"내과, 신경과, 외과, 신경외과, 재활의학과, 가정의학과, 한방내과, 한방재활의학과, 침구과",4306,2025-10-30 10:32:30
3180000,PHMA220213180034021200001,2021-09-28,,영업/정상,,,,2065,,07417,영등포봄한방병원,한방병원,I,시군구,2026-03-10 22:01:47,"서울특별시 영등포구 도림로 144, 88월드타워 6, 7층 (대림동)",66,영업중,13,01,한방병원,11,23,028322080,190918.980623705    ,443464.033607263    ,,122 301 302 303 304 305 306 307 308,"가정의학과, 한방내과, 한방부인과, 한방소아과, 한방안·이비인후·피부과, 한방신경정신과, 한방재활의학과, 사상체질과, 침구과",2065,2023-11-10 09:04:34
3180000,PHMA220213180034021200003,2021-12-28,,영업/정상,,,,4208.63,,07305,신세계서울병원,병원,I,시군구,2026-03-10 22:00:27,"서울특별시 영등포구 경인로 841, 서울영등포동4가우체국 2,6,7,9~11층 (영등포동4가)",82,영업중,13,01,병원,63,24,15441180,191619.249847095    ,446038.543732844    ,서울특별시 영등포구 영등포동4가 425-2 서울영등포동4가우체국,101 102 105 106 109 116 120,"내과, 신경과, 정형외과, 신경외과, 마취통증의학과, 영상의학과, 재활의학과",4208.63,2025-04-25 16:59:09
3180000,PHMA220233180034021200001,2023-10-04,,영업/정상,,,,1654.18,,07302,경희우리한방병원,한방병원,I,시군구,2026-03-10 22:02:20,"서울특별시 영등포구 영중로 28, 영등포 점프밀라노 8층 (영등포동3가)",41,영업중,13,01,한방병원,14,12,0215511075,191580.646388785    ,446320.718339983    ,,105 120 301 302 303 304 305 306 307 308,"정형외과, 재활의학과, 한방내과, 한방부인과, 한방소아과, 한방안·이비인후·피부과, 한방신경정신과, 한방재활의학과, 사상체질과, 침구과",1654.18,2026-01-08 15:25:34
3180000,PHMA219813180034021200001,1981-11-13,,제외/삭제/전출,2015-09-02,,,4189,150-804,,의료법인 인봉의료재단 영등포병원,병원,I,시군구,2026-03-10 22:00:13,서울특별시 영등포구 당산로31길 10 (당산동3가),132,기타,98,05,병원,59,0,,190722.223012136    ,447181.323127997    ,서울특별시 영등포구 당산동3가 386번지 3호,101 104 105 106 109 110 116,"내과, 외과, 정형외과, 신경외과, 마취통증의학과, 산부인과, 영상의학과",4189,2015-09-02 16:56:33
3180000,PHMA219823180034021200001,1982-09-30,,영업/정상,,,,20380,,07354,성애의료재단 성애병원,종합병원,I,시군구,2026-03-10 22:01:36,"서울특별시 영등포구 여의대방로53길 22 (신길동, 성애병원)",276,영업중,13,01,종합병원,327,96,028407114,193103.15995228     ,445540.317920093    ,,101 102 103 104 105 106 108 109 110 111 112 113 114 115 116 118 119 120 122 125 402 403 406 407,"내과, 신경과, 정신건강의학과, 외과, 정형외과, 신경외과, 성형외과, 마취통증의학과, 산부인과, 소아청소년과, 안과, 이비인후과, 피부과, 비뇨의학과, 영상의학과, 병리과, 진단검사의학과, 재활의학과, 가정의학과, 응급의학과, 구강악안면외과, 치과보철과, 치주과, 치과보존과",20380,2025-11-27 16:18:03
3180000,PHMA219853180034021200001,1980-01-11,,영업/정상,,,,58385.6,,07441,한림대학교 강남성심병원,종합병원,I,시군구,2026-03-10 22:00:23,"서울특별시 영등포구 신길로 1 (대림동, 강남성심병원)",572,영업중,13,01,종합병원,1116,125,028295114,191856.261805151    ,443459.357676774    ,,101 102 103 104 105 106 107 108 109 110 111 112 113 114 115 116 117 118 119 120 122 125 402 403 404 407,"내과, 신경과, 정신건강의학과, 외과, 정형외과, 신경외과, 심장혈관흉부외과, 성형외과, 마취통증의학과, 산부인과, 소아청소년과, 안과, 이비인후과, 피부과, 비뇨의학과, 영상의학과, 방사선종양학과, 병리과, 진단검사의학과, 재활의학과, 가정의학과, 응급의학과, 구강악안면외과, 치과보철과, 치과교정과, 치과보존과",58385.6,2025-11-26 17:02:08
3180000,PHMA219863180034021200001,1986-08-20,,영업/정상,,,,52783.72,,07345,가톨릭대학교 여의도성모병원,종합병원,I,시군구,2026-03-10 22:02:14,"서울특별시 영등포구 63로 10, 여의도성모병원 (여의도동)",430,영업중,13,01,종합병원,828,136,16617575,194324.398950764    ,446208.114169683    ,,101 102 103 104 105 106 107 108 109 110 111 112 113 114 115 116 117 118 119 120 122 123 125 402 407,"내과, 신경과, 정신건강의학과, 외과, 정형외과, 신경외과, 심장혈관흉부외과, 성형외과, 마취통증의학과, 산부인과, 소아청소년과, 안과, 이비인후과, 피부과, 비뇨의학과, 영상의학과, 방사선종양학과, 병리과, 진단검사의학과, 재활의학과, 가정의학과, 핵의학과, 응급의학과, 구강악안면외과, 치과보존과",52783.72,2026-02-03 09:49:58
3180000,PHMA219873180034021200001,1987-01-23,,폐업,2017-09-30,,,2423.19,150-300,07317,서울대윤병원,병원,I,시군구,2026-03-10 22:02:15,서울특별시 영등포구 영등포로 358 (신길동),130,폐업,03,03,병원,7,34,028410101,192686.277024382    ,445794.503710807    ,서울특별시 영등포구 영등포본동 103번지 21호,104 105 106 101 111 120,"내과, 외과, 정형외과, 신경외과, 소아청소년과, 재활의학과",2423.19,2018-06-07 11:09:43
3180000,PHMA219893180034021200001,1989-11-30,,폐업,,,,0,,,서울대윤병원,병원,I,시군구,2026-03-10 22:01:38,,0,폐업,03,03,병원,0,0,028400101,,,서울특별시 영등포구 신길동   103-21,101,내과,0,2008-12-18 18:44:41
3180000,PHMA219923180034021200001,1992-01-14,,폐업,2008-09-23,,,0,,,지성병원,병원,I,시군구,2026-03-10 22:00:31,,0,폐업,03,03,병원,1,0,0226353883,,,서울특별시 영등포구 양평동1가   120-32,101,내과,0,2009-04-20 19:41:30
3180000,PHMA219923180034021200002,1984-08-07,,영업/정상,,,,9808.97,,07417,명지성모병원,종합병원,I,시군구,2026-03-10 22:00:32,"서울특별시 영등포구 도림로 156, 명지성모병원 (대림동)",225,영업중,13,01,종합병원,192,52,0218991475,191020.895439491    ,443528.607969174    ,,101 102 104 105 106 109 110 116 119 120 122 125,"내과, 신경과, 외과, 정형외과, 신경외과, 마취통증의학과, 산부인과, 영상의학과, 진단검사의학과, 재활의학과, 가정의학과, 응급의학과",9808.97,2025-09-25 09:24:47
3180000,PHMA219933180034021200001,1982-04-19,,영업/정상,,,,4322.22,,07247,한림대학교 한강성심병원,종합병원,I,시군구,2026-03-10 22:00:34,"서울특별시 영등포구 버드나루로7길 12 (영등포동7가, 한강성심병원)",144,영업중,13,01,종합병원,172,39,0226395114,191948.638351124    ,446775.416951967    ,,101 102 103 104 105 106 107 108 109 110 111 112 113 114 115 116 118 119 120 122 124 125 402,"내과, 신경과, 정신건강의학과, 외과, 정형외과, 신경외과, 심장혈관흉부외과, 성형외과, 마취통증의학과, 산부인과, 소아청소년과, 안과, 이비인후과, 피부과, 비뇨의학과, 영상의학과, 병리과, 진단검사의학과, 재활의학과, 가정의학과, 직업환경의학과, 응급의학과, 구강악안면외과",4322.22,2025-10-31 14:40:14
3180000,PHMA219933180034021200002,1984-03-02,,영업/정상,,,,7116.92,,07301,씨엠병원,종합병원,I,시군구,2026-03-10 22:00:35,"서울특별시 영등포구 영등포로36길 13 (영등포동4가, 충무병원)",110,영업중,13,01,종합병원,86,38,0226780001,191458.813597697    ,446295.815425865    ,,119 116 110 109 108 106 105 104 102 101,"내과, 신경과, 외과, 정형외과, 신경외과, 성형외과, 마취통증의학과, 산부인과, 영상의학과, 진단검사의학과",7116.92,2024-05-03 17:37:14
3180000,PHMA219943180034021200001,1994-04-13,,폐업,,,,0,,,김안과병원,병원,I,시군구,2026-03-10 22:00:36,,0,폐업,03,03,병원,0,0,0226397777,,,서울특별시 영등포구 영등포동4가   156-0,101,내과,0,2008-12-18 18:44:41
3180000,PHMA219993180034021200001,1999-08-23,,폐업,2010-04-15,,,1363.14,,,영등포하나요양병원,요양병원(일반요양병원),I,시군구,2026-03-10 22:00:37,,34,폐업,03,03,요양병원(일반요양병원),2,104,,,,서울 영등포구 신길3동 232-84,101 102 120 116 119,"내과, 신경과, 영상의학과, 진단검사의학과, 재활의학과",1363.14,2010-04-15 18:12:33
3180000,PHMA219993180034021200002,2000-01-04,,폐업,2018-04-02,,,2008.68,,07417,서울복지병원,병원,I,시군구,2026-03-10 22:00:13,서울특별시 영등포구 도림로 144 (대림동),143,폐업,03,03,병원,27,33,028450777,190918.980623705    ,443464.033607263    ,서울특별시 영등포구 대림동 706번지 1호 706-13,101 105 106 113 110 114 115 120 116 104 122,"내과, 외과, 정형외과, 신경외과, 산부인과, 이비인후과, 피부과, 비뇨의학과, 영상의학과, 재활의학과, 가정의학과",2008.68,2018-04-12 21:53:49
3180000,PHMA220003180034021200001,2000-01-20,,폐업,,,,0,,,서울복지병원,병원,I,시군구,2026-03-10 22:00:39,,0,폐업,03,03,병원,0,0,028450777,,,서울특별시 영등포구 대림동   706-1,101,내과,0,2008-12-18 18:44:41
3180000,PHMA220003180034021200002,2000-06-30,,폐업,2015-12-07,,,475.23,150-949,07327,유디치과병원,치과병원,I,시군구,2026-03-10 22:00:41,"서울특별시 영등포구 국제금융로2길 25, 지하1층 (여의도동)",0,폐업,03,03,치과병원,4,0,63341000,193338.741394754    ,446812.951473248    ,서울특별시 영등포구 여의도동 25번지 11호 한진해운빌딩 지하1층,401,치과,475.23,2015-12-07 13:19:11
3180000,PHMA220003180034021200003,2000-08-03,,폐업,,,,0,,,하병원,병원,I,시군구,2026-03-10 22:00:43,,0,폐업,03,03,병원,0,0,028320151,,,서울특별시 영등포구 신길동   232-84,101,내과,0,2008-12-18 18:44:41
3180000,PHMA220003180034021200004,1981-11-13,,취소/말소/만료/정지/중지,2015-05-29,,,4172.98,,,영등포병원,병원,I,시군구,2026-03-10 22:00:45,,89,직권폐업,24,04,병원,33,26,0226352809,,,서울특별시 영등포구 당산동3가   386-3,101 106 104 105 109 116 122,"내과, 외과, 정형외과, 신경외과, 마취통증의학과, 영상의학과, 가정의학과",4172.98,2015-05-29 09:59:06
3180000,PHMA220003180034021200006,2000-08-31,,폐업,,,,0,,,은송병원,병원,I,시군구,2026-03-10 22:00:49,,0,폐업,03,03,병원,0,0,0220687577,,,서울특별시 영등포구 영등포동7가   77-0,101,내과,0,2008-12-18 18:44:41
3180000,PHMA220003180034021200007,1974-09-24,,영업/정상,,,,11641.45,,07442,대림성모병원,종합병원,I,시군구,2026-03-10 22:00:20,"서울특별시 영등포구 시흥대로 657 (대림동, 대림성모병원)",202,영업중,13,01,종합병원,214,65,028299000,191713.448635499    ,443157.388663332    ,,408 125 123 122 120 119 118 117 116 113 111 110 109 108 106 105 104 103 102 101,"내과, 신경과, 정신건강의학과, 외과, 정형외과, 신경외과, 성형외과, 마취통증의학과, 산부인과, 소아청소년과, 이비인후과, 영상의학과, 방사선종양학과, 병리과, 진단검사의학과, 재활의학과, 가정의학과, 핵의학과, 응급의학과, 구강내과",11641.45,2026-02-27 15:29:47
3180000,PHMA220013180034021200001,2001-03-26,,폐업,,,,0,,,지성병원,병원,I,시군구,2026-03-10 22:00:50,,0,폐업,03,03,병원,0,0,0226353883,,,서울특별시 영등포구 양평동1가   120-32,101,내과,0,2008-12-18 18:44:41
3180000,PHMA220013180034021200002,2001-04-27,,폐업,,,,0,,,서울성모병원,병원,I,시군구,2026-03-10 22:00:52,,0,폐업,03,03,병원,0,0,0226795118,,,서울특별시 영등포구 영등포동8가   12-1,101,내과,0,2008-12-18 18:44:41
3180000,PHMA220013180034021200003,2001-06-04,,폐업,,,,0,,,서울대윤병원,병원,I,시군구,2026-03-10 22:00:54,,0,폐업,03,03,병원,0,0,028410101,,,서울특별시 영등포구 신길동   103-21,101,내과,0,2008-12-18 18:44:41
3180000,PHMA220013180034021200004,2001-08-01,,폐업,,,,0,,,서울대윤병원,병원,I,시군구,2026-03-10 22:00:56,,0,폐업,03,03,병원,0,0,028410101,,,서울특별시 영등포구 신길동   103-21,101,내과,0,2008-12-18 18:44:41
3180000,PHMA220013180034021200005,2001-08-01,,폐업,,,,0,,,영등포병원,병원,I,시군구,2026-03-10 22:00:58,,0,폐업,03,03,병원,0,0,0226352809,,,서울특별시 영등포구 당산동3가   386-3,101,내과,0,2008-12-18 18:44:41
3180000,PHMA220013180034021200006,2001-10-29,,폐업,,,,0,,,영등포병원,병원,I,시군구,2026-03-10 22:00:59,,0,폐업,03,03,병원,0,0,0226352809,,,서울특별시 영등포구 당산동3가   386-3,101,내과,0,2008-12-18 18:44:41
3180000,PHMA220013180034021200008,2001-11-28,,폐업,,,,0,,,영등포병원,병원,I,시군구,2026-03-10 22:01:03,,0,폐업,03,03,병원,0,0,0226352809,,,서울특별시 영등포구 당산동3가   386-3,101,내과,0,2008-12-18 18:44:41
3180000,PHMA220023180034021200001,2002-05-24,,폐업,,,,0,,,은송병원,병원,I,시군구,2026-03-10 22:01:04,,0,폐업,03,03,병원,0,0,0220687577,,,서울특별시 영등포구 영등포동7가   77-5,101,내과,0,2008-12-18 18:44:41
3180000,PHMA220023180034021200002,2002-05-24,,폐업,,,,0,,,하병원,병원,I,시군구,2026-03-10 22:01:05,,0,폐업,03,03,병원,0,0,028320151,,,서울특별시 영등포구 신길동   232-84,101,내과,0,2008-12-18 18:44:41
3180000,PHMA220023180034021200005,2002-10-17,,폐업,,,,0,,,김안과병원,병원,I,시군구,2026-03-10 22:01:09,,0,폐업,03,03,병원,0,0,0226397862,,,서울특별시 영등포구 영등포동4가   156-0,101,내과,0,2008-12-18 18:44:41
3180000,PHMA220033180034021200001,2003-01-20,,폐업,,,,0,,,서울성모병원,병원,I,시군구,2026-03-10 22:01:10,,0,폐업,03,03,병원,0,0,0226795118,,,서울특별시 영등포구 영등포동8가   12-1,101,내과,0,2008-12-18 18:44:41
3180000,PHMA220033180034021200002,1986-07-07,,취소/말소/만료/정지/중지,2015-07-13,,,57492.81,,,가톨릭대학교 여의도성모병원,종합병원,I,시군구,2026-03-10 22:01:11,,503,직권폐업,24,04,종합병원,745,115,0237791512,,,서울특별시 영등포구 여의도동   62-0,101 104 111 105 106 109 110 116 113 119 401 108 107 112 103 114 115 120 117 102 118 122 123 124 125,"내과, 신경과, 정신건강의학과, 외과, 정형외과, 신경외과, 심장혈관흉부외과, 성형외과, 마취통증의학과, 산부인과, 소아청소년과, 안과, 이비인후과, 피부과, 비뇨의학과, 영상의학과, 방사선종양학과, 병리과, 진단검사의학과, 재활의학과, 가정의학과, 핵의학과, 직업환경의학과, 응급의학과, 치과",57492.81,2015-07-13 21:12:25
3180000,PHMA220033180034021200003,1992-08-01,,영업/정상,,,,13255.04,,07301,건양의료재단 김안과병원,병원,I,시군구,2026-03-10 22:00:16,서울특별시 영등포구 영신로 136 (영등포동4가),77,영업중,13,01,병원,132,29,15772639,191213.335504204    ,446402.617508062    ,서울특별시 영등포구 영등포동4가 156번지,112 101 109 119 116,"내과, 마취통증의학과, 안과, 영상의학과, 진단검사의학과",13255.04,2021-07-23 16:28:46
3180000,PHMA220033180034021200004,2003-11-01,,폐업,2019-05-04,,,258.34,150-737,07327,예림치과병원,치과병원,I,시군구,2026-03-10 22:01:12,"서울특별시 영등포구 의사당대로 97, 2층 (여의도동)",0,폐업,03,03,치과병원,3,0,027862877,193253.666517882    ,446701.353544281    ,서울특별시 영등포구 여의도동 26번지 4호,411 410 409 408 407 406 405 404 403 402,"구강악안면외과, 치과보철과, 치과교정과, 소아치과, 치주과, 치과보존과, 구강내과, 영상치의학과, 구강병리과, 예방치과",258.34,2019-05-03 10:11:39
3180000,PHMA220043180034021200001,2000-12-20,,폐업,2018-04-30,,,1442.79,,07417,서울복지한방병원,한방병원,I,시군구,2026-03-10 22:02:09,서울특별시 영등포구 도림로 142 (대림동),40,폐업,03,03,한방병원,12,11,028450777,190901.168361557    ,443446.910983342    ,서울특별시 영등포구 대림동   706-1,308 307 306 305 304 303 302 301 408 405 101,"내과, 한방내과, 한방부인과, 한방소아과, 한방안·이비인후·피부과, 한방신경정신과, 한방재활의학과, 사상체질과, 침구과, 소아치과, 구강내과",1442.79,2018-04-30 16:34:35
3180000,PHMA220043180034021200002,2004-08-13,,폐업,,,,0,,,은송병원,병원,I,시군구,2026-03-10 22:01:13,,0,폐업,03,03,병원,0,0,0220687577,,,서울특별시 영등포구 영등포동7가   77-5,101,내과,0,2008-12-18 18:44:41
3180000,PHMA220043180034021200003,2004-09-02,,폐업,,,,0,,,은송요양병원,병원,I,시군구,2026-03-10 22:01:14,,0,폐업,03,03,병원,0,0,0220687577,,,서울특별시 영등포구 영등포동7가 외  77-5,101,내과,0,2008-12-18 18:44:41
3180000,PHMA220043180034021200004,2004-09-18,,폐업,,,,0,,,참사랑병원,병원,I,시군구,2026-03-10 22:01:15,,0,폐업,03,03,병원,0,0,0226347500,,,서울특별시 영등포구 문래동2가   39-10,101,내과,0,2008-12-18 18:44:41
3180000,PHMA220043180034021200005,2004-10-01,,폐업,2013-01-30,,,0,,,충무병원,병원,I,시군구,2026-03-10 22:01:16,,0,폐업,03,03,병원,1,0,0226780041,,,서울특별시 영등포구 영등포동4가   93-0,101,내과,0,2014-05-03 16:51:20
3180000,PHMA220043180034021200007,2004-12-02,,폐업,,,,1554.5,,,참사랑요양병원,요양병원(일반요양병원),I,시군구,2026-03-10 22:01:19,,115,폐업,03,03,요양병원(일반요양병원),17,20,0226347500,,,서울특별시 영등포구 문래동2가   39-10,101 120 122,"내과, 재활의학과, 가정의학과",1554.5,2011-04-26 18:59:00
3180000,PHMA220053180034021200002,2005-03-02,,폐업,,,,0,,,참사랑요양병원,요양병원(일반요양병원),I,시군구,2026-03-10 22:01:21,,0,폐업,03,03,요양병원(일반요양병원),0,0,0226347500,,,서울특별시 영등포구 문래동2가   39-10,101,내과,0,2008-12-18 18:44:41
3180000,PHMA220053180034021200003,2005-05-12,,폐업,,,,0,,,참사랑요양병원,요양병원(일반요양병원),I,시군구,2026-03-10 22:01:23,,0,폐업,03,03,요양병원(일반요양병원),0,0,0226347500,,,서울특별시 영등포구 문래동2가   39-10,101,내과,0,2008-12-18 18:44:41
3180000,PHMA220053180034021200004,1981-11-13,,영업/정상,,,,5424.97,,07256,의료법인 인봉의료재단 영등포병원,병원,I,시군구,2026-03-10 22:01:52,서울특별시 영등포구 당산로31길 10 (당산동3가),89,영업중,13,01,병원,59,24,0226352809,190722.223012136    ,447181.323127997    ,,101 102 104 105 106 109 110 115 116 120 124,"내과, 신경과, 외과, 정형외과, 신경외과, 마취통증의학과, 산부인과, 비뇨의학과, 영상의학과, 재활의학과, 직업환경의학과",5424.97,2024-08-21 16:25:39
3180000,PHMA220053180034021200005,2005-08-05,,폐업,,,,0,,,은송요양병원,요양병원(일반요양병원),I,시군구,2026-03-10 22:01:24,,0,폐업,03,03,요양병원(일반요양병원),0,0,0220687577,,,서울특별시 영등포구 영등포동7가 외  77-5,101,내과,0,2008-12-18 18:44:41
3180000,PHMA220053180034021200006,2005-10-07,,폐업,,,,0,,,참사랑요양병원,요양병원(일반요양병원),I,시군구,2026-03-10 22:01:25,,0,폐업,03,03,요양병원(일반요양병원),0,0,0226347500,,,서울특별시 영등포구 문래동2가   39-10,101,내과,0,2008-12-18 18:44:41
3180000,PHMA220053180034021200007,2006-12-01,,영업/정상,,,,3554.79,,07203,서울은빛요양병원,요양병원(일반요양병원),I,시군구,2026-03-10 22:01:51,서울특별시 영등포구 양평로22사길 9 (양평동5가),209,영업중,13,01,요양병원(일반요양병원),31,66,0226347000,190648.410812888    ,448737.352190615    ,,101 104 107 120 301 308,"내과, 외과, 심장혈관흉부외과, 재활의학과, 한방내과, 침구과",3554.79,2024-04-04 18:04:02
3180000,PHMA220063180034021200001,2006-03-10,,폐업,2006-09-13,,,0,,,마리아성모병원,병원,I,시군구,2026-03-10 22:01:27,,0,폐업,03,03,병원,1,0,0220687579,,,서울특별시 영등포구 영등포동8가   0-0,101,내과,0,2014-05-01 10:59:27
3180000,PHMA220063180034021200003,2002-07-27,,폐업,2011-07-18,,,1554.45,,,참사랑요양병원,요양병원(일반요양병원),I,시군구,2026-03-10 22:01:29,,115,폐업,03,03,요양병원(일반요양병원),17,20,0226347500,,,서울특별시 영등포구 문래동2가   39-10,101 122 120,"내과, 재활의학과, 가정의학과",1554.45,2011-07-21 16:36:01
3180000,PHMA220063180034021200004,2006-09-13,,영업/정상,,,,2311.46,,07229,마리아성모요양병원,요양병원(일반요양병원),I,시군구,2026-03-10 22:01:56,"서울특별시 영등포구 영중로 122 (영등포동8가, 일이빌딩)",220,영업중,13,01,요양병원(일반요양병원),29,35,0220690000,191614.004747551    ,447216.005565246    ,,105 109 122 301,"정형외과, 마취통증의학과, 가정의학과, 한방내과",2311.46,2025-08-27 17:52:49
3190000,PHMA219773190033021200001,1977-12-28,,폐업,2008-12-31,,,1521.12,,,의료법인 동암의료재단한독병원,병원,I,시군구,2026-05-11 22:00:10,,32,폐업,03,03,병원,5,8,028327751,,,서울시 동작구 신대방1동 586번지13호,101 102 103 105 106 107 108 109 110,"내과, 신경과, 정신건강의학과, 정형외과, 신경외과, 심장혈관흉부외과, 성형외과, 마취통증의학과, 산부인과",1521.12,2008-12-31 10:09:37
3190000,PHMA220243190033021200001,2024-12-30,,영업/정상,,,,1767.82,,07055,보라매자생한방병원,한방병원,I,시군구,2026-05-11 22:00:11,"서울특별시 동작구 여의대방로 134, 보라매빌딩 (대방동)",50,영업중,13,01,한방병원,35,17,0221650965,192917.428244737    ,444070.185727072    ,서울특별시 동작구 대방동 417-3 보라매빌딩,307 116 301 101 303 302 306 308 305 304,"내과, 영상의학과, 한방내과, 한방부인과, 한방소아과, 한방안·이비인후·피부과, 한방신경정신과, 한방재활의학과, 사상체질과, 침구과",1767.82,2026-02-27 08:40:09
3190000,PHMA219933190033021200001,1991-02-22,,폐업,2023-11-08,,,4871.17,,06959,의료법인성석의료재단동작경희병원,병원,I,시군구,2026-05-11 22:00:10,서울특별시 동작구 상도로 146 (상도동),122,폐업,03,03,병원,18,25,028228112,194255.815031988    ,444482.379597367    ,서울시 동작구 상도4동 188번지19호,411 410 409 408 407 406 405 404 403 402 122 116 111 109 106 105 104 102 101,"내과, 신경과, 외과, 정형외과, 신경외과, 마취통증의학과, 소아청소년과, 영상의학과, 가정의학과, 구강악안면외과, 치과보철과, 치과교정과, 소아치과, 치주과, 치과보존과, 구강내과, 영상치의학과, 구강병리과, 예방치과",4871.17,2025-10-29 16:53:27
3190000,PHMA220013190033021200001,2001-03-07,,영업/정상,,,,4616.42,156-806,06925,청화병원,병원,I,시군구,2026-05-11 22:00:12,서울특별시 동작구 장승배기로 108 (노량진동),53,영업중,13,01,병원,34,30,028153788,194640.513728351    ,444993.67767627     ,서울특별시 동작구 노량진동 311번지 8호 외 4필지,110 111,"산부인과, 소아청소년과",4616.42,2026-04-30 16:47:40
3190000,PHMA220033190033021200001,2003-12-26,,영업/정상,,,,2998.78,156-830,06919,정동병원,병원,I,시군구,2026-05-11 22:00:10,서울특별시 동작구 양녕로 283 (상도1동),59,영업중,13,01,병원,24,17,028107900,195460.166419855    ,444749.88024195     ,서울특별시 동작구 상도1동 614번지 1호,101 105 109 116 106,"내과, 정형외과, 신경외과, 마취통증의학과, 영상의학과",2998.78,2026-04-30 16:48:22
3190000,PHMA220043190033021200001,2004-12-01,,영업/정상,,,,78966,156-755,06973,중앙대학교병원,종합병원,I,시군구,2026-05-11 22:00:10,서울특별시 동작구 흑석로 102 (흑석동),744,영업중,13,01,종합병원,1520,194,18001114,196469.839776813    ,444981.937930765    ,서울특별시 동작구 흑석동 224번지 1호,407 404 403 402 125 123 122 120 119 118 117 116 115 114 113 112 111 110 109 108 107 106 105 104 103 102 101,"내과, 신경과, 정신건강의학과, 외과, 정형외과, 신경외과, 심장혈관흉부외과, 성형외과, 마취통증의학과, 산부인과, 소아청소년과, 안과, 이비인후과, 피부과, 비뇨의학과, 영상의학과, 방사선종양학과, 병리과, 진단검사의학과, 재활의학과, 가정의학과, 핵의학과, 응급의학과, 구강악안면외과, 치과보철과, 치과교정과, 치과보존과",78966,2026-04-30 16:55:59
3190000,PHMA220063190033021200001,2006-05-01,,폐업,2013-08-01,,,2195.75,,,보라매성모요양병원,요양병원(일반요양병원),I,시군구,2026-05-11 22:00:10,,135,폐업,03,03,요양병원(일반요양병원),4,20,028127777,,,"서울시 동작구 대방동 417번지3호,14호",101,내과,2195.75,2019-07-02 09:46:22
3190000,PHMA220073190033021200001,2007-06-04,,영업/정상,,,,308,156-827,07025,따뜻한치과병원,치과병원,I,시군구,2026-05-11 22:00:10,"서울특별시 동작구 동작대로 13, 3층 (사당동)",0,영업중,13,01,치과병원,4,0,025232835,198266.295706794    ,441733.336446511    ,서울특별시 동작구 사당동 1042번지 12호 3층,201 202 203 204 205 206 207 208 209 210,"구강악안면외과, 치과보철과, 치과교정과, 소아치과, 치주과, 치과보존과, 구강내과, 구강악안면방사선과, 구강병리과, 예방치과",308,2025-10-29 16:46:48
3190000,PHMA220073190033021200002,2007-10-23,,영업/정상,,,,2337.69,156-854,07072,의료법인에이치엠피의료재단녹십초요양병원,요양병원(일반요양병원),I,시군구,2026-05-11 22:00:11,서울특별시 동작구 시흥대로 634 (신대방동),185,영업중,13,01,요양병원(일반요양병원),34,32,028480100,191677.374890384    ,442912.575897947    ,서울특별시 동작구 신대방동 686번지 1호,122 101 104 102 120 301 304 306 308,"내과, 신경과, 외과, 재활의학과, 가정의학과, 한방내과, 한방안·이비인후·피부과, 한방재활의학과, 침구과",2337.69,2026-04-30 16:49:21
3190000,PHMA220083190033021200001,2008-12-15,,영업/정상,,,,2564.32,,06960,연세동작병원,병원,I,시군구,2026-05-11 22:00:10,"서울특별시 동작구 성대로 43 (상도동, 우리빌딩)",99,영업중,13,01,병원,28,31,0234457575,194064.994071226    ,444089.838269412    ,서울특별시 동작구 상도동 255번지 4호,122 101,"내과, 가정의학과",2564.32,2026-04-30 16:48:01
3190000,PHMA220103190033021200001,2010-01-11,,영업/정상,,,,1860.53,,07014,낭만병원,병원,I,시군구,2026-05-11 22:00:10,서울특별시 동작구 동작대로 67 (사당동),41,영업중,13,01,병원,23,9,025231119,198290.516043124    ,442261.684257124    ,,101 104 105 106 109 116,"내과, 외과, 정형외과, 신경외과, 마취통증의학과, 영상의학과",1860.53,2026-04-30 16:48:11
3190000,PHMA220113190033021200001,2011-03-07,,영업/정상,,,,2207.54,,07013,연세바른병원,병원,I,시군구,2026-05-11 22:00:11,"서울특별시 동작구 사당로 300, 2·4층일부및3  층 (사당동, 이수자이)",45,영업중,13,01,병원,47,11,15448235,198202.472533419    ,442471.241038085    ,"서울특별시 동작구 사당동 147번지 29호 3층 및 2,4층 일부",101 105 106 116 109 120,"내과, 정형외과, 신경외과, 마취통증의학과, 영상의학과, 재활의학과",2207.54,2026-02-11 17:47:31
3190000,PHMA220133190033021200001,2013-08-01,,폐업,2023-08-04,,,2272.29,156-811,07055,의료법인덕수의료재단보라매요양병원,요양병원(일반요양병원),I,시군구,2026-05-11 22:00:11,서울특별시 동작구 여의대방로 134 (대방동),181,폐업,03,03,요양병원(일반요양병원),7,28,028127777,192917.428244737    ,444070.185727072    ,서울특별시 동작구 대방동 417번지 3호,102 101 120 301 302 303 304 306 308,"내과, 신경과, 재활의학과, 한방내과, 한방부인과, 한방소아과, 한방안·이비인후·피부과, 한방재활의학과, 침구과",2272.29,2025-10-29 16:41:38
3190000,PHMA220153190033021200001,2015-05-12,,영업/정상,,,,1024.63,,07059,기분좋은한방병원,한방병원,I,시군구,2026-05-11 22:00:11,"서울특별시 동작구 여의대방로22길 98, 1,2,3,5층 (신대방동)",48,영업중,13,01,한방병원,13,13,,193333.327454456    ,443949.726296945    ,서울특별시 동작구 신대방동 358-3,308 307 306 305 304 303 302 301 122 120 114 110 105 101,"내과, 정형외과, 산부인과, 피부과, 재활의학과, 가정의학과, 한방내과, 한방부인과, 한방소아과, 한방안·이비인후·피부과, 한방신경정신과, 한방재활의학과, 사상체질과, 침구과",1024.63,2026-04-30 16:48:39
3190000,PHMA220183190033021200001,2018-06-22,,영업/정상,,,,477.27,,07008,내이처럼치과병원,치과병원,I,시군구,2026-05-11 22:00:11,"서울특별시 동작구 동작대로27다길 26, 2층 (사당동, 사당동 주상복합)",0,영업중,13,01,치과병원,4,0,025254275,198181.94693414     ,442684.335470718    ,서울특별시 동작구 사당동 138번지 3호 사당동 주상복합,412 407 405 404 403 402 101,"내과, 구강악안면외과, 치과보철과, 치과교정과, 소아치과, 치과보존과, 통합치의학과",477.27,2025-10-29 16:47:42
3190000,PHMA219913190033021200001,1991-11-16,,영업/정상,,,,76162.74,156-707,07061,서울특별시보라매병원,종합병원,I,시군구,2026-05-11 22:00:11,서울특별시 동작구 보라매로5길 20 (신대방동),765,영업중,13,01,종합병원,1327,207,028702114,193235.493966882    ,443510.420778415    ,서울특별시 동작구 신대방동 425번지,407 406 404 403 402 125 124 123 122 120 119 118 117 116 115 114 113 112 111 110 109 108 107 106 105 104 103 102 101,"내과, 신경과, 정신건강의학과, 외과, 정형외과, 신경외과, 심장혈관흉부외과, 성형외과, 마취통증의학과, 산부인과, 소아청소년과, 안과, 이비인후과, 피부과, 비뇨의학과, 영상의학과, 방사선종양학과, 병리과, 진단검사의학과, 재활의학과, 가정의학과, 핵의학과, 직업환경의학과, 응급의학과, 구강악안면외과, 치과보철과, 치과교정과, 치주과, 치과보존과",76162.74,2026-04-30 16:56:25
3200000,PHMA220073200033021200002,2007-03-09,,폐업,2008-10-16,,,2145.69,151-891,,강남병원,병원,I,시군구,2026-03-10 22:00:12,서울특별시 관악구 시흥대로 572 (신림동),78,폐업,03,03,병원,20,0,,191342.399599631    ,442410.463659236    ,서울특별시 관악구 신림동 1643번지 6호,105 101 116 104 107 109,"내과, 외과, 정형외과, 심장혈관흉부외과, 마취통증의학과, 영상의학과",2145.69,2009-11-30 16:48:16
3200000,PHMA220073200033021200001,2008-04-15,,영업/정상,,,,3417.73,,08782,강남효요양병원,요양병원(일반요양병원),U,시군구,2026-03-26 03:03:03,서울특별시 관악구 남부순환로 1704 (봉천동),193,영업중,13,01,요양병원(일반요양병원),47,39,028858080,194566.302659203    ,442315.431104074    ,,101 102 104 105 106 120 122,"내과, 신경과, 외과, 정형외과, 신경외과, 재활의학과, 가정의학과",3417.73,2026-03-25 10:12:40
3200000,PHMA220093200033021200001,2009-08-10,,폐업,2010-09-30,2010-09-01,2011-02-28,1476.6,151-018,,신우신병원,병원,I,시군구,2026-03-10 22:00:42,서울특별시 관악구 시흥대로 572 (신림동),63,폐업,03,03,병원,3,9,,191342.399599631    ,442410.463659236    ,서울특별시 관악구 조원동 1643번지 6호,101 104 105 115 114,"내과, 외과, 정형외과, 피부과, 비뇨의학과",1476.6,2010-09-30 17:20:54
3200000,PHMA220103200033021200001,2010-04-29,,영업/정상,,,,4378.36,151-826,08716,서울퍼스트병원,병원,U,시군구,2026-05-09 03:03:03,"서울특별시 관악구 은천로 51 (봉천동, 2,3,4,5,6층)",163,영업중,13,01,병원,55,47,028826900,194719.981415722    ,442674.193730756    ,"서울특별시 관악구 봉천동 937번지 15호 2,3,4,5,6층",122 120 111 104 102 101,"내과, 신경과, 외과, 소아청소년과, 재활의학과, 가정의학과",4378.36,2026-05-08 07:32:43
3200000,PHMA220103200033021200002,2010-05-14,,폐업,2024-08-01,,,1304.28,,08786,강남초이스병원,병원,U,시군구,2026-03-27 03:03:03,"서울특별시 관악구 남부순환로 1796, -1,2~5층 (봉천동, 삼호빌딩)",35,폐업,03,03,병원,6,9,028752200,195473.034661719    ,442123.517997162    ,서울특별시 관악구 봉천동 875번지 8호,101 105 106 108 109 111 114 116 120 122,"내과, 정형외과, 신경외과, 성형외과, 마취통증의학과, 소아청소년과, 피부과, 영상의학과, 재활의학과, 가정의학과",1304.28,2026-03-26 08:23:18
3200000,PHMA220103200033021200003,2010-10-05,,폐업,2012-02-16,,,1476.6,151-902,,의료법인우진의료재단관악분원조원병원,병원,I,시군구,2026-03-10 22:00:38,"서울특별시 관악구 시흥대로 572 (신림동,4,5,6층)",64,폐업,03,03,병원,6,9,,191342.399599631    ,442410.463659236    ,"서울특별시 관악구 조원동 1643번지 6호 4,5,6층",105 104 101 113 111 114 115,"내과, 외과, 정형외과, 소아청소년과, 이비인후과, 피부과, 비뇨의학과",1476.6,2012-02-16 17:34:37
3200000,PHMA220123200033021200001,2012-08-31,,폐업,2012-09-21,,,1224,151-902,,강남병원,병원,I,시군구,2026-03-10 22:00:34,"서울특별시 관악구 시흥대로 572, 4~6층 (신림동)",67,폐업,03,03,병원,2,10,,191342.399599631    ,442410.463659236    ,서울특별시 관악구 신림동 1643번지 6호,101 104 105 115 114 116 120,"내과, 외과, 정형외과, 피부과, 비뇨의학과, 영상의학과, 재활의학과",1224,2012-09-24 08:48:40
3200000,PHMA220133200033021200001,2013-02-01,,영업/정상,,,,2940,151-711,08777,척편한병원,병원,I,시군구,2026-03-25 22:00:01,"서울특별시 관악구 신림로 318, 4,5층 (신림동, 청암두산위브)",90,영업중,13,01,병원,19,20,0266766000,193773.070404044    ,442270.419248856    ,서울특별시 관악구 신림동 86번지 3호,106 105 109 116,"정형외과, 신경외과, 마취통증의학과, 영상의학과",2940,2026-03-24 20:57:06
3200000,PHMA220133200033021200002,2013-10-02,,영업/정상,,,,972,151-887,08864,조인트힐병원,병원,U,시군구,2026-03-27 03:03:03,서울특별시 관악구 난곡로 215 (신림동),41,영업중,13,01,병원,18,13,0218997272,192636.667380434    ,441286.654526964    ,서울특별시 관악구 신림동 726번지 5호,122 120 116 115 114 109 106 105 101,"내과, 정형외과, 신경외과, 마취통증의학과, 피부과, 비뇨의학과, 영상의학과, 재활의학과, 가정의학과",972,2026-03-26 07:37:04
3200000,PHMA220143200033021200001,2014-06-17,,영업/정상,,,,3187.67,,08742,연세건우병원,병원,U,시군구,2026-05-02 03:03:03,"서울특별시 관악구 남부순환로 1909, 의현빌딩 지하1, 2층~7층층 (봉천동)",54,영업중,13,01,병원,65,21,16444630,196534.587783352    ,441771.521576822    ,서울특별시 관악구 봉천동 1685-15 의현빌딩,101 105 106 120 122 116 109,"내과, 정형외과, 신경외과, 마취통증의학과, 영상의학과, 재활의학과, 가정의학과",3187.67,2026-05-01 13:11:09
3200000,PHMA220143200033021200002,2014-09-05,,영업/정상,,,,3474,,08754,강남수요양병원,요양병원(일반요양병원),U,시군구,2026-04-25 03:03:03,"서울특별시 관악구 신림로64길 11, 지1층,2~11층 (신림동, 성재빌딩)",202,영업중,13,01,요양병원(일반요양병원),32,38,,193779.105067109    ,442553.528776558    ,"서울특별시 관악구 신림동 1421번지 55호 지1층, 2~11층",105 120 101 102 308 301 305 306 307 304 122,"내과, 신경과, 정형외과, 재활의학과, 가정의학과, 한방내과, 한방안·이비인후·피부과, 한방신경정신과, 한방재활의학과, 사상체질과, 침구과",3474,2026-04-24 09:21:54
3200000,PHMA220153200033021200001,2015-01-13,,영업/정상,,,,3548.64,,08761,심정병원,병원,U,시군구,2026-05-09 03:03:03,"서울특별시 관악구 남부순환로 1485, 삼남빌딩 2~6층 (신림동)",99,영업중,13,01,병원,36,22,15883330,192455.883042115    ,442267.149217637    ,서울특별시 관악구 신림동 527-13 삼남빌딩,106 105 101 116 109 120,"내과, 정형외과, 신경외과, 마취통증의학과, 영상의학과, 재활의학과",3548.64,2026-05-08 07:31:57
3200000,PHMA220153200033021200002,2015-02-17,,영업/정상,,,,1899.45,,08826,관악서울대학교치과병원,치과병원,U,시군구,2026-03-27 03:03:03,"서울특별시 관악구 관악로 1, 지1~3층 (신림동)",0,영업중,13,01,치과병원,9,0,0262563900,196139.864969792    ,439023.167125842    ,,401 402 403 404 405 406 407 408 409,"치과, 구강악안면외과, 치과보철과, 치과교정과, 소아치과, 치주과, 치과보존과, 구강내과, 영상치의학과",1899.45,2026-03-26 07:39:00
3200000,PHMA220183200033021200001,2018-10-01,,영업/정상,,,,1996.11,,08739,장튼위튼병원,병원,I,시군구,2026-03-25 22:00:01,서울특별시 관악구 남부순환로 1867 (봉천동),32,영업중,13,01,병원,37,14,028787119,196154.920826589    ,441961.873381806    ,,122 116 104 101,"내과, 외과, 영상의학과, 가정의학과",1996.11,2026-03-24 16:01:47
3200000,PHMA220193200033021200001,2019-06-10,,영업/정상,,,,238.92,,08806,더웰샘한방병원,한방병원,U,시군구,2026-05-02 03:03:03,"서울특별시 관악구 남현길 7, 한일프라자 4, 6층 (남현동)",30,영업중,13,01,한방병원,9,9,0234278275,197958.524057933    ,441542.490987188    ,,122 301 302 303 304 305 306 308,"가정의학과, 한방내과, 한방부인과, 한방소아과, 한방안·이비인후·피부과, 한방신경정신과, 한방재활의학과, 침구과",238.92,2026-05-01 13:10:52
3200000,PHMA220193200033021200002,2019-12-26,,영업/정상,,,,1302.48,,08776,치유본한방병원,한방병원,U,시군구,2026-04-25 03:03:03,"서울특별시 관악구 신원로 35, 삼모더프라임타워 6층 (신림동)",56,영업중,13,01,한방병원,11,27,0216448511,193643.274303943    ,442230.03574985     ,,111 122 301 302 303 304 305 306 307 308,"소아청소년과, 가정의학과, 한방내과, 한방부인과, 한방소아과, 한방안·이비인후·피부과, 한방신경정신과, 한방재활의학과, 사상체질과, 침구과",1302.48,2026-04-24 09:23:09
3200000,PHMA220203200033021200001,2020-12-22,,영업/정상,,,,1802.55,,08776,바른사랑병원,병원,U,시군구,2026-03-26 03:03:03,"서울특별시 관악구 신원로 35, 삼모 더 프라임 타워 3,7층 (신림동)",35,영업중,13,01,병원,20,10,028788875,193643.274303943    ,442230.03574985     ,서울특별시 관악구 신림동 1638-1 삼모 더 프라임 타워,116 109 106 105,"정형외과, 신경외과, 마취통증의학과, 영상의학과",1802.55,2026-03-25 10:41:18
3200000,PHMA220213200033021200001,2021-09-28,,영업/정상,,,,1720.9,,08787,미올한방병원,한방병원,U,시군구,2026-05-09 03:03:03,"서울특별시 관악구 남부순환로 1814, 대연빌딩 1,2,6층 (봉천동)",47,영업중,13,01,한방병원,21,20,025537000,195647.366393622    ,442105.342411703    ,,122 301 302 303 304 305 306 307 308,"가정의학과, 한방내과, 한방부인과, 한방소아과, 한방안·이비인후·피부과, 한방신경정신과, 한방재활의학과, 사상체질과, 침구과",1720.9,2026-05-08 07:32:12
3200000,PHMA220223200033021200001,2022-06-27,,영업/정상,,,,1839.68,,08761,바를정한방병원,한방병원,U,시군구,2026-05-09 03:03:03,"서울특별시 관악구 남부순환로 1485, 삼남빌딩 1층, 7층, 8층 (신림동)",65,영업중,13,01,한방병원,21,29,0232811075,192455.883042115    ,442267.149217637    ,,110 301 302 303 304 305 306 307 308,"산부인과, 한방내과, 한방부인과, 한방소아과, 한방안·이비인후·피부과, 한방신경정신과, 한방재활의학과, 사상체질과, 침구과",1839.68,2026-05-08 07:33:06
3200000,PHMA220253200033021200001,2025-09-24,,영업/정상,,,,3095.68,,08787,서울센트럴병원,병원,U,시군구,2026-05-09 03:03:03,"서울특별시 관악구 남부순환로 1814, 대연빌딩 3,4,8,9층 (봉천동)",70,영업중,13,01,병원,31,23,16003565,195647.366393622    ,442105.342411703    ,서울특별시 관악구 봉천동 869-12 대연빌딩,116 109 106 105 101,"내과, 정형외과, 신경외과, 마취통증의학과, 영상의학과",3095.68,2026-05-08 07:32:23
3200000,PHMA219843200033021200001,1980-06-20,,영업/정상,,,,24292.83,,08779,의료법인서울효천의료재단 에이치플러스양지병원,종합병원,U,시군구,2026-05-09 03:03:03,"서울특별시 관악구 남부순환로 1636, 양지병원 (신림동)",325,영업중,13,01,종합병원,542,85,0218778875,193961.371360025    ,442448.373509657    ,서울특별시 관악구 신림동 10번지 715호 양지병원,412 411 125 124 122 120 119 118 116 115 113 111 110 109 107 106 105 104 103 102 101,"내과, 신경과, 정신건강의학과, 외과, 정형외과, 신경외과, 심장혈관흉부외과, 마취통증의학과, 산부인과, 소아청소년과, 이비인후과, 비뇨의학과, 영상의학과, 병리과, 진단검사의학과, 재활의학과, 가정의학과, 직업환경의학과, 응급의학과, 예방치과, 통합치의학과",24292.83,2026-05-08 07:32:53
3200000,PHMA219883200033021200001,1988-05-19,,폐업,2010-09-06,,,721.28,151-841,,본플러스병원,병원,I,시군구,2026-03-10 22:00:14,서울특별시 관악구 남부순환로 1782 (봉천동),43,폐업,03,03,병원,6,0,,195344.63420121     ,442139.541480019    ,서울특별시 관악구 청룡동 883번지 14호,101 105 104 106 111 122,"내과, 외과, 정형외과, 신경외과, 소아청소년과, 가정의학과",721.28,2010-10-20 17:55:51
3200000,PHMA219953200033021200001,1995-05-20,,영업/정상,,,,5712.14,,08735,강남고려병원,병원,U,시군구,2026-05-09 03:03:03,서울특별시 관악구 관악로 242 (봉천동),185,영업중,13,01,병원,14,45,16618267,196106.551569021    ,442595.671190452    ,,406 308 307 306 305 304 303 302 301 124 122 120 119 116 110 109 106 105 104 101,"내과, 외과, 정형외과, 신경외과, 마취통증의학과, 산부인과, 영상의학과, 진단검사의학과, 재활의학과, 가정의학과, 직업환경의학과, 한방내과, 한방부인과, 한방소아과, 한방안·이비인후·피부과, 한방신경정신과, 한방재활의학과, 사상체질과, 침구과, 치주과",5712.14,2026-05-08 07:33:15
3200000,PHMA219973200033021200001,2006-01-01,,영업/정상,,,,1441.36,,08789,사랑의병원,병원,U,시군구,2026-05-09 03:03:03,"서울특별시 관악구 남부순환로 1860, -1,1,3,4,5층 (봉천동,  )",74,영업중,13,01,병원,25,16,028800114,196058.834046152    ,441941.183199585    ,,122 116 109 106 105 104 102 101,"내과, 신경과, 외과, 정형외과, 신경외과, 마취통증의학과, 영상의학과, 가정의학과",1441.36,2026-05-08 07:32:33
3200000,PHMA220053200033021200001,2005-12-07,,폐업,2011-10-31,,,842.13,,,이너스치과병원,치과병원,I,시군구,2026-03-10 22:00:17,서울특별시 관악구 남부순환로 1710 (봉천동),0,폐업,03,03,치과병원,2,0,,194613.552109266    ,442291.802164704    ,관악구 봉천8동 945-10,201 202 207,"구강악안면외과, 치과보철과, 구강내과",842.13,2011-10-31 18:06:02
3200000,PHMA220063200033021200001,2008-05-09,,폐업,2010-03-31,,,1975,,,서울e병원,병원,I,시군구,2026-03-10 22:00:19,,113,폐업,03,03,병원,3,0,,,,관악구 봉천9동 937-15 (5-7층),101 104 105 110 120,"내과, 외과, 정형외과, 산부인과, 재활의학과",1975,2010-04-01 16:09:24
3200000,PHMA220063200033021200002,2006-01-26,,영업/정상,,,,2976.75,,08767,강남힐병원,병원,U,시군구,2026-04-25 03:03:03,"서울특별시 관악구 남부순환로 1449, 강남힐병원 (신림동)",94,영업중,13,01,병원,13,31,,192122.439315529    ,442168.547868945    ,,101 104 105 106 116 122 125,"내과, 외과, 정형외과, 신경외과, 영상의학과, 가정의학과, 응급의학과",2976.75,2026-04-24 09:22:23
3200000,PHMA220083200033021200001,1995-05-20,,폐업,2024-07-18,,,2486.42,151-050,08758,미래드림여성병원,병원,U,시군구,2026-03-27 03:03:03,서울특별시 관악구 남부순환로 1785 (봉천동),37,폐업,03,03,병원,3,22,,195387.990236283    ,442205.889843962    ,서울특별시 관악구 봉천동 884번지 44호,101 104 105 109 110 111 120 118 116,"내과, 외과, 정형외과, 마취통증의학과, 산부인과, 소아청소년과, 영상의학과, 병리과, 재활의학과",2486.42,2026-03-26 08:22:13
3210000,PHMA220053210034021200002,2005-08-22,,폐업,2009-08-31,,,338.32,,,이엔이치과병원,치과병원,I,시군구,2026-03-10 22:00:24,,0,폐업,03,03,치과병원,4,0,,,,"서울특별시 서초구 서초1동 1673-1 4층, 8층",201 202 203 204 205 206 207 208 209 210,"구강악안면외과, 치과보철과, 치과교정과, 소아치과, 치주과, 치과보존과, 구강내과, 구강악안면방사선과, 구강병리과, 예방치과",338.32,2009-08-31 16:37:47
3210000,PHMA220053210034021200001,2005-08-05,,폐업,2018-07-21,,,396,137-858,06621,사과나무치과병원,치과병원,I,시군구,2026-03-10 22:00:23,"서울특별시 서초구 강남대로 365, 4층 (서초동, 대우도씨에빌)",0,폐업,03,03,치과병원,3,0,,202436.50368838     ,443680.004067596    ,서울특별시 서초구 서초동 1328번지 7호 4층,411 410 409 408 407 406 405 404 403,"치과보철과, 치과교정과, 소아치과, 치주과, 치과보존과, 구강내과, 영상치의학과, 구강병리과, 예방치과",396,2018-07-11 18:03:07
3210000,PHMA220063210034021200002,2006-08-31,,폐업,2014-05-28,2014-04-28,2014-06-02,192.04,137-888,,독일웰치과병원,치과병원,I,시군구,2026-03-10 22:00:27,서울특별시 서초구 강남대로 220 (양재동),0,폐업,03,03,치과병원,2,0,20572829,203064.660745241    ,442385.644757291    ,서울특별시 서초구 양재1동 13번지 1호,201 202 203 204 205 206 207 208 209 210,"구강악안면외과, 치과보철과, 치과교정과, 소아치과, 치주과, 치과보존과, 구강내과, 구강악안면방사선과, 구강병리과, 예방치과",192.04,2014-05-28 15:15:00
3210000,PHMA220073210034021200001,2007-12-31,,영업/정상,,,,1995.29,,06709,의료법인 부원의료재단 서초요양병원,요양병원(일반요양병원),I,시군구,2026-03-12 22:00:03,서울특별시 서초구 반포대로9길 42 (서초동),117,영업중,13,01,요양병원(일반요양병원),15,25,,200757.424328934    ,442326.157537912    ,,101 102 104 105 106 107 110 119 120 122 301 308,"내과, 신경과, 외과, 정형외과, 신경외과, 심장혈관흉부외과, 산부인과, 진단검사의학과, 재활의학과, 가정의학과, 한방내과, 침구과",1995.29,2026-03-11 15:26:10
3210000,PHMA220083210034021200001,2008-04-01,,영업/정상,,,,9304.57,,06702,연세사랑병원,병원,I,시군구,2026-04-24 22:00:02,"서울특별시 서초구 남부순환로 2205, 지하4층~지상6층 (방배동)",177,영업중,13,01,병원,188,55,15770050,199356.275577675    ,441326.193173286    ,서울특별시 서초구 방배동 488-6 지하4층~지상6층,116 109 106 105 101,"내과, 정형외과, 신경외과, 마취통증의학과, 영상의학과",9304.57,2026-04-21 13:21:18
3210000,PHMA220083210034021200002,2008-07-25,,폐업,2010-07-09,,,980.99,137-820,,모심요양병원,요양병원(일반요양병원),I,시군구,2026-03-10 22:00:28,,62,폐업,03,03,요양병원(일반요양병원),12,15,,198743.866850026    ,441538.707106809    ,서울특별시 서초구 방배3동 479번지 5호,101 102 103 104 105 106 110 120 122,"내과, 신경과, 정신건강의학과, 외과, 정형외과, 신경외과, 산부인과, 재활의학과, 가정의학과",980.99,2010-07-09 17:53:49
3210000,PHMA220083210034021200003,2008-11-04,,영업/정상,,,,380.53,,06653,서울탑치과병원,치과병원,I,시군구,2026-04-24 22:00:02,"서울특별시 서초구 효령로 261-1, 4,5,6,7층 (서초동)",0,영업중,13,01,치과병원,6,0,025882833,201064.364905095    ,442490.721676866    ,서울특별시 서초구 서초동 1586-4,412 411 410 409 408 407 406 405 404 403 402,"구강악안면외과, 치과보철과, 치과교정과, 소아치과, 치주과, 치과보존과, 구강내과, 영상치의학과, 구강병리과, 예방치과, 통합치의학과",380.53,2026-04-21 11:45:23
3210000,PHMA220093210034021200002,2009-02-25,,폐업,2010-07-09,,,7955.63,137-820,,새힘오산당병원,병원,I,시군구,2026-03-10 22:00:30,,206,폐업,03,03,병원,7,53,,198743.866850026    ,441538.707106809    ,서울특별시 서초구 방배3동 479번지 5호,115 101 105 106 104 116 109 122,"내과, 외과, 정형외과, 신경외과, 마취통증의학과, 비뇨의학과, 영상의학과, 가정의학과",7955.63,2010-07-12 08:55:28
3210000,PHMA220093210034021200003,2009-07-09,,영업/정상,,,,177.84,137-930,06544,서울귀한이치과병원,치과병원,I,시군구,2026-03-10 22:01:03,"서울특별시 서초구 잠원로 24, 403,404호 (반포동, 반포자이프라자)",0,영업중,13,01,치과병원,1,0,025232875,200800.417027918    ,444989.874340522    ,"서울특별시 서초구 반포동 20번지 45호 반포자이프라자 403, 404호",411 410 409 408 407 406 405 404 403 402,"구강악안면외과, 치과보철과, 치과교정과, 소아치과, 치주과, 치과보존과, 구강내과, 영상치의학과, 구강병리과, 예방치과",177.84,2022-12-19 10:57:31
3210000,PHMA220093210034021200004,2009-08-14,,폐업,2017-10-01,,,319.19,137-855,06612,사람사랑치과병원,치과병원,I,시군구,2026-03-10 22:01:02,"서울특별시 서초구 강남대로 435, 13층 (서초동, 주류성빌딩)",0,폐업,03,03,치과병원,6,0,34827528,202188.819669176    ,444329.635047436    ,서울특별시 서초구 서초동 1305번지 5호 13층,401,치과,319.19,2017-09-19 10:54:36
3210000,PHMA220093210034021200005,2009-09-15,,폐업,2011-04-18,,,1135.47,137-899,,함춘요양병원,요양병원(일반요양병원),I,시군구,2026-03-10 22:01:04,서울특별시 서초구 논현로1길 13 (양재동),49,폐업,03,03,요양병원(일반요양병원),11,17,,204359.793081205    ,441088.951603345    ,서울특별시 서초구 양재2동 402번지 3호,103 102 101 114 112 115 120 122,"내과, 신경과, 정신건강의학과, 안과, 피부과, 비뇨의학과, 재활의학과, 가정의학과",1135.47,2011-04-19 09:02:31
3210000,PHMA220093210034021200006,2009-11-02,,영업/정상,,,,5862.84,,06536,고도일병원,병원,I,시군구,2026-04-24 22:00:02,"서울특별시 서초구 강남대로 505 (반포동, 고도일 병원)",130,영업중,13,01,병원,47,43,15778907,201943.524337491    ,444978.789098921    ,"서울특별시 서초구 반포동 736번지 9호 지하4층~9층/반포동 735-26 외1(지1층,2~4층)",122 120 119 116 109 106 105 102,"신경과, 정형외과, 신경외과, 마취통증의학과, 영상의학과, 진단검사의학과, 재활의학과, 가정의학과",5862.84,2026-04-21 13:21:34
3210000,PHMA220103210034021200001,2010-04-12,,영업/정상,,,,1594.47,137-802,06593,강남요양병원,요양병원(일반요양병원),I,시군구,2026-04-24 22:00:02,서울특별시 서초구 서초중앙로 197 (반포동),113,영업중,13,01,요양병원(일반요양병원),15,27,028320151,200998.469243492    ,444131.025461031    ,서울특별시 서초구 반포4동 44번지 3호,308 301 122 120 106 104 101,"내과, 외과, 신경외과, 재활의학과, 가정의학과, 한방내과, 침구과",1594.47,2026-04-21 11:43:43
3210000,PHMA220103210034021200002,2010-04-29,,폐업,2020-12-01,,,1279.86,,06634,의료법인 명경의료재단 꽃마을한방병원,한방병원,I,시군구,2026-03-10 22:01:08,"서울특별시 서초구 서초중앙로 110, 4,5층 (서초동, 롯데캐슬메디치빌딩)",30,폐업,03,03,한방병원,8,7,0234757023,201213.653404672    ,443265.664377177    ,,302 301,"한방내과, 한방부인과",1279.86,2023-03-31 11:09:51
3210000,PHMA220113210034021200001,2011-05-13,,폐업,2015-02-06,,,454.86,137-855,,원진바른얼굴치과병원,치과병원,I,시군구,2026-03-10 22:00:44,"서울특별시 서초구 강남대로 419 (서초동, 지하2층)",0,폐업,03,03,치과병원,3,0,34762879,202244.58332104     ,444183.247963925    ,서울특별시 서초구 서초4동 1306번지 6호 지하2층,401,치과,454.86,2015-02-06 13:58:25
3210000,PHMA220123210034021200001,2012-07-24,,영업/정상,,,,2313.2,137-888,06744,참포도나무병원,병원,I,시군구,2026-04-24 22:00:02,서울특별시 서초구 바우뫼로35길 32 (양재동),38,영업중,13,01,병원,57,9,0215880831,203350.547009323    ,441971.940635973    ,"서울특별시 서초구 양재동 20번지 7호 /양재동 20-4, 2층/양재동 20-20(지1~3층)",105 106 104 111 101 109 120 116 122 102 119,"내과, 신경과, 외과, 정형외과, 신경외과, 마취통증의학과, 소아청소년과, 영상의학과, 진단검사의학과, 재활의학과, 가정의학과",2313.2,2026-04-21 11:48:53
3210000,PHMA220133210034021200001,2013-01-17,,영업/정상,,,,2682.35,,06634,365엠씨(mc)병원,병원,I,시군구,2026-04-24 22:00:02,"서울특별시 서초구 서초중앙로 126, 서울365mc병원 지하1층, 2~13층 (서초동)",46,영업중,13,01,병원,24,13,0234743653,201178.653260998    ,443421.176493515    ,서울특별시 서초구 서초동 1657-1 서울365mc병원,122 104 108 114,"외과, 성형외과, 피부과, 가정의학과",2682.35,2026-04-21 11:50:51
3210000,PHMA220143210034021200001,2014-01-09,,영업/정상,,,,3391.87,,06643,장덕한방병원,한방병원,U,시군구,2026-04-24 03:03:03,"서울특별시 서초구 서초중앙로 42, 블루핀타워 지하2~4층 (서초동)",70,영업중,13,01,한방병원,62,18,025930052,201353.74049169     ,442618.447987766    ,서울특별시 서초구 서초동 1603-1 블루핀타워,308 307 306 305 304 303 302 301 116 114 109 102 101,"내과, 신경과, 마취통증의학과, 피부과, 영상의학과, 한방내과, 한방부인과, 한방소아과, 한방안·이비인후·피부과, 한방신경정신과, 한방재활의학과, 사상체질과, 침구과",3391.87,2026-04-23 17:06:52
3210000,PHMA220143210034021200002,2014-05-13,,영업/정상,,,,826.41,137-061,06555,이건목원리한방병원,한방병원,I,시군구,2026-03-10 22:00:48,"서울특별시 서초구 동작대로 196, 1~3층 (방배동)",30,영업중,13,01,한방병원,6,10,025371700,198443.787138915    ,443544.463726261    ,서울특별시 서초구 방배동 765번지 28호 1~3층,301 302 303 304 305 306 307 308 109,"마취통증의학과, 한방내과, 한방부인과, 한방소아과, 한방안·이비인후·피부과, 한방신경정신과, 한방재활의학과, 사상체질과, 침구과",826.41,2024-05-27 10:13:02
3210000,PHMA220153210034021200001,2015-12-14,,영업/정상,,,,3193.16,,06654,세바른병원,병원,I,시군구,2026-04-24 22:00:02,서울특별시 서초구 서초중앙로 47 (서초동),37,영업중,13,01,병원,32,10,15883094,201287.589628621    ,442640.122666786    ,,120 116 109 106 105 101,"내과, 정형외과, 신경외과, 마취통증의학과, 영상의학과, 재활의학과",3193.16,2026-04-21 11:52:13
3210000,PHMA220153210034021200002,2015-06-23,,제외/삭제/전출,,,,1615.14,,06605,염창환병원,병원,I,시군구,2026-03-10 22:01:16,"서울특별시 서초구 서초중앙로 148, 희성빌딩 5,6,9층 (서초동)",39,전출,15,05,병원,36,16,025141249,201136.231801352    ,443651.537438838    ,서울특별시 서초구 서초동 1694번지 10호 김영학원사옥,122 120 114 101,"내과, 피부과, 재활의학과, 가정의학과",1615.14,2023-03-31 11:08:56
3210000,PHMA220153210034021200003,2015-07-13,,제외/삭제/전출,,,,699.73,,06612,라이브치과병원,치과병원,I,시군구,2026-03-10 22:01:17,"서울특별시 서초구 강남대로 441, 서산빌딩 11층 (서초동)",0,전출,15,05,치과병원,7,0,025082279,202156.76           ,444388.655          ,서울특별시 서초구 서초동 1305번지 서산빌딩,403 404 405 406 407,"치과보철과, 치과교정과, 소아치과, 치주과, 치과보존과",699.73,2022-12-19 10:56:50
3210000,PHMA220163210034021200001,2016-03-11,,영업/정상,,,,7495.73,,06768,의료법인 참예원의료재단 서초참요양병원,요양병원(일반요양병원),I,시군구,2026-04-24 22:00:02,"서울특별시 서초구 양재대로 54, 지1,2층, 2~9층 (우면동, 서초참병원)",181,영업중,13,01,요양병원(일반요양병원),50,94,0260812114,202173.072903522    ,439733.691014751    ,,408 407 406 403 402 308 307 306 305 301 122 120 102 101,"내과, 신경과, 재활의학과, 가정의학과, 한방내과, 한방신경정신과, 한방재활의학과, 사상체질과, 침구과, 구강악안면외과, 치과보철과, 치주과, 치과보존과, 구강내과",7495.73,2026-04-21 11:49:20
3210000,PHMA220173210034021200001,2017-11-06,,영업/정상,,,,4622.38,,06693,서초프라임요양병원,요양병원(일반요양병원),I,시군구,2026-04-24 22:00:02,서울특별시 서초구 방배천로2길 22 (방배동),224,영업중,13,01,요양병원(일반요양병원),46,55,025887575,198506.646654889    ,441616.112143735    ,서울특별시 서초구 방배동 446번지 3호 지하1층~3층,306 304 303 301 122 120 106 105 104 102 101,"내과, 신경과, 외과, 정형외과, 신경외과, 재활의학과, 가정의학과, 한방내과, 한방소아과, 한방안·이비인후·피부과, 한방재활의학과",4622.38,2026-04-21 13:20:03
3210000,PHMA220183210034021200001,2018-06-26,,영업/정상,,,,2480.74,,06668,올바로병원,병원,I,시군구,2026-04-24 22:00:02,"서울특별시 서초구 명달로 102, 서원빌딩 1-6층 (서초동)",68,영업중,13,01,병원,8,21,025878875,200324.626408302    ,442669.649678322    ,서울특별시 서초구 서초동 1515번지 4호 서원빌딩,116 106 105 101,"내과, 정형외과, 신경외과, 영상의학과",2480.74,2026-04-21 13:22:02
3210000,PHMA220193210034021200001,2019-07-08,,영업/정상,,,,1009.2,,06561,뉴민병원,병원,I,시군구,2026-04-24 22:00:02,"서울특별시 서초구 방배로 223, 창생빌딩 2~7층 (방배동)",31,영업중,13,01,병원,21,9,0266778875,199040.3746688      ,443425.063163148    ,서울특별시 서초구 방배동 795번지 22호 창생빌딩,122 120 116 114 110 109 106 105 104 102 101,"내과, 신경과, 외과, 정형외과, 신경외과, 마취통증의학과, 산부인과, 피부과, 영상의학과, 재활의학과, 가정의학과",1009.2,2026-04-21 13:19:36
3210000,PHMA220193210034021200002,2010-08-16,,영업/정상,,,,4661.03,,06632,모커리한방병원,한방병원,I,시군구,2026-04-24 22:00:02,"서울특별시 서초구 서초대로 338, 프로비스타 지하1층 지상2~8층 (서초동)",92,영업중,13,01,한방병원,25,24,025260821,201577.653343873    ,443623.599964173    ,서울특별시 서초구 서초동 1677번지 8호 프로비스타,116 120 122 301 302 303 304 305 306 307 308,"영상의학과, 재활의학과, 가정의학과, 한방내과, 한방부인과, 한방소아과, 한방안·이비인후·피부과, 한방신경정신과, 한방재활의학과, 사상체질과, 침구과",4661.03,2026-04-21 11:51:34
3210000,PHMA220203210034021200001,2006-04-11,,영업/정상,,,,6868.12,,06725,기쁨병원,종합병원,I,시군구,2026-04-24 22:00:02,"서울특별시 서초구 서초중앙로 4, 기쁨병원 (서초동)",110,영업중,13,01,종합병원,145,32,025701234,201523.81737501     ,442288.685384896    ,서울특별시 서초구 서초동 1426-1,412 125 122 119 116 115 114 113 111 110 109 105 104 102 101,"내과, 신경과, 외과, 정형외과, 마취통증의학과, 산부인과, 소아청소년과, 이비인후과, 피부과, 비뇨의학과, 영상의학과, 진단검사의학과, 가정의학과, 응급의학과, 통합치의학과",6868.12,2026-04-21 13:21:05
3210000,PHMA220213210034021200001,2021-01-25,,영업/정상,,,,821.53,,06628,광덕안정한방병원,한방병원,I,시군구,2026-04-24 22:00:02,"서울특별시 서초구 강남대로 309, 코리아비지니스센타 2층 (서초동)",30,영업중,13,01,한방병원,22,14,0220882975,202623.297219041    ,443154.964346798    ,서울특별시 서초구 서초동 1338-21 코리아비지니스센타,307 306 301 109,"마취통증의학과, 한방내과, 한방재활의학과, 사상체질과",821.53,2026-04-21 11:50:05
3210000,PHMA220213210034021200002,2021-08-30,,영업/정상,,,,535.71,,06628,유디치과병원,치과병원,I,시군구,2026-03-10 22:01:27,"서울특별시 서초구 강남대로 309, 코리아비지니스센타 3층 (서초동)",0,영업중,13,01,치과병원,2,0,0221823300,202623.297219041    ,443154.964346798    ,서울특별시 서초구 서초동 1338-21 코리아비지니스센타,411 407 406 403,"치과보철과, 치주과, 치과보존과, 예방치과",535.71,2025-07-11 11:05:27
3210000,PHMA220223210034021200001,2022-06-28,,영업/정상,,,,978.5,,06609,자이비뇨의학과병원,병원,I,시군구,2026-03-10 22:01:26,"서울특별시 서초구 서운로 220, 대지스포츠프라자 4층 (서초동)",30,영업중,13,01,병원,7,8,0262075678,201856.625065785    ,444502.636699224    ,서울특별시 서초구 서초동 1302-2 대지스포츠프라자,115,비뇨의학과,978.5,2025-09-03 11:17:36
3210000,PHMA220233210034021200001,2023-06-27,,영업/정상,,,,2474.69,,06672,척바른병원,병원,I,시군구,2026-04-24 22:00:02,"서울특별시 서초구 방배로 151, 지하1층일부,2~5층 (방배동)",61,영업중,13,01,병원,17,18,16443878,199360.582881543    ,442777.806241993    ,"서울특별시 서초구 방배동 936-12 지하1층일부,2~5층",120 116 109 106 105 104 102 101,"내과, 신경과, 외과, 정형외과, 신경외과, 마취통증의학과, 영상의학과, 재활의학과",2474.69,2026-04-21 13:21:47
3210000,PHMA220243210034021200001,2013-01-25,,영업/정상,,,,6966.07,,06643,서울안강병원,병원,I,시군구,2026-04-24 22:00:02,"서울특별시 서초구 효령로 331, GL(지엘)빌딩 지하1~3층,2~8층 (서초동)",180,영업중,13,01,병원,102,69,0218993210,201728.60256238     ,442694.699054996    ,"서울특별시 서초구 서초동 1604-20 GL(지엘)빌딩,지하1~3층,2~8층",306 122 120 116 109 102 101,"내과, 신경과, 마취통증의학과, 영상의학과, 재활의학과, 가정의학과, 한방재활의학과",6966.07,2026-04-21 11:53:36
3210000,PHMA219783210034021200001,1978-05-23,,영업/정상,,,,23886.93,,06801,서울특별시어린이병원,병원,I,시군구,2026-04-24 22:00:02,서울특별시 서초구 헌릉로 260 (내곡동),182,영업중,13,01,병원,202,37,025708000,206059.856619754    ,439252.151463844    ,,103 111 116 120 405 408 412,"정신건강의학과, 소아청소년과, 영상의학과, 재활의학과, 소아치과, 구강내과, 통합치의학과",23886.93,2026-04-21 13:20:54
3210000,PHMA219783210034021200002,1978-09-14,,폐업,2009-12-31,,,1122,,,가야병원,병원,I,시군구,2026-03-10 22:00:15,,70,폐업,03,03,병원,6,30,,,,서울특별시 서초구 방배4동 852-14,101 104 105 110 116 119,"내과, 외과, 정형외과, 산부인과, 영상의학과, 진단검사의학과",1122,2009-12-31 11:22:27
3210000,PHMA219803210034021200001,1980-05-02,,영업/정상,,,,138964.24,,06591,학교법인가톨릭학원가톨릭대학교서울성모병원,종합병원,U,시군구,2026-04-24 03:03:03,서울특별시 서초구 반포대로 222 (반포동),1269,영업중,13,01,종합병원,3536,447,0215881511,200394.225955905    ,444207.694481581    ,,101 102 103 104 105 106 107 108 109 110 111 112 113 114 115 116 117 118 119 120 122 123 124 125 402 403 404 406 407,"내과, 신경과, 정신건강의학과, 외과, 정형외과, 신경외과, 심장혈관흉부외과, 성형외과, 마취통증의학과, 산부인과, 소아청소년과, 안과, 이비인후과, 피부과, 비뇨의학과, 영상의학과, 방사선종양학과, 병리과, 진단검사의학과, 재활의학과, 가정의학과, 핵의학과, 직업환경의학과, 응급의학과, 구강악안면외과, 치과보철과, 치과교정과, 치주과, 치과보존과",138964.24,2026-04-23 17:51:25
3210000,PHMA219893210034021200001,1989-08-14,,영업/정상,,,,1170.89,137-835,06586,재단법인 동국한방병원,한방병원,I,시군구,2026-03-10 22:00:17,서울특별시 서초구 방배로 186 (방배동),30,영업중,13,01,한방병원,7,10,025365599,199257.012040081    ,443119.872035845    ,서울특별시 서초구 방배동 837번지 13호,308 305 304 303 302 301 105,"정형외과, 한방내과, 한방부인과, 한방소아과, 한방안·이비인후·피부과, 한방신경정신과, 침구과",1170.89,2025-11-18 18:33:22
3210000,PHMA219963210034021200001,1996-06-28,,폐업,2014-04-30,,,938.87,137-069,,강남의림한방병원,한방병원,I,시군구,2026-03-10 22:01:12,서울특별시 서초구 동광로 5 (방배동),50,폐업,03,03,한방병원,3,14,,198467.280077121    ,443206.019272764    ,서울특별시 서초구 방배본동 2240번지,301 302 303 304 305 308,"한방내과, 한방부인과, 한방소아과, 한방안·이비인후·피부과, 한방신경정신과, 침구과",938.87,2014-04-30 18:48:39
3210000,PHMA219983210034021200001,1998-03-26,,영업/정상,,,,1739.37,137-841,06664,의료법인 청해의료재단 제일병원,병원,I,시군구,2026-03-12 22:00:03,서울특별시 서초구 서초대로 116 (방배동),44,영업중,13,01,병원,6,12,025865557,199494.84195609     ,442848.134012303    ,서울특별시 서초구 방배1동 896번지 1호,101 104 105 106 108 111 114 115,"내과, 외과, 정형외과, 신경외과, 성형외과, 소아청소년과, 피부과, 비뇨의학과",1739.37,2026-03-11 15:05:56
3210000,PHMA219993210034021200001,1999-07-24,,영업/정상,,,,6663.28,137-820,06699,대항병원,병원,I,시군구,2026-03-10 22:01:11,서울특별시 서초구 남부순환로 2151 (방배동),78,영업중,13,01,병원,143,32,63888114,198865.609772728    ,441491.109507535    ,서울특별시 서초구 방배동 481번지 10호,122 118 116 115 110 109 107 104 101,"내과, 외과, 심장혈관흉부외과, 마취통증의학과, 산부인과, 비뇨의학과, 영상의학과, 병리과, 가정의학과",6663.28,2025-11-18 18:46:23
3210000,PHMA220013210034021200001,2001-09-18,,영업/정상,,,,329.56,,06557,필치과병원,치과병원,I,시군구,2026-03-10 22:00:18,"서울특별시 서초구 방배로 245, 3층 (방배동, 현대클리닉빌딩)",0,영업중,13,01,치과병원,1,0,025930725,198946.325553017    ,443620.452896965    ,,402 403 404 406 407,"구강악안면외과, 치과보철과, 치과교정과, 치주과, 치과보존과",329.56,2024-10-07 11:12:42
3210000,PHMA220013210034021200002,2001-10-17,,영업/정상,,,,1204.96,,06531,길인의료재단 기린한방병원,한방병원,I,시군구,2026-03-10 22:01:20,"서울특별시 서초구 신반포로49길 3, 기린한방병원 (잠원동)",30,영업중,13,01,한방병원,1,12,,201705.524083255    ,445429.573099822    ,서울특별시 서초구 잠원동 38번지 25호 기린한방병원,301 302 303 304 305 306 307 308 122,"가정의학과, 한방내과, 한방부인과, 한방소아과, 한방안·이비인후·피부과, 한방신경정신과, 한방재활의학과, 사상체질과, 침구과",1204.96,2023-03-31 11:09:59
3210000,PHMA220033210034021200001,2003-07-22,,폐업,2012-08-31,,,542.9,137-856,,유아이씨시카고 치과병원,치과병원,I,시군구,2026-03-10 22:01:00,"서울특별시 서초구 강남대로 399 (서초동,3층)",0,폐업,03,03,치과병원,4,0,,202305.702281425    ,444007.896797043    ,서울특별시 서초구 서초4동 1318번지 8호  3층,201 202 203 204 205 206 207 208 209 210,"구강악안면외과, 치과보철과, 치과교정과, 소아치과, 치주과, 치과보존과, 구강내과, 구강악안면방사선과, 구강병리과, 예방치과",542.9,2012-08-31 18:11:57
3210000,PHMA220033210034021200002,2003-09-01,,영업/정상,,,,5973.74,137-953,06654,서울21세기병원,병원,I,시군구,2026-04-24 22:00:02,서울특별시 서초구 서초중앙로 39 (서초동),80,영업중,13,01,병원,70,21,0234770880,201322.30487951     ,442566.64109412     ,서울특별시 서초구 서초동 1602번지 8호,101 106 109 116 102 105,"내과, 신경과, 정형외과, 신경외과, 마취통증의학과, 영상의학과",5973.74,2026-04-21 11:54:16
3210000,PHMA220033210034021200003,2003-10-30,,폐업,2008-06-30,,,1141.4,137-044,,조은병원,병원,I,시군구,2026-03-10 22:00:13,,41,폐업,03,03,병원,7,0,,,,서울특별시 서초구 반포동 44-3,106 122 105 116 109 101 111 104,"내과, 외과, 정형외과, 신경외과, 마취통증의학과, 소아청소년과, 영상의학과, 가정의학과",1141.4,2008-11-28 13:53:11
3210000,PHMA220043210034021200001,2004-01-02,,영업/정상,,,,697.58,,06572,가야치과병원,치과병원,I,시군구,2026-03-10 22:00:20,"서울특별시 서초구 방배로 177, 4~6층 (방배동)",0,영업중,13,01,치과병원,5,0,025992472,199245.439853629    ,443009.301109201    ,,403 404 406 407,"치과보철과, 치과교정과, 치주과, 치과보존과",697.58,2025-02-26 17:05:48
3210000,PHMA220043210034021200002,2004-04-01,,폐업,2009-04-30,,,4896.65,137-820,,오산당병원,병원,I,시군구,2026-03-10 22:00:21,,52,폐업,03,03,병원,14,14,,198743.866850026    ,441538.707106809    ,"서울특별시 서초구 방배3동 479번지 5호 지하4층~2층, 6층",101 104 106 109 105,"내과, 외과, 정형외과, 신경외과, 마취통증의학과",4896.65,2009-04-30 11:11:18
3210000,PHMA220063210034021200001,2006-05-03,,폐업,2012-11-01,,,137.4,137-856,,서울그린치과병원,치과병원,I,시군구,2026-03-10 22:00:25,"서울특별시 서초구 강남대로 403 (서초동,9층)",0,폐업,03,03,치과병원,3,0,,202292.436257201    ,444027.04352232     ,서울특별시 서초구 서초4동 1318번지 4호 9층,201 202 203 204 205 206 207 208 209 210,"구강악안면외과, 치과보철과, 치과교정과, 소아치과, 치주과, 치과보존과, 구강내과, 구강악안면방사선과, 구강병리과, 예방치과",137.4,2012-11-02 09:20:02
3220000,PHMA219803220033021200001,1980-07-05,,폐업,2012-12-05,,,969.3,,06220,(사) 대한사회복지회 한서병원,병원,I,시군구,2026-03-10 22:01:39,"서울특별시 강남구 논현로86길 21, 지하1층~4층 (역삼동)",30,폐업,03,03,병원,4,0,,203394.530457183    ,444235.290200389    ,서울특별시 강남구 역삼동 718번지 35호 한서병원,101 111 116 118,"내과, 소아청소년과, 영상의학과, 병리과",969.3,2018-07-04 13:30:49
3220000,PHMA219833220033021200001,1983-01-26,,폐업,2011-03-12,,,27170.57,135-091,,서울특별시 서울의료원,종합병원,I,시군구,2026-03-10 22:00:26,,500,폐업,03,03,종합병원,0,0,,,,삼성1동 171-1,101 102 103 104 105 106 107 109 110 111 112 113 114 115 116 117 118 119 120 122 125,"내과, 신경과, 정신건강의학과, 외과, 정형외과, 신경외과, 심장혈관흉부외과, 마취통증의학과, 산부인과, 소아청소년과, 안과, 이비인후과, 피부과, 비뇨의학과, 영상의학과, 방사선종양학과, 병리과, 진단검사의학과, 재활의학과, 가정의학과, 응급의학과",27170.57,2011-03-10 17:46:32
3220000,PHMA219833220033021200002,1983-04-04,,영업/정상,,,,88093.68,,06273,연세대학교의과대학 강남세브란스병원,종합병원,I,시군구,2026-03-10 22:02:39,"서울특별시 강남구 언주로 211, 강남세브란스병원 (도곡동)",768,영업중,13,01,종합병원,1411,261,0220193114,204044.915103209    ,443372.921666623    ,서울특별시 강남구 도곡동 146-92 강남세브란스병원,101 102 103 104 105 106 107 108 109 110 111 112 113 114 115 116 117 118 119 120 122 123 125 402 403 404 406 407,"내과, 신경과, 정신건강의학과, 외과, 정형외과, 신경외과, 심장혈관흉부외과, 성형외과, 마취통증의학과, 산부인과, 소아청소년과, 안과, 이비인후과, 피부과, 비뇨의학과, 영상의학과, 방사선종양학과, 병리과, 진단검사의학과, 재활의학과, 가정의학과, 핵의학과, 응급의학과, 구강악안면외과, 치과보철과, 치과교정과, 치주과, 치과보존과",88093.68,2026-01-29 14:15:31
3220000,PHMA219903220033021200001,1990-10-22,,영업/정상,,,,30431.65,,06135,차의과학대학교 강남차병원,종합병원,I,시군구,2026-03-10 22:00:19,"서울특별시 강남구 논현로 566, 강남차병원(역삼동650-9, 606-4, 605외2필지(지하7층~지하1층, 지상2층~7층)) (역삼동)",258,영업중,13,01,종합병원,382,136,0234683000,202979.308817323    ,444965.788565979    ,서울특별시 강남구 역삼동 650-9 강남차병원,412 404 403 402 308 307 306 305 304 303 302 301 119 118 116 115 111 110 109 108 107 106 104 103 102 101,"내과, 신경과, 정신건강의학과, 외과, 신경외과, 심장혈관흉부외과, 성형외과, 마취통증의학과, 산부인과, 소아청소년과, 비뇨의학과, 영상의학과, 병리과, 진단검사의학과, 한방내과, 한방부인과, 한방소아과, 한방안·이비인후·피부과, 한방신경정신과, 한방재활의학과, 사상체질과, 침구과, 구강악안면외과, 치과보철과, 치과교정과, 통합치의학과",30431.65,2026-03-03 13:13:58
3220000,PHMA219903220033021200002,1990-12-22,,폐업,2018-06-03,,,417.42,,06133,청아치과병원,치과병원,I,시군구,2026-03-10 22:00:34,"서울특별시 강남구 테헤란로 125 (역삼동, 동찬빌딩)",0,폐업,03,03,치과병원,2,0,025566836,202731.24           ,444156.600000001    ,서울특별시 강남구 역삼동 648번지 22호,401,치과,417.42,2018-06-14 15:09:58
3220000,PHMA219923220033021200001,1992-07-15,,영업/정상,,,,2542,,06017,윤호병원,병원,I,시군구,2026-03-10 22:01:41,"서울특별시 강남구 압구정로 304, 윤호병원 (지하1층,지하2층,1층~4층,7층)  (신사동)",30,영업중,13,01,병원,12,16,025120500,202969.639103322    ,447402.299460543    ,서울특별시 강남구 신사동 638-1 윤호병원,108 109 110 111 112,"성형외과, 마취통증의학과, 산부인과, 소아청소년과, 안과",2542,2022-09-25 15:38:25
3220000,PHMA219933220033021200001,1993-12-28,,폐업,2017-01-01,,,3244.18,,06279,미즈메디병원,병원,I,시군구,2026-03-10 22:00:33,"서울특별시 강남구 도곡로 452-452 (대치동, 미즈메디병원)",30,폐업,03,03,병원,65,12,0234673800,,,,101 104 109 110 115 116 122,"내과, 외과, 마취통증의학과, 산부인과, 비뇨의학과, 영상의학과, 가정의학과",3244.18,2023-10-20 16:21:29
3220000,PHMA219943220033021200001,1994-03-17,,영업/정상,,,,288.61,,06023,서울치과병원,치과병원,I,시군구,2026-03-10 22:01:42,"서울특별시 강남구 언주로165길 5, 3~4층 (신사동)",0,영업중,13,01,치과병원,1,0,,202818.908706624    ,447058.234073349    ,서울특별시 강남구 신사동 623,411 410 409 408 407 406 405 404 403 402,"구강악안면외과, 치과보철과, 치과교정과, 소아치과, 치주과, 치과보존과, 구강내과, 영상치의학과, 구강병리과, 예방치과",288.61,2022-12-16 13:11:45
3220000,PHMA219943220033021200002,1994-04-25,,영업/정상,,,,2300.89,,06170,(의)가산의료재단 광동병원,병원,I,시군구,2026-03-10 22:03:20,서울특별시 강남구 봉은사로 612 (삼성동),51,영업중,13,01,병원,40,19,22224888,205423.286315029    ,445783.29482639     ,,307 301 122 120 116 106 105 102 101,"내과, 신경과, 정형외과, 신경외과, 영상의학과, 재활의학과, 가정의학과, 한방내과, 사상체질과",2300.89,2025-03-10 15:25:06
3220000,PHMA219943220033021200003,1994-06-13,,영업/정상,,,,276749.09,,06351,삼성서울병원,종합병원,U,시군구,2026-04-30 03:03:03,"서울특별시 강남구 일원로 81 (일원동, 삼성의료원)",1790,영업중,13,01,종합병원,4184,572,0234102114,207534.49462606     ,442943.860447203    ,서울특별시 강남구 일원동 50번지,407 406 405 404 403 402 125 123 122 120 119 118 117 116 115 114 113 112 111 110 109 108 107 106 105 104 103 102 101,"내과, 신경과, 정신건강의학과, 외과, 정형외과, 신경외과, 심장혈관흉부외과, 성형외과, 마취통증의학과, 산부인과, 소아청소년과, 안과, 이비인후과, 피부과, 비뇨의학과, 영상의학과, 방사선종양학과, 병리과, 진단검사의학과, 재활의학과, 가정의학과, 핵의학과, 응급의학과, 구강악안면외과, 치과보철과, 치과교정과, 소아치과, 치주과, 치과보존과",276749.09,2026-04-29 16:46:19
3220000,PHMA219963220033021200001,1996-01-23,,폐업,2020-10-20,,,839.75,135-896,06017,에이플러스치과병원,치과병원,I,시군구,2026-03-10 22:01:43,"서울특별시 강남구 언주로 860 (신사동, 4,5,6층일부)",0,폐업,03,03,치과병원,6,0,0234427575,202928.955167525    ,447221.69432852     ,"서울특별시 강남구 신사동 636번지 7호  4,5,6층일부",411 410 409 408 407 406 405 404 403 402,"구강악안면외과, 치과보철과, 치과교정과, 소아치과, 치주과, 치과보존과, 구강내과, 영상치의학과, 구강병리과, 예방치과",839.75,2020-10-08 09:37:27
3220000,PHMA219973220033021200001,1997-01-31,,폐업,2004-10-08,,,689,135-894,,가우치과병원,치과병원,I,시군구,2026-03-10 22:03:05,"서울특별시 강남구 언주로171길 18, 9층 (신사동)",0,폐업,03,03,치과병원,1,0,,202754.172262093    ,447277.855608463    ,서울특별시 강남구 신사동 619번지 7호 9층,401,치과,689,2013-10-22 16:59:39
3220000,PHMA219983220033021200001,1998-04-17,,폐업,2011-08-24,,,330,135-092,,성신치과병원,치과병원,I,시군구,2026-03-10 22:01:45,,0,폐업,03,03,치과병원,5,0,,,,삼성2동 142-35 (9층),401,치과,330,2013-04-04 10:32:25
3220000,PHMA219983220033021200002,1998-06-12,,폐업,2026-04-10,,,1193.66,,06283,재단법인대한스포츠의학재단강남나무병원,병원,U,시군구,2026-03-28 03:03:03,"서울특별시 강남구 영동대로 225, 경희한방병원 1층일부,2,3,8층 (대치동)",30,폐업,03,03,병원,7,11,025085995,205914.434349289    ,444120.789449979    ,,120 109 101,"내과, 마취통증의학과, 재활의학과",1193.66,2026-03-27 17:31:58
3220000,PHMA219983220033021200003,1998-12-28,,폐업,2004-02-17,,,0,,,남서울병원,병원,I,시군구,2026-03-10 22:03:07,서울특별시 강남구 삼성로 507 (삼성동),45,폐업,03,03,병원,21,15,,204868.320355961    ,445020.962640262    ,,101,내과,0,2014-01-07 10:45:05
3220000,PHMA219993220033021200001,1999-05-26,,영업/정상,,,,2043.1,,06023,호산여성병원,병원,I,시군구,2026-03-10 22:00:30,"서울특별시 강남구 언주로 871, 호산병원 (신사동)",50,영업중,13,01,병원,17,30,025463493,202879.096032846    ,447368.00014        ,,104 110 111,"외과, 산부인과, 소아청소년과",2043.1,2023-07-24 10:08:53
3220000,PHMA219993220033021200002,1999-06-21,,영업/정상,,,,8227.67,,06110,자생한방병원,한방병원,I,시군구,2026-03-10 22:00:21,"서울특별시 강남구 강남대로 536, 자생한방병원 (논현동)",160,영업중,13,01,한방병원,138,47,0215770007,201903.35           ,445314.635          ,서울특별시 강남구 논현동 142-3 자생한방병원,308 306 305 302 301 122 120 116,"영상의학과, 재활의학과, 가정의학과, 한방내과, 한방부인과, 한방신경정신과, 한방재활의학과, 침구과",8227.67,2025-08-21 09:02:50
3220000,PHMA219993220033021200003,1999-09-06,,폐업,2021-11-18,,,199,135-846,06181,가우디치과병원,치과병원,I,시군구,2026-03-10 22:01:04,"서울특별시 강남구 테헤란로 520, 4층 (대치동, 삼안빌딩)",0,폐업,03,03,치과병원,4,0,15667426,205330.662482901    ,445066.848108475    ,서울특별시 강남구 대치동 945번지 삼안빌딩 4층,408 407 406 405 404 403 402,"구강악안면외과, 치과보철과, 치과교정과, 소아치과, 치주과, 치과보존과, 구강내과",199,2021-11-17 15:22:45
3220000,PHMA220003220033021200001,2000-06-30,,폐업,2013-08-30,,,144,135-091,,코엑스치과병원,치과병원,I,시군구,2026-03-10 22:01:48,,0,폐업,03,03,치과병원,1,0,60002875,,,삼성1동 159외 2필지,201 202 203 204 205 206 207 208 209 210,"구강악안면외과, 치과보철과, 치과교정과, 소아치과, 치주과, 치과보존과, 구강내과, 구강악안면방사선과, 구강병리과, 예방치과",144,2013-08-30 13:30:14
3220000,PHMA220003220033021200002,2000-07-26,,영업/정상,,,,172,,06018,수치과병원,치과병원,I,시군구,2026-03-10 22:01:49,"서울특별시 강남구 선릉로 823, 3층 (신사동)",0,영업중,13,01,치과병원,1,0,,203403.459602989    ,447041.856582807    ,,412,통합치의학과,172,2025-05-09 10:23:10
3220000,PHMA220003220033021200003,2000-08-12,,폐업,2003-01-03,,,228,135-934,,그린치과병원,치과병원,I,시군구,2026-03-10 22:03:03,"서울특별시 강남구 테헤란로 106, 3~5층 (역삼동)",0,폐업,03,03,치과병원,3,0,,,,서울특별시 강남구 역삼1동 19번지  3~5층,401,치과,228,2013-10-22 14:10:38
3220000,PHMA220003220033021200004,2000-04-15,,폐업,2001-07-13,,,0,,,엘에스병원,병원,I,시군구,2026-03-10 22:03:09,"서울특별시 강남구 삼성로 548, 1,6,7층 (삼성동, 지암빌딩)",0,폐업,03,03,병원,1,0,,204796.528984474    ,445378.716249213    ,,101,내과,0,2014-01-13 15:11:25
3220000,PHMA220013220033021200001,2001-07-19,,영업/정상,,,,315.56,,06164,건강한세상앞선치과병원,치과병원,I,시군구,2026-03-10 22:01:51,"서울특별시 강남구 테헤란로87길 36, 도심공항타워 3층 (삼성동)",1,영업중,13,01,치과병원,2,1,025557528,205130.591678902    ,445590.096837802    ,,407 406 404 403 402,"구강악안면외과, 치과보철과, 치과교정과, 치주과, 치과보존과",315.56,2024-09-20 11:02:14
3220000,PHMA220023220033021200001,2002-04-19,,제외/삭제/전출,,,,4869.59,,06208,재단법인베스티안재단베스티안서울병원,종합병원,I,시군구,2026-03-10 22:01:13,"서울특별시 강남구 도곡로 429 (대치동, 베스티안병원 2층일부 제외)",110,전출,15,05,종합병원,93,31,0234527575,204994.18203063     ,443986.195219547    ,,125 119 116 111 109 104 101,"내과, 외과, 마취통증의학과, 소아청소년과, 영상의학과, 진단검사의학과, 응급의학과",4869.59,2020-12-22 13:26:38
3220000,PHMA220023220033021200002,2002-08-16,,영업/정상,,,,220.1,,06280,연치과병원,치과병원,I,시군구,2026-03-10 22:01:52,"서울특별시 강남구 남부순환로 2941, 대치탑프라자 2층 (대치동)",0,영업중,13,01,치과병원,2,0,025527272,205394.092661223    ,443559.8544451      ,서울특별시 강남구 대치동 606-1 대치탑프라자,411 410 409 408 407 406 405 404 403 402,"구강악안면외과, 치과보철과, 치과교정과, 소아치과, 치주과, 치과보존과, 구강내과, 영상치의학과, 구강병리과, 예방치과",220.1,2024-11-19 10:23:24
3220000,PHMA220033220033021200001,2003-04-25,,영업/정상,,,,8756.65,,06075,제일정형외과병원,병원,I,시군구,2026-03-10 22:01:07,"서울특별시 강남구 영동대로 726, 경일빌딩 1~14층, 지하1~2층, 지하4~5층 (청담동)",139,영업중,13,01,병원,94,43,025016868,204896.261746642    ,446730.548954636    ,"서울특별시 강남구 청담동 131-17 경일빌딩 1~14층, 지하1~2층, 지하4~5층",122 120 116 109 107 106 105 101,"내과, 정형외과, 신경외과, 심장혈관흉부외과, 마취통증의학과, 영상의학과, 재활의학과, 가정의학과",8756.65,2025-02-11 09:21:33
3220000,PHMA220033220033021200002,2003-07-15,,폐업,2023-12-28,,,2393.5,,06143,케이에스병원,병원,I,시군구,2026-03-10 22:01:53,"서울특별시 강남구 선릉로 571 (역삼동, KS병원)",53,폐업,03,03,병원,32,21,025380075,203815.564586215    ,445239.029037074    ,서울특별시 강남구 역삼동 682번지 23호,101 104 105 106 109 116 120 122,"내과, 외과, 정형외과, 신경외과, 마취통증의학과, 영상의학과, 재활의학과, 가정의학과",2393.5,2023-12-20 09:43:45
3220000,PHMA220033220033021200003,2003-09-16,,영업/정상,,,,3912.11,,06048,나누리병원,병원,U,시군구,2026-04-30 03:03:03,"서울특별시 강남구 언주로 731, 나누리병원 (논현동)",106,영업중,13,01,병원,78,29,0260039718,202937.146834213    ,446451.612982071    ,서울특별시 강남구 논현동 63-8 나누리병원,116 109 106 105 104 102 101,"내과, 신경과, 외과, 정형외과, 신경외과, 마취통증의학과, 영상의학과",3912.11,2026-04-29 10:35:32
3220000,PHMA220033220033021200004,2003-12-19,,영업/정상,,,,8585.87,,06271,강남베드로병원,종합병원,I,시군구,2026-03-10 22:01:22,"서울특별시 강남구 남부순환로 2649, 베드로병원 (도곡동)",184,영업중,13,01,종합병원,112,56,15447522,203431.056596395    ,442602.524868873    ,서울특별시 강남구 도곡동 910번지 27호 베드로병원,125 120 119 118 116 115 110 109 106 105 104 102 101,"내과, 신경과, 외과, 정형외과, 신경외과, 마취통증의학과, 산부인과, 비뇨의학과, 영상의학과, 병리과, 진단검사의학과, 재활의학과, 응급의학과",8585.87,2026-03-03 08:46:43
3220000,PHMA220143220033021200001,2014-03-31,,영업/정상,,,,12289.36,,06366,강남구립행복요양병원,요양병원(일반요양병원),U,시군구,2026-03-31 03:03:03,"서울특별시 강남구 헌릉로590길 60 (세곡동, 강남구립 행복요양병원)",300,영업중,13,01,요양병원(일반요양병원),84,70,0260532114,209074.683259571    ,439891.159496907    ,서울특별시 강남구 세곡동 521번지,308 306 305 301 122 120 104 102 101,"내과, 신경과, 외과, 재활의학과, 가정의학과, 한방내과, 한방신경정신과, 한방재활의학과, 침구과",12289.36,2026-03-30 15:31:56
3220000,PHMA220143220033021200002,2014-11-17,,폐업,2015-12-01,,,1228.4,135-934,06232,지앤지병원,병원,I,시군구,2026-03-10 22:02:36,"서울특별시 강남구 강남대로 390 (역삼동, 미진프라자 15층 16층일부 17층일부)",31,폐업,03,03,병원,11,28,,202462.604763481    ,443960.186302868    ,서울특별시 강남구 역삼동 825번지 미진프라자 15층 16층일부 17층일부,108 113,"성형외과, 이비인후과",1228.4,2016-09-09 13:45:56
3220000,PHMA220153220033021200001,2015-06-25,,영업/정상,,,,6423.62,,06063,청담병원,병원,I,시군구,2026-03-10 22:01:26,"서울특별시 강남구 삼성로147길 46 (청담동, 청담병원 지하1층, 1층일부, 2층~6층)",199,영업중,13,01,병원,98,70,0221042000,203964.892184371    ,446494.018304012    ,,101 102 105 106 111 120,"내과, 신경과, 정형외과, 신경외과, 소아청소년과, 재활의학과",6423.62,2024-02-07 09:11:16
3220000,PHMA220153220033021200002,2015-07-20,,영업/정상,,,,4058.71,,06104,담소유병원,병원,I,시군구,2026-03-10 22:01:25,"서울특별시 강남구 학동로 234, 담소유빌딩 (논현동)",30,영업중,13,01,병원,38,17,025422222,202989.733899789    ,445845.968560425    ,,109 104,"외과, 마취통증의학과",4058.71,2024-06-07 09:25:12
3220000,PHMA220153220033021200003,2015-07-24,,영업/정상,,,,1095,,06150,강남초이스병원,병원,U,시군구,2026-04-02 03:03:03,"서울특별시 강남구 테헤란로 337, 4~8층 (역삼동)",31,영업중,13,01,병원,15,8,025392250,204215.162571746    ,444731.386522359    ,서울특별시 강남구 역삼동 705-27,105 106 108 109 114 116 306 308,"정형외과, 신경외과, 성형외과, 마취통증의학과, 피부과, 영상의학과, 한방재활의학과, 침구과",1095,2026-04-01 17:38:38
3220000,PHMA220153220033021200004,2015-11-24,,영업/정상,,,,1732.08,,06081,지앤지병원,병원,I,시군구,2026-03-10 22:00:36,"서울특별시 강남구 영동대로 626, 2~10층 (삼성동, GNG병원빌딩)",30,영업중,13,01,병원,23,30,15222030,205207.402270867    ,446004.891602084    ,서울특별시 강남구 삼성동 90번지 14호 GNG병원빌딩 2층~10층,114 113 108 103,"정신건강의학과, 성형외과, 이비인후과, 피부과",1732.08,2024-11-07 08:54:38
3220000,PHMA220153220033021200005,2015-12-23,,폐업,2021-12-27,,,1044.39,,06122,경희한성한방병원,한방병원,I,시군구,2026-03-10 22:00:39,"서울특별시 강남구 논현로 609, 2층, 3층일부,4층 (논현동, 정빌딩)",40,폐업,03,03,한방병원,7,12,025437533,202862.486859172    ,445090.465576824    ,,106 120 122 301 302 303 304 305 306 307 308,"신경외과, 재활의학과, 가정의학과, 한방내과, 한방부인과, 한방소아과, 한방안·이비인후·피부과, 한방신경정신과, 한방재활의학과, 사상체질과, 침구과",1044.39,2021-12-27 16:28:51
3220000,PHMA220163220033021200001,2016-04-21,,영업/정상,,,,3717.97,,06087,트리니티병원,병원,I,시군구,2026-03-10 22:00:32,"서울특별시 강남구 봉은사로 535 (삼성동, 트리니티재활병원빌딩, 지하1,2층, 지상1~11층)",152,영업중,13,01,병원,65,71,025474800,205116.195218249    ,445783.267094395    ,,101 105 120 122 308,"내과, 정형외과, 재활의학과, 가정의학과, 침구과",3717.97,2026-03-03 12:44:03
3220000,PHMA220163220033021200002,2016-10-28,,영업/정상,,,,1499.81,,06265,메디움강남요양병원,요양병원(일반요양병원),I,시군구,2026-03-10 22:03:17,서울특별시 강남구 강남대로 276(도곡동),56,영업중,13,01,요양병원(일반요양병원),17,31,025735737,202834.56           ,442871.185          ,,101 102 103 104 105 106 110 111 113 114 115 120 122 301 302 303 304 305 306 307 308,"내과, 신경과, 정신건강의학과, 외과, 정형외과, 신경외과, 산부인과, 소아청소년과, 이비인후과, 피부과, 비뇨의학과, 재활의학과, 가정의학과, 한방내과, 한방부인과, 한방소아과, 한방안·이비인후·피부과, 한방신경정신과, 한방재활의학과, 사상체질과, 침구과",1499.81,2024-07-03 13:51:59
3220000,PHMA220173220033021200001,2017-03-29,,영업/정상,,,,885.33,,06307,소우주한방병원,한방병원,I,시군구,2026-03-10 22:02:41,서울특별시 강남구 논현로16길 15 (개포동),30,영업중,13,01,한방병원,9,11,025231075,204132.18           ,441608.09           ,서울특별시 강남구 개포동 1230번지 12호,308 302 301 101,"내과, 한방내과, 한방부인과, 침구과",885.33,2025-04-10 09:11:09
3220000,PHMA220173220033021200002,2017-05-19,,영업/정상,,,,3802.71,,06026,포레스트요양병원,요양병원(일반요양병원),I,시군구,2026-03-10 22:02:44,"서울특별시 강남구 도산대로 209, 포레스트요양병원 (신사동)",96,영업중,13,01,요양병원(일반요양병원),12,35,0218995868,202527.402058372    ,446478.329588626    ,서울특별시 강남구 신사동 587-16 포레스트요양병원,101 102 104 105 106 113 114 115 122 301 302 303 304 306 307 308,"내과, 신경과, 외과, 정형외과, 신경외과, 이비인후과, 피부과, 비뇨의학과, 가정의학과, 한방내과, 한방부인과, 한방소아과, 한방안·이비인후·피부과, 한방재활의학과, 사상체질과, 침구과",3802.71,2025-07-21 18:08:33
3220000,PHMA220173220033021200003,2017-05-31,,폐업,2026-04-29,,,1871.21,,06313,그레이스셀강남병원,병원,U,시군구,2026-05-01 03:03:03,"서울특별시 강남구 논현로2길 30, 지하1층~지상6층 (개포동)",57,폐업,03,03,병원,27,27,0234614320,204588.76666642     ,441203.290320686    ,서울특별시 강남구 개포동 1164-10,122 104 101,"내과, 외과, 가정의학과",1871.21,2026-04-30 10:13:22
3220000,PHMA220183220033021200001,2018-05-16,,영업/정상,,,,732.31,,06099,리봄한방병원,한방병원,I,시군구,2026-03-10 22:01:29,"서울특별시 강남구 학동로50길 7, 2~4,5(일부)층 (논현동)",30,영업중,13,01,한방병원,8,8,025461357,203472.006113539    ,446003.98577584     ,,101 120 122 301 302 303 304 305 306 307,"내과, 재활의학과, 가정의학과, 한방내과, 한방부인과, 한방소아과, 한방안·이비인후·피부과, 한방신경정신과, 한방재활의학과, 사상체질과",732.31,2025-04-28 10:17:57
3220000,PHMA220183220033021200002,2018-06-26,,영업/정상,,,,2283.62,,06185,위담한방병원,한방병원,I,시군구,2026-03-10 22:00:49,"서울특별시 강남구 삼성로 402, 지하2층일부, 2~7층 (대치동)",50,영업중,13,01,한방병원,16,17,0262041800,205136.934557818    ,444576.067034239    ,"서울특별시 강남구 대치동 960번지 5호 티아빌딩(지하2층일부, 2~7층)",308 307 306 305 304 303 302 301 122,"가정의학과, 한방내과, 한방부인과, 한방소아과, 한방안·이비인후·피부과, 한방신경정신과, 한방재활의학과, 사상체질과, 침구과",2283.62,2025-08-27 17:19:56
3220000,PHMA220193220033021200003,2019-10-31,,폐업,2023-08-10,,,655.72,,06038,미림한방병원,한방병원,I,시군구,2026-03-10 22:02:47,"서울특별시 강남구 도산대로6길 14, 아이올리빌딩 1~4층 (논현동)",30,폐업,03,03,한방병원,2,10,0216444712,201848.507662396    ,445944.751663103    ,서울특별시 강남구 논현동 2-10 아이올리빌딩,308 307 306 305 304 303 302 301 120 116 114 113 110 101,"내과, 산부인과, 이비인후과, 피부과, 영상의학과, 재활의학과, 한방내과, 한방부인과, 한방소아과, 한방안·이비인후·피부과, 한방신경정신과, 한방재활의학과, 사상체질과, 침구과",655.72,2023-08-10 16:21:38
3220000,PHMA220203220033021200001,2020-05-15,,영업/정상,,,,3146.81,,06272,서울본브릿지병원,병원,I,시군구,2026-03-10 22:02:46,"서울특별시 강남구 도곡로 214, 롤스웰빌딩,지하2층, 지하1층, 지상1층 일부, 지상2~7층  (도곡동)",64,영업중,13,01,병원,44,19,0218990090,203682.487186252    ,443363.703553222    ,,116 106 105 102 101,"내과, 신경과, 정형외과, 신경외과, 영상의학과",3146.81,2023-09-14 13:57:47
3220000,PHMA220203220033021200002,2015-07-13,,영업/정상,,,,744.06,,06125,라이브치과병원,치과병원,I,시군구,2026-03-10 22:01:33,"서울특별시 강남구 논현로105길 48, 1,2층 (역삼동)",0,영업중,13,01,치과병원,6,0,025082279,202606.298810258    ,444820.311556747    ,,402 403 404 405 406 407 411 412,"구강악안면외과, 치과보철과, 치과교정과, 소아치과, 치주과, 치과보존과, 예방치과, 통합치의학과",744.06,2023-10-16 15:16:33
3220000,PHMA220203220033021200003,2020-09-18,,영업/정상,,,,2740.75,,06272,치휴한방병원,한방병원,I,시군구,2026-03-10 22:01:35,"서울특별시 강남구 도곡로 216, 치휴한방병원 (도곡동)",63,영업중,13,01,한방병원,23,23,0262421010,203711.024559394    ,443376.829577467    ,,120 122 301 302 303 304 306 307 308,"재활의학과, 가정의학과, 한방내과, 한방부인과, 한방소아과, 한방안·이비인후·피부과, 한방재활의학과, 사상체질과, 침구과",2740.75,2025-09-22 10:05:28
3220000,PHMA220213220033021200001,2021-01-26,,폐업,2025-10-01,,,2046.33,,06053,강남와이케이병원,병원,U,시군구,2026-03-27 03:03:03,"서울특별시 강남구 학동로 233, 디와이빌딩 3층일부,4~6층 (논현동)",54,폐업,03,03,병원,25,15,0269678200,202995.512655196    ,445922.672107279    ,서울특별시 강남구 논현동 90-7 디와이빌딩,116 109 106 105 104 101,"내과, 외과, 정형외과, 신경외과, 마취통증의학과, 영상의학과",2046.33,2026-03-26 18:46:04
3220000,PHMA220213220033021200002,2021-03-27,,영업/정상,,,,501.8,,06232,서울페이스21치과병원,치과병원,I,시군구,2026-03-10 22:03:28,"서울특별시 강남구 강남대로 390, 미진프라자 21층 (역삼동)",4,영업중,13,01,치과병원,8,4,025562021,202462.604763481    ,443960.186302868    ,,108 109 402 403 404 405 406 407 408 409 410 411,"성형외과, 마취통증의학과, 구강악안면외과, 치과보철과, 치과교정과, 소아치과, 치주과, 치과보존과, 구강내과, 영상치의학과, 구강병리과, 예방치과",501.8,2024-12-31 16:13:02
3220000,PHMA220213220033021200003,2021-05-31,,영업/정상,,,,1625.39,,06044,새로운병원,병원,I,시군구,2026-03-10 22:01:23,"서울특별시 강남구 학동로 121, 새로운병원빌딩 지하1층일부~7층 (논현동)",30,영업중,13,01,병원,19,9,15770212,202080.711326615    ,445562.134435278    ,서울특별시 강남구 논현동 55-3 새로운병원빌딩 지하1층일부~7층,126 122 120 119 116 115 114 113 111 110 109 107 106 105 104 102 101,"내과, 신경과, 외과, 정형외과, 신경외과, 심장혈관흉부외과, 마취통증의학과, 산부인과, 소아청소년과, 이비인후과, 피부과, 비뇨의학과, 영상의학과, 진단검사의학과, 재활의학과, 가정의학과, 예방의학과",1625.39,2021-05-31 09:03:44
3220000,PHMA220213220033021200004,2021-08-31,,영업/정상,,,,2098.9,,06022,두발로병원,병원,I,시군구,2026-03-10 22:02:53,"서울특별시 강남구 압구정로30길 45, 2~4층 (신사동)",47,영업중,13,01,병원,31,17,0218332280,202530.184769156    ,446900.961207356    ,,101 102 105 109 111 116 120,"내과, 신경과, 정형외과, 마취통증의학과, 소아청소년과, 영상의학과, 재활의학과",2098.9,2026-01-29 17:26:08
3220000,PHMA220213220033021200005,2021-09-30,,영업/정상,,,,6868.78,,06376,네이처요양병원,요양병원(일반요양병원),I,시군구,2026-03-10 22:02:52,"서울특별시 강남구 헌릉로569길 21-40, 지하3~4층, 지하2층일부, 지하1층일부, 지상1층일부, 지상2~8층 (세곡동)",223,영업중,13,01,요양병원(일반요양병원),39,69,025755114,208753.759247213    ,440475.244946303    ,,306 301 122 120 111 105 104 102 101,"내과, 신경과, 외과, 정형외과, 소아청소년과, 재활의학과, 가정의학과, 한방내과, 한방재활의학과",6868.78,2025-09-01 17:52:47
3220000,PHMA220223220033021200001,2022-02-04,,폐업,2023-02-15,,,1368.11,,06035,다이트한방병원,한방병원,I,시군구,2026-03-10 22:02:50,"서울특별시 강남구 도산대로 121, YK타워 (신사동)",30,폐업,03,03,한방병원,17,9,0262051075,201850.617570581    ,446131.510440615    ,,114 301 302 303 304 305 306 307 308,"피부과, 한방내과, 한방부인과, 한방소아과, 한방안·이비인후·피부과, 한방신경정신과, 한방재활의학과, 사상체질과, 침구과",1368.11,2023-02-04 19:25:56
3220000,PHMA220223220033021200002,2022-02-28,,영업/정상,,,,3447.73,,06198,더드림병원,병원,I,시군구,2026-03-10 22:02:55,"서울특별시 강남구 선릉로 404, 더드림병원 (대치동)",57,영업중,13,01,병원,66,24,16611177,204432.710770012    ,444309.006550907    ,서울특별시 강남구 대치동 907-16 더드림병원,101 105 106 109 111 116,"내과, 정형외과, 신경외과, 마취통증의학과, 소아청소년과, 영상의학과",3447.73,2025-03-14 15:53:36
3220000,PHMA220223220033021200003,2022-05-27,,폐업,2023-01-31,,,622.6,,06232,립샘한방병원,한방병원,I,시군구,2026-03-10 22:00:56,"서울특별시 강남구 강남대로 390, 미진프라자 3층 (역삼동)",30,폐업,03,03,한방병원,10,10,0218007544,202462.604763481    ,443960.186302868    ,서울특별시 강남구 역삼동 825 미진프라자,308 307 306 305 304 303 302 301 110,"산부인과, 한방내과, 한방부인과, 한방소아과, 한방안·이비인후·피부과, 한방신경정신과, 한방재활의학과, 사상체질과, 침구과",622.6,2023-01-31 20:39:50
3220000,PHMA220223220033021200004,2022-08-08,,폐업,2022-12-13,,,3132.24,,06084,청담이룸병원,병원,I,시군구,2026-03-10 22:00:54,"서울특별시 강남구 삼성로 646, 마디빌딩 (삼성동)",45,폐업,03,03,병원,24,12,0262039000,204457.767008807    ,446164.986306256    ,서울특별시 강남구 삼성동 52-17 마디빌딩,122 120 116 114 109 106 105 102 101,"내과, 신경과, 정형외과, 신경외과, 마취통증의학과, 피부과, 영상의학과, 재활의학과, 가정의학과",3132.24,2022-12-13 11:29:24
3220000,PHMA220223220033021200005,2022-11-01,,영업/정상,,,,5953,,06044,무이재한방병원,한방병원,I,시군구,2026-03-10 22:00:57,"서울특별시 강남구 학동로 117, B1~9F층 (논현동)",129,영업중,13,01,한방병원,33,55,0218991209,202019.609786891    ,445542.15986245     ,서울특별시 강남구 논현동 54-4,308 306 304 303 302 301 109 105 101,"내과, 정형외과, 마취통증의학과, 한방내과, 한방부인과, 한방소아과, 한방안·이비인후·피부과, 한방재활의학과, 침구과",5953,2024-09-30 15:45:20
3220000,PHMA220233220033021200001,2023-07-28,,영업/정상,,,,2687.55,,06084,청담해리슨병원,병원,I,시군구,2026-03-10 22:03:26,"서울특별시 강남구 삼성로 646, 마디빌딩 B3~B1,2~9층 (삼성동)",51,영업중,13,01,병원,27,16,023338801,204457.767008807    ,446164.986306256    ,"서울특별시 강남구 삼성동 52-17 마디빌딩 지하3층~지하1층,2층~9층",122 120 116 109 106 105 102 101,"내과, 신경과, 정형외과, 신경외과, 마취통증의학과, 영상의학과, 재활의학과, 가정의학과",2687.55,2026-02-02 15:40:19
3220000,PHMA220233220033021200002,2023-09-27,,영업/정상,,,,2783.69,,06055,모두가행복한연세병원,병원,I,시군구,2026-03-10 22:03:25,"서울특별시 강남구 선릉로 751, 카로시티Ⅲ 지하1층, 지상1층~7층 (논현동)",71,영업중,13,01,병원,35,32,0216002959,203388.051395369    ,446619.586513596    ,서울특별시 강남구 논현동 94-22 카로시티Ⅲ,301 101,"내과, 한방내과",2783.69,2024-12-23 14:52:37
3220000,PHMA220243220033021200001,2024-07-31,,영업/정상,,,,1211.24,,06226,우모한방병원,한방병원,I,시군구,2026-03-10 22:02:49,"서울특별시 강남구 언주로 327, 아폴로빌딩 지하1층~지상7층 (역삼동)",49,영업중,13,01,한방병원,13,30,0234528889,203902.605          ,443874.3            ,,104 301 302 303 304 305 306 308,"외과, 한방내과, 한방부인과, 한방소아과, 한방안·이비인후·피부과, 한방신경정신과, 한방재활의학과, 침구과",1211.24,2025-06-12 17:34:05
3220000,PHMA220253220033021200001,2025-04-29,,영업/정상,,,,378.02,,06039,리페이스치과병원,치과병원,I,시군구,2026-03-10 22:01:30,"서울특별시 강남구 도산대로 138, 13층 (논현동)",5,영업중,13,01,치과병원,2,3,0262041004,202030.39113325     ,446137.667598512    ,서울특별시 강남구 논현동 5-4,412 411 410 409 408 407 406 405 404 403 402,"구강악안면외과, 치과보철과, 치과교정과, 소아치과, 치주과, 치과보존과, 구강내과, 영상치의학과, 구강병리과, 예방치과, 통합치의학과",378.02,2025-04-29 17:56:11
3220000,PHMA220253220033021200002,2025-08-01,,영업/정상,,,,1016.75,,06044,하병원,병원,I,시군구,2026-03-10 22:01:32,"서울특별시 강남구 강남대로132길 5, 지하1~2층,2~5층 (논현동)",32,영업중,13,01,병원,15,14,025171110,201835.394674853    ,445560.702719066    ,"서울특별시 강남구 논현동 49-18 지하1~2층,2~5층",120 116 109 106 105 104 101,"내과, 외과, 정형외과, 신경외과, 마취통증의학과, 영상의학과, 재활의학과",1016.75,2025-10-31 16:12:49
3220000,PHMA220043220033021200001,2004-08-06,,폐업,2006-05-01,,,289.29,135-884,,베스필치과병원,치과병원,I,시군구,2026-03-10 22:03:01,"서울특별시 강남구 밤고개로1길 34, 2층 (수서동)",0,폐업,03,03,치과병원,1,0,,209093.25454821     ,442958.761672114    ,서울특별시 강남구 수서동 717번지  2층,401,치과,289.29,2013-10-22 13:36:50
3220000,PHMA220053220033021200001,2005-01-03,,폐업,2010-05-31,,,846.07,135-283,,광혜병원,병원,I,시군구,2026-03-10 22:01:54,"서울특별시 강남구 삼성로 548 (삼성동, 1층일부, 6층,7층)",35,폐업,03,03,병원,20,12,,204796.528984474    ,445378.716249213    ,대치3동 995-27외 2필지,101 106 109 116 122,"내과, 신경외과, 마취통증의학과, 영상의학과, 가정의학과",846.07,2016-08-26 16:50:52
3220000,PHMA220053220033021200002,2005-03-03,,영업/정상,,,,3191.43,,06068,우리들병원,병원,I,시군구,2026-03-10 22:01:55,"서울특별시 강남구 학동로 445, 우리들병원 (청담동)",203,영업중,13,01,병원,158,55,025138000,204322.029055562    ,446314.495636826    ,서울특별시 강남구 청담동 47-4 우리들병원,120 116 109 107 106 105 104 102 101,"내과, 신경과, 외과, 정형외과, 신경외과, 심장혈관흉부외과, 마취통증의학과, 영상의학과, 재활의학과",3191.43,2025-03-04 17:34:41
3220000,PHMA220053220033021200003,2005-03-05,,폐업,2017-11-01,,,499,135-081,06232,포샤르치과병원,치과병원,I,시군구,2026-03-10 22:01:57,"서울특별시 강남구 강남대로 390, 11층 (역삼동, 미진프라자)",0,폐업,03,03,치과병원,4,0,34691500,202462.604763481    ,443960.186302868    ,역삼1동 825 (미진프라자 11층),411 410 409 408 407 406 405 404 403 402,"구강악안면외과, 치과보철과, 치과교정과, 소아치과, 치주과, 치과보존과, 구강내과, 영상치의학과, 구강병리과, 예방치과",499,2017-11-02 10:57:13
3220000,PHMA220053220033021200004,2005-04-25,,폐업,2022-01-17,,,2845.29,,06084,마디병원,병원,I,시군구,2026-03-10 22:02:37,"서울특별시 강남구 삼성로 646, 마디빌딩, 지하1층~3층, 지상1층~9층 (삼성동)",52,폐업,03,03,병원,32,18,0220568000,204457.767008807    ,446164.986306256    ,"서울특별시 강남구 삼성동 52번지 17호 마디빌딩, 지하1층~3층, 지상1층~9층",105 109 116 122,"정형외과, 마취통증의학과, 영상의학과, 가정의학과",2845.29,2023-03-09 09:55:32
3220000,PHMA220053220033021200005,2005-06-01,,영업/정상,,,,853.27,,06122,김정수여러분병원,병원,I,시군구,2026-03-10 22:01:05,"서울특별시 강남구 봉은사로 171 (논현동, 지하1층일부,1-5층,6층일부)",30,영업중,13,01,병원,9,9,025170770,202811.441219718    ,444998.607939345    ,,105 106 109 116,"정형외과, 신경외과, 마취통증의학과, 영상의학과",853.27,2022-09-21 10:54:14
3220000,PHMA220053220033021200006,2005-09-07,,폐업,2015-07-31,,,377.94,135-953,,씨디씨어린이치과병원,치과병원,I,시군구,2026-03-10 22:01:59,"서울특별시 강남구 학동로97길 11, 2층,3층 (청담동)",0,폐업,03,03,치과병원,7,0,,204824.004281921    ,446487.766266847    ,"서울특별시 강남구 청담동 70번지 15호 2층,3층",201 202 203 204 205 206 207 208 209 210,"구강악안면외과, 치과보철과, 치과교정과, 소아치과, 치주과, 치과보존과, 구강내과, 구강악안면방사선과, 구강병리과, 예방치과",377.94,2015-07-20 14:30:53
3220000,PHMA220063220033021200001,2006-04-11,,제외/삭제/전출,,,,1613.36,,06259,기쁨병원,병원,I,시군구,2026-03-10 22:03:24,"서울특별시 강남구 도곡로 122 (도곡동, 삼우빌딩)",37,전출,15,05,병원,62,13,025701234,202913.913256452    ,443081.800019702    ,서울특별시 강남구 도곡동 942번지 3호,101 104 109 110 116 122,"내과, 외과, 마취통증의학과, 산부인과, 영상의학과, 가정의학과",1613.36,2020-07-15 09:42:19
3220000,PHMA220063220033021200002,2006-05-19,,폐업,2020-08-28,,,274.03,,06192,네모치과병원,치과병원,I,시군구,2026-03-10 22:00:37,"서울특별시 강남구 선릉로90길 10 (대치동, 샹제리제센터 제B동 지하층 202호)",0,폐업,03,03,치과병원,1,0,025645956,204353.139588107    ,444636.716818796    ,서울특별시 강남구 대치동 889번지 47호 샹제리제센터 제B동 202호,411 410 409 408 407 406 405 404 403 402,"구강악안면외과, 치과보철과, 치과교정과, 소아치과, 치주과, 치과보존과, 구강내과, 영상치의학과, 구강병리과, 예방치과",274.03,2020-08-19 16:26:30
3220000,PHMA220063220033021200003,2006-09-01,,폐업,2014-08-31,,,1684,135-960,,큰사랑노인전문병원,요양병원(일반요양병원),I,시군구,2026-03-10 22:01:15,"서울특별시 강남구 논현로2길 30, 지하1층, 1~6층 (개포동)",131,폐업,03,03,요양병원(일반요양병원),22,29,,204588.76666642     ,441203.290320686    ,"서울특별시 강남구 개포4동 1164번지 10호 지하1층, 지상1~6층",101 102 103 122,"내과, 신경과, 정신건강의학과, 가정의학과",1684,2014-08-25 17:05:39
3220000,PHMA220063220033021200004,2006-12-01,,폐업,2013-12-31,,,210.9,135-847,,메르덴치과병원,치과병원,I,시군구,2026-03-10 22:02:00,"서울특별시 강남구 삼성로 432, 2,3층 (대치동)",0,폐업,03,03,치과병원,0,0,34532875,205035.933143282    ,444803.261359587    ,"서울특별시 강남구 대치동 957번지 2,3층",201 202 203 204 205 206 207 208 209 210,"구강악안면외과, 치과보철과, 치과교정과, 소아치과, 치주과, 치과보존과, 구강내과, 구강악안면방사선과, 구강병리과, 예방치과",210.9,2013-12-30 13:37:54
3220000,PHMA220063220033021200005,2006-12-20,,영업/정상,,,,5843.43,,06192,누네안과병원,병원,I,시군구,2026-03-10 22:02:01,"서울특별시 강남구 테헤란로 408, 대치빌딩 지상9층~지상17층 (대치동)",50,영업중,13,01,병원,41,19,0216611175,204376.538170228    ,444701.663711128    ,서울특별시 강남구 대치동 889-11 대치빌딩,101 112,"내과, 안과",5843.43,2026-02-27 11:19:51
3220000,PHMA220073220033021200001,2007-02-21,,폐업,2010-02-01,,,2395.1,135-857,,에스병원,병원,I,시군구,2026-03-10 22:02:02,서울특별시 강남구 도곡로 216 (도곡동),36,폐업,03,03,병원,25,11,20365555,203711.024559394    ,443376.829577467    ,도곡1동 542,101 106 109 116 120,"내과, 신경외과, 마취통증의학과, 영상의학과, 재활의학과",2395.1,2014-10-02 16:40:45
3220000,PHMA220073220033021200002,2007-05-21,,영업/정상,,,,1574.83,,06048,석플란트치과병원,치과병원,I,시군구,2026-03-11 22:00:02,"서울특별시 강남구 도산대로 238, 1~14층 (논현동)",0,영업중,13,01,치과병원,14,0,,202866.391852676    ,446523.214714944    ,서울특별시 강남구 논현동 62-9,411 407 406 403 402,"구강악안면외과, 치과보철과, 치주과, 치과보존과, 예방치과",1574.83,2026-03-10 13:36:18
3220000,PHMA220073220033021200003,2007-06-12,,영업/정상,,,,1478.9,,06267,강남유나이티드병원,병원,I,시군구,2026-03-10 22:02:05,"서울특별시 강남구 남부순환로 2609, 하늘빌딩, 7~12층 (도곡동) (도곡동)",30,영업중,13,01,병원,5,11,0216440075,203033.625147967    ,442530.69363817     ,,101 105 106 109 116 122,"내과, 정형외과, 신경외과, 마취통증의학과, 영상의학과, 가정의학과",1478.9,2024-04-05 16:54:33
3220000,PHMA220073220033021200004,2007-07-04,,폐업,2011-09-02,,,1752.8,135-100,,예치과병원,치과병원,I,시군구,2026-03-10 22:02:07,"서울특별시 강남구 영동대로 734 (청담동,1층일부, 8층~12층)",0,폐업,03,03,치과병원,17,0,,204857.637543727    ,446810.936006519    ,"서울특별시 강남구 청담동 131번지 6호 1층일부, 8층~12층",201 202 203 204 205 206 207 208 209 210 122,"가정의학과, 구강악안면외과, 치과보철과, 치과교정과, 소아치과, 치주과, 치과보존과, 구강내과, 구강악안면방사선과, 구강병리과, 예방치과",1752.8,2013-10-22 10:29:55
3220000,PHMA220073220033021200005,2007-09-18,,폐업,2016-06-30,,,1277.85,,,강남센트럴요양병원,요양병원(일반요양병원),I,시군구,2026-03-10 22:01:21,"서울특별시 강남구 광평로51길 6-9 (수서동, 지하1층, 지상1~7층)",112,폐업,03,03,요양병원(일반요양병원),22,20,0234112360,209038.11869677     ,442920.565709708    ,,101 102 103 104 105 106 111 113 114 115 120 122,"내과, 신경과, 정신건강의학과, 외과, 정형외과, 신경외과, 소아청소년과, 이비인후과, 피부과, 비뇨의학과, 재활의학과, 가정의학과",1277.85,2016-06-30 14:02:48
3220000,PHMA220073220033021200006,2007-10-05,,폐업,2014-04-30,,,930.6,135-826,,자이비뇨기과병원,병원,I,시군구,2026-03-10 22:02:09,"서울특별시 강남구 논현로 609 (논현동, 2층, 3층일부, 4층)",31,폐업,03,03,병원,13,9,34487118,202862.486859172    ,445090.465576824    ,서울특별시 강남구 논현동 192번지 5호,115 101 122 110 109,"내과, 마취통증의학과, 산부인과, 비뇨의학과, 가정의학과",930.6,2015-11-17 13:24:56
3220000,PHMA220073220033021200007,2007-12-17,,영업/정상,,,,897.07,,06024,미병원,병원,I,시군구,2026-03-10 22:02:10,"서울특별시 강남구 논현로168길 35, 목산빌딩, 지하2층, 3~5층 (신사동)",30,영업중,13,01,병원,3,9,025417222,202689.244933816    ,446805.474107709    ,,308 115 109 108,"성형외과, 마취통증의학과, 비뇨의학과, 침구과",897.07,2025-07-09 13:41:37
3220000,PHMA220073220033021200008,2007-12-31,,폐업,2018-05-01,,,1379.36,,06110,연세에스병원,병원,I,시군구,2026-03-10 22:02:12,"서울특별시 강남구 학동로4길 7 (논현동, 에스오케이병원 1~3층, 4층일부)",40,폐업,03,03,병원,12,10,0221568888,,,,108 114,"성형외과, 피부과",1379.36,2018-04-30 14:18:53
3220000,PHMA220083220033021200001,2008-03-19,,영업/정상,,,,165.8,,06018,수플란트치과병원,치과병원,I,시군구,2026-03-10 22:02:14,"서울특별시 강남구 선릉로 823, 3층 (신사동)",0,영업중,13,01,치과병원,1,0,,203403.459602989    ,447041.856582807    ,서울특별시 강남구 신사동 665-1,411 410 409 408 407 406 405 404 403 402,"구강악안면외과, 치과보철과, 치과교정과, 소아치과, 치주과, 치과보존과, 구강내과, 영상치의학과, 구강병리과, 예방치과",165.8,2022-09-25 15:43:47
3220000,PHMA220083220033021200002,2008-03-26,,폐업,2026-02-07,,,1522.97,,06017,토마스병원,병원,I,시군구,2026-03-10 22:01:14,"서울특별시 강남구 언주로174길 15, 구정빌딩 (신사동)",31,폐업,03,03,병원,11,11,15775075,203043.889495443    ,447360.980394068    ,서울특별시 강남구 신사동 638-8 구정빌딩,101 105 106 109 116,"내과, 정형외과, 신경외과, 마취통증의학과, 영상의학과",1522.97,2026-02-09 13:18:04
3220000,PHMA220083220033021200003,2008-04-11,,영업/정상,,,,650.49,,06062,에스플란트치과병원,치과병원,I,시군구,2026-03-17 22:20:13,"서울특별시 강남구 도산대로 410, 5,7,8층 (청담동)",0,영업중,13,01,치과병원,4,0,025120700,203510.626004375    ,446738.757759642    ,서울특별시 강남구 청담동 2-6,412 411 409 408 407 406 403 402,"구강악안면외과, 치과보철과, 치주과, 치과보존과, 구강내과, 영상치의학과, 예방치과, 통합치의학과",650.49,2026-03-16 11:19:43
3220000,PHMA220083220033021200004,2008-06-26,,영업/정상,,,,4483.32,,06046,메드렉스병원,병원,I,시군구,2026-03-10 22:01:16,"서울특별시 강남구 논현로 705, 메드렉스병원 (논현동)",78,영업중,13,01,병원,42,24,0260116000,202570.672187385    ,445856.917924672    ,서울특별시 강남구 논현동 37-18 메드렉스병원,101 105 106 109 116 120,"내과, 정형외과, 신경외과, 마취통증의학과, 영상의학과, 재활의학과",4483.32,2024-01-12 13:14:21
3220000,PHMA220083220033021200005,2008-08-18,,폐업,2016-12-29,,,4365.88,135-954,06014,더청담병원,병원,I,시군구,2026-03-10 22:01:12,"서울특별시 강남구 도산대로 417 (청담동, 지하1층 1층 2층일부 3층~7층)",54,폐업,03,03,병원,39,14,,203564.630392125    ,446844.837336607    ,서울특별시 강남구 청담동 87번지 11호 지하1층 1층 2층일부 3층~7층,101 105 106 109 116 108 103,"내과, 정신건강의학과, 정형외과, 신경외과, 성형외과, 마취통증의학과, 영상의학과",4365.88,2016-12-29 15:37:32
3220000,PHMA220083220033021200006,2008-09-05,,폐업,2011-08-01,,,1434.59,135-081,,푸른노인전문병원,병원,I,시군구,2026-03-10 22:02:16,,0,폐업,03,03,병원,3,0,34617000,,,역삼1동 671,101 103 113 120 122,"내과, 정신건강의학과, 이비인후과, 재활의학과, 가정의학과",1434.59,2011-08-01 17:49:27
3220000,PHMA220083220033021200007,2008-09-09,,영업/정상,,,,4577.65,,06117,비에비스나무병원,병원,I,시군구,2026-03-25 22:20:14,"서울특별시 강남구 논현로 627, 유현빌딩 지하2,1~9,11층 (논현동)",42,영업중,13,01,병원,58,21,15777502,202777.698034814    ,445279.760385596    ,"서울특별시 강남구 논현동 175-10 유현빌딩 지하2,1~9,11",101 104 109 110 116 122,"내과, 외과, 마취통증의학과, 산부인과, 영상의학과, 가정의학과",4577.65,2026-03-24 13:59:32
3220000,PHMA220083220033021200008,2008-10-31,,폐업,2016-06-15,,,1471.56,135-821,06061,한솔정형외과병원,병원,I,시군구,2026-03-10 22:02:20,서울특별시 강남구 학동로 309 (논현동),32,폐업,03,03,병원,16,9,20151304,203164.598074469    ,445984.629178283    ,"서울특별시 강남구 논현동 115번지 17호 지하1,2층, 지상2,3층",101 105 106 109 115 116 120,"내과, 정형외과, 신경외과, 마취통증의학과, 비뇨의학과, 영상의학과, 재활의학과",1471.56,2016-06-15 16:59:04
3220000,PHMA220093220033021200001,2009-02-17,,영업/정상,,,,1095.13,,06200,재단법인위담 서울위담한방병원,한방병원,I,시군구,2026-03-10 22:01:01,"서울특별시 강남구 역삼로 430 (대치동, 2층,3층,5층,6층)",45,영업중,13,01,한방병원,11,15,,204715.492151273    ,444352.092996928    ,"서울특별시 강남구 대치동 910번지 1호 2층,3층,5층,6층",308 307 306 305 304 303 302 301 122 110,"산부인과, 가정의학과, 한방내과, 한방부인과, 한방소아과, 한방안·이비인후·피부과, 한방신경정신과, 한방재활의학과, 사상체질과, 침구과",1095.13,2025-03-25 08:10:47
3220000,PHMA220093220033021200002,2009-03-11,,영업/정상,,,,6883.76,,06039,아이디병원,병원,I,시군구,2026-03-10 22:02:21,"서울특별시 강남구 도산대로 142, 아이디병원 B1층,1,2,3층 (논현동)",30,영업중,13,01,병원,120,16,025470050,202070.164260035    ,446161.944463499    ,서울특별시 강남구 논현동 5-6 아이디병원,407 406 404 403 402 114 109 108 101,"내과, 성형외과, 마취통증의학과, 피부과, 구강악안면외과, 치과보철과, 치과교정과, 치주과, 치과보존과",6883.76,2024-06-25 16:59:08
3220000,PHMA220093220033021200003,2009-03-12,,폐업,2010-04-26,,,220.55,135-891,,아이디치과병원,치과병원,I,시군구,2026-03-10 22:02:23,"서울특별시 강남구 압구정로 148 (신사동,3층)",0,폐업,03,03,치과병원,2,0,,202144.774564087    ,446995.463467909    ,서울특별시 강남구 신사동 574번지 2호 3층,201 210 205 202 203 204 207 208 209 206,"구강악안면외과, 치과보철과, 치과교정과, 소아치과, 치주과, 치과보존과, 구강내과, 구강악안면방사선과, 구강병리과, 예방치과",220.55,2013-10-22 10:05:11
3220000,PHMA220093220033021200004,2009-08-31,,영업/정상,,,,4805.57,,06047,강남을지대학교병원,병원,I,시군구,2026-03-10 22:01:10,"서울특별시 강남구 도산대로 202, 강남을지병원 B2~9층 (논현동)",33,영업중,13,01,병원,6,20,18990001,202457.281306385    ,446353.555989885    ,,101 116 122,"내과, 영상의학과, 가정의학과",4805.57,2024-05-10 18:07:17
3220000,PHMA220093220033021200005,2009-09-01,,영업/정상,,,,1081,,06132,선한목자병원,병원,I,시군구,2026-03-10 22:01:11,"서울특별시 강남구 논현로 507 (역삼동, 성지하이츠3차빌딩 2층,3층일부)",48,영업중,13,01,병원,23,15,025571004,203118.391406425    ,444369.126280986    ,"서울특별시 강남구 역삼동 642번지 7호 2층,3층일부",101 104 105 116 122,"내과, 외과, 정형외과, 영상의학과, 가정의학과",1081,2025-06-11 10:31:04
3220000,PHMA220093220033021200006,2009-11-18,,폐업,2013-05-01,,,1042.77,135-816,,아이엠치과병원,치과병원,I,시군구,2026-03-10 22:01:06,서울특별시 강남구 도산대로 214 (논현동),7,폐업,03,03,치과병원,7,5,,202603.097084129    ,446412.365205476    ,서울특별시 강남구 논현2동 60번지 7호,401 109,"마취통증의학과, 치과",1042.77,2013-10-22 09:54:46
3220000,PHMA220093220033021200007,2009-11-30,,영업/정상,,,,2201.9,,06225,하나이비인후과병원,병원,I,시군구,2026-03-10 22:01:02,"서울특별시 강남구 역삼로 245, 지하2층일부 1층일부 2~7층 (역삼동)",33,영업중,13,01,병원,42,16,0269251111,203732.302296988    ,443970.119760002    ,,113 102 101,"내과, 신경과, 이비인후과",2201.9,2024-12-04 08:56:43
3220000,PHMA220103220033021200001,2010-08-16,,제외/삭제/전출,,,,3013.92,,06272,모커리한방병원,한방병원,I,시군구,2026-03-10 22:00:23,"서울특별시 강남구 도곡로 216 (도곡동, (도곡로 218 3층, 5층))",90,전출,15,05,한방병원,36,15,025260820,203711.024559394    ,443376.829577467    ,서울특별시 강남구 도곡동 542번지,116 120 122 301 302 303 304 305 306 307 308,"영상의학과, 재활의학과, 가정의학과, 한방내과, 한방부인과, 한방소아과, 한방안·이비인후·피부과, 한방신경정신과, 한방재활의학과, 사상체질과, 침구과",3013.92,2019-07-18 15:22:02
3220000,PHMA220103220033021200002,2010-12-27,,영업/정상,,,,238.27,,06169,아림치과병원,치과병원,I,시군구,2026-03-10 22:00:22,"서울특별시 강남구 테헤란로87길 13, 서영빌딩 14층 (삼성동)",0,영업중,13,01,치과병원,4,0,025541975,205112.755619722    ,445159.128108721    ,서울특별시 강남구 삼성동 158-12 서영빌딩 14층,408,구강내과,238.27,2025-10-30 15:17:33
3220000,PHMA220113220033021200001,2011-03-09,,폐업,2023-04-20,2022-05-20,2023-06-30,7147.47,135-740,06171,서울특별시서울의료원강남분원,병원,I,시군구,2026-03-10 22:00:18,"서울특별시 강남구 봉은사로114길 43, 지하1층~4층 (삼성동)",30,폐업,03,03,병원,6,8,34300238,205795.336726851    ,445582.541312561    ,서울특별시 강남구 삼성동 171번지 1호  지하1~4층,122 111 105 102 101,"내과, 신경과, 정형외과, 소아청소년과, 가정의학과",7147.47,2023-03-30 18:00:56
3220000,PHMA220113220033021200002,2011-10-21,,폐업,2015-12-03,,,822.04,,06014,엠디병원,병원,I,시군구,2026-03-10 22:02:56,"서울특별시 강남구 선릉로 832, 4~7층 (청담동, 소나무빌딩)",30,폐업,03,03,병원,6,12,,203506.729464047    ,447112.669974234    ,서울특별시 강남구 청담동 84번지 6호 소나무빌딩 4층~7층,104,외과,822.04,2015-12-03 11:13:51
3220000,PHMA220113220033021200003,2011-10-28,,폐업,2024-06-15,,,492.48,,06120,전체플란트치과병원,치과병원,I,시군구,2026-03-10 22:02:58,"서울특별시 강남구 강남대로 476, urbanhive (논현동)",0,폐업,03,03,치과병원,6,0,0234462755,202121.293458771    ,444742.671288826    ,서울특별시 강남구 논현동 200-7 urbanhive,411 410 409 408 407 406 405 404 403 402,"구강악안면외과, 치과보철과, 치과교정과, 소아치과, 치주과, 치과보존과, 구강내과, 영상치의학과, 구강병리과, 예방치과",492.48,2024-06-19 16:52:28
3220000,PHMA220113220033021200004,2011-12-09,,폐업,2012-01-13,,,593.22,135-957,,예치과병원,치과병원,I,시군구,2026-03-10 22:02:34,서울특별시 강남구 도산대로 523 (청담동),0,폐업,03,03,치과병원,3,0,,204406.212216836    ,446969.422959541    ,서울특별시 강남구 청담동 125번지 23호,401 122,"가정의학과, 치과",593.22,2013-10-21 17:26:49
3220000,PHMA220123220033021200001,2012-02-27,,영업/정상,,,,3221,,06174,광혜병원,병원,I,시군구,2026-03-10 22:00:59,"서울특별시 강남구 영동대로86길 9 (대치동, 지하1~2층,2~7층)",79,영업중,13,01,병원,24,26,025387111,205649.655013836    ,445122.570820205    ,"서울특별시 강남구 대치동 995번지 27호 지하1~2층,2~7층",122 116 109 106 101,"내과, 신경외과, 마취통증의학과, 영상의학과, 가정의학과",3221,2023-12-19 10:14:35
3220000,PHMA220123220033021200002,2012-04-30,,폐업,2019-10-31,,,216,135-924,06236,투데이치과병원,치과병원,I,시군구,2026-03-10 22:02:33,"서울특별시 강남구 테헤란로20길 5, 2층 (역삼동)",0,폐업,03,03,치과병원,1,0,025622872,202967.31799669     ,444136.953159125    ,서울특별시 강남구 역삼1동 736번지 16호 2층,408 407 406 405 404 403 402,"구강악안면외과, 치과보철과, 치과교정과, 소아치과, 치주과, 치과보존과, 구강내과",216,2019-10-18 17:59:20
3220000,PHMA220123220033021200003,2012-05-16,,폐업,2020-05-31,,,1404.82,,06025,이지앤성형외과병원,병원,I,시군구,2026-03-10 22:02:30,"서울특별시 강남구 압구정로30길 67 (신사동, 지하1,2층, 지상1층일부, 2,3,4,5층)",30,폐업,03,03,병원,19,12,0805002080,202511.808899011    ,446745.631942254    ,"서울특별시 강남구 신사동 597번지 3호 지하1,2층, 지상1층일부, 2,3,4,5층",108 401,"성형외과, 치과",1404.82,2020-05-26 17:05:38
3220000,PHMA220123220033021200004,2012-06-20,,폐업,2013-09-16,,,959,135-825,,바비페이스치과병원,치과병원,I,시군구,2026-03-10 22:01:20,서울특별시 강남구 강남대로 516 (논현동),9,폐업,03,03,치과병원,4,9,15442944,201978.302305104    ,445117.888699555    ,"서울특별시 강남구 논현동 164번지 2호 지1~3층,5층",203 202 201 401 204 205 206 207 208 210 209,"구강악안면외과, 치과보철과, 치과교정과, 소아치과, 치주과, 치과보존과, 구강내과, 구강악안면방사선과, 구강병리과, 예방치과, 치과",959,2018-01-05 13:38:41
3220000,PHMA220123220033021200005,2012-07-04,,폐업,2012-10-01,,,936,135-847,,한맘플러스병원,병원,I,시군구,2026-03-10 22:01:19,"서울특별시 강남구 역삼로 509 (대치동,3,4,5층)",30,폐업,03,03,병원,9,7,,205185.08410362     ,444596.128008185    ,"서울특별시 강남구 대치동 960번지 12호 3,4,5층",101 105 120 109 114,"내과, 정형외과, 마취통증의학과, 피부과, 재활의학과",936,2012-09-27 11:31:05
3220000,PHMA220123220033021200006,2012-09-21,,영업/정상,,,,3968.77,,06072,튼튼병원,병원,I,시군구,2026-03-10 22:01:17,"서울특별시 강남구 영동대로 713, B1~6층, 7층일부,8층 (청담동)",120,영업중,13,01,병원,47,24,18997775,204855.579518894    ,446576.858605648    ,"서울특별시 강남구 청담동 71번지 3호 B1~6층, 7층일부,8층",118 116 111 109 106 105 104 102 101,"내과, 신경과, 외과, 정형외과, 신경외과, 마취통증의학과, 소아청소년과, 영상의학과, 병리과",3968.77,2025-12-24 14:39:56
3220000,PHMA220133220033021200001,2013-01-25,,제외/삭제/전출,,,,1184.92,,06226,서울안강병원,병원,I,시군구,2026-03-10 22:00:42,"서울특별시 강남구 언주로 327, 지하1층, 2~7층 (역삼동)",80,전출,15,05,병원,20,27,0218993210,203902.605          ,443874.3            ,"서울특별시 강남구 역삼동 773번지 6호 지하1층, 2~7층",101 105 106 109 120 122,"내과, 정형외과, 신경외과, 마취통증의학과, 재활의학과, 가정의학과",1184.92,2024-04-18 13:50:23
3220000,PHMA220133220033021200002,2013-03-20,,폐업,2021-02-28,,,368.28,135-876,06160,유디성신치과병원,치과병원,I,시군구,2026-03-10 22:02:25,"서울특별시 강남구 테헤란로 411, 9층 (삼성동)",0,폐업,03,03,치과병원,1,0,,204410.462342038    ,444837.488072395    ,서울특별시 강남구 삼성동 142번지 35호 9층,411 410 409 408 407 406 405 404 403 402,"구강악안면외과, 치과보철과, 치과교정과, 소아치과, 치주과, 치과보존과, 구강내과, 영상치의학과, 구강병리과, 예방치과",368.28,2021-02-19 14:55:55
3220000,PHMA220133220033021200003,2013-04-10,,폐업,2024-08-18,,,166.27,,06349,기쁨정원치과병원,치과병원,I,시군구,2026-03-10 22:02:28,"서울특별시 강남구 밤고개로1길 10, 315호 (수서동, 수서현대벤쳐빌)",0,폐업,03,03,치과병원,1,0,025682879,208937.760652081    ,442873.588039887    ,,402 403 405 406 407 408 409 410 411 412,"구강악안면외과, 치과보철과, 소아치과, 치주과, 치과보존과, 구강내과, 영상치의학과, 구강병리과, 예방치과, 통합치의학과",166.27,2024-08-14 18:32:09
3220000,PHMA220133220033021200004,2013-05-30,,취소/말소/만료/정지/중지,2023-05-19,,,11114.83,,06154,소람한방병원,한방병원,I,시군구,2026-03-10 22:02:27,"서울특별시 강남구 봉은사로 468, 지하5~지상16층 (삼성동)",145,직권폐업,24,04,한방병원,39,58,16611115,204434.01624045     ,445536.798608319    ,서울특별시 강남구 삼성동 116번지 1호,101 304 305 301 308 306 302 303 307 122,"내과, 가정의학과, 한방내과, 한방부인과, 한방소아과, 한방안·이비인후·피부과, 한방신경정신과, 한방재활의학과, 사상체질과, 침구과",11114.83,2023-07-20 11:35:02
3220000,PHMA220133220033021200005,2013-08-05,,폐업,2015-07-24,,,1713.1,135-860,,세바른병원,병원,I,시군구,2026-03-10 22:00:29,서울특별시 강남구 강남대로 276 (도곡동),30,폐업,03,03,병원,27,9,15448297,202834.56           ,442871.185          ,서울특별시 강남구 도곡동 949번지,106 105 109 116 101,"내과, 정형외과, 신경외과, 마취통증의학과, 영상의학과",1713.1,2015-08-11 17:33:07
3220000,PHMA220133220033021200006,2013-10-01,,폐업,2015-11-26,,,439,135-825,06114,제아치과병원,치과병원,I,시군구,2026-03-10 22:00:27,"서울특별시 강남구 강남대로 516, 2층,3층,5층 (논현동)",7,폐업,03,03,치과병원,3,7,0269590232,201978.302305104    ,445117.888699555    ,"서울특별시 강남구 논현동 164번지 2호 2층,3층,5층",401,치과,439,2017-12-26 14:37:00
3220000,PHMA220133220033021200007,2013-10-31,,폐업,2021-02-08,,,452.91,,06271,요나한방병원,한방병원,I,시군구,2026-03-10 22:03:15,"서울특별시 강남구 남부순환로 2645, 2층 (도곡동, 한독빌딩)",30,폐업,03,03,한방병원,4,10,025400109,203390.902472016    ,442601.789760193    ,서울특별시 강남구 도곡동 909번지 3호 한독빌딩 2층,304 302 305 308 303 306 301 307,"한방내과, 한방부인과, 한방소아과, 한방안·이비인후·피부과, 한방신경정신과, 한방재활의학과, 사상체질과, 침구과",452.91,2021-05-24 15:13:31
3220000,PHMA220133220033021200008,2013-11-14,,영업/정상,,,,3288.78,,06259,강남제이에스병원,병원,I,시군구,2026-03-10 22:03:11,"서울특별시 강남구 도곡로 122, 제이에스빌딩 (도곡동)",46,영업중,13,01,병원,12,19,025333600,202913.913256452    ,443081.800019702    ,서울특별시 강남구 도곡동 942-3 제이에스빌딩,122 116 115 114 109 106 105,"정형외과, 신경외과, 마취통증의학과, 피부과, 비뇨의학과, 영상의학과, 가정의학과",3288.78,2023-08-02 11:31:43
3220000,PHMA220133220033021200009,2013-12-06,,폐업,2019-02-28,,,3217.89,,06035,그랜드성형외과병원,병원,I,시군구,2026-03-10 22:03:14,"서울특별시 강남구 도산대로 121, B6~B2, B1일부,지상1~5층, 6층일부, 7층~15층, (신사동)",31,폐업,03,03,병원,18,17,15885153,201850.617570581    ,446131.510440615    ,서울특별시 강남구 신사동 514번지 16호,108 401 114,"성형외과, 피부과, 치과",3217.89,2022-11-03 16:46:48
3220000,PHMA220133220033021200010,2013-12-20,,영업/정상,,,,358.05,,06183,이솝한방병원,한방병원,I,시군구,2026-03-10 22:02:59,"서울특별시 강남구 역삼로 555, 1층 101호 (대치동, 대치동 더블유 타워)",30,영업중,13,01,한방병원,7,9,0234443588,205533.757410581    ,444755.885233898    ,서울특별시 강남구 대치동 952-2 대치동 더블유 타워,111 301 302 303 304 305 306 307 308,"소아청소년과, 한방내과, 한방부인과, 한방소아과, 한방안·이비인후·피부과, 한방신경정신과, 한방재활의학과, 사상체질과, 침구과",358.05,2025-12-24 14:43:28
3220000,PHMA220183220033021200003,2018-07-20,,영업/정상,,,,3111.69,,06072,청담힐요양병원,요양병원(일반요양병원),I,시군구,2026-03-10 22:00:48,"서울특별시 강남구 영동대로 713, 9~14층 (청담동)",144,영업중,13,01,요양병원(일반요양병원),32,55,025427582,204855.579518894    ,446576.858605648    ,,101 104 105 106 108 122 301,"내과, 외과, 정형외과, 신경외과, 성형외과, 가정의학과, 한방내과",3111.69,2024-01-02 13:32:27
3220000,PHMA220183220033021200004,2018-07-27,,영업/정상,,,,5204,,06017,노블케어요양병원,요양병원(일반요양병원),I,시군구,2026-03-10 22:00:51,"서울특별시 강남구 언주로 858, 1관, 2관동 (신사동)",194,영업중,13,01,요양병원(일반요양병원),12,79,025150007,202934.182865829    ,447189.395799605    ,서울특별시 강남구 신사동 635,301 122 120 110 104 102 101,"내과, 신경과, 외과, 산부인과, 재활의학과, 가정의학과, 한방내과",5204,2023-09-21 11:16:30
3220000,PHMA220183220033021200005,2018-09-14,,영업/정상,,,,3609.1,,06106,강남지인병원,병원,I,시군구,2026-03-10 22:00:44,"서울특별시 강남구 언주로 631, 강남지인병원 지하2층. 2~6층 (논현동)",30,영업중,13,01,병원,30,10,0269854119,203030.36156512     ,445624.927581211    ,서울특별시 강남구 논현동 218-11 강남지인병원,122 105 104 101,"내과, 외과, 정형외과, 가정의학과",3609.1,2025-06-24 11:33:44
3220000,PHMA220183220033021200006,2018-10-22,,폐업,2023-04-30,,,2254.36,,06055,씨티칼리지요양병원,요양병원(일반요양병원),I,시군구,2026-04-24 17:12:14,"서울특별시 강남구 선릉로 751, 카로시티Ⅲ (논현동)",83,폐업,03,03,요양병원(일반요양병원),9,15,025147979,203388.051395369    ,446619.586513596    ,서울특별시 강남구 논현동 94-22 카로시티Ⅲ,411 122 120 114 106 105 104 102 101,"내과, 신경과, 외과, 정형외과, 신경외과, 피부과, 재활의학과, 가정의학과, 예방치과",2254.36,2026-04-16 17:40:17
3220000,PHMA220183220033021200007,2018-12-07,,영업/정상,,,,1181.84,,06057,미니쉬치과병원,치과병원,I,시군구,2026-03-10 22:00:41,"서울특별시 강남구 언주로 728, 2~5,7~10층 (논현동)",0,영업중,13,01,치과병원,4,0,18992854,203014.306499929    ,446403.195439449    ,서울특별시 강남구 논현동 98-2,411 408 407 406 404 403 402,"구강악안면외과, 치과보철과, 치과교정과, 치주과, 치과보존과, 구강내과, 예방치과",1181.84,2023-09-18 13:53:58
3220000,PHMA220193220033021200001,2019-03-29,,폐업,2021-07-04,,,2372.14,,06272,예작병원,병원,I,시군구,2026-03-10 22:03:23,"서울특별시 강남구 도곡로 212, 지하2층,지상4~8층 (도곡동)",30,폐업,03,03,병원,8,11,15777565,203665.585          ,443357.415          ,서울특별시 강남구 도곡동 543번지 4호,115 114 108,"성형외과, 피부과, 비뇨의학과",2372.14,2021-06-25 17:57:53
3220000,PHMA220193220033021200002,2019-08-13,,폐업,2025-11-20,,,565.17,,06109,힘찬큐한방병원,한방병원,I,시군구,2026-03-10 22:03:18,"서울특별시 강남구 봉은사로 213, 센트럴타워 5~7층 (논현동)",30,폐업,03,03,한방병원,6,11,025188599,203057.829697832    ,445092.183424792    ,서울특별시 강남구 논현동 235-11 센트럴타워,308 307 306 305 304 303 302 301 122 120 116 115 114 113 112 111 110 109 103 102 101,"내과, 신경과, 정신건강의학과, 마취통증의학과, 산부인과, 소아청소년과, 안과, 이비인후과, 피부과, 비뇨의학과, 영상의학과, 재활의학과, 가정의학과, 한방내과, 한방부인과, 한방소아과, 한방안·이비인후·피부과, 한방신경정신과, 한방재활의학과, 사상체질과, 침구과",565.17,2025-11-20 11:18:18
3230000,PHMA220123230034021200001,2012-03-12,,폐업,2023-08-01,,,2943.47,,05613,올림픽병원,병원,I,시군구,2026-03-10 22:01:52,"서울특별시 송파구 백제고분로 283, 어깨동무빌딩 (석촌동)",99,폐업,03,03,병원,7,33,0216442119,208596.024749829    ,444510.670896851    ,서울특별시 송파구 석촌동 14번지 10호 어깨동무빌딩,101 104 105 106 109 114 116,"내과, 외과, 정형외과, 신경외과, 마취통증의학과, 피부과, 영상의학과",2943.47,2026-01-27 16:26:39
3230000,PHMA220123230034021200002,2012-08-08,,폐업,2012-10-09,,,315.96,138-220,,선수촌병원,병원,I,시군구,2026-03-10 22:01:48,서울특별시 송파구 올림픽로 76 (잠실동),30,폐업,03,03,병원,5,5,,206916.75835        ,445485.4447736      ,서울특별시 송파구 잠실동 175번지 6호,105,정형외과,315.96,2013-08-19 17:15:15
3230000,PHMA220123230034021200003,2012-09-03,,폐업,2013-07-15,,,8646.01,138-802,,나눔요양병원,요양병원(일반요양병원),I,시군구,2026-03-10 22:01:49,서울특별시 송파구 송이로 111 (가락동),284,폐업,03,03,요양병원(일반요양병원),7,60,,210736.904409143    ,443841.338101311    ,서울특별시 송파구 가락동 57번지,120 101 106 102 122 104 301,"내과, 신경과, 외과, 신경외과, 재활의학과, 가정의학과, 한방내과",8646.01,2014-07-25 13:28:55
3230000,PHMA220123230034021200004,2012-09-12,,폐업,2018-05-16,,,1769.07,,05737,송파마음요양병원,요양병원(일반요양병원),I,시군구,2026-03-10 22:01:51,"서울특별시 송파구 마천로 238 (마천동, 윤진프라자타워)",145,폐업,03,03,요양병원(일반요양병원),20,17,,212643.860107402    ,444170.320122251    ,,101 102 104 105 122 301 308,"내과, 신경과, 외과, 정형외과, 가정의학과, 한방내과, 침구과",1769.07,2019-01-03 14:30:11
3230000,PHMA220133230034021200001,2013-07-15,,영업/정상,,,,8646.01,,05716,송파드림재활병원,병원,I,시군구,2026-03-10 22:01:26,"서울특별시 송파구 송이로 111, B3-6층 (가락동, 청석빌딩)",207,영업중,13,01,병원,95,57,024301122,210736.904409143    ,443841.338101311    ,서울특별시 송파구 가락동 57번지 B3-6층,122 101 102 120 109,"내과, 신경과, 마취통증의학과, 재활의학과, 가정의학과",8646.01,2026-01-30 11:09:33
3230000,PHMA220133230034021200002,2013-09-03,,영업/정상,,,,2416.32,,05556,선수촌병원,병원,I,시군구,2026-03-10 22:01:32,"서울특별시 송파구 올림픽로 76, J타워 3~7층 (잠실동)",53,영업중,13,01,병원,43,13,0216613379,206916.75835        ,445485.4447736      ,서울특별시 송파구 잠실동 175-6 J타워,105 106 109 120,"정형외과, 신경외과, 마취통증의학과, 재활의학과",2416.32,2026-01-21 10:03:56
3230000,PHMA220143230034021200001,2014-01-03,,영업/정상,,,,2175.07,,05768,송파미소병원,정신병원,U,시군구,2026-05-09 03:03:03,"서울특별시 송파구 오금로 513, 위례빌딩 지하1~2층, 지상2~8층 (거여동)",201,영업중,13,01,정신병원,19,48,0216619299,212831.033281342    ,443457.104592042    ,서울특별시 송파구 거여동 37 위례빌딩,103 122,"정신건강의학과, 가정의학과",2175.07,2026-05-08 03:43:30
3230000,PHMA220143230034021200002,2014-02-06,,영업/정상,,,,2777.96,,05510,미래본병원,병원,I,시군구,2026-03-10 22:01:29,"서울특별시 송파구 송파대로 562, 2,3,8층 (신천동, 한빛프라자,삼성웰리스아파트)",44,영업중,13,01,병원,35,14,0218995230,208730.633457015    ,445905.025545443    ,,101 105 106 109 116 120 122,"내과, 정형외과, 신경외과, 마취통증의학과, 영상의학과, 재활의학과, 가정의학과",2777.96,2026-01-21 09:59:14
3230000,PHMA220203230034021200002,2020-08-31,,영업/정상,,,,1442.23,,05836,새숨병원,병원,I,시군구,2026-03-10 22:00:38,"서울특별시 송파구 정의로8길 4, KDG70타워 2,3,4층 (문정동)",30,영업중,13,01,병원,13,11,024497588,,,,101 104 122,"내과, 외과, 가정의학과",1442.23,2025-10-29 17:01:42
3230000,PHMA220213230034021200001,2021-02-25,,영업/정상,,,,6253.54,,05790,서울세계로병원,병원,I,시군구,2026-03-10 22:02:02,"서울특별시 송파구 위례서로 248, 지하1층, 2층, 5~12층 (거여동)",152,영업중,13,01,병원,42,47,0216709111,212511.655622483    ,442722.371081852    ,서울특별시 송파구 거여동 604,122 120 116 111 109 106 105 104 102 101,"내과, 신경과, 외과, 정형외과, 신경외과, 마취통증의학과, 소아청소년과, 영상의학과, 재활의학과, 가정의학과",6253.54,2026-01-21 10:05:01
3230000,PHMA220213230034021200002,2021-04-30,,영업/정상,,,,2636.3,,05635,다나움요양병원,요양병원(일반요양병원),I,시군구,2026-03-10 22:02:03,"서울특별시 송파구 가락로 278, 지하1층~지상6층 (방이동)",58,영업중,13,01,요양병원(일반요양병원),22,28,024127272,210527.998227252    ,445587.289579829    ,서울특별시 송파구 방이동 160,412 408 407 406 403 402 120 104 101,"내과, 외과, 재활의학과, 구강악안면외과, 치과보철과, 치주과, 치과보존과, 구강내과, 통합치의학과",2636.3,2026-01-30 11:05:24
3230000,PHMA220213230034021200003,2015-06-23,,영업/정상,,,,2777.05,,05700,염창환병원,병원,I,시군구,2026-03-25 22:00:02,"서울특별시 송파구 오금로 296, 재정빌딩 지하1층~지상5층 (가락동)",32,영업중,13,01,병원,24,14,025141249,211005.302324733    ,444601.789927777    ,서울특별시 송파구 가락동 2-5 재정빌딩,122 120 114 101,"내과, 피부과, 재활의학과, 가정의학과",2777.05,2026-03-24 16:28:07
3230000,PHMA220213230034021200004,2021-08-26,,영업/정상,,,,1049.22,,05790,365다시재한방병원,한방병원,I,시군구,2026-03-10 22:02:06,"서울특별시 송파구 위례서로 248, 3층 일부, 4층 (거여동)",48,영업중,13,01,한방병원,19,18,025120750,212511.655622483    ,442722.371081852    ,,122 301 302 303 304 305 306 307 308,"가정의학과, 한방내과, 한방부인과, 한방소아과, 한방안·이비인후·피부과, 한방신경정신과, 한방재활의학과, 사상체질과, 침구과",1049.22,2026-01-30 11:09:17
3230000,PHMA220223230034021200001,2022-04-29,,영업/정상,,,,3411.94,,05655,오쿨리한방병원,한방병원,I,시군구,2026-03-13 22:00:01,"서울특별시 송파구 위례성대로22길 27, 데코빌딩 지하3층~4층층 (오금동)",67,영업중,13,01,한방병원,33,35,18995989,211457.817185708    ,445070.332711295    ,,110 122 301 302 307,"산부인과, 가정의학과, 한방내과, 한방부인과, 사상체질과",3411.94,2026-03-12 15:00:42
3230000,PHMA220223230034021200002,2022-05-26,,영업/정상,,,,2219.83,,05593,강남푸른숲한방병원,한방병원,I,시군구,2026-03-10 22:01:35,"서울특별시 송파구 삼전로 42, 지하1~6층 (삼전동)",69,영업중,13,01,한방병원,9,38,024242340,207625.449032462    ,444492.597835876    ,,101 301 302 308,"내과, 한방내과, 한방부인과, 침구과",2219.83,2026-01-21 10:12:04
3230000,PHMA220223230034021200003,2022-10-28,,폐업,2023-12-11,,,1689.26,,05584,바른걸음병원,병원,I,시군구,2026-03-10 22:01:24,"서울특별시 송파구 백제고분로 252, SH타워 2~8층 (삼전동)",41,폐업,03,03,병원,14,15,0262238275,208267.150895889    ,444458.879184368    ,서울특별시 송파구 삼전동 72-2 SH타워 2~8층,116 106 105,"정형외과, 신경외과, 영상의학과",1689.26,2023-12-14 16:01:41
3230000,PHMA220223230034021200004,2022-12-02,,폐업,2024-08-11,,,2325.25,,05706,리워크병원,병원,I,시군구,2026-03-10 22:01:21,"서울특별시 송파구 송이로 81, 지하2~지상7층 (가락동)",60,폐업,03,03,병원,18,26,025011652,210574.037898234    ,444069.184552292    ,서울특별시 송파구 가락동 48-3 지하2층~지상7층,308 306 301 122 120 119 116 101,"내과, 영상의학과, 진단검사의학과, 재활의학과, 가정의학과, 한방내과, 한방재활의학과, 침구과",2325.25,2024-09-10 16:22:44
3230000,PHMA220223230034021200005,2022-12-22,,영업/정상,,,,2364.01,,05567,연세우리병원,병원,I,시군구,2026-03-10 22:01:25,"서울특별시 송파구 백제고분로 185, 2~9층 (잠실동)",42,영업중,13,01,병원,19,13,0215331755,207649.560634469    ,444734.861106734    ,,101 105 106 109 116,"내과, 정형외과, 신경외과, 마취통증의학과, 영상의학과",2364.01,2026-01-30 11:07:59
3230000,PHMA220233230034021200001,2023-10-05,,영업/정상,,,,2433.45,,05535,서울동행한방병원,한방병원,I,시군구,2026-03-10 22:01:23,"서울특별시 송파구 토성로 20, 다보라 지하1~5층 (풍납동)",60,영업중,13,01,한방병원,14,22,18116235,209893.622034457    ,447594.355412552    ,서울특별시 송파구 풍납동 269-3 지하1~지상5층,308 307 306 305 304 303 302 301 122 120,"재활의학과, 가정의학과, 한방내과, 한방부인과, 한방소아과, 한방안·이비인후·피부과, 한방신경정신과, 한방재활의학과, 사상체질과, 침구과",2433.45,2026-03-04 11:12:31
3230000,PHMA220243230034021200001,2024-05-31,,폐업,2024-07-24,,,2943.47,,05613,스테이온요양병원,요양병원(일반요양병원),I,시군구,2026-03-10 22:00:40,"서울특별시 송파구 백제고분로 283, 어깨동무빌딩 B1일부,1층일부,2~7층 (석촌동)",99,폐업,03,03,요양병원(일반요양병원),7,35,15511410,208596.024749829    ,444510.670896851    ,서울특별시 송파구 석촌동 14-10 어깨동무빌딩,308 301 122 102 101,"내과, 신경과, 가정의학과, 한방내과, 침구과",2943.47,2024-07-25 13:15:32
3230000,PHMA220243230034021200002,2024-07-02,,영업/정상,,,,2077.77,,05585,엠에스병원,병원,I,시군구,2026-03-10 22:00:43,"서울특별시 송파구 삼학사로 53, 태영빌딩 1~7층 (삼전동)",72,영업중,13,01,병원,34,30,025739573,208477.775692904    ,444434.523206585    ,서울특별시 송파구 삼전동 180-8 태영빌딩,122 109,"마취통증의학과, 가정의학과",2077.77,2026-01-21 09:50:37
3230000,PHMA220243230034021200003,2024-09-02,,영업/정상,,,,2324.98,,05706,더힐병원,병원,I,시군구,2026-03-10 22:00:46,"서울특별시 송파구 송이로 81, 지하2층~지상7층층 (가락동)",62,영업중,13,01,병원,23,26,15551627,210574.037898234    ,444069.184552292    ,,101 113 114 116 117 119 120 122,"내과, 이비인후과, 피부과, 영상의학과, 방사선종양학과, 진단검사의학과, 재활의학과, 가정의학과",2324.98,2026-01-21 09:58:14
3230000,PHMA220243230034021200004,2024-09-30,,영업/정상,,,,587.22,,05581,서울오브치과병원,치과병원,I,시군구,2026-03-10 22:00:47,"서울특별시 송파구 백제고분로 196, 4층~5층 (삼전동)",0,영업중,13,01,치과병원,2,0,024182275,207738.048148915    ,444641.091314274    ,서울특별시 송파구 삼전동 28-6,412 411 410 409 408 407 406 405 404 403 402,"구강악안면외과, 치과보철과, 치과교정과, 소아치과, 치주과, 치과보존과, 구강내과, 영상치의학과, 구강병리과, 예방치과, 통합치의학과",587.22,2024-09-30 12:47:08
3230000,PHMA220243230034021200005,2024-10-02,,영업/정상,,,,2185.61,,05584,강철병원,병원,I,시군구,2026-03-10 22:00:42,"서울특별시 송파구 백제고분로 252, SH타워 2~8층 (삼전동)",49,영업중,13,01,병원,3,17,0262875500,208267.150895889    ,444458.879184368    ,서울특별시 송파구 삼전동 72-2 SH타워,116 109 106 105 101,"내과, 정형외과, 신경외과, 마취통증의학과, 영상의학과",2185.61,2026-01-21 10:04:04
3230000,PHMA220253230034021200001,2025-04-25,,폐업,2026-01-28,2025-10-16,2026-03-31,1305.76,,05641,송파한성병원,병원,I,시군구,2026-03-10 22:00:49,"서울특별시 송파구 오금로 173, 지하1층~지상6층 (방이동)",43,폐업,03,03,병원,2,18,0269496670,209993.650236547    ,445282.210026105    ,서울특별시 송파구 방이동 114-3,122 120 114 106 101,"내과, 신경외과, 피부과, 재활의학과, 가정의학과",1305.76,2026-01-29 14:18:22
3230000,PHMA220253230034021200002,2025-12-17,,영업/정상,,,,4312.15,,05729,시그니처요양병원,요양병원(일반요양병원),U,시군구,2026-04-01 03:03:03,서울특별시 송파구 마천로 164 (오금동),155,영업중,13,01,요양병원(일반요양병원),30,55,0260119119,212081.527971261    ,444598.236691622    ,,101 102 105 106 120 122 301 306 308,"내과, 신경과, 정형외과, 신경외과, 재활의학과, 가정의학과, 한방내과, 한방재활의학과, 침구과",4312.15,2026-03-31 13:20:06
3230000,PHMA220193230034021200005,2019-07-01,,영업/정상,,,,4307.51,,05836,대전대학교서울한방병원,한방병원,I,시군구,2026-03-10 22:01:20,"서울특별시 송파구 법원로11길 32, 지하2~1층, 지상5~11층,13층 (문정동)",54,영업중,13,01,한방병원,29,20,0222228100,,,,101 122 301 302 306 308,"내과, 가정의학과, 한방내과, 한방부인과, 한방재활의학과, 침구과",4307.51,2026-01-21 10:09:16
3230000,PHMA220203230034021200001,2020-04-24,,폐업,2024-06-10,,,2119.57,,05585,서울연세한방병원,한방병원,I,시군구,2026-03-10 22:00:36,"서울특별시 송파구 삼학사로 53, 태영빌딩 (삼전동)",84,폐업,03,03,한방병원,23,26,025739573,208477.775692904    ,444434.523206585    ,,301 101,"내과, 한방내과",2119.57,2024-08-26 11:08:38
3230000,PHMA220143230034021200003,2014-04-15,,영업/정상,,,,2117,,05733,더사랑요양병원,요양병원(일반요양병원),I,시군구,2026-03-10 22:01:11,"서울특별시 송파구 마천로 227, 보은빌딩 (마천동)",121,영업중,13,01,요양병원(일반요양병원),21,23,0269595522,212587.48325656     ,444278.471040207    ,서울특별시 송파구 마천동 26번지 11호 보은빌딩,308 306 301 122 120 110 102 101,"내과, 신경과, 산부인과, 재활의학과, 가정의학과, 한방내과, 한방재활의학과, 침구과",2117,2026-01-30 11:10:46
3230000,PHMA220143230034021200004,2014-04-28,,영업/정상,,,,2984.61,,05621,빠른병원,병원,I,시군구,2026-03-10 22:01:10,"서울특별시 송파구 백제고분로 405, 유니온테크송파빌딩 (송파동)",119,영업중,13,01,병원,17,22,024238288,209627.926977957    ,445033.492693013    ,서울특별시 송파구 송파동 20번지 7호 유니온테크송파빌딩,101 105 108 116 125,"내과, 정형외과, 성형외과, 영상의학과, 응급의학과",2984.61,2025-10-29 17:05:03
3230000,PHMA219713230034021201559,1971-02-20,,영업/정상,,,,29876.5,,05715,경찰병원,종합병원,I,시군구,2026-03-10 22:01:41,"서울특별시 송파구 송이로 123, 국립경찰병원 (가락동)",320,영업중,13,01,종합병원,352,98,0234001114,210849.897330572    ,443789.337035202    ,,101 102 103 104 105 106 107 108 109 110 111 112 113 114 115 116 118 119 120 122 125 403 406,"내과, 신경과, 정신건강의학과, 외과, 정형외과, 신경외과, 심장혈관흉부외과, 성형외과, 마취통증의학과, 산부인과, 소아청소년과, 안과, 이비인후과, 피부과, 비뇨의학과, 영상의학과, 병리과, 진단검사의학과, 재활의학과, 가정의학과, 응급의학과, 치과보철과, 치주과",29876.5,2026-01-21 09:40:30
3230000,PHMA219823230034021201567,1982-04-27,,폐업,2009-03-30,2009-02-02,2009-04-30,6672.85,138-180,,잠실병원,병원,I,시군구,2026-03-10 22:00:53,,212,폐업,03,03,병원,4,60,024147754,,,"서울특별시 송파구 삼전동 9번지 3,4,10호",101,내과,6672.85,2014-12-15 14:23:28
3230000,PHMA219893230034021201574,1989-05-20,,영업/정상,,,,547487.24,,05505,재단법인아산사회복지재단 서울아산병원,종합병원,I,시군구,2026-03-10 22:01:28,"서울특별시 송파구 올림픽로43길 88, 서울아산병원 (풍납동)",2446,영업중,13,01,종합병원,6395,989,0230103114,209607.590372037    ,447120.577229325    ,서울특별시 송파구 풍납동 388번지 1호 서울아산병원,101 102 103 104 105 106 107 108 109 110 111 112 113 114 115 116 117 118 119 120 122 123 125 402 403 404 405 406 407,"내과, 신경과, 정신건강의학과, 외과, 정형외과, 신경외과, 심장혈관흉부외과, 성형외과, 마취통증의학과, 산부인과, 소아청소년과, 안과, 이비인후과, 피부과, 비뇨의학과, 영상의학과, 방사선종양학과, 병리과, 진단검사의학과, 재활의학과, 가정의학과, 핵의학과, 응급의학과, 구강악안면외과, 치과보철과, 치과교정과, 소아치과, 치주과, 치과보존과",547487.24,2026-03-04 09:25:25
3230000,PHMA219923230034021201570,1992-12-05,,폐업,2009-02-28,,,3666.13,138-170,,경원대부속서울한방병원,한방병원,I,시군구,2026-03-10 22:00:55,,72,폐업,03,03,한방병원,20,0,024253451,,,서울특별시 송파구 송파동 20번지 8호,101,내과,3666.13,2009-03-03 17:38:51
3230000,PHMA219933230034021201562,1993-01-09,,영업/정상,,,,958.25,,05797,의료법인일맥의료재단 송파인애가한방병원,한방병원,U,시군구,2026-04-30 03:03:03,"서울특별시 송파구 문정로 65, 인애가한방병원 1,2,4,5,6층 (문정동)",31,영업중,13,01,한방병원,12,13,024437575,211382.026862476    ,442795.708066717    ,,301 302 303 304 305 308,"한방내과, 한방부인과, 한방소아과, 한방안·이비인후·피부과, 한방신경정신과, 침구과",958.25,2026-04-29 18:17:31
3230000,PHMA219963230034021201572,1996-05-08,,폐업,2011-10-19,,,1688.76,138-130,,인애가한방병원,한방병원,I,시군구,2026-03-10 22:00:58,서울특별시 송파구 마천로15길 6 (오금동),55,폐업,03,03,한방병원,17,0,0234012211,211904.841771888    ,444786.261129374    ,서울특별시 송파구 오금동 77번지 16호,101 301 304 303 305 308 306,"내과, 한방내과, 한방소아과, 한방안·이비인후·피부과, 한방신경정신과, 한방재활의학과, 침구과",1688.76,2023-02-14 14:11:16
3230000,PHMA219973230034021201571,1997-12-20,,폐업,2021-02-10,,,255.35,,05510,시그마치과병원,치과병원,I,시군구,2026-03-10 22:00:20,"서울특별시 송파구 올림픽로 289, 3층 (신천동)",0,폐업,03,03,치과병원,1,0,0234320071,208994.017991356    ,445826.545566831    ,,101,내과,255.35,2021-02-10 14:12:47
3230000,PHMA219983230034021201557,1998-06-05,,영업/정상,,,,6957.17,,05700,서울병원,병원,I,시군구,2026-03-10 22:00:32,서울특별시 송파구 오금로 290 (가락동),93,영업중,13,01,병원,50,30,024058500,210957.431412735    ,444640.816145501    ,,412 124 118 116 110 109 108 106 105 104 102 101,"내과, 신경과, 외과, 정형외과, 신경외과, 성형외과, 마취통증의학과, 산부인과, 영상의학과, 병리과, 직업환경의학과, 통합치의학과",6957.17,2026-01-21 10:05:28
3230000,PHMA219983230034021201560,1998-12-05,,폐업,2014-01-24,,,1223.59,138-120,,의료법인장원의료재단송파성모병원,병원,I,시군구,2026-03-10 22:01:02,서울특별시 송파구 거마로 68 (마천동),60,폐업,03,03,병원,3,16,024063580,212953.210261522    ,444076.558907464    ,서울특별시 송파구 마천동 42번지 7호,101 111 105 106 104 114 115 113 109,"내과, 외과, 정형외과, 신경외과, 마취통증의학과, 소아청소년과, 이비인후과, 피부과, 비뇨의학과",1223.59,2014-07-31 17:22:35
3230000,PHMA219983230034021201568,1998-03-30,,영업/정상,,,,4875.62,,05616,한솔병원,병원,I,시군구,2026-03-10 22:01:09,"서울특별시 송파구 송파대로 445, 한솔병원 (석촌동)",60,영업중,13,01,병원,62,27,0221476000,209295.368139314    ,444879.115591176    ,서울특별시 송파구 석촌동 174번지 13호 한솔병원,101 104 109 116 122 401,"내과, 외과, 마취통증의학과, 영상의학과, 가정의학과, 치과",4875.62,2026-01-21 09:57:40
3230000,PHMA219983230034021201575,1998-04-07,,영업/정상,,,,2220.47,,05520,의료법인정애의료재단서울초이스병원,병원,I,시군구,2026-03-10 22:01:00,"서울특별시 송파구 올림픽로 579, 서울초이스병원 지하2층~지상5층 (풍납동)",44,영업중,13,01,병원,17,19,025082700,210641.609053069    ,447960.007314417    ,서울특별시 송파구 풍납동 496-5 서울초이스병원,105 109 116,"정형외과, 마취통증의학과, 영상의학과",2220.47,2026-01-30 11:09:59
3230000,PHMA219993230034021201561,1999-10-30,,영업/정상,,,,255.35,,05833,수치과병원,치과병원,I,시군구,2026-03-10 22:01:03,"서울특별시 송파구 중대로 68 (문정동, 훼밀리샤르망 505호)",0,영업중,13,01,치과병원,1,0,024313521,210226.697751848    ,443267.228806217    ,,411 410 408 407 406 405 403 402,"구강악안면외과, 치과보철과, 소아치과, 치주과, 치과보존과, 구강내과, 구강병리과, 예방치과",255.35,2025-11-03 17:13:12
3230000,PHMA220023230034021201573,2002-01-07,,폐업,2016-03-17,,,133.95,138-915,05554,가인치과병원,치과병원,I,시군구,2026-03-10 22:01:04,"서울특별시 송파구 올림픽로 240, 7층 (잠실동, 롯데월드스포츠센터))",0,폐업,03,03,치과병원,2,0,024192811,208589.363343145    ,445455.90405262     ,서울특별시 송파구 잠실동 40번지 1호 롯데월드스포츠센터 7층,101 201 204 207 210 202 205 208 203 206 209,"내과, 구강악안면외과, 치과보철과, 치과교정과, 소아치과, 치주과, 치과보존과, 구강내과, 구강악안면방사선과, 구강병리과, 예방치과",133.95,2016-03-17 15:10:20
3230000,PHMA220053230034021201563,2005-10-20,,폐업,2024-07-08,,,1713.49,,05641,포레힐요양병원,요양병원(일반요양병원),I,시군구,2026-03-10 22:01:56,서울특별시 송파구 오금로 173 (방이동),72,폐업,03,03,요양병원(일반요양병원),14,23,0222036100,209993.650236547    ,445282.210026105    ,,101 102 104 111 114 116 118 119 122 301 302 303 304 305 306 307 308,"내과, 신경과, 외과, 소아청소년과, 피부과, 영상의학과, 병리과, 진단검사의학과, 가정의학과, 한방내과, 한방부인과, 한방소아과, 한방안·이비인후·피부과, 한방신경정신과, 한방재활의학과, 사상체질과, 침구과",1713.49,2024-07-09 09:51:10
3230000,PHMA220053230034021201565,2005-05-03,,폐업,2014-04-14,,,1180.74,138-180,,송파병원,병원,I,시군구,2026-03-10 22:00:17,"서울특별시 송파구 백제고분로 268 (삼전동, 지하1층~지상7층)",42,폐업,03,03,병원,10,0,0222020033,208426.169119403    ,444447.682227261    ,서울특별시 송파구 삼전동 180번지 3호,108 101 109 105 106 111 120 116 119 122 114,"내과, 정형외과, 신경외과, 성형외과, 마취통증의학과, 소아청소년과, 피부과, 영상의학과, 진단검사의학과, 재활의학과, 가정의학과",1180.74,2014-04-15 08:57:23
3230000,PHMA220053230034021201566,2005-01-14,,폐업,2024-08-30,2023-04-30,2025-04-30,2011.89,,05723,의료법인일맥의료재단 인애가요양병원,요양병원(일반요양병원),I,시군구,2026-03-10 22:01:42,"서울특별시 송파구 마천로15길 6, 인애가요양병원 (오금동)",120,폐업,03,03,요양병원(일반요양병원),20,20,0234012211,211904.841771888    ,444786.261129374    ,서울특별시 송파구 오금동 77번지 인애가요양병원,122 106 301 304 307 308 305 302 309 306 303 104,"외과, 신경외과, 가정의학과, 한방내과, 한방부인과, 한방소아과, 한방안·이비인후·피부과, 한방신경정신과, 한방재활의학과, 사상체질과, 침구과, 한방응급과",2011.89,2024-09-02 14:48:38
3230000,PHMA220073230034021201564,2007-06-25,,제외/삭제/전출,,,,1062.12,138-832,05631,송파청병원,병원,I,시군구,2026-03-10 22:01:07,서울특별시 송파구 백제고분로 488 (방이동),41,전출,15,05,병원,15,13,0222023114,210071.604674507    ,445734.025003563    ,서울특별시 송파구 방이동 149번지 8호,101 104 105 106 107 108 109 110 111 112 113 114 115 119 120 122,"내과, 외과, 정형외과, 신경외과, 심장혈관흉부외과, 성형외과, 마취통증의학과, 산부인과, 소아청소년과, 안과, 이비인후과, 피부과, 비뇨의학과, 진단검사의학과, 재활의학과, 가정의학과",1062.12,2016-08-08 13:15:39
3230000,PHMA220073230034021201566,2007-04-30,,영업/정상,,,,1992.35,,05594,강남수병원,병원,I,시군구,2026-03-10 22:01:06,서울특별시 송파구 삼전로2길 11 (삼전동),31,영업중,13,01,병원,7,11,024217100,207548.241064687    ,444350.320337161    ,서울특별시 송파구 삼전동 38-5,122 109 108 105,"정형외과, 성형외과, 마취통증의학과, 가정의학과",1992.35,2026-01-21 09:44:13
3230000,PHMA220083230034021201553,2008-06-23,,영업/정상,,,,3686.13,,05829,의료법인마리아의료재단마리아병원,병원,I,시군구,2026-03-10 22:00:31,"서울특별시 송파구 송이로 152, 마리아 의료재단 새병원 (가락동)",30,영업중,13,01,병원,37,10,0221526555,210933.669348726    ,443458.701668372    ,서울특별시 송파구 가락동 121번지 2호 마리아 의료재단 새병원,110,산부인과,3686.13,2026-01-21 10:03:47
3230000,PHMA220083230034021201554,2008-01-02,,영업/정상,,,,3429.02,,05707,뉴스타트병원,병원,I,시군구,2026-03-10 22:00:34,"서울특별시 송파구 송이로 76, 뉴스타트병원 (가락동)",150,영업중,13,01,병원,20,47,024077700,210493.764941542    ,444103.26092079     ,,116 111 109 108 106 105 104 101,"내과, 외과, 정형외과, 신경외과, 성형외과, 마취통증의학과, 소아청소년과, 영상의학과",3429.02,2026-01-30 11:09:24
3230000,PHMA220083230034021201555,2008-01-03,,폐업,2009-03-23,,,888,138-160,,행파노인전문병원,요양병원(노인병원),I,시군구,2026-03-10 22:01:37,,41,폐업,03,03,요양병원(노인병원),1,16,024077700,,,"서울특별시 송파구 가락동 159번지 7호 지하1층,5,6층",104 104 105 108 108 111 113 114 115 116 120 119 109,"외과, 정형외과, 성형외과, 마취통증의학과, 소아청소년과, 이비인후과, 피부과, 비뇨의학과, 영상의학과, 진단검사의학과, 재활의학과",888,2009-11-18 09:58:29
3230000,PHMA220083230034021201569,2008-07-15,,폐업,2014-04-28,,,2956.94,138-170,,필립요양병원,요양병원(일반요양병원),I,시군구,2026-03-10 22:01:39,서울특별시 송파구 백제고분로 405 (송파동),134,폐업,03,03,요양병원(일반요양병원),32,0,0222028288,209627.926977957    ,445033.492693013    ,서울특별시 송파구 송파동 20번지 7호,120 101 122 102 105,"내과, 신경과, 정형외과, 재활의학과, 가정의학과",2956.94,2014-05-20 16:49:10
3230000,PHMA220093230034021200001,2009-10-06,,영업/정상,,,,3867.8,138-171,05621,강남힘찬병원,병원,U,시군구,2026-04-24 03:03:03,"서울특별시 송파구 백제고분로 407 (송파동, 지하 2층~7층)",79,영업중,13,01,병원,25,18,18992225,209641.102325061    ,445051.638159851    ,서울특별시 송파구 송파1동 20번지 8호 지하2층~지상7층,101 106 105 109 116 119,"내과, 정형외과, 신경외과, 마취통증의학과, 영상의학과, 진단검사의학과",3867.8,2026-04-23 17:59:23
3230000,PHMA220103230034021200001,2010-01-21,,폐업,2011-07-19,,,1404.12,138-110,,굿조인트병원,병원,I,시군구,2026-03-10 22:00:16,"서울특별시 송파구 오금로 513 (거여동,위례빌딩 2,6,7층)",94,폐업,03,03,병원,9,0,,212831.033281342    ,443457.104592042    ,"서울특별시 송파구 거여동 37번지 위례빌딩 2,6,7층",105 101 104 106 109 120 115 114 116 122 124 125,"내과, 외과, 정형외과, 신경외과, 마취통증의학과, 피부과, 비뇨의학과, 영상의학과, 재활의학과, 가정의학과, 직업환경의학과, 응급의학과",1404.12,2014-07-11 11:02:43
3230000,PHMA220103230034021200002,2010-02-26,,폐업,2025-06-23,2022-05-04,2025-12-31,2819.56,,05729,의료법인참예원의료재단 송파참요양병원,요양병원(일반요양병원),I,시군구,2026-03-10 22:00:19,"서울특별시 송파구 마천로 164, 송파참병원 (오금동)",200,폐업,03,03,요양병원(일반요양병원),42,55,,212081.527971261    ,444598.236691622    ,서울특별시 송파구 오금동 126번지 송파참병원,122 301 101 303 302 120 306 308 305 304,"내과, 재활의학과, 가정의학과, 한방내과, 한방부인과, 한방소아과, 한방안·이비인후·피부과, 한방신경정신과, 한방재활의학과, 침구과",2819.56,2025-06-23 15:48:34
3230000,PHMA220143230034021200005,2014-11-17,,영업/정상,,,,185,,05510,케이치과병원,치과병원,I,시군구,2026-03-10 22:01:13,"서울특별시 송파구 올림픽로 319, 사단법인 서울특별시 교통회관 2층 (신천동)",0,영업중,13,01,치과병원,1,0,024878275,209243.169349927    ,445935.092530909    ,서울특별시 송파구 신천동 11-7 사단법인 서울특별시 교통회관,412 411 410 409 408 407 406 405 404 403 402,"구강악안면외과, 치과보철과, 치과교정과, 소아치과, 치주과, 치과보존과, 구강내과, 영상치의학과, 구강병리과, 예방치과, 통합치의학과",185,2024-08-26 14:08:56
3230000,PHMA220153230034021200001,2015-01-21,,영업/정상,,,,2305.24,,05829,서울석병원,병원,I,시군구,2026-03-10 22:01:12,서울특별시 송파구 송이로 148 (가락동),45,영업중,13,01,병원,29,11,024037585,210893.646668129    ,443517.490003737    ,,101 105 106 109 110 116,"내과, 정형외과, 신경외과, 마취통증의학과, 산부인과, 영상의학과",2305.24,2026-01-21 10:04:38
3230000,PHMA220153230034021200002,2015-04-21,,영업/정상,,,,3203.32,,05838,잠실자생한방병원,한방병원,I,시군구,2026-03-10 22:01:15,"서울특별시 송파구 충민로 66, 가든파이브라이프 10층 L-10001~4,L-10006~8호 (문정동)",60,영업중,13,01,한방병원,48,18,0269072021,210986.460698452    ,441725.293491662    ,"서울특별시 송파구 문정동 634 가든파이브라이프 10층  L-10001~4, L-10006~8호",101 116 301 302 303 304 305 306 308,"내과, 영상의학과, 한방내과, 한방부인과, 한방소아과, 한방안·이비인후·피부과, 한방신경정신과, 한방재활의학과, 침구과",3203.32,2026-01-21 10:11:45
3230000,PHMA220163230034021200006,2016-06-30,,영업/정상,,,,1684.51,,05829,강남센트럴요양병원,요양병원(일반요양병원),I,시군구,2026-03-10 22:00:35,"서울특별시 송파구 송이로 156, 태정타워 (가락동)",141,영업중,13,01,요양병원(일반요양병원),28,32,0234112360,210944.860093544    ,443429.781369679    ,,101 102 103 120 122 301 306 308,"내과, 신경과, 정신건강의학과, 재활의학과, 가정의학과, 한방내과, 한방재활의학과, 침구과",1684.51,2026-01-30 11:03:49
3230000,PHMA220163230034021200007,2016-12-22,,영업/정상,,,,2173.24,,05829,혜민안과병원,병원,I,시군구,2026-03-10 22:01:53,서울특별시 송파구 중대로 122 (가락동),32,영업중,13,01,병원,17,11,0230121800,210714.053849509    ,443519.750532142    ,,112 116 118,"안과, 영상의학과, 병리과",2173.24,2025-10-29 16:33:42
3230000,PHMA220173230034021200001,2017-01-03,,폐업,2022-09-21,,,2324.98,,05706,자닮인요양병원,요양병원(일반요양병원),I,시군구,2026-03-10 22:01:54,"서울특별시 송파구 송이로 81 (가락동, 르노삼성자동차)",91,폐업,03,03,요양병원(일반요양병원),21,27,024073375,210574.037898234    ,444069.184552292    ,서울특별시 송파구 가락동 48번지 3호,308 307 306 305 304 303 302 301 122 110 104 101,"내과, 외과, 산부인과, 가정의학과, 한방내과, 한방부인과, 한방소아과, 한방안·이비인후·피부과, 한방신경정신과, 한방재활의학과, 사상체질과, 침구과",2324.98,2023-10-19 16:55:19
3230000,PHMA220173230034021200002,2017-01-31,,영업/정상,,,,2183.89,,05836,민트병원,병원,I,시군구,2026-03-10 22:01:57,"서울특별시 송파구 정의로8길 7, 한스빌딩 1~4층 (문정동)",38,영업중,13,01,병원,63,17,0220883000,,,서울특별시 송파구 문정동 640-3 한스빌딩,101 104 110 116,"내과, 외과, 산부인과, 영상의학과",2183.89,2026-03-04 17:23:20
3230000,PHMA220173230034021200003,2017-04-07,,영업/정상,,,,4921.19,,05662,서재곤링커병원,병원,I,시군구,2026-03-10 22:01:59,"서울특별시 송파구 백제고분로 436 (송파동, 서재곤링커병원)",66,영업중,13,01,병원,38,22,0222842001,209831.135259298    ,445251.270608881    ,"서울특별시 송파구 송파동 135번지 3호 4,14,15",116 109 106 105 101,"내과, 정형외과, 신경외과, 마취통증의학과, 영상의학과",4921.19,2026-01-21 09:59:31
3230000,PHMA220173230034021200004,2017-06-26,,폐업,2018-09-17,,,1014.25,,05611,프리허그한방병원,한방병원,I,시군구,2026-03-10 22:02:00,"서울특별시 송파구 송파대로49길 37 (석촌동, 2층~5층)",30,폐업,03,03,한방병원,4,13,0234328269,208811.420433477    ,444897.909426655    ,서울특별시 송파구 석촌동 52번지 9호,308 307 306 305 304 303 302 301 114 113 101,"내과, 이비인후과, 피부과, 한방내과, 한방부인과, 한방소아과, 한방안·이비인후·피부과, 한방신경정신과, 한방재활의학과, 사상체질과, 침구과",1014.25,2019-01-03 14:31:51
3230000,PHMA220193230034021200001,2019-02-11,,영업/정상,,,,3259.99,,05704,서울힐링요양병원,요양병원(일반요양병원),I,시군구,2026-03-10 22:01:18,"서울특별시 송파구 중대로 191, 서울힐링요양병원 (가락동)",118,영업중,13,01,요양병원(일반요양병원),21,49,0218337037,211044.201099765    ,444104.194597019    ,서울특별시 송파구 가락동 36번지 1호 한미사랑병원,308 307 306 305 304 303 302 301 122 110 106 105 104 102 101,"내과, 신경과, 외과, 정형외과, 신경외과, 산부인과, 가정의학과, 한방내과, 한방부인과, 한방소아과, 한방안·이비인후·피부과, 한방신경정신과, 한방재활의학과, 사상체질과, 침구과",3259.99,2025-02-07 11:26:26
3230000,PHMA220193230034021200002,2019-03-19,,영업/정상,,,,293.44,,05555,더바름치과병원,치과병원,I,시군구,2026-03-10 22:01:17,"서울특별시 송파구 석촌호수로 61, 트리지움상가 201호 (잠실동)",0,영업중,13,01,치과병원,6,0,0222022080,207553.918225133    ,445383.338011122    ,,402 403 404 405 406 407 408 409 411 412,"구강악안면외과, 치과보철과, 치과교정과, 소아치과, 치주과, 치과보존과, 구강내과, 영상치의학과, 예방치과, 통합치의학과",293.44,2023-06-14 15:03:58
3230000,PHMA220193230034021200003,2019-05-17,,영업/정상,,,,1950.6,,05549,포레메디한방병원,한방병원,I,시군구,2026-03-10 22:01:19,"서울특별시 송파구 오금로 129, 지하1층~6층 (방이동)",46,영업중,13,01,한방병원,26,17,0218998580,209623.287948462    ,445505.258585544    ,서울특별시 송파구 방이동 109번지 3호,308 306 304 303 302 301 122 101,"내과, 가정의학과, 한방내과, 한방부인과, 한방소아과, 한방안·이비인후·피부과, 한방재활의학과, 침구과",1950.6,2025-05-09 15:31:41
3230000,PHMA220193230034021200004,2019-05-28,,영업/정상,,,,4471.31,,05737,송파그랜드요양병원,요양병원(일반요양병원),I,시군구,2026-03-10 22:01:16,"서울특별시 송파구 마천로 238, 윤진프라자타워 (마천동)",228,영업중,13,01,요양병원(일반요양병원),37,50,024060999,212643.860107402    ,444170.320122251    ,서울특별시 송파구 마천동 32번지 윤진프라자타워,301 122 120 104 102 101,"내과, 신경과, 외과, 재활의학과, 가정의학과, 한방내과",4471.31,2026-01-30 11:04:01
3230000,PHMA220103230034021200003,2010-04-14,,폐업,2011-10-28,,,151.55,138-180,,송파치과병원,치과병원,I,시군구,2026-03-10 22:00:15,서울특별시 송파구 백제고분로 268 (삼전동),0,폐업,03,03,치과병원,1,0,,208426.169119403    ,444447.682227261    ,서울특별시 송파구 삼전동 180번지 3호 지상8층,201 204 210 207 202 205 208 203 206 209,"구강악안면외과, 치과보철과, 치과교정과, 소아치과, 치주과, 치과보존과, 구강내과, 구강악안면방사선과, 구강병리과, 예방치과",151.55,2011-10-30 14:31:44
3230000,PHMA220103230034021200004,2010-12-01,,폐업,2015-06-25,,,3259.99,138-801,,서울외과병원,병원,I,시군구,2026-03-10 22:01:47,"서울특별시 송파구 중대로 191 (가락동, 연세빌딩 전층)",97,폐업,03,03,병원,23,23,34001000,211044.201099765    ,444104.194597019    ,서울특별시 송파구 가락동 36번지 1호,109 101 116 104 110 105 122 401 113 102,"내과, 신경과, 외과, 정형외과, 마취통증의학과, 산부인과, 이비인후과, 영상의학과, 가정의학과, 치과",3259.99,2016-06-17 09:23:41
3230000,PHMA220113230034021200001,2011-07-19,,폐업,2013-01-15,2012-11-11,2013-02-10,1404.12,138-814,,굿조인트병원,병원,I,시군구,2026-03-10 22:01:45,"서울특별시 송파구 오금로 513 (거여동, 위례빌딩 2,3,4,5,6,7,8층)",62,폐업,03,03,병원,7,16,,212831.033281342    ,443457.104592042    ,서울특별시 송파구 거여2동 37번지,101 104 105 106 109 114 115 116 120 122 124 125,"내과, 외과, 정형외과, 신경외과, 마취통증의학과, 피부과, 비뇨의학과, 영상의학과, 재활의학과, 가정의학과, 직업환경의학과, 응급의학과",1404.12,2014-07-25 14:20:09
3230000,PHMA220113230034021200002,2011-09-27,,영업/정상,,,,2082.53,,05772,송파온요양병원,요양병원(일반요양병원),I,시군구,2026-03-10 22:01:43,"서울특별시 송파구 오금로 488, 삼원빌딩 (거여동)",136,영업중,13,01,요양병원(일반요양병원),13,29,0215443049,212568.79253158     ,443483.209201758    ,서울특별시 송파구 거여동 559번지 5호 삼원빌딩,101 102 104 105 120 122 301 302 303 304 305 306 307 308 309,"내과, 신경과, 외과, 정형외과, 재활의학과, 가정의학과, 한방내과, 한방부인과, 한방소아과, 한방안·이비인후·피부과, 한방신경정신과, 한방재활의학과, 사상체질과, 침구과, 한방응급과",2082.53,2026-01-30 11:06:28
3240000,PHMA220163240033021200003,2016-09-23,,폐업,2017-07-01,,,766.32,,05363,강동제일병원,병원,I,시군구,2026-05-10 22:01:49,"서울특별시 강동구 양재대로 1412, 3,4,5층 (둔촌동, 토림빌)",34,폐업,03,03,병원,4,10,,212158.336120397    ,447761.215533459    ,,301 122 120 114 113 111 109 106 105 101,"내과, 정형외과, 신경외과, 마취통증의학과, 소아청소년과, 이비인후과, 피부과, 재활의학과, 가정의학과, 한방내과",766.32,2017-06-28 15:17:01
3240000,PHMA220163240033021200002,2007-06-25,,영업/정상,,,,3542.88,,05398,청병원,병원,I,시군구,2026-05-10 22:01:49,"서울특별시 강동구 올림픽로 546, G.M.F.빌딩 (성내동)",80,영업중,13,01,병원,39,24,0222023114,210640.975540871    ,447566.083944129    ,,101 104 105 109 116 119 122,"내과, 외과, 정형외과, 마취통증의학과, 영상의학과, 진단검사의학과, 가정의학과",3542.88,2026-05-07 13:17:57
3240000,PHMA220173240033021200002,2018-11-01,,폐업,2020-08-17,,,3222.9,,05356,서울실버한방병원,한방병원,I,시군구,2026-05-10 22:01:49,서울특별시 강동구 진황도로 122 (길동),153,폐업,03,03,한방병원,25,42,024742522,212254.678025321    ,448043.225622563    ,서울특별시 강동구 길동 419번지,308 307 306 305 304 303 302 301 120 116 103 102 101,"내과, 신경과, 정신건강의학과, 영상의학과, 재활의학과, 한방내과, 한방부인과, 한방소아과, 한방안·이비인후·피부과, 한방신경정신과, 한방재활의학과, 사상체질과, 침구과",3222.9,2020-09-03 14:11:45
3240000,PHMA220183240033021200001,2018-02-22,,영업/정상,,,,4272.11,,05356,고은빛여성병원,병원,I,시군구,2026-05-10 22:01:49,서울특별시 강동구 천호대로 1151 (길동),52,영업중,13,01,병원,38,33,0215770082,212244.532512145    ,447998.326845938    ,,101 104 109 110 111,"내과, 외과, 마취통증의학과, 산부인과, 소아청소년과",4272.11,2026-03-24 09:26:27
3240000,PHMA220183240033021200002,2018-12-14,,영업/정상,,,,5119.47,,05329,강동우리들요양병원,요양병원(일반요양병원),I,시군구,2026-05-10 22:01:49,"서울특별시 강동구 구천면로 202, 행복타워빌딩 B2,2,3,4,6층 (천호동)",244,영업중,13,01,요양병원(일반요양병원),42,51,024747570,211174.771171465    ,448678.909948061    ,서울특별시 강동구 천호동 421번지 4호 행복타워빌딩,308 307 306 305 304 303 302 301 122 120 106 104 101,"내과, 외과, 신경외과, 재활의학과, 가정의학과, 한방내과, 한방부인과, 한방소아과, 한방안·이비인후·피부과, 한방신경정신과, 한방재활의학과, 사상체질과, 침구과",5119.47,2026-05-07 13:17:09
3240000,PHMA220193240033021200001,2019-01-24,,영업/정상,,,,4484.31,,05398,포레스트한방병원,한방병원,I,시군구,2026-05-10 22:01:49,"서울특별시 강동구 강동대로 143-52, 포레스트 B3,B1,1~6층 (성내동)",99,영업중,13,01,한방병원,26,36,0218995868,210587.488645319    ,447299.229870215    ,서울특별시 강동구 성내동 452 포레스트,109 301 302 303 304 305 306 307 308,"마취통증의학과, 한방내과, 한방부인과, 한방소아과, 한방안·이비인후·피부과, 한방신경정신과, 한방재활의학과, 사상체질과, 침구과",4484.31,2026-05-07 13:17:31
3240000,PHMA220203240033021200001,2020-08-12,,영업/정상,,,,4871.34,,05353,서울프라임한방병원,한방병원,I,시군구,2026-05-10 22:01:49,"서울특별시 강동구 양재대로 1461, SC MEDI TOWER 6-13층 (길동)",204,영업중,13,01,한방병원,47,54,0264287575,212221.342539571    ,448245.019790445    ,,101 103 120 301 302 303 304 305 306 307 308,"내과, 정신건강의학과, 재활의학과, 한방내과, 한방부인과, 한방소아과, 한방안·이비인후·피부과, 한방신경정신과, 한방재활의학과, 사상체질과, 침구과",4871.34,2026-04-27 13:35:56
3240000,PHMA220203240033021200002,2020-11-05,,영업/정상,,,,2283.64,,05295,봄담한방병원,한방병원,I,시군구,2026-05-10 22:01:49,"서울특별시 강동구 양재대로 1596, 3~6층 (명일동)",70,영업중,13,01,한방병원,26,25,0230133336,212634.191250352    ,449540.492445005    ,,122 301 302 305 306 308,"가정의학과, 한방내과, 한방부인과, 한방신경정신과, 한방재활의학과, 침구과",2283.64,2026-05-08 15:55:24
3240000,PHMA220203240033021200003,2020-12-29,,영업/정상,,,,6501.03,,05225,서울숲요양병원,요양병원(일반요양병원),I,시군구,2026-05-10 22:01:49,"서울특별시 강동구 고덕로 295-60, 원케어메디컬타운 (고덕동)",352,영업중,13,01,요양병원(일반요양병원),55,68,0220459000,214041.185642466    ,450689.564473792    ,서울특별시 강동구 고덕동 297-1 원케어메디컬타운,301 122 120 102 101,"내과, 신경과, 재활의학과, 가정의학과, 한방내과",6501.03,2026-05-07 13:19:03
3240000,PHMA220223240033021200001,2022-12-23,,영업/정상,,,,963.49,,05326,경희디에스한방병원,한방병원,I,시군구,2026-05-10 22:01:49,"서울특별시 강동구 구천면로 233, 5층일부,6~7층 (천호동)",47,영업중,13,01,한방병원,5,16,024527075,211411.31987595     ,448830.948477309    ,,122 301 302 303 304 305 306 307 308,"가정의학과, 한방내과, 한방부인과, 한방소아과, 한방안·이비인후·피부과, 한방신경정신과, 한방재활의학과, 사상체질과, 침구과",963.49,2026-05-07 13:19:13
3240000,PHMA220233240033021200001,2023-02-01,,영업/정상,,,,1792.32,,05353,위드힘병원,병원,I,시군구,2026-05-10 22:01:49,"서울특별시 강동구 양재대로 1461, SC MEDI TOWER 2,4,5층 (길동)",65,영업중,13,01,병원,17,30,024731531,212221.342539571    ,448245.019790445    ,서울특별시 강동구 길동 412-10 SC MEDI TOWER,120 117 114 101,"내과, 피부과, 방사선종양학과, 재활의학과",1792.32,2026-03-16 09:52:44
3240000,PHMA220233240033021200002,2023-03-24,,영업/정상,,,,1718.72,,05355,강동기운찬한방병원,한방병원,I,시군구,2026-05-10 22:01:49,"서울특별시 강동구 천호대로 1133, 서울M타워 5,8,9,10층 (길동)",51,영업중,13,01,한방병원,19,16,0215333907,212084.038472021    ,448058.444155867    ,,308 307 306 304 303 302 301 122,"가정의학과, 한방내과, 한방부인과, 한방소아과, 한방안·이비인후·피부과, 한방재활의학과, 사상체질과, 침구과",1718.72,2026-04-07 16:43:09
3240000,PHMA220243240033021200001,2024-01-25,,영업/정상,,,,2663.12,,05408,리움한방병원,한방병원,I,시군구,2026-05-10 22:01:49,"서울특별시 강동구 강동대로 243, 풍원빌딩 (성내동)",65,영업중,13,01,한방병원,23,25,0264161010,211685.290218883    ,446692.439727784    ,,122 301 302 303 304 305 306 307 308,"가정의학과, 한방내과, 한방부인과, 한방소아과, 한방안·이비인후·피부과, 한방신경정신과, 한방재활의학과, 사상체질과, 침구과",2663.12,2025-12-22 10:26:41
3240000,PHMA220253240033021200001,2025-06-23,,영업/정상,,,,1793.17,,05378,123스텝업병원,병원,I,시군구,2026-05-10 22:01:49,"서울특별시 강동구 올림픽로 628-3, 지하1, 지상2~9층 (성내동)",44,영업중,13,01,병원,22,13,0264851234,210848.817337376    ,448349.321294041    ,서울특별시 강동구 성내동 77-27,116 109 106 105 101,"내과, 정형외과, 신경외과, 마취통증의학과, 영상의학과",1793.17,2025-12-17 14:35:14
3240000,PHMA220253240033021200002,2025-10-31,,영업/정상,,,,4644.2,,05353,강동아너스힐병원,병원,I,시군구,2026-05-10 22:01:49,"서울특별시 강동구 양재대로 1463, 5~15층 (길동)",266,영업중,13,01,병원,43,80,0266777533,,,,308 122 120 114 102 101,"내과, 신경과, 피부과, 재활의학과, 가정의학과, 침구과",4644.2,2026-05-07 13:19:53
3240000,PHMA219823240033021200001,1982-03-30,,폐업,2010-03-31,,,2354,134-011,,서울현대병원,병원,I,시군구,2026-05-10 22:01:49,,149,폐업,03,03,병원,7,39,024842138,,,서울특별시 강동구 길1동 412번지 10호,105 104 108 106 101 111 109 116,"내과, 외과, 정형외과, 신경외과, 성형외과, 마취통증의학과, 소아청소년과, 영상의학과",2354,2010-03-31 18:03:18
3240000,PHMA219833240033021200001,1983-05-06,,폐업,2009-07-31,,,2187.1,134-032,,동주병원,병원,I,시군구,2026-05-10 22:01:49,,83,폐업,03,03,병원,5,28,024831121,,,서울특별시 강동구 성내2동 199번지 5호,104 101 105 109 116,"내과, 외과, 정형외과, 마취통증의학과, 영상의학과",2187.1,2010-11-24 15:09:16
3240000,PHMA219833240033021200002,1983-11-16,,영업/정상,,,,131353.8,,05368,한국보훈복지의료공단 중앙보훈병원,종합병원,I,시군구,2026-05-10 22:01:49,서울특별시 강동구 진황도로61길 53 (둔촌동),987,영업중,13,01,종합병원,1265,234,0222251111,212987.201084796    ,447504.948775288    ,,101 102 103 104 105 106 107 108 109 110 111 112 113 114 115 116 117 118 119 120 122 123 125 306 402 403 406 407 408 412,"내과, 신경과, 정신건강의학과, 외과, 정형외과, 신경외과, 심장혈관흉부외과, 성형외과, 마취통증의학과, 산부인과, 소아청소년과, 안과, 이비인후과, 피부과, 비뇨의학과, 영상의학과, 방사선종양학과, 병리과, 진단검사의학과, 재활의학과, 가정의학과, 핵의학과, 응급의학과, 한방재활의학과, 구강악안면외과, 치과보철과, 치주과, 치과보존과, 구강내과, 통합치의학과",131353.8,2026-05-07 13:17:18
3240000,PHMA219833240033021200003,1983-08-03,,폐업,2004-01-31,,,1529,134-030,,강동병원,병원,I,시군구,2026-05-10 22:01:49,,30,폐업,03,03,병원,10,0,,210824.621531021    ,448318.70846239     ,서울특별시 강동구 성내동 78번지 1호,104 105 101,"내과, 외과, 정형외과",1529,2014-06-05 16:50:23
3240000,PHMA219853240033021200001,1985-03-29,,폐업,2018-01-19,,,4583.05,134-869,,의료법인 한국암치료재단 서울중입자병원,병원,I,시군구,2026-05-10 22:01:49,서울특별시 강동구 올림픽로 684 (천호동),171,폐업,03,03,병원,39,39,024701211,211004.466691043    ,448897.237548386    ,서울특별시 강동구 천호2동 357번지,101 105 116 119 122 401 104,"내과, 외과, 정형외과, 영상의학과, 진단검사의학과, 가정의학과, 치과",4583.05,2018-01-19 11:24:04
3240000,PHMA219863240033021200001,1986-10-17,,영업/정상,,,,51431.74,,05355,성심의료재단강동성심병원,종합병원,I,시군구,2026-05-10 22:01:49,서울특별시 강동구 성안로 150 (길동),617,영업중,13,01,종합병원,1023,151,0222242114,211883.6883558      ,448216.574876094    ,,101 102 103 104 105 106 107 108 109 110 111 112 113 114 115 116 117 118 119 120 122 125 402 403 404,"내과, 신경과, 정신건강의학과, 외과, 정형외과, 신경외과, 심장혈관흉부외과, 성형외과, 마취통증의학과, 산부인과, 소아청소년과, 안과, 이비인후과, 피부과, 비뇨의학과, 영상의학과, 방사선종양학과, 병리과, 진단검사의학과, 재활의학과, 가정의학과, 응급의학과, 구강악안면외과, 치과보철과, 치과교정과",51431.74,2026-05-07 13:19:41
3240000,PHMA219943240033021200001,1994-06-03,,폐업,2003-12-30,,,3160,134-050,,강동성모병원,병원,I,시군구,2026-05-10 22:01:49,,71,폐업,03,03,병원,0,21,,,,서울특별시 강동구 암사1동 479번지 13호,101,내과,3160,2008-12-11 16:10:42
3240000,PHMA219943240033021200002,1994-09-06,,폐업,2004-09-02,,,2027.2,134-031,,의료법인우신의료재단우신향한방병원,한방병원,I,시군구,2026-05-10 22:01:49,,0,폐업,03,03,한방병원,0,0,024773424,,,서울특별시 강동구 성내1동 551번지 3호,301 302 303 304 305 306 307 308 309,"한방내과, 한방부인과, 한방소아과, 한방안·이비인후·피부과, 한방신경정신과, 한방재활의학과, 사상체질과, 침구과, 한방응급과",2027.2,2009-09-21 18:53:09
3240000,PHMA220033240033021200001,2003-12-05,,영업/정상,,,,18592.74,,05335,서울미즈병원,병원,I,시군구,2026-05-10 22:01:49,서울특별시 강동구 천호대로 1043 (천호동),132,영업중,13,01,병원,119,96,024709114,211252.497096002    ,448379.705798971    ,서울특별시 강동구 천호동 452-1,122 116 114 111 110 109 108 104 101,"내과, 외과, 성형외과, 마취통증의학과, 산부인과, 소아청소년과, 피부과, 영상의학과, 가정의학과",18592.74,2026-04-27 13:37:09
3240000,PHMA220043240033021200002,2004-07-09,,폐업,2007-06-29,,,913.9,134-032,,강남아산병원,병원,I,시군구,2026-05-10 22:01:49,,0,폐업,03,03,병원,0,0,024887177,,,서울특별시 강동구 성내2동 9번지 14호,101,내과,913.9,2008-12-11 16:10:42
3240000,PHMA220043240033021200003,2004-09-02,,영업/정상,,,,1205.65,,05399,의료법인일맥의료재단 강동인애가한방병원,한방병원,I,시군구,2026-05-10 22:01:49,"서울특별시 강동구 성내로6길 15, 인애가한방병원 (성내동)",34,영업중,13,01,한방병원,14,14,024779661,210808.253116091    ,447406.530930065    ,,301 302 303 304 305 306 307 308,"한방내과, 한방부인과, 한방소아과, 한방안·이비인후·피부과, 한방신경정신과, 한방재활의학과, 사상체질과, 침구과",1205.65,2026-03-03 14:30:30
3240000,PHMA220053240033021200001,2005-02-28,,폐업,,,,3499,134-011,,서울양병원,병원,I,시군구,2026-05-10 22:01:49,,40,폐업,03,03,병원,9,16,024808000,,,서울특별시 강동구 길1동 424번지,101 104 116 109,"내과, 외과, 마취통증의학과, 영상의학과",3499,2010-03-17 16:21:09
3240000,PHMA220053240033021200002,2005-09-16,,폐업,2005-11-15,,,2701,134-024,,로뎀요양병원,요양병원(일반요양병원),I,시군구,2026-05-10 22:01:49,,0,폐업,03,03,요양병원(일반요양병원),0,0,024730675,,,서울특별시 강동구 천호4동 362번지 3호,101 104 111 122 105 113 102 120 115 301 302 303 304 305 306 307 308 309,"내과, 신경과, 외과, 정형외과, 소아청소년과, 이비인후과, 비뇨의학과, 재활의학과, 가정의학과, 한방내과, 한방부인과, 한방소아과, 한방안·이비인후·피부과, 한방신경정신과, 한방재활의학과, 사상체질과, 침구과, 한방응급과",2701,2008-12-11 16:10:41
3240000,PHMA220053240033021200003,2005-11-15,,폐업,2017-07-12,,,4383.5,134-870,05324,사회복지법인소원의항구로뎀노인전문병원,요양병원(노인병원),I,시군구,2026-05-10 22:01:49,서울특별시 강동구 올림픽로80길 31 (천호동),255,폐업,03,03,요양병원(노인병원),32,36,024730675,211171.467512363    ,449037.295175834    ,서울특별시 강동구 천호동 362번지 3호,101 104 111 105 113 122 120 102 115 121,"내과, 신경과, 외과, 정형외과, 소아청소년과, 이비인후과, 비뇨의학과, 재활의학과, 결핵과, 가정의학과",4383.5,2017-07-12 11:16:22
3240000,PHMA220053240033021200004,2005-02-28,,영업/정상,,,,5173.13,,05356,양병원,병원,I,시군구,2026-05-10 22:01:49,서울특별시 강동구 천호대로 1159 (길동),50,영업중,13,01,병원,52,17,024808000,212316.479132778    ,447989.176069951    ,,101 104 109 116 122 408,"내과, 외과, 마취통증의학과, 영상의학과, 가정의학과, 구강내과",5173.13,2026-05-07 13:16:44
3240000,PHMA220063240033021200001,2006-02-27,,영업/정상,,,,1100.98,134-727,05278,강동경희대학교치과병원,치과병원,I,시군구,2026-05-10 22:01:49,서울특별시 강동구 동남로 892 (상일제1동),9,영업중,13,01,치과병원,37,3,024407114,213839.356195548    ,450118.261707983    ,서울특별시 강동구 상일제1동 149번지,408 407 406 405 404 403 402,"구강악안면외과, 치과보철과, 치과교정과, 소아치과, 치주과, 치과보존과, 구강내과",1100.98,2026-04-27 13:38:31
3240000,PHMA220063240033021200002,2006-02-27,,영업/정상,,,,47530.54,,05278,강동경희대학교병원,종합병원,I,시군구,2026-05-10 22:01:49,서울특별시 강동구 동남로 892 (상일동),706,영업중,13,01,종합병원,1331,195,024407114,213839.356195548    ,450118.261707983    ,,402 125 123 120 119 118 117 116 115 114 113 112 111 110 109 108 107 106 105 104 103 102 101,"내과, 신경과, 정신건강의학과, 외과, 정형외과, 신경외과, 심장혈관흉부외과, 성형외과, 마취통증의학과, 산부인과, 소아청소년과, 안과, 이비인후과, 피부과, 비뇨의학과, 영상의학과, 방사선종양학과, 병리과, 진단검사의학과, 재활의학과, 핵의학과, 응급의학과, 구강악안면외과",47530.54,2026-05-07 13:16:56
3240000,PHMA220063240033021200003,2006-02-27,,영업/정상,,,,3419.46,,05278,강동경희대학교한방병원,한방병원,I,시군구,2026-05-10 22:01:49,서울특별시 강동구 동남로 892 (상일동),50,영업중,13,01,한방병원,59,15,024407114,213839.356195548    ,450118.261707983    ,,308 307 305 304 303 302 301,"한방내과, 한방부인과, 한방소아과, 한방안·이비인후·피부과, 한방신경정신과, 사상체질과, 침구과",3419.46,2026-04-27 13:38:00
3240000,PHMA220063240033021200004,2006-12-06,,폐업,2015-02-17,,,1506.2,134-815,,길동노인요양병원,요양병원(일반요양병원),I,시군구,2026-05-10 22:01:49,서울특별시 강동구 천호대로 1165 (길동),138,폐업,03,03,요양병원(일반요양병원),10,14,024836400,212386.739073801    ,447993.909004129    ,"서울특별시 강동구 길동 318번지 4,5층",101 102 120 105 122 306,"내과, 신경과, 정형외과, 재활의학과, 가정의학과, 한방재활의학과",1506.2,2015-02-17 15:07:40
3240000,PHMA220073240033021200001,2007-03-09,,폐업,2020-07-12,,,3540,,05295,러스크강동병원,병원,I,시군구,2026-05-10 22:01:49,서울특별시 강동구 양재대로 1596 (명일동),99,폐업,03,03,병원,12,18,0234260100,212634.191250352    ,449540.492445005    ,,101 102 105 106 120 301,"내과, 신경과, 정형외과, 신경외과, 재활의학과, 한방내과",3540,2020-07-13 17:57:45
3240000,PHMA220073240033021200002,2007-04-10,,영업/정상,,,,8143.99,,05324,강동성모요양병원,요양병원(일반요양병원),I,시군구,2026-05-10 22:01:49,"서울특별시 강동구 올림픽로80길 31, 로뎀빌딩 (천호동)",338,영업중,13,01,요양병원(일반요양병원),84,62,024880020,211171.467512363    ,449037.295175834    ,서울특별시 강동구 천호동 362번지 3호 로뎀빌딩,101 102 103 104 120 122 301 302 303 304 305 306 307 308,"내과, 신경과, 정신건강의학과, 외과, 재활의학과, 가정의학과, 한방내과, 한방부인과, 한방소아과, 한방안·이비인후·피부과, 한방신경정신과, 한방재활의학과, 사상체질과, 침구과",8143.99,2026-04-27 13:38:49
3240000,PHMA220043240033021200001,2004-04-12,,폐업,2005-02-25,,,3366,134-050,,아름다운병원,병원,I,시군구,2026-05-10 22:01:49,,0,폐업,03,03,병원,0,0,024426340,,,서울특별시 강동구 암사1동 479번지 13호,101,내과,3366,2008-12-11 16:10:42
3240000,PHMA220073240033021200003,2007-08-31,,폐업,2013-06-01,,,1003.72,134-022,,서울수정형외과병원,병원,I,시군구,2026-05-10 22:01:49,,31,폐업,03,03,병원,8,8,024876300,,,서울특별시 강동구 천호2동 419번지 3호,105 106 101 108 109 122 111 114 113 115,"내과, 정형외과, 신경외과, 성형외과, 마취통증의학과, 소아청소년과, 이비인후과, 피부과, 비뇨의학과, 가정의학과",1003.72,2013-05-31 11:09:26
3240000,PHMA220083240033021200001,2008-08-29,,영업/정상,,,,2431.4,,05375,허리나은병원,병원,I,시군구,2026-05-10 22:01:49,"서울특별시 강동구 양재대로 1415, 지하4, 지상5층 (성내동)",36,영업중,13,01,병원,37,10,024720114,212096.00923264     ,447813.540714969    ,서울특별시 강동구 성내동 387-47,122 120 116 109 106 105,"정형외과, 신경외과, 마취통증의학과, 영상의학과, 재활의학과, 가정의학과",2431.4,2026-04-07 17:14:17
3240000,PHMA220093240033021200001,2009-08-18,,영업/정상,,,,3063.07,134-841,05381,조은마디병원,병원,I,시군구,2026-05-10 22:01:49,서울특별시 강동구 천호대로170길 19 (성내동),52,영업중,13,01,병원,25,21,024871121,211715.511397659    ,448041.390838465    ,서울특별시 강동구 성내동 199번지 5호,101 105 116 106 109,"내과, 정형외과, 신경외과, 마취통증의학과, 영상의학과",3063.07,2025-09-05 15:34:28
3240000,PHMA220093240033021200002,2009-08-20,,폐업,2018-04-05,,,4700.7,134-873,05329,연세영동요양병원,요양병원(일반요양병원),I,시군구,2026-05-10 22:01:49,서울특별시 강동구 구천면로 202 (천호동),253,폐업,03,03,요양병원(일반요양병원),40,43,,211174.771171465    ,448678.909948061    ,"서울특별시 강동구 천호동 421번지 4호 2층일부, 3,4,5,6층",101 114 120 102 113 105 122 111 301 302 303 304 305 306 307 308,"내과, 신경과, 정형외과, 소아청소년과, 이비인후과, 피부과, 재활의학과, 가정의학과, 한방내과, 한방부인과, 한방소아과, 한방안·이비인후·피부과, 한방신경정신과, 한방재활의학과, 사상체질과, 침구과",4700.7,2018-04-13 09:56:56
3240000,PHMA220103240033021200001,2010-06-10,,폐업,2019-08-12,,,2818.25,,05353,예닮요양병원,요양병원(일반요양병원),I,시군구,2026-05-10 22:01:49,서울특별시 강동구 양재대로 1461 (길동),149,폐업,03,03,요양병원(일반요양병원),33,28,024735575,212221.342539571    ,448245.019790445    ,서울특별시 강동구 길동 412번지 10호,101 102 111 114 120 308,"내과, 신경과, 소아청소년과, 피부과, 재활의학과, 침구과",2818.25,2019-08-12 09:41:52
3240000,PHMA220103240033021200002,2010-09-30,,폐업,2015-12-17,,,3542.88,134-851,05398,연세사랑병원,병원,I,시군구,2026-05-10 22:01:49,서울특별시 강동구 올림픽로 546 (성내동),115,폐업,03,03,병원,48,30,34155913,210640.975540871    ,447566.083944129    ,서울특별시 강동구 성내1동 553번지 17호,101 106 105 119 116 109 120,"내과, 정형외과, 신경외과, 마취통증의학과, 영상의학과, 진단검사의학과, 재활의학과",3542.88,2015-12-17 13:56:20
3240000,PHMA220103240033021200003,2010-11-17,,폐업,2023-11-19,,,2796.55,,05264,동부센트럴요양병원,요양병원(일반요양병원),I,시군구,2026-05-10 22:01:49,"서울특별시 강동구 올림픽로98길 8 (암사동, 동부센트럴요양병원)",142,폐업,03,03,요양병원(일반요양병원),14,28,024410011,211281.630342788    ,449888.074494844    ,,301 122 120,"재활의학과, 가정의학과, 한방내과",2796.55,2023-11-17 18:04:00
3240000,PHMA220113240033021200001,2011-10-17,,영업/정상,,,,813.3,,05328,아이엠치과병원,치과병원,I,시군구,2026-05-10 22:01:49,"서울특별시 강동구 올림픽로 664, 4층 (천호동, 대우 한강 베네시티)",0,영업중,13,01,치과병원,3,0,0222487528,210970.75707265     ,448713.31669728     ,서울특별시 강동구 천호동 425-5 대우 한강 베네시티,412 411 410 409 408 407 406 405 404 403 402,"구강악안면외과, 치과보철과, 치과교정과, 소아치과, 치주과, 치과보존과, 구강내과, 영상치의학과, 구강병리과, 예방치과, 통합치의학과",813.3,2026-02-13 13:49:08
3240000,PHMA220113240033021200002,2011-11-01,,영업/정상,,,,806.11,,05302,강동한방병원,한방병원,I,시군구,2026-05-10 22:01:49,서울특별시 강동구 양재대로 1556 (길동),33,영업중,13,01,한방병원,7,14,024554500,212543.991693028    ,449139.931500058    ,,122 301 302 308,"가정의학과, 한방내과, 한방부인과, 침구과",806.11,2026-03-04 14:19:07
3240000,PHMA220123240033021200001,2012-01-02,,영업/정상,,,,3773.86,,05387,공안과병원,병원,I,시군구,2026-05-10 22:01:49,서울특별시 강동구 풍성로37길 45 (성내동),30,영업중,13,01,병원,41,14,024805000,211070.71833639     ,447964.735654156    ,,101 112,"내과, 안과",3773.86,2026-03-12 17:56:28
3240000,PHMA220123240033021200002,2012-03-16,,영업/정상,,,,1158.43,,05323,강동연세병원,병원,I,시군구,2026-05-10 22:01:49,서울특별시 강동구 올림픽로 734 (천호동),32,영업중,13,01,병원,23,14,0218990102,211120.614279331    ,449398.629637331    ,서울특별시 강동구 천호동 315번지 2호,105 122,"정형외과, 가정의학과",1158.43,2026-03-12 17:50:21
3240000,PHMA220123240033021200003,2012-08-03,,영업/정상,,,,5273.4,,05295,사랑플러스병원,병원,I,시군구,2026-05-10 22:01:49,서울특별시 강동구 양재대로 1580 (명일동),95,영업중,13,01,병원,84,28,0216619991,212618.653947687    ,449389.320472752    ,,101 102 105 106 109 116 119 120 122,"내과, 신경과, 정형외과, 신경외과, 마취통증의학과, 영상의학과, 진단검사의학과, 재활의학과, 가정의학과",5273.4,2026-05-07 13:19:23
3240000,PHMA220123240033021200004,2012-08-31,,폐업,2014-10-22,,,4502.81,134-814,,튼튼병원,병원,I,시군구,2026-05-10 22:01:49,서울특별시 강동구 천호대로 1133 (길동),99,폐업,03,03,병원,1,22,21406300,212084.038472021    ,448058.444155867    ,서울특별시 강동구 길동 459번지 1호,105 106 101 116,"내과, 정형외과, 신경외과, 영상의학과",4502.81,2014-10-22 13:53:07
3240000,PHMA220133240033021200001,2013-01-14,,폐업,2013-01-22,,,1307.4,134-750,,(의)엘림의료재단 힐링요양병원,요양병원(일반요양병원),I,시군구,2026-05-10 22:01:49,"서울특별시 강동구 올림픽로 684, 5,6층 (천호동)",103,폐업,03,03,요양병원(일반요양병원),3,17,,211004.466691043    ,448897.237548386    ,"서울특별시 강동구 천호동 357번지 5,6층",110 120 102 122,"신경과, 산부인과, 재활의학과, 가정의학과",1307.4,2013-01-22 11:21:23
3240000,PHMA220133240033021200002,2013-02-01,,폐업,2018-01-19,,,1307.4,134-750,,의료법인 한국암치료재단 헬스피아요양병원,요양병원(일반요양병원),I,시군구,2026-05-10 22:01:49,"서울특별시 강동구 올림픽로 684, 5,6층 (천호동)",104,폐업,03,03,요양병원(일반요양병원),10,17,69692000,211004.466691043    ,448897.237548386    ,"서울특별시 강동구 천호동 357번지 5,6층",101 301 304 307 302 305 308 303 306,"내과, 한방내과, 한방부인과, 한방소아과, 한방안·이비인후·피부과, 한방신경정신과, 한방재활의학과, 사상체질과, 침구과",1307.4,2018-01-19 11:25:23
3240000,PHMA220133240033021200003,2013-02-22,,영업/정상,,,,7749.08,,05373,달려라병원,병원,I,시군구,2026-05-10 22:01:49,"서울특별시 강동구 천호대로 1110, 지하5~지상9층 (성내동)",106,영업중,13,01,병원,81,28,16007511,211841.016730248    ,448062.046598197    ,서울특별시 강동구 성내동 199-23,116 109 106 105 102 101,"내과, 신경과, 정형외과, 신경외과, 마취통증의학과, 영상의학과",7749.08,2026-05-07 13:18:42
3240000,PHMA220143240033021200001,2014-02-04,,영업/정상,,,,13068.4,,05368,한국보훈복지의료공단 서울요양병원,요양병원(일반요양병원),I,시군구,2026-05-10 22:01:49,"서울특별시 강동구 진황도로61길 53, 서울요양병원 (둔촌동)",397,영업중,13,01,요양병원(일반요양병원),88,96,0222251234,212987.201084796    ,447504.948775288    ,,125 122 113 104 101,"내과, 외과, 이비인후과, 가정의학과, 응급의학과",13068.4,2026-03-24 09:27:19
3240000,PHMA220143240033021200002,2014-04-21,,영업/정상,,,,1536.2,,05399,더셀채원병원,병원,I,시군구,2026-05-10 22:01:49,"서울특별시 강동구 성내로 66, 채원자연통합병원빌딩 (성내동)",34,영업중,13,01,병원,6,12,0226359933,211159.42900767     ,447276.508702471    ,서울특별시 강동구 성내동 548번지 5호 채원자연통합병원빌딩,120 114 102 101,"내과, 신경과, 피부과, 재활의학과",1536.2,2026-03-24 09:24:20
3240000,PHMA220143240033021200003,2014-05-20,,영업/정상,,,,2435.19,,05316,참잘함한방병원,한방병원,I,시군구,2026-05-10 22:01:49,"서울특별시 강동구 양재대로 1517, 남해빌딩 2층일부, 3~5층 (천호동)",56,영업중,13,01,한방병원,24,16,16602500,212376.206725401    ,448791.071403727    ,,109 116 120 301 302 303 304 305 306 307 308,"마취통증의학과, 영상의학과, 재활의학과, 한방내과, 한방부인과, 한방소아과, 한방안·이비인후·피부과, 한방신경정신과, 한방재활의학과, 사상체질과, 침구과",2435.19,2026-05-07 13:17:41
3240000,PHMA220143240033021200004,2014-09-12,,영업/정상,,,,2084.68,,05379,리더스병원,병원,I,시군구,2026-05-10 22:01:49,서울특별시 강동구 천호대로 1044 (성내동),56,영업중,13,01,병원,14,13,023333080,211228.973206544    ,448307.486109902    ,,101 105 108 116,"내과, 정형외과, 성형외과, 영상의학과",2084.68,2026-05-07 13:17:49
3240000,PHMA220143240033021200005,2014-10-28,,영업/정상,,,,812.14,134-814,05355,남기세병원,병원,I,시군구,2026-05-10 22:01:49,서울특별시 강동구 천호대로 1133 (길동),50,영업중,13,01,병원,45,10,0215772533,212084.038472021    ,448058.444155867    ,서울특별시 강동구 길동 459번지 1호,122 116 109 106 105 101,"내과, 정형외과, 신경외과, 마취통증의학과, 영상의학과, 가정의학과",812.14,2026-03-24 09:26:35
3240000,PHMA220143240033021200006,2014-11-17,,영업/정상,,,,215.46,,05288,연세미래엔미소치과병원,치과병원,I,시군구,2026-05-10 22:01:49,"서울특별시 강동구 상일로10길 36, 2층 202,203호 (상일동, 세종텔레콤지식산업센터)",0,영업중,13,01,치과병원,1,0,024412275,215314.746342111    ,449845.751989409    ,,412 411 407 406 405 404 403 402,"구강악안면외과, 치과보철과, 치과교정과, 소아치과, 치주과, 치과보존과, 예방치과, 통합치의학과",215.46,2024-10-22 10:52:51
3240000,PHMA220163240033021200001,2016-01-27,,영업/정상,,,,2924.26,,05316,올바른서울병원,병원,I,시군구,2026-05-10 22:01:49,"서울특별시 강동구 양재대로 1525, 명품빌딩 (천호동)",91,영업중,13,01,병원,43,30,0215887740,212416.582100894    ,448882.414137392    ,,101 105 106 109 116 119 122,"내과, 정형외과, 신경외과, 마취통증의학과, 영상의학과, 진단검사의학과, 가정의학과",2924.26,2026-04-27 13:37:27
3240000,PHMA220173240033021200001,2017-03-20,,영업/정상,,,,5669.13,,05327,서울현대요양병원,요양병원(일반요양병원),I,시군구,2026-05-10 22:01:49,"서울특별시 강동구 올림픽로 684, 서울현대요양병원 (천호동)",300,영업중,13,01,요양병원(일반요양병원),72,60,024847588,211004.466691043    ,448897.237548386    ,,101 102 120 122 301,"내과, 신경과, 재활의학과, 가정의학과, 한방내과",5669.13,2026-05-07 13:18:05
