시도명,시군구명,도로명,지정사유,지정연도,도로폭,도로연장,도로차로수,보차분리여부,시작점위도,시작점경도,종료점위도,종료점경도,도로안내표지일련번호,관리기관명,관리기관전화번호,데이터기준일자,제공기관코드,제공기관명
경상북도,구미시,봉곡로23길,통행원활,,6,435,1,N,36.155831,128.310157,36.155751,128.311436,,경상북도 구미시청,054-480-6114,2026-03-01,5080000,경상북도 구미시
경상북도,구미시,산업로2길,통행원활,,6,75,1,N,36.130241,128.330706,36.129871,128.331559,,경상북도 구미시청,054-480-6114,2026-03-01,5080000,경상북도 구미시
경상북도,구미시,한천길,통행원활,,6,300,1,N,36.128501,128.463701,36.129001,128.460501,,경상북도 구미시청,054-480-6114,2026-03-01,5080000,경상북도 구미시
경상북도,구미시,금오산로22길,통행원활,,6,80,1,N,36.127655,128.329369,36.126956,128.329373,,경상북도 구미시청,054-480-6114,2026-03-01,5080000,경상북도 구미시
경상북도,구미시,금오산로10길,통행원활,,6,145,1,N,36.125393,128.335456,36.125966,128.333814,,경상북도 구미시청,054-480-6114,2026-03-01,5080000,경상북도 구미시
경상북도,구미시,형곡로8길,통행원활,,6,490,2,Y,36.115454,128.332469,36.117681,128.327713,,경상북도 구미시청,054-480-6114,2026-03-01,5080000,경상북도 구미시
경상북도,구미시,형곡로7길,통행원활,,6,185,2,Y,36.114455,128.334605,36.115351,128.332678,,경상북도 구미시청,054-480-6114,2026-03-01,5080000,경상북도 구미시
경상북도,구미시,형곡로7길,통행원활,,6,195,1,Y,36.115154,128.332618,36.114256,128.334554,,경상북도 구미시청,054-480-6114,2026-03-01,5080000,경상북도 구미시
경상북도,구미시,형곡로10길,통행원활,,6,490,2,N,36.117517,128.327601,36.115311,128.332298,,경상북도 구미시청,054-480-6114,2026-03-01,5080000,경상북도 구미시
경상북도,구미시,인동중앙로,통행원활,,6,130,1,N,36.107826,128.422098,36.108385,128.423509,,경상북도 구미시청,054-480-6114,2026-03-01,5080000,경상북도 구미시
경상북도,구미시,화신로,통행원활,,6,13,1,N,36.114631,128.355661,36.114699,128.355536,,경상북도 구미시청,054-480-6114,2026-03-01,5080000,경상북도 구미시
경상북도,구미시,송선로,통행원활,,6,105,1,Y,36.132727,128.323208,36.133642,128.323301,,경상북도 구미시청,054-480-6114,2026-03-01,5080000,경상북도 구미시
경상북도,구미시,신비로,통행원활,,6,60,1,N,36.124022,128.381424,36.124009,128.381416,,경상북도 구미시청,054-480-6114,2026-03-01,5080000,경상북도 구미시
경상북도,구미시,칠성로6길,통행원활,,6,120,1,Y,36.123722,128.362214,36.123354,128.360791,,경상북도 구미시청,054-480-6114,2026-03-01,5080000,경상북도 구미시
경상북도,구미시,상림로,통행원활,,6,110,2,Y,36.101735,128.362826,36.100959,128.361551,,경상북도 구미시청,054-480-6114,2026-03-01,5080000,경상북도 구미시
경상북도,구미시,인동남길,통행원활,,6,200,1,Y,36.093714,128.434355,36.093332,128.432796,,경상북도 구미시청,054-480-6114,2026-03-01,5080000,경상북도 구미시
경상북도,구미시,인동38길,통행원활,,6,110,1,Y,36.092866,128.432637,36.092521,128.433812,,경상북도 구미시청,054-480-6114,2026-03-01,5080000,경상북도 구미시
경상북도,구미시,인동38길,통행원활,,6,110,1,Y,36.092925,128.433992,36.093272,128.432809,,경상북도 구미시청,054-480-6114,2026-03-01,5080000,경상북도 구미시
경상북도,구미시,인동38길,통행원활,,6,110,1,Y,36.093665,128.432998,36.093319,128.434168,,경상북도 구미시청,054-480-6114,2026-03-01,5080000,경상북도 구미시
경상북도,구미시,인동38길,통행원활,,6,35,1,Y,36.092838,128.432585,36.092504,128.432425,,경상북도 구미시청,054-480-6114,2026-03-01,5080000,경상북도 구미시
경상북도,구미시,인동32길,통행원활,,6,375,1,Y,36.094573,128.427937,36.092774,128.431399,,경상북도 구미시청,054-480-6114,2026-03-01,5080000,경상북도 구미시
경상북도,구미시,역전로2길,통행원활,,6,270,1,Y,36.129601,128.334901,36.130701,128.332201,,경상북도 구미시청,054-480-6114,2026-03-01,5080000,경상북도 구미시
경상북도,구미시,신시로7길,통행원활,,6,430,1,Y,36.114791,128.338055,36.111832,128.336088,,경상북도 구미시청,054-480-6114,2026-03-01,5080000,경상북도 구미시
경상북도,구미시,신시로16길,통행원활,,6,1150,1,N,36.115547,128.351446,36.115756,128.339349,,경상북도 구미시청,054-480-6114,2026-03-01,5080000,경상북도 구미시
경상북도,구미시,신시로14길,통행원활,,6,1150,1,N,36.115394,128.339341,36.115263,128.351292,,경상북도 구미시청,054-480-6114,2026-03-01,5080000,경상북도 구미시
경상북도,구미시,신곡길,통행원활,,6,190,1,N,36.306326,128.329817,36.305428,128.328103,,경상북도 구미시청,054-480-6114,2026-03-01,5080000,경상북도 구미시
경상북도,구미시,신곡길,통행원활,,6,210,1,N,36.304787,128.328611,36.306298,128.329903,,경상북도 구미시청,054-480-6114,2026-03-01,5080000,경상북도 구미시
경상북도,구미시,수출대로,통행원활,,6,130,1,N,36.111072,128.391991,36.111088,128.390154,,경상북도 구미시청,054-480-6114,2026-03-01,5080000,경상북도 구미시
경상북도,구미시,수출대로,통행원활,,6,195,1,N,36.110905,128.389749,36.110801,128.391911,,경상북도 구미시청,054-480-6114,2026-03-01,5080000,경상북도 구미시
경상북도,구미시,삼일로,통행원활,,6,40,1,N,36.110181,128.418048,36.110536,128.418038,,경상북도 구미시청,054-480-6114,2026-03-01,5080000,경상북도 구미시
경상북도,구미시,삼일로,통행원활,,6,35,1,N,36.110441,128.417889,36.110181,128.418048,,경상북도 구미시청,054-480-6114,2026-03-01,5080000,경상북도 구미시
경상북도,구미시,봉곡로24길,통행원활,,6,430,1,Y,36.155851,128.310157,36.155752,128.311486,,경상북도 구미시청,054-480-6114,2026-03-01,5080000,경상북도 구미시
경상북도,구미시,도봉로1길,통행원활,,6,130,1,Y,36.140438,128.312322,36.140199,128.313084,,경상북도 구미시청,054-480-6114,2026-03-01,5080000,경상북도 구미시
경상북도,구미시,도봉로,통행원활,,6,150,1,N,36.139901,128.315801,36.139601,128.317401,,경상북도 구미시청,054-480-6114,2026-03-01,5080000,경상북도 구미시
경상북도,구미시,농공단지길,통행원활,,6,340,1,N,36.214608,128.325623,36.214105,128.321985,,경상북도 구미시청,054-480-6114,2026-03-01,5080000,경상북도 구미시
경상북도,구미시,낙동강변로,통행원활,,6,1180,4,Y,36.083957,128.385686,36.092622,128.393671,,경상북도 구미시청,054-480-6114,2026-03-01,5080000,경상북도 구미시
경상북도,구미시,금오산로6길,통행원활,,6,285,1,N,36.128419,128.337854,36.129612,128.334931,,경상북도 구미시청,054-480-6114,2026-03-01,5080000,경상북도 구미시
경상북도,구미시,구미중앙로21길,통행원활,,6,200,1,N,36.128794,128.336842,36.127091,128.335755,,경상북도 구미시청,054-480-6114,2026-03-01,5080000,경상북도 구미시
경상북도,구미시,구미중앙로19길,통행원활,,6,200,1,N,36.127564,128.334687,36.129268,128.335733,,경상북도 구미시청,054-480-6114,2026-03-01,5080000,경상북도 구미시
경상북도,구미시,구미중앙로17길,통행원활,,6,200,1,Y,36.129601,128.334901,36.127901,128.333801,,경상북도 구미시청,054-480-6114,2026-03-01,5080000,경상북도 구미시
경상북도,구미시,구미중앙로15길,통행원활,,6,200,1,N,36.128251,128.332982,36.129954,128.334044,,경상북도 구미시청,054-480-6114,2026-03-01,5080000,경상북도 구미시
경상북도,구미시,구미중앙로13길,통행원활,,6,200,1,Y,36.130301,128.333001,36.128701,128.332001,,경상북도 구미시청,054-480-6114,2026-03-01,5080000,경상북도 구미시
경상북도,구미시,구미중앙로11길,통행원활,,6,200,1,Y,36.129401,128.330201,36.131101,128.331201,,경상북도 구미시청,054-480-6114,2026-03-01,5080000,경상북도 구미시
경상북도,구미시,구미중앙로,통행원활,,6,170,1,N,36.129917,128.329114,36.131181,128.328507,,경상북도 구미시청,054-480-6114,2026-03-01,5080000,경상북도 구미시
경상북도,구미시,구미대로30길,통행원활,,6,160,2,Y,36.117409,128.362792,36.117382,128.364475,,경상북도 구미시청,054-480-6114,2026-03-01,5080000,경상북도 구미시
경상북도,구미시,구미대로,통행원활,,6,245,2,Y,36.117559,128.364493,36.118811,128.362789,,경상북도 구미시청,054-480-6114,2026-03-01,5080000,경상북도 구미시
경상북도,구미시,경은로,통행원활,,6,730,1,Y,36.114476,128.336978,36.114383,128.336989,,경상북도 구미시청,054-480-6114,2026-03-01,5080000,경상북도 구미시
경상북도,구미시,3공단1로,통행원활,,6,150,1,Y,36.110036,128.402307,36.110049,128.404091,,경상북도 구미시청,054-480-6114,2026-03-01,5080000,경상북도 구미시
경상북도,구미시,1공단로,통행원활,,6,245,1,Y,36.101657,128.384719,36.099324,128.384736,GM-1공단로-하-2,경상북도 구미시청,054-480-6114,2026-03-01,5080000,경상북도 구미시
경상북도,구미시,1공단로,통행원활,,6,115,1,N,36.10108716,128.3834124,36.101128,128.384694,GM-1공단로-상-1,경상북도 구미시청,054-480-6114,2026-03-01,5080000,경상북도 구미시
전북특별자치도,무주군,주계로,,,8,920,2,Y,36.005868,127.656554,36.007826,127.666895,,전북특별자치도 무주군청,063-320-2365,2026-01-14,4741000,전북특별자치도 무주군
전북특별자치도,정읍시,중앙3길,,,6,162,1,N,35.335925,126.511727,35.340451,126.511669,,정읍경찰서,063-570-0252,2026-01-01,4691000,전북특별자치도 정읍시
전북특별자치도,정읍시,중앙2길,,,6,60,1,N,35.340472,126.510906,35.340158,126.511161,,정읍경찰서,063-570-0252,2026-01-01,4691000,전북특별자치도 정읍시
전북특별자치도,정읍시,정인1길,,,7,205,1,N,35.340497,126.511527,35.335868,126.511252,,정읍경찰서,063-570-0252,2026-01-01,4691000,전북특별자치도 정읍시
전북특별자치도,정읍시,초산로,,,14,185,2,Y,35.335535,126.511827,35.334988,126.511522,,정읍경찰서,063-570-0252,2026-01-01,4691000,전북특별자치도 정읍시
전북특별자치도,정읍시,우암로,,,8,205,1,N,35.335683,126.511535,35.335012,126.511446,,정읍경찰서,063-570-0252,2026-01-01,4691000,전북특별자치도 정읍시
전북특별자치도,정읍시,중앙로,교통사고 다발,2016,10,74,1,N,35.335702,126.511579,35.335604,126.511852,,정읍경찰서,063-570-0252,2026-01-01,4691000,전북특별자치도 정읍시
전북특별자치도,정읍시,새암길,,,7,330,1,N,35.335905,126.511628,35.340355,126.510466,,정읍경찰서,063-570-0252,2026-01-01,4691000,전북특별자치도 정읍시
전북특별자치도,군산시,은파순환길,,,8,920,1,Y,35.953083,126.691566,35.946148,126.692833,,전북특별자치도 군산시청,063-454-3813,2026-01-28,4671000,전북특별자치도 군산시
전북특별자치도,군산시,경포천서길,,,6,170,1,N,35.975559,126.725877,35.974325,126.725886,,전북특별자치도 군산시청,063-454-3813,2026-01-28,4671000,전북특별자치도 군산시
전북특별자치도,군산시,수송4길,,,12,160,1,Y,35.962681,126.716506,35.963295,126.716741,,전북특별자치도 군산시청,063-454-3813,2026-01-28,4671000,전북특별자치도 군산시
전북특별자치도,군산시,나운2길,,,6,130,1,N,35.964862,126.703178,35.964072,126.702671,,전북특별자치도 군산시청,063-454-3813,2026-01-28,4671000,전북특별자치도 군산시
전북특별자치도,군산시,나운2길,,,6,130,1,N,35.964197,126.702491,35.964862,126.703178,,전북특별자치도 군산시청,063-454-3813,2026-01-28,4671000,전북특별자치도 군산시
전북특별자치도,군산시,나운2길,,,8,300,1,Y,35.965136,126.702719,35.963994,126.705399,,전북특별자치도 군산시청,063-454-3813,2026-01-28,4671000,전북특별자치도 군산시
전북특별자치도,군산시,수송6길,,,12,310,1,Y,35.967612,126.716759,35.969127,126.716768,,전북특별자치도 군산시청,063-454-3813,2026-01-28,4671000,전북특별자치도 군산시
전북특별자치도,군산시,수송5길,,,12,150,1,Y,35.965736,126.716578,35.966324,126.716769,,전북특별자치도 군산시청,063-454-3813,2026-01-28,4671000,전북특별자치도 군산시
전북특별자치도,군산시,하나운안3길,,,6,200,1,Y,35.964112,126.694688,35.963182,126.696211,,전북특별자치도 군산시청,063-454-3813,2026-01-28,4671000,전북특별자치도 군산시
전북특별자치도,군산시,하나운안1길,,,6,170,1,Y,35.964436,126.694649,35.965595,126.695118,,전북특별자치도 군산시청,063-454-3813,2026-01-28,4671000,전북특별자치도 군산시
전북특별자치도,군산시,동신영길,,,8,130,1,Y,35.984312,126.720048,35.983523,126.719651,,전북특별자치도 군산시청,063-454-3813,2026-01-28,4671000,전북특별자치도 군산시
전북특별자치도,군산시,동령길,,,6,120,1,N,35.988325,126.712753,35.987919,126.713481,,전북특별자치도 군산시청,063-454-3813,2026-01-28,4671000,전북특별자치도 군산시
전북특별자치도,군산시,큰샘길,,,6,60,1,N,35.985573,126.717551,35.985579,126.717251,,전북특별자치도 군산시청,063-454-3813,2026-01-28,4671000,전북특별자치도 군산시
전북특별자치도,군산시,싸전길,,,6,90,1,N,35.985058,126.717308,35.985573,126.717549,,전북특별자치도 군산시청,063-454-3813,2026-01-28,4671000,전북특별자치도 군산시
전북특별자치도,군산시,죽성로,,,6,110,1,N,35.986608,126.714855,35.987231,126.714079,,전북특별자치도 군산시청,063-454-3813,2026-01-28,4671000,전북특별자치도 군산시
전북특별자치도,군산시,황룡2길,,,6,700,1,Y,35.942736,126.689076,35.942698,126.688068,,전북특별자치도 군산시청,063-454-3813,2026-01-28,4671000,전북특별자치도 군산시
전북특별자치도,군산시,구암3.1로,,,6,290,1,N,35.981819,126.729736,35.981645,126.731224,,전북특별자치도 군산시청,063-454-3813,2026-01-28,4671000,전북특별자치도 군산시
전북특별자치도,군산시,축동안길,,,8,145,1,N,35.966751,126.714567,35.965892,126.715201,,전북특별자치도 군산시청,063-454-3813,2026-01-28,4671000,전북특별자치도 군산시
전북특별자치도,군산시,신영1길,,,6,110,1,N,35.984187,126.719307,35.983639,126.718618,,전북특별자치도 군산시청,063-454-3813,2026-01-28,4671000,전북특별자치도 군산시
전북특별자치도,군산시,약전안길,,,6,130,1,N,35.983058,126.717407,35.983643,126.718207,,전북특별자치도 군산시청,063-454-3813,2026-01-28,4671000,전북특별자치도 군산시
전북특별자치도,군산시,대명1길,,,6,170,1,N,35.982261,126.719638,35.982084,126.718221,,전북특별자치도 군산시청,063-454-3813,2026-01-28,4671000,전북특별자치도 군산시
전북특별자치도,군산시,아리랑로,,,4,250,1,N,35.985221,126.714855,35.983189,126.713679,,전북특별자치도 군산시청,063-454-3813,2026-01-28,4671000,전북특별자치도 군산시
전북특별자치도,군산시,수송3길,,,6,150,1,Y,35.963668,126.714755,35.962702,126.715197,,전북특별자치도 군산시청,063-454-3813,2026-01-28,4671000,전북특별자치도 군산시
전북특별자치도,군산시,개복길,,,6,130,1,N,35.983128,126.713824,35.984125,126.714396,,전북특별자치도 군산시청,063-454-3813,2026-01-28,4671000,전북특별자치도 군산시
전북특별자치도,군산시,구시장로,,,10,450,1,Y,35.980339,126.720201,35.984207,126.719562,,전북특별자치도 군산시청,063-454-3813,2026-01-28,4671000,전북특별자치도 군산시
충청북도,음성군,오태로,,,3,140,1,Y,36.967502,127.485472,36.968172,127.484125,,충청북도 음성군청,043-871-4142,2025-12-26,4470000,충청북도 음성군
충청북도,음성군,수정로,,,3,57,1,N,36.934972,127.693162,36.935105,127.693911,,충청북도 음성군청,043-871-4142,2025-12-26,4470000,충청북도 음성군
충청북도,제천시,의림대로,혼잡지역,2022,9,80,1,N,37.138428,128.210694,37.138618,128.209714,,충청북도 제천시,043-641-6342,2025-12-24,4400000,충청북도 제천시
충청북도,제천시,풍양로21길,혼잡지역,2020,5,60,1,N,37.136061,128.212961,37.136521,128.213281,,충청북도 제천시,043-641-6342,2025-12-24,4400000,충청북도 제천시
충청북도,제천시,용두대로,혼잡지역,2017,6,210,1,Y,37.143073,128.198756,37.143032,128.196281,,충청북도 제천시,043-641-6342,2025-12-24,4400000,충청북도 제천시
충청북도,제천시,원화산로,혼잡지역,2011,8,125,1,N,37.127082,128.219454,37.126362,128.218377,,충청북도 제천시,043-641-6342,2025-12-24,4400000,충청북도 제천시
충청북도,제천시,중앙로,혼잡지역,2010,6,150,1,N,37.138549,128.212104,37.139181,128.212458,,충청북도 제천시,043-641-6342,2025-12-24,4400000,충청북도 제천시
충청북도,제천시,고암로,혼잡지역,2008,6,260,1,N,37.152223,128.216343,37.152929,128.214172,,충청북도 제천시,043-641-6342,2025-12-24,4400000,충청북도 제천시
충청북도,제천시,의림지로,혼잡지역,2007,6,690,1,N,37.175407,128.211374,37.176915,128.206446,,충청북도 제천시,043-641-6342,2025-12-24,4400000,충청북도 제천시
충청북도,제천시,의림대로,혼잡지역,2004,6,128,1,N,37.147728,128.211367,37.147344,128.210675,,충청북도 제천시,043-641-6342,2025-12-24,4400000,충청북도 제천시
충청북도,제천시,풍양로,혼잡지역,1999,6,150,1,N,37.137244,128.211383,37.138547,128.212108,,충청북도 제천시,043-641-6342,2025-12-24,4400000,충청북도 제천시
충청북도,제천시,청전대로,혼잡지역,1998,8,190,1,N,37.151979,128.214341,37.153388,128.213991,,충청북도 제천시,043-641-6342,2025-12-24,4400000,충청북도 제천시
충청북도,제천시,풍양로,혼잡지역,1997,6,74,1,N,37.137736,128.209528,37.137151,128.210026,,충청북도 제천시,043-641-6342,2025-12-24,4400000,충청북도 제천시
충청북도,제천시,풍양로,혼잡비역,1997,5,65,1,N,37.137934,128.210426,37.138194,128.209644,,충청북도 제천시,043-641-6342,2025-12-24,4400000,충청북도 제천시
충청북도,제천시,풍양로,혼잡지역,1997,6,150,1,N,37.137803,128.209542,37.139143,128.209263,,충청북도 제천시,043-641-6342,2025-12-24,4400000,충청북도 제천시
충청북도,제천시,명륜로,혼잡구역,1996,6,140,1,N,37.142765,128.211059,37.142101,128.212645,,충청북도 제천시,043-641-6342,2025-12-24,4400000,충청북도 제천시
충청북도,제천시,명륜로,혼잡지역,1996,6,118,1,N,37.141171,128.211477,37.142263,128.212216,,충청북도 제천시,043-641-6342,2025-12-24,4400000,충청북도 제천시
충청북도,제천시,칠성로,혼잡지역,1996,7,240,1,N,37.143658,128.211581,37.141571,128.210438,,충청북도 제천시,043-641-6342,2025-12-24,4400000,충청북도 제천시
충청북도,제천시,의병대로,혼잡지역,1996,8,70,1,N,37.135762,128.210173,37.135452,128.209306,,충청북도 제천시,043-641-6342,2025-12-24,4400000,충청북도 제천시
충청북도,제천시,의병대로,혼잡지역,1996,6,170,1,N,37.136078,128.210376,37.135022,128.209837,,충청북도 제천시,043-641-6342,2025-12-24,4400000,충청북도 제천시
충청북도,제천시,내토로,혼자지역,1996,6,130,1,N,37.129517,128.207597,37.128362,128.206931,,충청북도 제천시,043-641-6342,2025-12-24,4400000,충청북도 제천시
충청북도,제천시,용두천로,혼잡지역,1996,6,110,1,N,37.139227,128.214275,37.139888,128.215246,,충청북도 제천시,043-641-6342,2025-12-24,4400000,충청북도 제천시
충청북도,제천시,의림대로,혼잡지역,1996,7,180,1,N,37.128715,128.205001,37.129473,128.203294,,충청북도 제천시,043-641-6342,2025-12-24,4400000,충청북도 제천시
충청북도,제천시,명륜로,혼잡지역,1996,7,150,1,N,37.140653,128.212774,37.139219,128.212463,,충청북도 제천시,043-641-6342,2025-12-24,4400000,충청북도 제천시
강원특별자치도,정선군,봉양7길,보행안전,1990,5,160,1,N,37.3813221,128.6656114,37.3799684,128.6652982,,강원특별자치도 정선군청,033-560-2511,2026-02-11,4291000,강원특별자치도 정선군
강원특별자치도,정선군,고한4길,보행안전,2018,5,56,1,N,37.2006543,128.8542662,37.2006773,128.8548974,,강원특별자치도 정선군청,033-560-2511,2026-02-11,4291000,강원특별자치도 정선군
강원특별자치도,정선군,고한4길,보행안전,2018,5,140,1,N,37.2008962,128.8536564,37.2001441,128.8551193,,강원특별자치도 정선군청,033-560-2511,2026-02-11,4291000,강원특별자치도 정선군
강원특별자치도,정선군,고한4길,보행안전,2018,5,400,1,N,37.2018541,128.8528981,37.1993331,128.8556193,,강원특별자치도 정선군청,033-560-2511,2026-02-11,4291000,강원특별자치도 정선군
강원특별자치도,정선군,고한2길,보행안전,2018,5,78,1,N,37.2020873,128.851973,37.2017821,128.8526674,,강원특별자치도 정선군청,033-560-2511,2026-02-11,4291000,강원특별자치도 정선군
강원특별자치도,정선군,고한2길,보행안전,2018,5,190,1,N,37.2040222,128.8497754,37.2028221,128.8513183,,강원특별자치도 정선군청,033-560-2511,2026-02-11,4291000,강원특별자치도 정선군
강원특별자치도,정선군,고한1길,보행안전,2020,5,100,1,N,37.2054324,128.8501874,37.2045121,128.8494794,,강원특별자치도 정선군청,033-560-2511,2026-02-11,4291000,강원특별자치도 정선군
강원특별자치도,정선군,고한1길,보행안전,2018,5,180,1,N,37.2056624,128.8484224,37.2045111,128.8494742,,강원특별자치도 정선군청,033-560-2511,2026-02-11,4291000,강원특별자치도 정선군
경기도,여주시,세종로,보행안전,2012,8,215,1,N,37.290778,127.635124,37.290502,127.636331,,경기도 여주시청,031-887-2623,2025-12-29,5700000,경기도 여주시
경기도,여주시,세종로,보행안전,2012,8,300,1,N,37.291512,127.636047,37.289234,127.635637,,경기도 여주시청,031-887-2623,2025-12-29,5700000,경기도 여주시
경기도,여주시,세종로,보행안전,2012,8,150,1,N,37.2896801,127.634825,37.291374,127.636631,,경기도 여주시청,031-887-2623,2025-12-29,5700000,경기도 여주시
경기도,여주시,청심로,보행안전,2016,8,80,1,N,37.2990901,127.635252,37.098448,127.635037,,경기도 여주시청,031-887-2623,2025-12-29,5700000,경기도 여주시
경기도,여주시,청심로,보행안전,2016,8,320,1,N,37.298309,127.634943,37.295901,127.633221,,경기도 여주시청,031-887-2623,2025-12-29,5700000,경기도 여주시
경기도,여주시,여흥로,보행안전,2016,8,180,1,N,37.295736,127.635508,37.2928101,127.6361801,,경기도 여주시청,031-887-2623,2025-12-29,5700000,경기도 여주시
경상북도,포항시,상도로 26번길,,,7,217,1,N,36.01021574,129.3553442,36.01147132,129.3527727,,경상북도 포항시,054-270-3634,2025-12-30,5020000,경상북도 포항시
경상북도,포항시,상도로 16번길,,,7,94,1,N,36.01021574,129.3553442,36.0110504,129.3551667,,경상북도 포항시,054-270-3634,2025-12-30,5020000,경상북도 포항시
경상북도,포항시,상도로 8번길,,,7,65,1,N,36.00954909,129.3554547,36.01011208,129.3553467,,경상북도 포항시,054-270-3634,2025-12-30,5020000,경상북도 포항시
경상북도,포항시,희망대로,,,7,66,1,N,36.00891357,129.3555854,36.00947436,129.3554746,,경상북도 포항시,054-270-3634,2025-12-30,5020000,경상북도 포항시
경상북도,포항시,희망대로,,,7,59,1,N,36.00964825,129.3541906,36.0091712,129.3540517,,경상북도 포항시,054-270-3634,2025-12-30,5020000,경상북도 포항시
경상북도,포항시,상도로 16번길,,,6,55,1,N,36.01027312,129.3543728,36.00974676,129.3542213,,경상북도 포항시,054-270-3634,2025-12-30,5020000,경상북도 포항시
경상북도,포항시,상도로 26번길,,,6,85,1,N,36.01115188,129.3545875,36.01035164,129.354389,,경상북도 포항시,054-270-3634,2025-12-30,5020000,경상북도 포항시
경상북도,포항시,중섬로,,,7,52,1,N,36.01168317,129.354717,36.0112058,129.3545946,,경상북도 포항시,054-270-3634,2025-12-30,5020000,경상북도 포항시
경상북도,포항시,상도로 16번길,,,6,349,1,N,36.01025565,129.3559498,36.01056663,129.3530757,,경상북도 포항시,054-270-3634,2025-12-30,5020000,경상북도 포항시
경상북도,포항시,창흥로 36번길,,,8,202,1,N,36.06400314,129.3680054,36.06319608,129.3697484,,경상북도 포항시,054-270-3634,2025-12-30,5020000,경상북도 포항시
경상북도,포항시,상공로 174번길,,,4,136,1,N,36.02172829,129.3648343,36.02072424,129.3657193,,경상북도 포항시,054-270-3634,2025-12-30,5020000,경상북도 포항시
경상북도,포항시,상도로 8번길,,,7,398,1,N,36.01018828,129.3516949,36.0096102,129.3561274,,경상북도 포항시,054-270-3634,2025-12-30,5020000,경상북도 포항시
경상북도,포항시,상도로 26번길,,,7,45,1,N,36.010926,129.353128,36.01134903,129.3532654,,경상북도 포항시,054-270-3634,2025-12-30,5020000,경상북도 포항시
경상북도,포항시,상도로16번길,,,7,29,1,N,36.01060132,129.3530296,36.01088575,129.353113,,경상북도 포항시,054-270-3634,2025-12-30,5020000,경상북도 포항시
경상북도,포항시,상도로8번길,,,7,62,1,N,36.00998573,129.3528339,36.01052071,129.3530051,,경상북도 포항시,054-270-3634,2025-12-30,5020000,경상북도 포항시
경상북도,포항시,희망대로,,,7,63,1,N,36.00940133,129.3526557,36.00994098,129.3528187,,경상북도 포항시,054-270-3634,2025-12-30,5020000,경상북도 포항시
경상북도,포항시,상도로15번길,,,6,120,1,N,36.01096578,129.350756,36.0107615,129.3519837,,경상북도 포항시,054-270-3634,2025-12-30,5020000,경상북도 포항시
경상북도,포항시,상도로25번길,,,7,114,1,N,36.01151087,129.3525937,36.01174234,129.3513585,,경상북도 포항시,054-270-3634,2025-12-30,5020000,경상북도 포항시
경상북도,포항시,중흥로58번길,,,7,64,1,N,36.01038185,129.3502092,36.00992506,129.3498407,,경상북도 포항시,054-270-3634,2025-12-30,5020000,경상북도 포항시
경상북도,포항시,중섬로,,,7,225,1,N,36.01222958,129.3516669,36.0104796,129.3502786,,경상북도 포항시,054-270-3634,2025-12-30,5020000,경상북도 포항시
경상북도,포항시,중흥로 70번길,,,5,146,1,N,36.01162113,129.3493838,36.01135642,129.3509368,,경상북도 포항시,054-270-3634,2025-12-30,5020000,경상북도 포항시
경상북도,포항시,상공로 174번길,,,4,115,1,N,36.02169749,129.3679915,36.02123121,129.3653684,,경상북도 포항시,054-270-3634,2025-12-30,5020000,경상북도 포항시
경상북도,포항시,창흥로 36번길,,,7,60,1,N,36.06350393,129.3677352,36.06400314,129.3680054,,경상북도 포항시,054-270-3634,2025-12-30,5020000,경상북도 포항시
경상북도,포항시,중흥로 70번길,,,5,228,1,N,36.01234198,129.3508745,36.0105967,129.3494753,,경상북도 포항시,054-270-3634,2025-12-30,5020000,경상북도 포항시
경상북도,포항시,대이로 111번길,,,7,184,1,N,36.02479744,129.3389414,36.02516275,129.3408822,,경상북도 포항시,054-270-3634,2025-12-30,5020000,경상북도 포항시
경상북도,포항시,대이로 95번길,,,7,104,1,N,36.02372634,129.3399246,36.02488542,129.339396,,경상북도 포항시,054-270-3634,2025-12-30,5020000,경상북도 포항시
경상북도,포항시,대이로 95번길,,,5,107,1,N,36.02364574,129.340707,36.02362324,129.3394363,,경상북도 포항시,054-270-3634,2025-12-30,5020000,경상북도 포항시
경상북도,포항시,대이로 95번길,,,7,282,1,N,36.02507028,129.3400808,36.02375266,129.3401916,,경상북도 포항시,054-270-3634,2025-12-30,5020000,경상북도 포항시
경상북도,포항시,대잠동길 6번길,,,5,454,1,N,36.0136836,129.3392894,36.0136836,129.3392894,,경상북도 포항시,054-270-3634,2025-12-30,5020000,경상북도 포항시
경상북도,포항시,행복길11번길,,,8,220,1,N,36.01279126,129.3366513,36.01309168,129.3344117,,경상북도 포항시,054-270-3634,2025-12-30,5020000,경상북도 포항시
경상북도,포항시,행복길,,,7,265,1,N,36.01455333,129.3319928,36.0130098,129.3342208,,경상북도 포항시,054-270-3634,2025-12-30,5020000,경상북도 포항시
경상북도,포항시,행복길 75번길,,,8,176,2,N,36.01303671,129.3342271,36.01156844,129.3337457,,경상북도 포항시,054-270-3634,2025-12-30,5020000,경상북도 포항시
경상북도,포항시,중앙로 158번길,,,4,108,1,N,36.02764881,129.3708262,36.02670444,129.3710835,,경상북도 포항시,054-270-3634,2025-12-30,5020000,경상북도 포항시
경상북도,포항시,효행길,,,8,230,1,N,36.01125666,129.336107,36.01029786,129.3344485,,경상북도 포항시,054-270-3634,2025-12-30,5020000,경상북도 포항시
경상북도,포항시,중앙상가 2길,,,5,76,1,N,36.03659353,129.3635206,36.03600962,129.3630899,,경상북도 포항시,054-270-3634,2025-12-30,5020000,경상북도 포항시
경상북도,포항시,대잠길,,,5,132,1,N,36.01033968,129.3391212,36.01126188,129.3399968,,경상북도 포항시,054-270-3634,2025-12-30,5020000,경상북도 포항시
경상북도,포항시,새천년대로410번길,,,10,248,1,Y,36.01265845,129.3435702,36.01149253,129.3458285,,경상북도 포항시,054-270-3634,2025-12-30,5020000,경상북도 포항시
경상북도,포항시,불종로,,,4,36,1,N,36.03858434,129.3670773,36.03826759,129.3670346,,경상북도 포항시,054-270-3634,2025-12-30,5020000,경상북도 포항시
경상북도,포항시,불종로,,,6,69,1,N,36.03832328,129.3663817,36.03889354,129.3665902,,경상북도 포항시,054-270-3634,2025-12-30,5020000,경상북도 포항시
경상북도,포항시,불종로,,,4,70,1,N,36.03832204,129.367699,36.03928788,129.3677224,,경상북도 포항시,054-270-3634,2025-12-30,5020000,경상북도 포항시
경상북도,포항시,중앙로 308번길,,,4,66,1,N,36.03939138,129.3677283,36.03999183,129.3677768,,경상북도 포항시,054-270-3634,2025-12-30,5020000,경상북도 포항시
경상북도,포항시,중앙로 308번길,,,4,33,1,N,36.04006049,129.3672658,36.03976362,129.367243,,경상북도 포항시,054-270-3634,2025-12-30,5020000,경상북도 포항시
경상북도,포항시,중앙로 308번길,,,4,194,1,N,36.04019273,129.3666152,36.0399255,129.3687399,,경상북도 포항시,054-270-3634,2025-12-30,5020000,경상북도 포항시
경상북도,포항시,중앙로 158번길,,,3,407,1,N,36.02790898,129.3720208,36.02715402,129.3675976,,경상북도 포항시,054-270-3634,2025-12-30,5020000,경상북도 포항시
경상북도,포항시,중앙로 298번길,,,4,31,1,N,36.03903098,129.3677286,36.03928558,129.3677251,,경상북도 포항시,054-270-3634,2025-12-30,5020000,경상북도 포항시
경상북도,포항시,중앙로 298번길,,,5,313,1,N,36.03929939,129.3697612,36.03943506,129.3663152,,경상북도 포항시,054-270-3634,2025-12-30,5020000,경상북도 포항시
경상북도,포항시,중앙상가 3길,,,7,92,1,N,36.03703852,129.3645989,36.03779372,129.3649099,,경상북도 포항시,054-270-3634,2025-12-30,5020000,경상북도 포항시
경상북도,포항시,중앙로 298번길,,,4,34,1,N,36.03970306,129.3672301,36.03939932,129.3672127,,경상북도 포항시,054-270-3634,2025-12-30,5020000,경상북도 포항시
경상북도,포항시,중앙로 294번길,,,4,74,1,N,36.03892119,129.367129,36.03826753,129.3670374,,경상북도 포항시,054-270-3634,2025-12-30,5020000,경상북도 포항시
경상북도,포항시,중앙로 294번길,,,3,40,1,N,36.03902397,129.3661448,36.03894598,129.3665585,,경상북도 포항시,054-270-3634,2025-12-30,5020000,경상북도 포항시
경상북도,포항시,서동로,,,4,39,1,N,36.04043701,129.3678178,36.04007491,129.3677904,,경상북도 포항시,054-270-3634,2025-12-30,5020000,경상북도 포항시
경상북도,포항시,서동로,,,3,39,1,N,36.04049217,129.3673064,36.04015032,129.3672796,,경상북도 포항시,054-270-3634,2025-12-30,5020000,경상북도 포항시
경상북도,포항시,상대로,,,5,55,1,N,36.01317018,129.3619114,36.01268402,129.3617777,,경상북도 포항시,054-270-3634,2025-12-30,5020000,경상북도 포항시
경상북도,포항시,희망대로,,,4,59,1,N,36.01095911,129.3634672,36.01045547,129.363649,,경상북도 포항시,054-270-3634,2025-12-30,5020000,경상북도 포항시
경상북도,포항시,중앙로 146번길,,,3,110,1,N,36.02681597,129.371708,36.02776665,129.3714731,,경상북도 포항시,054-270-3634,2025-12-30,5020000,경상북도 포항시
경상북도,포항시,희망대로,,,6,60,1,N,36.01017379,129.3625123,36.01068896,129.362317,,경상북도 포항시,054-270-3634,2025-12-30,5020000,경상북도 포항시
경상북도,포항시,희망대로,,,4,59,1,N,36.00988376,129.361342,36.01039634,129.3611632,,경상북도 포항시,054-270-3634,2025-12-30,5020000,경상북도 포항시
경상북도,포항시,희망대로,,,4,58,1,N,36.00978542,129.3587857,36.00930161,129.3589903,,경상북도 포항시,054-270-3634,2025-12-30,5020000,경상북도 포항시
경상북도,포항시,중앙상가 3길,,,4,185,1,N,36.03700667,129.3645009,36.03754496,129.3625618,,경상북도 포항시,054-270-3634,2025-12-30,5020000,경상북도 포항시
경상북도,포항시,희망대로,,,4,56,1,N,36.0090161,129.3578174,36.00950578,129.3576574,,경상북도 포항시,054-270-3634,2025-12-30,5020000,경상북도 포항시
경상북도,포항시,상공로 56번길,,,5,38,1,N,36.01236838,129.3629354,36.01208673,129.3630545,,경상북도 포항시,054-270-3634,2025-12-30,5020000,경상북도 포항시
경상북도,포항시,상공로 56번길,,,5,87,1,N,36.01181866,129.3619126,36.01257377,129.3617716,,경상북도 포항시,054-270-3634,2025-12-30,5020000,경상북도 포항시
경상북도,포항시,상공로 56번길,,,4,110,1,N,36.01172985,129.360704,36.01273251,129.3609169,,경상북도 포항시,054-270-3634,2025-12-30,5020000,경상북도 포항시
경상북도,포항시,상공로 56번길,,,4,67,1,N,36.01293235,129.3590043,36.01234772,129.3587235,,경상북도 포항시,054-270-3634,2025-12-30,5020000,경상북도 포항시
경상북도,포항시,상공로 46번길,,,5,187,1,N,36.01160341,129.3568271,36.01300703,129.3579558,,경상북도 포항시,054-270-3634,2025-12-30,5020000,경상북도 포항시
경상북도,포항시,중앙로 146번길,,,3,408,1,N,36.02609671,129.3678709,36.02684695,129.3723051,,경상북도 포항시,054-270-3634,2025-12-30,5020000,경상북도 포항시
경상북도,포항시,상공로 32번길,,,6,51,1,N,36.01128132,129.3620907,36.01171467,129.3619317,,경상북도 포항시,054-270-3634,2025-12-30,5020000,경상북도 포항시
경상북도,포항시,상공로 32번길,,,4,73,1,N,36.01100451,129.3609346,36.01163047,129.3607176,,경상북도 포항시,054-270-3634,2025-12-30,5020000,경상북도 포항시
경상북도,포항시,상공로 32번길,,,4,117,1,N,36.01045001,129.356948,36.01146031,129.356773,,경상북도 포항시,054-270-3634,2025-12-30,5020000,경상북도 포항시
경상북도,포항시,상공로 32번길,,,6,176,1,N,36.01224141,129.3586316,36.01073509,129.3584869,,경상북도 포항시,054-270-3634,2025-12-30,5020000,경상북도 포항시
경상북도,포항시,중앙상가 4길,,,6,57,1,N,36.03796181,129.3644961,36.03838467,129.3648693,,경상북도 포항시,054-270-3634,2025-12-30,5020000,경상북도 포항시
경상북도,포항시,상공로 18번길,,,5,49,1,N,36.01077499,129.3622946,36.01120171,129.3621299,,경상북도 포항시,054-270-3634,2025-12-30,5020000,경상북도 포항시
경상북도,포항시,상공로 18번길,,,5,110,1,N,36.01200525,129.3630743,36.01103619,129.3634418,,경상북도 포항시,054-270-3634,2025-12-30,5020000,경상북도 포항시
경상북도,포항시,상공로 18번길,,,7,168,1,N,36.01154054,129.359107,36.01002554,129.3592891,,경상북도 포항시,054-270-3634,2025-12-30,5020000,경상북도 포항시
경상북도,포항시,상공로 18번길,,,4,82,1,N,36.01059728,129.3585077,36.00990715,129.358781,,경상북도 포항시,054-270-3634,2025-12-30,5020000,경상북도 포항시
경상북도,포항시,상공로18번길,,,4,44,1,N,36.0099411,129.3570549,36.01035475,129.3569812,,경상북도 포항시,054-270-3634,2025-12-30,5020000,경상북도 포항시
경상북도,포항시,중앙로 146번길,,,5,108,1,N,36.02660929,129.3711112,36.02614945,129.3712416,,경상북도 포항시,054-270-3634,2025-12-30,5020000,경상북도 포항시
경상북도,포항시,상공로 6번길,,,4,50,1,N,36.01048479,129.3611326,36.01092259,129.3609765,,경상북도 포항시,054-270-3634,2025-12-30,5020000,경상북도 포항시
경상북도,포항시,상공로 6번길,,,4,47,1,N,36.00949115,129.3571413,36.00989662,129.3570258,,경상북도 포항시,054-270-3634,2025-12-30,5020000,경상북도 포항시
경상북도,포항시,동해안로,,,4,244,1,N,35.99277297,129.3953398,35.99124297,129.3953683,,경상북도 포항시,054-270-3634,2025-12-30,5020000,경상북도 포항시
경상북도,포항시,축항로,,,4,110,1,N,36.02871952,129.3705589,36.02775708,129.3708184,,경상북도 포항시,054-270-3634,2025-12-30,5020000,경상북도 포항시
경상북도,포항시,축항로,,,3,110,1,N,36.02785494,129.3714508,36.02883078,129.3711972,,경상북도 포항시,054-270-3634,2025-12-30,5020000,경상북도 포항시
경상북도,포항시,중앙상가 4길,,,8,146,1,N,36.03814956,129.3628572,36.03773567,129.3653408,,경상북도 포항시,054-270-3634,2025-12-30,5020000,경상북도 포항시
경상북도,포항시,중앙로 134번길,,,3,109,1,N,36.02574685,129.3720087,36.02671593,129.3717549,,경상북도 포항시,054-270-3634,2025-12-30,5020000,경상북도 포항시
경상북도,포항시,중앙로 134번길,,,5,350,1,N,36.02580105,129.3725705,36.02503929,129.3681498,,경상북도 포항시,054-270-3634,2025-12-30,5020000,경상북도 포항시
경상북도,포항시,중앙로 134번길,,,4,351,1,N,36.02412845,129.3689905,36.02720314,129.3681897,,경상북도 포항시,054-270-3634,2025-12-30,5020000,경상북도 포항시
경상북도,포항시,중앙로 134번길,,,5,171,1,N,36.02610877,129.3712487,36.02457153,129.3716435,,경상북도 포항시,054-270-3634,2025-12-30,5020000,경상북도 포항시
경상북도,포항시,중앙로 122번길,,,3,111,1,N,36.02467372,129.3722843,36.02566773,129.372023,,경상북도 포항시,054-270-3634,2025-12-30,5020000,경상북도 포항시
경상북도,포항시,중앙로 122번길,,,3,141,1,N,36.02274017,129.3693703,36.02399926,129.369031,,경상북도 포항시,054-270-3634,2025-12-30,5020000,경상북도 포항시
경상북도,포항시,상공로,,,4,143,1,N,36.02330844,129.3726399,36.02455825,129.3723141,,경상북도 포항시,054-270-3634,2025-12-30,5020000,경상북도 포항시
경상북도,포항시,중앙로 91번길,,,4,354,1,N,36.02122288,129.3688702,36.02031888,129.3651443,,경상북도 포항시,054-270-3634,2025-12-30,5020000,경상북도 포항시
경상북도,포항시,중앙로 91번길,,,3,111,1,N,36.01993225,129.367728,36.02092169,129.3674692,,경상북도 포항시,054-270-3634,2025-12-30,5020000,경상북도 포항시
경상북도,포항시,중앙로 78번길,,,3,407,1,N,36.02018068,129.3694046,36.02094657,129.3738417,,경상북도 포항시,054-270-3634,2025-12-30,5020000,경상북도 포항시
경상북도,포항시,중앙로 78번길,,,3,218,1,N,36.02132312,129.3697244,36.01938947,129.3702321,,경상북도 포항시,054-270-3634,2025-12-30,5020000,경상북도 포항시
경상북도,포항시,중앙로 77번길,,,3,121,1,N,36.02062997,129.3658163,36.01974731,129.3665995,,경상북도 포항시,054-270-3634,2025-12-30,5020000,경상북도 포항시
경상북도,포항시,중앙로 77번길,,,3,297,1,N,36.01934469,129.3659997,36.02013411,129.3691398,,경상북도 포항시,054-270-3634,2025-12-30,5020000,경상북도 포항시
경상북도,포항시,중앙로 77번길,,,3,111,1,N,36.01985291,129.3677533,36.01900617,129.367972,,경상북도 포항시,054-270-3634,2025-12-30,5020000,경상북도 포항시
경상북도,포항시,중앙로 68번길,,,4,96,1,N,36.01960309,129.3715028,36.02045407,129.3712982,,경상북도 포항시,054-270-3634,2025-12-30,5020000,경상북도 포항시
경상북도,포항시,중앙로 68번길,,,2,106,1,N,36.02069608,129.3726142,36.01983335,129.3728434,,경상북도 포항시,054-270-3634,2025-12-30,5020000,경상북도 포항시
경상북도,포항시,상공로,,,4,142,1,N,36.02445178,129.3716621,36.02319708,129.3720071,,경상북도 포항시,054-270-3634,2025-12-30,5020000,경상북도 포항시
경상북도,포항시,중앙로 68번길,,,3,407,1,N,36.02000242,129.3740879,36.01924317,129.3696566,,경상북도 포항시,054-270-3634,2025-12-30,5020000,경상북도 포항시
경상북도,포항시,중앙로 67번길,,,2,253,1,N,36.01919237,129.3693778,36.01854213,129.3667187,,경상북도 포항시,054-270-3634,2025-12-30,5020000,경상북도 포항시
경상북도,포항시,중앙로 62번길,,,4,346,1,N,36.01935645,129.3736082,36.01870433,129.3697957,,경상북도 포항시,054-270-3634,2025-12-30,5020000,경상북도 포항시
경상북도,포항시,문예로,,,3,115,1,N,36.01930804,129.3702491,36.01831387,129.3705187,,경상북도 포항시,054-270-3634,2025-12-30,5020000,경상북도 포항시
경상북도,포항시,문예로,,,3,342,1,N,36.01805317,129.3690082,36.02104638,129.3682271,,경상북도 포항시,054-270-3634,2025-12-30,5020000,경상북도 포항시
경상북도,포항시,섬안로,,,4,220,1,N,36.00665137,129.358027,36.00508444,129.3594745,,경상북도 포항시,054-270-3634,2025-12-30,5020000,경상북도 포항시
경상북도,포항시,중앙상가 4길,,,4,66,1,N,36.03795388,129.3644987,36.03837556,129.3648746,,경상북도 포항시,054-270-3634,2025-12-30,5020000,경상북도 포항시
경상북도,포항시,중앙상가 3길,,,4,232,1,N,36.03689308,129.3650064,36.03752586,129.3625598,,경상북도 포항시,054-270-3634,2025-12-30,5020000,경상북도 포항시
경상북도,포항시,중앙상가1길,,,4,88,1,N,36.03605802,129.3630914,36.03674775,129.3636389,,경상북도 포항시,054-270-3634,2025-12-30,5020000,경상북도 포항시
경상북도,포항시,중앙상가 3길,,,4,88,1,N,36.03705063,129.3646172,36.03777426,129.364926,,경상북도 포항시,054-270-3634,2025-12-30,5020000,경상북도 포항시
경상북도,포항시,상공로,,,3,124,1,N,36.02251423,129.3694052,36.02140696,129.3696992,,경상북도 포항시,054-270-3634,2025-12-30,5020000,경상북도 포항시
경상북도,포항시,중앙상가2길,,,4,55,1,N,36.0365122,129.3643322,36.03694598,129.3645517,,경상북도 포항시,054-270-3634,2025-12-30,5020000,경상북도 포항시
경상북도,포항시,중앙상가 4길,,,4,237,1,N,36.03812606,129.3628495,36.03773097,129.3653504,,경상북도 포항시,054-270-3634,2025-12-30,5020000,경상북도 포항시
경상북도,포항시,중앙상가2길,,,4,232,1,N,36.0370708,129.3623341,36.03616732,129.3644023,,경상북도 포항시,054-270-3634,2025-12-30,5020000,경상북도 포항시
경상북도,포항시,중앙상가 7길,,,4,143,1,N,36.04020302,129.3638684,36.04002451,129.3655007,,경상북도 포항시,054-270-3634,2025-12-30,5020000,경상북도 포항시
경상북도,포항시,대이로 143번길,,,5,210,2,N,36.02852852,129.3371606,36.02919765,129.3394626,,경상북도 포항시,054-270-3634,2025-12-30,5020000,경상북도 포항시
경상북도,포항시,대이로 159번길,,,3,138,1,N,36.02766323,129.3389097,36.02900105,129.3389756,,경상북도 포항시,054-270-3634,2025-12-30,5020000,경상북도 포항시
경상북도,포항시,효자동길 10번길,,,6,574,1,N,36.00848791,129.3309214,36.00923274,129.3354733,,경상북도 포항시,054-270-3634,2025-12-30,5020000,경상북도 포항시
경상북도,포항시,대이로 143번길,,,3,138,1,N,36.026367,129.3394828,36.02755063,129.338966,,경상북도 포항시,054-270-3634,2025-12-30,5020000,경상북도 포항시
경상북도,포항시,대이로 143번길,,,5,140,1,N,36.02736822,129.3383866,36.02620051,129.3388956,,경상북도 포항시,054-270-3634,2025-12-30,5020000,경상북도 포항시
경상북도,포항시,대이로 159번길,,,5,140,1,N,36.02748433,129.3383235,36.02747741,129.3383316,,경상북도 포항시,054-270-3634,2025-12-30,5020000,경상북도 포항시
경상북도,포항시,상공로,,,4,123,1,N,36.02115295,129.3681915,36.02225352,129.3678945,,경상북도 포항시,054-270-3634,2025-12-30,5020000,경상북도 포항시
경상북도,포항시,양학로 10번길,,,10,178,1,N,36.02626853,129.3525113,36.02497961,129.3513888,,경상북도 포항시,054-270-3634,2025-12-30,5020000,경상북도 포항시
경상북도,포항시,대이로127번길,,,6,215,1,N,36.02600514,129.3384032,36.02644989,129.3406596,,경상북도 포항시,054-270-3634,2025-12-30,5020000,경상북도 포항시
경상북도,포항시,중흥로 57번길,,,9,156,1,N,36.01140138,129.3459977,36.01079991,129.3482435,,경상북도 포항시,054-270-3634,2025-12-30,5020000,경상북도 포항시
경상북도,포항시,새천년대로 410번길,,,8,232,1,N,36.01265758,129.3436145,36.01151243,129.3457902,,경상북도 포항시,054-270-3634,2025-12-30,5020000,경상북도 포항시
경상북도,포항시,섬안로,,,6,141,1,N,36.00533478,129.3600309,36.00600694,129.3591832,,경상북도 포항시,054-270-3634,2025-12-30,5020000,경상북도 포항시
경상북도,포항시,중흥로 225번길,,,4,495,1,N,36.02339465,129.3517506,36.02094861,129.3563874,,경상북도 포항시,054-270-3634,2025-12-30,5020000,경상북도 포항시
경상북도,포항시,중흥로 214번길,,,5,107,1,N,36.02146838,129.3580763,36.02310509,129.3593784,,경상북도 포항시,054-270-3634,2025-12-30,5020000,경상북도 포항시
경상북도,포항시,양학천로,,,5,98,1,N,36.02052806,129.3573273,36.02128986,129.3579337,,경상북도 포항시,054-270-3634,2025-12-30,5020000,경상북도 포항시
경상북도,포항시,양학천로,,,5,217,1,N,36.01988739,129.3585213,36.02156715,129.3598676,,경상북도 포항시,054-270-3634,2025-12-30,5020000,경상북도 포항시
경상북도,포항시,중흥로 192번길,,,5,243,1,N,36.02082599,129.3566666,36.0196441,129.358923,,경상북도 포항시,054-270-3634,2025-12-30,5020000,경상북도 포항시
경상북도,포항시,효자동길 6번길,,,3,394,1,N,36.00912317,129.3352012,36.00829505,129.3309933,,경상북도 포항시,054-270-3634,2025-12-30,5020000,경상북도 포항시
경상북도,포항시,양학천로,,,5,217,1,N,36.02112092,129.3587355,36.01963732,129.3575503,,경상북도 포항시,054-270-3634,2025-12-30,5020000,경상북도 포항시
경상북도,포항시,중흥로 214번길,,,7,140,1,N,36.02306037,129.3602768,36.02196615,129.3593943,,경상북도 포항시,054-270-3634,2025-12-30,5020000,경상북도 포항시
경상북도,포항시,상공로 246번길,,,4,112,1,N,36.02251939,129.3727881,36.02233021,129.3715347,,경상북도 포항시,054-270-3634,2025-12-30,5020000,경상북도 포항시
경상북도,포항시,중흥로 225번길,,,5,53,1,N,36.02439999,129.3571599,36.02481131,129.357491,,경상북도 포항시,054-270-3634,2025-12-30,5020000,경상북도 포항시
경상북도,포항시,대해로,,,5,53,4,N,36.0255726,129.3561189,36.02512377,129.3557479,,경상북도 포항시,054-270-3634,2025-12-30,5020000,경상북도 포항시
경상북도,포항시,대해로,,,5,53,1,N,36.0254357,129.3551194,36.02586688,129.3554719,,경상북도 포항시,054-270-3634,2025-12-30,5020000,경상북도 포항시
경상북도,포항시,양학천로,,,5,94,1,N,36.02172944,129.355052,36.02246936,129.3556258,,경상북도 포항시,054-270-3634,2025-12-30,5020000,경상북도 포항시
경상북도,포항시,양학천로,,,5,213,1,N,36.02377092,129.3556452,36.02211415,129.3543301,,경상북도 포항시,054-270-3634,2025-12-30,5020000,경상북도 포항시
경상북도,포항시,양학천로,,,5,286,1,N,36.02120718,129.3546344,36.02338394,129.3563671,,경상북도 포항시,054-270-3634,2025-12-30,5020000,경상북도 포항시
경상북도,포항시,중흥로 213번길,,,5,107,1,N,36.02392276,129.3578319,36.02310918,129.3571672,,경상북도 포항시,054-270-3634,2025-12-30,5020000,경상북도 포항시
경상북도,포항시,중흥로 213번길,,,5,107,1,N,36.02430785,129.357092,36.02348259,129.3564477,,경상북도 포항시,054-270-3634,2025-12-30,5020000,경상북도 포항시
경상북도,포항시,포스코대로,,,3,55,1,N,36.0235858,129.3491817,36.02326973,129.3497935,,경상북도 포항시,054-270-3634,2025-12-30,5020000,경상북도 포항시
경상북도,포항시,중흥로 213번길,,,5,107,1,N,36.02469818,129.3563716,36.02387413,129.3557231,,경상북도 포항시,054-270-3634,2025-12-30,5020000,경상북도 포항시
경상북도,포항시,상공로 246번길,,,4,112,1,N,36.02136226,129.3730972,36.02116155,129.3718573,,경상북도 포항시,054-270-3634,2025-12-30,5020000,경상북도 포항시
경상북도,포항시,중흥로 213번길,,,5,107,1,N,36.02504494,129.3556901,36.02422866,129.3550474,,경상북도 포항시,054-270-3634,2025-12-30,5020000,경상북도 포항시
경상북도,포항시,중흥로 213번길,,,5,107,1,N,36.02458564,129.3544189,36.02537933,129.355065,,경상북도 포항시,054-270-3634,2025-12-30,5020000,경상북도 포항시
경상북도,포항시,중흥로 225번길,,,5,107,1,N,36.02571405,129.3544802,36.02488798,129.3538192,,경상북도 포항시,054-270-3634,2025-12-30,5020000,경상북도 포항시
경상북도,포항시,양학천로,,,4,289,1,N,36.0232242,129.354237,36.0219368,129.3532101,,경상북도 포항시,054-270-3634,2025-12-30,5020000,경상북도 포항시
경상북도,포항시,양학천로,,,4,214,1,N,36.0235305,129.3536083,36.02278875,129.3530123,,경상북도 포항시,054-270-3634,2025-12-30,5020000,경상북도 포항시
경상북도,포항시,양학천로,,,4,214,1,N,36.02477928,129.3537342,36.02310328,129.3524227,,경상북도 포항시,054-270-3634,2025-12-30,5020000,경상북도 포항시
경상북도,포항시,중흥로225번길,,,4,106,1,N,36.0256909,129.3544546,36.02488345,129.3538205,,경상북도 포항시,054-270-3634,2025-12-30,5020000,경상북도 포항시
경상북도,포항시,중흥로 225번길,,,4,496,1,N,36.02361579,129.3584938,36.02604852,129.353851,,경상북도 포항시,054-270-3634,2025-12-30,5020000,경상북도 포항시
경상북도,포항시,양학로 9번길,,,9,615,1,N,36.02480888,129.3512506,36.01984122,129.3483108,,경상북도 포항시,054-270-3634,2025-12-30,5020000,경상북도 포항시
경상북도,포항시,상공로 246번길,,,2,476,1,N,36.01887536,129.3737879,36.02307773,129.3726884,,경상북도 포항시,054-270-3634,2025-12-30,5020000,경상북도 포항시
경상북도,포항시,중흥로 191번길,,,4,343,1,N,36.02339336,129.3517589,36.02170186,129.3549652,,경상북도 포항시,054-270-3634,2025-12-30,5020000,경상북도 포항시
경상북도,포항시,중흥로 151번길,,,4,206,1,N,36.01893515,129.3499489,36.02050331,129.3511905,,경상북도 포항시,054-270-3634,2025-12-30,5020000,경상북도 포항시
경상북도,포항시,중흥로 139번길,,,4,322,1,N,36.01987778,129.354599,36.0174748,129.3526851,,경상북도 포항시,054-270-3634,2025-12-30,5020000,경상북도 포항시
경상북도,포항시,중흥로 171번길,,,6,64,1,N,36.02077221,129.3543026,36.02032795,129.3539276,,경상북도 포항시,054-270-3634,2025-12-30,5020000,경상북도 포항시
경상북도,포항시,중흥로 161번길,,,4,96,1,N,36.01942283,129.3532199,36.01870856,129.352658,,경상북도 포항시,054-270-3634,2025-12-30,5020000,경상북도 포항시
경상북도,포항시,중흥로 151번길,,,4,166,1,N,36.01860463,129.3525593,36.017366,129.3515714,,경상북도 포항시,054-270-3634,2025-12-30,5020000,경상북도 포항시
경상북도,포항시,중흥로 161번길,,,4,204,1,N,36.02066242,129.3531833,36.01908695,129.3519137,,경상북도 포항시,054-270-3634,2025-12-30,5020000,경상북도 포항시
경상북도,포항시,중흥로 171번길,,,4,174,1,N,36.02026328,129.3518863,36.02157497,129.3529387,,경상북도 포항시,054-270-3634,2025-12-30,5020000,경상북도 포항시
경상북도,포항시,중흥로 151번길,,,4,92,1,N,36.01944909,129.3512507,36.02016691,129.3518044,,경상북도 포항시,054-270-3634,2025-12-30,5020000,경상북도 포항시
경상북도,포항시,중흥로 139번길,,,6,166,1,N,36.01808398,129.3501649,36.01934274,129.3511602,,경상북도 포항시,054-270-3634,2025-12-30,5020000,경상북도 포항시
경상북도,포항시,상공로 234번길,,,4,107,1,N,36.02113909,129.3717402,36.02094178,129.3705559,,경상북도 포항시,054-270-3634,2025-12-30,5020000,경상북도 포항시
경상북도,포항시,장량로 1번길,,,5,28,1,Y,36.08790268,129.3817043,36.08951508,129.3822885,,경상북도 포항시,054-270-3634,2025-12-30,5020000,경상북도 포항시
경상북도,포항시,중흥로 161번길,,,4,100,1,N,36.02056651,129.3512409,36.02131382,129.3518329,,경상북도 포항시,054-270-3634,2025-12-30,5020000,경상북도 포항시
경상북도,포항시,중흥로 151번길,,,4,210,1,N,36.01893067,129.3499474,36.02050424,129.3512003,,경상북도 포항시,054-270-3634,2025-12-30,5020000,경상북도 포항시
경상북도,포항시,중흥로 139번길,,,4,166,1,N,36.01918477,129.3492798,36.01873998,129.3489311,,경상북도 포항시,054-270-3634,2025-12-30,5020000,경상북도 포항시
경상북도,포항시,중흥로 161번길,,,4,215,1,N,36.02165111,129.3512399,36.02007735,129.3499967,,경상북도 포항시,054-270-3634,2025-12-30,5020000,경상북도 포항시
경상북도,포항시,중흥로 171번길,,,5,500,1,N,36.01956508,129.3553245,36.02201194,129.3506434,,경상북도 포항시,054-270-3634,2025-12-30,5020000,경상북도 포항시
경상북도,포항시,중흥로 161번길,,,5,500,1,N,36.02119277,129.3499744,36.01874392,129.3546429,,경상북도 포항시,054-270-3634,2025-12-30,5020000,경상북도 포항시
경상북도,포항시,환호공원길,,,5,345,1,N,36.068407,129.393895,36.067618,129.390158,,경상북도 포항시,054-270-3634,2025-12-30,5020000,경상북도 포항시
경상북도,포항시,칠성로 51번길,,,5,134,1,N,36.03783909,129.3676319,36.03752164,129.3661414,,경상북도 포항시,054-270-3634,2025-12-30,5020000,경상북도 포항시
경상북도,포항시,칠성로 47번길,,,5,147,1,N,36.03678601,129.3670069,36.03807118,129.3667153,,경상북도 포항시,054-270-3634,2025-12-30,5020000,경상북도 포항시
경상북도,포항시,상공로 223번길,,,3,627,1,N,36.02308044,129.3712993,36.02649253,129.3704089,,경상북도 포항시,054-270-3634,2025-12-30,5020000,경상북도 포항시
경상북도,포항시,칠성로 51번길,,,7,133,1,N,36.03689959,129.3676426,36.03813728,129.3677018,,경상북도 포항시,054-270-3634,2025-12-30,5020000,경상북도 포항시
경상북도,포항시,칠성로 37번길,,,7,175,1,N,36.0381422,129.3663125,36.03656105,129.3659657,,경상북도 포항시,054-270-3634,2025-12-30,5020000,경상북도 포항시
경상북도,포항시,동빈로,,,7,55,1,N,36.03737772,129.3677262,36.03748322,129.3683146,,경상북도 포항시,054-270-3634,2025-12-30,5020000,경상북도 포항시
경상북도,포항시,칠성로 37번길,,,7,152,1,N,36.0370009,129.3659345,36.03733983,129.367592,,경상북도 포항시,054-270-3634,2025-12-30,5020000,경상북도 포항시
경상북도,포항시,중흥로 151번길,,,5,500,1,N,36.01793087,129.3540073,36.02036717,129.3493454,,경상북도 포항시,054-270-3634,2025-12-30,5020000,경상북도 포항시
경상북도,포항시,중앙로,,,7,42,1,N,36.03707433,129.3654098,36.03697695,129.3657785,,경상북도 포항시,054-270-3634,2025-12-30,5020000,경상북도 포항시
경상북도,포항시,상공로 56번길,,,7,582,1,N,36.01286864,129.3634965,36.01330769,129.3574435,,경상북도 포항시,054-270-3634,2025-12-30,5020000,경상북도 포항시
경상북도,포항시,상공로 32번길,,,6,296,1,N,36.01163168,129.3598555,36.01202221,129.3630138,,경상북도 포항시,054-270-3634,2025-12-30,5020000,경상북도 포항시
경상북도,포항시,상공로 18번길,,,4,387,1,N,36.01067296,129.359813,36.01169051,129.3639576,,경상북도 포항시,054-270-3634,2025-12-30,5020000,경상북도 포항시
경상북도,포항시,상공로 6번길,,,6,656,1,N,36.01098551,129.3633849,36.00932281,129.3564238,,경상북도 포항시,054-270-3634,2025-12-30,5020000,경상북도 포항시
경상북도,포항시,상공로 222번길,,,3,171,1,N,36.02230067,129.371434,36.02198325,129.3696028,,경상북도 포항시,054-270-3634,2025-12-30,5020000,경상북도 포항시
경상북도,포항시,상공로 18번길,,,6,313,1,N,36.01029919,129.356256,36.01091716,129.3596512,,경상북도 포항시,054-270-3634,2025-12-30,5020000,경상북도 포항시
경상북도,포항시,상공로 46번길,,,7,291,1,N,36.01254148,129.3567747,36.01232488,129.3598845,,경상북도 포항시,054-270-3634,2025-12-30,5020000,경상북도 포항시
경상북도,포항시,포스코대로 377번길,,,3,228,1,N,36.01930485,129.3648229,36.01763616,129.3662868,,경상북도 포항시,054-270-3634,2025-12-30,5020000,경상북도 포항시
경상북도,포항시,상공로 134번길,,,4,162,1,N,36.01759558,129.3662884,36.01634452,129.3653083,,경상북도 포항시,054-270-3634,2025-12-30,5020000,경상북도 포항시
경상북도,포항시,포스코대로 353번길,,,6,171,1,N,36.01724693,129.3621523,36.01854881,129.3631838,,경상북도 포항시,054-270-3634,2025-12-30,5020000,경상북도 포항시
경상북도,포항시,중흥로 139번길,,,5,500,1,N,36.01953327,129.3486802,36.01709472,129.3533434,,경상북도 포항시,054-270-3634,2025-12-30,5020000,경상북도 포항시
경상북도,포항시,포스코대로 377번길,,,4,219,1,N,36.01812568,129.3629383,36.01703961,129.365013,,경상북도 포항시,054-270-3634,2025-12-30,5020000,경상북도 포항시
경상북도,포항시,상공로,,,6,123,1,N,36.01774068,129.362472,36.01831148,129.3613967,,경상북도 포항시,054-270-3634,2025-12-30,5020000,경상북도 포항시
경상북도,포항시,포스코대로 377번길,,,6,222,1,N,36.0166162,129.3646676,36.01765252,129.3626025,,경상북도 포항시,054-270-3634,2025-12-30,5020000,경상북도 포항시
경상북도,포항시,문예로,,,6,114,1,N,36.01597609,129.3658296,36.01655109,129.364771,,경상북도 포항시,054-270-3634,2025-12-30,5020000,경상북도 포항시
경상북도,포항시,양덕로 6번길,,,10,292,1,N,36.07918685,129.4020633,36.07939457,129.4052939,,경상북도 포항시,054-270-3634,2025-12-30,5020000,경상북도 포항시
경상북도,포항시,포스코대로 377번길,,,4,322,1,N,36.01835544,129.3664775,36.01608204,129.3643411,,경상북도 포항시,054-270-3634,2025-12-30,5020000,경상북도 포항시
경상북도,포항시,포스코대로 367번길,,,4,360,1,N,36.01915987,129.3657779,36.01655525,129.3634181,,경상북도 포항시,054-270-3634,2025-12-30,5020000,경상북도 포항시
경상북도,포항시,상공로 134번길,,,4,137,1,N,36.01827886,129.3639659,36.01928607,129.3647474,,경상북도 포항시,054-270-3634,2025-12-30,5020000,경상북도 포항시
경상북도,포항시,상공로 134번길,,,7,483,1,N,36.0191929,129.3620468,36.01685535,129.3665128,,경상북도 포항시,054-270-3634,2025-12-30,5020000,경상북도 포항시
경상북도,포항시,대해로 114번길,,,4,373,1,N,36.02075269,129.364392,36.01809131,129.3619391,,경상북도 포항시,054-270-3634,2025-12-30,5020000,경상북도 포항시
경상북도,포항시,상공로,,,3,55,1,N,36.02008092,129.3627055,36.0198021,129.3632517,,경상북도 포항시,054-270-3634,2025-12-30,5020000,경상북도 포항시
경상북도,포항시,양학로 10번길,,,7,487,1,N,36.02830816,129.3548625,36.02497758,129.3513776,,경상북도 포항시,054-270-3634,2025-12-30,5020000,경상북도 포항시
경상북도,포항시,상공로,,,3,66,1,N,36.02046976,129.3637763,36.02091934,129.3633655,,경상북도 포항시,054-270-3634,2025-12-30,5020000,경상북도 포항시
경상북도,포항시,대해로,,,5,175,1,N,36.02263228,129.3615978,36.02131914,129.3605659,,경상북도 포항시,054-270-3634,2025-12-30,5020000,경상북도 포항시
경상북도,포항시,중흥로 100번길,,,5,248,1,N,36.01378921,129.3511615,36.01261586,129.3534472,,경상북도 포항시,054-270-3634,2025-12-30,5020000,경상북도 포항시
경상북도,포항시,상공로 222번길,,,2,356,1,N,36.02262726,129.3700685,36.01949129,129.3708923,,경상북도 포항시,054-270-3634,2025-12-30,5020000,경상북도 포항시
경상북도,포항시,중흥로 114번길,,,6,245,1,N,36.01378503,129.3543581,36.01497625,129.3520812,,경상북도 포항시,054-270-3634,2025-12-30,5020000,경상북도 포항시
경상북도,포항시,중흥로 126번길,,,7,245,1,N,36.01577422,129.3527399,36.01458633,129.3549614,,경상북도 포항시,054-270-3634,2025-12-30,5020000,경상북도 포항시
경상북도,포항시,중흥로 152번길,,,6,206,1,N,36.01665448,129.3542549,36.01826707,129.3555257,,경상북도 포항시,054-270-3634,2025-12-30,5020000,경상북도 포항시
경상북도,포항시,포스코대로,,,6,65,1,N,36.01763897,129.3590587,36.01807832,129.3593962,,경상북도 포항시,054-270-3634,2025-12-30,5020000,경상북도 포항시
경상북도,포항시,중흥로 162번길,,,6,95,1,N,36.01681178,129.3583991,36.01755013,129.358995,,경상북도 포항시,054-270-3634,2025-12-30,5020000,경상북도 포항시
경상북도,포항시,중흥로 152번길,,,6,94,1,N,36.01597332,129.3577392,36.0167388,129.3583304,,경상북도 포항시,054-270-3634,2025-12-30,5020000,경상북도 포항시
경상북도,포항시,중흥로 140번길,,,6,99,1,N,36.01515699,129.3570994,36.0159111,129.3576957,,경상북도 포항시,054-270-3634,2025-12-30,5020000,경상북도 포항시
경상북도,포항시,창흥로 36번길,,,7,74,1,N,36.06376395,129.3690525,36.06314291,129.3687925,,경상북도 포항시,054-270-3634,2025-12-30,5020000,경상북도 포항시
경상북도,포항시,상대로,,,6,57,1,N,36.0146581,129.3566963,36.01509323,129.3570198,,경상북도 포항시,054-270-3634,2025-12-30,5020000,경상북도 포항시
경상북도,포항시,상대로,,,6,57,1,N,36.01625064,129.3548612,36.01581133,129.354521,,경상북도 포항시,054-270-3634,2025-12-30,5020000,경상북도 포항시
경상북도,포항시,상공로 221번길,,,4,110,1,N,36.02372689,129.3710719,36.02353397,129.3698932,,경상북도 포항시,054-270-3634,2025-12-30,5020000,경상북도 포항시
경상북도,포항시,중흥로 140번길,,,6,106,1,N,36.01704661,129.355506,36.016324,129.3549105,,경상북도 포항시,054-270-3634,2025-12-30,5020000,경상북도 포항시
경상북도,포항시,중흥로 152번길,,,6,98,1,N,36.01789156,129.3561799,36.01714864,129.3555866,,경상북도 포항시,054-270-3634,2025-12-30,5020000,경상북도 포항시
경상북도,포항시,중흥로 162번길,,,6,97,1,N,36.01871465,129.3568199,36.01798035,129.3562463,,경상북도 포항시,054-270-3634,2025-12-30,5020000,경상북도 포항시
경상북도,포항시,포스코대로,,,6,65,1,N,36.01929563,129.3572864,36.01878318,129.3568858,,경상북도 포항시,054-270-3634,2025-12-30,5020000,경상북도 포항시
경상북도,포항시,중흥로 140번길,,,5,481,1,N,36.01692313,129.3536502,36.01460104,129.3581086,,경상북도 포항시,054-270-3634,2025-12-30,5020000,경상북도 포항시
경상북도,포항시,중흥로 152번길,,,6,410,1,N,36.01541507,129.3587512,36.01742251,129.354946,,경상북도 포항시,054-270-3634,2025-12-30,5020000,경상북도 포항시
경상북도,포항시,중흥로 162번길,,,5,481,1,N,36.01859207,129.3549198,36.0162265,129.3594103,,경상북도 포항시,054-270-3634,2025-12-30,5020000,경상북도 포항시
경상북도,포항시,중흥로 172번길,,,7,478,1,N,36.01706297,129.3600563,36.01942588,129.3555879,,경상북도 포항시,054-270-3634,2025-12-30,5020000,경상북도 포항시
경상북도,포항시,창흥로 36번길,,,6,173,1,N,36.06319899,129.3697152,36.06373273,129.3678974,,경상북도 포항시,054-270-3634,2025-12-30,5020000,경상북도 포항시
경상북도,포항시,중흥로57번길,,,8,223,1,N,36.01106408,129.3466586,36.0107929,129.348314,,경상북도 포항시,054-270-3634,2025-12-30,5020000,경상북도 포항시
경상북도,포항시,상공로 221번길,,,4,630,1,N,36.02839593,129.3685831,36.02285578,129.3700171,,경상북도 포항시,054-270-3634,2025-12-30,5020000,경상북도 포항시
충청남도,논산시,시민로295번길,,,4.5,98,1,N,36.191220,127.091200,36.191950,127.090700,,충청남도 논산시청,041-746-6259,2025-12-28,4540000,충청남도 논산시
충청남도,논산시,시민로295번길,,,4.5,85,1,N,36.191410,127.091600,36.192020,127.091100,,충청남도 논산시청,041-746-6259,2025-12-28,4540000,충청남도 논산시
충청남도,논산시,시민로295번길,,,4.5,76,1,N,36.191570,127.091900,36.192160,127.091400,,충청남도 논산시청,041-746-6259,2025-12-28,4540000,충청남도 논산시
충청남도,논산시,시민로295번길,,,4.5,140,1,N,36.191680,127.092300,36.191160,127.093300,,충청남도 논산시청,041-746-6259,2025-12-28,4540000,충청남도 논산시
충청남도,논산시,해월로198번길,,,5,180,1,N,36.206050,127.088500,36.204480,127.089900,,충청남도 논산시청,041-746-6259,2025-12-28,4540000,충청남도 논산시
충청남도,논산시,해월로,,,7,360,1,Y,36.204770,127.084800,36.206050,127.088500,,충청남도 논산시청,041-746-6259,2025-12-28,4540000,충청남도 논산시
충청남도,논산시,중앙로480번길,,,7,450,1,N,36.206270,127.088500,36.205760,127.083900,,충청남도 논산시청,041-746-6259,2025-12-28,4540000,충청남도 논산시
경기도,안양시,수리산로56번길,,,3,80,1,N,37.388664,126.932609,37.389309,126.932054,,경기도 안양시청,031-8045-5328,2026-01-23,3830000,경기도 안양시
경기도,안양시,창박로41번길,,,3,320,1,N,37.384526,126.906111,37.383588,126.902138,,경기도 안양시청,031-8045-5328,2026-01-23,3830000,경기도 안양시
경기도,안양시,인덕원로,,,3,85,1,N,37.401868,126.973005,37.401527,126.973920,,경기도 안양시청,031-8045-5328,2026-01-23,3830000,경기도 안양시
경기도,안양시,냉천로153번길,,,3,115,1,N,37.393543,126.920808,37.394178,126.921962,,경기도 안양시청,031-8045-5328,2026-01-23,3830000,경기도 안양시
경기도,안양시,석천로212번길,,,3,265,1,N,37.412203,126.912842,37.409763,126.912630,,경기도 안양시청,031-8045-5328,2026-01-23,3830000,경기도 안양시
경기도,안양시,인덕원로23번길,,,3,85,1,N,37.402229,126.973548,37.402229,126.973548,,경기도 안양시청,031-8045-5328,2026-01-23,3830000,경기도 안양시
경기도,안양시,관양로227번길,,,3,85,1,N,37.402452,126.973412,37.402452,126.973412,,경기도 안양시청,031-8045-5328,2026-01-23,3830000,경기도 안양시
경기도,안양시,관악대로275번길,,,3,120,1,N,37.403139,126.953207,37.403139,126.953207,,경기도 안양시청,031-8045-5328,2026-01-23,3830000,경기도 안양시
경기도,안양시,경수대로1192번길,,,3,120,1,N,37.416701,126.915895,37.416701,126.915895,,경기도 안양시청,031-8045-5328,2026-01-23,3830000,경기도 안양시
경기도,안양시,안양로560번길,,,3,70,1,N,37.419033,126.907558,37.419033,126.907558,,경기도 안양시청,031-8045-5328,2026-01-23,3830000,경기도 안양시
경기도,안양시,박달로545번길,,,3,105,1,N,37.405093,126.913098,37.405093,126.913098,,경기도 안양시청,031-8045-5328,2026-01-23,3830000,경기도 안양시
경기도,안양시,양화로58번길,,,3,130,1,N,37.399134,126.913200,37.399134,126.913128,,경기도 안양시청,031-8045-5328,2026-01-23,3830000,경기도 안양시
경기도,안양시,관양로305번길,,,3,235,1,N,37.397257,126.978474,37.397537,126.977881,,경기도 안양시청,031-8045-5328,2026-01-23,3830000,경기도 안양시
경기도,안양시,관양로305번길,,,3,40,1,N,37.397262,126.978347,37.397033,126.978036,,경기도 안양시청,031-8045-5328,2026-01-23,3830000,경기도 안양시
경기도,안양시,인덕원로24번길,,,3,230,1,N,37.400120,126.975320,37.401838,126.974259,,경기도 안양시청,031-8045-5328,2026-01-23,3830000,경기도 안양시
경기도,안양시,인덕원로12번길,,,3,150,1,N,37.399914,126.973944,37.398581,126.973987,,경기도 안양시청,031-8045-5328,2026-01-23,3830000,경기도 안양시
경기도,안양시,관양로227번길,,,3,200,1,N,37.401395,126.972024,37.401500,126.973900,,경기도 안양시청,031-8045-5328,2026-01-23,3830000,경기도 안양시
경기도,안양시,인덕원로11번길,,,3,100,1,N,37.400881,126.973534,37.401517,126.972636,,경기도 안양시청,031-8045-5328,2026-01-23,3830000,경기도 안양시
경기도,안양시,관양로,,,3,600,1,N,37.398433,126.974361,37.402213,126.970723,,경기도 안양시청,031-8045-5328,2026-01-23,3830000,경기도 안양시
경기도,안양시,관양로227번길,,,3,95,1,N,37.402943,126.973499,37.402285,126.974375,,경기도 안양시청,031-8045-5328,2026-01-23,3830000,경기도 안양시
경기도,안양시,관악대로434번길,,,3,160,1,N,37.404192,126.971085,37.403617,126.972629,,경기도 안양시청,031-8045-5328,2026-01-23,3830000,경기도 안양시
경기도,안양시,관악대로434번길,,,3,125,1,N,37.403012,126.970844,37.402820,126.969218,,경기도 안양시청,031-8045-5328,2026-01-23,3830000,경기도 안양시
경기도,안양시,관악대로434번길,,,3,100,1,N,37.403447,126.971805,37.402817,126.969219,,경기도 안양시청,031-8045-5328,2026-01-23,3830000,경기도 안양시
경기도,안양시,관양로,,,3,240,1,N,37.403032,126.968438,37.402932,126.970414,,경기도 안양시청,031-8045-5328,2026-01-23,3830000,경기도 안양시
경기도,안양시,관악대로404번길,,,3,40,1,N,37.403710,126.968882,37.404072,126.968853,,경기도 안양시청,031-8045-5328,2026-01-23,3830000,경기도 안양시
경기도,안양시,관악대로418번길,,,3,412,1,N,37.404249,126.970973,37.403613,126.966770,,경기도 안양시청,031-8045-5328,2026-01-23,3830000,경기도 안양시
경기도,안양시,일동로200번길,,,3,375,1,N,37.405846,126.968203,37.405382,126.968284,,경기도 안양시청,031-8045-5328,2026-01-23,3830000,경기도 안양시
경기도,안양시,일동로,,,3,710,1,N,37.405879,126.968254,37.406630,126.963416,,경기도 안양시청,031-8045-5328,2026-01-23,3830000,경기도 안양시
경기도,안양시,관악대로359번길,,,3,100,1,N,37.406293,126.963987,37.406650,126.964986,,경기도 안양시청,031-8045-5328,2026-01-23,3830000,경기도 안양시
경기도,안양시,관악대로373번길,,,3,400,1,N,37.406137,126.965761,37.405663,126.961363,,경기도 안양시청,031-8045-5328,2026-01-23,3830000,경기도 안양시
경기도,안양시,관악대로345번길,,,3,420,1,N,37.404427,126.961253,37.405223,126.965900,,경기도 안양시청,031-8045-5328,2026-01-23,3830000,경기도 안양시
경기도,안양시,관악대로360번길,,,3,140,1,N,37.403444,126.963089,37.403709,126.964564,,경기도 안양시청,031-8045-5328,2026-01-23,3830000,경기도 안양시
경기도,안양시,관악대로360번길,,,3,265,1,N,37.402918,126.964750,37.402373,126.961847,,경기도 안양시청,031-8045-5328,2026-01-23,3830000,경기도 안양시
경기도,안양시,관악대로330번길,,,3,105,1,N,37.403121,126.960973,37.402916,126.959841,,경기도 안양시청,031-8045-5328,2026-01-23,3830000,경기도 안양시
경기도,안양시,관악대로330번길,,,3,40,1,N,37.402851,126.959764,37.402502,126.959893,,경기도 안양시청,031-8045-5328,2026-01-23,3830000,경기도 안양시
경기도,안양시,관평로,,,3,305,1,N,37.405118,126.957644,37.404656,126.959627,,경기도 안양시청,031-8045-5328,2026-01-23,3830000,경기도 안양시
경기도,안양시,관평로336번길,,,3,340,1,N,37.405905,126.958698,37.403639,126.957782,,경기도 안양시청,031-8045-5328,2026-01-23,3830000,경기도 안양시
경기도,안양시,일동로,,,3,110,1,N,37.407772,126.962327,37.406932,126.962913,,경기도 안양시청,031-8045-5328,2026-01-23,3830000,경기도 안양시
경기도,안양시,관평로358번길,,,3,105,1,N,37.407274,126.962310,37.406520,126.961496,,경기도 안양시청,031-8045-5328,2026-01-23,3830000,경기도 안양시
경기도,안양시,관평로358번길,,,3,105,1,N,37.406768,126.961138,37.407519,126.961959,,경기도 안양시청,031-8045-5328,2026-01-23,3830000,경기도 안양시
경기도,안양시,관평로358번길,,,3,105,1,N,37.407832,126.961506,37.407091,126.960665,,경기도 안양시청,031-8045-5328,2026-01-23,3830000,경기도 안양시
경기도,안양시,일동로122번길,,,3,300,1,N,37.405976,126.958770,37.407910,126.960929,,경기도 안양시청,031-8045-5328,2026-01-23,3830000,경기도 안양시
경기도,안양시,일동로,,,3,290,1,N,37.408363,126.956307,37.405756,126.956104,,경기도 안양시청,031-8045-5328,2026-01-23,3830000,경기도 안양시
경기도,안양시,관악대로287번길,,,3,160,1,N,37.406252,126.954801,37.406605,126.956168,,경기도 안양시청,031-8045-5328,2026-01-23,3830000,경기도 안양시
경기도,안양시,일동로,,,3,85,1,N,37.406726,126.953772,37.406682,126.954718,,경기도 안양시청,031-8045-5328,2026-01-23,3830000,경기도 안양시
경기도,안양시,관평로305번길,,,3,175,1,N,37.403793,126.955130,37.403774,126.956641,,경기도 안양시청,031-8045-5328,2026-01-23,3830000,경기도 안양시
경기도,안양시,관악대로275번길,,,3,110,1,N,37.403269,126.954327,37.403383,126.953290,,경기도 안양시청,031-8045-5328,2026-01-23,3830000,경기도 안양시
경기도,안양시,관평로319번길,,,3,190,1,N,37.404848,126.955073,37.404924,126.957128,,경기도 안양시청,031-8045-5328,2026-01-23,3830000,경기도 안양시
경기도,안양시,관평로319번길,,,3,200,1,N,37.405167,126.957023,37.405106,126.955063,,경기도 안양시청,031-8045-5328,2026-01-23,3830000,경기도 안양시
경기도,안양시,관악대로275번길,,,3,215,1,N,37.405399,126.953300,37.404989,126.953290,,경기도 안양시청,031-8045-5328,2026-01-23,3830000,경기도 안양시
경기도,안양시,일동로,,,3,170,1,N,37.408629,126.954633,37.407661,126.953840,,경기도 안양시청,031-8045-5328,2026-01-23,3830000,경기도 안양시
경기도,안양시,관양로,,,3,70,1,N,37.396109,126.979756,37.395885,126.980468,,경기도 안양시청,031-8045-5328,2026-01-23,3830000,경기도 안양시
경기도,안양시,평의길,,,3,60,1,N,37.389730,126.974368,37.389633,126.975034,,경기도 안양시청,031-8045-5328,2026-01-23,3830000,경기도 안양시
경기도,안양시,관악대로263번길,,,3,120,1,N,37.403082,126.953307,37.402779,126.952033,,경기도 안양시청,031-8045-5328,2026-01-23,3830000,경기도 안양시
경기도,안양시,관악대로249번길,,,3,295,1,N,37.403237,126.949875,37.403012,126.952800,,경기도 안양시청,031-8045-5328,2026-01-23,3830000,경기도 안양시
경기도,안양시,관악대로263번길,,,3,120,1,N,37.405067,126.951761,37.404693,126.950755,,경기도 안양시청,031-8045-5328,2026-01-23,3830000,경기도 안양시
경기도,안양시,관악대로263번길,,,3,480,1,N,37.404566,126.951831,37.404276,126.957291,,경기도 안양시청,031-8045-5328,2026-01-23,3830000,경기도 안양시
경기도,안양시,평촌대로374번길,,,3,40,1,N,37.404975,126.949786,37.404912,126.950319,,경기도 안양시청,031-8045-5328,2026-01-23,3830000,경기도 안양시
경기도,안양시,관악대로263번길,,,3,120,1,N,37.404643,126.951742,37.404728,126.950399,,경기도 안양시청,031-8045-5328,2026-01-23,3830000,경기도 안양시
경기도,안양시,관악대로263번길,,,3,240,1,N,37.405505,126.950560,37.405363,126.953225,,경기도 안양시청,031-8045-5328,2026-01-23,3830000,경기도 안양시
경기도,안양시,평촌대로374번길,,,3,210,1,N,37.405979,126.950612,37.404046,126.950145,,경기도 안양시청,031-8045-5328,2026-01-23,3830000,경기도 안양시
경기도,안양시,일동로,,,3,75,1,N,37.406341,126.953421,37.406027,126.952743,,경기도 안양시청,031-8045-5328,2026-01-23,3830000,경기도 안양시
경기도,안양시,일동로,,,3,140,1,N,37.406868,126.952042,37.405964,126.952711,,경기도 안양시청,031-8045-5328,2026-01-23,3830000,경기도 안양시
경기도,안양시,평촌대로396번길,,,3,100,1,N,37.406005,126.951684,37.406918,126.951724,,경기도 안양시청,031-8045-5328,2026-01-23,3830000,경기도 안양시
경기도,안양시,평촌대로396번길,,,3,105,1,N,37.406960,126.951348,37.406038,126.951151,,경기도 안양시청,031-8045-5328,2026-01-23,3830000,경기도 안양시
경기도,안양시,평촌대로396번길,,,3,110,1,N,37.406047,126.950709,37.407022,126.950935,,경기도 안양시청,031-8045-5328,2026-01-23,3830000,경기도 안양시
경기도,안양시,운곡로,,,3,355,1,N,37.404321,126.945145,37.405789,126.943785,,경기도 안양시청,031-8045-5328,2026-01-23,3830000,경기도 안양시
경기도,안양시,경수대로868번길,,,3,205,1,N,37.398166,126.933941,37.397636,126.933636,,경기도 안양시청,031-8045-5328,2026-01-23,3830000,경기도 안양시
경기도,안양시,경수대로883번길,,,3,55,1,N,37.397401,126.942504,37.398703,126.943956,,경기도 안양시청,031-8045-5328,2026-01-23,3830000,경기도 안양시
경기도,안양시,경수대로884번길,,,3,100,2,N,37.396844,126.938386,37.397595,126.939193,,경기도 안양시청,031-8045-5328,2026-01-23,3830000,경기도 안양시
경기도,안양시,관악대로69번길,,,3,135,1,N,37.397773,126.931949,37.398867,126.931048,,경기도 안양시청,031-8045-5328,2026-01-23,3830000,경기도 안양시
경기도,안양시,평촌대로227번길,,,3,260,1,N,37.390437,126.951476,37.391370,126.954183,,경기도 안양시청,031-8045-5328,2026-01-23,3830000,경기도 안양시
경기도,안양시,평촌대로217번길,,,3,250,1,N,37.391106,126.955678,37.390163,126.952984,,경기도 안양시청,031-8045-5328,2026-01-23,3830000,경기도 안양시
경기도,안양시,경수대로498번길,,,3,110,1,N,37.366005,126.963981,37.365212,126.963281,,경기도 안양시청,031-8045-5328,2026-01-23,3830000,경기도 안양시
경기도,안양시,호성로,,,3,80,1,N,37.363193,126.963423,37.363042,126.964693,,경기도 안양시청,031-8045-5328,2026-01-23,3830000,경기도 안양시
경기도,안양시,경수대로508번길,,,3,255,1,N,37.370394,126.958778,37.368063,126.958967,,경기도 안양시청,031-8045-5328,2026-01-23,3830000,경기도 안양시
경기도,안양시,흥안대로94번길,,,3,260,1,N,37.368637,126.955784,37.366706,126.957277,,경기도 안양시청,031-8045-5328,2026-01-23,3830000,경기도 안양시
경기도,안양시,경수대로,,,3,55,1,N,37.366699,126.957366,37.366712,126.958027,,경기도 안양시청,031-8045-5328,2026-01-23,3830000,경기도 안양시
경기도,안양시,경수대로507번길,,,3,145,1,N,37.367970,126.957880,37.367639,126.956347,,경기도 안양시청,031-8045-5328,2026-01-23,3830000,경기도 안양시
경기도,안양시,호성로,,,3,450,1,N,37.371718,126.965238,37.367585,126.965382,,경기도 안양시청,031-8045-5328,2026-01-23,3830000,경기도 안양시
경기도,안양시,흥안대로110번길,,,3,450,1,N,37.365787,126.957414,37.369958,126.957057,,경기도 안양시청,031-8045-5328,2026-01-23,3830000,경기도 안양시
경기도,안양시,흥안대로58번길,,,3,245,1,N,37.366436,126.952088,37.367269,126.951852,,경기도 안양시청,031-8045-5328,2026-01-23,3830000,경기도 안양시
경기도,안양시,흥안대로46번길,,,3,315,1,N,37.366349,126.953804,37.367446,126.950777,,경기도 안양시청,031-8045-5328,2026-01-23,3830000,경기도 안양시
경기도,안양시,시민대로137번길,,,3,160,1,N,37.389602,126.946006,37.388625,126.947352,,경기도 안양시청,031-8045-5328,2026-01-23,3830000,경기도 안양시
경기도,안양시,경수대로,,,3,155,1,N,37.385706,126.950897,37.384909,126.949579,,경기도 안양시청,031-8045-5328,2026-01-23,3830000,경기도 안양시
경기도,안양시,경수대로685번길,,,3,75,1,N,37.382555,126.950457,37.382390,126.948667,,경기도 안양시청,031-8045-5328,2026-01-23,3830000,경기도 안양시
경기도,안양시,귀인로,,,3,35,1,N,37.382145,126.950707,37.382525,126.950542,,경기도 안양시청,031-8045-5328,2026-01-23,3830000,경기도 안양시
경기도,안양시,경수대로596번길,,,3,180,1,N,37.375643,126.959648,37.376879,126.959745,,경기도 안양시청,031-8045-5328,2026-01-23,3830000,경기도 안양시
경기도,안양시,경수대로556번길,,,3,75,1,N,37.372409,126.958691,37.372848,126.959297,,경기도 안양시청,031-8045-5328,2026-01-23,3830000,경기도 안양시
경기도,안양시,경수대로544번길,,,3,140,1,N,37.371305,126.958787,37.371812,126.960209,,경기도 안양시청,031-8045-5328,2026-01-23,3830000,경기도 안양시
경기도,안양시,예술공원로131번길,,,3,370,1,N,37.418747,126.920594,37.419138,126.920759,,경기도 안양시청,031-8045-5328,2026-01-23,3830000,경기도 안양시
경기도,안양시,경수대로1244번길,,,3,200,1,N,37.418945,126.911044,37.421019,126.911486,,경기도 안양시청,031-8045-5328,2026-01-23,3830000,경기도 안양시
경기도,안양시,안양로548번길,,,3,140,1,N,37.417863,126.906927,37.418520,126.908943,,경기도 안양시청,031-8045-5328,2026-01-23,3830000,경기도 안양시
경기도,안양시,안양로532번길,,,3,260,1,N,37.416982,126.907628,37.418983,126.906990,,경기도 안양시청,031-8045-5328,2026-01-23,3830000,경기도 안양시
경기도,안양시,안양로548번길,,,3,160,1,N,37.418835,126.907723,37.417592,126.908755,,경기도 안양시청,031-8045-5328,2026-01-23,3830000,경기도 안양시
경기도,안양시,안양로,,,3,65,1,N,37.415030,126.908009,37.415405,126.908718,,경기도 안양시청,031-8045-5328,2026-01-23,3830000,경기도 안양시
경기도,안양시,화창로92번길,,,3,210,1,N,37.411591,126.904939,37.413340,126.904330,,경기도 안양시청,031-8045-5328,2026-01-23,3830000,경기도 안양시
경기도,안양시,석수로212번길,,,3,275,1,N,37.407266,126.896254,37.409276,126.894565,,경기도 안양시청,031-8045-5328,2026-01-23,3830000,경기도 안양시
경기도,안양시,충훈로83번길,,,3,80,1,N,37.406813,126.898894,37.407484,126.899152,,경기도 안양시청,031-8045-5328,2026-01-23,3830000,경기도 안양시
경기도,안양시,와룡로3번길,,,3,120,1,N,37.405572,126.896262,37.405853,126.897517,,경기도 안양시청,031-8045-5328,2026-01-23,3830000,경기도 안양시
경기도,안양시,와룡로3번길,,,3,115,1,N,37.406279,126.897356,37.406011,126.896176,,경기도 안양시청,031-8045-5328,2026-01-23,3830000,경기도 안양시
경기도,안양시,충훈로101번길,,,3,385,1,N,37.404592,126.898048,37.407153,126.896283,,경기도 안양시청,031-8045-5328,2026-01-23,3830000,경기도 안양시
경기도,안양시,와룡로3번길,,,3,425,1,N,37.404692,126.898450,37.406783,126.896349,,경기도 안양시청,031-8045-5328,2026-01-23,3830000,경기도 안양시
경기도,안양시,와룡로,,,3,350,1,N,37.404371,126.898646,37.407451,126.897563,,경기도 안양시청,031-8045-5328,2026-01-23,3830000,경기도 안양시
경기도,안양시,와룡로4번길,,,3,125,1,N,37.404975,126.899768,37.405605,126.899560,,경기도 안양시청,031-8045-5328,2026-01-23,3830000,경기도 안양시
경기도,안양시,양화로116번길,,,3,425,1,N,37.403028,126.911001,37.403145,126.915708,,경기도 안양시청,031-8045-5328,2026-01-23,3830000,경기도 안양시
경기도,안양시,박달로539번길,,,3,240,1,N,37.404496,126.913203,37.403522,126.910734,,경기도 안양시청,031-8045-5328,2026-01-23,3830000,경기도 안양시
경기도,안양시,박달로539번길,,,3,240,1,N,37.404338,126.911822,37.405272,126.914205,,경기도 안양시청,031-8045-5328,2026-01-23,3830000,경기도 안양시
경기도,안양시,박달로525번길,,,3,210,1,N,37.404370,126.911696,37.403091,126.910919,,경기도 안양시청,031-8045-5328,2026-01-23,3830000,경기도 안양시
경기도,안양시,양화로128번길,,,3,530,1,N,37.403990,126.909674,37.406206,126.915170,,경기도 안양시청,031-8045-5328,2026-01-23,3830000,경기도 안양시
경기도,안양시,양화로158번길,,,3,180,1,N,37.406488,126.908159,37.407182,126.910002,,경기도 안양시청,031-8045-5328,2026-01-23,3830000,경기도 안양시
경기도,안양시,박달로525번길,,,3,115,1,N,37.403645,126.912128,37.403185,126.910959,,경기도 안양시청,031-8045-5328,2026-01-23,3830000,경기도 안양시
경기도,안양시,안양로314번길,,,3,185,1,N,37.400451,126.920966,37.401784,126.921647,,경기도 안양시청,031-8045-5328,2026-01-23,3830000,경기도 안양시
경기도,안양시,안양로304번길,,,3,190,1,N,37.399235,126.921106,37.400283,126.923094,,경기도 안양시청,031-8045-5328,2026-01-23,3830000,경기도 안양시
경기도,안양시,장내로139번길,,,3,325,1,N,37.399515,126.921659,37.397831,126.923044,,경기도 안양시청,031-8045-5328,2026-01-23,3830000,경기도 안양시
경기도,안양시,장내로143번길,,,3,85,1,N,37.398807,126.922884,37.398108,126.923468,,경기도 안양시청,031-8045-5328,2026-01-23,3830000,경기도 안양시
경기도,안양시,장내로149번길,,,3,100,1,N,37.399032,126.923373,37.398384,126.923997,,경기도 안양시청,031-8045-5328,2026-01-23,3830000,경기도 안양시
경기도,안양시,안양로292번길,,,3,200,1,N,37.398384,126.921857,37.399359,126.923921,,경기도 안양시청,031-8045-5328,2026-01-23,3830000,경기도 안양시
경기도,안양시,장내로150번길,,,3,310,1,N,37.396030,126.926326,37.398268,126.924214,,경기도 안양시청,031-8045-5328,2026-01-23,3830000,경기도 안양시
경기도,안양시,안양로258번길,,,3,175,1,N,37.397041,126.926220,37.395836,126.923911,,경기도 안양시청,031-8045-5328,2026-01-23,3830000,경기도 안양시
경기도,안양시,장내로140번길,,,3,105,1,N,37.396554,126.924226,37.397078,126.925272,,경기도 안양시청,031-8045-5328,2026-01-23,3830000,경기도 안양시
경기도,안양시,장내로140번길,,,3,100,1,N,37.397351,126.923571,37.397818,126.924508,,경기도 안양시청,031-8045-5328,2026-01-23,3830000,경기도 안양시
경기도,안양시,안양로268번길,,,3,220,1,N,37.396612,126.923266,37.397801,126.925467,,경기도 안양시청,031-8045-5328,2026-01-23,3830000,경기도 안양시
경기도,안양시,장내로140번길,,,3,255,1,N,37.397735,126.923127,37.395373,126.925082,,경기도 안양시청,031-8045-5328,2026-01-23,3830000,경기도 안양시
경기도,안양시,예술공원로,,,3,90,1,N,37.418617,126.932002,37.418617,126.932002,,경기도 안양시청,031-8045-5328,2026-01-23,3830000,경기도 안양시
경기도,안양시,예술공원로208번길,,,3,375,1,N,37.419951,126.928937,37.418188,126.932199,,경기도 안양시청,031-8045-5328,2026-01-23,3830000,경기도 안양시
경기도,안양시,예술공원로138번길,,,3,390,1,N,37.418432,126.921122,37.419447,126.924979,,경기도 안양시청,031-8045-5328,2026-01-23,3830000,경기도 안양시
경기도,안양시,경수대로1188번길,,,3,200,1,N,37.417424,126.917802,37.416142,126.916118,,경기도 안양시청,031-8045-5328,2026-01-23,3830000,경기도 안양시
경기도,안양시,예술공원로52번길,,,3,250,1,N,37.412318,126.920070,37.412499,126.917528,,경기도 안양시청,031-8045-5328,2026-01-23,3830000,경기도 안양시
경기도,안양시,예술공원로42번길,,,3,130,1,N,37.410960,126.916235,37.411924,126.916235,,경기도 안양시청,031-8045-5328,2026-01-23,3830000,경기도 안양시
경기도,안양시,박달로545번길,,,3,235,1,N,37.406040,126.913746,37.405147,126.911336,,경기도 안양시청,031-8045-5328,2026-01-23,3830000,경기도 안양시
경기도,안양시,박달우회로150번길,,,3,235,1,N,37.406927,126.913218,37.406003,126.910839,,경기도 안양시청,031-8045-5328,2026-01-23,3830000,경기도 안양시
경기도,안양시,박달우회로150번길,,,3,390,1,N,37.407893,126.912969,37.406393,126.909039,,경기도 안양시청,031-8045-5328,2026-01-23,3830000,경기도 안양시
경기도,안양시,박달로557번길,,,3,440,1,N,37.407333,126.912975,37.404538,126.915650,,경기도 안양시청,031-8045-5328,2026-01-23,3830000,경기도 안양시
경기도,안양시,박달로557번길,,,3,205,1,N,37.404250,126.915675,37.404197,126.913314,,경기도 안양시청,031-8045-5328,2026-01-23,3830000,경기도 안양시
경기도,안양시,박달로557번길,,,3,210,1,N,37.403559,126.915690,37.403480,126.912344,,경기도 안양시청,031-8045-5328,2026-01-23,3830000,경기도 안양시
경기도,안양시,안양로369번길,,,3,310,1,N,37.403793,126.913324,37.404155,126.916875,,경기도 안양시청,031-8045-5328,2026-01-23,3830000,경기도 안양시
경기도,안양시,박달로567번길,,,3,205,1,N,37.404547,126.915661,37.402715,126.915721,,경기도 안양시청,031-8045-5328,2026-01-23,3830000,경기도 안양시
경기도,안양시,박달우회로164번길,,,3,125,1,N,37.404887,126.915459,37.403924,126.916271,,경기도 안양시청,031-8045-5328,2026-01-23,3830000,경기도 안양시
경기도,안양시,박달우회로164번길,,,3,435,1,N,37.404979,126.915481,37.408320,126.912750,,경기도 안양시청,031-8045-5328,2026-01-23,3830000,경기도 안양시
경기도,안양시,만안로340번길,,,3,805,1,N,37.409296,126.915826,37.403108,126.920692,,경기도 안양시청,031-8045-5328,2026-01-23,3830000,경기도 안양시
경기도,안양시,안양로398번길,,,3,85,1,N,37.406931,126.915532,37.407326,126.916297,,경기도 안양시청,031-8045-5328,2026-01-23,3830000,경기도 안양시
경기도,안양시,안양로418번길,,,3,180,1,N,37.407821,126.914016,37.408769,126.915815,,경기도 안양시청,031-8045-5328,2026-01-23,3830000,경기도 안양시
경기도,안양시,안양로406번길,,,3,270,1,N,37.408622,126.914022,37.406621,126.915683,,경기도 안양시청,031-8045-5328,2026-01-23,3830000,경기도 안양시
경기도,안양시,안양로398번길,,,3,252,1,N,37.407088,126.916605,37.408979,126.915077,,경기도 안양시청,031-8045-5328,2026-01-23,3830000,경기도 안양시
경기도,안양시,안양로384번길,,,3,85,1,N,37.403479,126.918396,37.403885,126.919161,,경기도 안양시청,031-8045-5328,2026-01-23,3830000,경기도 안양시
경기도,안양시,안양로372번길,,,3,90,1,N,37.404128,126.917825,37.404538,126.918608,,경기도 안양시청,031-8045-5328,2026-01-23,3830000,경기도 안양시
경기도,안양시,안양로372번길,,,3,85,1,N,37.404842,126.918374,37.404409,126.917586,,경기도 안양시청,031-8045-5328,2026-01-23,3830000,경기도 안양시
경기도,안양시,안양로384번길,,,3,85,1,N,37.405388,126.917906,37.404914,126.917175,,경기도 안양시청,031-8045-5328,2026-01-23,3830000,경기도 안양시
경기도,안양시,안양로384번길,,,3,85,1,N,37.405193,126.916949,37.405602,126.917742,,경기도 안양시청,031-8045-5328,2026-01-23,3830000,경기도 안양시
경기도,안양시,안양로384번길,,,3,310,1,N,37.405465,126.916621,37.403093,126.918626,,경기도 안양시청,031-8045-5328,2026-01-23,3830000,경기도 안양시
경기도,안양시,안양로384번길,,,3,315,1,N,37.403557,126.919515,37.405973,126.917544,,경기도 안양시청,031-8045-5328,2026-01-23,3830000,경기도 안양시
경기도,안양시,안양로332번길,,,3,215,1,N,37.402994,126.918683,37.401288,126.920097,,경기도 안양시청,031-8045-5328,2026-01-23,3830000,경기도 안양시
경기도,안양시,안양로340번길,,,3,135,1,N,37.402758,126.920402,37.402053,126.918754,,경기도 안양시청,031-8045-5328,2026-01-23,3830000,경기도 안양시
경기도,안양시,안양로340번길,,,3,100,1,N,37.402786,126.920173,37.403466,126.919590,,경기도 안양시청,031-8045-5328,2026-01-23,3830000,경기도 안양시
경기도,안양시,안양로332번길,,,3,165,1,N,37.401395,126.919285,37.402496,126.919796,,경기도 안양시청,031-8045-5328,2026-01-23,3830000,경기도 안양시
경기도,안양시,안양로343번길,,,3,365,1,N,37.401817,126.912921,37.401875,126.917015,,경기도 안양시청,031-8045-5328,2026-01-23,3830000,경기도 안양시
경기도,안양시,박달로560번길,,,3,450,1,N,37.400429,126.913436,37.400236,126.918681,,경기도 안양시청,031-8045-5328,2026-01-23,3830000,경기도 안양시
경기도,안양시,양화로37번길,,,3,170,1,N,37.396438,126.912139,37.395145,126.912986,,경기도 안양시청,031-8045-5328,2026-01-23,3830000,경기도 안양시
경기도,안양시,장내로125번길,,,3,85,1,N,37.398898,126.920316,37.399577,126.919734,,경기도 안양시청,031-8045-5328,2026-01-23,3830000,경기도 안양시
경기도,안양시,냉천로193번길,,,3,82,1,N,37.397025,126.918976,37.397675,126.918448,,경기도 안양시청,031-8045-5328,2026-01-23,3830000,경기도 안양시
경기도,안양시,양화로6번길,,,3,180,1,N,37.394591,126.915802,37.395503,126.917561,,경기도 안양시청,031-8045-5328,2026-01-23,3830000,경기도 안양시
경기도,안양시,장내로75번길,,,3,210,1,N,37.394647,126.917050,37.396241,126.915662,,경기도 안양시청,031-8045-5328,2026-01-23,3830000,경기도 안양시
경기도,안양시,병목안로51번길,,,3,95,1,N,37.395816,126.916700,37.396594,126.916072,,경기도 안양시청,031-8045-5328,2026-01-23,3830000,경기도 안양시
경기도,안양시,냉천로185번길,,,3,85,1,N,37.396116,126.918976,37.395716,126.918198,,경기도 안양시청,031-8045-5328,2026-01-23,3830000,경기도 안양시
경기도,안양시,냉천로189번길,,,3,85,1,N,37.396414,126.918715,37.396029,126.917933,,경기도 안양시청,031-8045-5328,2026-01-23,3830000,경기도 안양시
경기도,안양시,장내로89번길,,,3,245,1,N,37.395398,126.918479,37.397284,126.916872,,경기도 안양시청,031-8045-5328,2026-01-23,3830000,경기도 안양시
경기도,안양시,냉천로175번길,,,3,220,1,N,37.395851,126.920543,37.394734,126.918458,,경기도 안양시청,031-8045-5328,2026-01-23,3830000,경기도 안양시
경기도,안양시,냉천로172번길,,,3,90,1,N,37.396142,126.921696,37.395750,126.920823,,경기도 안양시청,031-8045-5328,2026-01-23,3830000,경기도 안양시
경기도,안양시,안양로263번길,,,3,400,1,N,37.396163,126.923493,37.394115,126.919616,,경기도 안양시청,031-8045-5328,2026-01-23,3830000,경기도 안양시
경기도,안양시,냉천로154번길,,,3,90,1,N,37.394240,126.922116,37.394665,126.922933,,경기도 안양시청,031-8045-5328,2026-01-23,3830000,경기도 안양시
경기도,안양시,냉천로147번길,,,3,95,1,N,37.393527,126.921542,37.393527,126.921542,,경기도 안양시청,031-8045-5328,2026-01-23,3830000,경기도 안양시
경기도,안양시,안양로247번길,,,3,205,1,N,37.394358,126.923195,37.393349,126.921277,,경기도 안양시청,031-8045-5328,2026-01-23,3830000,경기도 안양시
경기도,안양시,냉천로144번길,,,3,90,1,N,37.393468,126.922723,37.393907,126.923563,,경기도 안양시청,031-8045-5328,2026-01-23,3830000,경기도 안양시
경기도,안양시,삼덕로37번길,,,3,250,1,N,37.390507,126.921352,37.392322,126.920775,,경기도 안양시청,031-8045-5328,2026-01-23,3830000,경기도 안양시
경기도,안양시,현충로98번길,,,3,280,1,N,37.392527,126.920951,37.390527,126.921369,,경기도 안양시청,031-8045-5328,2026-01-23,3830000,경기도 안양시
경기도,안양시,현충로48번길,,,3,330,1,N,37.393417,126.923970,37.390933,126.926045,,경기도 안양시청,031-8045-5328,2026-01-23,3830000,경기도 안양시
경기도,안양시,안양로223번길,,,3,85,1,N,37.392612,126.924654,37.392166,126.923823,,경기도 안양시청,031-8045-5328,2026-01-23,3830000,경기도 안양시
경기도,안양시,현충로42번길,,,3,215,1,N,37.391282,126.926733,37.392883,126.925351,,경기도 안양시청,031-8045-5328,2026-01-23,3830000,경기도 안양시
경기도,안양시,안양로213번길,,,3,210,1,N,37.391290,126.924551,37.392392,126.926652,,경기도 안양시청,031-8045-5328,2026-01-23,3830000,경기도 안양시
경기도,안양시,만안로141번길,,,3,250,1,N,37.393163,126.927024,37.394901,126.928826,,경기도 안양시청,031-8045-5328,2026-01-23,3830000,경기도 안양시
경기도,안양시,안양로,,,3,45,1,N,37.393309,126.926074,37.393571,126.926585,,경기도 안양시청,031-8045-5328,2026-01-23,3830000,경기도 안양시
경기도,안양시,현충로28번길,,,3,215,1,N,37.394410,126.925882,37.392794,126.927231,,경기도 안양시청,031-8045-5328,2026-01-23,3830000,경기도 안양시
경기도,안양시,안양로214번길,,,3,300,1,N,37.394117,126.929729,37.392524,126.926722,,경기도 안양시청,031-8045-5328,2026-01-23,3830000,경기도 안양시
경기도,안양시,수리산로18번길,,,3,110,1,N,37.386039,126.931105,37.385480,126.930051,,경기도 안양시청,031-8045-5328,2026-01-23,3830000,경기도 안양시
경기도,안양시,문예로,,,3,40,1,N,37.384229,126.929174,37.384559,126.928901,,경기도 안양시청,031-8045-5328,2026-01-23,3830000,경기도 안양시
경기도,안양시,냉천로28번길,,,3,165,1,N,37.385035,126.929636,37.384195,126.928069,,경기도 안양시청,031-8045-5328,2026-01-23,3830000,경기도 안양시
경기도,안양시,냉천로28번길,,,3,160,1,N,37.384554,126.928693,37.385747,126.927696,,경기도 안양시청,031-8045-5328,2026-01-23,3830000,경기도 안양시
경기도,안양시,냉천로38번길,,,3,365,1,N,37.384936,126.927690,37.386812,126.931269,,경기도 안양시청,031-8045-5328,2026-01-23,3830000,경기도 안양시
경기도,안양시,수리산로18번길,,,3,110,1,N,37.386320,126.929349,37.386868,126.930403,,경기도 안양시청,031-8045-5328,2026-01-23,3830000,경기도 안양시
경기도,안양시,냉천로38번길,,,3,180,1,N,37.386098,126.928008,37.384766,126.929139,,경기도 안양시청,031-8045-5328,2026-01-23,3830000,경기도 안양시
경기도,안양시,냉천로44번길,,,3,100,1,N,37.386439,126.928454,37.385510,126.927397,,경기도 안양시청,031-8045-5328,2026-01-23,3830000,경기도 안양시
경기도,안양시,안양로147번길,,,3,210,1,N,37.387594,126.930637,37.386482,126.928534,,경기도 안양시청,031-8045-5328,2026-01-23,3830000,경기도 안양시
경기도,안양시,수리산로18번길,,,3,115,1,N,37.387055,126.928745,37.387599,126.929783,,경기도 안양시청,031-8045-5328,2026-01-23,3830000,경기도 안양시
경기도,안양시,수리산로28번길,,,3,330,1,N,37.385519,126.931597,37.388034,126.929538,,경기도 안양시청,031-8045-5328,2026-01-23,3830000,경기도 안양시
경기도,안양시,안양로148번길,,,3,105,1,N,37.387610,126.930818,37.388189,126.931912,,경기도 안양시청,031-8045-5328,2026-01-23,3830000,경기도 안양시
경기도,안양시,수리산로18번길,,,3,330,1,N,37.387434,126.928316,37.384892,126.930406,,경기도 안양시청,031-8045-5328,2026-01-23,3830000,경기도 안양시
경기도,안양시,수리산로47번길,,,3,90,1,N,37.389778,126.930585,37.389037,126.931189,,경기도 안양시청,031-8045-5328,2026-01-23,3830000,경기도 안양시
경기도,안양시,만안로123번길,,,3,105,1,N,37.393112,126.929132,37.393656,126.930179,,경기도 안양시청,031-8045-5328,2026-01-23,3830000,경기도 안양시
경기도,안양시,현충로12번길,,,3,105,1,N,37.392704,126.929456,37.393499,126.928780,,경기도 안양시청,031-8045-5328,2026-01-23,3830000,경기도 안양시
경기도,안양시,현충로16번길,,,3,105,1,N,37.393271,126.928309,37.393271,126.928309,,경기도 안양시청,031-8045-5328,2026-01-23,3830000,경기도 안양시
경기도,안양시,현충로28번길,,,3,105,1,N,37.392739,126.927297,37.391924,126.927970,,경기도 안양시청,031-8045-5328,2026-01-23,3830000,경기도 안양시
경기도,안양시,현충로24번길,,,3,105,1,N,37.392165,126.928432,37.392989,126.927743,,경기도 안양시청,031-8045-5328,2026-01-23,3830000,경기도 안양시
경기도,안양시,소곡로26번길,,,3,115,1,N,37.390956,126.928850,37.391875,126.928091,,경기도 안양시청,031-8045-5328,2026-01-23,3830000,경기도 안양시
경기도,안양시,소곡로20번길,,,3,125,1,N,37.392129,126.928611,37.391231,126.929361,,경기도 안양시청,031-8045-5328,2026-01-23,3830000,경기도 안양시
경기도,안양시,만안로111번길,,,3,200,1,N,37.391693,126.929068,37.392708,126.930991,,경기도 안양시청,031-8045-5328,2026-01-23,3830000,경기도 안양시
경기도,안양시,만안로99번길,,,3,85,1,N,37.390791,126.929865,37.391195,126.930620,,경기도 안양시청,031-8045-5328,2026-01-23,3830000,경기도 안양시
경기도,안양시,만안로91번길,,,3,80,1,N,37.390697,126.931041,37.390301,126.930249,,경기도 안양시청,031-8045-5328,2026-01-23,3830000,경기도 안양시
경기도,안양시,수리산로55번길,,,3,95,1,N,37.389435,126.931970,37.390195,126.931357,,경기도 안양시청,031-8045-5328,2026-01-23,3830000,경기도 안양시
경기도,안양시,수리산로56번길,,,3,90,1,N,37.388672,126.932652,37.389359,126.932039,,경기도 안양시청,031-8045-5328,2026-01-23,3830000,경기도 안양시
경기도,안양시,안양로148번길,,,3,145,1,N,37.389014,126.933321,37.388268,126.931940,,경기도 안양시청,031-8045-5328,2026-01-23,3830000,경기도 안양시
경기도,안양시,만안로55번길,,,3,120,1,N,37.387606,126.932568,37.388231,126.933694,,경기도 안양시청,031-8045-5328,2026-01-23,3830000,경기도 안양시
경기도,안양시,수리산로48번길,,,3,260,1,N,37.388945,126.931249,37.387029,126.933027,,경기도 안양시청,031-8045-5328,2026-01-23,3830000,경기도 안양시
경기도,안양시,안양로138번길,,,3,95,1,N,37.387002,126.933153,37.387450,126.934005,,경기도 안양시청,031-8045-5328,2026-01-23,3830000,경기도 안양시
경기도,안양시,안양로112번길,,,3,65,1,N,37.385355,126.934798,37.384857,126.933094,,경기도 안양시청,031-8045-5328,2026-01-23,3830000,경기도 안양시
경기도,안양시,문예로52번길,,,3,225,1,N,37.386036,126.933127,37.386036,126.934011,,경기도 안양시청,031-8045-5328,2026-01-23,3830000,경기도 안양시
경기도,안양시,안양로102번길,,,3,115,1,N,37.384101,126.933733,37.384529,126.935066,,경기도 안양시청,031-8045-5328,2026-01-23,3830000,경기도 안양시
경기도,안양시,안양천서로,,,3,325,1,N,37.380461,126.938482,37.383482,126.939559,,경기도 안양시청,031-8045-5328,2026-01-23,3830000,경기도 안양시
경기도,안양시,문예로24번길,,,3,230,1,N,37.384819,126.930513,37.383034,126.931995,,경기도 안양시청,031-8045-5328,2026-01-23,3830000,경기도 안양시
경기도,안양시,문예로6번길,,,3,80,1,N,37.383532,126.929222,37.383878,126.929908,,경기도 안양시청,031-8045-5328,2026-01-23,3830000,경기도 안양시
경기도,안양시,문예로14번길,,,3,220,1,N,37.382674,126.931034,37.384347,126.929629,,경기도 안양시청,031-8045-5328,2026-01-23,3830000,경기도 안양시
경기도,안양시,문예로6번길,,,3,105,1,N,37.383910,126.928824,37.383089,126.929487,,경기도 안양시청,031-8045-5328,2026-01-23,3830000,경기도 안양시
경기도,안양시,성결대학로45번길,,,3,250,1,N,37.381649,126.929350,37.380936,126.929945,,경기도 안양시청,031-8045-5328,2026-01-23,3830000,경기도 안양시
경기도,안양시,성결대학로51번길,,,3,140,1,N,37.381347,126.928828,37.381939,126.929867,,경기도 안양시청,031-8045-5328,2026-01-23,3830000,경기도 안양시
경기도,안양시,성결대학로11번길,,,3,320,1,N,37.381341,126.931946,37.381416,126.931886,,경기도 안양시청,031-8045-5328,2026-01-23,3830000,경기도 안양시
경기도,안양시,안양로68번길,,,3,100,1,N,37.383317,126.935410,37.381659,126.935945,,경기도 안양시청,031-8045-5328,2026-01-23,3830000,경기도 안양시
경기도,안양시,장내로,,,3,135,1,N,37.392217,126.909494,37.392868,126.912108,,경기도 안양시청,031-8045-5328,2026-01-23,3830000,경기도 안양시
경상남도,김해시,금관대로1364번길,,2022,5,60,1,N,35.244336,128.867256,35.244375,128.866773,,경상남도 김해중부경찰서,055-344-8354,2025-12-26,5350000,경상남도 김해시
경상남도,김해시,김해대로334번길,,,4,80,1,N,35.304802,128.7253412,35.304326,128.726242,,경상남도 김해서부경찰서,055-310-0343,2025-12-26,5350000,경상남도 김해시
경상남도,김해시,진영로109번길,,,4,90,1,N,35.304795,128.726201,35.304802,128.7253412,,경상남도 김해서부경찰서,055-310-0343,2025-12-26,5350000,경상남도 김해시
경상남도,김해시,서부로,,,7,250,1,Y,35.233827,128.847335,35.235175,128.8456812,,경상남도 김해서부경찰서,055-310-0343,2025-12-26,5350000,경상남도 김해시
경상남도,김해시,칠산로459번길,,,9,120,1,N,35.2131312,128.852577,35.212987,128.851905,,경상남도 김해서부경찰서,055-310-0343,2025-12-26,5350000,경상남도 김해시
경상남도,김해시,능동로155번길,,,12,260,1,Y,35.203196,128.808983,35.203755,128.808411,,경상남도 김해서부경찰서,055-310-0343,2025-12-26,5350000,경상남도 김해시
경상남도,김해시,대청로,,,10,200,1,Y,35.185342,128.797857,35.185342,128.797857,,경상남도 김해서부경찰서,055-310-0343,2025-12-26,5350000,경상남도 김해시
경상남도,김해시,진영로,,,8,420,1,Y,35.304692,128.713287,35.303511,128.711248,,경상남도 김해서부경찰서,055-310-0343,2025-12-26,5350000,경상남도 김해시
경상남도,김해시,송현로,,,6,280,1,N,35.248575,128.751313,35.248861,128.748469,,경상남도 김해서부경찰서,055-310-0343,2025-12-26,5350000,경상남도 김해시
경상남도,김해시,금관대로1364번길,,,4,70,1,Y,35.2442987,128.8673767,35.2443461,128.8666492,,경상남도 김해중부경찰서,055-344-8354,2025-12-26,5350000,경상남도 김해시
경상남도,김해시,해반천로,,,6,200,1,Y,35.26229121,128.868084,35.262531,128.870332,,경상남도 김해중부경찰서,055-344-8354,2025-12-26,5350000,경상남도 김해시
경상남도,김해시,해반천로,,,6,200,1,Y,35.262044,128.870395,35.261878,128.868476,,경상남도 김해중부경찰서,055-344-8354,2025-12-26,5350000,경상남도 김해시
경상남도,김해시,분성로,,,4,160,1,N,35.2312074,128.8507101,35.2323432,128.849739,,경상남도 김해중부경찰서,055-344-8354,2025-12-26,5350000,경상남도 김해시
경상남도,김해시,식만로,,,4,500,1,N,35.2197938,128.9232679,35.2178226,128.9165053,,경상남도 김해중부경찰서,055-344-8354,2025-12-26,5350000,경상남도 김해시
경상남도,김해시,분성로3번길,,,5,600,1,N,35.2365218,128.8518864,35.2337614,128.8478817,,경상남도 김해중부경찰서,055-344-8354,2025-12-26,5350000,경상남도 김해시
경상남도,김해시,삼안로77번길,,,6,200,1,N,35.2364191,128.9171995,35.236678,128.9147289,,경상남도 김해중부경찰서,055-344-8354,2025-12-26,5350000,경상남도 김해시
경상남도,김해시,분성로627번길,,,5,120,1,N,35.2368367,128.9156866,35.2374868,128.9147027,,경상남도 김해중부경찰서,055-344-8354,2025-12-26,5350000,경상남도 김해시
경상남도,김해시,가락로,,,4,125,1,N,35.236584,128.8809512,35.2362756,128.8796841,,경상남도 김해중부경찰서,055-344-8354,2025-12-26,5350000,경상남도 김해시
경상남도,김해시,왕릉길,,,4,250,1,N,35.2336362,128.8772747,35.2329411,128.8748568,,경상남도 김해중부경찰서,055-344-8354,2025-12-26,5350000,경상남도 김해시
경상남도,김해시,왕릉길,,,4,140,1,N,35.2343552,128.8796381,35.2336941,128.8775412,,경상남도 김해중부경찰서,055-344-8354,2025-12-26,5350000,경상남도 김해시
경상남도,김해시,왕릉길,,,4,170,1,N,35.2343552,128.8796381,35.2343552,128.8796381,,경상남도 김해중부경찰서,055-344-8354,2025-12-26,5350000,경상남도 김해시
경상남도,김해시,삼안로291번길,,,4,200,1,N,35.2451008,128.9071178,35.2463999,128.9078607,,경상남도 김해중부경찰서,055-344-8354,2025-12-26,5350000,경상남도 김해시
경상남도,김해시,분성로336번길,,,4,200,1,N,35.2311129,128.8832451,35.2300802,128.8833056,,경상남도 김해중부경찰서,055-344-8354,2025-12-26,5350000,경상남도 김해시
경상남도,김해시,분성로225번길,,,4,200,1,N,35.2335484,128.8827303,35.2312386,128.8833026,,경상남도 김해중부경찰서,055-344-8354,2025-12-26,5350000,경상남도 김해시
경상남도,김해시,호계로452번길,,,5,90,1,N,35.2305336,128.8869294,35.2297794,128.8869353,,경상남도 김해중부경찰서,055-344-8354,2025-12-26,5350000,경상남도 김해시
경상남도,김해시,김해대로2385번길,,,5,90,1,N,35.2299049,128.8873501,35.2306812,128.8872001,,경상남도 김해중부경찰서,055-344-8354,2025-12-26,5350000,경상남도 김해시
경상남도,김해시,가락로64번길,,,4,200,1,N,35.2321383,128.8820122,35.2325195,128.8843871,,경상남도 김해중부경찰서,055-344-8354,2025-12-26,5350000,경상남도 김해시
경상남도,김해시,호계로517번길,,,4,90,1,N,35.2366159,128.8820653,35.2364662,128.8811579,,경상남도 김해중부경찰서,055-344-8354,2025-12-26,5350000,경상남도 김해시
경상남도,김해시,호계로517번길,,,4,45,1,N,35.2368161,128.8842618,35.2368246,128.8837966,,경상남도 김해중부경찰서,055-344-8354,2025-12-26,5350000,경상남도 김해시
경상남도,김해시,호계로,,,4,100,1,N,35.2365731,128.885624,35.2366157,128.8846006,,경상남도 김해중부경찰서,055-344-8354,2025-12-26,5350000,경상남도 김해시
경상남도,김해시,분성로365번길,,,5,150,1,N,35.2353764,128.8860037,35.2365731,128.885624,,경상남도 김해중부경찰서,055-344-8354,2025-12-26,5350000,경상남도 김해시
경상남도,김해시,분성로346번길,,,4,250,1,N,35.23133225,128.8839626,35.2336872,128.8838646,,경상남도 김해중부경찰서,055-344-8354,2025-12-26,5350000,경상남도 김해시
경상남도,김해시,가락로,,,6,110,1,N,35.2490082,128.8738844,35.2501775,128.8729305,,경상남도 김해중부경찰서,055-344-8354,2025-12-26,5350000,경상남도 김해시
충청남도,천안시,불당24로,,,6,143,2,Y,36.822146,127.107226,36.822757,127.108137,,충청남도 천안시 교통정책과,041-521-5885,2026-01-14,4490000,충청남도 천안시
충청남도,천안시,성정공원3길,,,3,303,1,Y,36.826366,127.141054,36.826108,127.144533,,충청남도 천안시 교통정책과,041-521-5885,2026-01-14,4490000,충청남도 천안시
충청남도,천안시,성정공원4길,,,3,312,1,Y,36.826811,127.144572,36.827063,127.141157,,충청남도 천안시 교통정책과,041-521-5885,2026-01-14,4490000,충청남도 천안시
충청남도,천안시,성정공원6길,,,3,315,1,Y,36.828515,127.141333,36.828258,127.144776,,충청남도 천안시 교통정책과,041-521-5885,2026-01-14,4490000,충청남도 천안시
충청남도,천안시,성정공원7길,,,3,315,1,Y,36.828953,127.144879,36.829231,127.141424,,충청남도 천안시 교통정책과,041-521-5885,2026-01-14,4490000,충청남도 천안시
충청남도,천안시,두정상가4길,,,3,152,1,Y,36.832778,127.142788,36.832678,127.144346,,충청남도 천안시 교통정책과,041-521-5885,2026-01-14,4490000,충청남도 천안시
충청남도,천안시,두정상가6길,,,3.5,367,1,Y,36.829856,127.144167,36.833215,127.144539,,충청남도 천안시 교통정책과,041-521-5885,2026-01-14,4490000,충청남도 천안시
충청남도,천안시,두정상가4길,,,3,362,1,Y,36.833219,127.142562,36.829997,127.142389,,충청남도 천안시 교통정책과,041-521-5885,2026-01-14,4490000,충청남도 천안시
충청남도,천안시,두정상가1길,,,3,152,1,Y,36.832907,127.140694,36.832989,127.139162,,충청남도 천안시 교통정책과,041-521-5885,2026-01-14,4490000,충청남도 천안시
충청남도,천안시,두정상가3길,,,3.5,362,1,Y,36.830145,127.140481,36.833485,127.140869,,충청남도 천안시 교통정책과,041-521-5885,2026-01-14,4490000,충청남도 천안시
충청남도,천안시,두정상가1길,,,3.5,356,1,Y,36.833579,127.139123,36.830261,127.138763,,충청남도 천안시 교통정책과,041-521-5885,2026-01-14,4490000,충청남도 천안시
충청남도,천안시,불당21로,,,6.5,52,2,Y,36.814276,127.107714,36.814191,127.108119,,충청남도 천안시 교통정책과,041-521-5885,2026-01-14,4490000,충청남도 천안시
충청남도,천안시,불당25로,,,6.5,52,2,Y,36.813386,127.107948,36.813559,127.107459,,충청남도 천안시 교통정책과,041-521-5885,2026-01-14,4490000,충청남도 천안시
충청남도,천안시,검은들3길,,,8,281,2,Y,36.811748,127.109953,36.810193,127.109537,,충청남도 천안시 교통정책과,041-521-5885,2026-01-14,4490000,충청남도 천안시
충청남도,천안시,검은들3길,,,8,290,2,Y,36.810147,127.109728,36.811693,127.110191,,충청남도 천안시 교통정책과,041-521-5885,2026-01-14,4490000,충청남도 천안시
충청남도,천안시,불당33길,,,12,180,2,Y,36.810801,127.106701,36.812301,127.107201,,충청남도 천안시 교통정책과,041-521-5885,2026-01-14,4490000,충청남도 천안시
충청남도,천안시,백석4길,,,7,160,1,Y,36.821788,127.124231,36.822283,127.123411,,충청남도 천안시 교통정책과,041-521-5885,2026-01-14,4490000,충청남도 천안시
충청남도,천안시,백석3로,,,4,185,1,Y,36.821723,127.124774,36.822477,127.125003,,충청남도 천안시 교통정책과,041-521-5885,2026-01-14,4490000,충청남도 천안시
충청남도,천안시,한들3로,,,4.5,150,1,Y,36.830826,127.121126,36.830844,127.122639,,충청남도 천안시 교통정책과,041-521-5885,2026-01-14,4490000,충청남도 천안시
충청남도,천안시,쌍용19로,,,6,161,2,Y,36.793825,127.122327,36.793616,127.120823,,충청남도 천안시 교통정책과,041-521-5885,2026-01-14,4490000,충청남도 천안시
충청남도,천안시,쌍용5길,,,3.5,176,1,Y,36.802168,127.122515,36.800942,127.121845,,충청남도 천안시 교통정책과,041-521-5885,2026-01-14,4490000,충청남도 천안시
충청남도,천안시,미라5길,,,4.5,200,1,Y,36.799766,127.127234,36.799991,127.129066,,충청남도 천안시 교통정책과,041-521-5885,2026-01-14,4490000,충청남도 천안시
충청남도,천안시,새말4길,,,5,478,1,Y,36.797847,127.131805,36.793445,127.132428,,충청남도 천안시 교통정책과,041-521-5885,2026-01-14,4490000,충청남도 천안시
충청남도,천안시,성정7길,,,3,93,1,N,36.815717,127.141647,36.816428,127.141508,,충청남도 천안시 교통정책과,041-521-5885,2026-01-14,4490000,충청남도 천안시
충청남도,천안시,성정6길,,,3,145,1,Y,36.815997,127.139807,36.814743,127.139873,,충청남도 천안시 교통정책과,041-521-5885,2026-01-14,4490000,충청남도 천안시
충청남도,천안시,하장4길,,,7,454,1,Y,36.914309,127.222097,36.913235,127.217211,,충청남도 천안시 교통정책과,041-521-5885,2026-01-14,4490000,충청남도 천안시
충청남도,천안시,입장시장2길,,,4.5,705,1,Y,36.914321,127.222265,36.914278,127.229994,,충청남도 천안시 교통정책과,041-521-5885,2026-01-14,4490000,충청남도 천안시
충청남도,천안시,성환3로,,,5,252,1,N,36.915169,127.132004,36.915313,127.129182,,충청남도 천안시 교통정책과,041-521-5885,2026-01-14,4490000,충청남도 천안시
충청남도,천안시,성환중앙로,,,6.5,454,1,N,36.918724,127.131681,36.915313,127.129182,,충청남도 천안시 교통정책과,041-521-5885,2026-01-14,4490000,충청남도 천안시
충청남도,천안시,성환12길,,,6,180,1,N,36.917467,127.128029,36.917554,127.130048,,충청남도 천안시 교통정책과,041-521-5885,2026-01-14,4490000,충청남도 천안시
충청남도,천안시,천호지길,,,3.5,132,1,N,36.837844,127.173836,36.836852,127.173011,,충청남도 천안시 교통정책과,041-521-5885,2026-01-14,4490000,충청남도 천안시
충청남도,천안시,단대1로,,,6,290,2,Y,36.830931,127.163652,36.832671,127.166207,,충청남도 천안시 교통정책과,041-521-5885,2026-01-14,4490000,충청남도 천안시
충청남도,천안시,단대1로,,,7,210,1,Y,36.825036,127.154497,36.826013,127.156025,,충청남도 천안시 교통정책과,041-521-5885,2026-01-14,4490000,충청남도 천안시
충청남도,천안시,천안천6길,,,7,40,1,N,36.819334,127.151684,36.819104,127.151381,,충청남도 천안시 교통정책과,041-521-5885,2026-01-14,4490000,충청남도 천안시
충청남도,천안시,터미널6길,,,3.5,130,1,Y,36.821012,127.159997,36.821909,127.159656,,충청남도 천안시 교통정책과,041-521-5885,2026-01-14,4490000,충청남도 천안시
충청남도,천안시,신부12길,,,6,37,1,N,36.818143,127.158872,36.818145,127.158299,,충청남도 천안시 교통정책과,041-521-5885,2026-01-14,4490000,충청남도 천안시
충청남도,천안시,신부2길,,,6,86,1,N,36.817313,127.158881,36.818143,127.158872,,충청남도 천안시 교통정책과,041-521-5885,2026-01-14,4490000,충청남도 천안시
충청남도,천안시,먹거리11길,,,6,478,1,N,36.817874,127.152713,36.818146,127.158141,,충청남도 천안시 교통정책과,041-521-5885,2026-01-14,4490000,충청남도 천안시
충청남도,천안시,먹거리10길,,,5,328,1,N,36.817849,127.157549,36.817886,127.153879,,충청남도 천안시 교통정책과,041-521-5885,2026-01-14,4490000,충청남도 천안시
충청남도,천안시,먹거리9길,,,4,320,1,N,36.817535,127.154008,36.817519,127.157551,,충청남도 천안시 교통정책과,041-521-5885,2026-01-14,4490000,충청남도 천안시
충청남도,천안시,먹거리8길,,,4,434,1,N,36.817185,127.158161,36.816885,127.153242,,충청남도 천안시 교통정책과,041-521-5885,2026-01-14,4490000,충청남도 천안시
충청남도,천안시,먹거리5길,,,6,99,1,N,36.818135,127.157587,36.817212,127.157613,,충청남도 천안시 교통정책과,041-521-5885,2026-01-14,4490000,충청남도 천안시
충청남도,천안시,먹거리4길,,,5,216,1,N,36.816751,127.156429,36.818805,127.156453,,충청남도 천안시 교통정책과,041-521-5885,2026-01-14,4490000,충청남도 천안시
충청남도,천안시,먹거리3길,,,5.5,98,1,N,36.818161,127.155127,36.817247,127.155114,,충청남도 천안시 교통정책과,041-521-5885,2026-01-14,4490000,충청남도 천안시
충청남도,천안시,먹거리2길,,,3.5,96,1,N,36.817223,127.154125,36.818094,127.153825,,충청남도 천안시 교통정책과,041-521-5885,2026-01-14,4490000,충청남도 천안시
충청남도,천안시,먹거리1길,,,5,120,1,N,36.818023,127.153161,36.817108,127.153732,,충청남도 천안시 교통정책과,041-521-5885,2026-01-14,4490000,충청남도 천안시
충청남도,천안시,남부대로,,,3,131,1,Y,36.781125,127.160228,36.781299,127.161619,,충청남도 천안시 교통정책과,041-521-5885,2026-01-14,4490000,충청남도 천안시
충청남도,천안시,풍세로798,,,4,130,1,Y,36.781081,127.142333,36.780131,127.142857,,충청남도 천안시 교통정책과,041-521-5885,2026-01-14,4490000,충청남도 천안시
충청남도,천안시,새말3길,,,5,441,1,Y,36.793504,127.131212,36.797618,127.130824,,충청남도 천안시 교통정책과,041-521-5885,2026-01-14,4490000,충청남도 천안시
충청남도,천안시,천안천변길,,,4.5,193,1,Y,36.786047,127.118626,36.785503,127.122858,,충청남도 천안시 교통정책과,041-521-5885,2026-01-14,4490000,충청남도 천안시
충청남도,천안시,용곡2길,,,3.5,44,1,Y,36.788455,127.135776,36.788278,127.135447,,충청남도 천안시 교통정책과,041-521-5885,2026-01-14,4490000,충청남도 천안시
충청남도,천안시,새말1길,,,3.5,155,1,Y,36.790125,127.132573,36.788774,127.132559,,충청남도 천안시 교통정책과,041-521-5885,2026-01-14,4490000,충청남도 천안시
충청남도,천안시,일봉로,,,3,120,1,Y,36.789656,127.136832,36.789773,127.136136,,충청남도 천안시 교통정책과,041-521-5885,2026-01-14,4490000,충청남도 천안시
충청남도,천안시,용곡2길,,,4.8,35,1,Y,36.791741,127.141856,36.791349,127.141667,,충청남도 천안시 교통정책과,041-521-5885,2026-01-14,4490000,충청남도 천안시
충청남도,천안시,용곡5길,,,3.5,222,1,N,36.791741,127.141856,36.790911,127.139544,,충청남도 천안시 교통정책과,041-521-5885,2026-01-14,4490000,충청남도 천안시
충청남도,천안시,용곡2길,,,3,236,1,Y,36.792999,127.144198,36.791787,127.141929,,충청남도 천안시 교통정책과,041-521-5885,2026-01-14,4490000,충청남도 천안시
충청남도,천안시,용곡1길,,,4,137,1,N,36.794829,127.145905,36.795826,127.146724,,충청남도 천안시 교통정책과,041-521-5885,2026-01-14,4490000,충청남도 천안시
충청남도,천안시,천안천공원3길,,,4,222,1,Y,36.798399,127.150454,36.798456,127.148016,,충청남도 천안시 교통정책과,041-521-5885,2026-01-14,4490000,충청남도 천안시
충청남도,천안시,천안천공원3길,,,5,255,1,Y,36.798209,127.148035,36.798276,127.150696,,충청남도 천안시 교통정책과,041-521-5885,2026-01-14,4490000,충청남도 천안시
충청남도,천안시,천안천공원3길,,,5,107,1,N,36.796063,127.149595,36.797034,127.149189,,충청남도 천안시 교통정책과,041-521-5885,2026-01-14,4490000,충청남도 천안시
충청남도,천안시,천안천공원1길,,,4,194,1,N,36.798142,127.147687,36.796429,127.147805,,충청남도 천안시 교통정책과,041-521-5885,2026-01-14,4490000,충청남도 천안시
충청남도,천안시,봉서10길,,,5,146,1,Y,36.813476,127.130642,36.813171,127.132202,,충청남도 천안시 교통정책과,041-521-5885,2026-01-14,4490000,충청남도 천안시
충청남도,천안시,봉서9길,,,5,114,1,Y,36.812076,127.131862,36.812277,127.130758,,충청남도 천안시 교통정책과,041-521-5885,2026-01-14,4490000,충청남도 천안시
충청남도,천안시,순천향4길,,,6,238,2,Y,36.803077,127.137589,36.801939,127.135308,,충청남도 천안시 교통정책과,041-521-5885,2026-01-14,4490000,충청남도 천안시
충청남도,천안시,순천향4길,,,4,69,1,Y,36.803659,127.137228,36.803077,127.137589,,충청남도 천안시 교통정책과,041-521-5885,2026-01-14,4490000,충청남도 천안시
충청남도,천안시,순천향3길,,,5,67,1,N,36.802508,127.137939,36.803077,127.137589,,충청남도 천안시 교통정책과,041-521-5885,2026-01-14,4490000,충청남도 천안시
충청남도,천안시,순천향3길,,,6,242,1,Y,36.801564,127.135589,36.802508,127.137939,,충청남도 천안시 교통정책과,041-521-5885,2026-01-14,4490000,충청남도 천안시
충청남도,천안시,신원2길,,,8,66,1,N,36.814293,127.160913,36.813676,127.160915,,충청남도 천안시 교통정책과,041-521-5885,2026-01-14,4490000,충청남도 천안시
충청남도,천안시,원성25길,,,3,108,1,N,36.813709,127.161353,36.814293,127.160913,,충청남도 천안시 교통정책과,041-521-5885,2026-01-14,4490000,충청남도 천안시
충청남도,천안시,옛시청길,,,3,198,1,Y,36.806781,127.149695,36.807255,127.147455,,충청남도 천안시 교통정책과,041-521-5885,2026-01-14,4490000,충청남도 천안시
충청남도,천안시,자유시장2길,,,5,146,1,N,36.811459,127.152727,36.811768,127.151103,,충청남도 천안시 교통정책과,041-521-5885,2026-01-14,4490000,충청남도 천안시
충청남도,천안시,문화2길,,,3.5,145,1,N,36.808841,127.152469,36.808078,127.151008,,충청남도 천안시 교통정책과,041-521-5885,2026-01-14,4490000,충청남도 천안시
충청남도,천안시,공설시장2길,,,5,215,1,N,36.808853,127.149364,36.810677,127.150261,,충청남도 천안시 교통정책과,041-521-5885,2026-01-14,4490000,충청남도 천안시
충청남도,천안시,은행길,,,4,110,1,Y,36.807721,127.149923,36.807994,127.148625,,충청남도 천안시 교통정책과,041-521-5885,2026-01-14,4490000,충청남도 천안시
충청남도,천안시,은행길,,,4.5,101,1,N,36.808079,127.148271,36.808975,127.148717,,충청남도 천안시 교통정책과,041-521-5885,2026-01-14,4490000,충청남도 천안시
충청남도,천안시,천안천공원4길,,,4,228,1,N,36.798257,127.151301,36.796166,127.151256,,충청남도 천안시 교통정책과,041-521-5885,2026-01-14,4490000,충청남도 천안시
충청남도,천안시,사직로,,,5,87,1,N,36.804045,127.149949,36.803812,127.149116,,충청남도 천안시 교통정책과,041-521-5885,2026-01-14,4490000,충청남도 천안시
충청남도,천안시,명동길,,,3.5,136,1,N,36.804625,127.147886,36.805809,127.148071,,충청남도 천안시 교통정책과,041-521-5885,2026-01-14,4490000,충청남도 천안시
충청남도,천안시,큰재빼기길,,,5,330,1,N,36.805149,127.146741,36.804091,127.150009,,충청남도 천안시 교통정책과,041-521-5885,2026-01-14,4490000,충청남도 천안시
충청남도,천안시,옛군청길,,,4.5,275,1,N,36.805284,127.149934,36.806171,127.147093,,충청남도 천안시 교통정책과,041-521-5885,2026-01-14,4490000,충청남도 천안시
충청남도,천안시,동리길,,,4,78,1,N,36.804959,127.150835,36.805206,127.150093,,충청남도 천안시 교통정책과,041-521-5885,2026-01-14,4490000,충청남도 천안시
충청남도,천안시,동리길,,,3.5,261,1,N,36.806234,127.151903,36.804315,127.150234,,충청남도 천안시 교통정책과,041-521-5885,2026-01-14,4490000,충청남도 천안시
충청남도,천안시,동리길,,,3.5,71,1,N,36.805458,127.152283,36.805289,127.151416,,충청남도 천안시 교통정책과,041-521-5885,2026-01-14,4490000,충청남도 천안시
충청남도,천안시,큰시장길,,,6,207,1,N,36.801954,127.150589,36.802165,127.152925,,충청남도 천안시 교통정책과,041-521-5885,2026-01-14,4490000,충청남도 천안시
충청남도,천안시,중앙로,,,4.5,48,1,N,36.804384,127.152646,36.804469,127.153177,,충청남도 천안시 교통정책과,041-521-5885,2026-01-14,4490000,충청남도 천안시
충청남도,천안시,버들1길,,,4.5,227,1,Y,36.805616,127.153023,36.803584,127.153375,,충청남도 천안시 교통정책과,041-521-5885,2026-01-14,4490000,충청남도 천안시
충청남도,천안시,수선정길,,,6,207,1,N,36.803566,127.152657,36.803571,127.150333,,충청남도 천안시 교통정책과,041-521-5885,2026-01-14,4490000,충청남도 천안시
서울특별시,중랑구,봉화산로3길,,,4,920,1,Y,37.613500,127.073745,37.603159,127.075727,,서울특별시 중랑구청,02-2094-2584,2025-08-25,3060000,서울특별시 중랑구
서울특별시,중랑구,동일로169길,,,8,210,1,Y,37.613437,127.072943,37.613717,127.075382,,서울특별시 중랑구청,02-2094-2584,2025-08-25,3060000,서울특별시 중랑구
서울특별시,중랑구,동일로163길,,,8,240,1,N,37.611863,127.075749,37.611538,127.072968,,서울특별시 중랑구청,02-2094-2584,2025-08-25,3060000,서울특별시 중랑구
서울특별시,중랑구,동일로151길,,,6,280,1,Y,37.608023,127.076487,37.607628,127.073232,,서울특별시 중랑구청,02-2094-2584,2025-08-25,3060000,서울특별시 중랑구
서울특별시,중랑구,중랑역로50길,,,4,105,1,Y,37.615742,127.077065,37.614739,127.077395,,서울특별시 중랑구청,02-2094-2584,2025-08-25,3060000,서울특별시 중랑구
서울특별시,중랑구,"숙선옹주로,신내로23길",,,4,310,1,Y,37.617834,127.086981,37.618243,127.084545,,서울특별시 중랑구청,02-2094-2584,2025-08-25,3060000,서울특별시 중랑구
서울특별시,중랑구,동일로172길,,,6,200,1,Y,37.617731,127.078957,37.616625,127.075998,,서울특별시 중랑구청,02-2094-2584,2025-08-25,3060000,서울특별시 중랑구
서울특별시,중랑구,면목로78길,,,6,185,1,N,37.590225,127.087945,37.590666,127.089919,,서울특별시 중랑구청,02-2094-2584,2025-08-25,3060000,서울특별시 중랑구
서울특별시,중랑구,면목로76길,,,6,185,1,N,37.590157,127.090082,37.589694,127.088090,,서울특별시 중랑구청,02-2094-2584,2025-08-25,3060000,서울특별시 중랑구
서울특별시,중랑구,면목로61길,,,4,60,1,Y,37.585581,127.088331,37.585626,127.087637,,서울특별시 중랑구청,02-2094-2584,2025-08-25,3060000,서울특별시 중랑구
서울특별시,중랑구,면목로57길,,,4,270,1,Y,37.584764,127.087009,37.584976,127.084460,,서울특별시 중랑구청,02-2094-2584,2025-08-25,3060000,서울특별시 중랑구
서울특별시,중랑구,겸재로36길,,,6,390,1,N,37.584399,127.085667,37.588002,127.086144,,서울특별시 중랑구청,02-2094-2584,2025-08-25,3060000,서울특별시 중랑구
서울특별시,중랑구,겸재로30길,,,10,300,1,Y,37.587681,127.084680,37.584535,127.084032,,서울특별시 중랑구청,02-2094-2584,2025-08-25,3060000,서울특별시 중랑구
서울특별시,중랑구,겸재로2길,,,8,580,1,Y,37.585522,127.075355,37.582737,127.077662,,서울특별시 중랑구청,02-2094-2584,2025-08-25,3060000,서울특별시 중랑구
서울특별시,중랑구,용마산로45길,,,4,80,1,N,37.574788,127.087654,37.574307,127.087150,,서울특별시 중랑구청,02-2094-2584,2025-08-25,3060000,서울특별시 중랑구
서울특별시,중랑구,용마산로45길,,,4,155,1,N,37.574193,127.087317,37.575358,127.088305,,서울특별시 중랑구청,02-2094-2584,2025-08-25,3060000,서울특별시 중랑구
서울특별시,중랑구,답십리로77길,,,8,350,1,N,37.574359,127.081522,37.577487,127.081062,,서울특별시 중랑구청,02-2094-2584,2025-08-25,3060000,서울특별시 중랑구
서울특별시,중랑구,용마산로94나길,,,6,440,1,N,37.587550,127.097306,37.588920,127.098056,,서울특별시 중랑구청,02-2094-2584,2025-08-25,3060000,서울특별시 중랑구
서울특별시,중랑구,용마산로94가길,,,8,160,1,N,37.589110,127.097452,37.587744,127.096725,,서울특별시 중랑구청,02-2094-2584,2025-08-25,3060000,서울특별시 중랑구
서울특별시,중랑구,용마산로94길,,,8,130,1,N,37.590329,127.098118,37.589171,127.097485,,서울특별시 중랑구청,02-2094-2584,2025-08-25,3060000,서울특별시 중랑구
서울특별시,중랑구,용마산로96가길,,,4,130,1,Y,37.591479,127.098752,37.590365,127.098137,,서울특별시 중랑구청,02-2094-2584,2025-08-25,3060000,서울특별시 중랑구
서울특별시,중랑구,용마산로100길,,,6,130,1,Y,37.592628,127.099360,37.591518,127.098780,,서울특별시 중랑구청,02-2094-2584,2025-08-25,3060000,서울특별시 중랑구
서울특별시,중랑구,용마산로84길,,,8,100,1,Y,37.586286,127.095929,37.585808,127.095670,,서울특별시 중랑구청,02-2094-2584,2025-08-25,3060000,서울특별시 중랑구
서울특별시,중랑구,용마산로72길,,,4,140,1,Y,37.583573,127.095363,37.582279,127.095212,,서울특별시 중랑구청,02-2094-2584,2025-08-25,3060000,서울특별시 중랑구
서울특별시,중랑구,사가정로45길,,,6,105,1,N,37.582907,127.085460,37.584357,127.085661,,서울특별시 중랑구청,02-2094-2584,2025-08-25,3060000,서울특별시 중랑구
서울특별시,중랑구,사가정로41길,,,10,200,1,Y,37.584464,127.084039,37.581126,127.084128,,서울특별시 중랑구청,02-2094-2584,2025-08-25,3060000,서울특별시 중랑구
서울특별시,중랑구,겸재로64길,,,8,390,1,N,37.586920,127.094562,37.590345,127.096476,,서울특별시 중랑구청,02-2094-2584,2025-08-25,3060000,서울특별시 중랑구
서울특별시,중랑구,중랑천로2길,,,6,120,1,N,37.586087,127.074960,37.586568,127.076497,,서울특별시 중랑구청,02-2094-2584,2025-08-25,3060000,서울특별시 중랑구
경기도,경기도 양평군청,양평시장길17번길,주민편의,2016,5,200,1,N,37.489411,127.491111,37.491311,127.492411,,경기도 양평군청,031-770-3755,2023-05-24,4170000,경기도 양평군
경기도,경기도 양평군청,양평시장길,주민편의,2016,5,400,1,N,37.491711,127.489511,37.489511,127.492911,,경기도 양평군청,031-770-3755,2023-05-24,4170000,경기도 양평군
경기도,경기도 양평군청,이면도로,주민편의,2016,5,310,1,N,37.496211,127.513111,37.495911,127.512411,,경기도 양평군청,031-770-3755,2023-05-24,4170000,경기도 양평군
경상북도,울진군,읍내7길,,,4,97,1,N,36.994211,129.401211,36.994231,129.402311,,경상북도 울진경찰서,054-785-0342,2023-12-18,5250000,경상북도 울진군
경상북도,울진군,읍내6길,,,4,126,1,N,36.993581,129.401271,36.993221,129.399821,,경상북도 울진경찰서,054-785-0342,2023-12-18,5250000,경상북도 울진군
서울특별시,강서구,곰달래로60길,,,7.5,160,1,N,37.52992600,126.86323200,37.53136500,126.86308300,,서울특별시 강서구청,02-2600-4136,2025-05-20,3150000,서울특별시 강서구
서울특별시,강서구,등촌로13다길,,,5.5,310,1,N,37.53467400,126.85892900,37.53682200,126.85677600,,서울특별시 강서구청,02-2600-4136,2025-05-20,3150000,서울특별시 강서구
서울특별시,강서구,등촌로13바길,,,5.5,305,1,N,37.53706600,126.85715600,37.53492100,126.85930500,,서울특별시 강서구청,02-2600-4136,2025-05-20,3150000,서울특별시 강서구
서울특별시,강서구,강서로8길,,,7.5,300,1,N,37.53084500,126.85813300,37.53147200,126.86373500,,서울특별시 강서구청,02-2600-4136,2025-05-20,3150000,서울특별시 강서구
서울특별시,강서구,강서로41길,,,5.5,100,1,Y,37.54507900,126.83595100,37.54507600,126.83591500,,서울특별시 강서구청,02-2600-4136,2025-05-20,3150000,서울특별시 강서구
서울특별시,강서구,강서로45다길,,,5.5,250,1,N,37.54469400,126.83499700,37.54248300,126.83423900,,서울특별시 강서구청,02-2600-4136,2025-05-20,3150000,서울특별시 강서구
서울특별시,강서구,강서로45다길,,,5.5,340,1,N,37.54478100,126.83500200,37.54787500,126.83490500,,서울특별시 강서구청,02-2600-4136,2025-05-20,3150000,서울특별시 강서구
서울특별시,강서구,강서로35길,,,5.5,470,1,N,37.54231800,126.83302800,37.54425000,126.83694000,,서울특별시 강서구청,02-2600-4136,2025-05-20,3150000,서울특별시 강서구
서울특별시,강서구,화곡로15길,,,7.5,550,1,N,37.53991100,126.83385700,37.54471100,126.83569600,,서울특별시 강서구청,02-2600-4136,2025-05-20,3150000,서울특별시 강서구
서울특별시,강서구,화곡로21길,,,9,450,1,N,37.54470300,126.83611900,37.54071100,126.83684600,,서울특별시 강서구청,02-2600-4136,2025-05-20,3150000,서울특별시 강서구
서울특별시,강서구,등촌로13자길,,,5.5,130,1,N,37.53703400,126.85387100,37.53614500,126.85301700,,서울특별시 강서구청,02-2600-4136,2025-05-20,3150000,서울특별시 강서구
경기도,경기도 양평군청,윗목골길,주민편의,2019,4,630,1,N,37.424911,127.752222,37.426211,127.751511,,경기도 양평군청,031-770-3755,2023-05-24,4170000,경기도 양평군
경기도,경기도 양평군청,양평시장길18번길,주민편의,2018,5,40,1,Y,37.491111,127.492111,37.491411,127.492411,,경기도 양평군청,031-770-3755,2023-05-24,4170000,경기도 양평군
경기도,경기도 양평군청,아래배내1길,주민편의,2018,4,280,1,N,37.394111,127.780311,37.394111,127.777811,,경기도 양평군청,031-770-3755,2023-05-24,4170000,경기도 양평군
경기도,경기도 양평군청,양평장터길,주민편의,2018,5,220,1,Y,37.491811,127.489711,37.491111,127.492111,,경기도 양평군청,031-770-3755,2023-05-24,4170000,경기도 양평군
충청북도,괴산군,읍내로12길,차량교행,2019,5,130,1,N,36.810395,127.790254,36.809611,127.794768,,충청북도 괴산군청,043-830-3334,2023-07-11,4460000,충청북도 괴산군
충청북도,괴산군,읍내로13길,차량교행,2019,5,310,1,N,36.810086,127.795019,36.811975,127.789463,,충청북도 괴산군청,043-830-3334,2023-07-11,4460000,충청북도 괴산군
인천광역시,남동구,예술로140번길,원활한 차량통행을 위하여 지정,,13,229,3,N,37.44660272,126.7030403,37.44704568,126.7015296,,인천광역시 남동구청,032-453-2965,2025-11-28,3530000,인천광역시 남동구
인천광역시,남동구,남동대로,원활한 차량통행을 위하여 지정,,8,224,1,N,37.45114603,126.7081721,37.44990739,126.7094365,,인천광역시 남동구청,032-453-2965,2025-11-28,3530000,인천광역시 남동구
인천광역시,남동구,남동대로799번길,원활한 차량통행을 위하여 지정,,5,222,1,Y,37.45400795,126.7078629,37.45412874,126.7057247,,인천광역시 남동구청,032-453-2965,2025-11-28,3530000,인천광역시 남동구
인천광역시,남동구,독점로29번길,원활한 차량통행을 위하여 지정,,8,200,1,Y,37.45250399,126.7095841,37.45150836,126.7083467,,인천광역시 남동구청,032-453-2965,2025-11-28,3530000,인천광역시 남동구
인천광역시,남동구,인주대로653번길,원활한 차량통행을 위하여 지정,,8,190,1,Y,37.45137173,126.7098635,37.45274759,126.7096138,,인천광역시 남동구청,032-453-2965,2025-11-28,3530000,인천광역시 남동구
인천광역시,남동구,구월남로57번길,원활한 차량통행을 위하여 지정,,4,187,1,Y,37.45387464,126.6957153,37.45502497,126.6962604,,인천광역시 남동구청,032-453-2965,2025-11-28,3530000,인천광역시 남동구
인천광역시,남동구,인하로507번길,원활한 차량통행을 위하여 지정,,6,162,1,Y,37.44442841,126.7027839,37.44452499,126.7017313,,인천광역시 남동구청,032-453-2965,2025-11-28,3530000,인천광역시 남동구
인천광역시,남동구,수현로,원활한 차량통행을 위하여 지정,,7,160,1,N,37.4634141,126.7505764,37.46266834,126.7499219,,인천광역시 남동구청,032-453-2965,2025-11-28,3530000,인천광역시 남동구
인천광역시,남동구,백범로,원활한 차량통행을 위하여 지정,,8,140,1,N,37.45900813,126.7277608,37.45853808,126.7284583,,인천광역시 남동구청,032-453-2965,2025-11-28,3530000,인천광역시 남동구
인천광역시,남동구,구월남로77번길,원활한 차량통행을 위하여 지정,,4,139,1,Y,37.45486346,126.6979586,37.44852841,126.7143651,,인천광역시 남동구청,032-453-2965,2025-11-28,3530000,인천광역시 남동구
인천광역시,남동구,인주대로653번길,원활한 차량통행을 위하여 지정,,8,134,1,Y,37.4502085,126.7097817,37.45108345,126.7098684,,인천광역시 남동구청,032-453-2965,2025-11-28,3530000,인천광역시 남동구
인천광역시,남동구,독점로3번길,원활한 차량통행을 위하여 지정,,8,132,1,N,37.45012114,126.7092068,37.45103336,126.7094059,,인천광역시 남동구청,032-453-2965,2025-11-28,3530000,인천광역시 남동구
인천광역시,남동구,용천로4번길,원활한 차량통행을 위하여 지정,,8,128,1,N,37.44971764,126.7168424,37.45075475,126.7169264,,인천광역시 남동구청,032-453-2965,2025-11-28,3530000,인천광역시 남동구
인천광역시,남동구,용천로4번길,원활한 차량통행을 위하여 지정,,8,128,1,N,37.45071914,126.7161359,37.44976311,126.7160505,,인천광역시 남동구청,032-453-2965,2025-11-28,3530000,인천광역시 남동구
인천광역시,남동구,용천로4번길,원활한 차량통행을 위하여 지정,,8,128,1,N,37.44976066,126.7158245,37.45074347,126.7158868,,인천광역시 남동구청,032-453-2965,2025-11-28,3530000,인천광역시 남동구
인천광역시,남동구,용천로17번길,원활한 차량통행을 위하여 지정,,8,123,1,N,37.45216544,126.7115904,37.45211579,126.7128231,,인천광역시 남동구청,032-453-2965,2025-11-28,3530000,인천광역시 남동구
전라남도,완도군,도시계획도로,원활한 교통흐름 및 안전사고 예방,,3.5,560,1,N,34.315861,126.752524,34.313001,126.755585,,전라남도 완도군청,061-550-5602,2024-08-16,4990000,전라남도 완도군
경상북도,영덕군,강구구대교,,,4,215,1,N,36.357653,129.380545,36.358771,129.382407,,경상북도 영덕군청,054-730-5352,2024-08-31,5180000,경상북도 영덕군
경상북도,영덕군,야성길,,,5,149,1,Y,36.408018,129.368235,36.406837,129.368971,,경상북도 영덕군청,054-730-5352,2024-08-31,5180000,경상북도 영덕군
서울특별시,서초구,신반포로43길,보행안전,1998,7.4,250,1,N,37.509975,127.016417,37.511037,127.019391,일방43,서울특별시 서초구청,02-2155-7185,2025-12-08,3210000,서울특별시 서초구
서울특별시,서초구,신반포로41길,보행안전,1999,5.7,215,1,N,37.510283,127.016911,37.511667,127.016501,일방42,서울특별시 서초구청,02-2155-7185,2025-12-08,3210000,서울특별시 서초구
서울특별시,서초구,서초대로55길,보행안전,2002,4.2,235,1,N,37.496867,127.014809,37.495032,127.015669,일방41,서울특별시 서초구청,02-2155-7185,2025-12-08,3210000,서울특별시 서초구
서울특별시,서초구,서초대로55길,보행안전,2002,4,60,1,N,37.496758,127.014305,37.496867,127.014809,일방40,서울특별시 서초구청,02-2155-7185,2025-12-08,3210000,서울특별시 서초구
서울특별시,서초구,강남대로65길,보행안전,1998,7.5,130,1,N,37.500106,127.024856,37.500489,127.025941,일방39,서울특별시 서초구청,02-2155-7185,2025-12-08,3210000,서울특별시 서초구
서울특별시,서초구,서초대로77길,보행안전,1998,8.3,290,1,N,37.501735,127.025263,37.499537,127.026324,일방38,서울특별시 서초구청,02-2155-7185,2025-12-08,3210000,서울특별시 서초구
서울특별시,서초구,서초대로75길,보행안전,2002,3.8,290,1,N,37.499243,127.025469,37.499762,127.025028,일방37,서울특별시 서초구청,02-2155-7185,2025-12-08,3210000,서울특별시 서초구
서울특별시,서초구,사평대로58길,보행안전,1999,5.4,185,1,N,37.503766,127.023505,37.502584,127.024149,일방36,서울특별시 서초구청,02-2155-7185,2025-12-08,3210000,서울특별시 서초구
서울특별시,서초구,사평대로52길,보행안전,1998,4.2,130,1,N,37.503474,127.022209,37.502498,127.022455,일방35,서울특별시 서초구청,02-2155-7185,2025-12-08,3210000,서울특별시 서초구
서울특별시,서초구,서초대로75길,보행안전,2002,3.8,140,1,N,37.498057,127.026497,37.499023,127.025934,일방34,서울특별시 서초구청,02-2155-7185,2025-12-08,3210000,서울특별시 서초구
서울특별시,서초구,효령로37길,보행안전,2010,4,110,1,N,37.482838,127.002255,37.484139,127.002788,일방33,서울특별시 서초구청,02-2155-7185,2025-12-08,3210000,서울특별시 서초구
서울특별시,서초구,남부순환로315길,보행안전,1998,3.9,110,1,N,37.479037,127.006743,37.479884,127.006358,일방32,서울특별시 서초구청,02-2155-7185,2025-12-08,3210000,서울특별시 서초구
서울특별시,서초구,효령로53길,보행안전,1998,6,145,1,N,37.484857,127.013397,37.485912,127.013848,일방31,서울특별시 서초구청,02-2155-7185,2025-12-08,3210000,서울특별시 서초구
서울특별시,서초구,효령로51길,보행안전,1998,6,110,1,N,37.485238,127.012207,37.484497,127.012473,일방30,서울특별시 서초구청,02-2155-7185,2025-12-08,3210000,서울특별시 서초구
전라남도,완도군,도시계획도로,원활한 교통흐름 및 안전사고 예방,2023,5,110,1,N,34.317771,126.745122,34.318631,126.744358,,전라남도 완도군청,061-550-5602,2024-08-16,4990000,전라남도 완도군
전라남도,완도군,도시계획도로,원활한 교통흐름 및 안전사고 예방,,5,160,1,N,34.324571,126.748614,34.325601,126.748676,,전라남도 완도군청,061-550-5602,2024-08-16,4990000,전라남도 완도군
강원특별자치도,태백시,황지로,시장혼잡구간,2011,6,190,2,N,37.177291,128.985502,37.173581,128.990448,,강원특별자치도 태백시청,033-550-2058,2024-08-28,4221000,강원특별자치도 태백시
강원특별자치도,태백시,태백로,본도로 진입불가,2010,6,150,2,N,37.177291,128.985502,37.173581,128.990448,,강원특별자치도 태백시청,033-550-2058,2024-08-28,4221000,강원특별자치도 태백시
강원특별자치도,태백시,광장로,주차혼잡구간,2010,6,600,1,N,37.177291,128.985502,37.173581,128.990448,,강원특별자치도 태백시청,033-550-2058,2024-08-28,4221000,강원특별자치도 태백시
경기도,안산시,원당골5길,,,8,195,1,N,37.362909,126.881236,37.364087,126.881561,,경기도 안산시 상록구 도로교통과,031-481-5579,2025-08-29,3930000,경기도 안산시
서울특별시,중랑구,봉우재로26길,,,6,180,1,N,37.592132,127.083967,37.590777,127.085180,,서울특별시 중랑구청,02-2094-2584,2025-08-25,3060000,서울특별시 중랑구
서울특별시,중랑구,망우로26길,,,6,240,1,N,37.590135,127.072158,37.587398,127.073837,,서울특별시 중랑구청,02-2094-2584,2025-08-25,3060000,서울특별시 중랑구
서울특별시,중랑구,동일로101길,,,8,255,1,Y,37.588790,127.076568,37.587838,127.073777,,서울특별시 중랑구청,02-2094-2584,2025-08-25,3060000,서울특별시 중랑구
서울특별시,중랑구,겸재로23길,,,6,100,1,N,37.587913,127.081307,37.587127,127.081931,,서울특별시 중랑구청,02-2094-2584,2025-08-25,3060000,서울특별시 중랑구
서울특별시,중랑구,겸재로15길,,,8,150,1,N,37.586796,127.080075,37.587905,127.081263,,서울특별시 중랑구청,02-2094-2584,2025-08-25,3060000,서울특별시 중랑구
서울특별시,중랑구,망우로81길,,,3,130,1,Y,37.604362,127.105987,37.605452,127.105455,,서울특별시 중랑구청,02-2094-2584,2025-08-25,3060000,서울특별시 중랑구
서울특별시,중랑구,망우로77길,,,6,40,1,N,37.600559,127.105955,37.601109,127.106014,,서울특별시 중랑구청,02-2094-2584,2025-08-25,3060000,서울특별시 중랑구
서울특별시,중랑구,망우로74길,,,4,165,1,Y,37.598838,127.104024,37.600286,127.103740,,서울특별시 중랑구청,02-2094-2584,2025-08-25,3060000,서울특별시 중랑구
서울특별시,중랑구,망우로73길,,,6,370,1,N,37.601077,127.103358,37.604505,127.103427,,서울특별시 중랑구청,02-2094-2584,2025-08-25,3060000,서울특별시 중랑구
서울특별시,중랑구,망우로72길,,,4,255,1,Y,37.600313,127.102445,37.597852,127.102838,,서울특별시 중랑구청,02-2094-2584,2025-08-25,3060000,서울특별시 중랑구
서울특별시,중랑구,망우로68길,,,8,540,1,N,37.599880,127.101149,37.594984,127.100639,,서울특별시 중랑구청,02-2094-2584,2025-08-25,3060000,서울특별시 중랑구
서울특별시,중랑구,망우로67길,,,8,450,1,N,37.602942,127.101363,37.600160,127.101219,,서울특별시 중랑구청,02-2094-2584,2025-08-25,3060000,서울특별시 중랑구
서울특별시,중랑구,망우로66길,,,8,370,1,N,37.595965,127.099451,37.599559,127.099618,,서울특별시 중랑구청,02-2094-2584,2025-08-25,3060000,서울특별시 중랑구
서울특별시,중랑구,용마공원로2길,,,8,260,1,N,37.594906,127.100598,37.592680,127.099390,,서울특별시 중랑구청,02-2094-2584,2025-08-25,3060000,서울특별시 중랑구
서울특별시,중랑구,봉우재로70길,,,8,580,1,N,37.590403,127.096510,37.595431,127.099221,,서울특별시 중랑구청,02-2094-2584,2025-08-25,3060000,서울특별시 중랑구
강원특별자치도,태백시,장성시장1길,교행불가,2010,5,230,1,N,37.177291,128.985502,37.173581,128.990448,,강원특별자치도 태백시청,033-550-2058,2024-08-28,4221000,강원특별자치도 태백시
강원특별자치도,태백시,황지로,교행불가,2020,5,48,1,N,37.177291,128.985502,37.173581,128.990448,,강원특별자치도 태백시청,033-550-2058,2024-08-28,4221000,강원특별자치도 태백시
강원특별자치도,태백시,번영로,주차혼잡구간,2017,5,168,1,N,37.177291,128.985502,37.173581,128.990448,,강원특별자치도 태백시청,033-550-2058,2024-08-28,4221000,강원특별자치도 태백시
강원특별자치도,태백시,문화로,주택밀집지역,2011,5,340,1,N,37.177291,128.985502,37.173581,128.990448,,강원특별자치도 태백시청,033-550-2058,2024-08-28,4221000,강원특별자치도 태백시
강원특별자치도,태백시,서황지로,고가도로,2011,5,115,1,N,37.177291,128.985502,37.173581,128.990448,,강원특별자치도 태백시청,033-550-2058,2024-08-28,4221000,강원특별자치도 태백시
강원특별자치도,태백시,광장로,주차혼잡구간,2015,5,163,1,N,37.177291,128.985502,37.173581,128.990448,,강원특별자치도 태백시청,033-550-2058,2024-08-28,4221000,강원특별자치도 태백시
강원특별자치도,태백시,연지로,주차혼잡구간,2011,5,208,1,N,37.177291,128.985502,37.173581,128.990448,,강원특별자치도 태백시청,033-550-2058,2024-08-28,4221000,강원특별자치도 태백시
강원특별자치도,태백시,시장북길,시장혼잡구간,2010,5,70,1,N,37.177291,128.985502,37.173581,128.990448,,강원특별자치도 태백시청,033-550-2058,2024-08-28,4221000,강원특별자치도 태백시
강원특별자치도,태백시,문화로,주택밀집지역,2012,6,271,1,N,37.177291,128.985502,37.173581,128.990448,,강원특별자치도 태백시청,033-550-2058,2024-08-28,4221000,강원특별자치도 태백시
강원특별자치도,태백시,황지로,주택밀집지역,2012,6,125,1,N,37.177291,128.985502,37.173581,128.990448,,강원특별자치도 태백시청,033-550-2058,2024-08-28,4221000,강원특별자치도 태백시
강원특별자치도,태백시,번영로,주택밀집지역,2010,6,280,1,N,37.177291,128.985502,37.173581,128.990448,,강원특별자치도 태백시청,033-550-2058,2024-08-28,4221000,강원특별자치도 태백시
강원특별자치도,태백시,황지로,주차혼잡구간,2011,6,127,2,N,37.177291,128.985502,37.173581,128.990448,,강원특별자치도 태백시청,033-550-2058,2024-08-28,4221000,강원특별자치도 태백시
인천광역시,남동구,경인로524번길,원활한 차량통행을 위하여 지정,,3,120,1,N,37.45748656,126.6964212,37.459117,126.6963816,,인천광역시 남동구청,032-453-2965,2025-11-28,3530000,인천광역시 남동구
인천광역시,남동구,장승남로,원활한 차량통행을 위하여 지정,,13,114,1,Y,37.44368159,126.7361793,37.44380164,126.7372961,,인천광역시 남동구청,032-453-2965,2025-11-28,3530000,인천광역시 남동구
인천광역시,남동구,호구포로765번길,원활한 차량통행을 위하여 지정,,8,113,1,N,37.45093192,126.7174772,37.45182451,126.7175298,,인천광역시 남동구청,032-453-2965,2025-11-28,3530000,인천광역시 남동구
인천광역시,남동구,장승로,원활한 차량통행을 위하여 지정,,5,110,1,Y,37.44593104,126.7401082,37.44653534,126.7393183,,인천광역시 남동구청,032-453-2965,2025-11-28,3530000,인천광역시 남동구
인천광역시,남동구,장승남로33번길,원활한 차량통행을 위하여 지정,,5.5,100,1,Y,37.44280944,126.7405786,37.44280944,126.7405786,,인천광역시 남동구청,032-453-2965,2025-11-28,3530000,인천광역시 남동구
인천광역시,남동구,독점로,원활한 차량통행을 위하여 지정,,8,88,1,N,37.45239895,126.7106935,37.45269193,126.7102929,,인천광역시 남동구청,032-453-2965,2025-11-28,3530000,인천광역시 남동구
서울특별시,서초구,청계산로11길,보행안전,1999,4.2,100,1,N,37.449728,127.057284,37.448842,127.057631,일방170,서울특별시 서초구청,02-2155-7185,2025-12-08,3210000,서울특별시 서초구
서울특별시,서초구,원터길(주말공휴일),보행안전,1999,6,980,1,N,37.444068,127.056946,37.436643,127.062253,일방169,서울특별시 서초구청,02-2155-7185,2025-12-08,3210000,서울특별시 서초구
서울특별시,서초구,원터5길,보행안전,1998,6,140,1,N,37.443258,127.056055,37.443226,127.057216,일방168,서울특별시 서초구청,02-2155-7185,2025-12-08,3210000,서울특별시 서초구
서울특별시,서초구,원터6길,보행안전,1998,6,100,1,N,37.443191,127.055852,37.443001,127.055631,일방167,서울특별시 서초구청,02-2155-7185,2025-12-08,3210000,서울특별시 서초구
서울특별시,서초구,원터3길,보행안전,1998,6,100,1,N,37.443481,127.056434,37.443261,127.057056,일방166,서울특별시 서초구청,02-2155-7185,2025-12-08,3210000,서울특별시 서초구
서울특별시,서초구,원터4길,보행안전,1998,6,70,1,N,37.443323,127.056001,37.443618,127.056131,일방165,서울특별시 서초구청,02-2155-7185,2025-12-08,3210000,서울특별시 서초구
서울특별시,서초구,원터1길,보행안전,1999,6,300,1,N,37.443225,127.057216,37.443844,127.056663,일방164,서울특별시 서초구청,02-2155-7185,2025-12-08,3210000,서울특별시 서초구
서울특별시,서초구,원터2길,보행안전,1999,6,300,1,N,37.443001,127.055631,37.444011,127.056271,일방163,서울특별시 서초구청,02-2155-7185,2025-12-08,3210000,서울특별시 서초구
제주특별자치도,서귀포시,중정로 91번길,교통불편 해소,,8,580,1,Y,33.248582,126.566002,33.251814,126.561267,,제주특별자치도 서귀포시 교통행정과,064-760-3295,2025-01-08,6520000,제주특별자치도 서귀포시
제주특별자치도,서귀포시,중앙로4번길,교통불편 해소,2022,6,90,1,N,33.245212,126.563317,33.245391,126.5641807,,제주특별자치도 서귀포시 교통행정과,064-760-3295,2025-01-08,6520000,제주특별자치도 서귀포시
제주특별자치도,서귀포시,태평로 353번길,교통불편 해소,2018,8,183,1,Y,33.247341,126.561056,33.245727,126.561166,,제주특별자치도 서귀포시 교통행정과,064-760-3295,2025-01-08,6520000,제주특별자치도 서귀포시
제주특별자치도,서귀포시,정방로,교통불편 해소,,6,95,1,N,33.248062,126.568006,33.247514,126.568591,,제주특별자치도 서귀포시 교통행정과,064-760-3295,2025-01-08,6520000,제주특별자치도 서귀포시
제주특별자치도,서귀포시,중정로62번길,교통불편 해소,,8,145,1,Y,33.2477403,126.562951,33.246458,126.563032,,제주특별자치도 서귀포시 교통행정과,064-760-3295,2025-01-08,6520000,제주특별자치도 서귀포시
제주특별자치도,서귀포시,태평로 439,교통불편 해소,,8,370,1,Y,33.246671,126.565327,33.246341,126.562064,,제주특별자치도 서귀포시 교통행정과,064-760-3295,2025-01-08,6520000,제주특별자치도 서귀포시
제주특별자치도,서귀포시,중앙로 72번길,교통불편 해소,,6,250,1,Y,33.250983,126.5614004,33.251422,126.563163,,제주특별자치도 서귀포시 교통행정과,064-760-3295,2025-01-08,6520000,제주특별자치도 서귀포시
서울특별시,강서구,등촌로13자길,,,5.5,260,1,Y,37.53761400,126.85495100,37.53877100,126.85752100,,서울특별시 강서구청,02-2600-4136,2025-05-20,3150000,서울특별시 강서구
서울특별시,광진구,뚝섬로 66길,,,5.5,100,1,Y,37.533916,127.0900872,37.5300138,127.0904881,,서울특별시 광진구,02-450-7923,2025-04-23,3040000,서울특별시 광진구
서울특별시,광진구,아차산로51길·자양로 22길,,,3.2,62,1,N,37.539924,127.085007,37.539703,127.085219,,서울특별시 광진구,02-450-7923,2025-04-23,3040000,서울특별시 광진구
서울특별시,광진구,동일로 22길,,,8,380,1,N,37.541938,127.066824,37.540653,127.070572,,서울특별시 광진구,02-450-7923,2025-04-23,3040000,서울특별시 광진구
서울특별시,광진구,능동로 35길,,,8,65,1,N,37.5564927,127.0790653,37.556455,127.078871,,서울특별시 광진구,02-450-7923,2025-04-23,3040000,서울특별시 광진구
서울특별시,광진구,아차산로24길,,,4,165,1,N,37.539647,127.064488,37.541046,127.065238,,서울특별시 광진구,02-450-7923,2025-04-23,3040000,서울특별시 광진구
서울특별시,광진구,동일로58길,,,5,46,1,N,37.557405,127.073412,37.557587,127.072949,,서울특별시 광진구,02-450-7923,2025-04-23,3040000,서울특별시 광진구
서울특별시,광진구,동일로60길,,,6,45,1,N,37.558591,127.073518,37.558419,127.073998,,서울특별시 광진구,02-450-7923,2025-04-23,3040000,서울특별시 광진구
서울특별시,광진구,천호대로102길,,,6,178,1,N,37.558885,127.074347,37.557416,127.073519,,서울특별시 광진구,02-450-7923,2025-04-23,3040000,서울특별시 광진구
서울특별시,광진구,아차산로21길,,,5,566,1,N,37.5466158,127.0673952,37.5425221,127.0650933,,서울특별시 광진구,02-450-7923,2025-04-23,3040000,서울특별시 광진구
서울특별시,광진구,광나루로12길,,,5,114,1,N,37.547489,127.068006,37.546648,127.067455,,서울특별시 광진구,02-450-7923,2025-04-23,3040000,서울특별시 광진구
서울특별시,광진구,아차산로25길,,,5,222,1,N,37.541521,127.066534,37.543263,127.067456,,서울특별시 광진구,02-450-7923,2025-04-23,3040000,서울특별시 광진구
서울특별시,광진구,아차산로25길,,,4,165,1,N,37.543366,127.067497,37.544724,127.068209,,서울특별시 광진구,02-450-7923,2025-04-23,3040000,서울특별시 광진구
서울특별시,광진구,동일로24길,,,5,463,1,N,37.542241,127.070677,37.543834,127.065964,,서울특별시 광진구,02-450-7923,2025-04-23,3040000,서울특별시 광진구
서울특별시,광진구,아차산로29길,,,4,221,1,N,37.5440688,127.069719,37.5414286,127.0682999,,서울특별시 광진구,02-450-7923,2025-04-23,3040000,서울특별시 광진구
서울특별시,광진구,아차산로29길,,,3,149,1,N,37.544016,127.069677,37.542859,127.069088,,서울특별시 광진구,02-450-7923,2025-04-23,3040000,서울특별시 광진구
서울특별시,광진구,아차산로33길,,,4,282,1,N,37.540371,127.069885,37.542708,127.070973,,서울특별시 광진구,02-450-7923,2025-04-23,3040000,서울특별시 광진구
서울특별시,광진구,아차산로33길,,,4,83,1,Y,37.542862,127.071047,37.544149,127.071653,,서울특별시 광진구,02-450-7923,2025-04-23,3040000,서울특별시 광진구
서울특별시,광진구,군자로,,,4,166,1,N,37.544873,127.071213,37.544282,127.071675,,서울특별시 광진구,02-450-7923,2025-04-23,3040000,서울특별시 광진구
서울특별시,광진구,군자로3길,,,5,119,1,N,37.544898,127.071143,37.544087,127.069803,,서울특별시 광진구,02-450-7923,2025-04-23,3040000,서울특별시 광진구
서울특별시,광진구,능동로15길,,,5,91,1,N,37.545107,127.072097,37.544938,127.071217,,서울특별시 광진구,02-450-7923,2025-04-23,3040000,서울특별시 광진구
서울특별시,광진구,군자로2길,,,4,93,1,N,37.544307,127.071726,37.545068,127.072077,,서울특별시 광진구,02-450-7923,2025-04-23,3040000,서울특별시 광진구
서울특별시,광진구,자양강변길,,,4,706,1,Y,37.531816,127.066629,37.535139,127.060291,,서울특별시 광진구,02-450-7923,2025-04-23,3040000,서울특별시 광진구
서울특별시,광진구,뚝섬로25길,,,5,117,1,N,37.536122,127.0653962,37.536957,127.064644,,서울특별시 광진구,02-450-7923,2025-04-23,3040000,서울특별시 광진구
서울특별시,광진구,동일로10길,,,4,297,1,N,37.537025,127.064533,37.538992,127.062457,,서울특별시 광진구,02-450-7923,2025-04-23,3040000,서울특별시 광진구
강원특별자치도,춘천시,삭주로145번길,,,12,80,2,Y,37.8859400,127.7464280,37.8867020,127.7463050,,강원특별자치도 춘천시청,033-250-3415,2024-11-12,4181000,강원특별자치도 춘천시
강원특별자치도,춘천시,영서로2291번길,,,8,160,1,N,37.8642110,127.7193380,37.8654420,127.7202280,,강원특별자치도 춘천시청,033-250-3415,2024-11-12,4181000,강원특별자치도 춘천시
강원특별자치도,춘천시,서부대성로239번길(세경1차방향),,,8,250,1,Y,37.8775510,127.7501600,37.8764300,127.7476220,,강원특별자치도 춘천시청,033-250-3415,2024-11-12,4181000,강원특별자치도 춘천시
강원특별자치도,춘천시,서부대성로239번길(부안초등학교방향),,,8,50,1,Y,37.8776710,127.7493910,37.8773720,127.7496010,,강원특별자치도 춘천시청,033-250-3415,2024-11-12,4181000,강원특별자치도 춘천시
강원특별자치도,춘천시,방송길7번길(보건소방향),,,8,130,1,N,37.8755760,127.7215910,37.8751860,127.7202660,,강원특별자치도 춘천시청,033-250-3415,2024-11-12,4181000,강원특별자치도 춘천시
강원특별자치도,춘천시,방송길7번길(춘천초등학교방향),,,8,90,1,Y,37.8761540,127.7213780,37.8756460,127.7216260,,강원특별자치도 춘천시청,033-250-3415,2024-11-12,4181000,강원특별자치도 춘천시
강원특별자치도,춘천시,애막골길16번길,,,8,100,1,Y,37.8639000,127.7500550,37.8645710,127.7508460,,강원특별자치도 춘천시청,033-250-3415,2024-11-12,4181000,강원특별자치도 춘천시
강원특별자치도,춘천시,옥천길(뒷길),,,8,50,1,N,37.8816190,127.7289170,37.8811650,127.7287360,,강원특별자치도 춘천시청,033-250-3415,2024-11-12,4181000,강원특별자치도 춘천시
강원특별자치도,춘천시,옥천길,,,12,150,2,Y,37.8824050,127.7307520,37.8816060,127.7295450,,강원특별자치도 춘천시청,033-250-3415,2024-11-12,4181000,강원특별자치도 춘천시
강원특별자치도,춘천시,중앙로27번길,,,8,120,1,N,37.8823460,127.7287130,37.8819930,127.7300000,,강원특별자치도 춘천시청,033-250-3415,2024-11-12,4181000,강원특별자치도 춘천시
강원특별자치도,춘천시,시청길12번길,,,8,170,1,N,37.8790510,127.7301130,37.8802760,127.7290540,,강원특별자치도 춘천시청,033-250-3415,2024-11-12,4181000,강원특별자치도 춘천시
강원특별자치도,춘천시,시청길10번길,,,8,200,1,N,37.8803050,127.7286650,37.8788660,127.7298240,,강원특별자치도 춘천시청,033-250-3415,2024-11-12,4181000,강원특별자치도 춘천시
강원특별자치도,춘천시,서부대성로48번길,,,8,430,1,N,37.8813210,127.7275210,37.8848590,127.7290390,,강원특별자치도 춘천시청,033-250-3415,2024-11-12,4181000,강원특별자치도 춘천시
강원특별자치도,춘천시,서부대성로44번길,,,8,480,1,N,37.8809510,127.7269630,37.8852700,127.7285630,,강원특별자치도 춘천시청,033-250-3415,2024-11-12,4181000,강원특별자치도 춘천시
강원특별자치도,춘천시,낙원길,,,8,350,1,N,37.8807730,127.7269220,37.8782320,127.7244530,,강원특별자치도 춘천시청,033-250-3415,2024-11-12,4181000,강원특별자치도 춘천시
강원특별자치도,춘천시,소양1교,,,8,400,1,N,37.8937110,127.7326990,37.8973980,127.7337590,,강원특별자치도 춘천시청,033-250-3415,2024-11-12,4181000,강원특별자치도 춘천시
강원특별자치도,춘천시,시청길,,,16,370,3,Y,37.8804540,127.7280190,37.8817890,127.7317060,,강원특별자치도 춘천시청,033-250-3415,2024-11-12,4181000,강원특별자치도 춘천시
강원특별자치도,홍천군,홍천로2길,,2018,6,250,1,Y,37.690100,127.880589,37.689868,127.877757,,강원특별자치도 홍천군청,033-430-2944,2023-09-15,4251000,강원특별자치도 홍천군
강원특별자치도,홍천군,희망로4길,,2009,6,223,1,Y,37.691259,127.885439,37.693390,127.885115,,강원특별자치도 홍천군청,033-430-2944,2023-09-15,4251000,강원특별자치도 홍천군
강원특별자치도,홍천군,진삼거리길,,2018,6,135,1,N,37.692226,127.889051,37.691885,127.887697,,강원특별자치도 홍천군청,033-430-2944,2023-09-15,4251000,강원특별자치도 홍천군
강원특별자치도,홍천군,번영로,,2007,10,655,1,Y,37.689349,127.880504,37.690268,127.887787,,강원특별자치도 홍천군청,033-430-2944,2023-09-15,4251000,강원특별자치도 홍천군
강원특별자치도,홍천군,신장대로,,2007,10,610,1,Y,37.690917,127.887576,37.689929,127.880763,,강원특별자치도 홍천군청,033-430-2944,2023-09-15,4251000,강원특별자치도 홍천군
강원특별자치도,홍천군,홍천로8길,,2009,6,205,1,N,37.691334,127.886602,37.689662,127.886826,,강원특별자치도 홍천군청,033-430-2944,2023-09-15,4251000,강원특별자치도 홍천군
강원특별자치도,홍천군,홍천로7길,,2009,6,220,1,N,37.689388,127.885959,37.691259,127.885439,,강원특별자치도 홍천군청,033-430-2944,2023-09-15,4251000,강원특별자치도 홍천군
강원특별자치도,홍천군,홍천로6길,,2009,6,240,1,N,37.691121,127.884264,37.689175,127.884879,,강원특별자치도 홍천군청,033-430-2944,2023-09-15,4251000,강원특별자치도 홍천군
강원특별자치도,홍천군,홍천로5길,,2009,6,265,1,N,37.688658,127.883239,37.690865,127.882916,,강원특별자치도 홍천군청,033-430-2944,2023-09-15,4251000,강원특별자치도 홍천군
강원특별자치도,홍천군,홍천로4길,,2009,6,270,1,N,37.690842,127.881807,37.688492,127.882199,,강원특별자치도 홍천군청,033-430-2944,2023-09-15,4251000,강원특별자치도 홍천군
강원특별자치도,춘천시,우두길(농산물도매시장 후문),,,8,80,1,N,37.9108010,127.7264250,37.9107510,127.7258610,,강원특별자치도 춘천시청,033-250-3415,2024-11-12,4181000,강원특별자치도 춘천시
강원특별자치도,춘천시,서부대성로239번길,,,8,44,1,N,37.8731050,127.7448550,37.8727490,127.7445930,,강원특별자치도 춘천시청,033-250-3415,2024-11-12,4181000,강원특별자치도 춘천시
강원특별자치도,춘천시,백령로138번길20 → 후만로,,,8,371,1,N,37.8740950,127.7427010,37.8727150,127.7465710,,강원특별자치도 춘천시청,033-250-3415,2024-11-12,4181000,강원특별자치도 춘천시
강원특별자치도,춘천시,후석로573번길,,,8,45,1,N,37.8936310,127.7300010,37.8939090,127.7299040,,강원특별자치도 춘천시청,033-250-3415,2024-11-12,4181000,강원특별자치도 춘천시
강원특별자치도,춘천시,교동길(교동 11-49 ~ 교동 11-103),,,8,210,1,N,37.8814510,127.7381420,37.8814160,127.7381500,,강원특별자치도 춘천시청,033-250-3415,2024-11-12,4181000,강원특별자치도 춘천시
강원특별자치도,춘천시,학당길,,,8,250,1,N,37.8808420,127.7241610,37.8789660,127.7223800,,강원특별자치도 춘천시청,033-250-3415,2024-11-12,4181000,강원특별자치도 춘천시
강원특별자치도,춘천시,약사천 뚝방길(자수정사우나앞),,,8,140,1,Y,37.8720340,127.7248190,37.8728260,127.7260340,,강원특별자치도 춘천시청,033-250-3415,2024-11-12,4181000,강원특별자치도 춘천시
강원특별자치도,춘천시,외솔길,,,8,160,1,N,37.8557800,127.7490950,37.8566430,127.7500640,,강원특별자치도 춘천시청,033-250-3415,2024-11-12,4181000,강원특별자치도 춘천시
강원특별자치도,춘천시,경춘로(배나무골),,,8,200,1,Y,37.8575490,127.7156090,37.8591110,127.7165870,,강원특별자치도 춘천시청,033-250-3415,2024-11-12,4181000,강원특별자치도 춘천시
강원특별자치도,춘천시,약사고개길50번길,,,8,170,1,Y,37.8743270,127.7272450,37.8730990,127.7259600,,강원특별자치도 춘천시청,033-250-3415,2024-11-12,4181000,강원특별자치도 춘천시
강원특별자치도,춘천시,약사천 뚝방길(봉의초등학교옆),,,8,180,1,Y,37.8747500,127.7291530,37.8744530,127.7273830,,강원특별자치도 춘천시청,033-250-3415,2024-11-12,4181000,강원특별자치도 춘천시
강원특별자치도,춘천시,풍물시장 내 순환도로,,,8,630,1,Y,37.8698370,127.7163880,37.8663860,127.7209110,,강원특별자치도 춘천시청,033-250-3415,2024-11-12,4181000,강원특별자치도 춘천시
서울특별시,강서구,강서로18가길,,,5.5,210,1,N,37.53579300,126.84597800,37.53398100,126.84699100,,서울특별시 강서구청,02-2600-4136,2025-05-20,3150000,서울특별시 강서구
서울특별시,강서구,화곡로55길,,,5.5,230,1,N,37.55289600,126.84808300,37.55189800,126.84593400,,서울특별시 강서구청,02-2600-4136,2025-05-20,3150000,서울특별시 강서구
서울특별시,강서구,화곡로55길,,,5.5,85,1,N,37.55221400,126.84754500,37.55185500,126.84832900,,서울특별시 강서구청,02-2600-4136,2025-05-20,3150000,서울특별시 강서구
서울특별시,강서구,우장산로14길,,,5.5,225,1,N,37.55141600,126.84801600,37.55310600,126.84946400,,서울특별시 강서구청,02-2600-4136,2025-05-20,3150000,서울특별시 강서구
서울특별시,강서구,화곡로53길,,,5.5,130,1,N,37.55182700,126.84580700,37.55096100,126.84657700,,서울특별시 강서구청,02-2600-4136,2025-05-20,3150000,서울특별시 강서구
서울특별시,강서구,화곡로51길,,,5.5,135,1,N,37.55071300,126.84667400,37.55035200,126.84760300,,서울특별시 강서구청,02-2600-4136,2025-05-20,3150000,서울특별시 강서구
서울특별시,강서구,화곡로53길,,,5.5,105,1,N,37.55113700,126.84837600,37.55036200,126.84768600,,서울특별시 강서구청,02-2600-4136,2025-05-20,3150000,서울특별시 강서구
서울특별시,강서구,화곡로53가길,,,5.5,215,1,N,37.54970200,126.84676700,37.55134900,126.84796600,,서울특별시 강서구청,02-2600-4136,2025-05-20,3150000,서울특별시 강서구
서울특별시,강서구,화곡로53가길,,,5.5,150,1,N,37.54928300,126.84739800,37.55009500,126.84596100,,서울특별시 강서구청,02-2600-4136,2025-05-20,3150000,서울특별시 강서구
서울특별시,강서구,화곡로58길,,,5.5,170,1,N,37.55288700,126.85210500,37.55431800,126.85289600,,서울특별시 강서구청,02-2600-4136,2025-05-20,3150000,서울특별시 강서구
서울특별시,강서구,공항대로46길,,,5.5,140,1,N,37.55453900,126.85357300,37.55331500,126.85296700,,서울특별시 강서구청,02-2600-4136,2025-05-20,3150000,서울특별시 강서구
서울특별시,강서구,화곡로59길,,,5.5,110,1,N,37.55373300,126.84855700,37.55461300,126.84903300,,서울특별시 강서구청,02-2600-4136,2025-05-20,3150000,서울특별시 강서구
서울특별시,강서구,화곡로59길,,,5.5,105,1,N,37.55365900,126.84903600,37.55371900,126.84787800,,서울특별시 강서구청,02-2600-4136,2025-05-20,3150000,서울특별시 강서구
서울특별시,강서구,화곡로59길,,,7.5,195,1,N,37.55471900,126.84875500,37.55331500,126.84756900,,서울특별시 강서구청,02-2600-4136,2025-05-20,3150000,서울특별시 강서구
서울특별시,강서구,화곡로59길,,,5.5,145,1,N,37.55443300,126.84951800,37.55323100,126.84906800,,서울특별시 강서구청,02-2600-4136,2025-05-20,3150000,서울특별시 강서구
서울특별시,강서구,화곡로52길,,,5.5,200,1,N,37.55049100,126.84862100,37.54922500,126.85092600,,서울특별시 강서구청,02-2600-4136,2025-05-20,3150000,서울특별시 강서구
서울특별시,강서구,화곡로50길,,,5.5,180,1,N,37.54885100,126.84976800,37.54979100,126.84802500,,서울특별시 강서구청,02-2600-4136,2025-05-20,3150000,서울특별시 강서구
서울특별시,강서구,화곡로44가길,,,3.5,220,1,N,37.54859100,126.84760100,37.55019700,126.84904800,,서울특별시 강서구청,02-2600-4136,2025-05-20,3150000,서울특별시 강서구
서울특별시,강서구,공항대로44길,,,5.5,260,1,N,37.55321100,126.84954800,37.55540000,126.85063000,,서울특별시 강서구청,02-2600-4136,2025-05-20,3150000,서울특별시 강서구
서울특별시,강서구,우장산로15길,,,5.5,50,1,Y,37.55568200,126.85084400,37.55551700,126.85128800,,서울특별시 강서구청,02-2600-4136,2025-05-20,3150000,서울특별시 강서구
서울특별시,강서구,우장산로15길,,,5.5,150,1,Y,37.55546300,126.85130900,37.55415600,126.85059300,,서울특별시 강서구청,02-2600-4136,2025-05-20,3150000,서울특별시 강서구
강원특별자치도,춘천시,영서로2291번길,,,8,174,1,N,37.8641560,127.7192630,37.8652670,127.7201090,,강원특별자치도 춘천시청,033-250-3415,2024-11-12,4181000,강원특별자치도 춘천시
경상남도,통영시,동달안길 8,,,4.4,380,1,N,34.894386,128.457061,34.897556,128.458033,,경상남도 통영시 교통과,055-650-5333,2025-03-05,5330000,경상남도 통영시
제주특별자치도,서귀포시,중정로,교통불편 해소,2017,8,70,1,N,33.247587,126.558471,33.248274,126.558473,,제주특별자치도 서귀포시 교통행정과,064-760-3295,2025-01-08,6520000,제주특별자치도 서귀포시
제주특별자치도,서귀포시,"중앙로 41번길, 중정로 47번길",교통불편 해소,,8,90,1,Y,33.248174,126.561376,33.247633,126.561497,,제주특별자치도 서귀포시 교통행정과,064-760-3295,2025-01-08,6520000,제주특별자치도 서귀포시
제주특별자치도,서귀포시,중앙로 89번길,교통불편 해소,2016,8,245,1,Y,33.252519,126.560577,33.252124,126.557915,,제주특별자치도 서귀포시 교통행정과,064-760-3295,2025-01-08,6520000,제주특별자치도 서귀포시
제주특별자치도,서귀포시,서문로 41번길,교통불편 해소,,8,280,1,N,33.249352,126.558076,33.249285,126.560751,,제주특별자치도 서귀포시 교통행정과,064-760-3295,2025-01-08,6520000,제주특별자치도 서귀포시
제주특별자치도,서귀포시,서문로 29번길,교통불편 해소,,8,310,1,Y,33.250279,126.558812,33.247593,126.559687,,제주특별자치도 서귀포시 교통행정과,064-760-3295,2025-01-08,6520000,제주특별자치도 서귀포시
제주특별자치도,서귀포시,천지로,교통불편 해소,,8,440,1,Y,33.247675,126.561052,33.251356,126.559802,,제주특별자치도 서귀포시 교통행정과,064-760-3295,2025-01-08,6520000,제주특별자치도 서귀포시
제주특별자치도,서귀포시,중앙로 79번길,교통불편 해소,,8,130,1,N,33.2517905,126.560924,33.251005,126.560201,,제주특별자치도 서귀포시 교통행정과,064-760-3295,2025-01-08,6520000,제주특별자치도 서귀포시
제주특별자치도,서귀포시,중앙로 71번길,교통불편 해소,,8,220,1,Y,33.250433,126.559034,33.250946,126.561196,,제주특별자치도 서귀포시 교통행정과,064-760-3295,2025-01-08,6520000,제주특별자치도 서귀포시
제주특별자치도,서귀포시,중앙로 59번길,교통불편 해소,,6,320,1,N,33.250009,126.561351,33.249605,126.558201,,제주특별자치도 서귀포시 교통행정과,064-760-3295,2025-01-08,6520000,제주특별자치도 서귀포시
제주특별자치도,서귀포시,중앙로 47번길,교통불편 해소,,8,365,1,N,33.248797,126.561575,33.248285,126.557754,,제주특별자치도 서귀포시 교통행정과,064-760-3295,2025-01-08,6520000,제주특별자치도 서귀포시
제주특별자치도,서귀포시,중앙로 41번길,교통불편 해소,,6,130,1,N,33.248112,126.560953,33.247875,126.559707,,제주특별자치도 서귀포시 교통행정과,064-760-3295,2025-01-08,6520000,제주특별자치도 서귀포시
제주특별자치도,서귀포시,동문동로 53번길,교통불편 해소,,4,90,1,Y,33.252402,126.5630808,33.252194,126.562218,,제주특별자치도 서귀포시 교통행정과,064-760-3295,2025-01-08,6520000,제주특별자치도 서귀포시
제주특별자치도,서귀포시,중앙로 62번길,교통불편 해소,,8,55,1,Y,33.2512109,126.564674,33.250862,126.564384,,제주특별자치도 서귀포시 교통행정과,064-760-3295,2025-01-08,6520000,제주특별자치도 서귀포시
제주특별자치도,서귀포시,중앙로 72번길,교통불편 해소,2019,4,210,1,Y,33.251897,126.563729,33.252443,126.565782,,제주특별자치도 서귀포시 교통행정과,064-760-3295,2025-01-08,6520000,제주특별자치도 서귀포시
제주특별자치도,서귀포시,중앙로 72번길,교통불편 해소,,6,50,1,Y,33.251503,126.563342,33.251838,126.563671,,제주특별자치도 서귀포시 교통행정과,064-760-3295,2025-01-08,6520000,제주특별자치도 서귀포시
제주특별자치도,서귀포시,중정로 73번길,교통불편 해소,,8,247,1,N,33.250351,126.563791,33.248093,126.564143,,제주특별자치도 서귀포시 교통행정과,064-760-3295,2025-01-08,6520000,제주특별자치도 서귀포시
제주특별자치도,서귀포시,중앙로 54번길,교통불편 해소,,4,30,1,Y,33.2497307,126.562968,33.249911,126.563688,,제주특별자치도 서귀포시 교통행정과,064-760-3295,2025-01-08,6520000,제주특별자치도 서귀포시
제주특별자치도,서귀포시,중앙로 54번길,교통불편 해소,,8,100,1,Y,33.249471,126.561654,33.249695,126.562689,,제주특별자치도 서귀포시 교통행정과,064-760-3295,2025-01-08,6520000,제주특별자치도 서귀포시
제주특별자치도,서귀포시,동문동로 53번길,교통불편 해소,,8,80,1,Y,33.252127,126.561968,33.2518805,126.561503,,제주특별자치도 서귀포시 교통행정과,064-760-3295,2025-01-08,6520000,제주특별자치도 서귀포시
제주특별자치도,서귀포시,중앙로 42번길,교통불편 해소,,8,100,1,N,33.248245,126.561827,33.248472,126.562909,,제주특별자치도 서귀포시 교통행정과,064-760-3295,2025-01-08,6520000,제주특별자치도 서귀포시
제주특별자치도,서귀포시,중앙로 42번길,교통불편 해소,,8,60,1,Y,33.249487,126.566357,33.249161,126.565959,,제주특별자치도 서귀포시 교통행정과,064-760-3295,2025-01-08,6520000,제주특별자치도 서귀포시
제주특별자치도,서귀포시,동홍로 8번길,교통불편 해소,,8,170,1,Y,33.249204,126.567861,33.249043,126.569552,,제주특별자치도 서귀포시 교통행정과,064-760-3295,2025-01-08,6520000,제주특별자치도 서귀포시
제주특별자치도,서귀포시,중앙로 48번길,교통불편 해소,,8,390,1,N,33.248888,126.561773,33.249998,126.565496,,제주특별자치도 서귀포시 교통행정과,064-760-3295,2025-01-08,6520000,제주특별자치도 서귀포시
제주특별자치도,서귀포시,중앙로 48번길,교통불편 해소,,8,120,1,Y,33.250939,126.5663101,33.250582,126.565992,,제주특별자치도 서귀포시 교통행정과,064-760-3295,2025-01-08,6520000,제주특별자치도 서귀포시
제주특별자치도,서귀포시,중정로 61번길,교통불편 해소,,8,360,1,Y,33.251086,126.562494,33.247905,126.563009,,제주특별자치도 서귀포시 교통행정과,064-760-3295,2025-01-08,6520000,제주특별자치도 서귀포시
제주특별자치도,서귀포시,동문동로,교통불편 해소,,8,660,1,Y,33.249496,126.567637,33.253413,126.562791,,제주특별자치도 서귀포시 교통행정과,064-760-3295,2025-01-08,6520000,제주특별자치도 서귀포시
제주특별자치도,서귀포시,중동로 32번길,교통불편 해소,,8,120,1,Y,33.2514209,126.5660904,33.251175,126.564964,,제주특별자치도 서귀포시 교통행정과,064-760-3295,2025-01-08,6520000,제주특별자치도 서귀포시
제주특별자치도,서귀포시,중앙로 62번길,교통불편 해소,,10,340,1,Y,33.250754,126.564239,33.250142,126.561595,,제주특별자치도 서귀포시 교통행정과,064-760-3295,2025-01-08,6520000,제주특별자치도 서귀포시
경기도,경기도 양평군청,다문중앙2길,주민편의,2017,5,230,1,Y,37.484911,127.592111,37.486311,127.593811,,경기도 양평군청,031-770-3755,2023-05-24,4170000,경기도 양평군
경상남도,통영시,죽림2로,,,8,220,1,Y,34.977186,128.420957,34.87904063,128.4210848,,경상남도 통영시 교통과,055-650-5333,2025-03-05,5330000,경상남도 통영시
경상남도,통영시,해송정1길,,,7.1,300,1,N,34.84348338,128.4270481,34.844199,128.427656,,경상남도 통영시 교통과,055-650-5333,2025-03-05,5330000,경상남도 통영시
경상남도,통영시,죽림해안로,,,4.7,300,1,Y,34.880544,128.422227,34.880848,128.419028,,경상남도 통영시 교통과,055-650-5333,2025-03-05,5330000,경상남도 통영시
경상남도,통영시,죽림2로,,,9.1,300,1,Y,34.880507,128.419072,34.880103,128.422129,,경상남도 통영시 교통과,055-650-5333,2025-03-05,5330000,경상남도 통영시
경상남도,통영시,주전골길,,,3,440,1,Y,34.848648,128.427122,34.848455,128.425206,,경상남도 통영시 교통과,055-650-5333,2025-03-05,5330000,경상남도 통영시
경상남도,통영시,새터길,,,3.8,80,1,N,34.841767,128.420833,34.840934,128.420665,,경상남도 통영시 교통과,055-650-5333,2025-03-05,5330000,경상남도 통영시
경상남도,통영시,도산일주로,,,5.7,150,1,N,34.908322,128.314387,34.907748,128.316609,,경상남도 통영시 교통과,055-650-5333,2025-03-05,5330000,경상남도 통영시
경상남도,통영시,도산일주로,,,4.3,150,1,N,34.907164,128.312716,34.908363,128.312191,,경상남도 통영시 교통과,055-650-5333,2025-03-05,5330000,경상남도 통영시
경상남도,통영시,노전길,,,4.7,150,1,N,34.91390705,128.3574171,34.915106,128.358047,,경상남도 통영시 교통과,055-650-5333,2025-03-05,5330000,경상남도 통영시
경상남도,통영시,동피랑길,,,5.7,500,1,N,34.845057,128.427878,34.845738,128.426381,,경상남도 통영시 교통과,055-650-5333,2025-03-05,5330000,경상남도 통영시
경상남도,통영시,해미당2길,,,6.6,80,1,N,34.85602993,128.4301862,34.85585197,128.4295291,,경상남도 통영시 교통과,055-650-5333,2025-03-05,5330000,경상남도 통영시
경상남도,통영시,해미당1길,,,4.1,70,1,N,34.856428,128.430023,34.856791,128.430522,,경상남도 통영시 교통과,055-650-5333,2025-03-05,5330000,경상남도 통영시
제주특별자치도,서귀포시,글로벌에듀로145번길,교통불편 해소,,4,135,1,Y,33.295952,126.2892807,33.2958924,126.2901563,,제주특별자치도 서귀포시 교통행정과,064-760-3295,2025-01-08,6520000,제주특별자치도 서귀포시
제주특별자치도,서귀포시,민속해안로,교통불편 해소,,4,360,1,N,33.324836,126.8391764,33.3247962,126.8426795,,제주특별자치도 서귀포시 교통행정과,064-760-3295,2025-01-08,6520000,제주특별자치도 서귀포시
제주특별자치도,서귀포시,동류암로 39번길,교통불편 해소,,6,140,1,N,33.447768,126.9152006,33.448602,126.916194,,제주특별자치도 서귀포시 교통행정과,064-760-3295,2025-01-08,6520000,제주특별자치도 서귀포시
제주특별자치도,서귀포시,고산중앙로,교통불편 해소,,6,80,1,N,33.450087,126.911958,33.449182,126.9110504,,제주특별자치도 서귀포시 교통행정과,064-760-3295,2025-01-08,6520000,제주특별자치도 서귀포시
제주특별자치도,서귀포시,일출로,교통불편 해소,,8,680,1,Y,33.460321,126.931014,33.464022,126.934208,,제주특별자치도 서귀포시 교통행정과,064-760-3295,2025-01-08,6520000,제주특별자치도 서귀포시
제주특별자치도,서귀포시,동류암로,교통불편 해소,,4,80,1,N,33.449756,126.920303,33.449604,126.919166,,제주특별자치도 서귀포시 교통행정과,064-760-3295,2025-01-08,6520000,제주특별자치도 서귀포시
제주특별자치도,서귀포시,중문동 1746-4,교통불편 해소,2018,6,80,1,N,33.256969,126.430606,33.256885,126.429994,,제주특별자치도 서귀포시 교통행정과,064-760-3295,2025-01-08,6520000,제주특별자치도 서귀포시
제주특별자치도,서귀포시,천제연로 170번길,교통불편 해소,2017,4,55,1,N,33.251912,126.422644,33.251385,126.422682,,제주특별자치도 서귀포시 교통행정과,064-760-3295,2025-01-08,6520000,제주특별자치도 서귀포시
제주특별자치도,서귀포시,천제연로 163-3입구,교통불편 해소,2017,4,65,1,N,33.252289,126.422126,33.252796,126.422158,,제주특별자치도 서귀포시 교통행정과,064-760-3295,2025-01-08,6520000,제주특별자치도 서귀포시
제주특별자치도,서귀포시,천제연로188번길,교통불편 해소,2016,6,55,1,N,33.251696,126.424622,33.251205,126.424618,,제주특별자치도 서귀포시 교통행정과,064-760-3295,2025-01-08,6520000,제주특별자치도 서귀포시
제주특별자치도,서귀포시,천제연로178번길,교통불편 해소,2016,4,50,1,N,33.251759,126.423498,33.251294,126.4234908,,제주특별자치도 서귀포시 교통행정과,064-760-3295,2025-01-08,6520000,제주특별자치도 서귀포시
제주특별자치도,서귀포시,천제연로207번길,교통불편 해소,2016,6,170,1,Y,33.251689,126.426871,33.253231,126.427016,,제주특별자치도 서귀포시 교통행정과,064-760-3295,2025-01-08,6520000,제주특별자치도 서귀포시
제주특별자치도,서귀포시,천제연로 185번길,교통불편 해소,2016,8,55,1,N,33.2518309,126.424391,33.253666,126.425074,,제주특별자치도 서귀포시 교통행정과,064-760-3295,2025-01-08,6520000,제주특별자치도 서귀포시
제주특별자치도,서귀포시,대청로,교통불편 해소,2018,8,366,1,Y,33.252986,126.502659,33.253337,126.503005,,제주특별자치도 서귀포시 교통행정과,064-760-3295,2025-01-08,6520000,제주특별자치도 서귀포시
제주특별자치도,서귀포시,법환로(법환동 1563 일원),교통불편 해소,2023,4,90,1,N,33.241364,126.505987,33.242121,126.505404,,제주특별자치도 서귀포시 교통행정과,064-760-3295,2025-01-08,6520000,제주특별자치도 서귀포시
제주특별자치도,서귀포시,신중로13번길,교통불편 해소,2020,6,80,1,Y,33.256989,126.513931,33.2571304,126.5130908,,제주특별자치도 서귀포시 교통행정과,064-760-3295,2025-01-08,6520000,제주특별자치도 서귀포시
제주특별자치도,서귀포시,솜반천로,교통불편 해소,,8,165,1,Y,33.254132,126.558876,33.254393,126.560645,,제주특별자치도 서귀포시 교통행정과,064-760-3295,2025-01-08,6520000,제주특별자치도 서귀포시
전라남도,순천시,조례마을안길(호수공원도서관~두지마을),,2014,5,136,1,N,34.976546,127.404215,34.976546,127.404215,,전라남도 순천시청 교통관리과,061-749-5919,2024-11-19,4820000,전라남도 순천시
전라남도,순천시,인제동 아트빌앞 도로(아트빌-상인제길),,2012,8,130,1,N,34.944815,127.481090,34.976546,127.404215,,전라남도 순천시청 교통관리과,061-749-5919,2024-11-19,4820000,전라남도 순천시
전라남도,순천시,향림현대아파트 외곽 천변도로(사랑유치원-향림교),,2011,5,270,1,N,34.976546,127.404215,34.976546,127.404215,,전라남도 순천시청 교통관리과,061-749-5919,2024-11-19,4820000,전라남도 순천시
전라남도,순천시,중앙동 감사터길 (중앙동3-17∼1-4) 90m,,2010,6,90,1,N,34.956409,127.485758,34.957171,127.484801,,전라남도 순천시청 교통관리과,061-749-5919,2024-11-19,4820000,전라남도 순천시
전라남도,순천시,청소년 문화의거리(행동 승주주차장⇒ 금곡사거리간),,2009,14,190,1,N,34.955683,127.482489,34.956156,127.477175,,전라남도 순천시청 교통관리과,061-749-5919,2024-11-19,4820000,전라남도 순천시
전라남도,순천시,에코그라드호텔 이면도로(조례동 1593-14 워터피아주차장입구⇒조례동 1587-6 현대병원사거리 간),,2008,9,100,1,N,34.953956,127.523132,34.953609,127.522061,,전라남도 순천시청 교통관리과,061-749-5919,2024-11-19,4820000,전라남도 순천시
전라남도,순천시,시청 주차장도로(장천동 63-5 박람회추진단 → 장천동 63-7 하루일과 간),,2002,4,47,1,N,34.950031,127.486761,34.949761,127.486752,,전라남도 순천시청 교통관리과,061-749-5919,2024-11-19,4820000,전라남도 순천시
전라남도,순천시,향림초등 일방로(향림현대 201동 우측도로입구→향림현대201동 좌측도로 끝지점),,2002,7,200,1,N,34.976546,127.404215,34.976546,127.404215,,전라남도 순천시청 교통관리과,061-749-5919,2024-11-19,4820000,전라남도 순천시
전라남도,순천시,연향3지구 아우디모텔 일방로(아우디모텔 블록 구간),,2002,12,100,2,N,34.941321,127.519449,34.941321,127.519449,,전라남도 순천시청 교통관리과,061-749-5919,2024-11-19,4820000,전라남도 순천시
전라남도,순천시,해룡면 마산마을(마산마을→국도17호 마산마을입구 삼거리),,,4,380,1,N,34.976546,127.404215,34.976546,127.404215,,전라남도 순천시청 교통관리과,061-749-5919,2024-11-19,4820000,전라남도 순천시
전라남도,순천시,동신아파트 옆 일방로(조례동 대주아파트입구→조례동 부영8차 관리사무소 건물),,2002,8,400,1,N,34.956214,127.528933,34.954676,127.527496,,전라남도 순천시청 교통관리과,061-749-5919,2024-11-19,4820000,전라남도 순천시
전라남도,순천시,생목일방로(생목동 이수로 2번지 김보석→덕암동 현대아파트 삼거리),,,8,900,1,N,34.947908,127.500887,34.949938,127.510159,,전라남도 순천시청 교통관리과,061-749-5919,2024-11-19,4820000,전라남도 순천시
전라남도,순천시,인제동 상인제길(상인제길 2번지 인제부식청과→상인제길 136번지 성진아파트 입구사거리),,2004,7,200,2,N,34.945749,127.484609,34.944961,127.481538,,전라남도 순천시청 교통관리과,061-749-5919,2024-11-19,4820000,전라남도 순천시
전라남도,순천시,조곡일방로(조곡동353-3(조곡교)→조곡동236-2(장대공원),,,4,600,1,N,34.955838,127.491357,34.950442,127.494499,,전라남도 순천시청 교통관리과,061-749-5919,2024-11-19,4820000,전라남도 순천시
전라남도,순천시,장천동 무궁화장길(팔마로43번지 아모스미용재료→학동이길28번지 뷰티헤어샵),,,9,120,1,N,34.946614,127.493176,34.976546,127.404215,,전라남도 순천시청 교통관리과,061-749-5919,2024-11-19,4820000,전라남도 순천시
전라남도,순천시,장천동 터미널 장천3길(장천3길3번지 쇼 동아대리점→장천3길61번지 태화약국),,,17,120,3,N,34.947884,127.490595,34.976546,127.404215,,전라남도 순천시청 교통관리과,061-749-5919,2024-11-19,4820000,전라남도 순천시
전라남도,순천시,장천동 시청후문 중앙3길(중앙3길 16번지 남도맛죽→장천2길 썬헤어라인),,,7,300,1,N,34.950031,127.486761,34.976546,127.404215,,전라남도 순천시청 교통관리과,061-749-5919,2024-11-19,4820000,전라남도 순천시
전라남도,순천시,저전길 순천여고진입로(저전동203-3번지 GS25시 편의점→저전길47번지 팔마맛집),,,6,100,1,N,34.950659,127.483922,34.949469,127.483874,,전라남도 순천시청 교통관리과,061-749-5919,2024-11-19,4820000,전라남도 순천시
전라남도,순천시,저전1가길(저전동 121-6번지 손순국 가→중앙로),,,6,120,1,N,34.952218,127.481656,34.976546,127.404215,,전라남도 순천시청 교통관리과,061-749-5919,2024-11-19,4820000,전라남도 순천시
전라남도,순천시,동외동 한전사택길(남내동 4-4번지 뜨레비스→동외동68-12번지 강남빌딩),,,6,120,2,N,34.953337,127.486237,34.953336,127.488197,,전라남도 순천시청 교통관리과,061-749-5919,2024-11-19,4820000,전라남도 순천시
전라남도,순천시,남내동 중앙시장길(남내동 77번지 천원세상→남내동 111-4번지 떼고집),,,8,120,1,N,34.953572,127.484166,34.953390,127.485919,,전라남도 순천시청 교통관리과,061-749-5919,2024-11-19,4820000,전라남도 순천시
전라남도,순천시,남내동 보행자도로(장천동 프리머스사거리→남내동 1-1번지 기업은행),,,5,420,1,N,34.949993,127.488469,34.955076,127.486073,,전라남도 순천시청 교통관리과,061-749-5919,2024-11-19,4820000,전라남도 순천시
전라남도,순천시,장천동 남문천변길(장천동 261-4번지 LG텔레콤→장천동 49-1 MIT특수방수),,,4,400,1,N,34.952959,127.484137,34.952573,127.488957,,전라남도 순천시청 교통관리과,061-749-5919,2024-11-19,4820000,전라남도 순천시
전라남도,순천시,동외동 성동초등길(남내동3-23번지 폴한→동외동 78번지 성동초 입구),,,7,120,1,N,34.954284,127.486373,34.954331,127.486680,,전라남도 순천시청 교통관리과,061-749-5919,2024-11-19,4820000,전라남도 순천시
전라남도,순천시,중앙1가길(중앙동85-1번지 닥터포닥터→중앙동112-6번지 팔마모텔)차량통행제한 13:00-익일08:00,,,6,160,1,N,34.955503,127.484680,34.955508,127.485720,,전라남도 순천시청 교통관리과,061-749-5919,2024-11-19,4820000,전라남도 순천시
전라남도,순천시,중앙1가(중앙동 24-41번지 SK봉화대리점→중앙동 112-6번지 팔마모텔)차량통행제한 13:00-익일08:00,,,3,210,1,N,34.956316,127.485113,34.955508,127.485720,,전라남도 순천시청 교통관리과,061-749-5919,2024-11-19,4820000,전라남도 순천시
전라남도,순천시,매곡동 도서관길(중앙동 1번지 신세대 먹거리→동외동 278-8번지 산아래 건강원),,2002,6,160,1,N,34.957262,127.484801,34.957183,127.487505,,전라남도 순천시청 교통관리과,061-749-5919,2024-11-19,4820000,전라남도 순천시
경기도,동두천시,지행로94번길,원활한 교통흐름 및 보행 안전,2017,5,70,1,Y,37.892493,127.057495,37.891874,127.058326,,경기도 동두천시청 교통행정과,031-860-2444,2025-05-01,3920000,경기도 동두천시
서울특별시,광진구,뚝섬로54길,,,4,108,1,N,37.530971,127.080687,37.530112,127.080311,,서울특별시 광진구,02-450-7923,2025-04-23,3040000,서울특별시 광진구
서울특별시,광진구,뚝섬로52가길,,,5,289,1,N,37.530741,127.082522,37.531405,127.079442,,서울특별시 광진구,02-450-7923,2025-04-23,3040000,서울특별시 광진구
서울특별시,광진구,뚝섬로54길,,,5,57,1,N,37.5295472,127.0800168,37.5281466,127.0793423,,서울특별시 광진구,02-450-7923,2025-04-23,3040000,서울특별시 광진구
서울특별시,광진구,자양강변길,,,3,568,1,N,37.5302788,127.086839,37.527677,127.082992,,서울특별시 광진구,02-450-7923,2025-04-23,3040000,서울특별시 광진구
서울특별시,광진구,구의강변로1길,,,5,500,1,N,37.5319294,127.0917808,37.530384,127.087084,,서울특별시 광진구,02-450-7923,2025-04-23,3040000,서울특별시 광진구
서울특별시,광진구,뚝섬로56가길,,,4,137,1,N,37.528806,127.086532,37.528533,127.085135,,서울특별시 광진구,02-450-7923,2025-04-23,3040000,서울특별시 광진구
서울특별시,광진구,뚝섬로58길,,,4,78,1,N,37.528371,127.084101,37.528983,127.083923,,서울특별시 광진구,02-450-7923,2025-04-23,3040000,서울특별시 광진구
서울특별시,광진구,뚝섬로58길,,,4,159,1,N,37.529312,127.0844797,37.5287987,127.082902,,서울특별시 광진구,02-450-7923,2025-04-23,3040000,서울특별시 광진구
서울특별시,광진구,뚝섬로58길,,,4,99,1,N,37.529322,127.084535,37.529752,127.085403,,서울특별시 광진구,02-450-7923,2025-04-23,3040000,서울특별시 광진구
서울특별시,광진구,자양로3가길,,,4,77,1,N,37.529353,127.084459,37.529869,127.084057,,서울특별시 광진구,02-450-7923,2025-04-23,3040000,서울특별시 광진구
서울특별시,광진구,뚝섬로58길,,,2,76,1,N,37.529788,127.085441,37.530344,127.085033,,서울특별시 광진구,02-450-7923,2025-04-23,3040000,서울특별시 광진구
서울특별시,광진구,자양로3길,,,4,59,1,N,37.529955,127.084008,37.530354,127.083708,,서울특별시 광진구,02-450-7923,2025-04-23,3040000,서울특별시 광진구
서울특별시,광진구,자양로3길,,,6,357,1,N,37.5293872,127.0828049,37.5310446,127.0863179,,서울특별시 광진구,02-450-7923,2025-04-23,3040000,서울특별시 광진구
서울특별시,광진구,뚝섬로58가길,,,4,194,1,N,37.530843,127.084597,37.529975,127.082741,,서울특별시 광진구,02-450-7923,2025-04-23,3040000,서울특별시 광진구
서울특별시,광진구,뚝섬로58길,,,4,109,1,N,37.530424,127.084984,37.531215,127.084361,,서울특별시 광진구,02-450-7923,2025-04-23,3040000,서울특별시 광진구
서울특별시,광진구,뚝섬로58길,,,4,54,1,N,37.5293476,127.0844833,37.531748,127.083988,,서울특별시 광진구,02-450-7923,2025-04-23,3040000,서울특별시 광진구
서울특별시,광진구,자양로5길,,,7,290,1,N,37.531883,127.085694,37.530732,127.082629,,서울특별시 광진구,02-450-7923,2025-04-23,3040000,서울특별시 광진구
서울특별시,광진구,자양로2길,,,4,206,1,N,37.530502,127.086918,37.531286,127.088956,,서울특별시 광진구,02-450-7923,2025-04-23,3040000,서울특별시 광진구
서울특별시,광진구,자양로6길,,,4,277,1,N,37.5330251,127.0888191,37.531745,127.086025,,서울특별시 광진구,02-450-7923,2025-04-23,3040000,서울특별시 광진구
서울특별시,광진구,자양로15길,,,6,139,1,N,37.534611,127.078124,37.534994,127.079716,,서울특별시 광진구,02-450-7923,2025-04-23,3040000,서울특별시 광진구
서울특별시,광진구,자양로13나길,,,6,205,1,N,37.5334929,127.080795,37.534841,127.079325,,서울특별시 광진구,02-450-7923,2025-04-23,3040000,서울특별시 광진구
서울특별시,광진구,뚝섬로55길,,,6,183,1,N,37.532323,127.082427,37.533372,127.080897,,서울특별시 광진구,02-450-7923,2025-04-23,3040000,서울특별시 광진구
서울특별시,광진구,뚝섬로57길,,,6,335,1,N,37.534248,127.081903,37.531832,127.083929,,서울특별시 광진구,02-450-7923,2025-04-23,3040000,서울특별시 광진구
서울특별시,광진구,뚝섬로59길,,,8,388,1,N,37.531988,127.084281,37.535745,127.082825,,서울특별시 광진구,02-450-7923,2025-04-23,3040000,서울특별시 광진구
서울특별시,광진구,아차산로66길,,,7,470,1,N,37.541225,127.096415,37.542202,127.101495,,서울특별시 광진구,02-450-7923,2025-04-23,3040000,서울특별시 광진구
서울특별시,광진구,광장로,,,6,50,1,N,37.547072,127.102958,37.547351,127.102832,,서울특별시 광진구,02-450-7923,2025-04-23,3040000,서울특별시 광진구
서울특별시,광진구,광장로,,,6,43,1,N,37.547258,127.102527,37.546986,127.102606,,서울특별시 광진구,02-450-7923,2025-04-23,3040000,서울특별시 광진구
서울특별시,광진구,광장로3길,,,7,169,1,N,37.547644,127.102041,37.547121,127.103152,,서울특별시 광진구,02-450-7923,2025-04-23,3040000,서울특별시 광진구
서울특별시,광진구,광장로1길,,,7,182,1,N,37.546886,127.102211,37.547644,127.102041,,서울특별시 광진구,02-450-7923,2025-04-23,3040000,서울특별시 광진구
서울특별시,광진구,천호대로141길,,,6,75,1,N,37.545971,127.103195,37.546295,127.102248,,서울특별시 광진구,02-450-7923,2025-04-23,3040000,서울특별시 광진구
서울특별시,광진구,천호대로145길,,,6,148,1,N,37.545872,127.104344,37.545971,127.103195,,서울특별시 광진구,02-450-7923,2025-04-23,3040000,서울특별시 광진구
전라남도,순천시,신대5블럭(소망빌딩~맷돌순두부),,2016,8,75,1,N,34.976546,127.404215,34.976546,127.404215,,전라남도 순천시청 교통관리과,061-749-5919,2024-11-19,4820000,전라남도 순천시
전라남도,순천시,신대5블럭(오늘한점~소망빌딩),,,8,34,1,N,34.976546,127.404215,34.976546,127.404215,,전라남도 순천시청 교통관리과,061-749-5919,2024-11-19,4820000,전라남도 순천시
전라남도,순천시,신대5블럭(정관장~오늘한점 ),,2002,8,75,1,N,34.976546,127.404215,34.976546,127.404215,,전라남도 순천시청 교통관리과,061-749-5919,2024-11-19,4820000,전라남도 순천시
전라남도,순천시,신대4블럭 향매2길(신대리2000-4 ~ 1999-1),,2016,4,129,1,N,34.976546,127.404215,34.976546,127.404215,,전라남도 순천시청 교통관리과,061-749-5919,2024-11-19,4820000,전라남도 순천시
전라남도,순천시,신대4블럭 향매2길(소담~송천B/D ),,2016,4,149,1,N,34.976546,127.404215,34.976546,127.404215,,전라남도 순천시청 교통관리과,061-749-5919,2024-11-19,4820000,전라남도 순천시
전라남도,순천시,신대3블럭 향매1길(금화빌딩~데뜨에스프레소),,2016,7,199,1,N,34.976546,127.404215,34.976546,127.404215,,전라남도 순천시청 교통관리과,061-749-5919,2024-11-19,4820000,전라남도 순천시
전라남도,순천시,신대3블럭 향매1길(신대리 1992~뜰안채),,2016,7,128,1,N,34.976546,127.404215,34.976546,127.404215,,전라남도 순천시청 교통관리과,061-749-5919,2024-11-19,4820000,전라남도 순천시
전라남도,순천시,신대3블럭 향매1길(앨리스주차타워~신대부동산m),,2016,7,245,1,N,34.976546,127.404215,34.976546,127.404215,,전라남도 순천시청 교통관리과,061-749-5919,2024-11-19,4820000,전라남도 순천시
전라남도,순천시,신대3블럭 향매1길(뜰안채~신대리 1993-7),,2016,7,68,1,N,34.976546,127.404215,34.976546,127.404215,,전라남도 순천시청 교통관리과,061-749-5919,2024-11-19,4820000,전라남도 순천시
전라남도,순천시,신대6블럭 매안2길(신대리 2023-7~2023-4),,2016,9,69,1,N,34.976546,127.404215,34.976546,127.404215,,전라남도 순천시청 교통관리과,061-749-5919,2024-11-19,4820000,전라남도 순천시
전라남도,순천시,신대6블럭 매안2길(아이미소유치원~신대리 2027 ),,2016,9,69,1,N,34.976546,127.404215,34.976546,127.404215,,전라남도 순천시청 교통관리과,061-749-5919,2024-11-19,4820000,전라남도 순천시
전라남도,순천시,신대6블럭 매안2길 (신대리2033~2033-3 ),,2016,9,69,1,N,34.976546,127.404215,34.976546,127.404215,,전라남도 순천시청 교통관리과,061-749-5919,2024-11-19,4820000,전라남도 순천시
전라남도,순천시,신대6블럭 매안2길 (글로벌빌~육지도 원룸),,2016,9,69,1,N,34.976546,127.404215,34.976546,127.404215,,전라남도 순천시청 교통관리과,061-749-5919,2024-11-19,4820000,전라남도 순천시
전라남도,순천시,신대6블럭 매안2길 (신대초밥~화궁 ),,2016,9,91,1,N,34.976546,127.404215,34.976546,127.404215,,전라남도 순천시청 교통관리과,061-749-5919,2024-11-19,4820000,전라남도 순천시
전라남도,순천시,신대6블럭 매안2길 (깔깔마녀~스시명가전 ),,2016,9,91,1,N,34.976546,127.404215,34.976546,127.404215,,전라남도 순천시청 교통관리과,061-749-5919,2024-11-19,4820000,전라남도 순천시
전라남도,순천시,신대6블럭 매안2길(신대리2025-5~낭낭오리집),,2016,9,91,1,N,34.976546,127.404215,34.976546,127.404215,,전라남도 순천시청 교통관리과,061-749-5919,2024-11-19,4820000,전라남도 순천시
전라남도,순천시,신대6블럭 매안2길(신대리 2024-5~2024),,2016,9,91,1,N,34.976546,127.404215,34.976546,127.404215,,전라남도 순천시청 교통관리과,061-749-5919,2024-11-19,4820000,전라남도 순천시
전라남도,순천시,신대6블럭 매안1길(공원~신대리 2021),,2016,10,202,1,N,34.976546,127.404215,34.976546,127.404215,,전라남도 순천시청 교통관리과,061-749-5919,2024-11-19,4820000,전라남도 순천시
전라남도,순천시,신대6블럭 매안1길(삼시세끼~신대리 2031-3),,2016,10,193,1,N,34.976546,127.404215,34.976546,127.404215,,전라남도 순천시청 교통관리과,061-749-5919,2024-11-19,4820000,전라남도 순천시
전라남도,순천시,신대6블럭 매안3길(라온B/D~GS25),,2016,10,209,1,N,34.976546,127.404215,34.976546,127.404215,,전라남도 순천시청 교통관리과,061-749-5919,2024-11-19,4820000,전라남도 순천시
전라남도,순천시,신대6블럭 매안3길(신대리 2020-4 ~ 2028-9),,2016,10,224,1,N,34.976546,127.404215,34.976546,127.404215,,전라남도 순천시청 교통관리과,061-749-5919,2024-11-19,4820000,전라남도 순천시
전라남도,순천시,신대5블럭(사랑손팥죽~고기향 ),,2016,8,97,1,N,34.976546,127.404215,34.976546,127.404215,,전라남도 순천시청 교통관리과,061-749-5919,2024-11-19,4820000,전라남도 순천시
전라남도,순천시,신대5블럭(24시희망세차장~사랑손팥죽 ),,2016,8,37,1,N,34.976546,127.404215,34.976546,127.404215,,전라남도 순천시청 교통관리과,061-749-5919,2024-11-19,4820000,전라남도 순천시
전라남도,순천시,신대5블럭(어린이공원~24시희망세차장 ),,2016,8,97,1,N,34.976546,127.404215,34.976546,127.404215,,전라남도 순천시청 교통관리과,061-749-5919,2024-11-19,4820000,전라남도 순천시
전라남도,순천시,신대5블럭(유명셀프세차장~등뼈감자탕),,2016,8,32,1,N,34.976546,127.404215,34.976546,127.404215,,전라남도 순천시청 교통관리과,061-749-5919,2024-11-19,4820000,전라남도 순천시
전라남도,순천시,신대5블럭(유명셀프세차장~어린이공원),,2016,8,54,1,N,34.976546,127.404215,34.976546,127.404215,,전라남도 순천시청 교통관리과,061-749-5919,2024-11-19,4820000,전라남도 순천시
전라남도,순천시,신대5블럭(벤츠~유명셀프세차장),,2016,8,32,1,N,34.976546,127.404215,34.976546,127.404215,,전라남도 순천시청 교통관리과,061-749-5919,2024-11-19,4820000,전라남도 순천시
전라남도,순천시,신대5블럭(신대어린이집~벤츠 ),,2016,8,54,1,N,34.976546,127.404215,34.976546,127.404215,,전라남도 순천시청 교통관리과,061-749-5919,2024-11-19,4820000,전라남도 순천시
전라남도,순천시,신대5블럭(삼성영어~에코드림유치원),,2016,8,75,1,N,34.976546,127.404215,34.976546,127.404215,,전라남도 순천시청 교통관리과,061-749-5919,2024-11-19,4820000,전라남도 순천시
전라남도,순천시,신대5블럭(소망빌딩~삼성영어),,2016,8,34,1,N,34.976546,127.404215,34.976546,127.404215,,전라남도 순천시청 교통관리과,061-749-5919,2024-11-19,4820000,전라남도 순천시
경상남도,통영시,원문마을2길,,,4.4,32,1,N,34.86966921,128.4164579,34.8699221,128.4163881,,경상남도 통영시 교통과,055-650-5334,2025-03-05,5330000,경상남도 통영시
경상남도,통영시,비석1길,,,6.3,48,1,N,34.8495404,128.4284665,34.8495529,128.4280559,,경상남도 통영시 교통과,055-650-5334,2025-03-05,5330000,경상남도 통영시
경상남도,통영시,진남아랫길,,,4.8,40,1,N,34.83130396,128.4090666,34.83096933,128.4089139,,경상남도 통영시 교통과,055-650-5333,2025-03-05,5330000,경상남도 통영시
경상남도,통영시,해미당3길,,,3.5,130,1,N,34.85593317,128.4296125,34.85464459,128.4291355,,경상남도 통영시 교통과,055-650-5333,2025-03-05,5330000,경상남도 통영시
경상남도,통영시,멘데해안길,,,5.8,583,1,N,34.843654,128.441033,34.844447,128.435365,,경상남도 통영시 교통과,055-650-5333,2025-03-05,5330000,경상남도 통영시
경상남도,통영시,멘데해안길,,,6.5,1600,1,N,34.844721,128.433694,34.844157,128.435288,,경상남도 통영시 교통과,055-650-5333,2025-03-05,5330000,경상남도 통영시
경상남도,통영시,정량안길,,,5.3,200,1,N,34.851396,128.431449,34.850161,128.430889,,경상남도 통영시 교통과,055-650-5333,2025-03-05,5330000,경상남도 통영시
경상남도,통영시,해미당5길,,,4,240,1,Y,34.8531667,128.4291871,34.85391006,128.4305798,,경상남도 통영시 교통과,055-650-5333,2025-03-05,5330000,경상남도 통영시
경상남도,통영시,죽림2로,,,7.4,220,1,Y,34.878982,128.421981,34.877091,128.421597,,경상남도 통영시 교통과,055-650-5333,2025-03-05,5330000,경상남도 통영시
서울특별시,광진구,자양로33길,,,4,135,1,N,37.547383,127.085867,37.548284,127.086922,,서울특별시 광진구,02-450-7923,2025-04-23,3040000,서울특별시 광진구
서울특별시,광진구,자양로37길,,,5,198,1,N,37.548996,127.085937,37.547407,127.085815,,서울특별시 광진구,02-450-7923,2025-04-23,3040000,서울특별시 광진구
서울특별시,광진구,천호대로130길,,,5,407,1,N,37.551417,127.089638,37.548494,127.086722,,서울특별시 광진구,02-450-7923,2025-04-23,3040000,서울특별시 광진구
서울특별시,광진구,자양로41길,,,4,164,1,N,37.5495561,127.0902584,37.550489,127.088858,,서울특별시 광진구,02-450-7923,2025-04-23,3040000,서울특별시 광진구
서울특별시,광진구,천호대로132길,,,4,295,1,N,37.548102,127.087324,37.549996,127.089512,,서울특별시 광진구,02-450-7923,2025-04-23,3040000,서울특별시 광진구
서울특별시,광진구,천호대로132길,,,5,75,1,N,37.550054,127.089595,37.550567,127.090126,,서울특별시 광진구,02-450-7923,2025-04-23,3040000,서울특별시 광진구
서울특별시,광진구,아차산로51길,,,3,79,1,N,37.5378069,127.0850111,37.5395423,127.084991,,서울특별시 광진구,02-450-7923,2025-04-23,3040000,서울특별시 광진구
서울특별시,광진구,자양로26길,,,4,130,1,N,37.5401552,127.0894457,37.542003,127.084077,,서울특별시 광진구,02-450-7923,2025-04-23,3040000,서울특별시 광진구
서울특별시,광진구,자양로28길,,,4,126,1,N,37.542433,127.084282,37.542076,127.085707,,서울특별시 광진구,02-450-7923,2025-04-23,3040000,서울특별시 광진구
서울특별시,광진구,자양로30길,,,4,130,1,N,37.5439479,127.084907,37.542832,127.0901312,,서울특별시 광진구,02-450-7923,2025-04-23,3040000,서울특별시 광진구
서울특별시,광진구,자양로32길,,,4,135,1,N,37.544363,127.085093,37.544224,127.086631,,서울특별시 광진구,02-450-7923,2025-04-23,3040000,서울특별시 광진구
서울특별시,광진구,능동로36길,,,5,728,1,N,37.555515,127.081418,37.552351,127.088414,,서울특별시 광진구,02-450-7923,2025-04-23,3040000,서울특별시 광진구
서울특별시,광진구,천호대로110길,,,4,59,1,N,37.556507,127.080576,37.556006,127.080284,,서울특별시 광진구,02-450-7923,2025-04-23,3040000,서울특별시 광진구
서울특별시,광진구,능동로32길,,,4,850,1,N,37.552051,127.087194,37.555391,127.078633,,서울특별시 광진구,02-450-7923,2025-04-23,3040000,서울특별시 광진구
서울특별시,광진구,영화사로7길,,,6,87,1,N,37.556553,127.091877,37.555708,127.092196,,서울특별시 광진구,02-450-7923,2025-04-23,3040000,서울특별시 광진구
서울특별시,광진구,긴고랑로36길,,,6,363,1,N,37.558772,127.088786,37.556553,127.091877,,서울특별시 광진구,02-450-7923,2025-04-23,3040000,서울특별시 광진구
서울특별시,광진구,용마산로22길,,,6,172,1,N,37.5651722,127.0870239,37.563571,127.087297,,서울특별시 광진구,02-450-7923,2025-04-23,3040000,서울특별시 광진구
서울특별시,광진구,용마산로22길,,,6,170,1,N,37.563621,127.087721,37.565184,127.087473,,서울특별시 광진구,02-450-7923,2025-04-23,3040000,서울특별시 광진구
서울특별시,광진구,용마산로22길,,,6,171,1,N,37.565234,127.087897,37.563671,127.088149,,서울특별시 광진구,02-450-7923,2025-04-23,3040000,서울특별시 광진구
서울특별시,광진구,긴고랑로1길,,,4,195,1,N,37.565953,127.0783085,37.565965,127.078325,,서울특별시 광진구,02-450-7923,2025-04-23,3040000,서울특별시 광진구
서울특별시,광진구,동일로72길,,,4,288,1,N,37.565083,127.080749,37.566169,127.077652,,서울특별시 광진구,02-450-7923,2025-04-23,3040000,서울특별시 광진구
서울특별시,광진구,긴고랑로7길,,,4,312,1,N,37.5634589,127.0790986,37.567897,127.081549,,서울특별시 광진구,02-450-7923,2025-04-23,3040000,서울특별시 광진구
경상남도,통영시,죽림5로,,,7.3,250,1,N,34.8846685,128.4215948,34.8825408,128.4221023,,경상남도 통영시 교통과,055-650-5334,2025-03-05,5330000,경상남도 통영시
경상남도,통영시,죽림해안로,,,7.3,300,1,N,34.8824637,128.4227353,34.884946,128.4221407,,경상남도 통영시 교통과,055-650-5334,2025-03-05,5330000,경상남도 통영시
경상북도,울진군,후포로,,,4,100,1,N,36.679031,129.446391,36.678131,129.446771,,경상북도 울진경찰서,054-785-0342,2023-12-18,5250000,경상북도 울진군
경상북도,울진군,울진중앙로,,,4,55,1,N,36.987851,129.398411,36.988001,129.397731,,경상북도 울진경찰서,054-785-0342,2023-12-18,5250000,경상북도 울진군
경상북도,울진군,월변5길,,,4,50,1,N,36.988641,129.398851,36.988531,129.399321,,경상북도 울진경찰서,054-785-0342,2023-12-18,5250000,경상북도 울진군
경상북도,울진군,읍내1길,,,4,75,1,N,36.992361,129.401271,36.992441,129.402391,,경상북도 울진경찰서,054-785-0342,2023-12-18,5250000,경상북도 울진군
경상북도,울진군,읍내3길,,,4,100,1,N,36.992851,129.401251,36.992891,129.402381,,경상북도 울진경찰서,054-785-0342,2023-12-18,5250000,경상북도 울진군
경기도,안산시,다문화길,,,8.2,340,1,N,37.330985,126.791301,37.328477,126.789456,,경기도 안산시 단원구 도로교통과,031-481-6295,2025-08-29,3930000,경기도 안산시
경기도,안산시,원곡초교길,,,8,250,1,Y,37.327702,126.796895,37.328768,126.794519,,경기도 안산시 단원구 도로교통과,031-481-6295,2025-08-29,3930000,경기도 안산시
경기도,안산시,관산5길,,,6,100,1,N,37.330366,126.799186,37.331027,126.798864,,경기도 안산시 단원구 도로교통과,031-481-6295,2025-08-29,3930000,경기도 안산시
경기도,안산시,관산3길,,,6,360,1,N,37.329443,126.798411,37.332513,126.798142,,경기도 안산시 단원구 도로교통과,031-481-6295,2025-08-29,3930000,경기도 안산시
경기도,안산시,관산4길,,,5,350,1,N,37.332442,126.798621,37.329677,126.797396,,경기도 안산시 단원구 도로교통과,031-481-6295,2025-08-29,3930000,경기도 안산시
경기도,안산시,관산5길,,,6,450,1,N,37.329232,126.797459,37.332443,126.798626,,경기도 안산시 단원구 도로교통과,031-481-6295,2025-08-29,3930000,경기도 안산시
경기도,안산시,관산2길,,,6,100,1,N,37.329405,126.798379,37.328966,126.797752,,경기도 안산시 단원구 도로교통과,031-481-6295,2025-08-29,3930000,경기도 안산시
경기도,안산시,관산2길,,,4,50,1,N,37.329495,126.796732,37.329464,126.797154,,경기도 안산시 단원구 도로교통과,031-481-6295,2025-08-29,3930000,경기도 안산시
경기도,안산시,관산2길,,,6,60,1,N,37.329848,126.797197,37.329884,126.796711,,경기도 안산시 단원구 도로교통과,031-481-6295,2025-08-29,3930000,경기도 안산시
전북특별자치도,장수군,장천로,부채도로,,5,800,1,N,35.656748,127.520733,35.652014,127.514382,,전북특별자치도 장수군청,063-350-2557,2025-02-28,4751000,전북특별자치도 장수군
전북특별자치도,장수군,승마로,부채도로,,5,200,1,N,35.651948,127.514341,35.650353,127.513648,,전북특별자치도 장수군청,063-350-2557,2025-02-28,4751000,전북특별자치도 장수군
전북특별자치도,장수군,송천로,부채도로,,5,370,1,N,35.649809,127.513651,35.646683,127.513884,,전북특별자치도 장수군청,063-350-2557,2025-02-28,4751000,전북특별자치도 장수군
전북특별자치도,장수군,노하숲길,부채도로,,5,1400,1,N,35.646546,127.514451,35.655839,127.520555,,전북특별자치도 장수군청,063-350-2557,2025-02-28,4751000,전북특별자치도 장수군
서울특별시,광진구,자양번영로2길,,,5,323,1,Y,37.530487,127.075132,37.529844,127.078493,,서울특별시 광진구,02-450-7923,2025-04-23,3040000,서울특별시 광진구
서울특별시,광진구,뚝섬로44길,,,4,215,1,N,37.531462,127.0759239,37.532286,127.076194,,서울특별시 광진구,02-450-7923,2025-04-23,3040000,서울특별시 광진구
서울특별시,광진구,뚝섬로46길,,,5,211,1,N,37.532118,127.076847,37.530355,127.076285,,서울특별시 광진구,02-450-7923,2025-04-23,3040000,서울특별시 광진구
서울특별시,광진구,뚝섬로48길,,,4,199,1,N,37.530229,127.076953,37.531907,127.077469,,서울특별시 광진구,02-450-7923,2025-04-23,3040000,서울특별시 광진구
서울특별시,광진구,뚝섬로50길,,,4,192,1,N,37.531727,127.078091,37.530108,127.077643,,서울특별시 광진구,02-450-7923,2025-04-23,3040000,서울특별시 광진구
서울특별시,광진구,뚝섬로50길,,,6,341,1,N,37.5318086,127.0781337,37.532545,127.075625,,서울특별시 광진구,02-450-7923,2025-04-23,3040000,서울특별시 광진구
서울특별시,광진구,뚝섬로46길,,,4,52,1,N,37.532659,127.077082,37.532262,127.076892,,서울특별시 광진구,02-450-7923,2025-04-23,3040000,서울특별시 광진구
서울특별시,광진구,자양번영로6길,,,4,56,1,N,37.5314703,127.0792726,37.5325803,127.0756078,,서울특별시 광진구,02-450-7923,2025-04-23,3040000,서울특별시 광진구
서울특별시,광진구,자양강변길,,,3,441,1,Y,37.5302506,127.0868724,37.5317262,127.0671054,,서울특별시 광진구,02-450-7923,2025-04-23,3040000,서울특별시 광진구
서울특별시,광진구,뚝섬로54길,,,4,109,1,N,37.528979,127.079769,37.528131,127.079336,,서울특별시 광진구,02-450-7923,2025-04-23,3040000,서울특별시 광진구
서울특별시,광진구,뚝섬로52마길,,,4,92,1,N,37.5279537,127.0802081,37.5287675,127.0806112,,서울특별시 광진구,02-450-7923,2025-04-23,3040000,서울특별시 광진구
서울특별시,광진구,뚝섬로52마길,,,3,52,1,N,37.529072,127.079812,37.529502,127.079992,,서울특별시 광진구,02-450-7923,2025-04-23,3040000,서울특별시 광진구
서울특별시,광진구,뚝섬로54길,,,4,51,1,N,37.5295472,127.0800168,37.5281466,127.0793423,,서울특별시 광진구,02-450-7923,2025-04-23,3040000,서울특별시 광진구
서울특별시,광진구,뚝섬로52마길,,,5,269,1,N,37.528686,127.082753,37.529008,127.079839,,서울특별시 광진구,02-450-7923,2025-04-23,3040000,서울특별시 광진구
서울특별시,광진구,뚝섬로52라길,,,5,362,1,N,37.529802,127.078666,37.529323,127.082654,,서울특별시 광진구,02-450-7923,2025-04-23,3040000,서울특별시 광진구
서울특별시,광진구,뚝섬로54길,,,4,52,1,N,37.529988,127.080236,37.529616,127.080056,,서울특별시 광진구,02-450-7923,2025-04-23,3040000,서울특별시 광진구
서울특별시,광진구,뚝섬로52다길,,,3,243,1,N,37.529731,127.081517,37.530339,127.078937,,서울특별시 광진구,02-450-7923,2025-04-23,3040000,서울특별시 광진구
서울특별시,광진구,뚝섬로52나길,,,4,114,1,N,37.529208,127.081301,37.530167,127.081752,,서울특별시 광진구,02-450-7923,2025-04-23,3040000,서울특별시 광진구
서울특별시,광진구,아차산로73길,,,7,250,1,N,37.5467259,127.1021899,37.545708,127.104833,,서울특별시 광진구,02-450-7923,2025-04-23,3040000,서울특별시 광진구
서울특별시,광진구,천호대로143길,,,6,245,1,N,37.547135,127.103687,37.545683,127.102627,,서울특별시 광진구,02-450-7923,2025-04-23,3040000,서울특별시 광진구
서울특별시,광진구,아차산로,,,5,70,1,N,37.546883,127.105902,37.547708,127.105805,,서울특별시 광진구,02-450-7923,2025-04-23,3040000,서울특별시 광진구
서울특별시,광진구,광장로5길,,,5,155,1,N,37.5516525,127.1033554,37.5476895,127.1052019,,서울특별시 광진구,02-450-7923,2025-04-23,3040000,서울특별시 광진구
서울특별시,광진구,광장로7길,,,5,104,1,N,37.547802,127.105787,37.548652,127.105389,,서울특별시 광진구,02-450-7923,2025-04-23,3040000,서울특별시 광진구
서울특별시,광진구,강변역로4길,,,6,59,1,Y,37.5355826,127.0939563,37.533834,127.091685,,서울특별시 광진구,02-450-7923,2025-04-23,3040000,서울특별시 광진구
서울특별시,광진구,강변역로4길,,,7,215,1,N,37.533949,127.095012,37.532355,127.093222,,서울특별시 광진구,02-450-7923,2025-04-23,3040000,서울특별시 광진구
서울특별시,광진구,광나루로56길,,,5,159,1,N,37.535759,127.097043,37.536806,127.095684,,서울특별시 광진구,02-450-7923,2025-04-23,3040000,서울특별시 광진구
서울특별시,광진구,광나루로54길,,,6,400,1,Y,37.5406016,127.0963424,37.5380075,127.093756,,서울특별시 광진구,02-450-7923,2025-04-23,3040000,서울특별시 광진구
서울특별시,광진구,광나루로48길,,,5,56,1,N,37.540881,127.095317,37.541272,127.094938,,서울특별시 광진구,02-450-7923,2025-04-23,3040000,서울특별시 광진구
경상남도,통영시,해미당1길,,,6.4,500,1,N,34.857212,128.429147,34.85645429,128.4300025,,경상남도 통영시 교통과,055-650-5333,2025-03-05,5330000,경상남도 통영시
경상남도,통영시,새터길,,,8.1,280,2,Y,34.841767,128.420833,34.840934,128.420665,,경상남도 통영시 교통과,055-650-5333,2025-03-05,5330000,경상남도 통영시
경상남도,통영시,동충4길,,,6,190,1,N,34.842101,128.424306,34.841221,128.422671,,경상남도 통영시 교통과,055-650-5333,2025-03-05,5330000,경상남도 통영시
경상남도,통영시,항남1길,,,5.6,50,1,N,34.842805,128.423155,34.842375,128.422879,,경상남도 통영시 교통과,055-650-5333,2025-03-05,5330000,경상남도 통영시
경상남도,통영시,충렬로,,,4.9,100,1,N,34.8424235,128.421036,34.8442696,128.420224,,경상남도 통영시 교통과,055-650-5333,2025-03-05,5330000,경상남도 통영시
경상남도,통영시,항북길,,,4.8,50,1,N,34.846156,128.431383,34.845864,128.430793,,경상남도 통영시 교통과,055-650-5333,2025-03-05,5330000,경상남도 통영시
경상남도,통영시,동달안길8,,,2.8,100,1,Y,34.864509,128.441727,34.866262,128.442388,,경상남도 통영시 교통과,055-650-5333,2025-03-05,5330000,경상남도 통영시
경상남도,통영시,화포1길,,,3.5,100,1,N,34.857913,128.441437,34.858941,128.442759,,경상남도 통영시 교통과,055-650-5333,2025-03-05,5330000,경상남도 통영시
경상남도,통영시,동달안길 8,,,4.6,50,1,N,34.863747,128.441422,34.864407,128.441711,,경상남도 통영시 교통과,055-650-5333,2025-03-05,5330000,경상남도 통영시
경상남도,통영시,북문2길,,,4.9,140,1,Y,34.850795,128.429325,34.850319,128.430567,,경상남도 통영시 교통과,055-650-5333,2025-03-05,5330000,경상남도 통영시
경상남도,통영시,해미당5길,,,3.9,150,1,N,34.8539029,128.429949,34.852978,128.429217,,경상남도 통영시 교통과,055-650-5333,2025-03-05,5330000,경상남도 통영시
경상남도,통영시,운하1길,,,5.9,130,1,N,34.831409,128.414145,34.832279,128.412753,,경상남도 통영시 교통과,055-650-5333,2025-03-05,5330000,경상남도 통영시
경상남도,통영시,미수로,,,5.7,50,1,N,34.827298,128.404477,34.827189,128.403845,,경상남도 통영시 교통과,055-650-5333,2025-03-05,5330000,경상남도 통영시
경상남도,통영시,세병로,,,3.7,30,1,N,34.844744,128.423237,34.845339,128.423037,,경상남도 통영시 교통과,055-650-5333,2025-03-05,5330000,경상남도 통영시
경상남도,통영시,통영해안로,,,5.1,70,1,N,34.853992,128.434172,34.85342246,128.4333331,,경상남도 통영시 교통과,055-650-5333,2025-03-05,5330000,경상남도 통영시
경상남도,통영시,해송정4길,,,5.6,40,1,N,34.844159,128.429467,34.843649,128.428933,,경상남도 통영시 교통과,055-650-5333,2025-03-05,5330000,경상남도 통영시
경상남도,통영시,도천1길,,,5,180,1,Y,34.8364964,128.411632,34.837656,128.413232,,경상남도 통영시 교통과,055-650-5333,2025-03-05,5330000,경상남도 통영시
경상남도,통영시,도천5길,,,3.2,300,1,Y,34.8381172,128.4108518,34.83694489,128.4122101,,경상남도 통영시 교통과,055-650-5333,2025-03-05,5330000,경상남도 통영시
제주특별자치도,서귀포시,명동로,교통불편 해소,,10,560,1,Y,33.247258,126.5630608,33.248256,126.567447,,제주특별자치도 서귀포시 교통행정과,064-760-3295,2025-01-08,6520000,제주특별자치도 서귀포시
제주특별자치도,서귀포시,이중섭로,교통불편 해소,,8,340,1,Y,33.247983,126.564275,33.245022,126.564249,,제주특별자치도 서귀포시 교통행정과,064-760-3295,2025-01-08,6520000,제주특별자치도 서귀포시
제주특별자치도,서귀포시,솔동산로22번길,교통불편 해소,2016,8,120,1,N,33.244272,126.562016,33.2433308,126.562798,,제주특별자치도 서귀포시 교통행정과,064-760-3295,2025-01-08,6520000,제주특별자치도 서귀포시
제주특별자치도,서귀포시,솔동산로10번길,교통불편 해소,,8,130,1,N,33.2433308,126.562798,33.242441,126.562371,,제주특별자치도 서귀포시 교통행정과,064-760-3295,2025-01-08,6520000,제주특별자치도 서귀포시
제주특별자치도,서귀포시,천지연로,교통불편 해소,,8,170,1,N,33.242441,126.562371,33.243703,126.561648,,제주특별자치도 서귀포시 교통행정과,064-760-3295,2025-01-08,6520000,제주특별자치도 서귀포시
서울특별시,광진구,능동로49길,,,4,225,1,N,37.5642048,127.0833223,37.565054,127.080859,,서울특별시 광진구,02-450-7923,2025-04-23,3040000,서울특별시 광진구
서울특별시,광진구,능동로51길,,,4,226,1,N,37.5665309,127.0817236,37.5657188,127.0840362,,서울특별시 광진구,02-450-7923,2025-04-23,3040000,서울특별시 광진구
서울특별시,광진구,능동로53길,,,5,225,1,N,37.566292,127.084358,37.567115,127.082012,,서울특별시 광진구,02-450-7923,2025-04-23,3040000,서울특별시 광진구
서울특별시,광진구,능동로50길,,,5,309,1,N,37.5641741,127.0834189,37.5634924,127.0868504,,서울특별시 광진구,02-450-7923,2025-04-23,3040000,서울특별시 광진구
서울특별시,광진구,용마산로23길,,,4,170,1,N,37.565545,127.086491,37.566194,127.084629,,서울특별시 광진구,02-450-7923,2025-04-23,3040000,서울특별시 광진구
서울특별시,광진구,용마산로1길,,,6,228,1,N,37.5569433,127.0822119,37.556947,127.082167,,서울특별시 광진구,02-450-7923,2025-04-23,3040000,서울특별시 광진구
서울특별시,광진구,용마산로1길,,,6,131,1,N,37.5569353,127.0822266,37.556433,127.083479,,서울특별시 광진구,02-450-7923,2025-04-23,3040000,서울특별시 광진구
서울특별시,광진구,용마산로1길,,,6,124,1,N,37.556417,127.083579,37.555915,127.084779,,서울특별시 광진구,02-450-7923,2025-04-23,3040000,서울특별시 광진구
서울특별시,광진구,용마산로1길,,,6,128,1,N,37.5569353,127.0822266,37.555426,127.086048,,서울특별시 광진구,02-450-7923,2025-04-23,3040000,서울특별시 광진구
서울특별시,광진구,용마산로1길,,,6,121,1,N,37.555404,127.086136,37.554938,127.087356,,서울특별시 광진구,02-450-7923,2025-04-23,3040000,서울특별시 광진구
서울특별시,광진구,용마산로1길,,,6,91,1,N,37.554895,127.087422,37.554532,127.088336,,서울특별시 광진구,02-450-7923,2025-04-23,3040000,서울특별시 광진구
서울특별시,광진구,천호대로115길,,,6,123,1,N,37.556873,127.083815,37.555955,127.083241,,서울특별시 광진구,02-450-7923,2025-04-23,3040000,서울특별시 광진구
서울특별시,광진구,천호대로117길,,,5,121,1,N,37.555448,127.084546,37.556351,127.085086,,서울특별시 광진구,02-450-7923,2025-04-23,3040000,서울특별시 광진구
서울특별시,광진구,천호대로119길,,,7,140,1,N,37.555961,127.086124,37.554966,127.085809,,서울특별시 광진구,02-450-7923,2025-04-23,3040000,서울특별시 광진구
서울특별시,광진구,천호대로125길,,,4,143,1,N,37.554435,127.087116,37.556152,127.087367,,서울특별시 광진구,02-450-7923,2025-04-23,3040000,서울특별시 광진구
서울특별시,광진구,능동로40길,,,5,210,1,N,37.557438,127.082391,37.558269,127.080339,,서울특별시 광진구,02-450-7923,2025-04-23,3040000,서울특별시 광진구
서울특별시,광진구,용마산로3길,,,4,470,1,N,37.556271,127.088024,37.557216,127.083116,,서울특별시 광진구,02-450-7923,2025-04-23,3040000,서울특별시 광진구
서울특별시,광진구,천호대로125길,,,5,157,1,N,37.556279,127.087351,37.557534,127.087103,,서울특별시 광진구,02-450-7923,2025-04-23,3040000,서울특별시 광진구
전라북도,고창군,동리로,,2014,5,800,1,N,35.433198,126.695536,35.432928,126.701544,,전라북도 고창군청,063-560-2566,2023-08-02,4781000,전북특별자치도 고창군
전라북도,고창군,천변남로,,2000,5,800,1,Y,35.433769,126.701747,35.433843,126.695567,,전라북도 고창군청,063-560-2566,2023-08-02,4781000,전북특별자치도 고창군
전라북도,고창군,천변북로,,2000,5,800,1,Y,35.434289,126.695575,35.434104,126.701795,,전라북도 고창군청,063-560-2566,2023-08-02,4781000,전북특별자치도 고창군
강원특별자치도,인제군,원통로184번길,원통전통시장주차장 출입구,2022,32,117,1,N,38.123307,128.204268,38.122659,128.205311,,강원특별자치도 인제군청 안전교통과,033-460-2164,2025-06-26,4331000,강원특별자치도 인제군
충청북도,증평군,중앙로5길,교통흐름을 원활히 하기 위함,2002,6,40,1,N,36.782921,127.579179,36.782734,127.579637,소로 2-6,충청북도 증평군청,043-835-3943,2025-06-18,5570000,충청북도 증평군
충청북도,증평군,중앙로,교통흐름을 원활히 하기 위함,2002,5,70,1,N,36.783476,127.580527,36.783935,127.580038,소로 2-125,충청북도 증평군청,043-835-3943,2025-06-18,5570000,충청북도 증평군
충청북도,증평군,장뜰로,교통흐름을 원활히 하기 위함,2002,5,50,1,N,36.785858,127.583388,36.786157,127.583014,소로 3-9,충청북도 증평군청,043-835-3943,2025-06-18,5570000,충청북도 증평군
충청북도,증평군,아랫장뜰길,교통흐름을 원활히 하기 위함,2002,6,410,1,N,36.784146,127.584422,36.781531,127.581284,소로 2-51,충청북도 증평군청,043-835-3943,2025-06-18,5570000,충청북도 증평군
충청북도,증평군,윗장뜰길,교통흐름을 원활히 하기 위함,2002,6,770,1,N,36.786021,127.584794,36.781071,127.578857,소로 2-19+소로 2-52+소로 2-54,충청북도 증평군청,043-835-3943,2025-06-18,5570000,충청북도 증평군
충청북도,증평군,중앙로,교통흐름을 원활히 하기 위함,2020,6,56,1,Y,36.778679,127.575787,36.778147,127.575757,소로 2-1,충청북도 증평군청,043-835-3943,2025-06-18,5570000,충청북도 증평군
충청북도,증평군,진지내2길,교통흐름을 원활히 하기 위함,2020,7,145,1,Y,36.783209,127.589231,36.784226,127.590215,소로 2-28,충청북도 증평군청,043-835-3943,2025-06-18,5570000,충청북도 증평군
충청북도,증평군,중앙로 12길,교통흐름을 원활히 하기 위함,2017,6,60,1,Y,36.783954,127.581088,36.784443,127.580503,소로 2-14,충청북도 증평군청,043-835-3943,2025-06-18,5570000,충청북도 증평군
경상북도,성주군,시장길,교통혼잡 완화,2016,6.5,530,1,Y,35.9181445,128.2866158,35.9137434,128.2846501,,경상북도 성주군청,054-930-6252,2025-06-20,5210000,경상북도 성주군
경기도,이천시,황무로,주민건의,,3,50,1,N,37.30400751,127.3720129,37.3042794,127.3715094,,경기도 이천시청,031-644-2443,2025-06-01,4070000,경기도 이천시
경기도,이천시,향교로69번길,주민건의,2013,3,170,1,N,37.28606857,127.4455422,37.28460126,127.4451784,,경기도 이천시청,031-644-2443,2025-06-01,4070000,경기도 이천시
경기도,이천시,향교로57번길,주민건의,2013,3,150,1,N,37.28475499,127.4438317,37.28611044,127.4439919,,경기도 이천시청,031-644-2443,2025-06-01,4070000,경기도 이천시
경기도,이천시,향교로53번길,주민건의,2013,3,120,1,N,37.2859102,127.4433254,37.28478838,127.4433358,,경기도 이천시청,031-644-2443,2025-06-01,4070000,경기도 이천시
경기도,이천시,향교로,주민건의,2013,3,110,1,N,37.28515946,127.4386581,37.28523605,127.4374407,,경기도 이천시청,031-644-2443,2025-06-01,4070000,경기도 이천시
경기도,이천시,향교로,주민건의,2013,3,200,1,N,37.28520255,127.4373616,37.28380394,127.4385149,,경기도 이천시청,031-644-2443,2025-06-01,4070000,경기도 이천시
경기도,이천시,중리천로,주민건의,1998,6,150,2,Y,37.27519029,127.4504533,37.27641387,127.4497502,,경기도 이천시청,031-644-2443,2025-06-01,4070000,경기도 이천시
경기도,이천시,중리천로,주민건의,1998,12,320,4,Y,37.27712813,127.4491061,37.2746913,127.4501684,,경기도 이천시청,031-644-2443,2025-06-01,4070000,경기도 이천시
경기도,이천시,죽당로,주민건의,,3,130,1,Y,37.285066,127.4941678,37.2858136,127.4929338,,경기도 이천시청,031-644-2443,2025-06-01,4070000,경기도 이천시
경기도,이천시,원적로,주민건의,,3,60,1,N,37.3405641,127.4876525,37.340505,127.4884451,,경기도 이천시청,031-644-2443,2025-06-01,4070000,경기도 이천시
경기도,이천시,영창로 300번길,주민건의,2005,3,110,1,Y,37.28015487,127.4604367,37.2809588,127.459615,,경기도 이천시청,031-644-2443,2025-06-01,4070000,경기도 이천시
경기도,이천시,영창로,주민건의,2005,3,70,1,Y,37.2808482,127.4458469,37.28023291,127.4459363,,경기도 이천시청,031-644-2443,2025-06-01,4070000,경기도 이천시
경기도,이천시,영창로,주민건의,2005,3,150,1,Y,37.28099591,127.4449034,37.28023291,127.4459363,,경기도 이천시청,031-644-2443,2025-06-01,4070000,경기도 이천시
경기도,이천시,애련정로,주민건의,2013,3,70,1,N,37.27996709,127.451288,37.27992335,127.4503518,,경기도 이천시청,031-644-2443,2025-06-01,4070000,경기도 이천시
경기도,이천시,설봉로 37번길,주민건의,2013,6,250,2,N,37.28007523,127.4374841,37.2817454,127.4359884,,경기도 이천시청,031-644-2443,2025-06-01,4070000,경기도 이천시
경기도,이천시,설봉로,주민건의,2013,3,80,1,N,37.28459529,127.4377189,37.28453351,127.4385868,,경기도 이천시청,031-644-2443,2025-06-01,4070000,경기도 이천시
경기도,이천시,서희로 48번길,주민건의,,3,80,1,N,37.27915094,127.4443316,37.27965989,127.443768,,경기도 이천시청,031-644-2443,2025-06-01,4070000,경기도 이천시
경기도,이천시,서희로 48번길,주민건의,,3,30,1,N,37.27974338,127.443729,37.28002241,127.4438068,,경기도 이천시청,031-644-2443,2025-06-01,4070000,경기도 이천시
경기도,이천시,남천로,주민건의,,6,50,2,Y,37.27661632,127.4474456,37.27661823,127.4469411,,경기도 이천시청,031-644-2443,2025-06-01,4070000,경기도 이천시
경기도,이천시,고월로,주민건의,,3,500,1,N,37.08890067,127.546968,37.08541065,127.5510059,,경기도 이천시청,031-644-2443,2025-06-01,4070000,경기도 이천시
경기도,이천시,고월로,주민건의,,3,300,1,N,37.08478756,127.5551627,37.08428104,127.5584515,,경기도 이천시청,031-644-2443,2025-06-01,4070000,경기도 이천시
경기도,이천시,고월로,주민건의,,3,500,1,N,37.08504067,127.5549874,37.08894435,127.5472664,,경기도 이천시청,031-644-2443,2025-06-01,4070000,경기도 이천시
경기도,이천시,경충대로 2709번길,주민건의,,6,1100,2,Y,37.27902442,127.4328832,37.27800799,127.4336385,,경기도 이천시청,031-644-2443,2025-06-01,4070000,경기도 이천시
경기도,이천시,경충대로,주민건의,,3,35,1,N,37.2560676,127.4913564,37.25588376,127.4916878,,경기도 이천시청,031-644-2443,2025-06-01,4070000,경기도 이천시
경기도,안산시,원당골5길,,,8,77,1,N,37.363618,126.881394,37.363556,126.882091,,경기도 안산시 상록구 도로교통과,031-481-5579,2025-08-29,3930000,경기도 안산시
경기도,안산시,원당골2길,,,6.5,316,1,N,37.362721,126.878915,37.365058,126.879355,,경기도 안산시 상록구 도로교통과,031-481-5579,2025-08-29,3930000,경기도 안산시
경기도,안산시,원당골2길,,,8,110,1,N,37.364005,126.879025,37.363863,126.879945,,경기도 안산시 상록구 도로교통과,031-481-5579,2025-08-29,3930000,경기도 안산시
경기도,안산시,원당골1길,,,8,224,1,N,37.363356,126.877574,37.363194,126.878696,,경기도 안산시 상록구 도로교통과,031-481-5579,2025-08-29,3930000,경기도 안산시
경기도,안산시,수암1길,,,8,391,1,N,37.362992,126.876764,37.362389,126.880475,,경기도 안산시 상록구 도로교통과,031-481-5579,2025-08-29,3930000,경기도 안산시
인천광역시,계양구,효서로 145번길,,,3,50,1,N,37.528589,126.711732,37.528399,126.711129,,인천계양경찰서+인천광역시 계양구청,032-450-6819,2025-09-05,3550000,인천광역시 계양구
인천광역시,계양구,안남로,,,3,15,1,N,37.529392,126.711217,37.529461,126.711472,,인천계양경찰서+인천광역시 계양구청,032-450-6819,2025-09-05,3550000,인천광역시 계양구
인천광역시,계양구,효서로 363번길,,,6,128,1,N,37.528888,126.736374,37.527861,126.736618,,인천계양경찰서+인천광역시 계양구청,032-450-6819,2025-09-05,3550000,인천광역시 계양구
인천광역시,계양구,봉오대로 555번길,,,5,153,1,Y,37.530639,126.710223,37.532010,126.709827,,인천계양경찰서+인천광역시 계양구청,032-450-6819,2025-09-05,3550000,인천광역시 계양구
인천광역시,계양구,살라리로 일부 구간,,,5.5,427,1,N,37.535884,126.744440,37.536536,126.746505,,인천계양경찰서+인천광역시 계양구청,032-450-6819,2025-09-05,3550000,인천광역시 계양구
인천광역시,계양구,계양대로 129번길,,,5,223,1,N,37.536336,126.720436,37.534507,126.721042,,인천계양경찰서+인천광역시 계양구청,032-450-6819,2025-09-05,3550000,인천광역시 계양구
인천광역시,계양구,계산로 74번길,,,5,137,1,N,37.537677,126.720396,37.536424,126.720439,,인천계양경찰서+인천광역시 계양구청,032-450-6819,2025-09-05,3550000,인천광역시 계양구
인천광역시,계양구,새벌로,,,6.5,60,1,N,37.531907,126.717558,37.532216,126.718241,,인천계양경찰서+인천광역시 계양구청,032-450-6819,2025-09-05,3550000,인천광역시 계양구
인천광역시,계양구,계양산로 215번길,,,8,47,1,N,37.547902,126.740217,37.547532,126.739908,,인천계양경찰서+인천광역시 계양구청,032-450-6819,2025-09-05,3550000,인천광역시 계양구
인천광역시,계양구,병방시장로,,,8,50,1,N,37.547918,126.740903,37.547918,126.740259,,인천계양경찰서+인천광역시 계양구청,032-450-6819,2025-09-05,3550000,인천광역시 계양구
인천광역시,계양구,계산새로 33번길,,,6,120,1,Y,37.539923,126.732244,37.540737,126.733208,,인천계양경찰서+인천광역시 계양구청,032-450-6819,2025-09-05,3550000,인천광역시 계양구
인천광역시,계양구,경명대로 1114번길,,,7.5,120,1,Y,37.540784,126.733161,37.541573,126.732153,,인천계양경찰서+인천광역시 계양구청,032-450-6819,2025-09-05,3550000,인천광역시 계양구
인천광역시,계양구,경명대로 1052번길,,,3.7,102,1,N,37.542948,126.723850,37.542549,126.722730,,인천계양경찰서+인천광역시 계양구청,032-450-6819,2025-09-05,3550000,인천광역시 계양구
인천광역시,계양구,계양산로 35번길,,,6.5,103,1,Y,37.546840,126.719554,37.546500,126.718331,,인천계양경찰서+인천광역시 계양구청,032-450-6819,2025-09-05,3550000,인천광역시 계양구
인천광역시,계양구,순강길,,,4,577,1,Y,37.560021,126.753447,37.563550,126.756776,,인천계양경찰서+인천광역시 계양구청,032-450-6819,2025-09-05,3550000,인천광역시 계양구
인천광역시,계양구,봉오대로 651번길,,,4,372,1,N,37.537785,126.720357,37.534092,126.721055,,인천계양경찰서+인천광역시 계양구청,032-450-6819,2025-09-05,3550000,인천광역시 계양구
인천광역시,계양구,효서로 282번길,,,3,115,1,N,37.528052,126.727349,37.526981,126.727027,,인천계양경찰서+인천광역시 계양구청,032-450-6819,2025-09-05,3550000,인천광역시 계양구
인천광역시,계양구,순평길,,,3,480,1,Y,37.561003,126.756234,37.560161,126.755322,,인천계양경찰서+인천광역시 계양구청,032-450-6819,2025-09-05,3550000,인천광역시 계양구
인천광역시,계양구,장제로 755번길,,,5,110,1,Y,37.535542,126.732109,37.536223,126.732141,,인천계양경찰서+인천광역시 계양구청,032-450-6819,2025-09-05,3550000,인천광역시 계양구
인천광역시,계양구,장제로 767번길,,,5,100,1,Y,37.536368,126.730779,37.535704,126.730704,,인천계양경찰서+인천광역시 계양구청,032-450-6819,2025-09-05,3550000,인천광역시 계양구
인천광역시,계양구,경명대로 1052번길,,,4,160,1,Y,37.543283,126.723755,37.542211,126.724442,,인천계양경찰서+인천광역시 계양구청,032-450-6819,2025-09-05,3550000,인천광역시 계양구
인천광역시,계양구,계양문화로,,,5,732,1,Y,37.537764,126.736654,37.530891,126.735862,,인천계양경찰서+인천광역시 계양구청,032-450-6819,2025-09-05,3550000,인천광역시 계양구
인천광역시,중구,연안부두로21번길,,,7,122,1,Y,37.453625,126.608902,37.454174,126.607512,,인천광역시 중구청,032-760-7684,2025-09-09,3490000,인천광역시 중구
인천광역시,중구,인중로144번길,,,13,113,1,Y,37.466412,126.627736,37.467199,126.629762,,인천광역시 중구청,032-760-7684,2025-09-09,3490000,인천광역시 중구
인천광역시,중구,자유공원서로29번길,,,4,86,1,Y,37.476826,126.620232,37.476893,126.623053,,인천광역시 중구청,032-760-7684,2025-09-09,3490000,인천광역시 중구
인천광역시,중구,차이나타운로55번길,,,6,220,1,Y,37.474042,126.619956,37.474589,126.618482,,인천광역시 중구청,032-760-7684,2025-09-09,3490000,인천광역시 중구
인천광역시,중구,참외전로13번길,,,9,78,1,Y,37.479397,126.619983,37.480397,126.625952,,인천광역시 중구청,032-760-7684,2025-09-09,3490000,인천광역시 중구
인천광역시,중구,참외전로72번길,,,6,167,1,Y,37.476626,126.628482,37.478891,126.627841,,인천광역시 중구청,032-760-7684,2025-09-09,3490000,인천광역시 중구
인천광역시,중구,홍예문로,,,5,80,1,N,37.476377,126.628529,37.476752,126.630354,,인천광역시 중구청,032-760-7684,2025-09-09,3490000,인천광역시 중구
인천광역시,중구,자유공원로,,,7,351,1,N,37.475283,126.626583,37.475145,126.631141,,인천광역시 중구청,032-760-7684,2025-09-09,3490000,인천광역시 중구
인천광역시,중구,신포로39번길,,,8,250,1,N,37.473671,126.623474,37.472333,126.625865,,인천광역시 중구청,032-760-7684,2025-09-09,3490000,인천광역시 중구
인천광역시,중구,신포로31번길,,,8,101,1,N,37.472371,126.624179,37.471826,126.625169,,인천광역시 중구청,032-760-7684,2025-09-09,3490000,인천광역시 중구
인천광역시,중구,신포로35번길,,,8,124,1,N,37.472011,126.625605,37.472674,126.624447,,인천광역시 중구청,032-760-7684,2025-09-09,3490000,인천광역시 중구
인천광역시,중구,우현로50번길,,,6,240,1,Y,37.471622,126.628606,37.470928,126.631108,,인천광역시 중구청,032-760-7684,2025-09-09,3490000,인천광역시 중구
인천광역시,중구,우현로9번길,,,8,170,1,N,37.470092,126.623961,37.468785,126.625923,,인천광역시 중구청,032-760-7684,2025-09-09,3490000,인천광역시 중구
인천광역시,중구,큰우물로,,,7,172,1,Y,37.471943,126.631692,37.474198,126.631469,,인천광역시 중구청,032-760-7684,2025-09-09,3490000,인천광역시 중구
인천광역시,중구,개항로96번길,,,8,130,1,N,37.471451,126.633356,37.470755,126.634307,,인천광역시 중구청,032-760-7684,2025-09-09,3490000,인천광역시 중구
인천광역시,중구,인중로63번길,,,8,76,1,Y,37.464165,126.635846,37.463391,126.635515,,인천광역시 중구청,032-760-7684,2025-09-09,3490000,인천광역시 중구
인천광역시,중구,도원로7번길,,,6,110,1,Y,37.465231,126.636304,37.465873,126.635405,,인천광역시 중구청,032-760-7684,2025-09-09,3490000,인천광역시 중구
인천광역시,중구,서해대로454번길,,,10,130,1,Y,37.466407,126.635204,37.465601,126.636497,,인천광역시 중구청,032-760-7684,2025-09-09,3490000,인천광역시 중구
인천광역시,중구,도원로50번길,,,4,100,1,N,37.468256,126.639121,37.468756,126.638211,,인천광역시 중구청,032-760-7684,2025-09-09,3490000,인천광역시 중구
경기도,동두천시,지행로,원활한 교통흐름 및 보행 안전,2017,5,40,1,Y,37.891874,127.058326,37.892449,127.058037,,경기도 동두천시청 교통행정과,031-860-2444,2025-05-01,3920000,경기도 동두천시
서울특별시,광진구,아차산로22길,,,4,175,1,N,37.541286,127.064412,37.539917,127.063646,,서울특별시 광진구,02-450-7923,2025-04-23,3040000,서울특별시 광진구
서울특별시,광진구,아차산로22길,,,5,53,1,N,37.5418916,127.0647526,37.541358,127.064447,,서울특별시 광진구,02-450-7923,2025-04-23,3040000,서울특별시 광진구
서울특별시,광진구,아차산로26길,,,5,171,1,N,37.539356,127.065353,37.540731,127.066058,,서울특별시 광진구,02-450-7923,2025-04-23,3040000,서울특별시 광진구
서울특별시,광진구,동일로20길,,,6,629,1,N,37.5393776,127.0702776,37.541544,127.063723,,서울특별시 광진구,02-450-7923,2025-04-23,3040000,서울특별시 광진구
서울특별시,광진구,아차산로34길,,,4,52,1,N,37.539656,127.069527,37.540067,127.069736,,서울특별시 광진구,02-450-7923,2025-04-23,3040000,서울특별시 광진구
서울특별시,광진구,아차산로34길,,,4,170,1,N,37.538163,127.068857,37.539556,127.069494,,서울특별시 광진구,02-450-7923,2025-04-23,3040000,서울특별시 광진구
서울특별시,광진구,자양강변길,,,3,712,2,Y,37.529709,127.074594,37.531683,127.067026,,서울특별시 광진구,02-450-7923,2025-04-23,3040000,서울특별시 광진구
서울특별시,광진구,뚝섬로34길,,,5,142,1,Y,37.533601,127.071228,37.534011,127.069857,,서울특별시 광진구,02-450-7923,2025-04-23,3040000,서울특별시 광진구
서울특별시,광진구,뚝섬로36길,,,4,139,1,Y,37.532815,127.072591,37.533233,127.071167,,서울특별시 광진구,02-450-7923,2025-04-23,3040000,서울특별시 광진구
서울특별시,광진구,뚝섬로40길,,,5,320,1,N,37.533384,127.072913,37.531005,127.071229,,서울특별시 광진구,02-450-7923,2025-04-23,3040000,서울특별시 광진구
서울특별시,광진구,뚝섬로40길,,,4,46,1,N,37.533884,127.073167,37.533469,127.072957,,서울특별시 광진구,02-450-7923,2025-04-23,3040000,서울특별시 광진구
서울특별시,광진구,자양번영로3나길,,,5,215,1,N,37.530058,127.073293,37.531874,127.073827,,서울특별시 광진구,02-450-7923,2025-04-23,3040000,서울특별시 광진구
서울특별시,광진구,자양번영로3가길,,,5,212,1,N,37.5317349,127.0744734,37.529872,127.073939,,서울특별시 광진구,02-450-7923,2025-04-23,3040000,서울특별시 광진구
서울특별시,광진구,자양번영로3길,,,5,81,1,N,37.5316322,127.0751109,37.532765,127.0709942,,서울특별시 광진구,02-450-7923,2025-04-23,3040000,서울특별시 광진구
서울특별시,광진구,뚝섬로38길,,,4,79,1,N,37.532945,127.073335,37.534037,127.072564,,서울특별시 광진구,02-450-7923,2025-04-23,3040000,서울특별시 광진구
서울특별시,광진구,자양번영로5길,,,4,260,1,N,37.532279,127.075325,37.532832,127.073423,,서울특별시 광진구,02-450-7923,2025-04-23,3040000,서울특별시 광진구
서울특별시,광진구,자양번영로,,,4,71,1,N,37.534018,127.075021,37.533784,127.075827,,서울특별시 광진구,02-450-7923,2025-04-23,3040000,서울특별시 광진구
서울특별시,광진구,자양강변길,,,3,309,1,Y,37.5302893,127.0868953,37.529639,127.074753,,서울특별시 광진구,02-450-7923,2025-04-23,3040000,서울특별시 광진구
서울특별시,광진구,뚝섬로46길,,,4,114,1,N,37.5327528,127.0771087,37.529266,127.075982,,서울특별시 광진구,02-450-7923,2025-04-23,3040000,서울특별시 광진구
서울특별시,광진구,뚝섬로48길,,,4,126,1,N,37.5290598,127.0766237,37.5319556,127.0774938,,서울특별시 광진구,02-450-7923,2025-04-23,3040000,서울특별시 광진구
경기도,경기도 양평군청,시민로39번길,주민편의,2017,5,160,1,N,37.490511,127.496111,37.491611,127.495711,,경기도 양평군청,031-770-3755,2023-05-24,4170000,경기도 양평군
서울특별시,강서구,공항대로,,,5,50,1,N,37.55876400,126.83751500,37.55921700,126.83767300,,서울특별시 강서구청,02-2600-4136,2025-05-20,3150000,서울특별시 강서구
서울특별시,강서구,방화대로52길,,,4,60,1,Y,37.57720000,126.81700000,37.57779000,126.81704000,,서울특별시 강서구청,02-2600-4136,2025-05-20,3150000,서울특별시 강서구
서울특별시,강서구,방화대로,,,4,80,1,Y,37.57795000,126.81664000,37.57709000,126.81664000,,서울특별시 강서구청,02-2600-4136,2025-05-20,3150000,서울특별시 강서구
서울특별시,강서구,우장산로4길,,,5.5,180,1,Y,37.55233900,126.83890500,37.55080500,126.83834900,,서울특별시 강서구청,02-2600-4136,2025-05-20,3150000,서울특별시 강서구
서울특별시,강서구,강서로46길,,,5.5,180,1,Y,37.55076100,126.83710700,37.55076100,126.83907900,,서울특별시 강서구청,02-2600-4136,2025-05-20,3150000,서울특별시 강서구
서울특별시,강서구,강서로48길,,,5.5,200,1,N,37.55163500,126.83938400,37.55169500,126.83710700,,서울특별시 강서구청,02-2600-4136,2025-05-20,3150000,서울특별시 강서구
서울특별시,강서구,화곡로43길,,,5.5,140,1,Y,37.54834900,126.84650200,37.54732500,126.84567100,,서울특별시 강서구청,02-2600-4136,2025-05-20,3150000,서울특별시 강서구
서울특별시,강서구,강서로34길,,,5.5,140,1,N,37.54440700,126.84078300,37.54357400,126.84155500,,서울특별시 강서구청,02-2600-4136,2025-05-20,3150000,서울특별시 강서구
서울특별시,강서구,강서로34길,,,5.5,220,1,N,37.54241100,126.84199100,37.54403100,126.84039900,,서울특별시 강서구청,02-2600-4136,2025-05-20,3150000,서울특별시 강서구
서울특별시,강서구,화곡로27가길,,,5.5,250,1,N,37.54385100,126.84257100,37.54227100,126.84069500,,서울특별시 강서구청,02-2600-4136,2025-05-20,3150000,서울특별시 강서구
서울특별시,강서구,강서로34길,,,5.5,270,1,N,37.54227700,126.83985700,37.54411400,126.84207500,,서울특별시 강서구청,02-2600-4136,2025-05-20,3150000,서울특별시 강서구
서울특별시,강서구,화곡로27길,,,5.5,320,1,N,37.54427500,126.83881300,37.54188100,126.84099900,,서울특별시 강서구청,02-2600-4136,2025-05-20,3150000,서울특별시 강서구
서울특별시,강서구,강서로36길,,,5.5,150,1,N,37.54403400,126.84032100,37.54319100,126.83896500,,서울특별시 강서구청,02-2600-4136,2025-05-20,3150000,서울특별시 강서구
서울특별시,강서구,초록마을로22길,,,4,130,1,N,37.53882800,126.84844200,37.53781600,126.84909800,,서울특별시 강서구청,02-2600-4136,2025-05-20,3150000,서울특별시 강서구
서울특별시,강서구,초록마을로28길,,,4,340,1,N,37.53873100,126.84809200,37.54005800,126.85137400,,서울특별시 강서구청,02-2600-4136,2025-05-20,3150000,서울특별시 강서구
서울특별시,강서구,초록마을로24길,,,4,140,1,N,37.53865900,126.85122700,37.53968500,126.85057400,,서울특별시 강서구청,02-2600-4136,2025-05-20,3150000,서울특별시 강서구
서울특별시,강서구,초록마을로24길,,,4,280,1,N,37.53872200,126.85152300,37.53762100,126.84872100,,서울특별시 강서구청,02-2600-4136,2025-05-20,3150000,서울특별시 강서구
서울특별시,강서구,까치산로10길,,,5.5,250,1,Y,37.54332500,126.84510500,37.54163400,126.84692600,,서울특별시 강서구청,02-2600-4136,2025-05-20,3150000,서울특별시 강서구
서울특별시,강서구,초록마을로,,,5.5,60,1,Y,37.54229400,126.84627500,37.54263200,126.84677900,,서울특별시 강서구청,02-2600-4136,2025-05-20,3150000,서울특별시 강서구
서울특별시,강서구,강서로16길,,,5.5,80,1,N,37.53425500,126.85022700,37.53428700,126.85108600,,서울특별시 강서구청,02-2600-4136,2025-05-20,3150000,서울특별시 강서구
서울특별시,강서구,강서로5라길,,,5.5,295,1,N,37.52916200,126.84833200,37.52956400,126.85158100,,서울특별시 강서구청,02-2600-4136,2025-05-20,3150000,서울특별시 강서구
서울특별시,강서구,강서로10길,,,5.5,330,1,N,37.53041700,126.85141100,37.53016500,126.84769800,,서울특별시 강서구청,02-2600-4136,2025-05-20,3150000,서울특별시 강서구
서울특별시,강서구,곰달래로28길,,,5.5,190,1,N,37.53071900,126.85043100,37.52895100,126.85072200,,서울특별시 강서구청,02-2600-4136,2025-05-20,3150000,서울특별시 강서구
서울특별시,강서구,곰달래로25길,,,7.5,400,1,N,37.53073900,126.84909300,37.53416100,126.84781100,,서울특별시 강서구청,02-2600-4136,2025-05-20,3150000,서울특별시 강서구
서울특별시,강서구,곰달래로27길,,,5.5,460,1,N,37.53498100,126.85012100,37.53082600,126.85041400,,서울특별시 강서구청,02-2600-4136,2025-05-20,3150000,서울특별시 강서구
서울특별시,강서구,강서로18마길,,,5.5,215,1,N,37.53481500,126.84932700,37.53662100,126.84830500,,서울특별시 강서구청,02-2600-4136,2025-05-20,3150000,서울특별시 강서구
서울특별시,강서구,강서로18라길,,,5.5,215,1,N,37.53633100,126.84749400,37.53453900,126.84850400,,서울특별시 강서구청,02-2600-4136,2025-05-20,3150000,서울특별시 강서구
서울특별시,강서구,강서로18바길,,,5.5,215,1,N,37.53689800,126.84907300,37.53506900,126.85007500,,서울특별시 강서구청,02-2600-4136,2025-05-20,3150000,서울특별시 강서구
서울특별시,강서구,강서로18다길,,,7.5,210,1,N,37.53426800,126.84775900,37.53606500,126.84673200,,서울특별시 강서구청,02-2600-4136,2025-05-20,3150000,서울특별시 강서구
서울특별시,강서구,공항대로36길,,,5.5,275,1,Y,37.55338200,126.83580800,37.55430200,126.83610600,,서울특별시 강서구청,02-2600-4136,2025-05-20,3150000,서울특별시 강서구
서울특별시,강서구,강서로47나길,,,7.5,370,1,N,37.55267200,126.83492700,37.54937300,126.83422400,,서울특별시 강서구청,02-2600-4136,2025-05-20,3150000,서울특별시 강서구
서울특별시,강서구,공항대로43길,,,5.5,100,1,Y,37.55729900,126.84866300,37.55816200,126.84913800,,서울특별시 강서구청,02-2600-4136,2025-05-20,3150000,서울특별시 강서구
서울특별시,강서구,등촌로39나길,,,5.5,90,1,N,37.54633600,126.86158900,37.54613200,126.86112500,,서울특별시 강서구청,02-2600-4136,2025-05-20,3150000,서울특별시 강서구
서울특별시,강서구,등촌로39나길,,,5.5,135,1,N,37.54652300,126.86190400,37.54595700,126.86060600,,서울특별시 강서구청,02-2600-4136,2025-05-20,3150000,서울특별시 강서구
서울특별시,강서구,등촌로39라길,,,5.5,135,1,N,37.54630700,126.86036200,37.54686400,126.86158700,,서울특별시 강서구청,02-2600-4136,2025-05-20,3150000,서울특별시 강서구
서울특별시,강서구,등촌로35길,,,5.5,407,1,N,37.53557300,126.86273200,37.53923600,126.86295100,,서울특별시 강서구청,02-2600-4136,2025-05-20,3150000,서울특별시 강서구
서울특별시,강서구,등촌로39바길,,,7.5,122,1,N,37.54730300,126.85974600,37.54674700,126.86004700,,서울특별시 강서구청,02-2600-4136,2025-05-20,3150000,서울특별시 강서구
서울특별시,강서구,등촌로39길,,,5.5,120,1,Y,37.54718400,126.85974600,37.54774100,126.86098500,,서울특별시 강서구청,02-2600-4136,2025-05-20,3150000,서울특별시 강서구
서울특별시,강서구,등촌로47길,,,5.5,43,1,N,37.54773100,126.86103300,37.54735700,126.86129100,,서울특별시 강서구청,02-2600-4136,2025-05-20,3150000,서울특별시 강서구
서울특별시,강서구,공항대로58길,,,5.5,132,1,N,37.55055600,126.86255900,37.55171500,126.86292400,,서울특별시 강서구청,02-2600-4136,2025-05-20,3150000,서울특별시 강서구
서울특별시,강서구,등촌로39마길,,,7.5,250,1,N,37.54671200,126.85995900,37.54626700,126.85737500,,서울특별시 강서구청,02-2600-4136,2025-05-20,3150000,서울특별시 강서구
서울특별시,강서구,등촌로39다길,,,5.5,140,1,N,37.54563500,126.85886100,37.54626900,126.86027500,,서울특별시 강서구청,02-2600-4136,2025-05-20,3150000,서울특별시 강서구
서울특별시,강서구,등촌로39길,,,5.5,225,1,N,37.54674300,126.85736500,37.54715200,126.85966400,,서울특별시 강서구청,02-2600-4136,2025-05-20,3150000,서울특별시 강서구
서울특별시,강서구,등촌로51가길,,,5.5,102,1,N,37.54558800,126.86165800,37.54671100,126.86202100,,서울특별시 강서구청,02-2600-4136,2025-05-20,3150000,서울특별시 강서구
서울특별시,강서구,등촌로51가길,,,5.5,230,1,Y,37.54682400,126.86205400,37.54885400,126.86269800,,서울특별시 강서구청,02-2600-4136,2025-05-20,3150000,서울특별시 강서구
서울특별시,강서구,등촌로51마길,,,5.5,320,1,N,37.54909600,126.85899800,37.54838500,126.86248700,,서울특별시 강서구청,02-2600-4136,2025-05-20,3150000,서울특별시 강서구
서울특별시,강서구,등촌로39가길,,,5.5,140,1,N,37.54591700,126.86052900,37.54527400,126.85911100,,서울특별시 강서구청,02-2600-4136,2025-05-20,3150000,서울특별시 강서구
서울특별시,강서구,양천로,,,5.5,115,1,Y,37.55803600,126.86064100,37.55709100,126.85983300,,서울특별시 강서구청,02-2600-4136,2025-05-20,3150000,서울특별시 강서구
서울특별시,강서구,화곡로66길,,,10,1730,1,Y,37.55647000,126.85808000,37.54826300,126.87476700,,서울특별시 강서구청,02-2600-4136,2025-05-20,3150000,서울특별시 강서구
서울특별시,강서구,송정로1길,,,5.5,200,1,N,37.55586400,126.81202900,37.55705100,126.81045400,,서울특별시 강서구청,02-2600-4136,2025-05-20,3150000,서울특별시 강서구
서울특별시,강서구,방화대로7가길,,,5.5,219,1,N,37.55810400,126.81575600,37.55899600,126.81344900,,서울특별시 강서구청,02-2600-4136,2025-05-20,3150000,서울특별시 강서구
서울특별시,강서구,공항대로3길,,,5.5,213,1,Y,37.56157900,126.80994800,37.56363200,126.81065100,,서울특별시 강서구청,02-2600-4136,2025-05-20,3150000,서울특별시 강서구
서울특별시,강서구,방화대로7길,,,5.5,155,1,N,37.55591300,126.81277300,37.55490500,126.81359600,,서울특별시 강서구청,02-2600-4136,2025-05-20,3150000,서울특별시 강서구
서울특별시,강서구,방화대로5다길,,,5.5,195,1,N,37.55491100,126.81368100,37.55514900,126.81586100,,서울특별시 강서구청,02-2600-4136,2025-05-20,3150000,서울특별시 강서구
서울특별시,강서구,방화대로5라길,,,5.5,195,1,N,37.55599800,126.81569300,37.55576100,126.81352900,,서울특별시 강서구청,02-2600-4136,2025-05-20,3150000,서울특별시 강서구
서울특별시,강서구,양천로57길,,,7.5,150,1,Y,37.56328200,126.85219400,37.56268600,126.85328900,,서울특별시 강서구청,02-2600-4136,2025-05-20,3150000,서울특별시 강서구
서울특별시,강서구,양천로,,,6,60,1,Y,37.57010600,126.83960500,37.56989300,126.84067800,,서울특별시 강서구청,02-2600-4136,2025-05-20,3150000,서울특별시 강서구
충청북도,증평군,송산로1길,교통흐름을 원활히 하기 위함,2013,6,300,1,Y,36.789555,127.576923,36.788578,127.577633,중로 3-24,충청북도 증평군청,043-835-3943,2025-06-18,5570000,충청북도 증평군
충청북도,증평군,중앙로,교통흐름을 원활히 하기 위함,2016,6,60,1,Y,36.787194,127.585114,36.787021,127.584911,소로 3-78,충청북도 증평군청,043-835-3943,2025-06-18,5570000,충청북도 증평군
충청북도,증평군,중앙로10길,교통흐름을 원활히 하기 위함,2016,6,60,1,N,36.785795,127.583471,36.785795,127.583471,소로 2-16,충청북도 증평군청,043-835-3943,2025-06-18,5570000,충청북도 증평군
경상북도,김천시,직지로,,,6,1850,2,Y,36.130213,128.025774,36.116688,128.018343,,경상북도 김천시청,054-420-6258,2025-05-07,5060000,경상북도 김천시
경상북도,김천시,남산공원길,,,5,50,1,N,36.117944,128.123705,36.119292,128.121716,,경상북도 김천시청,054-420-6258,2025-05-07,5060000,경상북도 김천시
경상북도,김천시,중앙시장길,,,9,160,2,Y,36.117847,128.124221,36.119273,128.124745,,경상북도 김천시청,054-420-6258,2025-05-07,5060000,경상북도 김천시
경상북도,김천시,김천로,,,12,265,2,Y,36.119292,128.121716,36.117861,128.124243,,경상북도 김천시청,054-420-6258,2025-05-07,5060000,경상북도 김천시
경상북도,김천시,자산로,,,8,70,2,Y,36.119883,128.122122,36.119292,128.121716,,경상북도 김천시청,054-420-6258,2025-05-07,5060000,경상북도 김천시
경기도,오산시,원동로37번길,,,8,213,1,Y,37.146393,127.070096,37.140013,127.071527,,경기도 오산시,031-8036-6799,2025-05-23,4000000,경기도 오산시
경기도,오산시,양산로,,,4,173,1,N,37.1972556,127.0235553,37.1970892,127.0239161,,경기도 오산시,031-8036-6799,2025-05-23,4000000,경기도 오산시
경기도,오산시,수목원로468번길,,,6,234,1,Y,37.17476568,127.0508627,37.17476568,127.0509627,,경기도 오산시,031-8036-6799,2025-05-23,4000000,경기도 오산시
경기도,오산시,오산로272번길,,,4,202,1,N,37.15109625,127.0685541,37.15110214,127.0709372,,경기도 오산시,031-8036-6799,2025-05-23,4000000,경기도 오산시
경기도,오산시,내삼미로79번길,,,8,362,1,Y,37.16939077,127.0657666,37.16925856,127.0647375,,경기도 오산시,031-8036-6799,2025-05-23,4000000,경기도 오산시
경기도,오산시,세마역로41번길,,,15,325,2,Y,37.187773,127.042121,37.185607,127.042871,,경기도 오산시,031-8036-6799,2025-05-23,4000000,경기도 오산시
경기도,오산시,오산대역로132번길,,,10,132,1,Y,37.169414,127.059939,37.169764,127.059805,,경기도 오산시,031-8036-6799,2025-05-23,4000000,경기도 오산시
경기도,오산시,오산로,,,6,215,1,Y,37.132595,127.069077,37.131615,127.067811,,경기도 오산시,031-8036-6799,2025-05-23,4000000,경기도 오산시
경기도,오산시,오산로62번길,,,10,70,2,Y,37.132045,127.069674,37.132386,127.069061,,경기도 오산시,031-8036-6799,2025-05-23,4000000,경기도 오산시
경기도,오산시,오산로62번길,,,10,135,1,Y,37.131019,127.068879,37.132045,127.069674,,경기도 오산시,031-8036-6799,2025-05-23,4000000,경기도 오산시
경기도,오산시,운천로,,,12,223,1,Y,37.149882,127.074979,37.149861,127.075836,,경기도 오산시,031-8036-6799,2025-05-23,4000000,경기도 오산시
경기도,오산시,운암로,,,12,245,1,Y,37.147554,127.074909,37.147489,127.075747,,경기도 오산시,031-8036-6799,2025-05-23,4000000,경기도 오산시
경기도,오산시,운천로,,,12,240,1,Y,37.147501,127.075755,37.147568,127.074911,,경기도 오산시,031-8036-6799,2025-05-23,4000000,경기도 오산시
경기도,오산시,오산로 160번길,,,6,155,1,Y,37.141264,127.072768,37.141983,127.071905,,경기도 오산시,031-8036-6799,2025-05-23,4000000,경기도 오산시
경기도,오산시,오산로 160번길,,,3,190,1,Y,37.141206,127.070101,37.141188,127.069445,,경기도 오산시,031-8036-6799,2025-05-23,4000000,경기도 오산시
경기도,오산시,역광장로83번길,,,4,692,1,Y,37.147924,127.067422,37.154014,127.067458,,경기도 오산시,031-8036-6799,2025-05-23,4000000,경기도 오산시
경기도,오산시,경기대로281,,,6,75,1,Y,37.149914,127.073669,37.149923,127.072845,,경기도 오산시,031-8036-6799,2025-05-23,4000000,경기도 오산시
경기도,오산시,경기대로281,,,6,500,1,N,37.149928,127.072845,37.154451,127.072957,,경기도 오산시,031-8036-6799,2025-05-23,4000000,경기도 오산시
경기도,오산시,성호대로,,,6,125,1,Y,37.148807,127.072491,37.149934,127.072481,,경기도 오산시,031-8036-6799,2025-05-23,4000000,경기도 오산시
경기도,오산시,성호대로93번길,,,6,31,1,Y,37.149926,127.072485,37.149924,127.072851,,경기도 오산시,031-8036-6799,2025-05-23,4000000,경기도 오산시
경기도,오산시,성호대로93번길,,,8,754,1,Y,37.155588,127.071678,37.148832,127.071685,,경기도 오산시,031-8036-6799,2025-05-23,4000000,경기도 오산시
경기도,오산시,성호새싹길,,,8,722,1,Y,37.148882,127.070172,37.151096,127.070236,,경기도 오산시,031-8036-6799,2025-05-23,4000000,경기도 오산시
경기도,오산시,대원로 39번길,,,6,273,1,N,37.146345,127.072722,37.148801,127.072791,,경기도 오산시,031-8036-6799,2025-05-23,4000000,경기도 오산시
경기도,오산시,대원로 29번길,,,8,272,1,N,37.148829,127.071684,37.146364,127.071604,,경기도 오산시,031-8036-6799,2025-05-23,4000000,경기도 오산시
경기도,오산시,대원로15번길,,,8,276,1,N,37.146402,127.070103,37.148872,127.070173,,경기도 오산시,031-8036-6799,2025-05-23,4000000,경기도 오산시
서울특별시,강서구,곰달래로35길,,,3.5,40,1,N,37.53603000,126.85357200,37.53599400,126.85409300,,서울특별시 강서구청,02-2600-4136,2025-05-20,3150000,서울특별시 강서구
서울특별시,강서구,강서로,,,3.5,50,1,N,37.53891700,126.84301000,37.53890800,126.84258000,,서울특별시 강서구청,02-2600-4136,2025-05-20,3150000,서울특별시 강서구
서울특별시,강서구,등촌로47길,,,5.5,20,1,N,37.54685200,126.86174400,37.54678900,126.86182300,,서울특별시 강서구청,02-2600-4136,2025-05-20,3150000,서울특별시 강서구
서울특별시,강서구,강서로45길,,,5.5,165,1,N,37.54924000,126.83404000,37.54937000,126.83219000,,서울특별시 강서구청,02-2600-4136,2025-05-20,3150000,서울특별시 강서구
서울특별시,강서구,양천로,,,4,60,1,N,37.55239100,126.87019500,37.55223300,126.86966700,,서울특별시 강서구청,02-2600-4136,2025-05-20,3150000,서울특별시 강서구
서울특별시,강서구,초원로2길,,,5.5,90,1,N,37.56770300,126.80654600,37.56686400,126.80657700,,서울특별시 강서구청,02-2600-4136,2025-05-20,3150000,서울특별시 강서구
서울특별시,강서구,개화동로23길,,,7.5,160,1,N,37.56663100,126.80747100,37.56693500,126.80567400,,서울특별시 강서구청,02-2600-4136,2025-05-20,3150000,서울특별시 강서구
서울특별시,강서구,초원로,,,5.5,110,1,N,37.56771700,126.80733100,37.56669800,126.80735700,,서울특별시 강서구청,02-2600-4136,2025-05-20,3150000,서울특별시 강서구
서울특별시,강서구,개화동로25길,,,5.5,110,1,N,37.56601300,126.80597900,37.56598700,126.80715100,,서울특별시 강서구청,02-2600-4136,2025-05-20,3150000,서울특별시 강서구
서울특별시,강서구,양천로6길,,,5.5,160,1,Y,37.56929900,126.80756100,37.56782600,126.80759200,,서울특별시 강서구청,02-2600-4136,2025-05-20,3150000,서울특별시 강서구
서울특별시,강서구,양천로1길,,,5.5,280,1,Y,37.57261100,126.80509200,37.57420500,126.80695300,,서울특별시 강서구청,02-2600-4136,2025-05-20,3150000,서울특별시 강서구
서울특별시,강서구,양천로24가길,,,5.5,115,1,N,37.56990600,126.81298700,37.57082300,126.81337800,,서울특별시 강서구청,02-2600-4136,2025-05-20,3150000,서울특별시 강서구
서울특별시,강서구,금낭화로,,,10,95,1,Y,37.57351400,126.81137100,37.57327600,126.81032500,,서울특별시 강서구청,02-2600-4136,2025-05-20,3150000,서울특별시 강서구
서울특별시,강서구,강서로,,,5.5,150,1,N,37.54936600,126.83504200,37.55074400,126.83502100,,서울특별시 강서구청,02-2600-4136,2025-05-20,3150000,서울특별시 강서구
서울특별시,강서구,공항대로36가길,,,5.5,105,1,N,37.55307500,126.83564100,37.55318300,126.83442700,,서울특별시 강서구청,02-2600-4136,2025-05-20,3150000,서울특별시 강서구
서울특별시,강서구,강서로,,,4,50,1,Y,37.55538900,126.83649700,37.55530600,126.83715200,,서울특별시 강서구청,02-2600-4136,2025-05-20,3150000,서울특별시 강서구
서울특별시,강서구,강서로47마길,,,5.5,430,1,N,37.54938100,126.83271700,37.55306800,126.83088800,,서울특별시 강서구청,02-2600-4136,2025-05-20,3150000,서울특별시 강서구
서울특별시,강서구,강서로47마길,,,5.5,280,1,N,37.55149600,126.83171400,37.55176400,126.83487500,,서울특별시 강서구청,02-2600-4136,2025-05-20,3150000,서울특별시 강서구
충청남도,서산시,번화2로,,,6,540,1,N,36.780184,126.449117,36.781511,126.454606,,충청남도 서산시청,041-660-3173,2025-04-28,4530000,충청남도 서산시
경기도,동두천시,지행로108번길,원활한 교통흐름 및 보행 안전,2024,3.5,70,1,N,37.8899712,127.0600935,37.8899712,127.0600935,,경기도 동두천시청 교통행정과,031-860-2445,2025-05-01,3920000,경기도 동두천시
경기도,동두천시,지행로,원활한 교통흐름 및 보행 안전,2023,5,120,1,N,37.891285,127.062201,37.891112,127.060798,,경기도 동두천시청 교통행정과,031-860-2444,2025-05-01,3920000,경기도 동두천시
경기도,동두천시,평화로,원활한 교통흐름 및 보행 안전,2023,5,30,1,N,37.932372,127.056596,37.932135,127.056528,,경기도 동두천시청 교통행정과,031-860-2444,2025-05-01,3920000,경기도 동두천시
경기도,동두천시,상패로189번길,원활한 교통흐름 및 보행 안전,2000,5,200,1,N,37.918321,127.052381,37.916878,127.053731,,경기도 동두천시청 교통행정과,031-860-2444,2025-05-01,3920000,경기도 동두천시
경기도,동두천시,신천로,원활한 교통흐름 및 보행 안전,2000,6,240,1,N,37.916387,127.053182,37.918321,127.052381,,경기도 동두천시청 교통행정과,031-860-2444,2025-05-01,3920000,경기도 동두천시
경기도,동두천시,강변로368번길,원활한 교통흐름 및 보행 안전,2013,3.5,135,1,N,37.902217,127.049193,37.9015893,127.050431,,경기도 동두천시청 교통행정과,031-860-2444,2025-05-01,3920000,경기도 동두천시
경기도,동두천시,어수로,원활한 교통흐름 및 보행 안전,2015,5,66,1,N,37.903676,127.055335,37.903064,127.055179,,경기도 동두천시청 교통행정과,031-860-2444,2025-05-01,3920000,경기도 동두천시
경기도,동두천시,어수로,원활한 교통흐름 및 보행 안전,2010,5,100,1,N,37.903003,127.055169,37.902043,127.054911,,경기도 동두천시청 교통행정과,031-860-2444,2025-05-01,3920000,경기도 동두천시
경기도,동두천시,평화로2397번길,원활한 교통흐름 및 보행 안전,2015,3.5,70,1,N,37.903492,127.057461,37.902868,127.057455,,경기도 동두천시청 교통행정과,031-860-2444,2025-05-01,3920000,경기도 동두천시
경기도,동두천시,평화로2397번길,원활한 교통흐름 및 보행 안전,2015,3.5,250,1,N,37.900569,127.057328,37.902782,127.057478,,경기도 동두천시청 교통행정과,031-860-2444,2025-05-01,3920000,경기도 동두천시
경기도,동두천시,평화로2397번길,원활한 교통흐름 및 보행 안전,2013,3.5,130,1,Y,37.901689,127.056728,37.900549,127.056615,,경기도 동두천시청 교통행정과,031-860-2444,2025-05-01,3920000,경기도 동두천시
경기도,동두천시,중앙로274번길,원활한 교통흐름 및 보행 안전,2000,5,150,1,Y,37.905837,127.054974,37.905881,127.054155,,경기도 동두천시청 교통행정과,031-860-2444,2025-05-01,3920000,경기도 동두천시
경기도,동두천시,동광로80번길,원활한 교통흐름 및 보행 안전,2010,5,1000,1,Y,37.912962,127.057384,37.904118,127.056792,,경기도 동두천시청 교통행정과,031-860-2444,2025-05-01,3920000,경기도 동두천시
경기도,동두천시,동광로78번길,원활한 교통흐름 및 보행 안전,2010,5,1000,1,Y,37.904124,127.056523,37.912937,127.057088,,경기도 동두천시청 교통행정과,031-860-2444,2025-05-01,3920000,경기도 동두천시
경기도,동두천시,원터강변로41번길,원활한 교통흐름 및 보행 안전,2017,5,190,1,Y,37.926258,127.054488,37.924582,127.055078,,경기도 동두천시청 교통행정과,031-860-2444,2025-05-01,3920000,경기도 동두천시
경기도,동두천시,삼육사로,원활한 교통흐름 및 보행 안전,2017,5,100,1,Y,37.899271,127.061981,37.900264,127.061751,,경기도 동두천시청 교통행정과,031-860-2444,2025-05-01,3920000,경기도 동두천시
경기도,동두천시,정장로,원활한 교통흐름 및 보행 안전,2017,5,140,1,Y,37.902877,127.056872,37.904028,127.056749,,경기도 동두천시청 교통행정과,031-860-2444,2025-05-01,3920000,경기도 동두천시
서울특별시,강서구,초원로,,,5.5,80,1,N,37.56693700,126.80616900,37.56770100,126.80616100,,서울특별시 강서구청,02-2600-4136,2025-05-20,3150000,서울특별시 강서구
전라남도,여수시,여서2로,보행안전,2011,6,150,1,N,34.772001,127.642001,34.747001,127.705001,NR-6-여문2로-하-183,전라남도 여수시청,061-659-4162,2025-04-10,4810000,전라남도 여수시
전라남도,여수시,대통1길,보행안전,2011,9,160,1,N,34.773001,127.643001,34.772001,127.642001,NR-6-대통1길-하-16,전라남도 여수시청,061-659-4162,2025-04-10,4810000,전라남도 여수시
전라남도,여수시,문수로,보행안전,2011,6,335,1,N,34.753001,127.711001,34.753001,127.713001,NR-6-문수로-하-142,전라남도 여수시청,061-659-4162,2025-04-10,4810000,전라남도 여수시
전라남도,여수시,무선2길,교통안전,2011,9,120,1,N,34.769001,127.653001,34.769001,127.652001,NR-6-무선2길-하-28,전라남도 여수시청,061-659-4162,2025-04-10,4810000,전라남도 여수시
전라남도,여수시,여객선터미널길,교통안전,2010,8,80,1,N,34.733001,127.734001,34.733001,127.734001,NR-6-여객선터미널길-하-42,전라남도 여수시청,061-659-4162,2025-04-10,4810000,전라남도 여수시
전라남도,여수시,봉강1길,보행안전,2010,6,120,1,N,34.736001,127.726001,34.735001,127.726001,NR-6-봉강1길-하-16,전라남도 여수시청,061-659-4162,2025-04-10,4810000,전라남도 여수시
전라남도,여수시,봉강로,교통안전,2010,4,120,1,N,34.737001,127.725001,34.738001,127.724001,NR-6-봉강5길-하-11,전라남도 여수시청,061-659-4162,2025-04-10,4810000,전라남도 여수시
전라남도,여수시,충무5길,보행안전,2010,8,220,1,N,34.739001,127.732001,34.738001,127.731001,NR-6-충무5길-하-2,전라남도 여수시청,061-659-4162,2025-04-10,4810000,전라남도 여수시
전라남도,여수시,선소로,보행안전,2010,12,630,1,Y,34.755001,127.670001,34.753001,127.671001,NR-6-망마로-하-58,전라남도 여수시청,061-659-4162,2025-04-10,4810000,전라남도 여수시
전라남도,여수시,여서1로,보행안전,2010,9,146,1,N,34.737001,127.732001,34.752001,127.709001,NR-6-여서1로-하-95,전라남도 여수시청,061-659-4162,2025-04-10,4810000,전라남도 여수시
전라남도,여수시,교동시장3길,보행안전,2010,9,130,1,N,34.736001,127.733001,34.737001,127.732001,NR-6-충무로-하-39,전라남도 여수시청,061-659-4162,2025-04-10,4810000,전라남도 여수시
전라남도,여수시,교동시장2길,보행안전,2010,6,75,1,N,34.735001,127.733001,34.736001,127.732001,NR-6-충무로-하-27,전라남도 여수시청,061-659-4162,2025-04-10,4810000,전라남도 여수시
전라남도,여수시,충무오거리길,보행안전,2010,9,194,1,N,34.739001,127.733001,34.738001,127.735001,NR-6-충무로-하-64,전라남도 여수시청,061-659-4162,2025-04-10,4810000,전라남도 여수시
전라남도,여수시,오림1길,교통소통,2010,9,200,2,Y,34.755001,127.718001,34.755001,127.719001,NR-6-오림1길-하-1,전라남도 여수시청,061-659-4162,2025-04-10,4810000,전라남도 여수시
전라남도,여수시,동헌길,보행안전,2010,6,90,1,N,34.738001,127.739001,34.738001,127.739001,NR-6-진남로-하-88,전라남도 여수시청,061-659-4162,2025-04-10,4810000,전라남도 여수시
전라남도,여수시,충무5길,교통소통,2010,9,100,1,N,34.737001,127.733001,34.737001,127.732001,NR-6-충무로-하-51,전라남도 여수시청,061-659-4162,2025-04-10,4810000,전라남도 여수시
전라남도,여수시,통제영2길,보행안전,2009,9,300,1,N,34.738001,127.734001,34.737001,127.737001,NR-6-진남상가길-하-37,전라남도 여수시청,061-659-4162,2025-04-10,4810000,전라남도 여수시
전라남도,여수시,서교3길,보행안전,2009,6,210,1,N,34.738001,127.728001,34.739001,127.729001,NR-6-서교3길-하-20,전라남도 여수시청,061-659-4162,2025-04-10,4810000,전라남도 여수시
전라남도,여수시,진남상가길,보행안전,2009,9,280,1,N,34.797001,126.402001,34.797001,126.402001,NR-6-진남상가길-하-33,전라남도 여수시청,061-659-4162,2025-04-10,4810000,전라남도 여수시
충청남도,서산시,정주골2길,,2025,3.5,96,1,N,36.771677,126.466111,36.770977,126.466555,,충청남도 서산시청,041-660-3173,2025-04-28,4530000,충청남도 서산시
충청남도,서산시,예천1로,,,3.5,150,1,Y,36.768951,126.448992,36.767657,126.448783,,충청남도 서산시청,041-660-3173,2025-04-28,4530000,충청남도 서산시
충청남도,서산시,율지8로,,,5,120,1,N,36.780903,126.460072,36.781901,126.460078,,충청남도 서산시청,041-660-3173,2025-04-28,4530000,충청남도 서산시
충청남도,서산시,대사동4길,,,4.5,210,1,Y,36.783583,126.456472,36.783592,126.456528,,충청남도 서산시청,041-660-3173,2025-04-28,4530000,충청남도 서산시
충청남도,서산시,시장6로,,,4.5,90,1,N,36.781949,126.4579311,36.781456,126.457916,,충청남도 서산시청,041-660-3173,2025-04-28,4530000,충청남도 서산시
충청남도,서산시,시장4길,,,3,130,1,N,36.781343,126.458006,36.780851,126.459263,,충청남도 서산시청,041-660-3173,2025-04-28,4530000,충청남도 서산시
충청남도,서산시,관아문길,,,5,200,1,N,36.782585,126.451449,36.780954,126.452226,,충청남도 서산시청,041-660-3173,2025-04-28,4530000,충청남도 서산시
충청남도,서산시,번화1로,,,5,360,1,N,36.782377,126.453391,36.781044,126.449929,,충청남도 서산시청,041-660-3173,2025-04-28,4530000,충청남도 서산시
충청남도,서산시,시장1로,,,6,200,1,N,36.783391,126.455038,36.781661,126.454861,,충청남도 서산시청,041-660-3173,2025-04-28,4530000,충청남도 서산시
서울특별시,강서구,가로공원로84길,,,7.5,587,1,N,37.53742700,126.84004900,37.53256100,126.84221700,,서울특별시 강서구청,02-2600-4136,2025-05-20,3150000,서울특별시 강서구
서울특별시,강서구,가로공원로80길,,,5.5,440,1,N,37.53363100,126.84081800,37.53719500,126.83866100,,서울특별시 강서구청,02-2600-4136,2025-05-20,3150000,서울특별시 강서구
서울특별시,강서구,강서로17가길,,,5.5,403,1,N,37.53270500,126.84401800,37.53591900,126.84205900,,서울특별시 강서구청,02-2600-4136,2025-05-20,3150000,서울특별시 강서구
서울특별시,강서구,강서로31길,,,5.5,380,1,N,37.53842100,126.83680100,37.54012100,126.84052100,,서울특별시 강서구청,02-2600-4136,2025-05-20,3150000,서울특별시 강서구
서울특별시,강서구,화곡로26가길,,,5.5,330,1,N,37.54083300,126.83993600,37.53990100,126.83646500,,서울특별시 강서구청,02-2600-4136,2025-05-20,3150000,서울특별시 강서구
서울특별시,강서구,강서로,,,4,20,1,N,37.53172200,126.84663500,37.53160100,126.84633400,,서울특별시 강서구청,02-2600-4136,2025-05-20,3150000,서울특별시 강서구
전라남도,여수시,통제영5길,교통안전,2022,6,480,1,N,34.740491,127.7362601,34.740241,127.735991,NR-6-통제영5길-하-,전라남도 여수시청,061-659-4162,2025-04-10,4810000,전라남도 여수시
전라남도,여수시,학동4길,교통안전,2021,4,125,1,N,34.764231,127.6665101,34.763001,127.666311,NR-6-학동4길-하-,전라남도 여수시청,061-659-4162,2025-04-10,4810000,전라남도 여수시
전라남도,여수시,충무연등천길,교통안전,2021,6,180,1,N,34.741001,127.7290001,34.740001,127.729001,NR-6-충무연등천길-하-,전라남도 여수시청,061-659-4162,2025-04-10,4810000,전라남도 여수시
전라남도,여수시,학동북2길,교통안전,2021,6,360,1,N,34.767001,127.662001,34.767001,127.658001,NR-6-학동북2길-하-,전라남도 여수시청,061-659-4162,2025-04-10,4810000,전라남도 여수시
전라남도,여수시,학동북4길,교통안전,2021,6,360,1,N,34.767001,127.658001,34.767001,127.662001,NR-6-학동북4길-하-,전라남도 여수시청,061-659-4162,2025-04-10,4810000,전라남도 여수시
전라남도,여수시,대치3길,교통안전,2021,5,160,1,N,34.748001,127.700001,34.747001,127.699001,NR-6-대치3길-하-,전라남도 여수시청,061-659-4162,2025-04-10,4810000,전라남도 여수시
전라남도,여수시,문수3길,교통안전,2020,6,135,1,N,34.754001,127.703001,34.755001,127.704001,NR-6-문수3길-하-,전라남도 여수시청,061-659-4162,2025-04-10,4810000,전라남도 여수시
전라남도,여수시,문수3길,교통안전,2020,6,135,1,N,34.755001,127.704001,34.754001,127.703001,NR-6-문수3길-하-,전라남도 여수시청,061-659-4162,2025-04-10,4810000,전라남도 여수시
전라남도,여수시,시청로,교통안전,2019,8,410,1,N,34.768001,127.663001,34.770001,127.663001,NR-6-시청로-하-,전라남도 여수시청,061-659-4162,2025-04-10,4810000,전라남도 여수시
전라남도,여수시,통제영4길,교통안전,2017,7,125,1,N,34.738001,127.737001,34.738001,127.736001,NR-6-통제영4길-하-11,전라남도 여수시청,061-659-4162,2025-04-10,4810000,전라남도 여수시
전라남도,여수시,신월로,교통안전,2016,4,235,1,Y,34.745001,127.681001,34.745001,127.680001,NR-6-신월로-하-96,전라남도 여수시청,061-659-4162,2025-04-10,4810000,전라남도 여수시
전라남도,여수시,예울마루로,교통안전,2016,10,160,1,Y,34.743001,127.673001,34.743001,127.673001,NR-6-예울마루로-하-35,전라남도 여수시청,061-659-4162,2025-04-10,4810000,전라남도 여수시
전라남도,여수시,예울마루로,교통안전,2016,10,210,1,Y,34.743001,127.673001,34.743001,127.673001,NR-6-예울마루로-하-37,전라남도 여수시청,061-659-4162,2025-04-10,4810000,전라남도 여수시
전라남도,여수시,예울마루로,교통안전,2016,10,250,1,Y,34.743001,127.673001,34.743001,127.673001,NR-6-예울마루로-하-37,전라남도 여수시청,061-659-4162,2025-04-10,4810000,전라남도 여수시
전라남도,여수시,좌수영로,교통안전,2016,4,1000,1,N,34.765001,127.699001,34.765001,127.700001,NR-6-좌수영로-하-42,전라남도 여수시청,061-659-4162,2025-04-10,4810000,전라남도 여수시
전라남도,여수시,여문2로,교통안전,2015,9,200,1,N,34.751001,127.695001,34.751001,127.694001,NR-6-여문2로-하-77,전라남도 여수시청,061-659-4162,2025-04-10,4810000,전라남도 여수시
전라남도,여수시,중승길,교통안전,2014,5,900,1,N,34.797001,126.402001,34.796001,127.628001,NR-6-중승길-하-43,전라남도 여수시청,061-659-4162,2025-04-10,4810000,전라남도 여수시
전라남도,여수시,돌산로,교통안전,2011,9,1100,1,N,34.728001,127.739001,34.724001,127.744001,NR-6-진두해안길-하-11,전라남도 여수시청,061-659-4162,2025-04-10,4810000,전라남도 여수시
전라남도,여수시,문수1길,교통안전,2013,6,120,1,N,34.752001,127.706001,34.751001,127.705001,NR-6-문수1길-하-7,전라남도 여수시청,061-659-4162,2025-04-10,4810000,전라남도 여수시
전라남도,여수시,여문1로,보행안전,2013,6,120,1,N,34.751001,127.705001,34.752001,127.706001,NR-6-여문1로-하-74,전라남도 여수시청,061-659-4162,2025-04-10,4810000,전라남도 여수시
전라남도,여수시,문수6길,교통안전,2013,9,250,1,N,34.747001,127.701001,34.749001,127.702001,NR-6-문수6길-하-25,전라남도 여수시청,061-659-4162,2025-04-10,4810000,전라남도 여수시
전라남도,여수시,여서로,교통안전,2013,12,2000,3,Y,34.745001,127.702001,34.746001,127.702001,NR-6-여서로-하-173,전라남도 여수시청,061-659-4162,2025-04-10,4810000,전라남도 여수시
전라남도,여수시,학동3길,보행안전,2013,6,50,1,N,34.761001,127.667001,34.760001,127.668001,NR-6-학동3길-하-7,전라남도 여수시청,061-659-4162,2025-04-10,4810000,전라남도 여수시
전라남도,여수시,도원로,교통안전,2013,8,160,1,N,34.757001,127.662001,34.756001,127.662001,NR-6-도원로-하-260,전라남도 여수시청,061-659-4162,2025-04-10,4810000,전라남도 여수시
전라남도,여수시,시청서1길,교통안전,2013,8,150,1,N,34.756001,127.663001,34.757001,127.663001,NR-6-시청서1길-하-18,전라남도 여수시청,061-659-4162,2025-04-10,4810000,전라남도 여수시
전라남도,여수시,허문정1길,보행안전,2012,9,110,1,N,34.746001,127.696001,34.747001,127.696001,NR-6-허문정1길-하-58,전라남도 여수시청,061-659-4162,2025-04-10,4810000,전라남도 여수시
전라남도,여수시,신기북7길,교통안전,2011,10,380,1,N,34.760001,127.679001,34.758001,127.676001,NR-6-신기북7길-하-41,전라남도 여수시청,061-659-4162,2025-04-10,4810000,전라남도 여수시
서울특별시,서초구,원터길,보행안전,1999,6,140,1,N,37.443986,127.056511,37.443191,127.055852,일방162,서울특별시 서초구청,02-2155-7185,2025-12-08,3210000,서울특별시 서초구
서울특별시,서초구,논현로1길,보행안전,1998,6,200,1,N,37.469202,127.047181,37.470388,127.048833,일방161,서울특별시 서초구청,02-2155-7185,2025-12-08,3210000,서울특별시 서초구
서울특별시,서초구,동산로12길,보행안전,1998,6,250,1,N,37.469744,127.047618,37.471646,127.045247,일방160,서울특별시 서초구청,02-2155-7185,2025-12-08,3210000,서울특별시 서초구
서울특별시,서초구,동산로8길,보행안전,1998,6,360,1,N,37.471318,127.044325,37.469184,127.046769,일방159,서울특별시 서초구청,02-2155-7185,2025-12-08,3210000,서울특별시 서초구
서울특별시,서초구,강남대로6길,보행안전,1998,6,100,1,N,37.468876,127.044608,37.470157,127.043168,일방158,서울특별시 서초구청,02-2155-7185,2025-12-08,3210000,서울특별시 서초구
서울특별시,서초구,강남대로8길,보행안전,1998,6,200,1,N,37.469393,127.042044,37.468229,127.043688,일방157,서울특별시 서초구청,02-2155-7185,2025-12-08,3210000,서울특별시 서초구
서울특별시,서초구,강남대로8길,보행안전,1998,6,200,1,N,37.468921,127.041348,37.467743,127.043019,일방156,서울특별시 서초구청,02-2155-7185,2025-12-08,3210000,서울특별시 서초구
서울특별시,서초구,강남대로8길,보행안전,1998,6,200,1,N,37.467359,127.042512,37.468798,127.041221,일방155,서울특별시 서초구청,02-2155-7185,2025-12-08,3210000,서울특별시 서초구
서울특별시,서초구,강남대로10길,보행안전,1998,6,100,1,N,37.468362,127.040696,37.467056,127.042134,일방154,서울특별시 서초구청,02-2155-7185,2025-12-08,3210000,서울특별시 서초구
서울특별시,서초구,언남12길,보행안전,2001,6,150,1,N,37.474164,127.044216,37.472548,127.045888,일방153,서울특별시 서초구청,02-2155-7185,2025-12-08,3210000,서울특별시 서초구
서울특별시,서초구,언남12길,보행안전,2001,6,250,1,N,37.473781,127.045668,37.473567,127.045141,일방152,서울특별시 서초구청,02-2155-7185,2025-12-08,3210000,서울특별시 서초구
서울특별시,서초구,논현로11길,보행안전,1998,6,120,1,N,37.473922,127.048041,37.476382,127.045485,일방151,서울특별시 서초구청,02-2155-7185,2025-12-08,3210000,서울특별시 서초구
서울특별시,서초구,언남16길,보행안전,1998,6,250,1,N,37.473155,127.046846,37.474602,127.045024,일방150,서울특별시 서초구청,02-2155-7185,2025-12-08,3210000,서울특별시 서초구
서울특별시,서초구,논현로13길,보행안전,1998,6,100,1,N,37.474642,127.047253,37.474167,127.046475,일방149,서울특별시 서초구청,02-2155-7185,2025-12-08,3210000,서울특별시 서초구
서울특별시,서초구,논현로17길,보행안전,1998,6,100,1,N,37.476382,127.045486,37.476002,127.044554,일방148,서울특별시 서초구청,02-2155-7185,2025-12-08,3210000,서울특별시 서초구
서울특별시,서초구,마방로6길,보행안전,1998,6,160,1,N,37.475238,127.044668,37.476233,127.043571,일방147,서울특별시 서초구청,02-2155-7185,2025-12-08,3210000,서울특별시 서초구
서울특별시,서초구,마방로10길,보행안전,1998,6,120,1,N,37.474677,127.044151,37.475195,127.044971,일방146,서울특별시 서초구청,02-2155-7185,2025-12-08,3210000,서울특별시 서초구
서울특별시,서초구,언남11길,보행안전,2001,6,735,1,N,37.475621,127.043027,37.474519,127.044207,일방145,서울특별시 서초구청,02-2155-7185,2025-12-08,3210000,서울특별시 서초구
서울특별시,서초구,태봉로,보행안전,1998,5,300,1,N,37.466137,127.025966,37.467231,127.022903,일방144,서울특별시 서초구청,02-2155-7185,2025-12-08,3210000,서울특별시 서초구
서울특별시,서초구,마방로10길,보행안전,1998,6,80,1,N,37.476384,127.043697,37.475621,127.043027,일방143,서울특별시 서초구청,02-2155-7185,2025-12-08,3210000,서울특별시 서초구
서울특별시,서초구,마방로4길,보행안전,1998,6,70,1,N,37.473728,127.042461,37.474361,127.041374,일방142,서울특별시 서초구청,02-2155-7185,2025-12-08,3210000,서울특별시 서초구
서울특별시,서초구,마방로4길,보행안전,1998,6,70,1,N,37.473975,127.041163,37.473399,127.041985,일방141,서울특별시 서초구청,02-2155-7185,2025-12-08,3210000,서울특별시 서초구
서울특별시,서초구,마방로4길,보행안전,1998,6,120,1,N,37.473625,127.041234,37.474211,127.042155,일방140,서울특별시 서초구청,02-2155-7185,2025-12-08,3210000,서울특별시 서초구
서울특별시,서초구,바우뫼로4길,보행안전,1998,6,120,1,N,37.469465,127.025354,37.468958,127.026279,일방139,서울특별시 서초구청,02-2155-7185,2025-12-08,3210000,서울특별시 서초구
서울특별시,서초구,바우뫼로6길,보행안전,2001,6,230,1,N,37.468608,127.025928,37.469111,127.025026,일방138,서울특별시 서초구청,02-2155-7185,2025-12-08,3210000,서울특별시 서초구
서울특별시,서초구,바우뫼로2길,보행안전,2001,6,370,1,N,37.468896,127.024344,37.468681,127.027583,일방137,서울특별시 서초구청,02-2155-7185,2025-12-08,3210000,서울특별시 서초구
서울특별시,서초구,바우뫼로7길,보행안전,1998,6,150,1,N,37.472515,127.024205,37.472073,127.025505,일방136,서울특별시 서초구청,02-2155-7185,2025-12-08,3210000,서울특별시 서초구
서울특별시,서초구,남부순환로348길,보행안전,1998,6,150,1,N,37.482089,127.035268,37.482661,127.034746,일방135,서울특별시 서초구청,02-2155-7185,2025-12-08,3210000,서울특별시 서초구
서울특별시,서초구,바우뫼로43길,보행안전,2001,6,320,1,N,37.481826,127.042474,37.484106,127.041332,일방134,서울특별시 서초구청,02-2155-7185,2025-12-08,3210000,서울특별시 서초구
서울특별시,서초구,강남대로30길,보행안전,1998,6,100,1,N,37.483539,127.040642,37.482913,127.041288,일방133,서울특별시 서초구청,02-2155-7185,2025-12-08,3210000,서울특별시 서초구
서울특별시,서초구,바우뫼로41길,보행안전,1998,6,110,1,N,37.483518,127.040218,37.483794,127.041187,일방132,서울특별시 서초구청,02-2155-7185,2025-12-08,3210000,서울특별시 서초구
서울특별시,서초구,강남대로34길,보행안전,2001,6,320,1,N,37.484058,127.041114,37.483921,127.040181,일방131,서울특별시 서초구청,02-2155-7185,2025-12-08,3210000,서울특별시 서초구
서울특별시,서초구,남부순환로,보행안전,1998,6,60,1,N,37.484392,127.039177,37.484855,127.039061,일방130,서울특별시 서초구청,02-2155-7185,2025-12-08,3210000,서울특별시 서초구
서울특별시,서초구,남부순환로,보행안전,1998,6,80,1,N,37.484797,127.038093,37.484196,127.038308,일방129,서울특별시 서초구청,02-2155-7185,2025-12-08,3210000,서울특별시 서초구
서울특별시,서초구,남부순환로350길,보행안전,2001,6,400,1,N,37.484487,127.035405,37.481853,127.037669,일방128,서울특별시 서초구청,02-2155-7185,2025-12-08,3210000,서울특별시 서초구
서울특별시,서초구,바우뫼로21길,보행안전,2001,6,220,1,N,37.475872,127.035011,37.478032,127.034628,일방127,서울특별시 서초구청,02-2155-7185,2025-12-08,3210000,서울특별시 서초구
서울특별시,서초구,바우뫼로23길,보행안전,1998,6,90,1,N,37.477541,127.035107,37.478032,127.034627,일방126,서울특별시 서초구청,02-2155-7185,2025-12-08,3210000,서울특별시 서초구
서울특별시,서초구,바우뫼로18길,보행안전,2001,6,180,1,N,37.474476,127.032792,37.473926,127.034154,일방125,서울특별시 서초구청,02-2155-7185,2025-12-08,3210000,서울특별시 서초구
서울특별시,서초구,강남대로23길,보행안전,1998,6,150,1,N,37.474666,127.035979,37.475077,127.036271,일방124,서울특별시 서초구청,02-2155-7185,2025-12-08,3210000,서울특별시 서초구
서울특별시,서초구,강남대로25길,보행안전,1998,6,70,1,N,37.475710,127.035680,37.475290,127.035150,일방123,서울특별시 서초구청,02-2155-7185,2025-12-08,3210000,서울특별시 서초구
서울특별시,서초구,양재천로7길,보행안전,1998,6,40,1,N,37.475745,127.035497,37.475401,127.034971,일방122,서울특별시 서초구청,02-2155-7185,2025-12-08,3210000,서울특별시 서초구
서울특별시,서초구,강남대로23길,보행안전,1998,6,150,1,N,37.474105,127.035662,37.474453,127.035848,일방121,서울특별시 서초구청,02-2155-7185,2025-12-08,3210000,서울특별시 서초구
서울특별시,서초구,양재천로3길,보행안전,1998,6,130,1,N,37.474712,127.035439,37.473944,127.035089,일방120,서울특별시 서초구청,02-2155-7185,2025-12-08,3210000,서울특별시 서초구
서울특별시,서초구,양재천로31길,보행안전,2001,6,100,1,N,37.480055,127.043143,37.480431,127.042454,일방119,서울특별시 서초구청,02-2155-7185,2025-12-08,3210000,서울특별시 서초구
서울특별시,서초구,양재천로,보행안전,1998,6,50,1,N,37.480156,127.042192,37.479755,127.042851,일방118,서울특별시 서초구청,02-2155-7185,2025-12-08,3210000,서울특별시 서초구
서울특별시,서초구,양재천로,보행안전,1998,6,70,1,N,37.479492,127.042634,37.479871,127.041958,일방117,서울특별시 서초구청,02-2155-7185,2025-12-08,3210000,서울특별시 서초구
서울특별시,서초구,양재천로,보행안전,1998,6,100,1,N,37.479251,127.042223,37.479528,127.041599,일방116,서울특별시 서초구청,02-2155-7185,2025-12-08,3210000,서울특별시 서초구
서울특별시,서초구,양재천로,보행안전,1998,6,100,1,N,37.478438,127.040718,37.478108,127.041491,일방115,서울특별시 서초구청,02-2155-7185,2025-12-08,3210000,서울특별시 서초구
서울특별시,서초구,양재천로,보행안전,1998,6,100,1,N,37.477272,127.040781,37.477536,127.040991,일방114,서울특별시 서초구청,02-2155-7185,2025-12-08,3210000,서울특별시 서초구
서울특별시,서초구,양재천로,보행안전,1998,6,100,1,N,37.477271,127.040783,37.477712,127.039983,일방113,서울특별시 서초구청,02-2155-7185,2025-12-08,3210000,서울특별시 서초구
서울특별시,서초구,양재천로,보행안전,1998,6,100,1,N,37.477471,127.039759,37.477024,127.040567,일방112,서울특별시 서초구청,02-2155-7185,2025-12-08,3210000,서울특별시 서초구
서울특별시,서초구,양재천로,보행안전,1998,6,100,1,N,37.476915,127.039428,37.477213,127.039541,일방111,서울특별시 서초구청,02-2155-7185,2025-12-08,3210000,서울특별시 서초구
서울특별시,서초구,양재천로,보행안전,1998,6,100,1,N,37.476911,127.039429,37.476517,127.040123,일방110,서울특별시 서초구청,02-2155-7185,2025-12-08,3210000,서울특별시 서초구
서울특별시,서초구,양재천로,보행안전,1998,6,100,1,N,37.476222,127.039865,37.476441,127.039457,일방109,서울특별시 서초구청,02-2155-7185,2025-12-08,3210000,서울특별시 서초구
서울특별시,서초구,양재천로,보행안전,1998,6,100,1,N,37.476051,127.039404,37.475922,127.039592,일방108,서울특별시 서초구청,02-2155-7185,2025-12-08,3210000,서울특별시 서초구
서울특별시,서초구,양재천로21길,보행안전,2001,6,780,1,N,37.477983,127.039153,37.475814,127.039422,일방107,서울특별시 서초구청,02-2155-7185,2025-12-08,3210000,서울특별시 서초구
서울특별시,서초구,동광로12길,보행안전,2006,6,80,1,N,37.486390,126.983600,37.485720,126.983330,일방106,서울특별시 서초구청,02-2155-7185,2025-12-08,3210000,서울특별시 서초구
서울특별시,서초구,서초대로3길,보행안전,2006,6,165,1,N,37.487374,126.985475,37.485965,126.985508,일방105,서울특별시 서초구청,02-2155-7185,2025-12-08,3210000,서울특별시 서초구
서울특별시,서초구,서초대로7길,보행안전,2005,6,590,1,N,37.486487,126.987068,37.486181,126.987071,일방104,서울특별시 서초구청,02-2155-7185,2025-12-08,3210000,서울특별시 서초구
서울특별시,서초구,서초대로,보행안전,1998,6,50,1,N,37.486291,126.988013,37.486592,126.987931,일방103,서울특별시 서초구청,02-2155-7185,2025-12-08,3210000,서울특별시 서초구
서울특별시,서초구,서초대로7길,보행안전,2005,6,590,1,N,37.487578,126.986412,37.486627,126.986951,일방102,서울특별시 서초구청,02-2155-7185,2025-12-08,3210000,서울특별시 서초구
서울특별시,서초구,방배천로34길,보행안전,1998,6,170,1,N,37.486932,126.988588,37.488072,126.987806,일방101,서울특별시 서초구청,02-2155-7185,2025-12-08,3210000,서울특별시 서초구
서울특별시,서초구,방배중앙로13길,보행안전,1998,6,280,1,N,37.486361,126.986145,37.486861,126.989138,일방100,서울특별시 서초구청,02-2155-7185,2025-12-08,3210000,서울특별시 서초구
서울특별시,서초구,효령로2길,보행안전,1999,6,730,1,N,37.476541,126.986562,37.474484,126.993652,일방99,서울특별시 서초구청,02-2155-7185,2025-12-08,3210000,서울특별시 서초구
서울특별시,서초구,반포대로19길,보행안전,1998,5.2,260,1,N,37.484947,127.007701,37.487053,127.009048,일방29,서울특별시 서초구청,02-2155-7185,2025-12-08,3210000,서울특별시 서초구
서울특별시,서초구,반포대로3길,보행안전,2001,5.1,165,1,N,37.481397,127.010631,37.481882,127.012147,일방28,서울특별시 서초구청,02-2155-7185,2025-12-08,3210000,서울특별시 서초구
서울특별시,서초구,반포대로7길,보행안전,1998,5.5,135,1,N,37.482662,127.011764,37.482324,127.010707,일방27,서울특별시 서초구청,02-2155-7185,2025-12-08,3210000,서울특별시 서초구
서울특별시,서초구,명달로4길,보행안전,1998,5.5,125,1,N,37.480862,127.009123,37.480934,127.010422,일방26,서울특별시 서초구청,02-2155-7185,2025-12-08,3210000,서울특별시 서초구
서울특별시,서초구,반포대로3길,보행안전,2001,5.4,125,1,N,37.481331,127.010348,37.481333,127.009096,일방25,서울특별시 서초구청,02-2155-7185,2025-12-08,3210000,서울특별시 서초구
서울특별시,서초구,반포대로5길,보행안전,1998,5.7,125,1,N,37.481772,127.009138,37.481765,127.010375,일방24,서울특별시 서초구청,02-2155-7185,2025-12-08,3210000,서울특별시 서초구
서울특별시,서초구,반포대로7길,보행안전,2001,5.7,130,1,N,37.482145,127.010338,37.482207,127.009105,일방23,서울특별시 서초구청,02-2155-7185,2025-12-08,3210000,서울특별시 서초구
서울특별시,서초구,남부순환로315길,보행안전,1998,5.8,95,1,N,37.480471,127.008893,37.480197,127.007995,일방22,서울특별시 서초구청,02-2155-7185,2025-12-08,3210000,서울특별시 서초구
서울특별시,서초구,명달로4길,보행안전,2001,5,110,1,N,37.480686,127.008042,37.480906,127.008807,일방21,서울특별시 서초구청,02-2155-7185,2025-12-08,3210000,서울특별시 서초구
서울특별시,서초구,반포대로3길,보행안전,2001,5.4,130,1,N,37.481113,127.008771,37.480696,127.008037,일방20,서울특별시 서초구청,02-2155-7185,2025-12-08,3210000,서울특별시 서초구
서울특별시,서초구,반포대로5길,보행안전,1998,5.7,145,1,N,37.481537,127.007427,37.481746,127.008831,일방19,서울특별시 서초구청,02-2155-7185,2025-12-08,3210000,서울특별시 서초구
서울특별시,서초구,명달로6길,보행안전,2001,5.7,160,1,N,37.480958,127.007371,37.480509,127.005732,일방18,서울특별시 서초구청,02-2155-7185,2025-12-08,3210000,서울특별시 서초구
서울특별시,서초구,효령로46길,보행안전,2001,5.3,500,1,N,37.483364,127.009084,37.478991,127.008748,일방17,서울특별시 서초구청,02-2155-7185,2025-12-08,3210000,서울특별시 서초구
서울특별시,서초구,서운로6길,보행안전,1998,4,130,1,N,37.486049,127.030497,37.486491,127.030357,일방16,서울특별시 서초구청,02-2155-7185,2025-12-08,3210000,서울특별시 서초구
서울특별시,서초구,강남대로43길,보행안전,2000,5.7,150,1,N,37.486953,127.029171,37.487184,127.030634,일방15,서울특별시 서초구청,02-2155-7185,2025-12-08,3210000,서울특별시 서초구
서울특별시,서초구,효령로79길,보행안전,1999,3.8,335,1,N,37.489911,127.030141,37.492488,127.028913,일방14,서울특별시 서초구청,02-2155-7185,2025-12-08,3210000,서울특별시 서초구
서울특별시,서초구,남부순환로,보행안전,1998,3.5,80,1,N,37.482478,127.018225,37.482671,127.018143,일방13,서울특별시 서초구청,02-2155-7185,2025-12-08,3210000,서울특별시 서초구
서울특별시,서초구,남부순환로,보행안전,1998,3.3,50,1,N,37.483778,127.024285,37.483949,127.023569,일방12,서울특별시 서초구청,02-2155-7185,2025-12-08,3210000,서울특별시 서초구
서울특별시,서초구,사임당로18길,보행안전,2005,7.3,200,1,N,37.487981,127.019415,37.489391,127.018785,일방11,서울특별시 서초구청,02-2155-7185,2025-12-08,3210000,서울특별시 서초구
서울특별시,서초구,남부순환로339길,보행안전,1998,3.3,100,1,N,37.486174,127.022442,37.485908,127.021571,일방10,서울특별시 서초구청,02-2155-7185,2025-12-08,3210000,서울특별시 서초구
서울특별시,서초구,남부순환로337가길,보행안전,1999,3,37,1,N,37.484898,127.023943,37.484774,127.024219,일방9,서울특별시 서초구청,02-2155-7185,2025-12-08,3210000,서울특별시 서초구
서울특별시,서초구,남부순환로337가길,보행안전,1999,3.8,120,1,N,37.484111,127.022853,37.484127,127.023691,일방8,서울특별시 서초구청,02-2155-7185,2025-12-08,3210000,서울특별시 서초구
서울특별시,서초구,남부순환로337가길,보행안전,1999,3.2,80,1,N,37.483741,127.022368,37.483606,127.021609,일방7,서울특별시 서초구청,02-2155-7185,2025-12-08,3210000,서울특별시 서초구
서울특별시,서초구,서초중앙로2길,보행안전,1998,3,60,1,N,37.484885,127.021662,37.484909,127.021092,일방6,서울특별시 서초구청,02-2155-7185,2025-12-08,3210000,서울특별시 서초구
서울특별시,서초구,남부순환로335길,보행안전,1999,4.5,225,1,N,37.484398,127.021934,37.483149,127.020423,일방5,서울특별시 서초구청,02-2155-7185,2025-12-08,3210000,서울특별시 서초구
서울특별시,서초구,남부순환로333길,보행안전,1999,8.5,293,1,N,37.483490,127.020240,37.484690,127.021670,일방4,서울특별시 서초구청,02-2155-7185,2025-12-08,3210000,서울특별시 서초구
서울특별시,서초구,남부순환로333길,보행안전,1999,5.3,166,1,N,37.482840,127.020340,37.484070,127.019810,일방3,서울특별시 서초구청,02-2155-7185,2025-12-08,3210000,서울특별시 서초구
서울특별시,서초구,남부순환로331길,보행안전,1999,5.5,135,1,N,37.482924,127.018788,37.483617,127.019806,일방2,서울특별시 서초구청,02-2155-7185,2025-12-08,3210000,서울특별시 서초구
서울특별시,서초구,남부순환로331길,보행안전,1999,3.5,95,1,N,37.482982,127.018328,37.482637,127.018721,일방1,서울특별시 서초구청,02-2155-7185,2025-12-08,3210000,서울특별시 서초구
전라남도,강진군,보은로3길,,,8,220,1,N,34.640095,126.769782,34.639749,126.770307,,전라남도 강진군청,061-430-3436,2025-12-08,4920000,전라남도 강진군
전라남도,강진군,영랑로2길,,,8,220,1,N,34.639083,126.771712,34.637816,126.769437,,전라남도 강진군청,061-430-3436,2025-12-08,4920000,전라남도 강진군
전라남도,강진군,영랑로4길,,,8,220,1,N,34.6393699,126.7686616,34.638668,126.768699,,전라남도 강진군청,061-430-3436,2025-12-08,4920000,전라남도 강진군
서울특별시,서초구,효령로4길,보행안전,1999,6,180,1,N,37.476853,126.986716,37.476264,126.988835,일방98,서울특별시 서초구청,02-2155-7185,2025-12-08,3210000,서울특별시 서초구
서울특별시,서초구,방배로4길6길8길10길,보행안전,1998,6,550,1,N,37.477022,127.000986,37.480941,126.998565,일방97,서울특별시 서초구청,02-2155-7185,2025-12-08,3210000,서울특별시 서초구
서울특별시,서초구,도구로9길,보행안전,2003,6,185,1,N,37.482088,126.985786,37.482491,126.987198,일방96,서울특별시 서초구청,02-2155-7185,2025-12-08,3210000,서울특별시 서초구
서울특별시,서초구,방배천로24길,보행안전,1998,6,220,1,N,37.484626,126.983375,37.484857,126.985851,일방95,서울특별시 서초구청,02-2155-7185,2025-12-08,3210000,서울특별시 서초구
서울특별시,서초구,효령로7길,보행안전,1998,6,60,1,N,37.478404,126.987543,37.478105,126.987758,일방94,서울특별시 서초구청,02-2155-7185,2025-12-08,3210000,서울특별시 서초구
서울특별시,서초구,효령로,보행안전,1998,6,50,1,N,37.478267,126.988179,37.478592,126.988113,일방93,서울특별시 서초구청,02-2155-7185,2025-12-08,3210000,서울특별시 서초구
서울특별시,서초구,방배천로4안길,보행안전,1998,6,450,1,N,37.481724,126.983486,37.478245,126.983101,일방92,서울특별시 서초구청,02-2155-7185,2025-12-08,3210000,서울특별시 서초구
서울특별시,서초구,방배천로2안길,보행안전,1999,6,950,1,N,37.477966,126.983731,37.482584,126.983978,일방91,서울특별시 서초구청,02-2155-7185,2025-12-08,3210000,서울특별시 서초구
서울특별시,서초구,효령로29길,보행안전,1999,6,400,1,N,37.484980,126.993720,37.481680,126.995860,일방90,서울특별시 서초구청,02-2155-7185,2025-12-08,3210000,서울특별시 서초구
서울특별시,서초구,서초대로14길,보행안전,1999,6,680,1,N,37.485585,126.989511,37.480146,126.992954,일방89,서울특별시 서초구청,02-2155-7185,2025-12-08,3210000,서울특별시 서초구
서울특별시,서초구,방배로18길,보행안전,1999,6,110,1,N,37.486007,126.998098,37.481762,126.995901,일방88,서울특별시 서초구청,02-2155-7185,2025-12-08,3210000,서울특별시 서초구
서울특별시,서초구,서초대로22길,보행안전,1998,6,130,1,N,37.486911,126.992703,37.481762,126.995901,일방87,서울특별시 서초구청,02-2155-7185,2025-12-08,3210000,서울특별시 서초구
서울특별시,서초구,방배로,보행안전,1998,6,80,1,N,37.482141,126.996391,37.481842,126.997023,일방86,서울특별시 서초구청,02-2155-7185,2025-12-08,3210000,서울특별시 서초구
서울특별시,서초구,효령로31길서초대로24길,보행안전,1998,6,530,1,N,37.481442,126.996931,37.487255,126.993194,일방85,서울특별시 서초구청,02-2155-7185,2025-12-08,3210000,서울특별시 서초구
서울특별시,서초구,방배로15길,보행안전,1999,6,360,1,N,37.482702,126.992241,37.484154,126.995601,일방84,서울특별시 서초구청,02-2155-7185,2025-12-08,3210000,서울특별시 서초구
서울특별시,서초구,서초대로34길,보행안전,2022,4.3,91,1,N,37.488644,126.997409,37.488497,126.998438,일방83,서울특별시 서초구청,02-2155-7185,2025-12-08,3210000,서울특별시 서초구
서울특별시,서초구,방배중앙로29길,보행안전,1998,7.4,195,1,N,37.496520,126.983250,37.496610,126.985390,일방82,서울특별시 서초구청,02-2155-7185,2025-12-08,3210000,서울특별시 서초구
서울특별시,서초구,방배로37길,보행안전,1998,6,130,1,N,37.493912,126.987261,37.493385,126.988131,일방81,서울특별시 서초구청,02-2155-7185,2025-12-08,3210000,서울특별시 서초구
서울특별시,서초구,동광로11길,보행안전,1999,6,400,1,N,37.495085,126.985299,37.491298,126.986327,일방80,서울특별시 서초구청,02-2155-7185,2025-12-08,3210000,서울특별시 서초구
서울특별시,서초구,동광로3길,보행안전,1999,6,525,1,N,37.492185,126.984516,37.496311,126.984609,일방79,서울특별시 서초구청,02-2155-7185,2025-12-08,3210000,서울특별시 서초구
서울특별시,서초구,동광로1길,보행안전,1999,6,200,1,N,37.496316,126.983724,37.491929,126.983585,일방78,서울특별시 서초구청,02-2155-7185,2025-12-08,3210000,서울특별시 서초구
서울특별시,서초구,동작대로50길,보행안전,1999,6,310,1,N,37.496348,126.983234,37.496444,126.985273,일방77,서울특별시 서초구청,02-2155-7185,2025-12-08,3210000,서울특별시 서초구
서울특별시,서초구,사평대로2길방배중앙로,보행안전,1998,6,280,1,N,37.498172,126.986406,37.497374,126.983811,일방76,서울특별시 서초구청,02-2155-7185,2025-12-08,3210000,서울특별시 서초구
서울특별시,서초구,서래로7길,보행안전,1998,6,170,1,N,37.498833,126.997174,37.498734,126.998171,일방75,서울특별시 서초구청,02-2155-7185,2025-12-08,3210000,서울특별시 서초구
서울특별시,서초구,사평대로28길,보행안전,2004,6,120,1,N,37.497127,127.000378,37.496914,127.000309,일방74,서울특별시 서초구청,02-2155-7185,2025-12-08,3210000,서울특별시 서초구
서울특별시,서초구,서초중앙로,보행안전,1998,6,30,1,N,37.503499,127.010721,37.503286,127.010521,일방73,서울특별시 서초구청,02-2155-7185,2025-12-08,3210000,서울특별시 서초구
서울특별시,서초구,서초중앙로33길,보행안전,2002,6,110,1,N,37.500672,127.010419,37.501061,127.009719,일방72,서울특별시 서초구청,02-2155-7185,2025-12-08,3210000,서울특별시 서초구
서울특별시,서초구,동광로39길,보행안전,2002,6,720,1,N,37.495861,126.999706,37.498958,126.999844,일방71,서울특별시 서초구청,02-2155-7185,2025-12-08,3210000,서울특별시 서초구
서울특별시,서초구,사평대로26길,보행안전,2002,6,720,1,N,37.499525,126.999203,37.496181,126.999131,일방70,서울특별시 서초구청,02-2155-7185,2025-12-08,3210000,서울특별시 서초구
서울특별시,서초구,사평대로22길,보행안전,2002,6,120,1,N,37.495986,126.997628,37.495159,126.997629,일방69,서울특별시 서초구청,02-2155-7185,2025-12-08,3210000,서울특별시 서초구
서울특별시,서초구,서래로5길,보행안전,2002,6,195,1,N,37.497895,126.998092,37.497981,126.995633,일방68,서울특별시 서초구청,02-2155-7185,2025-12-08,3210000,서울특별시 서초구
서울특별시,서초구,신반포로15길,보행안전,2025,4.2,170,1,N,37.504922,126.994090,37.505880,126.995800,일방67,서울특별시 서초구청,02-2155-7185,2025-12-08,3210000,서울특별시 서초구
서울특별시,서초구,강남대로89길,보행안전,1998,6,180,1,N,37.509335,127.020648,37.509475,127.020851,일방66,서울특별시 서초구청,02-2155-7185,2025-12-08,3210000,서울특별시 서초구
서울특별시,서초구,강남대로,보행안전,1998,6,120,1,N,37.510514,127.021121,37.510257,127.020143,일방65,서울특별시 서초구청,02-2155-7185,2025-12-08,3210000,서울특별시 서초구
서울특별시,서초구,신반포로,보행안전,1998,6,80,1,N,37.509724,127.019789,37.510247,127.019545,일방64,서울특별시 서초구청,02-2155-7185,2025-12-08,3210000,서울특별시 서초구
서울특별시,서초구,사평대로53길,보행안전,2001,6,485,1,N,37.505645,127.021523,37.509558,127.019771,일방63,서울특별시 서초구청,02-2155-7185,2025-12-08,3210000,서울특별시 서초구
서울특별시,서초구,사평대로55길,보행안전,2001,7.4,460,1,N,37.510257,127.020147,37.506123,127.022059,일방62,서울특별시 서초구청,02-2155-7185,2025-12-08,3210000,서울특별시 서초구
서울특별시,서초구,강남대로107길,보행안전,1998,5.2,60,1,N,37.518158,127.017697,37.517863,127.017302,일방61,서울특별시 서초구청,02-2155-7185,2025-12-08,3210000,서울특별시 서초구
서울특별시,서초구,강남대로101안길,보행안전,1998,6,170,1,N,37.515840,127.016370,37.516510,127.018010,일방60,서울특별시 서초구청,02-2155-7185,2025-12-08,3210000,서울특별시 서초구
서울특별시,서초구,신반포로47길,보행안전,1998,6,50,1,N,37.512110,127.019030,37.511840,127.018590,일방59,서울특별시 서초구청,02-2155-7185,2025-12-08,3210000,서울특별시 서초구
서울특별시,서초구,나루터로,보행안전,1998,3,185,1,N,37.516055,127.012001,37.515045,127.010668,일방58,서울특별시 서초구청,02-2155-7185,2025-12-08,3210000,서울특별시 서초구
서울특별시,서초구,나루터로,보행안전,1998,4.9,50,1,N,37.516041,127.017615,37.515694,127.017793,일방57,서울특별시 서초구청,02-2155-7185,2025-12-08,3210000,서울특별시 서초구
서울특별시,서초구,강남대로109길,보행안전,1999,6.8,220,1,N,37.515422,127.016014,37.516661,127.018378,일방56,서울특별시 서초구청,02-2155-7185,2025-12-08,3210000,서울특별시 서초구
서울특별시,서초구,나루터로15길,보행안전,1999,4.5,200,1,N,37.515907,127.018469,37.517222,127.017753,일방55,서울특별시 서초구청,02-2155-7185,2025-12-08,3210000,서울특별시 서초구
서울특별시,서초구,강남대로109길,보행안전,1999,3.7,320,1,N,37.517741,127.017091,37.515216,127.015969,일방54,서울특별시 서초구청,02-2155-7185,2025-12-08,3210000,서울특별시 서초구
서울특별시,서초구,잠원로,보행안전,2018,7.6,103,1,N,37.512215,127.010667,37.511319,127.010997,일방53,서울특별시 서초구청,02-2155-7185,2025-12-08,3210000,서울특별시 서초구
서울특별시,서초구,잠원로,보행안전,1998,4.5,93,1,N,37.520497,127.013735,37.520707,127.014416,일방52,서울특별시 서초구청,02-2155-7185,2025-12-08,3210000,서울특별시 서초구
서울특별시,서초구,잠원로12길,보행안전,1999,5,110,1,N,37.517064,127.011644,37.516266,127.012279,일방51,서울특별시 서초구청,02-2155-7185,2025-12-08,3210000,서울특별시 서초구
서울특별시,서초구,강남대로97길,보행안전,1998,5.6,105,1,N,37.513235,127.017257,37.514067,127.017221,일방50,서울특별시 서초구청,02-2155-7185,2025-12-08,3210000,서울특별시 서초구
서울특별시,서초구,강남대로99길,보행안전,1999,6.9,310,1,N,37.515515,127.019341,37.514611,127.016363,일방49,서울특별시 서초구청,02-2155-7185,2025-12-08,3210000,서울특별시 서초구
서울특별시,서초구,강남대로97길,보행안전,1999,7.5,265,1,N,37.513936,127.016234,37.514793,127.018791,일방48,서울특별시 서초구청,02-2155-7185,2025-12-08,3210000,서울특별시 서초구
서울특별시,서초구,강남대로95길,보행안전,1998,5.8,215,1,N,37.512773,127.018093,37.513568,127.016311,일방47,서울특별시 서초구청,02-2155-7185,2025-12-08,3210000,서울특별시 서초구
서울특별시,서초구,신반포로45길,보행안전,1999,7.1,140,1,N,37.513227,127.016058,37.511811,127.018518,일방46,서울특별시 서초구청,02-2155-7185,2025-12-08,3210000,서울특별시 서초구
서울특별시,서초구,강남대로91길,보행안전,1998,6.1,130,1,N,37.512197,127.020291,37.512083,127.019225,일방45,서울특별시 서초구청,02-2155-7185,2025-12-08,3210000,서울특별시 서초구
서울특별시,서초구,나루터로8길,보행안전,1999,4.1,580,1,N,37.514866,127.015895,37.509891,127.016468,일방44,서울특별시 서초구청,02-2155-7185,2025-12-08,3210000,서울특별시 서초구
서울특별시,서대문구,세무서5길,,,4,195,1,N,37.591630,126.944820,37.590370,126.946150,,서울특별시 서대문구,02-330-1835,2025-09-09,3120000,서울특별시 서대문구
서울특별시,서대문구,세검정로3길,,,4,323,1,N,37.593990,126.947430,37.591970,126.944800,,서울특별시 서대문구,02-330-1835,2025-09-09,3120000,서울특별시 서대문구
서울특별시,서대문구,포방터길,,,4,200,1,Y,37.598180,126.949030,37.596990,126.950480,,서울특별시 서대문구,02-330-1835,2025-09-09,3120000,서울특별시 서대문구
서울특별시,서대문구,증가로4길,,,4,310,1,Y,37.578390,126.929800,37.577150,126.926660,,서울특별시 서대문구,02-330-1835,2025-09-09,3120000,서울특별시 서대문구
서울특별시,서대문구,증가로6길,,,4,180,1,N,37.577670,126.927520,37.578370,126.926940,,서울특별시 서대문구,02-330-1835,2025-09-09,3120000,서울특별시 서대문구
경기도,포천시,청신로2097번길,,,11,1080,1,N,37.940377,127.225457,37.940479,127.225441,,경기도 포천시청,031-538-3333,2024-11-15,5600000,경기도 포천시
경기도,포천시,신읍4길,,,4,90,1,N,37.896151,127.197305,37.895509,127.196666,,경기도 포천시청,031-538-3333,2024-11-15,5600000,경기도 포천시
경기도,포천시,중앙로119번길,,,4,220,1,N,37.897101,127.202894,37.897811,127.200521,,경기도 포천시청,031-538-3333,2024-11-15,5600000,경기도 포천시
경기도,포천시,솔모루로58번길,,,4,80,1,N,37.827193,127.145925,37.827457,127.145069,,경기도 포천시청,031-538-3333,2024-11-15,5600000,경기도 포천시
경기도,포천시,중앙로78번길,,,4,350,1,N,37.895917,127.202274,37.893653,127.200316,,경기도 포천시청,031-538-3333,2024-11-15,5600000,경기도 포천시
경기도,포천시,운천로,,,4,520,1,N,38.091459,127.274276,38.090745,127.266805,,경기도 포천시청,031-538-3333,2024-11-15,5600000,경기도 포천시
서울특별시,중랑구,용마산로125길,,,3,290,1,Y,37.602925,127.100718,37.605358,127.100864,,서울특별시 중랑구청,02-2094-2584,2025-08-25,3060000,서울특별시 중랑구
서울특별시,중랑구,용마산로125길,,,3,290,1,Y,37.605368,127.100816,37.602903,127.100550,,서울특별시 중랑구청,02-2094-2584,2025-08-25,3060000,서울특별시 중랑구
서울특별시,중랑구,신내로7길,,,3,230,1,Y,37.603149,127.095844,37.603161,127.095892,,서울특별시 중랑구청,02-2094-2584,2025-08-25,3060000,서울특별시 중랑구
서울특별시,중랑구,송림길,,,12,260,1,N,37.601037,127.097052,37.502083,127.099739,,서울특별시 중랑구청,02-2094-2584,2025-08-25,3060000,서울특별시 중랑구
서울특별시,중랑구,중랑천로,,,6,110,1,Y,37.602251,127.074239,37.600512,127.073789,,서울특별시 중랑구청,02-2094-2584,2025-08-25,3060000,서울특별시 중랑구
서울특별시,중랑구,상봉로31길,,,12,230,3,Y,37.597215,127.092825,37.596068,127.090370,,서울특별시 중랑구청,02-2094-2584,2025-08-25,3060000,서울특별시 중랑구
서울특별시,중랑구,상봉로25가길,,,6,100,1,N,37.596023,127.090324,37.594958,127.091517,,서울특별시 중랑구청,02-2094-2584,2025-08-25,3060000,서울특별시 중랑구
서울특별시,중랑구,면목로85길,,,6,220,1,N,37.592772,127.083772,37.593319,127.086260,,서울특별시 중랑구청,02-2094-2584,2025-08-25,3060000,서울특별시 중랑구
서울특별시,중랑구,면목로85길,,,6,130,1,N,37.593171,127.085499,37.594342,127.085185,,서울특별시 중랑구청,02-2094-2584,2025-08-25,3060000,서울특별시 중랑구
서울특별시,중랑구,동일로112길,,,6,160,1,N,37.593729,127.085321,37.593308,127.083570,,서울특별시 중랑구청,02-2094-2584,2025-08-25,3060000,서울특별시 중랑구
서울특별시,중랑구,상봉중앙로8나길,,,4,150,1,Y,37.600482,127.091225,37.601128,127.091068,,서울특별시 중랑구청,02-2094-2584,2025-08-25,3060000,서울특별시 중랑구
서울특별시,중랑구,상봉중앙로,,,3,180,1,Y,37.600068,127.087556,37.598412,127.087725,,서울특별시 중랑구청,02-2094-2584,2025-08-25,3060000,서울특별시 중랑구
서울특별시,중랑구,상봉중앙로,,,3,180,1,Y,37.598490,127.087919,37.600068,127.087556,,서울특별시 중랑구청,02-2094-2584,2025-08-25,3060000,서울특별시 중랑구
서울특별시,중랑구,중랑역로47길,,,4,140,1,N,37.614788,127.075301,37.615359,127.073717,,서울특별시 중랑구청,02-2094-2584,2025-08-25,3060000,서울특별시 중랑구
경기도,의정부시,호국로1298번길,통행원활,,6,116,1,N,37.742576,127.048293,37.742635,127.049594,,경기도 의정부시청,031-828-4842,2025-06-30,3820000,경기도 의정부시
경기도,의정부시,호국로1298번길,통행원활,,6,396,1,N,37.743535,127.048197,37.739776,127.048411,,경기도 의정부시청,031-828-4842,2025-06-30,3820000,경기도 의정부시
경기도,의정부시,가능로152번길,통행원활,,6,113,1,N,37.745653,127.048127,37.745679,127.0494301,,경기도 의정부시청,031-828-4842,2025-06-30,3820000,경기도 의정부시
경기도,의정부시,태평로155번길,통행원활,,6,113,1,N,37.746133,127.049388,37.746116,127.048116,,경기도 의정부시청,031-828-4842,2025-06-30,3820000,경기도 의정부시
경기도,의정부시,흥선로167번길,통행원활,,6,318,1,N,37.740391,127.0454801,37.743471,127.045222,,경기도 의정부시청,031-828-4842,2025-06-30,3820000,경기도 의정부시
경기도,의정부시,호국로1267번길~가능로110번길,통행원활,,6,324,1,N,37.744803,127.044718,37.746822,127.043302,,경기도 의정부시청,031-828-4842,2025-06-30,3820000,경기도 의정부시
경기도,의정부시,흥선로128번길~시민로53번길,통행원활,,6,259,1,N,37.740658,127.041134,37.738363,127.041167,,경기도 의정부시청,031-828-4842,2025-06-30,3820000,경기도 의정부시
경기도,의정부시,둔야로33번길,통행원활,,6,115,1,N,37.738979,127.039187,37.739967,127.039149,,경기도 의정부시청,031-828-4842,2025-06-30,3820000,경기도 의정부시
경기도,의정부시,둔야로33번길,통행원활,,6,115,1,N,37.739942,127.038645,37.738953,127.0387101,,경기도 의정부시청,031-828-4842,2025-06-30,3820000,경기도 의정부시
경기도,의정부시,시민로19번길,통행원활,,6,131,1,N,37.739214,127.0366901,37.739263,127.038141,,경기도 의정부시청,031-828-4842,2025-06-30,3820000,경기도 의정부시
경기도,의정부시,둔야로45번길,통행원활,,6,131,1,N,37.73998885,127.0380864,37.73993522,127.0367193,,경기도 의정부시청,031-828-4842,2025-06-30,3820000,경기도 의정부시
경기도,의정부시,둔야로61번길,통행원활,,6,169,1,N,37.741397,127.036843,37.741405,127.038822,,경기도 의정부시청,031-828-4842,2025-06-30,3820000,경기도 의정부시
경기도,의정부시,흥선로92번길,통행원활,,6,169,1,N,37.74189978,127.038839,37.74184408,127.0369386,,경기도 의정부시청,031-828-4842,2025-06-30,3820000,경기도 의정부시
경기도,의정부시,흥선로82번길,통행원활,,6,110,1,N,37.741833,127.036886,37.742402,127.035797,,경기도 의정부시청,031-828-4842,2025-06-30,3820000,경기도 의정부시
경기도,의정부시,의정로110번길,통행원활,,6,198,1,N,37.742559,127.034772,37.7412901,127.036467,,경기도 의정부시청,031-828-4842,2025-06-30,3820000,경기도 의정부시
서울특별시,강서구,양천로,,,5,150,1,Y,37.55558500,126.86519800,37.55693800,126.86569600,,서울특별시 강서구청,02-2600-4136,2025-05-20,3150000,서울특별시 강서구
서울특별시,강서구,양천로,,,5,145,1,Y,37.55695700,126.86563500,37.55616800,126.86434700,,서울특별시 강서구청,02-2600-4136,2025-05-20,3150000,서울특별시 강서구
서울특별시,강서구,개화동로27나길,,,7.5,200,1,Y,37.56427100,126.80721300,37.56527600,126.80859600,,서울특별시 강서구청,02-2600-4136,2025-05-20,3150000,서울특별시 강서구
서울특별시,강서구,개화동로5길,,,5.5,930,1,N,37.58214400,126.79851300,37.57518000,126.80310000,,서울특별시 강서구청,02-2600-4136,2025-05-20,3150000,서울특별시 강서구
서울특별시,강서구,초원로,,,5.5,100,1,N,37.56678600,126.80694100,37.56770900,126.80693800,,서울특별시 강서구청,02-2600-4136,2025-05-20,3150000,서울특별시 강서구
경기도,안산시,관산2길,,,6,70,1,N,37.330275,126.796529,37.330228,126.797207,,경기도 안산시 단원구 도로교통과,031-481-6295,2025-08-29,3930000,경기도 안산시
경기도,안산시,관산2길,,,6,440,1,N,37.332535,126.797451,37.328746,126.797668,,경기도 안산시 단원구 도로교통과,031-481-6295,2025-08-29,3930000,경기도 안산시
경기도,안산시,관산1길,,,6,80,1,N,37.330715,126.797194,37.330657,126.796512,,경기도 안산시 단원구 도로교통과,031-481-6295,2025-08-29,3930000,경기도 안산시
경기도,안산시,관산1길,,,6,230,1,N,37.330601,126.796798,37.332568,126.796922,,경기도 안산시 단원구 도로교통과,031-481-6295,2025-08-29,3930000,경기도 안산시
경기도,안산시,중앙대로,,,8,450,1,Y,37.328977,126.788531,37.327861,126.790734,,경기도 안산시 단원구 도로교통과,031-481-6295,2025-08-29,3930000,경기도 안산시
경기도,안산시,부부로,,,10,320,2,Y,37.331494,126.790182,37.328977,126.788531,,경기도 안산시 단원구 도로교통과,031-481-6295,2025-08-29,3930000,경기도 안산시
경기도,안산시,원곡공원로,,,15,260,1,Y,37.332701,126.794168,37.333454,126.791854,,경기도 안산시 단원구 도로교통과,031-481-6295,2025-08-29,3930000,경기도 안산시
경기도,안산시,본삼로,,,8,170,1,Y,37.301246,126.865042,37.301246,126.865042,,경기도 안산시 상록구 도로교통과,031-481-5579,2025-08-29,3930000,경기도 안산시
경기도,안산시,석삼말길,,,8,130,1,N,37.307408,126.865719,37.307985,126.865613,,경기도 안산시 상록구 도로교통과,031-481-5579,2025-08-29,3930000,경기도 안산시
경기도,안산시,석호공원로4길,,,8,120,1,N,37.301293,126.851975,37.300415,126.851927,,경기도 안산시 상록구 도로교통과,031-481-5579,2025-08-29,3930000,경기도 안산시
경기도,안산시,석호공원로4길,,,8,346,1,Y,37.301358,126.851441,37.301299,126.852232,,경기도 안산시 상록구 도로교통과,031-481-5579,2025-08-29,3930000,경기도 안산시
경기도,안산시,안산천서로5길,,,8,200,1,N,37.335277,126.847278,37.336477,126.848423,,경기도 안산시 상록구 도로교통과,031-481-5579,2025-08-29,3930000,경기도 안산시
경기도,안산시,이화5길,,,6,150,1,N,37.301038,126.855121,37.300552,126.854916,,경기도 안산시 상록구 도로교통과,031-481-5579,2025-08-29,3930000,경기도 안산시
경기도,안산시,이화4길,,,8,199,1,N,37.299704,126.855478,37.301294,126.855576,,경기도 안산시 상록구 도로교통과,031-481-5579,2025-08-29,3930000,경기도 안산시
경기도,안산시,이화2길,,,8,521,1,N,37.297081,126.857878,37.297198,126.857817,,경기도 안산시 상록구 도로교통과,031-481-5579,2025-08-29,3930000,경기도 안산시
경기도,안산시,이화1길,,,8,600,1,N,37.298029,126.856686,37.302028,126.855649,,경기도 안산시 상록구 도로교통과,031-481-5579,2025-08-29,3930000,경기도 안산시
경기도,안산시,이화1길,,,6,68,1,N,37.297379,126.857585,37.297407,126.856958,,경기도 안산시 상록구 도로교통과,031-481-5579,2025-08-29,3930000,경기도 안산시
서울특별시,강서구,강서로,,,4,40,1,Y,37.53110100,126.84642300,37.53128600,126.84689300,,서울특별시 강서구청,02-2600-4136,2025-05-20,3150000,서울특별시 강서구
서울특별시,강서구,곰달래로18길,,,5.5,200,1,N,37.52973800,126.84136800,37.52831700,126.84148600,,서울특별시 강서구청,02-2600-4136,2025-05-20,3150000,서울특별시 강서구
서울특별시,강서구,곰달래로20길,,,5.5,200,1,N,37.52837600,126.84290200,37.53023200,126.84275600,,서울특별시 강서구청,02-2600-4136,2025-05-20,3150000,서울특별시 강서구
서울특별시,강서구,곰달래로22길,,,5.5,200,1,N,37.53032200,126.84416100,37.52846700,126.84430400,,서울특별시 강서구청,02-2600-4136,2025-05-20,3150000,서울특별시 강서구
서울특별시,강서구,곰달래로24길,,,7.5,100,1,N,37.52963800,126.84711100,37.53047500,126.84667700,,서울특별시 강서구청,02-2600-4136,2025-05-20,3150000,서울특별시 강서구
서울특별시,강서구,국회대로,,,5.5,145,1,N,37.52690200,126.84161700,37.52821600,126.84149600,,서울특별시 강서구청,02-2600-4136,2025-05-20,3150000,서울특별시 강서구
서울특별시,강서구,국회대로,,,5.5,125,1,N,37.52826500,126.84291200,37.52715100,126.84313700,,서울특별시 강서구청,02-2600-4136,2025-05-20,3150000,서울특별시 강서구
서울특별시,강서구,국회대로,,,5.5,105,1,N,37.52738100,126.84451900,37.52835600,126.84431600,,서울특별시 강서구청,02-2600-4136,2025-05-20,3150000,서울특별시 강서구
서울특별시,강서구,국회대로,,,5.5,90,1,N,37.52841700,126.84585300,37.52759400,126.84591800,,서울특별시 강서구청,02-2600-4136,2025-05-20,3150000,서울특별시 강서구
서울특별시,강서구,곰달래로19길,,,7.5,235,1,N,37.53166100,126.84231600,37.53033300,126.84244200,,서울특별시 강서구청,02-2600-4136,2025-05-20,3150000,서울특별시 강서구
서울특별시,강서구,곰달래로15길,,,5.5,235,1,N,37.53014900,126.83974300,37.53225500,126.83934100,,서울특별시 강서구청,02-2600-4136,2025-05-20,3150000,서울특별시 강서구
서울특별시,강서구,공항대로65길,,,7.5,190,1,Y,37.55161600,126.86803600,37.55017000,126.86744000,,서울특별시 강서구청,02-2600-4136,2025-05-20,3150000,서울특별시 강서구
서울특별시,강서구,양천로,,,7.5,100,1,Y,37.55245000,126.86833000,37.55325600,126.86905200,,서울특별시 강서구청,02-2600-4136,2025-05-20,3150000,서울특별시 강서구
서울특별시,강서구,양천로73가길,,,5.5,420,1,N,37.54979800,126.87679900,37.55141500,126.87268100,,서울특별시 강서구청,02-2600-4136,2025-05-20,3150000,서울특별시 강서구
서울특별시,강서구,공항대로61길,,,5.5,160,1,Y,37.55215400,126.86803600,37.55297700,126.86650500,,서울특별시 강서구청,02-2600-4136,2025-05-20,3150000,서울특별시 강서구
서울특별시,강서구,양천로,,,4,125,1,N,37.55459400,126.86647900,37.55466300,126.86755700,,서울특별시 강서구청,02-2600-4136,2025-05-20,3150000,서울특별시 강서구
경기도,안산시,이화1길,,,4,84,1,N,37.297852,126.856882,37.297771,126.857606,,경기도 안산시 상록구 도로교통과,031-481-5579,2025-08-29,3930000,경기도 안산시
경기도,안산시,이화6길,,,4,94,1,Y,37.300203,126.856814,37.300258,126.857792,,경기도 안산시 상록구 도로교통과,031-481-5579,2025-08-29,3930000,경기도 안산시
경기도,안산시,이화3길,,,6,410,1,N,37.301551,126.857797,37.301571,126.856834,,경기도 안산시 상록구 도로교통과,031-481-5579,2025-08-29,3930000,경기도 안산시
경기도,안산시,이화3길,,,6,94,1,N,37.298205,126.857618,37.298205,126.857618,,경기도 안산시 상록구 도로교통과,031-481-5579,2025-08-29,3930000,경기도 안산시
경기도,안산시,이화3길,,,6,94,1,N,37.298519,126.856713,37.298456,126.857592,,경기도 안산시 상록구 도로교통과,031-481-5579,2025-08-29,3930000,경기도 안산시
경기도,안산시,이화3길,,,6,94,1,N,37.299906,126.857705,37.299915,126.856799,,경기도 안산시 상록구 도로교통과,031-481-5579,2025-08-29,3930000,경기도 안산시
경기도,안산시,이화3길,,,6,94,1,N,37.299863,126.857701,37.299895,126.856785,,경기도 안산시 상록구 도로교통과,031-481-5579,2025-08-29,3930000,경기도 안산시
경기도,안산시,이화3길,,,6,94,1,N,37.300678,126.856803,37.300659,126.857749,,경기도 안산시 상록구 도로교통과,031-481-5579,2025-08-29,3930000,경기도 안산시
경기도,안산시,이화3길,,,6,94,1,N,37.301026,126.856853,37.301027,126.857754,,경기도 안산시 상록구 도로교통과,031-481-5579,2025-08-29,3930000,경기도 안산시
경기도,안산시,이화3길,,,6,94,1,N,37.301551,126.857799,37.301579,126.856849,,경기도 안산시 상록구 도로교통과,031-481-5579,2025-08-29,3930000,경기도 안산시
경기도,안산시,용신로,,,8,145,1,N,37.302061,126.861158,37.302002,126.862307,,경기도 안산시 상록구 도로교통과,031-481-5579,2025-08-29,3930000,경기도 안산시
경기도,안산시,정재로10길,,,8,174,1,N,37.337216,126.865262,37.336349,126.865601,,경기도 안산시 상록구 도로교통과,031-481-5579,2025-08-29,3930000,경기도 안산시
경기도,안산시,정재로10안길,,,6,87,1,N,37.336511,126.865133,37.337119,126.865461,,경기도 안산시 상록구 도로교통과,031-481-5579,2025-08-29,3930000,경기도 안산시
경기도,안산시,정재로10안길,,,6,98,1,N,37.337551,126.864586,37.336875,126.864172,,경기도 안산시 상록구 도로교통과,031-481-5579,2025-08-29,3930000,경기도 안산시
경기도,안산시,부루지3길,,,6,185,1,N,37.328635,126.851958,37.330041,126.852346,,경기도 안산시 상록구 도로교통과,031-481-5579,2025-08-29,3930000,경기도 안산시
경기도,안산시,부루지2길,,,8,359,1,N,37.328651,126.851444,37.331243,126.852601,,경기도 안산시 상록구 도로교통과,031-481-5579,2025-08-29,3930000,경기도 안산시
경기도,안산시,부루지4길,,,6,365,1,N,37.328623,126.852204,37.331608,126.852702,,경기도 안산시 상록구 도로교통과,031-481-5579,2025-08-29,3930000,경기도 안산시
경기도,안산시,부루지1길,,,6,395,1,N,37.330267,126.851619,37.328664,126.850937,,경기도 안산시 상록구 도로교통과,031-481-5579,2025-08-29,3930000,경기도 안산시
경기도,안산시,샘골동길,,,8,766,1,Y,37.300696,126.863557,37.293768,126.863226,,경기도 안산시 상록구 도로교통과,031-481-5579,2025-08-29,3930000,경기도 안산시
경기도,안산시,샘골로,,,8,842.6,1,Y,37.300714,126.863064,37.293782,126.862711,,경기도 안산시 상록구 도로교통과,031-481-5579,2025-08-29,3930000,경기도 안산시
경기도,안산시,샘골서길,,,8,1030,1,N,37.300706,126.863052,37.293799,126.862543,,경기도 안산시 상록구 도로교통과,031-481-5579,2025-08-29,3930000,경기도 안산시
경기도,안산시,구룡로,,,6,104,1,N,37.311641,126.866866,37.312239,126.866148,,경기도 안산시 상록구 도로교통과,031-481-5579,2025-08-29,3930000,경기도 안산시
경기도,안산시,구룡로,,,6,91,1,N,37.311965,126.865858,37.311385,126.866481,,경기도 안산시 상록구 도로교통과,031-481-5579,2025-08-29,3930000,경기도 안산시
경기도,안산시,성호로3길,,,6,110,1,Y,37.312363,126.866272,37.311777,126.867087,,경기도 안산시 상록구 도로교통과,031-481-5579,2025-08-29,3930000,경기도 안산시
경기도,안산시,호동8길,,,5,112,1,N,37.314751,126.865824,37.314123,126.865262,,경기도 안산시 상록구 도로교통과,031-481-5579,2025-08-29,3930000,경기도 안산시
경기도,안산시,호동7길,,,6,110,1,N,37.314589,126.864531,37.315242,126.865237,,경기도 안산시 상록구 도로교통과,031-481-5579,2025-08-29,3930000,경기도 안산시
경기도,안산시,도매시장로5길,,,6,170,1,N,37.313611,126.864549,37.314694,126.864383,,경기도 안산시 상록구 도로교통과,031-481-5579,2025-08-29,3930000,경기도 안산시
경기도,안산시,도매시장로3길,,,6,117,1,N,37.313983,126.863653,37.313208,126.864881,,경기도 안산시 상록구 도로교통과,031-481-5579,2025-08-29,3930000,경기도 안산시
경기도,안산시,호동1길,,,6,100,1,N,37.313288,126.863214,37.313862,126.863851,,경기도 안산시 상록구 도로교통과,031-481-5579,2025-08-29,3930000,경기도 안산시
경기도,안산시,호동3길,,,6,100,1,N,37.313398,126.864495,37.312871,126.863953,,경기도 안산시 상록구 도로교통과,031-481-5579,2025-08-29,3930000,경기도 안산시
경기도,안산시,수암길,,,8,102,1,N,37.361818,126.881339,37.361339,126.881098,,경기도 안산시 상록구 도로교통과,031-481-5579,2025-08-29,3930000,경기도 안산시
경기도,안산시,수암길,,,8,624,1,N,37.364778,126.882066,37.361808,126.881361,,경기도 안산시 상록구 도로교통과,031-481-5579,2025-08-29,3930000,경기도 안산시
경기도,안산시,원당골4길,,,8,455,1,N,37.364308,126.880536,37.363321,126.880331,,경기도 안산시 상록구 도로교통과,031-481-5579,2025-08-29,3930000,경기도 안산시
경기도,안산시,수암3길,,,8,297,1,N,37.364092,126.881569,37.364571,126.879191,,경기도 안산시 상록구 도로교통과,031-481-5579,2025-08-29,3930000,경기도 안산시
서울특별시,서대문구,북아현로14길,,,4,365,1,N,37.562590,126.955630,37.564280,126.958840,,서울특별시 서대문구,02-330-1835,2025-09-09,3120000,서울특별시 서대문구
서울특별시,서대문구,충정로,,,4,105,1,N,37.562070,126.961890,37.562200,126.963080,,서울특별시 서대문구,02-330-1835,2025-09-09,3120000,서울특별시 서대문구
서울특별시,서대문구,경기대로7길,,,4,300,1,N,37.564360,126.959230,37.563080,126.961990,,서울특별시 서대문구,02-330-1835,2025-09-09,3120000,서울특별시 서대문구
서울특별시,서대문구,충정로11길,,,4,150,1,N,37.565650,126.966100,37.565510,126.964570,,서울특별시 서대문구,02-330-1835,2025-09-09,3120000,서울특별시 서대문구
서울특별시,서대문구,통일로,,,4,87,1,Y,37.568410,126.963880,37.567970,126.963220,,서울특별시 서대문구,02-330-1835,2025-09-09,3120000,서울특별시 서대문구
서울특별시,서대문구,세무서3길,,,4,165,1,N,37.590440,126.944290,37.589370,126.945500,,서울특별시 서대문구,02-330-1835,2025-09-09,3120000,서울특별시 서대문구
서울특별시,서대문구,통일로40길,,,4,110,1,N,37.591100,126.945240,37.590480,126.944290,,서울특별시 서대문구,02-330-1835,2025-09-09,3120000,서울특별시 서대문구
경기도,양주시,옥정서로,,,2,155,1,Y,37.8144203,127.0892789,37.81564948,127.0901533,,경기도 양주시청(교통과),031-8082-6621,2025-09-11,5590000,경기도 양주시
경기도,양주시,광적로42번길,,,4,50,1,Y,37.822953,126.983862,37.822673,126.983391,,경기도 양주시청(교통과),031-8082-6621,2025-09-11,5590000,경기도 양주시
경기도,양주시,광적로30번길,,,4,70,1,Y,37.822335,126.983688,37.822701,126.984335,,경기도 양주시청(교통과),031-8082-6621,2025-09-11,5590000,경기도 양주시
경기도,양주시,광적로30번길,,,4,80,1,Y,37.821293,126.984517,37.821674,126.985292,,경기도 양주시청(교통과),031-8082-6621,2025-09-11,5590000,경기도 양주시
경기도,양주시,광적로 16번길,,,4,100,1,Y,37.821091,126.986032,37.820599,126.985095,,경기도 양주시청(교통과),031-8082-6621,2025-09-11,5590000,경기도 양주시
경기도,양주시,지섬로198번길,,,7,150,1,Y,37.819045,126.981668,37.819936,126.982181,,경기도 양주시청(교통과),031-8082-6621,2025-09-11,5590000,경기도 양주시
경기도,양주시,옥정동로7다길,,,7,530,3,Y,37.820198,127.092524,37.821859,127.093068,,경기도 양주시청(교통과),031-8082-6621,2025-09-11,5590000,경기도 양주시
경기도,양주시,옥정동로7나길,,,7,100,3,Y,37.818952,127.093717,37.821799,127.093246,,경기도 양주시청(교통과),031-8082-6621,2025-09-11,5590000,경기도 양주시
경기도,양주시,권율로1253번길,,,5,120,1,Y,37.801391,126.965659,37.801923,126.966691,,경기도 양주시청(교통과),031-8082-6621,2025-09-11,5590000,경기도 양주시
경기도,양주시,회정로,,,6,130,1,Y,37.837521,127.067805,37.838173,127.068571,,경기도 양주시청(교통과),031-8082-6621,2025-09-11,5590000,경기도 양주시
경기도,파주시,청류골길 111~118,,,4,390,1,N,37.828524,126.846602,37.829096,126.850669,,경기도 파주시청,031-940-5796,2025-09-16,4060000,경기도 파주시
경기도,파주시,명봉산로262번길 1 ~ 140,,,4,700,1,N,37.7456474,126.8566818,37.743782,126.8626404,,경기도 파주시청,031-940-5796,2025-09-16,4060000,경기도 파주시
경기도,파주시,우계로 379 ~ 363,,,4,200,1,N,37.8541794,126.8000107,37.8532982,126.802002,,경기도 파주시청,031-940-5796,2025-09-16,4060000,경기도 파주시
경기도,파주시,봉미로31번길 45 ~ 31번길 1,,,4,200,1,N,37.8615417,126.783493,37.8628197,126.7850494,,경기도 파주시청,031-940-5796,2025-09-16,4060000,경기도 파주시
경기도,파주시,소리개길 119 ~ 114,,,3,386,1,N,37.789669,126.7101288,37.7896461,126.7101669,,경기도 파주시청,031-940-5796,2025-09-16,4060000,경기도 파주시
경기도,파주시,가온로 뒷길 170 ~ 184,,,8,280,2,Y,37.7198318,126.750835,37.7203296,126.7530555,,경기도 파주시청,031-940-5796,2025-09-16,4060000,경기도 파주시
경기도,파주시,와석순환로 뒷길 66 ~ 86,,,8,200,2,Y,37.7098885,126.7521707,37.7116839,126.7503649,,경기도 파주시청,031-940-5796,2025-09-16,4060000,경기도 파주시
경기도,파주시,하우고개길 59 ~ 68,,,4,270,1,N,37.7100869,126.7624734,37.7099765,126.7624694,,경기도 파주시청,031-940-5796,2025-09-16,4060000,경기도 파주시
경기도,파주시,시민회관길 13-19 ~ 13-1,,,7,112,1,N,37.7598005,126.778569,37.7594599,126.7788155,,경기도 파주시청,031-940-5796,2025-09-16,4060000,경기도 파주시
경기도,파주시,명동길 18 ~ 76,,,8,290,1,Y,37.7632245,126.7715634,37.763541,126.7745554,,경기도 파주시청,031-940-5796,2025-09-16,4060000,경기도 파주시
경기도,파주시,문화로 113 ~ 56,,,9,591,2,Y,37.7641127,126.7745628,37.7590821,126.7766301,,경기도 파주시청,031-940-5796,2025-09-16,4060000,경기도 파주시
충청남도,홍성군,조양로170번길,,,4,250,1,N,36.60097288,126.6685575,36.59900708,126.667275,,충청남도 홍성군청,041-630-1114,2025-06-30,4600000,충청남도 홍성군
충청남도,홍성군,조양로103번길 35,,,6,260,2,Y,36.60441487,126.6620127,36.60297837,126.6599233,,충청남도 홍성군청,041-630-1114,2025-06-30,4600000,충청남도 홍성군
충청남도,홍성군,조양로 143번길,,,3.5,285,1,N,36.60177855,126.6658325,36.60416227,126.6667108,,충청남도 홍성군청,041-630-1114,2025-06-30,4600000,충청남도 홍성군
경상남도,거창군,하동2길,,2017,4,130,1,N,35.688738,127.913142,35.687613,127.913717,,경상남도 거창군청,055-940-3550,2025-07-01,5470000,경상남도 거창군
경상남도,거창군,하동3길,,2017,4,90,1,N,35.688108,127.914287,35.688937,127.913939,,경상남도 거창군청,055-940-3550,2025-07-01,5470000,경상남도 거창군
경상남도,거창군,하동5길,,2015,3,140,1,N,35.687778,127.911987,35.688034,127.913515,,경상남도 거창군청,055-940-3550,2025-07-01,5470000,경상남도 거창군
경상남도,거창군,상동1길,,2015,4,190,1,N,35.687181,127.910084,35.686839,127.907969,,경상남도 거창군청,055-940-3550,2025-07-01,5470000,경상남도 거창군
경상남도,거창군,거안로,,,10,380,1,N,35.683181,127.896338,35.684252,127.893551,,경상남도 거창군청,055-940-3550,2025-07-01,5470000,경상남도 거창군
경상남도,거창군,죽전4길,,,10,180,1,Y,35.690489,127.911911,35.691858,127.910913,,경상남도 거창군청,055-940-3550,2025-07-01,5470000,경상남도 거창군
경상남도,거창군,시장2길,,,6,200,1,N,35.686962,127.912802,35.685318,127.913841,,경상남도 거창군청,055-940-3550,2025-07-01,5470000,경상남도 거창군
경상남도,거창군,시장1길,,,6,200,1,N,35.686577,127.911586,35.684988,127.912789,,경상남도 거창군청,055-940-3550,2025-07-01,5470000,경상남도 거창군
경상남도,거창군,중앙로1길,,,9,50,1,N,35.687424,127.914245,35.687776,127.914009,,경상남도 거창군청,055-940-3550,2025-07-01,5470000,경상남도 거창군
경상남도,거창군,강변로8길,,,6,160,1,N,35.685758,127.909371,35.684295,127.909213,,경상남도 거창군청,055-940-3550,2025-07-01,5470000,경상남도 거창군
경상남도,거창군,하동2길,,,7,120,1,N,35.688708,127.913161,35.687616,127.913705,,경상남도 거창군청,055-940-3550,2025-07-01,5470000,경상남도 거창군
경상남도,거창군,거창대로2길,,,8,160,1,N,35.687309,127.916098,35.688145,127.917621,,경상남도 거창군청,055-940-3550,2025-07-01,5470000,경상남도 거창군
경상남도,거창군,시장3길,,,6,100,1,N,35.685681,127.915071,35.686564,127.914758,,경상남도 거창군청,055-940-3550,2025-07-01,5470000,경상남도 거창군
경상남도,거창군,거함대로4길,,,9,110,1,N,35.683087,127.912508,35.682081,127.912416,,경상남도 거창군청,055-940-3550,2025-07-01,5470000,경상남도 거창군
경상북도,예천군,효자로,보행자안전확보,2016,6,110,1,N,36.656974,128.454091,36.655969,128.454281,,경상북도 예천군청,054-650-6256,2025-07-11,5230000,경상북도 예천군
경상북도,예천군,맛고을길,보행자안전확보,2016,6,120,1,N,36.656207,128.453452,36.656242,128.454986,,경상북도 예천군청,054-650-6256,2025-07-11,5230000,경상북도 예천군
경상북도,예천군,맛고을길,보행자안전확보,2016,6,80,1,N,36.655548,128.451831,36.655869,128.452639,,경상북도 예천군청,054-650-6256,2025-07-11,5230000,경상북도 예천군
경기도,의정부시,태평로 89~시민로121번길52,통행원활,,6,150,1,N,37.740498,127.051566,37.740455,127.049749,,경기도 의정부시청,031-828-4842,2025-06-30,3820000,경기도 의정부시
경기도,의정부시,금오로23번길 22-49,통행원활,,6,425,1,N,37.755792,127.070414,37.755792,127.070414,,경기도 의정부시청,031-828-4842,2025-06-30,3820000,경기도 의정부시
경기도,의정부시,호암로,통행원활,,6,251,1,N,37.70682963,127.0475726,37.70453908,127.0471346,,경기도 의정부시청,031-828-4842,2025-06-30,3820000,경기도 의정부시
경기도,의정부시,경의로132번길~경의로146번길,통행원활,,6,265,1,N,37.730764,127.050301,37.7308401,127.0532801,,경기도 의정부시청,031-828-4842,2025-06-30,3820000,경기도 의정부시
경기도,의정부시,경의로158번길,통행원활,,6,403,1,N,37.730198,127.053234,37.728492,127.050359,,경기도 의정부시청,031-828-4842,2025-06-30,3820000,경기도 의정부시
경기도,의정부시,시민로160번길~경의로158번길,통행원활,,6,790,1,N,37.737376,127.0527301,37.730316,127.053374,,경기도 의정부시청,031-828-4842,2025-06-30,3820000,경기도 의정부시
경기도,의정부시,시민로158번길,통행원활,,6,124,1,N,37.734867,127.051899,37.734897,127.053363,,경기도 의정부시청,031-828-4842,2025-06-30,3820000,경기도 의정부시
경기도,의정부시,태평로24번길,통행원활,,6,124,1,N,37.734494,127.0518501,37.734511,127.053353,,경기도 의정부시청,031-828-4842,2025-06-30,3820000,경기도 의정부시
서울특별시,강서구,곰달래로31다길,,,7.5,220,1,Y,37.53353500,126.85377200,37.53339200,126.85125100,,서울특별시 강서구청,02-2600-4136,2025-05-20,3150000,서울특별시 강서구
서울특별시,강서구,강서로5라길,,,5.5,580,1,N,37.52957300,126.85169100,37.53038500,126.85812100,,서울특별시 강서구청,02-2600-4136,2025-05-20,3150000,서울특별시 강서구
서울특별시,강서구,강서로10길,,,5.5,185,1,N,37.53095100,126.85281200,37.52926300,126.85315100,,서울특별시 강서구청,02-2600-4136,2025-05-20,3150000,서울특별시 강서구
서울특별시,강서구,곰달래로36길,,,5.5,185,1,N,37.52937300,126.85399100,37.53105900,126.85366400,,서울특별시 강서구청,02-2600-4136,2025-05-20,3150000,서울특별시 강서구
서울특별시,강서구,곰달래로38길,,,5.5,185,1,N,37.53119100,126.85482800,37.52952100,126.85514900,,서울특별시 강서구청,02-2600-4136,2025-05-20,3150000,서울특별시 강서구
서울특별시,강서구,강서로10길,,,5.5,580,1,N,37.53119200,126.85796600,37.53042800,126.85151500,,서울특별시 강서구청,02-2600-4136,2025-05-20,3150000,서울특별시 강서구
서울특별시,강서구,곰달래로44길,,,5.5,185,1,N,37.52972100,126.85671100,37.53140200,126.85635600,,서울특별시 강서구청,02-2600-4136,2025-05-20,3150000,서울특별시 강서구
서울특별시,강서구,곰달래로49길,,,5.5,130,1,N,37.53579100,126.85507600,37.53521900,126.85379700,,서울특별시 강서구청,02-2600-4136,2025-05-20,3150000,서울특별시 강서구
서울특별시,강서구,화곡로24길,,,7.5,248,1,Y,37.54090100,126.83802700,37.53884100,126.83918400,,서울특별시 강서구청,02-2600-4136,2025-05-20,3150000,서울특별시 강서구
서울특별시,강서구,화곡로24길,,,7.5,130,1,Y,37.53875100,126.83923400,37.53770200,126.83987300,,서울특별시 강서구청,02-2600-4136,2025-05-20,3150000,서울특별시 강서구
서울특별시,강서구,화곡로26길,,,5.5,140,1,N,37.54019300,126.84051800,37.54133700,126.83964400,,서울특별시 강서구청,02-2600-4136,2025-05-20,3150000,서울특별시 강서구
서울특별시,강서구,가로공원로72길,,,5.5,208,1,N,37.53663300,126.83483200,37.53493200,126.83587100,,서울특별시 강서구청,02-2600-4136,2025-05-20,3150000,서울특별시 강서구
전라남도,장성군,소로1-7,,,9,200,1,N,35.298152,126.780266,35.299804,126.781163,,전라남도 장성군청 도시재생과,061-390-7472,2024-11-06,4980000,전라남도 장성군
인천광역시,남동구,용천로205번길,원활한 차량통행을 위하여 지정,,6,173,1,N,37.46946543,126.7107738,37.46821189,126.7098457,,인천광역시 남동구청,032-453-2965,2025-11-28,3530000,인천광역시 남동구
인천광역시,남동구,간석로11번길,원활한 차량통행을 위하여 지정,,6,231,1,N,37.4692237,126.7092631,37.46751934,126.7091341,,인천광역시 남동구청,032-453-2965,2025-11-28,3530000,인천광역시 남동구
인천광역시,남동구,간석로,원활한 차량통행을 위하여 지정,,6,278.5,1,N,37.46639607,126.714376,37.46577776,126.7171787,,인천광역시 남동구청,032-453-2965,2025-11-28,3530000,인천광역시 남동구
인천광역시,남동구,간석로,원활한 차량통행을 위하여 지정,,6,483,1,N,37.46820769,126.7094614,37.46635611,126.7140149,,인천광역시 남동구청,032-453-2965,2025-11-28,3530000,인천광역시 남동구
인천광역시,남동구,간석로41번길,원활한 차량통행을 위하여 지정,,6,91,1,N,37.46694515,126.7134961,37.46724419,126.7128241,,인천광역시 남동구청,032-453-2965,2025-11-28,3530000,인천광역시 남동구
인천광역시,남동구,용천로205번길,원활한 차량통행을 위하여 지정,,6,453.5,1,N,37.46784847,126.7137068,37.46954443,126.709755,,인천광역시 남동구청,032-453-2965,2025-11-28,3530000,인천광역시 남동구
인천광역시,남동구,경인로742번길,원활한 차량통행을 위하여 지정,,8,137,1,N,37.47559663,126.7103294,37.47465997,126.7103681,,인천광역시 남동구청,032-453-2965,2025-11-28,3530000,인천광역시 남동구
인천광역시,남동구,경인로728번길,원활한 차량통행을 위하여 지정,,6,130,1,N,37.47470848,126.7098585,37.47567536,126.7101133,,인천광역시 남동구청,032-453-2965,2025-11-28,3530000,인천광역시 남동구
인천광역시,남동구,평온로,원활한 차량통행을 위하여 지정,,6,110,1,N,37.47667939,126.7104691,37.475829,126.7101558,,인천광역시 남동구청,032-453-2965,2025-11-28,3530000,인천광역시 남동구
인천광역시,남동구,평온로5번길,원활한 차량통행을 위하여 지정,,6,80,1,N,37.47744067,126.7108743,37.47694249,126.7106342,,인천광역시 남동구청,032-453-2965,2025-11-28,3530000,인천광역시 남동구
서울특별시,서대문구,증가로6길,,,4,180,1,N,37.579400,126.926890,37.579400,126.928140,,서울특별시 서대문구,02-330-1835,2025-09-09,3120000,서울특별시 서대문구
서울특별시,서대문구,증가로8길,,,4,252,1,N,37.578740,126.925750,37.580220,126.927990,,서울특별시 서대문구,02-330-1835,2025-09-09,3120000,서울특별시 서대문구
서울특별시,서대문구,연희로,,,4,70,1,N,37.580380,126.936350,37.580900,126.936710,,서울특별시 서대문구,02-330-1835,2025-09-09,3120000,서울특별시 서대문구
서울특별시,서대문구,모래내로,,,4,200,1,N,37.581060,126.934830,37.580920,126.932870,,서울특별시 서대문구,02-330-1835,2025-09-09,3120000,서울특별시 서대문구
서울특별시,서대문구,모래내로,,,4,99,1,N,37.579860,126.934050,37.580560,126.934620,,서울특별시 서대문구,02-330-1835,2025-09-09,3120000,서울특별시 서대문구
서울특별시,서대문구,연희로,,,4,415,1,Y,37.580270,126.935960,37.578580,126.931780,,서울특별시 서대문구,02-330-1835,2025-09-09,3120000,서울특별시 서대문구
서울특별시,서대문구,홍제천로,,,4,453,1,Y,37.577740,126.931690,37.579570,126.935830,,서울특별시 서대문구,02-330-1835,2025-09-09,3120000,서울특별시 서대문구
서울특별시,서대문구,홍제천로,,,8,485,2,Y,37.575220,126.926820,37.577510,126.931200,,서울특별시 서대문구,02-330-1835,2025-09-09,3120000,서울특별시 서대문구
서울특별시,서대문구,연희맛로,,,4,190,1,N,37.566440,126.928390,37.567580,126.929840,,서울특별시 서대문구,02-330-1835,2025-09-09,3120000,서울특별시 서대문구
경상북도,김천시,황산3길,,,6,200,1,N,36.116673,128.131706,36.118582,128.131627,,경상북도 김천시청,054-420-6258,2025-05-07,5060000,경상북도 김천시
경상북도,김천시,지좌강변길,,,6,200,1,N,36.118582,128.131627,36.116897,128.131047,,경상북도 김천시청,054-420-6258,2025-05-07,5060000,경상북도 김천시
경상북도,김천시,구농고길,,,5,480,1,N,36.125794,128.106395,36.128152,128.101768,,경상북도 김천시청,054-420-6258,2025-05-07,5060000,경상북도 김천시
경상북도,김천시,굴다리길,,,5,240,1,N,36.118454,128.124414,36.119565,128.121991,,경상북도 김천시청,054-420-6258,2025-05-07,5060000,경상북도 김천시
경상북도,김천시,중앙시장3길,,,7,220,1,N,36.119011,128.124744,36.118315,128.127035,,경상북도 김천시청,054-420-6258,2025-05-07,5060000,경상북도 김천시
경상북도,김천시,석천길,,,3.4,400,1,N,36.118027,128.122594,36.115983,128.124007,,경상북도 김천시청,054-420-6258,2025-05-07,5060000,경상북도 김천시
경상북도,김천시,자산3길,,,3.8,280,1,N,36.120294,128.121395,36.121002,128.122597,,경상북도 김천시청,054-420-6258,2025-05-07,5060000,경상북도 김천시
경상북도,김천시,평화9길,,,6.6,250,1,N,36.126083,128.110101,36.124572,128.109471,,경상북도 김천시청,054-420-6258,2025-05-07,5060000,경상북도 김천시
경상북도,김천시,김천로,,,5.5,80,1,N,36.125837,128.105961,36.125416,128.106951,,경상북도 김천시청,054-420-6258,2025-05-07,5060000,경상북도 김천시
경상북도,김천시,노실고개11길,,,5.5,400,1,N,36.120816,128.118559,36.117505,128.116802,,경상북도 김천시청,054-420-6258,2025-05-07,5060000,경상북도 김천시
경상북도,김천시,평화중앙7길,,,5.4,250,1,N,36.121871,128.114977,36.121104,128.116944,,경상북도 김천시청,054-420-6258,2025-05-07,5060000,경상북도 김천시
경상북도,김천시,평화중앙9길,,,5.5,80,1,N,36.122417,128.115324,36.121871,128.114977,,경상북도 김천시청,054-420-6258,2025-05-07,5060000,경상북도 김천시
경상북도,김천시,황악로,,,6,1800,2,Y,36.119292,128.121716,36.130131,128.025736,,경상북도 김천시청,054-420-6258,2025-05-07,5060000,경상북도 김천시
경상북도,김천시,부곡길,,2024,6,317,1,Y,36.127582,128.097821,36.126555,128.094411,,경상북도 김천시청,054-420-6258,2025-05-07,5060000,경상북도 김천시
경상북도,김천시,부곡맛고을7길,,,6,83,2,N,36.125291,128.094481,36.124551,128.094461,,경상북도 김천시청,054-420-6258,2025-05-07,5060000,경상북도 김천시
경상북도,김천시,구농고6길,,,5,50,1,N,36.127011,128.102508,36.127521,128.102988,,경상북도 김천시청,054-420-6258,2025-05-07,5060000,경상북도 김천시
서울특별시,서대문구,연희맛로,,,4,97,1,N,37.567300,126.928740,37.566740,126.929450,,서울특별시 서대문구,02-330-1835,2025-09-09,3120000,서울특별시 서대문구
서울특별시,서대문구,연희맛로,,,4,95,1,N,37.566140,126.928650,37.566700,126.927970,,서울특별시 서대문구,02-330-1835,2025-09-09,3120000,서울특별시 서대문구
서울특별시,서대문구,홍제천로2길,,,4,677,1,N,37.573140,126.924150,37.569100,126.919110,,서울특별시 서대문구,02-330-1835,2025-09-09,3120000,서울특별시 서대문구
서울특별시,서대문구,홍제천로4길,,,4,240,1,N,37.574530,126.927010,37.573570,126.924810,,서울특별시 서대문구,02-330-1835,2025-09-09,3120000,서울특별시 서대문구
전라남도,순천시,신대7블럭 송산3길(신대리 2109~가구갤러리),,2016,9,91,1,N,34.976546,127.404215,34.976546,127.404215,,전라남도 순천시청 교통관리과,061-749-5919,2024-11-19,4820000,전라남도 순천시
전라남도,순천시,신대7블럭 송산4길(가구갤러리~신대리 2019),,2016,9,246,1,N,34.976546,127.404215,34.976546,127.404215,,전라남도 순천시청 교통관리과,061-749-5919,2024-11-19,4820000,전라남도 순천시
전라남도,순천시,신대7블럭 송산5길(수미빌~햇살담은집),,2016,9,54,1,N,34.976546,127.404215,34.976546,127.404215,,전라남도 순천시청 교통관리과,061-749-5919,2024-11-19,4820000,전라남도 순천시
전라남도,순천시,신대7블럭 송산5길(미르빌~수미빌),,2016,9,31,1,N,34.976546,127.404215,34.976546,127.404215,,전라남도 순천시청 교통관리과,061-749-5919,2024-11-19,4820000,전라남도 순천시
전라남도,순천시,신대7블럭 송산5길(신대리 2051~팰리스빌),,2016,9,113,1,N,34.976546,127.404215,34.976546,127.404215,,전라남도 순천시청 교통관리과,061-749-5919,2024-11-19,4820000,전라남도 순천시
전라남도,순천시,신대7블럭 송산5길(다온빌~굿모닝힐 ),,2016,9,149,1,N,34.976546,127.404215,34.976546,127.404215,,전라남도 순천시청 교통관리과,061-749-5919,2024-11-19,4820000,전라남도 순천시
전라남도,순천시,신대7블럭 송산6길(팰리스빌~우주빌 ),,2016,9,183,1,N,34.976546,127.404215,34.976546,127.404215,,전라남도 순천시청 교통관리과,061-749-5919,2024-11-19,4820000,전라남도 순천시
서울특별시,용산구,우사단로4길,,,6,365,1,N,37.531516,126.996731,37.530900,127.002079,,서울특별시 용산구청,02-2199-7755,2025-11-07,3020000,서울특별시 용산구
서울특별시,용산구,유엔빌리지길,,,6,455,1,N,37.537221,127.013155,37.534482,127.010452,,서울특별시 용산구청,02-2199-7755,2025-11-07,3020000,서울특별시 용산구
서울특별시,용산구,한남대로 지선(2),,,4,15,1,N,37.534159,127.006556,37.534120,127.006488,,서울특별시 용산구청,02-2199-7755,2025-11-07,3020000,서울특별시 용산구
서울특별시,용산구,이촌로65가길,,,6,270,1,Y,37.521393,126.975916,37.522258,126.972899,,서울특별시 용산구청,02-2199-7755,2025-11-07,3020000,서울특별시 용산구
서울특별시,용산구,한강대로52길,,,6,120,1,N,37.532312,126.971439,37.531897,126.972335,,서울특별시 용산구청,02-2199-7755,2025-11-07,3020000,서울특별시 용산구
서울특별시,용산구,한강대로62나길,,2018,6,120,1,N,37.534753,126.974852,37.534276,126.973816,,서울특별시 용산구청,02-2199-7755,2025-11-07,3020000,서울특별시 용산구
서울특별시,용산구,원효로54길,,2018,6,126,1,N,37.535722,126.962669,37.534777,126.962389,,서울특별시 용산구청,02-2199-7755,2025-11-07,3020000,서울특별시 용산구
서울특별시,용산구,백범로99가길,,2017,8,180,1,Y,37.535095,126.971089,37.536387,126.971454,,서울특별시 용산구청,02-2199-7755,2025-11-07,3020000,서울특별시 용산구
서울특별시,용산구,한강대로54길,,2016,6,135,1,Y,37.532530,126.972951,37.532865,126.971796,,서울특별시 용산구청,02-2199-7755,2025-11-07,3020000,서울특별시 용산구
서울특별시,용산구,녹사평대로40길,,2015,6,320,1,N,37.536021,126.987325,37.534594,126.989452,,서울특별시 용산구청,02-2199-7755,2025-11-07,3020000,서울특별시 용산구
서울특별시,용산구,녹사평대로32길,,2012,4,135,1,N,37.533641,126.990278,37.533644,126.989080,,서울특별시 용산구청,02-2199-7755,2025-11-07,3020000,서울특별시 용산구
서울특별시,용산구,백범로90라길,,2010,8,20,1,Y,37.537911,126.968858,37.538233,126.967641,,서울특별시 용산구청,02-2199-7755,2025-11-07,3020000,서울특별시 용산구
서울특별시,용산구,백범로87길,,2010,8,78,1,Y,37.538256,126.967543,37.538233,126.967641,,서울특별시 용산구청,02-2199-7755,2025-11-07,3020000,서울특별시 용산구
서울특별시,용산구,효창원로12길,,2005,5,160,1,N,37.533508,126.952858,37.534943,126.952773,,서울특별시 용산구청,02-2199-7755,2025-11-07,3020000,서울특별시 용산구
서울특별시,용산구,한남대로46길,,2005,5,400,1,N,37.542577,127.002536,37.545637,127.002821,,서울특별시 용산구청,02-2199-7755,2025-11-07,3020000,서울특별시 용산구
서울특별시,용산구,한남대로42길(2),,2005,5,100,1,N,37.544393,127.002559,37.544357,127.003569,,서울특별시 용산구청,02-2199-7755,2025-11-07,3020000,서울특별시 용산구
서울특별시,용산구,한남대로42길(1),,2005,5,290,1,N,37.542570,127.002409,37.543077,127.003462,,서울특별시 용산구청,02-2199-7755,2025-11-07,3020000,서울특별시 용산구
서울특별시,용산구,한남대로42가길,,2005,5,230,1,N,37.544476,127.002936,37.543325,127.002512,,서울특별시 용산구청,02-2199-7755,2025-11-07,3020000,서울특별시 용산구
서울특별시,용산구,한남대로40길,,2005,6,210,1,N,37.544790,127.003345,37.542125,127.003317,,서울특별시 용산구청,02-2199-7755,2025-11-07,3020000,서울특별시 용산구
서울특별시,용산구,효창원로37마길,,2004,4,182,1,N,37.538345,126.957830,37.538326,126.958786,,서울특별시 용산구청,02-2199-7755,2025-11-07,3020000,서울특별시 용산구
서울특별시,용산구,효창원로37라길,,2004,4,94,1,Y,37.535644,126.953474,37.538277,126.957936,,서울특별시 용산구청,02-2199-7755,2025-11-07,3020000,서울특별시 용산구
서울특별시,용산구,효창원로37다길,,2004,4,94,1,Y,37.537977,126.957807,37.537739,126.958638,,서울특별시 용산구청,02-2199-7755,2025-11-07,3020000,서울특별시 용산구
서울특별시,용산구,효창원로37나길,,2004,4,94,1,Y,37.537323,126.958452,37.537775,126.957145,,서울특별시 용산구청,02-2199-7755,2025-11-07,3020000,서울특별시 용산구
서울특별시,용산구,효창원로37가길,,2004,4,123,1,Y,37.537708,126.957378,37.537726,126.958776,,서울특별시 용산구청,02-2199-7755,2025-11-07,3020000,서울특별시 용산구
서울특별시,용산구,효창원로25다길,,2004,4,185,1,Y,37.538132,126.957459,37.538071,126.957036,,서울특별시 용산구청,02-2199-7755,2025-11-07,3020000,서울특별시 용산구
서울특별시,용산구,후암로57길,,,8.5,250,2,Y,37.552646,126.974247,37.550595,126.974106,,서울특별시 용산구청,02-2199-7755,2025-11-07,3020000,서울특별시 용산구
서울특별시,용산구,효창공원길,,,5,305,1,N,37.543623,126.960946,37.544808,126.959483,,서울특별시 용산구청,02-2199-7755,2025-11-07,3020000,서울특별시 용산구
서울특별시,용산구,한남대로27가길,,,5,170,1,N,37.537900,127.003468,37.537937,127.002155,,서울특별시 용산구청,02-2199-7755,2025-11-07,3020000,서울특별시 용산구
서울특별시,용산구,한남대로 지선(1),,,4,250,1,N,37.531476,127.008806,37.531324,127.009967,,서울특별시 용산구청,02-2199-7755,2025-11-07,3020000,서울특별시 용산구
서울특별시,용산구,한남대교 북단 우회로,,,4.5,175,1,N,37.531541,127.008648,37.531113,127.010206,,서울특별시 용산구청,02-2199-7755,2025-11-07,3020000,서울특별시 용산구
서울특별시,용산구,"한강대로88길, 84길, 80길, 76길, 72길",,,5,510,1,N,37.545104,126.972816,37.540830,126.973584,,서울특별시 용산구청,02-2199-7755,2025-11-07,3020000,서울특별시 용산구
경상남도,거제시,옥포로,,,3,0.25,1,Y,34.899661,128.686221,34.899661,128.686221,,경상남도 거제시청,055-639-4563,2025-11-10,5370000,경상남도 거제시
경상남도,거제시,옥포로26길,,,3,0.24,1,Y,34.896244,128.691373,34.8973101,128.689165,,경상남도 거제시청,055-639-4563,2025-11-10,5370000,경상남도 거제시
경상남도,거제시,거제북로,,,3,0.1,1,Y,34.914135,128.656791,34.914537,128.655639,,경상남도 거제시청,055-639-4563,2025-11-10,5370000,경상남도 거제시
경상남도,거제시,능포로,,,3,0.06,1,Y,34.875775,128.731628,34.875579,128.732338,,경상남도 거제시청,055-639-4563,2025-11-10,5370000,경상남도 거제시
경상남도,거제시,능로포2길,,,3,0.11,1,Y,34.875579,128.732338,34.874552,128.732101,,경상남도 거제시청,055-639-4563,2025-11-10,5370000,경상남도 거제시
경상남도,거제시,능포로2길,,,3,0.06,1,Y,34.874552,128.732101,34.874734,128.731268,,경상남도 거제시청,055-639-4563,2025-11-10,5370000,경상남도 거제시
경상북도,영천시,완산뚝길,보행안전,2002,2,0.09,1,N,35.966171,128.936346,35.966885,128.937129,YC-1-완산뚝길-다-452,경상북도 영천시청,054-330-6251,2025-11-10,5100000,경상북도 영천시
경상북도,영천시,모란1길,보행안전,2000,2,0.1,1,N,35.976656,128.940392,35.976381,128.939716,YC-7-모란1길-바-021,경상북도 영천시청,054-330-6251,2025-11-10,5100000,경상북도 영천시
경상북도,영천시,운동장로,보행안전,2001,2,0.6,1,N,35.969624,128.922534,35.970509,128.923999,YC-6-운동장로-마-233,경상북도 영천시청,054-330-6251,2025-11-10,5100000,경상북도 영천시
경상북도,영천시,완산6길,보행안전,2006,2,0.5,1,N,35.967768,128.940167,35.967591,128.938889,YC-6-완산6길-라-471,경상북도 영천시청,054-330-6251,2025-11-10,5100000,경상북도 영천시
경상북도,영천시,완산6길,보행안전,2004,2,0.09,1,N,35.967411,128.938786,35.966683,128.937247,YC-6-완산6길-사-553,경상북도 영천시청,054-330-6251,2025-11-10,5100000,경상북도 영천시
경상북도,영천시,완산6길,보행안전,2004,2,0.2,1,N,35.967272,128.939025,35.967666,128.941132,YC-6-완산6길-라-322,경상북도 영천시청,054-330-6251,2025-11-10,5100000,경상북도 영천시
경상북도,영천시,완산9길,보행안전,2004,2,0.4,1,Y,35.963323,128.944052,35.963183,128.941525,YC-6-완산9길-나-077,경상북도 영천시청,054-330-6251,2025-11-10,5100000,경상북도 영천시
경상북도,영천시,약전2길,보행안전,2004,2,0.3,1,Y,35.960011,128.939416,35.959816,128.941228,YC-6-약전2길-라-441,경상북도 영천시청,054-330-6251,2025-11-10,5100000,경상북도 영천시
경상북도,영천시,시장4길,보행안전,2003,3,1.5,1,N,35.964551,128.937228,35.964677,128.938848,YC-6-시장4길-나-139,경상북도 영천시청,054-330-6251,2025-11-10,5100000,경상북도 영천시
경상북도,영천시,완산10길,보행안전,2004,2,1.2,1,Y,35.963411,128.946087,35.963325,128.944138,YC-4-완산10길-가-122,경상북도 영천시청,054-330-6251,2025-11-10,5100000,경상북도 영천시
경상북도,영천시,주남3길,보행안전,2001,2,1.2,1,N,35.948898,128.940672,35.944303,128.938204,YC-5-주남3길-하-176,경상북도 영천시청,054-330-6251,2025-11-10,5100000,경상북도 영천시
경상북도,영천시,쇠늘안길,보행안전,2005,3,1.2,1,N,35.944168,128.938343,35.948915,128.941004,YC-5-쇠늘안길-라-235,경상북도 영천시청,054-330-6251,2025-11-10,5100000,경상북도 영천시
경상북도,영천시,중앙동2길,보행안전,2004,2,0.08,1,N,35.973514,128.931222,35.974229,128.930929,YC-6-중앙동2길-하-360,경상북도 영천시청,054-330-6251,2025-11-10,5100000,경상북도 영천시
서울특별시,용산구,우사단로4나길,,2025,4,120,1,N,37.530410,126.998126,37.531423,126.998304,,서울특별시 용산구청,02-2199-7755,2025-11-07,3020000,서울특별시 용산구
서울특별시,용산구,서빙고로51가길,,,6,220,1,Y,37.523440,126.991820,37.522290,126.991660,,서울특별시 용산구청,02-2199-7755,2025-11-07,3020000,서울특별시 용산구
서울특별시,용산구,효창원로25나길,,2004,4,330,1,N,37.537800,126.956300,37.537800,126.956400,,서울특별시 용산구청,02-2199-7755,2025-11-07,3020000,서울특별시 용산구
서울특별시,용산구,효창원로16길,,,6,190,1,N,37.535200,126.955500,37.535200,126.953400,,서울특별시 용산구청,02-2199-7755,2025-11-07,3020000,서울특별시 용산구
서울특별시,용산구,이태원로54길,,2023,4,75,1,N,37.535900,127.001000,37.535500,127.000300,,서울특별시 용산구청,02-2199-7755,2025-11-07,3020000,서울특별시 용산구
서울특별시,용산구,이태원로42길,,2023,4,90,1,N,37.535300,126.999000,37.535800,127.001834,,서울특별시 용산구청,02-2199-7755,2025-11-07,3020000,서울특별시 용산구
서울특별시,용산구,이촌로37길,,2019,6,193,1,N,37.523300,126.960600,37.523200,126.960700,,서울특별시 용산구청,02-2199-7755,2025-11-07,3020000,서울특별시 용산구
서울특별시,용산구,서빙고로22길,,2020,4,115,1,N,37.523300,126.967700,37.524200,126.968600,,서울특별시 용산구청,02-2199-7755,2025-11-07,3020000,서울특별시 용산구
서울특별시,용산구,소월로,,,24,320,4,Y,37.555027,126.976845,37.553244,126.978786,,서울특별시 용산구청,02-2199-7755,2025-11-07,3020000,서울특별시 용산구
서울특별시,용산구,서빙고로91길,,,8,500,1,Y,37.524620,127.001575,37.521768,126.997649,,서울특별시 용산구청,02-2199-7755,2025-11-07,3020000,서울특별시 용산구
서울특별시,용산구,보광로60길,,,6,128,1,Y,37.534116,126.995378,37.534002,126.994221,,서울특별시 용산구청,02-2199-7755,2025-11-07,3020000,서울특별시 용산구
서울특별시,용산구,우사단로12길,,,4,118,1,N,37.533864,126.996866,37.533844,126.995893,,서울특별시 용산구청,02-2199-7755,2025-11-07,3020000,서울특별시 용산구
경상남도,거제시,국산6길,,,3,0.79,1,N,34.897926,128.694931,34.897154,128.692614,,경상남도 거제시청,055-639-4563,2025-11-10,5370000,경상남도 거제시
경상남도,거제시,옥포로7길,,,3,0.69,1,N,34.890028,128.691337,34.888167,128.693646,,경상남도 거제시청,055-639-4563,2025-11-10,5370000,경상남도 거제시
경상남도,거제시,옥포대첩로6길,,,3,1.57,1,N,34.893564,128.694101,34.890121,128.692052,,경상남도 거제시청,055-639-4563,2025-11-10,5370000,경상남도 거제시
경상남도,거제시,옥포로18길,,,3,0.79,1,N,34.893071,128.691104,34.890078,128.691259,,경상남도 거제시청,055-639-4563,2025-11-10,5370000,경상남도 거제시
경상남도,거제시,옥포대첩로9길,,,3,0.77,1,N,34.894161,128.693934,34.8945101,128.696703,,경상남도 거제시청,055-639-4563,2025-11-10,5370000,경상남도 거제시
경상남도,거제시,옥포대첩로5길,,,3,0.94,1,N,34.895537,128.690606,34.894161,128.693934,,경상남도 거제시청,055-639-4563,2025-11-10,5370000,경상남도 거제시
경상남도,거제시,옥포로23길,,,3,1.03,1,N,34.8949101,128.686328,34.893432,128.689259,,경상남도 거제시청,055-639-4563,2025-11-10,5370000,경상남도 거제시
경상남도,거제시,옥포로27길,,,3,0.64,1,N,34.897432,128.687101,34.895685,128.687307,,경상남도 거제시청,055-639-4563,2025-11-10,5370000,경상남도 거제시
경상남도,거제시,고현로2길,,,3,1.67,1,N,34.882221,128.623378,34.886248,128.622344,,경상남도 거제시청,055-639-4563,2025-11-10,5370000,경상남도 거제시
경상남도,거제시,서문로,,,3,0.36,1,N,34.889284,128.622101,34.889076,128.621429,,경상남도 거제시청,055-639-4563,2025-11-10,5370000,경상남도 거제시
경상남도,거제시,장승포로1길,,,3,0.2,1,N,34.8693101,128.723505,34.867827,128.725591,,경상남도 거제시청,055-639-4563,2025-11-10,5370000,경상남도 거제시
경상남도,거제시,옥포로27길,,,3,0.03,1,N,34.896849,128.688479,34.897347,128.689101,,경상남도 거제시청,055-639-4563,2025-11-10,5370000,경상남도 거제시
경상남도,거제시,옥포로10길,,,3,0.1,1,N,34.894344,128.690892,34.894553,128.692326,,경상남도 거제시청,055-639-4563,2025-11-10,5370000,경상남도 거제시
경상남도,거제시,거제북로,,,3,0.1,1,N,34.914538,128.655524,34.913758,128.654859,,경상남도 거제시청,055-639-4563,2025-11-10,5370000,경상남도 거제시
경상남도,거제시,연사4길,,,3,0.03,1,N,34.909133,128.645581,34.909441,128.645533,,경상남도 거제시청,055-639-4563,2025-11-10,5370000,경상남도 거제시
경상남도,거제시,거제대로,,,3,0.32,1,N,34.887558,128.616731,34.889092,128.615101,,경상남도 거제시청,055-639-4563,2025-11-10,5370000,경상남도 거제시
경상남도,거제시,고현로9길,,,3,0.1,1,N,34.886674,128.623206,34.887172,128.621426,,경상남도 거제시청,055-639-4563,2025-11-10,5370000,경상남도 거제시
경상남도,거제시,고현로10길,,,3,0.3,1,N,34.884649,128.625808,34.887181,128.624565,,경상남도 거제시청,055-639-4563,2025-11-10,5370000,경상남도 거제시
경상남도,거제시,고현로12길,,,3,0.3,1,N,34.887536,128.625335,34.885388,128.6269101,,경상남도 거제시청,055-639-4563,2025-11-10,5370000,경상남도 거제시
경상남도,거제시,두동로,,,3,0.3,1,N,34.885891,128.572089,34.887315,128.572597,,경상남도 거제시청,055-639-4563,2025-11-10,5370000,경상남도 거제시
경상남도,거제시,장승로,,,3,0.24,1,N,34.860966,128.723137,34.860761,128.723463,,경상남도 거제시청,055-639-4563,2025-11-10,5370000,경상남도 거제시
경상남도,거제시,아주1로2길,,,3,1.31,1,Y,34.866772,128.687284,34.868188,128.678531,,경상남도 거제시청,055-639-4563,2025-11-10,5370000,경상남도 거제시
경상남도,거제시,거제중앙로9길,,,3,0.14,1,Y,34.880441,128.626131,34.881569,128.625505,,경상남도 거제시청,055-639-4563,2025-11-10,5370000,경상남도 거제시
경상남도,거제시,상동5길,,,3,0.2,1,Y,34.863737,128.632121,34.864025,128.632261,,경상남도 거제시청,055-639-4563,2025-11-10,5370000,경상남도 거제시
경상남도,거제시,탑곡로,,,3,0.7,1,Y,34.863258,128.691101,34.862811,128.688582,,경상남도 거제시청,055-639-4563,2025-11-10,5370000,경상남도 거제시
경상남도,거제시,지석2길,,,3,0.51,1,Y,34.912691,128.516668,34.909232,128.515161,,경상남도 거제시청,055-639-4563,2025-11-10,5370000,경상남도 거제시
경상남도,거제시,옥포로6길,,,3,0.91,1,Y,34.893013,128.696746,34.889581,128.694839,,경상남도 거제시청,055-639-4563,2025-11-10,5370000,경상남도 거제시
경상남도,거제시,진목1길,,,3,0.73,1,Y,34.900811,128.684126,34.900755,128.683607,,경상남도 거제시청,055-639-4563,2025-11-10,5370000,경상남도 거제시
경상남도,거제시,마전2길,,,3,0.3,1,Y,34.860665,128.722567,34.859291,128.721256,,경상남도 거제시청,055-639-4563,2025-11-10,5370000,경상남도 거제시
경상남도,거제시,거제중앙로26길,,,3,1.04,1,Y,34.888893,128.622931,34.888144,128.624901,,경상남도 거제시청,055-639-4563,2025-11-10,5370000,경상남도 거제시
경상남도,거제시,거제중앙로,,,3,0.24,1,Y,34.890258,128.622289,34.890834,128.622101,,경상남도 거제시청,055-639-4563,2025-11-10,5370000,경상남도 거제시
경상남도,거제시,거제중앙로29길,,,3,2.03,1,Y,34.889846,128.616876,34.890228,128.622209,,경상남도 거제시청,055-639-4563,2025-11-10,5370000,경상남도 거제시
경상남도,거제시,장승로,,,3,0.1,1,Y,34.866993,128.724565,34.867055,128.725826,,경상남도 거제시청,055-639-4563,2025-11-10,5370000,경상남도 거제시
강원특별자치도,동해시,숫골길,동해대로 합류도로,2018,5,500,1,N,37.507898,129.103375,37.5127301,129.103716,200137,강원특별자치도 동해시청,033-530-2252,2025-11-04,4211000,강원특별자치도 동해시
강원특별자치도,동해시,부곡 5길,동해해솔학교 개원에 따른 진출입로 혼잡 방지,2020,4,50,1,N,37.5387392,129.1085008,37.5386049,129.1094169,20210641,강원특별자치도 동해시청,033-530-2252,2025-11-04,4211000,강원특별자치도 동해시
경기도,의왕시,왕송못동로(왕송고가하부),,,5,250,1,N,37.326640,126.950073,37.326444,126.949879,,경기도 의왕시+경기도 의왕경찰서,031-8086-0152,2025-11-03,4030000,경기도 의왕시
경기도,의왕시,오봉산단3로,,,15,250,2,Y,37.329848,126.955351,37.329884,126.955320,,경기도 의왕시+경기도 의왕경찰서,031-8086-0152,2025-11-03,4030000,경기도 의왕시
경기도,의왕시,오봉산단1로,,,15,550,2,Y,37.333485,126.959043,37.333340,126.959179,,경기도 의왕시+경기도 의왕경찰서,031-8086-0152,2025-11-03,4030000,경기도 의왕시
경기도,의왕시,계원대학로7,,,15,140,1,N,37.381191,126.972268,37.380675,126.973571,,경기도 의왕시+경기도 의왕경찰서,031-8086-0152,2025-11-03,4030000,경기도 의왕시
경기도,의왕시,호성로,,,7,465,1,Y,37.371608,126.965326,37.367519,126.965438,,경기도 의왕시+경기도 의왕경찰서,031-8086-0152,2025-11-03,4030000,경기도 의왕시
경기도,의왕시,창말로,,,11,235,2,Y,37.338565,126.955393,37.337781,126.957967,,경기도 의왕시+경기도 의왕경찰서,031-8086-0152,2025-11-03,4030000,경기도 의왕시
경기도,의왕시,관양로,,,7,220,1,N,37.395915,126.980491,37.396894,126.982675,,경기도 의왕시+경기도 의왕경찰서,031-8086-0152,2025-11-03,4030000,경기도 의왕시
경기도,의왕시,봇들로,,,5,970,1,Y,37.397754,126.982348,37.397754,126.982348,,경기도 의왕시+경기도 의왕경찰서,031-8086-0152,2025-11-03,4030000,경기도 의왕시
경기도,의왕시,갈미2로,,,9,170,1,Y,37.378952,126.972691,37.378952,126.972691,,경기도 의왕시+경기도 의왕경찰서,031-8086-0152,2025-11-03,4030000,경기도 의왕시
경기도,의왕시,갈미2로,,,9,220,1,Y,37.378549,126.975611,37.378748,126.973613,,경기도 의왕시+경기도 의왕경찰서,031-8086-0152,2025-11-03,4030000,경기도 의왕시
경기도,의왕시,오리나무 2길,,,7,40,1,Y,37.374944,126.968905,37.374541,126.968611,,경기도 의왕시+경기도 의왕경찰서,031-8086-0152,2025-11-03,4030000,경기도 의왕시
경기도,의왕시,부곡시장길,,,6,190,1,N,37.319756,126.950207,37.318849,126.952042,,경기도 의왕시+경기도 의왕경찰서,031-8086-0152,2025-11-03,4030000,경기도 의왕시
경기도,의왕시,오전동길,,,6,95,1,N,37.353445,126.972377,37.352586,126.972632,,경기도 의왕시+경기도 의왕경찰서,031-8086-0152,2025-11-03,4030000,경기도 의왕시
경상남도,거제시,거제면 읍내로,,,4,0.35,2,N,34.84955773,128.5925107,34.8497413,128.5899008,,경상남도 거제시청,055-639-4563,2025-11-10,5370000,경상남도 거제시
경상남도,거제시,아주로3길,,,3,0.18,1,Y,34.8642738,128.6910427,34.863776,128.690808,,경상남도 거제시청,055-639-4563,2025-11-10,5370000,경상남도 거제시
경상남도,거제시,장승로,,,3,0.07,1,Y,34.867029,128.724592,34.867161,138.727158,,경상남도 거제시청,055-639-4563,2025-11-10,5370000,경상남도 거제시
경상남도,거제시,고현로11길,,,3,0.275,1,N,34.889876,128.624101,34.887636,128.625258,,경상남도 거제시청,055-639-4563,2025-11-10,5370000,경상남도 거제시
경상남도,거제시,상동5길,,,3,0.348,1,N,34.865019,128.637401,34.863912,128.633948,,경상남도 거제시청,055-639-4563,2025-11-10,5370000,경상남도 거제시
경상남도,거제시,상동5길,,,3,0.33,1,Y,34.863646,128.633926,34.8645101,128.6374201,,경상남도 거제시청,055-639-4563,2025-11-10,5370000,경상남도 거제시
경상남도,거제시,아주2로,,,3,0.07,1,N,34.867821,128.688591,34.867664,128.687123,,경상남도 거제시청,055-639-4563,2025-11-10,5370000,경상남도 거제시
경상남도,거제시,기성로6길,,,3,0.11,1,N,34.850594,128.590631,34.851176,128.589554,,경상남도 거제시청,055-639-4563,2025-11-10,5370000,경상남도 거제시
경상남도,거제시,옥수로4길,,,3,1.83,1,N,34.875767,128.729213,34.880317,128.734684,,경상남도 거제시청,055-639-4563,2025-11-10,5370000,경상남도 거제시
경상남도,거제시,옥수로3길,,,3,0.43,1,N,34.875151,128.730151,34.874275,128.729479,,경상남도 거제시청,055-639-4563,2025-11-10,5370000,경상남도 거제시
경상남도,거제시,흥남길,,,3,0.78,1,N,34.960109,128.712175,34.957111,128.713175,,경상남도 거제시청,055-639-4563,2025-11-10,5370000,경상남도 거제시
경상남도,거제시,피솔길,,,3,0.29,1,N,34.899575,128.581841,34.899934,128.581742,,경상남도 거제시청,055-639-4563,2025-11-10,5370000,경상남도 거제시
경상남도,거제시,거제대로,,,3,0.08,1,N,34.895573,128.582078,34.894928,128.584653,,경상남도 거제시청,055-639-4563,2025-11-10,5370000,경상남도 거제시
경상남도,거제시,서문로5길,,,3,0.05,1,N,34.890547,128.620061,34.890708,128.620566,,경상남도 거제시청,055-639-4563,2025-11-10,5370000,경상남도 거제시
경상남도,거제시,장평1로1길,,,3,1.4,1,N,34.891776,128.614333,34.8942901,128.615434,,경상남도 거제시청,055-639-4563,2025-11-10,5370000,경상남도 거제시
경상남도,거제시,장평로1길,,,3,2.25,1,N,34.889311,128.614695,34.8906101,128.610243,,경상남도 거제시청,055-639-4563,2025-11-10,5370000,경상남도 거제시
경상남도,거제시,중곡2로2길,,,3,2.19,1,N,34.893139,128.629889,34.895342,128.625901,,경상남도 거제시청,055-639-4563,2025-11-10,5370000,경상남도 거제시
경상남도,거제시,옥포로14길,,,3,0.12,1,N,34.892553,128.692736,34.892334,128.691321,,경상남도 거제시청,055-639-4563,2025-11-10,5370000,경상남도 거제시
경기도,하남시,신장동 107-57,,2021,8,130,1,Y,37.540837,127.221119,37.540181,127.222755,,경기도 하남시청,031-790-6294,2024-07-02,4040000,경기도 하남시
경기도,하남시,신장동로140번길,,2020,8,120,1,Y,37.543006,127.220851,37.543016,127.219472,,경기도 하남시청,031-790-6294,2024-07-02,4040000,경기도 하남시
경기도,하남시,신장동로140번길,,2016,8,100,1,Y,37.542996,127.221415,37.543166,127.222579,,경기도 하남시청,031-790-6294,2024-07-02,4040000,경기도 하남시
경기도,하남시,망월동 1065,,2019,8,215,1,Y,37.559936,127.184779,37.560588,127.187402,,경기도 하남시청,031-790-6294,2024-07-02,4040000,경기도 하남시
경기도,하남시,덕풍동로,,2014,12,270,1,Y,37.551877,127.209437,37.551149,127.208942,,경기도 하남시청,031-790-6294,2024-07-02,4040000,경기도 하남시
경기도,하남시,신장로181번길,,2012,5,130,1,N,37.541525,127.199836,37.540893,127.198508,,경기도 하남시청,031-790-6294,2024-07-02,4040000,경기도 하남시
경기도,하남시,서하남로75번길,,2012,5,480,1,N,37.519599,127.155398,37.516448,127.152152,,경기도 하남시청,031-790-6294,2024-07-02,4040000,경기도 하남시
경기도,하남시,하남대로784번안길,,2011,6,112,1,N,37.538399,127.206697,37.542408,127.212148,,경기도 하남시청,031-790-6294,2024-07-02,4040000,경기도 하남시
경기도,하남시,하남대로801번길,,2011,4,50,1,N,37.538031,127.206415,37.538399,127.206697,,경기도 하남시청,031-790-6294,2024-07-02,4040000,경기도 하남시
경기도,하남시,신장1로34번길,,2010,5,120,1,N,37.537224,127.212691,37.538471,127.211891,,경기도 하남시청,031-790-6294,2024-07-02,4040000,경기도 하남시
경기도,하남시,신장1로,,2009,5,80,1,N,37.536806,127.210003,37.537182,127.209332,,경기도 하남시청,031-790-6294,2024-07-02,4040000,경기도 하남시
경기도,하남시,하남대로739번길,,2009,8,120,1,Y,37.536412,127.208801,37.536776,127.210062,,경기도 하남시청,031-790-6294,2024-07-02,4040000,경기도 하남시
경기도,하남시,신평로,,2009,10,110,1,Y,37.534841,127.203445,37.533907,127.203198,,경기도 하남시청,031-790-6294,2024-07-02,4040000,경기도 하남시
경기도,하남시,하남대로802번길,,2009,8,430,1,Y,37.541771,127.209253,37.540269,127.210612,,경기도 하남시청,031-790-6294,2024-07-02,4040000,경기도 하남시
경기도,하남시,덕풍천동로,,2008,8,260,2,Y,37.540836,127.217315,37.543264,127.217167,,경기도 하남시청,031-790-6294,2024-07-02,4040000,경기도 하남시
경기도,하남시,하남대로784번길,,2006,6,50,1,N,37.541067,127.211777,37.541371,127.211233,,경기도 하남시청,031-790-6294,2024-07-02,4040000,경기도 하남시
경기도,하남시,신장로205번길,,2016,6,70,1,Y,37.541604,127.194363,37.541939,127.197831,,경기도 하남시청,031-790-6294,2024-07-02,4040000,경기도 하남시
경기도,하남시,신장로205번길,,2006,6,45,1,N,37.543368,127.198493,37.543141,127.198091,,경기도 하남시청,031-790-6294,2024-07-02,4040000,경기도 하남시
경기도,하남시,덕풍천동로,,2005,10,330,2,Y,37.545666,127.217378,37.548321,127.219181,,경기도 하남시청,031-790-6294,2024-07-02,4040000,경기도 하남시
강원특별자치도,동해시,일출로,묵호항 진입로 혼잡 방지,2018,6,70,1,N,37.552121,129.113857,37.551672,129.113562,,강원특별자치도 동해시청,033-530-2252,2025-11-04,4211000,강원특별자치도 동해시
강원특별자치도,동해시,수원지 1길,보행안전,2018,6,120,1,N,37.538636,129.101834,37.538661,129.400202,,강원특별자치도 동해시청,033-530-2252,2025-11-04,4211000,강원특별자치도 동해시
강원특별자치도,동해시,발한천윗길,어린이보호구역 이면도로,2018,4,100,1,Y,37.551561,129.104828,37.552413,129.104069,,강원특별자치도 동해시청,033-530-2252,2025-11-04,4211000,강원특별자치도 동해시
경기도,광명시,하안로288번길,,1900,6,45.14,1,N,37.4617650,126.8809710,37.4621540,126.8806480,,경기도 광명시 도시교통과,02-2680-2576,2025-12-11,3900000,경기도 광명시
경기도,광명시,하안로288번길,,1900,6,99.18,1,N,37.4622070,126.8805950,37.4628170,126.8812100,,경기도 광명시 도시교통과,02-2680-2576,2025-12-11,3900000,경기도 광명시
경기도,광명시,참사랑길,,1900,12,106.04,1,N,37.4620020,126.8802850,37.4626090,126.8813980,,경기도 광명시 도시교통과,02-2680-2576,2025-12-11,3900000,경기도 광명시
경기도,광명시,하안로288번길,,1900,12,233.59,1,N,37.4615690,126.8806740,37.4631420,126.8809560,,경기도 광명시 도시교통과,02-2680-2576,2025-12-11,3900000,경기도 광명시
경기도,광명시,하안로287변길,,1900,6,131.8,1,N,37.4618150,126.8798340,37.4614290,126.8786660,,경기도 광명시 도시교통과,02-2680-2576,2025-12-11,3900000,경기도 광명시
경기도,광명시,범안로,,1900,10,274.26,1,N,37.4637390,126.8788240,37.4632340,126.8808770,,경기도 광명시 도시교통과,02-2680-2576,2025-12-11,3900000,경기도 광명시
경기도,광명시,범안로,,1900,10,274.26,1,N,37.4618090,126.8782820,37.4635130,126.8784890,,경기도 광명시 도시교통과,02-2680-2576,2025-12-11,3900000,경기도 광명시
경기도,광명시,안현길,,1900,8,317.57,1,N,37.4594320,126.8717620,37.4612580,126.8745950,,경기도 광명시 도시교통과,02-2680-2576,2025-12-11,3900000,경기도 광명시
경기도,광명시,안현6길,,1900,8,206.82,1,N,37.4598820,126.8743780,37.4606130,126.8736750,,경기도 광명시 도시교통과,02-2680-2576,2025-12-11,3900000,경기도 광명시
경기도,광명시,안현1길,,1900,8,207,1,N,37.4598450,126.8743870,37.4586700,126.8725530,,경기도 광명시 도시교통과,02-2680-2576,2025-12-11,3900000,경기도 광명시
경기도,광명시,안재로 14번길,,1900,8,100,1,N,37.4607000,126.8737000,37.4613000,126.8746000,,경기도 광명시 도시교통과,02-2680-2576,2025-12-11,3900000,경기도 광명시
경기도,광명시,하안로 288번길,,1900,10,200,1,N,37.4616000,126.8808000,37.4631000,126.8811000,,경기도 광명시 도시교통과,02-2680-2576,2025-12-11,3900000,경기도 광명시
경기도,광명시,오리로 854번길,,1900,8,125,1,Y,37.4748000,126.8670000,37.4753000,126.8686110,,경기도 광명시 도시교통과,02-2680-2576,2025-12-11,3900000,경기도 광명시
경기도,광명시,광명로791번길,,1900,4,350,1,Y,37.4708000,126.8487000,37.4722000,126.8467200,,경기도 광명시 도시교통과,02-2680-2576,2025-12-11,3900000,경기도 광명시
경기도,광명시,오리로 949번길,,1900,7,440,1,N,37.4784000,126.8574000,37.4748000,126.8555000,,경기도 광명시 도시교통과,02-2680-2576,2025-12-11,3900000,경기도 광명시
경기도,연천군,온골로53번길,원활한 교통통행,,6,53,1,N,38.025521,127.067786,38.025324,127.066953,2,경기도 연천군청 지역경제과,031-839-2292,2025-11-25,4140000,경기도 연천군
경기도,연천군,전곡로171번길,원활한 교통통행,,6,114,1,N,38.277284,127.067513,38.027015,127.066413,1,경기도 연천군청 지역경제과,031-839-2292,2025-11-25,4140000,경기도 연천군
서울특별시,관악구,청룡4길,,1999,6,120,1,N,37.48112675,126.9425258,37.48098332,126.9439553,,서울특별시 관악구,02-879-6861,2025-12-03,3200000,서울특별시 관악구
서울특별시,관악구,쑥고개로11길,,1999,6,110,1,N,37.48026766,126.9426439,37.48154194,126.9423621,,서울특별시 관악구,02-879-6861,2025-12-03,3200000,서울특별시 관악구
서울특별시,관악구,청룡8길,,1999,6,90,1,N,37.480062,126.943806,37.480178,126.942733,,서울특별시 관악구,02-879-6861,2025-12-03,3200000,서울특별시 관악구
서울특별시,관악구,남부순환로,,2015,4.5,55,1,N,37.480054,126.957607,37.479541,126.957634,,서울특별시 관악구,02-879-6861,2025-12-03,3200000,서울특별시 관악구
서울특별시,관악구,남부순환로,,1995,5.6,300,1,Y,37.475692,126.971606,37.476197,126.965999,,서울특별시 관악구,02-879-6861,2025-12-03,3200000,서울특별시 관악구
서울특별시,관악구,행운1길,,1998,7.7,445,1,N,37.479967,126.958124,37.478202,126.962637,,서울특별시 관악구,02-879-6861,2025-12-03,3200000,서울특별시 관악구
서울특별시,관악구,행운4길,,1998,5.6,412,1,N,37.478688,126.962951,37.480281,126.958824,,서울특별시 관악구,02-879-6861,2025-12-03,3200000,서울특별시 관악구
서울특별시,관악구,남부순환로239길,,1998,10,60,1,N,37.478604,126.961487,37.478144,126.961203,,서울특별시 관악구,02-879-6861,2025-12-03,3200000,서울특별시 관악구
서울특별시,관악구,행운길,,1998,9.8,190,1,N,37.480614,126.959498,37.479105,126.958762,,서울특별시 관악구,02-879-6861,2025-12-03,3200000,서울특별시 관악구
서울특별시,관악구,남부순환로233길,,1998,5.1,200,1,N,37.47952827,126.9577928,37.480646,126.959421,,서울특별시 관악구,02-879-6861,2025-12-03,3200000,서울특별시 관악구
서울특별시,관악구,남부순환로237길,,2001,6,150,1,N,37.479553,126.960885,37.480591,126.961034,,서울특별시 관악구,02-879-6861,2025-12-03,3200000,서울특별시 관악구
서울특별시,관악구,행운6길,,2001,6,150,1,N,37.481089,126.960474,37.482102,126.961459,,서울특별시 관악구,02-879-6861,2025-12-03,3200000,서울특별시 관악구
서울특별시,관악구,행운길,,2001,6,150,1,N,37.482326,126.961108,37.481304,126.960102,,서울특별시 관악구,02-879-6861,2025-12-03,3200000,서울특별시 관악구
서울특별시,관악구,행운5길,,2001,6,150,1,N,37.481723,126.959406,37.48274231,126.9604216,,서울특별시 관악구,02-879-6861,2025-12-03,3200000,서울특별시 관악구
서울특별시,관악구,행운7길,,2001,6,150,1,N,37.482958,126.960065,37.481953,126.959056,,서울특별시 관악구,02-879-6861,2025-12-03,3200000,서울특별시 관악구
서울특별시,관악구,봉천로,,1998,4,120,1,Y,37.480492,126.955834,37.480781,126.957022,,서울특별시 관악구,02-879-6861,2025-12-03,3200000,서울특별시 관악구
서울특별시,관악구,봉천로55길,,1998,6,120,1,N,37.48171289,126.9563327,37.481184,126.955209,,서울특별시 관악구,02-879-6861,2025-12-03,3200000,서울특별시 관악구
서울특별시,관악구,남부순환로,,1998,6,60,1,N,37.481691,126.953915,37.481158,126.953516,,서울특별시 관악구,02-879-6861,2025-12-03,3200000,서울특별시 관악구
인천광역시,남동구,서판로63번길,원활한 차량통행을 위하여 지정,,6,160,1,N,37.46383655,126.728493,37.46439949,126.7272174,,인천광역시 남동구청,032-453-2965,2025-11-28,3530000,인천광역시 남동구
인천광역시,남동구,서판로63번길,원활한 차량통행을 위하여 지정,,6,158,1,N,37.46389233,126.7269773,37.46383655,126.728493,,인천광역시 남동구청,032-453-2965,2025-11-28,3530000,인천광역시 남동구
인천광역시,남동구,서판로63번길,원활한 차량통행을 위하여 지정,,6,97,1,N,37.46389233,126.7269773,37.46485383,126.7258985,,인천광역시 남동구청,032-453-2965,2025-11-28,3530000,인천광역시 남동구
인천광역시,남동구,백범로,원활한 차량통행을 위하여 지정,,9,358,1,N,37.46197473,126.7187808,37.46371215,126.7202998,,인천광역시 남동구청,032-453-2965,2025-11-28,3530000,인천광역시 남동구
인천광역시,남동구,백범로,원활한 차량통행을 위하여 지정,,10,256,1,N,37.46317418,126.7163866,37.46493725,126.7169443,,인천광역시 남동구청,032-453-2965,2025-11-28,3530000,인천광역시 남동구
인천광역시,남동구,간석로,원활한 차량통행을 위하여 지정,,9,107,1,N,37.46620955,126.715453,37.46539938,126.7155234,,인천광역시 남동구청,032-453-2965,2025-11-28,3530000,인천광역시 남동구
인천광역시,남동구,간석로56번길,원활한 차량통행을 위하여 지정,,8,280,1,N,37.46515304,126.7135833,37.46750332,126.7134527,,인천광역시 남동구청,032-453-2965,2025-11-28,3530000,인천광역시 남동구
인천광역시,남동구,간석로,원활한 차량통행을 위하여 지정,,6,108,1,N,37.4664624,126.7130183,37.46584428,126.7125202,,인천광역시 남동구청,032-453-2965,2025-11-28,3530000,인천광역시 남동구
인천광역시,남동구,백범로352번길,원활한 차량통행을 위하여 지정,,8,108,1,N,37.46594647,126.7119759,37.46668147,126.7124494,,인천광역시 남동구청,032-453-2965,2025-11-28,3530000,인천광역시 남동구
인천광역시,남동구,경인로644번길,원활한 차량통행을 위하여 지정,,6,228,1,N,37.46625587,126.711428,37.46781222,126.7128596,,인천광역시 남동구청,032-453-2965,2025-11-28,3530000,인천광역시 남동구
인천광역시,남동구,경인로644번길,원활한 차량통행을 위하여 지정,,6,228,1,N,37.46667979,126.7106407,37.46827935,126.711902,,인천광역시 남동구청,032-453-2965,2025-11-28,3530000,인천광역시 남동구
인천광역시,남동구,간석로25번길,원활한 차량통행을 위하여 지정,,6,286,1,N,37.46897191,126.7117884,37.4677385,126.7102269,,인천광역시 남동구청,032-453-2965,2025-11-28,3530000,인천광역시 남동구
서울특별시,관악구,남현3길,,1998,5.7,174,1,N,37.47534311,126.9806507,37.47381106,126.9808483,,서울특별시 관악구,02-879-6861,2025-12-03,3200000,서울특별시 관악구
서울특별시,관악구,승방6길,,1998,7.3,174,1,N,37.47370813,126.9804247,37.47511615,126.980234,,서울특별시 관악구,02-879-6861,2025-12-03,3200000,서울특별시 관악구
서울특별시,관악구,남현1길,,2001,6,75,1,N,37.47567186,126.9792615,37.4751718,126.9794814,,서울특별시 관악구,02-879-6861,2025-12-03,3200000,서울특별시 관악구
서울특별시,관악구,남부순환로272길,,2001,6,95,1,N,37.47509581,126.9790879,37.47567915,126.9792678,,서울특별시 관악구,02-879-6861,2025-12-03,3200000,서울특별시 관악구
서울특별시,관악구,남부순환로272길,,2001,6,110,1,N,37.47578075,126.9784361,37.47480836,126.9784155,,서울특별시 관악구,02-879-6861,2025-12-03,3200000,서울특별시 관악구
서울특별시,관악구,남현6길,,2001,7.5,245,1,Y,37.47319849,126.9742334,37.47407321,126.9753878,,서울특별시 관악구,02-879-6861,2025-12-03,3200000,서울특별시 관악구
서울특별시,관악구,남부순환로262길,,2001,6,215,1,N,37.47436153,126.9754136,37.47608336,126.9750486,,서울특별시 관악구,02-879-6861,2025-12-03,3200000,서울특별시 관악구
서울특별시,관악구,남현길,,1999,5,300,1,N,37.47596356,126.9772904,37.47549621,126.9739462,,서울특별시 관악구,02-879-6861,2025-12-03,3200000,서울특별시 관악구
서울특별시,관악구,남현12길,,2001,4.3,208,1,Y,37.47147986,126.972549,37.47181272,126.9726455,,서울특별시 관악구,02-879-6861,2025-12-03,3200000,서울특별시 관악구
서울특별시,관악구,남부순환로256길,,2001,5.5,220,1,Y,37.47402501,126.9727451,37.47420738,126.9725951,,서울특별시 관악구,02-879-6861,2025-12-03,3200000,서울특별시 관악구
서울특별시,관악구,남현2길,,2001,6,156,1,N,37.47439537,126.9727061,37.47534099,126.9737254,,서울특별시 관악구,02-879-6861,2025-12-03,3200000,서울특별시 관악구
서울특별시,관악구,남부순환로260길,,2001,6,115,1,N,37.47446004,126.9719402,37.47528351,126.9714484,,서울특별시 관악구,02-879-6861,2025-12-03,3200000,서울특별시 관악구
서울특별시,관악구,봉천로,,2015,6,50,1,N,37.47655909,126.963413,37.47680769,126.9635469,,서울특별시 관악구,02-879-6861,2025-12-03,3200000,서울특별시 관악구
서울특별시,관악구,남부순환로,,2015,7.5,50,1,Y,37.47733665,126.9620615,37.47715694,126.9619524,,서울특별시 관악구,02-879-6861,2025-12-03,3200000,서울특별시 관악구
서울특별시,관악구,인헌12길,,2001,5.2,192,1,N,37.47185576,126.9665421,37.47031513,126.9674643,,서울특별시 관악구,02-879-6861,2025-12-03,3200000,서울특별시 관악구
서울특별시,관악구,인헌12나길,,2001,5.7,185,1,N,37.47016777,126.9670333,37.471587,126.9662046,,서울특별시 관악구,02-879-6861,2025-12-03,3200000,서울특별시 관악구
서울특별시,관악구,인헌길,,2001,5.3,228,1,N,37.47127163,126.967175,37.46972987,126.9660261,,서울특별시 관악구,02-879-6861,2025-12-03,3200000,서울특별시 관악구
서울특별시,관악구,인헌16길,,2001,7.5,360,1,N,37.46949951,126.9653373,37.4720826,126.9666301,,서울특별시 관악구,02-879-6861,2025-12-03,3200000,서울특별시 관악구
서울특별시,관악구,인헌9길,,2001,6.3,443,1,N,37.47255076,126.9686908,37.4727826,126.9685688,,서울특별시 관악구,02-879-6861,2025-12-03,3200000,서울특별시 관악구
서울특별시,관악구,인헌길,,2001,6.6,350,1,N,37.47446886,126.9669953,37.47455063,126.9699382,,서울특별시 관악구,02-879-6861,2025-12-03,3200000,서울특별시 관악구
서울특별시,관악구,인헌1길,,2001,5.6,273,1,N,37.47468833,126.9698955,37.47507889,126.9671942,,서울특별시 관악구,02-879-6861,2025-12-03,3200000,서울특별시 관악구
서울특별시,관악구,남부순환로,,1995,6.2,284,1,Y,37.47506129,126.9684974,37.47541118,126.9718251,,서울특별시 관악구,02-879-6861,2025-12-03,3200000,서울특별시 관악구
서울특별시,관악구,남부순환로248길,,2001,6.5,175,1,N,37.47534827,126.9657305,37.47452562,126.9667037,,서울특별시 관악구,02-879-6861,2025-12-03,3200000,서울특별시 관악구
서울특별시,관악구,인헌길,,1995,5.7,115,1,N,37.47509152,126.9667867,37.47581842,126.9659672,,서울특별시 관악구,02-879-6861,2025-12-03,3200000,서울특별시 관악구
서울특별시,관악구,남부순환로246길,,2001,5.1,405,1,N,37.47554454,126.9641323,37.47360811,126.963993,,서울특별시 관악구,02-879-6861,2025-12-03,3200000,서울특별시 관악구
서울특별시,관악구,남부순환로,,2001,7,45,1,N,37.47628446,126.9647354,37.47606632,126.9645911,,서울특별시 관악구,02-879-6861,2025-12-03,3200000,서울특별시 관악구
서울특별시,관악구,봉천로,,2001,7.5,475,1,N,37.47678408,126.9620207,37.47489867,126.9654632,,서울특별시 관악구,02-879-6861,2025-12-03,3200000,서울특별시 관악구
서울특별시,관악구,은천로,,2002,4.6,50,1,N,37.48706314,126.9463416,37.4873576,126.9465833,,서울특별시 관악구,02-879-6861,2025-12-03,3200000,서울특별시 관악구
서울특별시,관악구,국회단지2길,,2002,5.5,257,1,N,37.48672922,126.9395416,37.48617339,126.9419004,,서울특별시 관악구,02-879-6861,2025-12-03,3200000,서울특별시 관악구
서울특별시,관악구,쑥고개로13길,,1999,6,130,1,N,37.48092826,126.9440158,37.48011182,126.9439007,,서울특별시 관악구,02-879-6861,2025-12-03,3200000,서울특별시 관악구
서울특별시,관악구,남부순환로226길,,2001,5.8,46,1,N,37.479564,126.953744,37.479255,126.954844,,서울특별시 관악구,02-879-6861,2025-12-03,3200000,서울특별시 관악구
서울특별시,관악구,남부순환로228길,,2001,5.6,446,1,N,37.475826,126.953795,37.479719,126.954878,,서울특별시 관악구,02-879-6861,2025-12-03,3200000,서울특별시 관악구
서울특별시,관악구,관악로16길,,2001,4.9,130,1,N,37.479585,126.955351,37.480103,126.953966,,서울특별시 관악구,02-879-6861,2025-12-03,3200000,서울특별시 관악구
서울특별시,관악구,중앙1길,,1999,5.6,130,1,N,37.484063,126.952459,37.483575,126.953645,,서울특별시 관악구,02-879-6861,2025-12-03,3200000,서울특별시 관악구
서울특별시,관악구,중앙길,,1999,7,30,1,N,37.483942,126.953629,37.483695,126.953425,,서울특별시 관악구,02-879-6861,2025-12-03,3200000,서울특별시 관악구
서울특별시,관악구,중앙길,,1999,6.5,170,1,N,37.483562,126.953954,37.484295,126.952707,,서울특별시 관악구,02-879-6861,2025-12-03,3200000,서울특별시 관악구
서울특별시,관악구,청림2길,,2002,5.7,208,1,N,37.488232,126.958773,37.486403,126.958179,,서울특별시 관악구,02-879-6861,2025-12-03,3200000,서울특별시 관악구
서울특별시,관악구,남부순환로218길,,1998,5.8,52,1,N,37.48092801,126.9506315,37.48113773,126.9507276,,서울특별시 관악구,02-879-6861,2025-12-03,3200000,서울특별시 관악구
서울특별시,관악구,남부순환로,,1998,8,54,1,N,37.48100811,126.9515609,37.4808628,126.9515416,,서울특별시 관악구,02-879-6861,2025-12-03,3200000,서울특별시 관악구
서울특별시,관악구,관악로,,1998,5.5,370,1,Y,37.47436538,126.9520608,37.47762429,126.9515917,,서울특별시 관악구,02-879-6861,2025-12-03,3200000,서울특별시 관악구
서울특별시,관악구,관악로11길,,1998,5.8,92,1,N,37.4781547,126.9496296,37.47875911,126.9497859,,서울특별시 관악구,02-879-6861,2025-12-03,3200000,서울특별시 관악구
서울특별시,관악구,쑥고개로,,1998,5.9,90,1,N,37.47870201,126.9504785,37.47797386,126.950347,,서울특별시 관악구,02-879-6861,2025-12-03,3200000,서울특별시 관악구
서울특별시,관악구,관악로,,1997,5.3,448,1,Y,37.47762755,126.9518863,37.47874179,126.9473947,,서울특별시 관악구,02-879-6861,2025-12-03,3200000,서울특별시 관악구
서울특별시,관악구,국회단지길,,2002,5.2,210,1,Y,37.48680399,126.9396352,37.48662208,126.941825,,서울특별시 관악구,02-879-6861,2025-12-03,3200000,서울특별시 관악구
서울특별시,관악구,봉천로21길,,2019,5.7,410,1,Y,37.49100189,126.9338932,37.49265401,126.9338984,,서울특별시 관악구,02-879-6861,2025-12-03,3200000,서울특별시 관악구
서울특별시,관악구,봉천로23길,,2002,5.2,350,1,N,37.48694714,126.9354528,37.48661594,126.9392107,,서울특별시 관악구,02-879-6861,2025-12-03,3200000,서울특별시 관악구
서울특별시,관악구,봉천로23다길,,2002,5.2,335,1,N,37.48726285,126.9393831,37.4873744,126.9357071,,서울특별시 관악구,02-879-6861,2025-12-03,3200000,서울특별시 관악구
서울특별시,관악구,보라매로2길,,1999,6,188,1,N,37.48981381,126.9293105,37.48934096,126.9304413,,서울특별시 관악구,02-879-6861,2025-12-03,3200000,서울특별시 관악구
서울특별시,관악구,당곡길,,1995,6,540,1,N,37.48941258,126.9289336,37.48701848,126.934065,,서울특별시 관악구,02-879-6861,2025-12-03,3200000,서울특별시 관악구
서울특별시,관악구,봉천로,,2002,5.2,996,1,N,37.48613365,126.9347831,37.48245576,126.9462383,,서울특별시 관악구,02-879-6861,2025-12-03,3200000,서울특별시 관악구
서울특별시,관악구,양녕로,,2002,5.5,930,1,N,37.48303545,126.946312,37.48608776,126.9360416,,서울특별시 관악구,02-879-6861,2025-12-03,3200000,서울특별시 관악구
서울특별시,관악구,남부순환로,,2002,5.8,60,1,N,37.48232798,126.944765,37.48263832,126.9450595,,서울특별시 관악구,02-879-6861,2025-12-03,3200000,서울특별시 관악구
서울특별시,관악구,남부순환로,,2002,6,60,1,N,37.48271131,126.9423527,37.4824206,126.9433939,,서울특별시 관악구,02-879-6861,2025-12-03,3200000,서울특별시 관악구
서울특별시,관악구,남부순환로,,2002,7.8,60,1,N,37.4825546,126.9422228,37.48297619,126.9420599,,서울특별시 관악구,02-879-6861,2025-12-03,3200000,서울특별시 관악구
서울특별시,관악구,남부순환로,,2002,5.8,60,1,N,37.48335765,126.9408575,37.48309328,126.9406441,,서울특별시 관악구,02-879-6861,2025-12-03,3200000,서울특별시 관악구
서울특별시,관악구,남부순환로,,2002,5.1,60,1,N,37.48358654,126.9393961,37.4839328,126.9396549,,서울특별시 관악구,02-879-6861,2025-12-03,3200000,서울특별시 관악구
서울특별시,관악구,봉천로,,2002,5.7,60,1,N,37.48460423,126.9380886,37.484349,126.9378582,,서울특별시 관악구,02-879-6861,2025-12-03,3200000,서울특별시 관악구
서울특별시,관악구,남부순환로,,2002,5.7,60,1,N,37.48467085,126.9371098,37.48500667,126.9373238,,서울특별시 관악구,02-879-6861,2025-12-03,3200000,서울특별시 관악구
서울특별시,관악구,봉천로,,2002,6.7,80,1,N,37.48566717,126.9358445,37.48506485,126.9356585,,서울특별시 관악구,02-879-6861,2025-12-03,3200000,서울특별시 관악구
서울특별시,관악구,은천로39길,,2002,5.7,191,1,N,37.48724947,126.9553538,37.48724134,126.9565296,,서울특별시 관악구,02-879-6861,2025-12-03,3200000,서울특별시 관악구
서울특별시,관악구,남현1길,,2001,6,129,1,N,37.47476022,126.9811982,37.47323312,126.9818843,,서울특별시 관악구,02-879-6861,2025-12-03,3200000,서울특별시 관악구
서울특별시,관악구,남현3길,,1998,6.3,120,1,N,37.47534311,126.9806507,37.47381106,126.9808483,,서울특별시 관악구,02-879-6861,2025-12-03,3200000,서울특별시 관악구
경기도,수원시,동수원로 146번길,,,5,110,1,N,37.244474,127.032408,37.243322,127.031751,,경기도 수원시 권선구청,031-5191-6364,2025-11-24,3740000,경기도 수원시
경기도,수원시,동수원로 146번길,,,6,80,1,N,37.244611,127.033231,37.244426,127.032746,,경기도 수원시 권선구청,031-5191-6364,2025-11-24,3740000,경기도 수원시
경기도,수원시,동수원로 146번길,,,6,180,1,N,37.245567,127.034286,37.244849,127.033921,,경기도 수원시 권선구청,031-5191-6364,2025-11-24,3740000,경기도 수원시
경기도,수원시,동수원로 146번길,,,6,100,1,N,37.245631,127.032567,37.245256,127.033689,,경기도 수원시 권선구청,031-5191-6364,2025-11-24,3740000,경기도 수원시
경기도,수원시,삼천병마로 1598,,,8,98,1,Y,37.246464,126.966337,37.246006,126.966296,,경기도 수원시 권선구청,031-5191-6364,2025-11-24,3740000,경기도 수원시
경기도,수원시,장안로 217번길,,2021,6,130,1,N,37.30179547,126.9934422,37.30128651,126.9924584,,경기도 수원시 장안구청,031-5191-5434,2025-11-24,3740000,경기도 수원시
경기도,수원시,창훈로29번길,,2021,4,100,1,N,37.29528442,127.0291129,37.29587838,127.0295156,,경기도 수원시 장안구청,031-5191-5434,2025-11-24,3740000,경기도 수원시
경기도,수원시,파장로 68번길,,2019,7,133,1,N,37.307454,126.992523,37.308222,126.991504,,경기도 수원시 장안구청,031-5191-5434,2025-11-24,3740000,경기도 수원시
경기도,수원시,경수대로1079,,2017,7,350,1,N,37.30684452,126.9920533,37.306584,126.991874,,경기도 수원시 장안구청,031-5191-5434,2025-11-24,3740000,경기도 수원시
경기도,수원시,파장천로44번길,,2017,9,25,1,N,37.30918747,126.9985505,37.30873244,126.9979583,,경기도 수원시 장안구청,031-5191-5434,2025-11-24,3740000,경기도 수원시
경기도,수원시,파장로82번길,,2017,6,78,1,N,37.30747076,126.9923155,37.30683326,126.9920504,,경기도 수원시 장안구청,031-5191-5434,2025-11-24,3740000,경기도 수원시
경기도,수원시,상률로12번길,,2016,8,60,1,N,37.30509718,126.9688454,37.3043425,126.9685976,,경기도 수원시 장안구청,031-5191-5434,2025-11-24,3740000,경기도 수원시
경기도,수원시,금당로69번길,,2016,10,80,1,Y,37.302532,127.017442,37.302247,127.017106,,경기도 수원시 장안구청,031-5191-5434,2025-11-24,3740000,경기도 수원시
경기도,수원시,금당로9번길,,2015,6,360,1,N,37.30472888,127.0130759,37.30445177,127.0134397,,경기도 수원시 장안구청,031-5191-5434,2025-11-24,3740000,경기도 수원시
서울특별시,관악구,쑥고개로 28길,,2022,4.5,90,1,N,37.478796,126.950251,37.478025,126.950225,,서울특별시 관악구,02-879-6861,2025-12-03,3200000,서울특별시 관악구
서울특별시,관악구,청룡길,,2021,8,260,1,Y,37.478025,126.950225,37.478796,126.950251,,서울특별시 관악구,02-879-6861,2025-12-03,3200000,서울특별시 관악구
서울특별시,관악구,남부순환로 214길,,2021,6,260,1,Y,37.478024,126.950224,37.478024,126.950224,,서울특별시 관악구,02-879-6861,2025-12-03,3200000,서울특별시 관악구
서울특별시,관악구,남부순환로234길,,2015,5.7,50,1,N,37.478805,126.957211,37.479245,126.957512,,서울특별시 관악구,02-879-6861,2025-12-03,3200000,서울특별시 관악구
서울특별시,관악구,남부순환로240길,,2001,5.7,144,1,N,37.477371,126.960739,37.476224,126.961492,,서울특별시 관악구,02-879-6861,2025-12-03,3200000,서울특별시 관악구
서울특별시,관악구,봉천로62길,,2001,19,83,1,Y,37.478224,126.958528,37.477401,126.958876,,서울특별시 관악구,02-879-6861,2025-12-03,3200000,서울특별시 관악구
서울특별시,관악구,낙성대로4가길,,2001,6,120,1,N,37.477192,126.958214,37.476124,126.958655,,서울특별시 관악구,02-879-6861,2025-12-03,3200000,서울특별시 관악구
서울특별시,관악구,낙성대로4길,,2001,5.3,62,1,N,37.476475,126.957775,37.477056,126.957573,,서울특별시 관악구,02-879-6861,2025-12-03,3200000,서울특별시 관악구
서울특별시,관악구,관악로14나길,,2001,5.7,171,1,N,37.477954,126.957503,37.476461,126.956945,,서울특별시 관악구,02-879-6861,2025-12-03,3200000,서울특별시 관악구
서울특별시,관악구,남부순환로 234길,,2001,5.6,210,1,N,37.476381,126.956154,37.478197,126.956854,,서울특별시 관악구,02-879-6861,2025-12-03,3200000,서울특별시 관악구
서울특별시,관악구,관악로14가길,,2001,5.5,109,1,N,37.475524,126.955075,37.476486,126.955455,,서울특별시 관악구,02-879-6861,2025-12-03,3200000,서울특별시 관악구
서울특별시,관악구,남부순환로234길,,2001,4,58,1,N,37.475337,126.955681,37.475494,126.955102,,서울특별시 관악구,02-879-6861,2025-12-03,3200000,서울특별시 관악구
서울특별시,관악구,남부순환로230길,,2001,8.8,230,1,N,37.477678,126.955215,37.475668,126.954428,,서울특별시 관악구,02-879-6861,2025-12-03,3200000,서울특별시 관악구
서울특별시,관악구,관악로8길,,2001,6.7,136,1,Y,37.475651,126.954386,37.475678,126.952724,,서울특별시 관악구,02-879-6861,2025-12-03,3200000,서울특별시 관악구
서울특별시,관악구,관악로10길,,2001,5.5,603,1,N,37.476735,126.952485,37.476176,126.958968,,서울특별시 관악구,02-879-6861,2025-12-03,3200000,서울특별시 관악구
서울특별시,관악구,관악로12길,,2001,6.2,581,1,N,37.477365,126.958837,37.478184,126.952329,,서울특별시 관악구,02-879-6861,2025-12-03,3200000,서울특별시 관악구
서울특별시,관악구,관악로14길,,2001,7.8,172,1,N,37.479093,126.953661,37.478559,126.955531,,서울특별시 관악구,02-879-6861,2025-12-03,3200000,서울특별시 관악구
경기도,수원시,매여울로67번길,,,6,130,1,N,37.27396645,127.0447689,37.27433364,127.0425193,,경기도 수원시 영통구청,031-5191-8345,2025-11-24,3740000,경기도 수원시
경기도,수원시,중부대로246번길,,,4,110,1,N,37.27367671,127.0419815,37.27375192,127.0411214,,경기도 수원시 영통구청,031-5191-8345,2025-11-24,3740000,경기도 수원시
경기도,수원시,매영로56번길,,,4,100,1,N,37.26866608,127.0486563,37.26893632,127.0477195,,경기도 수원시 영통구청,031-5191-8345,2025-11-24,3740000,경기도 수원시
경기도,수원시,아주로47번길,,,8,75,1,N,37.278325,127.041189,37.278994,127.041811,,경기도 수원시 팔달구청,031-5191-7435,2025-11-24,3740000,경기도 수원시
경기도,수원시,아주로47번길,,,8,85,1,N,37.279137,127.043704,37.279007,127.041106,,경기도 수원시 팔달구청,031-5191-7435,2025-11-24,3740000,경기도 수원시
경기도,수원시,수원천로 299번길,,,6,45,1,Y,37.274094,127.019034,37.274162,127.018027,,경기도 수원시 팔달구청,031-5191-7435,2025-11-24,3740000,경기도 수원시
경기도,수원시,신풍로,,,6,250,1,Y,37.283251,127.014783,37.285426,127.014072,,경기도 수원시 팔달구청,031-5191-7435,2025-11-24,3740000,경기도 수원시
경기도,수원시,정조로,,,8,70,1,Y,37.275161,127.016546,37.275199,127.015689,,경기도 수원시 팔달구청,031-5191-7435,2025-11-24,3740000,경기도 수원시
경기도,수원시,정조로886번길,,,7.5,170,1,Y,37.286967,127.015203,37.287269,127.017102,,경기도 수원시 팔달구청,031-5191-7435,2025-11-24,3740000,경기도 수원시
경기도,수원시,화서문로16번길,,,6,500,1,N,37.285249,127.009808,37.284811,127.010696,,경기도 수원시 팔달구청,031-5191-7435,2025-11-24,3740000,경기도 수원시
경기도,수원시,화서문로72번길,,,6,110,1,N,37.285835,127.015887,37.285041,127.016449,,경기도 수원시 팔달구청,031-5191-7435,2025-11-24,3740000,경기도 수원시
경기도,수원시,수원천로,,,4,475,1,Y,37.275311,127.019973,37.279592,127.018741,,경기도 수원시 팔달구청,031-5191-7435,2025-11-24,3740000,경기도 수원시
경기도,수원시,수원천로,,,4,240,1,Y,37.279592,127.018741,37.281795,127.018384,,경기도 수원시 팔달구청,031-5191-7435,2025-11-24,3740000,경기도 수원시
경기도,수원시,수원천로,,,9,240,1,Y,37.285299,127.017971,37.281898,127.018384,,경기도 수원시 팔달구청,031-5191-7435,2025-11-24,3740000,경기도 수원시
경기도,수원시,수원천로,,,5,440,1,Y,37.275204,127.019511,37.271522,127.017128,,경기도 수원시 팔달구청,031-5191-7435,2025-11-24,3740000,경기도 수원시
경기도,수원시,수원천로,,,5,250,1,Y,37.277585,127.018739,37.275204,127.019511,,경기도 수원시 팔달구청,031-5191-7435,2025-11-24,3740000,경기도 수원시
경기도,수원시,수원천로231번길,,,6,130,1,N,37.274322,127.018075,37.274325,127.019175,,경기도 수원시 팔달구청,031-5191-7435,2025-11-24,3740000,경기도 수원시
경기도,수원시,매산로151번길,,,6,110,1,N,37.272917,127.016945,37.273976,127.016581,,경기도 수원시 팔달구청,031-5191-7435,2025-11-24,3740000,경기도 수원시
경기도,수원시,행궁로,,,6,130,1,Y,37.274083,127.015637,37.275099,127.016528,,경기도 수원시 팔달구청,031-5191-7435,2025-11-24,3740000,경기도 수원시
경기도,수원시,창룡대로8번길,,,6,460,1,N,37.281756,127.017484,37.278461,127.017709,,경기도 수원시 팔달구청,031-5191-7435,2025-11-24,3740000,경기도 수원시
경기도,수원시,행궁로,,,8,960,1,Y,37.281089,127.014749,37.272594,127.016062,,경기도 수원시 팔달구청,031-5191-7435,2025-11-24,3740000,경기도 수원시
경기도,수원시,세권로 94번길,,,6,128,1,N,37.25682311,127.0147766,37.25682311,127.0147766,,경기도 수원시 권선구청,031-5191-6364,2025-11-24,3740000,경기도 수원시
경기도,수원시,정조로 536번길,,,6,54,1,N,37.256761,127.013408,37.256268,127.013381,,경기도 수원시 권선구청,031-5191-6364,2025-11-24,3740000,경기도 수원시
경기도,수원시,정조로 536번길,,,8,60,1,N,37.256761,127.013111,37.275199,127.015689,,경기도 수원시 권선구청,031-5191-6364,2025-11-24,3740000,경기도 수원시
경기도,수원시,곡선로 49번길,,,6,100,1,N,37.240231,127.030609,37.239824,127.031724,,경기도 수원시 권선구청,031-5191-6364,2025-11-24,3740000,경기도 수원시
경기도,수원시,곡선로 49번길,,,6,210,1,N,37.240912,127.029726,37.240194,127.031883,,경기도 수원시 권선구청,031-5191-6364,2025-11-24,3740000,경기도 수원시
경기도,수원시,동수원로 146번길,,,6,220,1,N,37.242022,127.030264,37.241335,127.032501,,경기도 수원시 권선구청,031-5191-6364,2025-11-24,3740000,경기도 수원시
경기도,수원시,동수원로 146번길,,,4,210,1,N,37.242001,127.030231,37.241277,127.032521,,경기도 수원시 권선구청,031-5191-6364,2025-11-24,3740000,경기도 수원시
경기도,수원시,동수원로 146번길,,,4,200,1,N,37.242334,127.030569,37.241663,127.032721,,경기도 수원시 권선구청,031-5191-6364,2025-11-24,3740000,경기도 수원시
경기도,수원시,동수원로 146번길,,,9,190,1,N,37.242651,127.030808,37.242038,127.032813,,경기도 수원시 권선구청,031-5191-6364,2025-11-24,3740000,경기도 수원시
경기도,수원시,동수원로 146번길,,,5,140,1,N,37.275204,127.019511,37.271522,127.017128,,경기도 수원시 권선구청,031-5191-6364,2025-11-24,3740000,경기도 수원시
경기도,수원시,권선로908번길,,2021,6,130,1,Y,37.24700777,127.0436434,37.24768531,127.044733,,경기도 수원시 영통구청,031-5191-8345,2025-11-24,3740000,경기도 수원시
경기도,수원시,영통로 153번길,,2020,6,150,1,N,37.24164607,127.0509434,37.24205597,127.0500465,,경기도 수원시 영통구청,031-5191-8345,2025-11-24,3740000,경기도 수원시
경기도,수원시,매여울로53번길,,2019,6,40,1,Y,37.27338489,127.0421468,37.27264971,127.0444216,,경기도 수원시 영통구청,031-5191-8345,2025-11-24,3740000,경기도 수원시
경기도,수원시,태장로71번길,,2017,8,130,1,Y,37.23978229,127.0543061,37.2397824,127.0548414,,경기도 수원시 영통구청,031-5191-8345,2025-11-24,3740000,경기도 수원시
경기도,수원시,중부대로246번길,,2016,4,90,1,Y,37.27367671,127.041897,37.27375192,127.0411214,,경기도 수원시 영통구청,031-5191-8345,2025-11-24,3740000,경기도 수원시
경기도,수원시,매영로46번길,,,6,80,1,N,37.2683949,127.0472293,37.26893632,127.0477195,,경기도 수원시 영통구청,031-5191-8345,2025-11-24,3740000,경기도 수원시
경기도,수원시,산남로80번길,,,6,120,1,N,37.27077915,127.0511279,37.26984019,127.0506741,,경기도 수원시 영통구청,031-5191-8345,2025-11-24,3740000,경기도 수원시
경기도,수원시,산남로90번길,,,6,120,1,N,37.27101006,127.0497017,37.27068476,127.0508225,,경기도 수원시 영통구청,031-5191-8345,2025-11-24,3740000,경기도 수원시
경기도,수원시,동수원로514번길,,,6,90,1,N,37.27069787,127.048788,37.27129792,127.0493149,,경기도 수원시 영통구청,031-5191-8345,2025-11-24,3740000,경기도 수원시
경기도,수원시,동수원로514번길,,,6,80,1,N,37.27141108,127.0489276,37.27071353,127.0483996,,경기도 수원시 영통구청,031-5191-8345,2025-11-24,3740000,경기도 수원시
경기도,수원시,매여울로10번길,,,6,90,1,N,37.27159424,127.0483004,37.27090207,127.0480709,,경기도 수원시 영통구청,031-5191-8345,2025-11-24,3740000,경기도 수원시
경기도,수원시,매여울로10번길,,,6,90,1,N,37.27099119,127.0466964,37.27155027,127.0471982,,경기도 수원시 영통구청,031-5191-8345,2025-11-24,3740000,경기도 수원시
경기도,수원시,매여울로10번길,,,6,280,1,N,37.27184072,127.045939,37.27048459,127.0483465,,경기도 수원시 영통구청,031-5191-8345,2025-11-24,3740000,경기도 수원시
경기도,수원시,매여울로40번길,,,6,180,1,N,37.27165154,127.0480984,37.27204958,127.0463893,,경기도 수원시 영통구청,031-5191-8345,2025-11-24,3740000,경기도 수원시
경기도,수원시,매여울로40번길,,,6,120,1,N,37.27245603,127.0473276,37.27182731,127.0481571,,경기도 수원시 영통구청,031-5191-8345,2025-11-24,3740000,경기도 수원시
경기도,수원시,매여울로40번길,,,6,120,1,N,37.27262982,127.0478425,37.27182731,127.0481571,,경기도 수원시 영통구청,031-5191-8345,2025-11-24,3740000,경기도 수원시
경기도,수원시,매여울로40번길,,,6,100,1,N,37.27267572,127.0495084,37.27197936,127.0489249,,경기도 수원시 영통구청,031-5191-8345,2025-11-24,3740000,경기도 수원시
경기도,수원시,매여울로40번길,,,6,180,1,N,37.2720424,127.0487875,37.27266924,127.0496908,,경기도 수원시 영통구청,031-5191-8345,2025-11-24,3740000,경기도 수원시
경기도,수원시,매봉로49번길,,,6,100,1,N,37.27267107,127.0508914,37.27186336,127.0505252,,경기도 수원시 영통구청,031-5191-8345,2025-11-24,3740000,경기도 수원시
경기도,수원시,매봉로35번길,,,6,110,1,N,37.27181716,127.0506827,37.27265748,127.0510789,,경기도 수원시 영통구청,031-5191-8345,2025-11-24,3740000,경기도 수원시
경기도,수원시,매봉로35번길,,,6,120,1,N,37.2726471,127.0517497,37.27172761,127.0510715,,경기도 수원시 영통구청,031-5191-8345,2025-11-24,3740000,경기도 수원시
경기도,수원시,매봉로35번길,,,6,130,1,N,37.27153037,127.0516885,37.27258492,127.0521578,,경기도 수원시 영통구청,031-5191-8345,2025-11-24,3740000,경기도 수원시
경기도,수원시,월드컵로151번길,,,6,190,1,N,37.27720637,127.0485234,37.2757675,127.047655,,경기도 수원시 영통구청,031-5191-8345,2025-11-24,3740000,경기도 수원시
경기도,수원시,월드컵로149번길,,,8,180,1,Y,37.27564332,127.0479035,37.27720637,127.0485234,,경기도 수원시 영통구청,031-5191-8345,2025-11-24,3740000,경기도 수원시
경기도,수원시,매여울로52번길,,,4,170,1,N,37.27255441,127.0448135,37.27367344,127.0452145,,경기도 수원시 영통구청,031-5191-8345,2025-11-24,3740000,경기도 수원시
경기도,수원시,동수원로507번길,,,6,130,1,N,37.27378515,127.0455047,37.27282826,127.0459459,,경기도 수원시 영통구청,031-5191-8345,2025-11-24,3740000,경기도 수원시
경기도,수원시,동수원로513번길,,,6,130,1,N,37.2732508,127.0467598,37.27353304,127.0457307,,경기도 수원시 영통구청,031-5191-8345,2025-11-24,3740000,경기도 수원시
경기도,수원시,중부대로256번길,,,6,160,1,N,37.27287699,127.0431154,37.272749,127.0434713,,경기도 수원시 영통구청,031-5191-8345,2025-11-24,3740000,경기도 수원시
경기도,수원시,매영로56번길,,,4,100,1,N,37.26853371,127.0475618,37.26819141,127.0479868,,경기도 수원시 영통구청,031-5191-8345,2025-11-24,3740000,경기도 수원시
경기도,수원시,매여울로57번길,,,6,200,1,N,37.27312822,127.0442618,37.27366779,127.0422227,,경기도 수원시 영통구청,031-5191-8345,2025-11-24,3740000,경기도 수원시
경기도,수원시,매여울로61번길,,,8,200,1,N,37.2739504,127.0423677,37.27358808,127.0445998,,경기도 수원시 영통구청,031-5191-8345,2025-11-24,3740000,경기도 수원시
광주광역시,서구,매월1로57번길,교행불가,,13.5,355,3,Y,35.1129728,126.858339,35.11520825,126.8605705,,광주광역시서구청,062-360-7811,2025-11-24,3600000,광주광역시 서구
광주광역시,서구,매월1로49번길,교행불가,,13.5,355,3,Y,35.11391065,126.8564168,35.11564466,126.8604618,,광주광역시서구청,062-360-7811,2025-11-24,3600000,광주광역시 서구
광주광역시,서구,대남대로 472번길,교행불가,,8,160,1,Y,35.1521388,126.8860061,35.15321617,126.8865489,,광주광역시서구청,062-360-7811,2025-11-24,3600000,광주광역시 서구
광주광역시,서구,풍암중앙로,교행불가,,8,130,1,Y,35.1241666,126.8760704,35.1237377,126.8746669,,광주광역시서구청,062-360-7811,2025-11-24,3600000,광주광역시 서구
광주광역시,서구,상무민주로32번길,교행불가,,8,145,1,N,35.1532683,126.8586375,35.15512486,126.8594351,,광주광역시서구청,062-360-7811,2025-11-24,3600000,광주광역시 서구
광주광역시,서구,화개중앙로,교행불가,,3.2,25,1,Y,35.1221954,126.8611921,35.1222802,126.8607915,,광주광역시서구청,062-360-7811,2025-11-24,3600000,광주광역시 서구
광주광역시,서구,풍서좌로,교행불가,,15,5370,3,Y,35.1397948,126.8313858,35.1210228,126.8591795,,광주광역시서구청,062-360-7811,2025-11-24,3600000,광주광역시 서구
광주광역시,서구,풍서우로,교행불가,,15,5480,3,Y,35.1213127,126.8597038,35.1398482,126.8319752,,광주광역시서구청,062-360-7811,2025-11-24,3600000,광주광역시 서구
광주광역시,서구,천변좌하로,교행불가,,4,630,1,N,35.1659731,126.856653,35.1608013,126.8505203,,광주광역시서구청,062-360-7811,2025-11-24,3600000,광주광역시 서구
광주광역시,서구,무진대로 부채도로(남측),교행불가,,5.5,820,1,N,35.1624769,126.842752,35.1624511,126.8506115,,광주광역시서구청,062-360-7811,2025-11-24,3600000,광주광역시 서구
광주광역시,서구,무진대로 부채도로(북측),교행불가,,6,290,1,N,35.1630333,126.8511919,35.1631177,126.8495034,,광주광역시서구청,062-360-7811,2025-11-24,3600000,광주광역시 서구
광주광역시,서구,빛고을대로 부채도로(좌측),교행불가,,4,1150,1,N,35.1730538,126.8560131,35.163463,126.8554085,,광주광역시서구청,062-360-7811,2025-11-24,3600000,광주광역시 서구
광주광역시,서구,빛고을대로 부채도로(우측),교행불가,,3,1030,1,N,35.164076,126.8560765,35.1724947,126.8576181,,광주광역시서구청,062-360-7811,2025-11-24,3600000,광주광역시 서구
광주광역시,서구,화정로150번길,교행불가,,4.2,110,1,N,35.14520628,126.8739294,35.14520628,126.8739294,,광주광역시서구청,062-360-7811,2025-11-24,3600000,광주광역시 서구
광주광역시,서구,천변좌로,교행불가,,12,600,4,Y,35.1528685,126.9044149,35.1511847,126.9021689,,광주광역시서구청,062-360-7811,2025-11-24,3600000,광주광역시 서구
광주광역시,서구,천변좌로262번길,교행불가,,4.5,280,1,N,35.15278102,126.9044488,35.15153572,126.9027736,,광주광역시서구청,062-360-7811,2025-11-24,3600000,광주광역시 서구
광주광역시,서구,천변좌로(양동시장),교행불가,,14,290,1,Y,35.1547679,126.9019282,35.1529507,126.9044438,,광주광역시서구청,062-360-7811,2025-11-24,3600000,광주광역시 서구
광주광역시,서구,천변좌로,교행불가,,12,730,4,Y,35.1591663,126.8957989,35.155019,126.9016556,,광주광역시서구청,062-360-7811,2025-11-24,3600000,광주광역시 서구
충청남도,공주시,"제민천1길, 제민천3길",보행안전,,4,400,1,N,36.45639223,127.1228834,36.45301638,127.1233542,,충청남도 공주시,041-840-8504,2025-09-30,4500000,충청남도 공주시
충청남도,공주시,제민천3길,보행안전,,5,510,1,Y,36.47185822,127.127264,36.46615646,127.1238095,,충청남도 공주시,041-840-8504,2025-09-30,4500000,충청남도 공주시
충청남도,공주시,백제큰길,순환차로,,8,1700,2,N,36.49888889,127.1316667,36.51194444,127.1233333,,충청남도 공주시,041-840-8503,2025-09-30,4500000,충청남도 공주시
충청남도,공주시,흑수골길,보행안전,,4,600,1,N,36.47227127,127.1438492,36.47227127,127.1438492,,충청남도 공주시,041-840-8502,2025-09-30,4500000,충청남도 공주시
충청남도,공주시,제민천3길,보행안전,,4,210,1,N,36.45461999,127.1233309,36.45639223,127.1228834,,충청남도 공주시,041-840-8501,2025-09-30,4500000,충청남도 공주시
충청남도,공주시,우체국길,보행안전,,4,210,1,N,36.45636727,127.1234065,36.45463038,127.1234771,,충청남도 공주시,041-840-8500,2025-09-30,4500000,충청남도 공주시
충청남도,공주시,먹자2길,보행안전,,4,210,1,N,36.45460459,127.1235837,36.45648123,127.1238759,,충청남도 공주시,041-840-8499,2025-09-30,4500000,충청남도 공주시
충청남도,공주시,가구점길,보행안전,,4,210,1,N,36.45645491,127.1241393,36.45462497,127.1240908,,충청남도 공주시,041-840-8498,2025-09-30,4500000,충청남도 공주시
충청남도,공주시,제민천1길,보행안전,,4,110,1,N,36.45550349,127.122632,36.45636612,127.1223337,,충청남도 공주시,041-840-8497,2025-09-30,4500000,충청남도 공주시
충청남도,공주시,제민1길,보행안전,,4,200,1,N,36.4509695,127.1225011,36.4512401,127.1209738,,충청남도 공주시,041-840-8496,2025-09-30,4500000,충청남도 공주시
충청남도,공주시,오거리길,보행안전,,5,140,1,Y,36.44880874,127.1205939,36.44865634,127.1218498,,충청남도 공주시,041-840-8495,2025-09-30,4500000,충청남도 공주시
충청남도,공주시,제민천1길,보행안전,,4,720,1,N,36.45275393,127.1226703,36.44674258,127.1205561,,충청남도 공주시,041-840-8494,2025-09-30,4500000,충청남도 공주시
경기도,수원시,태장로7번길,,2022,8,100,1,Y,37.24092652,127.0493781,37.24065504,127.0485115,,경기도 수원시 영통구청,031-5191-8345,2025-11-24,3740000,경기도 수원시
경상남도,양산시,옥곡2길,,,7,400,1,Y,35.336411,129.036101,35.337804,129.036048,,양산경찰서,055-392-0315,2025-11-17,5380000,경상남도 양산시
광주광역시,북구,종방마을길,교행불가,2024,3.5,80,1,N,35.2438441,126.913986,35.2432313,126.9147165,,광주광역시 북구청,062-410-8932,2025-11-21,3620000,광주광역시 북구
광주광역시,북구,비엔날레로 42번길,교행불가,,7.5,135,1,N,35.176077,126.888343,35.175137,126.889492,,광주광역시 북구청,062-410-8932,2025-11-21,3620000,광주광역시 북구
광주광역시,북구,향토문화로,교행불가,,6,300,1,Y,35.167489,126.917062,35.170151,126.914825,,광주광역시 북구청,062-410-8932,2025-11-21,3620000,광주광역시 북구
광주광역시,북구,당뫼로,교행불가,,10,170,2,Y,35.170126,126.914738,35.168371,126.914024,,광주광역시 북구청,062-410-8932,2025-11-21,3620000,광주광역시 북구
광주광역시,북구,향토문화로,교행불가,,5,110,1,Y,35.173478,126.913527,35.172506,126.914003,,광주광역시 북구청,062-410-8932,2025-11-21,3620000,광주광역시 북구
광주광역시,북구,용주로 30번길,교행불가,,3.5,150,1,N,35.182445,126.904561,35.183055,126.906096,,광주광역시 북구청,062-410-8932,2025-11-21,3620000,광주광역시 북구
광주광역시,북구,당뫼로,교행불가,,10,210,2,Y,35.168275,126.913972,35.166318,126.913181,,광주광역시 북구청,062-410-8932,2025-11-21,3620000,광주광역시 북구
광주광역시,북구,문화소통로,교행불가,,19,450,4,Y,35.183851,126.898719,35.183584,126.904068,,광주광역시 북구청,062-410-8932,2025-11-21,3620000,광주광역시 북구
광주광역시,북구,천지인로,교행불가,,19,410,5,Y,35.184263,126.906232,35.184492,126.901532,,광주광역시 북구청,062-410-8932,2025-11-21,3620000,광주광역시 북구
광주광역시,북구,천지인로,교행불가,,22,240,5,Y,35.184485,126.901518,35.184647,126.898804,,광주광역시 북구청,062-410-8932,2025-11-21,3620000,광주광역시 북구
광주광역시,북구,설죽로,교행불가,,9.5,50,2,N,35.187331,126.899622,35.187708,126.898684,,광주광역시 북구청,062-410-8932,2025-11-21,3620000,광주광역시 북구
광주광역시,북구,금호로,교행불가,,11,540,2,Y,35.175286,126.886899,35.175215,126.881708,,광주광역시 북구청,062-410-8932,2025-11-21,3620000,광주광역시 북구
광주광역시,북구,금호로,교행불가,,9,320,2,Y,35.172808,126.889417,35.175305,126.886882,,광주광역시 북구청,062-410-8932,2025-11-21,3620000,광주광역시 북구
광주광역시,북구,천변우로,교행불가,,18,750,4,Y,35.155498,126.902425,35.159964,126.896252,,광주광역시 북구청,062-410-8932,2025-11-21,3620000,광주광역시 북구
광주광역시,북구,독립로 237번길,교행불가,,8,300,1,N,35.153034,126.909238,35.154701,126.906557,,광주광역시 북구청,062-410-8932,2025-11-21,3620000,광주광역시 북구
광주광역시,북구,금재로 73번길,교행불가,,8,300,1,N,35.156339,126.911381,35.157272,126.909945,,광주광역시 북구청,062-410-8932,2025-11-21,3620000,광주광역시 북구
광주광역시,북구,천변우로,교행불가,,16,260,4,Y,35.153346,126.905065,35.151715,126.907391,,광주광역시 북구청,062-410-8932,2025-11-21,3620000,광주광역시 북구
광주광역시,북구,천변우로 283번길,교행불가,,8,180,1,N,35.153406,126.905078,35.154672,126.906491,,광주광역시 북구청,062-410-8932,2025-11-21,3620000,광주광역시 북구
광주광역시,북구,독립로,교행불가,,7.5,200,2,Y,35.165519,126.916348,35.167365,126.917048,,광주광역시 북구청,062-410-8932,2025-11-21,3620000,광주광역시 북구
광주광역시,북구,동문대로 248번길,교행불가,,12,520,2,Y,35.183967,126.932089,35.183168,126.935817,,광주광역시 북구청,062-410-8932,2025-11-21,3620000,광주광역시 북구
광주광역시,북구,동문대로266번길,교행불가,,9,300,2,N,35.185401,126.933315,35.184703,126.936316,,광주광역시 북구청,062-410-8932,2025-11-21,3620000,광주광역시 북구
경상남도,남해군,독일로,,,3,434,1,N,34.798467,128.041402,34.800368,128.038475,,경상남도 남해군 건설교통과,055-860-3454,2025-11-25,5430000,경상남도 남해군
경상남도,남해군,남해대로,,,3,145,1,N,34.782377,127.961552,34.7833802,127.962226,,경상남도 남해군 건설교통과,055-860-3454,2025-11-25,5430000,경상남도 남해군
경상남도,남해군,화전로38번나길,,,5,75,1,Y,34.835451,127.896349,34.842099,128.0000247,,경상남도 남해군 건설교통과,055-860-3454,2025-11-25,5430000,경상남도 남해군
경상남도,남해군,화전로96번가길,,,5,75,1,N,34.842042,127.894798,34.835411,127.895608,,경상남도 남해군 건설교통과,055-860-3454,2025-11-25,5430000,경상남도 남해군
경상남도,남해군,망운로19번길,,,5,70,1,N,34.835184,127.891468,34.835008,127.892007,,경상남도 남해군 건설교통과,055-860-3454,2025-11-25,5430000,경상남도 남해군
경상남도,남해군,화전로,,,5,100,1,N,34.841456,127.894019,34.842054,127.894694,,경상남도 남해군 건설교통과,055-860-3454,2025-11-25,5430000,경상남도 남해군
경상남도,남해군,동부대로1858번길,,,5,150,1,Y,34.830189,128.000001,34.831417,128.000797,,경상남도 남해군 건설교통과,055-860-3454,2025-11-25,5430000,경상남도 남해군
광주광역시,서구,금화로85번길,교행불가,,12,180,1,Y,35.132385,126.858051,35.134038,126.857941,,광주광역시서구청,062-360-7811,2025-11-24,3600000,광주광역시 서구
광주광역시,서구,풍암중앙로,교행불가,,10,135,1,Y,35.12390772,126.8752015,35.1267505,126.8842003,,광주광역시서구청,062-360-7811,2025-11-24,3600000,광주광역시 서구
서울특별시,용산구,원효로58길(1),,,6,72,1,N,37.535756,126.964119,37.535577,126.963499,,서울특별시 용산구청,02-2199-7755,2025-11-07,3020000,서울특별시 용산구
서울특별시,용산구,우사단로6길,,,3.5,200,1,N,37.532074,126.997247,37.532295,126.999187,,서울특별시 용산구청,02-2199-7755,2025-11-07,3020000,서울특별시 용산구
서울특별시,용산구,우사단로2길,,,6,330,1,N,37.530729,126.996953,37.529462,126.999914,,서울특별시 용산구청,02-2199-7755,2025-11-07,3020000,서울특별시 용산구
서울특별시,용산구,우사단로2가길,,,3.5,250,1,N,37.529956,126.999422,37.531177,127.000600,,서울특별시 용산구청,02-2199-7755,2025-11-07,3020000,서울특별시 용산구
서울특별시,용산구,우사단로14길,,,4,420,1,N,37.533654,126.998529,37.534052,126.995766,,서울특별시 용산구청,02-2199-7755,2025-11-07,3020000,서울특별시 용산구
서울특별시,용산구,우사단로10길,,,3.5,125,1,N,37.532222,126.996993,37.533225,126.997222,,서울특별시 용산구청,02-2199-7755,2025-11-07,3020000,서울특별시 용산구
서울특별시,용산구,우사단로10가길,,,4,100,1,N,37.533470,126.996868,37.534295,126.996853,,서울특별시 용산구청,02-2199-7755,2025-11-07,3020000,서울특별시 용산구
서울특별시,용산구,서빙고로65길,,,14,140,1,N,37.523657,126.993655,37.520588,126.994673,,서울특별시 용산구청,02-2199-7755,2025-11-07,3020000,서울특별시 용산구
서울특별시,용산구,서빙고로24길,,,5,115,1,N,37.524082,126.968643,37.523399,126.968092,,서울특별시 용산구청,02-2199-7755,2025-11-07,3020000,서울특별시 용산구
서울특별시,용산구,서빙고로20길,,,5,115,1,N,37.523567,126.967655,37.524340,126.968395,,서울특별시 용산구청,02-2199-7755,2025-11-07,3020000,서울특별시 용산구
서울특별시,용산구,서빙고로(지선),,,5,85,1,N,37.526135,126.965346,37.525898,126.964956,,서울특별시 용산구청,02-2199-7755,2025-11-07,3020000,서울특별시 용산구
서울특별시,용산구,서빙고로,,,10,160,2,Y,37.521391,126.990581,37.520666,126.990006,,서울특별시 용산구청,02-2199-7755,2025-11-07,3020000,서울특별시 용산구
서울특별시,용산구,새창로45길,,,5,400,1,N,37.534439,126.962391,37.535006,126.966399,,서울특별시 용산구청,02-2199-7755,2025-11-07,3020000,서울특별시 용산구
서울특별시,용산구,새창로44길,,,5,75,1,N,37.534566,126.962033,37.534109,126.961537,,서울특별시 용산구청,02-2199-7755,2025-11-07,3020000,서울특별시 용산구
서울특별시,용산구,보광로5길,,,4,135,1,N,37.524819,127.001082,37.525815,127.001065,,서울특별시 용산구청,02-2199-7755,2025-11-07,3020000,서울특별시 용산구
서울특별시,용산구,두텁바위로1길(2),,,3.5,200,1,N,37.545727,126.973248,37.545453,126.972495,,서울특별시 용산구청,02-2199-7755,2025-11-07,3020000,서울특별시 용산구
서울특별시,용산구,두텁바위로1길(1),,,4,220,1,N,37.548661,126.976084,37.546820,126.975359,,서울특별시 용산구청,02-2199-7755,2025-11-07,3020000,서울특별시 용산구
서울특별시,용산구,두텁바위로1가길,,,5,110,1,N,37.546972,126.975811,37.548599,126.976185,,서울특별시 용산구청,02-2199-7755,2025-11-07,3020000,서울특별시 용산구
서울특별시,용산구,원효로(지선),,,10,125,1,Y,37.531990,126.951609,37.531936,126.953463,,서울특별시 용산구청,02-2199-7755,2025-11-07,3020000,서울특별시 용산구
서울특별시,용산구,대사관로30길,,,6,90,1,N,37.532730,127.005426,37.533379,127.005467,,서울특별시 용산구청,02-2199-7755,2025-11-07,3020000,서울특별시 용산구
서울특별시,용산구,녹사평대로46길,,,6,320,1,N,37.537513,126.987069,37.538879,126.988754,,서울특별시 용산구청,02-2199-7755,2025-11-07,3020000,서울특별시 용산구
서울특별시,용산구,남산공원길,,,6,1800,1,Y,37.546794,126.998931,37.552998,126.981973,,서울특별시 용산구청,02-2199-7755,2025-11-07,3020000,서울특별시 용산구
서울특별시,용산구,강변북로 측면(이면도로),,,6,480,1,Y,37.532037,126.951658,37.534379,126.947657,,서울특별시 용산구청,02-2199-7755,2025-11-07,3020000,서울특별시 용산구
경상남도,양산시,반회서8길,,,8,125,1,N,35.415575,129.060735,35.415781,129.059468,,양산경찰서,055-392-0315,2025-11-17,5380000,경상남도 양산시
경상남도,양산시,덕계회야길,,,7,150,1,N,35.374603,129.148108,35.375629,129.149308,,양산경찰서,055-392-0315,2025-11-17,5380000,경상남도 양산시
경상남도,양산시,북정로,,,14,160,1,N,35.362515,129.050478,35.364960,129.049767,,양산경찰서,055-392-0315,2025-11-17,5380000,경상남도 양산시
경상남도,양산시,서창로,,,4,80,1,N,35.405946,129.164826,35.406433,129.163975,,양산경찰서,055-392-0315,2025-11-17,5380000,경상남도 양산시
경상남도,양산시,서일동1길,,,5,200,1,N,35.338570,129.035603,35.340514,129.034538,,양산경찰서,055-392-0315,2025-11-17,5380000,경상남도 양산시
경상남도,양산시,북안남8길,,,10,50,1,N,35.347691,129.035928,35.347621,129.036711,,양산경찰서,055-392-0315,2025-11-17,5380000,경상남도 양산시
경상남도,양산시,삼호1길,,,7,70,1,Y,35.412694,129.168074,35.412937,129.167819,,양산경찰서,055-392-0315,2025-11-17,5380000,경상남도 양산시
경상남도,양산시,덕계회야길,,,6,380,1,N,35.373193,129.146849,35.374544,129.148011,,양산경찰서,055-392-0315,2025-11-17,5380000,경상남도 양산시
경상남도,양산시,고향의봄1길,,,9,200,1,N,35.351896,129.046811,35.351476,129.046853,,양산경찰서,055-392-0315,2025-11-17,5380000,경상남도 양산시
서울특별시,용산구,한강대로87길,,,8,100,1,N,37.544554,126.971812,37.544454,126.970970,,서울특별시 용산구청,02-2199-7755,2025-11-07,3020000,서울특별시 용산구
서울특별시,용산구,"한강대로72길, 76길, 80길, 84길",,,5,510,1,N,37.540888,126.974493,37.545229,126.973333,,서울특별시 용산구청,02-2199-7755,2025-11-07,3020000,서울특별시 용산구
서울특별시,용산구,한강대로7길,,,4,40,1,N,37.524975,126.961115,37.525310,126.961023,,서울특별시 용산구청,02-2199-7755,2025-11-07,3020000,서울특별시 용산구
서울특별시,용산구,한강대로62다길,,,8.4,215,1,N,37.533225,126.974897,37.533775,126.973792,,서울특별시 용산구청,02-2199-7755,2025-11-07,3020000,서울특별시 용산구
서울특별시,용산구,한강대로40가길,,,6.5,310,1,Y,37.530336,126.971199,37.532483,126.973183,,서울특별시 용산구청,02-2199-7755,2025-11-07,3020000,서울특별시 용산구
서울특별시,용산구,한강대로50길,,,8.5,215,1,N,37.531723,126.972134,37.532281,126.971468,,서울특별시 용산구청,02-2199-7755,2025-11-07,3020000,서울특별시 용산구
서울특별시,용산구,한강대로48길,,,6,128,1,N,37.532029,126.970797,37.531459,126.971775,,서울특별시 용산구청,02-2199-7755,2025-11-07,3020000,서울특별시 용산구
서울특별시,용산구,한강대로46길,,,6,128,1,N,37.531103,126.971468,37.531805,126.970702,,서울특별시 용산구청,02-2199-7755,2025-11-07,3020000,서울특별시 용산구
서울특별시,용산구,"한강대로44길, 52길",,,6.5,320,1,N,37.532662,126.972367,37.530522,126.970348,,서울특별시 용산구청,02-2199-7755,2025-11-07,3020000,서울특별시 용산구
서울특별시,용산구,한강대로44길,,,8,128,1,N,37.531215,126.970013,37.530589,126.971059,,서울특별시 용산구청,02-2199-7755,2025-11-07,3020000,서울특별시 용산구
서울특별시,용산구,한강대로42길,,,6.5,85,1,N,37.530950,126.969787,37.530612,126.970447,,서울특별시 용산구청,02-2199-7755,2025-11-07,3020000,서울특별시 용산구
서울특별시,용산구,한강대로40길,,,5,45,1,N,37.530790,126.970053,37.530489,126.969732,,서울특별시 용산구청,02-2199-7755,2025-11-07,3020000,서울특별시 용산구
서울특별시,용산구,한강대로38길,,,5.5,78,1,N,37.530265,126.969859,37.529790,126.969458,,서울특별시 용산구청,02-2199-7755,2025-11-07,3020000,서울특별시 용산구
서울특별시,용산구,한강대로38가길,,,4.5,170,1,N,37.529715,126.969759,37.530255,126.971152,,서울특별시 용산구청,02-2199-7755,2025-11-07,3020000,서울특별시 용산구
서울특별시,용산구,한강대로21길,,,11,320,1,N,37.524804,126.962235,37.526925,126.964113,,서울특별시 용산구청,02-2199-7755,2025-11-07,3020000,서울특별시 용산구
서울특별시,용산구,한강대로15길,,,9.5,205,1,N,37.525631,126.963934,37.526770,126.962383,,서울특별시 용산구청,02-2199-7755,2025-11-07,3020000,서울특별시 용산구
서울특별시,용산구,한강대로11길,,,9,140,1,N,37.525900,126.961652,37.525208,126.962803,,서울특별시 용산구청,02-2199-7755,2025-11-07,3020000,서울특별시 용산구
서울특별시,용산구,청파로85가길,,,5,115,1,N,37.552706,126.967975,37.552668,126.967009,,서울특별시 용산구청,02-2199-7755,2025-11-07,3020000,서울특별시 용산구
서울특별시,용산구,청파로47가길,,,6,200,1,N,37.544896,126.966916,37.543593,126.965625,,서울특별시 용산구청,02-2199-7755,2025-11-07,3020000,서울특별시 용산구
서울특별시,용산구,청파로45길,,,8,200,1,Y,37.544649,126.968289,37.544178,126.970418,,서울특별시 용산구청,02-2199-7755,2025-11-07,3020000,서울특별시 용산구
서울특별시,용산구,청파로47길,,,14,200,1,Y,37.545208,126.970272,37.544991,126.968198,,서울특별시 용산구청,02-2199-7755,2025-11-07,3020000,서울특별시 용산구
서울특별시,용산구,장문로9가길,,,5,260,1,N,37.528544,126.994884,37.527686,126.996218,,서울특별시 용산구청,02-2199-7755,2025-11-07,3020000,서울특별시 용산구
서울특별시,용산구,임정로,,,15.5,930,1,N,37.546981,126.960762,37.542163,126.961818,,서울특별시 용산구청,02-2199-7755,2025-11-07,3020000,서울특별시 용산구
서울특별시,용산구,이태원로36길(2),,,5,55,1,N,37.534650,126.999329,37.534505,126.999003,,서울특별시 용산구청,02-2199-7755,2025-11-07,3020000,서울특별시 용산구
서울특별시,용산구,이태원로36길(1),,,4,200,1,N,37.534890,126.999358,37.533674,126.999202,,서울특별시 용산구청,02-2199-7755,2025-11-07,3020000,서울특별시 용산구
서울특별시,용산구,이태원로(지선),,,8,36,1,N,37.535105,126.994526,37.534928,126.994566,,서울특별시 용산구청,02-2199-7755,2025-11-07,3020000,서울특별시 용산구
서울특별시,용산구,이촌로77길,,,10,125,1,Y,37.520937,126.975249,37.520202,126.974393,,서울특별시 용산구청,02-2199-7755,2025-11-07,3020000,서울특별시 용산구
서울특별시,용산구,이촌로75길,,,10,125,1,Y,37.520517,126.974275,37.520981,126.974609,,서울특별시 용산구청,02-2199-7755,2025-11-07,3020000,서울특별시 용산구
서울특별시,용산구,이촌로72길,,,6,260,1,Y,37.520309,126.971897,37.519613,126.970511,,서울특별시 용산구청,02-2199-7755,2025-11-07,3020000,서울특별시 용산구
서울특별시,용산구,원효로93길,,,6.5,100,1,Y,37.540870,126.968580,37.541042,126.969345,,서울특별시 용산구청,02-2199-7755,2025-11-07,3020000,서울특별시 용산구
서울특별시,용산구,원효로64길,,,7,165,1,Y,37.535134,126.964494,37.536670,126.964059,,서울특별시 용산구청,02-2199-7755,2025-11-07,3020000,서울특별시 용산구
서울특별시,용산구,원효로58길(2),,,6,72,1,N,37.535756,126.964119,37.535577,126.963499,,서울특별시 용산구청,02-2199-7755,2025-11-07,3020000,서울특별시 용산구
경기도,안산시,예술대학로4길,,,6,170,1,N,37.330851,126.839302,37.330656,126.839376,,경기도 안산시 단원구 도로교통과,031-481-6295,2025-08-29,3930000,경기도 안산시
경기도,안산시,지곡로5길,,,6.3,100,1,N,37.340287,126.802104,37.346421,126.817769,,경기도 안산시 단원구 도로교통과,031-481-6295,2025-08-29,3930000,경기도 안산시
경기도,안산시,초지2로,,,10,160,2,Y,37.306444,126.816579,37.307851,126.816652,,경기도 안산시 단원구 도로교통과,031-481-6295,2025-08-29,3930000,경기도 안산시
경기도,안산시,초지2로,,,9.7,210,2,Y,37.308205,126.815151,37.306631,126.815082,,경기도 안산시 단원구 도로교통과,031-481-6295,2025-08-29,3930000,경기도 안산시
경기도,안산시,광덕1로,,,9.7,200,2,Y,37.310294,126.815392,37.308828,126.815363,,경기도 안산시 단원구 도로교통과,031-481-6295,2025-08-29,3930000,경기도 안산시
경기도,안산시,광덕2로,,,10,150,2,Y,37.309158,126.816723,37.310295,126.816958,,경기도 안산시 단원구 도로교통과,031-481-6295,2025-08-29,3930000,경기도 안산시
경기도,안산시,광덕3로,,,10,200,2,Y,37.314282,126.827753,37.312914,126.827665,,경기도 안산시 단원구 도로교통과,031-481-6295,2025-08-29,3930000,경기도 안산시
경기도,안산시,광덕2로,,,10,300,2,N,37.311121,126.827424,37.308911,126.827229,,경기도 안산시 단원구 도로교통과,031-481-6295,2025-08-29,3930000,경기도 안산시
경기도,안산시,광덕2로,,,10,330,2,Y,37.308613,126.832318,37.311148,126.832589,,경기도 안산시 단원구 도로교통과,031-481-6295,2025-08-29,3930000,경기도 안산시
경기도,안산시,광덕3로,,,9.8,200,2,Y,37.312639,126.832702,37.313916,126.832819,,경기도 안산시 단원구 도로교통과,031-481-6295,2025-08-29,3930000,경기도 안산시
경기도,안산시,고잔1길,,,7.1,450,1,Y,37.317628,126.841668,37.318456,126.837301,,경기도 안산시 단원구 도로교통과,031-481-6295,2025-08-29,3930000,경기도 안산시
경기도,안산시,고잔2길,,,8,500,1,N,37.317954,126.837303,37.317651,126.841778,,경기도 안산시 단원구 도로교통과,031-481-6295,2025-08-29,3930000,경기도 안산시
경기도,안산시,고잔2길,,,8,150,1,N,37.317981,126.835211,37.317849,126.836636,,경기도 안산시 단원구 도로교통과,031-481-6295,2025-08-29,3930000,경기도 안산시
경기도,안산시,고잔2길,,,6,300,1,N,37.317189,126.836548,37.317327,126.833778,,경기도 안산시 단원구 도로교통과,031-481-6295,2025-08-29,3930000,경기도 안산시
경기도,안산시,평화1길,,,6,90,1,N,37.328196,126.819789,37.328511,126.819989,,경기도 안산시 단원구 도로교통과,031-481-6295,2025-08-29,3930000,경기도 안산시
경기도,안산시,평화안길,,,6,620,1,Y,37.328808,126.819421,37.328945,126.819298,,경기도 안산시 단원구 도로교통과,031-481-6295,2025-08-29,3930000,경기도 안산시
경기도,안산시,당곡로,,,10,480,2,Y,37.325637,126.833488,37.328287,126.837125,,경기도 안산시 단원구 도로교통과,031-481-6295,2025-08-29,3930000,경기도 안산시
경기도,안산시,황금1길,,,8,80,1,N,37.333394,126.828768,37.332535,126.828544,,경기도 안산시 단원구 도로교통과,031-481-6295,2025-08-29,3930000,경기도 안산시
경기도,안산시,황금1길,,,6,220,1,N,37.333843,126.828891,37.332343,126.827886,,경기도 안산시 단원구 도로교통과,031-481-6295,2025-08-29,3930000,경기도 안산시
경기도,안산시,황금1길,,,6,90,1,N,37.334106,126.829357,37.334644,126.829813,,경기도 안산시 단원구 도로교통과,031-481-6295,2025-08-29,3930000,경기도 안산시
경기도,안산시,황금4길,,,5.5,320,1,N,37.334347,126.829874,37.331685,126.830293,,경기도 안산시 단원구 도로교통과,031-481-6295,2025-08-29,3930000,경기도 안산시
경기도,안산시,황금3길,,,7.5,230,1,N,37.334347,126.829851,37.331682,126.830315,,경기도 안산시 단원구 도로교통과,031-481-6295,2025-08-29,3930000,경기도 안산시
경기도,안산시,황금2길,,,8,120,1,N,37.333759,126.830661,37.332896,126.828891,,경기도 안산시 단원구 도로교통과,031-481-6295,2025-08-29,3930000,경기도 안산시
경기도,안산시,황금길,,,8,240,1,N,37.331597,126.830997,37.332205,126.828586,,경기도 안산시 단원구 도로교통과,031-481-6295,2025-08-29,3930000,경기도 안산시
인천광역시,남동구,경인로,원활한 차량통행을 위하여 지정,,6,157.4,1,N,37.478857,126.7110309,37.47784311,126.7105961,,인천광역시 남동구청,032-453-2965,2025-11-28,3530000,인천광역시 남동구
인천광역시,남동구,논현고잔로128번길,원활한 차량통행을 위하여 지정,,3.5,52,1,N,37.39253097,126.7145757,37.39432084,126.7151099,,인천광역시 남동구청,032-453-2965,2025-11-28,3530000,인천광역시 남동구
인천광역시,남동구,소래로,원활한 차량통행을 위하여 지정,,0,92.4,1,N,37.44738908,126.7306811,37.44738908,126.7306811,,인천광역시 남동구청,032-453-2965,2025-11-28,3530000,인천광역시 남동구
인천광역시,남동구,서창남로,원활한 차량통행을 위하여 지정,,6,225,1,Y,37.42155838,126.7520623,37.42174674,126.7519801,,인천광역시 남동구청,032-453-2965,2025-11-28,3530000,인천광역시 남동구
인천광역시,남동구,경인로,원활한 차량통행을 위하여 지정,,10,1100,2,N,37.46480437,126.7055748,37.46302548,126.7143093,,인천광역시 남동구청,032-453-2965,2025-11-28,3530000,인천광역시 남동구
인천광역시,남동구,용천로4번길,원활한 차량통행을 위하여 지정,,8,669,1,N,37.4497196,126.7170232,37.4502085,126.7097817,,인천광역시 남동구청,032-453-2965,2025-11-28,3530000,인천광역시 남동구
인천광역시,남동구,성말로,원활한 차량통행을 위하여 지정,,5,523,1,N,37.44576827,126.7008961,37.44522794,126.7066803,,인천광역시 남동구청,032-453-2965,2025-11-28,3530000,인천광역시 남동구
인천광역시,남동구,인하로489번길,원활한 차량통행을 위하여 지정,,6,486,1,Y,37.44402456,126.7012879,37.44359144,126.706166,,인천광역시 남동구청,032-453-2965,2025-11-28,3530000,인천광역시 남동구
인천광역시,남동구,남동대로,원활한 차량통행을 위하여 지정,,9,400,1,N,37.44029609,126.7047423,37.44238873,126.7074184,,인천광역시 남동구청,032-453-2965,2025-11-28,3530000,인천광역시 남동구
인천광역시,남동구,인하로507번길,원활한 차량통행을 위하여 지정,,6,390,1,Y,37.44735626,126.7035584,37.44618597,126.7028327,,인천광역시 남동구청,032-453-2965,2025-11-28,3530000,인천광역시 남동구
인천광역시,남동구,인주대로,원활한 차량통행을 위하여 지정,,8,385,1,N,37.44953471,126.7174219,37.4519703,126.7185106,,인천광역시 남동구청,032-453-2965,2025-11-28,3530000,인천광역시 남동구
인천광역시,남동구,호구포로765번길,원활한 차량통행을 위하여 지정,,8,295,1,N,37.45093192,126.7174772,37.44967192,126.7176117,,인천광역시 남동구청,032-453-2965,2025-11-28,3530000,인천광역시 남동구
인천광역시,남동구,예술로,원활한 차량통행을 위하여 지정,,6,288,1,N,37.44704568,126.7015296,37.44402456,126.7012879,,인천광역시 남동구청,032-453-2965,2025-11-28,3530000,인천광역시 남동구
인천광역시,남동구,용천로4번길,원활한 차량통행을 위하여 지정,,8,285,1,N,37.44982169,126.7148063,37.45191637,126.715200,,인천광역시 남동구청,032-453-2965,2025-11-28,3530000,인천광역시 남동구
인천광역시,남동구,독점로30번길,원활한 차량통행을 위하여 지정,,8,251,1,N,37.45230423,126.7127521,37.44994248,126.7126569,,인천광역시 남동구청,032-453-2965,2025-11-28,3530000,인천광역시 남동구
인천광역시,남동구,남동대로,원활한 차량통행을 위하여 지정,,6,250,1,N,37.45157154,126.7075318,37.45189631,126.7050963,,인천광역시 남동구청,032-453-2965,2025-11-28,3530000,인천광역시 남동구
인천광역시,남동구,미래로,원활한 차량통행을 위하여 지정,,9,250,2,N,37.45124457,126.70400000,37.4510242,126.7019807,,인천광역시 남동구청,032-453-2965,2025-11-28,3530000,인천광역시 남동구
인천광역시,남동구,예술로,원활한 차량통행을 위하여 지정,,6,250,1,N,37.45173564,126.7019459,37.4518853,126.7040906,,인천광역시 남동구청,032-453-2965,2025-11-28,3530000,인천광역시 남동구
인천광역시,남동구,남동대로774번길,원활한 차량통행을 위하여 지정,,8,246,1,N,37.45205738,126.7099421,37.450121,126.7100206,,인천광역시 남동구청,032-453-2965,2025-11-28,3530000,인천광역시 남동구
인천광역시,남동구,구월남로232번길,원활한 차량통행을 위하여 지정,,8,245,1,Y,37.45191637,126.715200,37.4498155,126.7150664,,인천광역시 남동구청,032-453-2965,2025-11-28,3530000,인천광역시 남동구
인천광역시,남동구,용천로3번길,원활한 차량통행을 위하여 지정,,8,245,1,N,37.45000102,126.7114127,37.45216544,126.7115904,,인천광역시 남동구청,032-453-2965,2025-11-28,3530000,인천광역시 남동구
인천광역시,남동구,인주대로604번길,원활한 차량통행을 위하여 지정,,6,244,1,N,37.4492682,126.7037176,37.44949843,126.702527,,인천광역시 남동구청,032-453-2965,2025-11-28,3530000,인천광역시 남동구
인천광역시,남동구,인주대로,원활한 차량통행을 위하여 지정,,6,243,1,N,37.44976315,126.7028388,37.44970099,126.703744,,인천광역시 남동구청,032-453-2965,2025-11-28,3530000,인천광역시 남동구
인천광역시,남동구,용천로17번길,원활한 차량통행을 위하여 지정,,8,241,1,N,37.45080491,126.7140775,37.45075873,126.7114902,,인천광역시 남동구청,032-453-2965,2025-11-28,3530000,인천광역시 남동구
인천광역시,남동구,용천로21번길,원활한 차량통행을 위하여 지정,,8,241,1,N,37.45209168,126.7139199,37.4517603,126.7116199,,인천광역시 남동구청,032-453-2965,2025-11-28,3530000,인천광역시 남동구
인천광역시,남동구,용천로3번길,원활한 차량통행을 위하여 지정,,8,233,1,N,37.45012714,126.7114106,37.4499291,126.7139116,,인천광역시 남동구청,032-453-2965,2025-11-28,3530000,인천광역시 남동구
인천광역시,남동구,성말로13번길,원활한 차량통행을 위하여 지정,,5,230,1,N,37.44714027,126.7027598,37.44660272,126.7030403,,인천광역시 남동구청,032-453-2965,2025-11-28,3530000,인천광역시 남동구
경기도,안산시,보배길,,,8.5,110,1,N,37.331664,126.828585,37.330673,126.827697,,경기도 안산시 단원구 도로교통과,031-481-6295,2025-08-29,3930000,경기도 안산시
경기도,안산시,보배2길,,,8,430,1,N,37.330531,126.831834,37.331596,126.827591,,경기도 안산시 단원구 도로교통과,031-481-6295,2025-08-29,3930000,경기도 안산시
경기도,안산시,보배1길,,,6,160,1,N,37.331263,126.827324,37.330528,126.828834,,경기도 안산시 단원구 도로교통과,031-481-6295,2025-08-29,3930000,경기도 안산시
경기도,안산시,보배3길,,,5.5,370,1,N,37.331676,126.828081,37.330861,126.830752,,경기도 안산시 단원구 도로교통과,031-481-6295,2025-08-29,3930000,경기도 안산시
경기도,안산시,보배3길,,,6,110,1,N,37.331242,126.826942,37.331838,126.827485,,경기도 안산시 단원구 도로교통과,031-481-6295,2025-08-29,3930000,경기도 안산시
경기도,안산시,와개2길,,,5,150,1,Y,37.334252,126.822783,37.335244,126.823604,,경기도 안산시 단원구 도로교통과,031-481-6295,2025-08-29,3930000,경기도 안산시
경기도,안산시,와개3길,,,6,150,1,N,37.335407,126.823351,37.334399,126.822551,,경기도 안산시 단원구 도로교통과,031-481-6295,2025-08-29,3930000,경기도 안산시
경기도,안산시,와개4길,,,6,150,1,N,37.334524,126.822218,37.335561,126.823089,,경기도 안산시 단원구 도로교통과,031-481-6295,2025-08-29,3930000,경기도 안산시
경기도,안산시,와개길,,,6,90,1,N,37.334343,126.824232,37.334907,126.824641,,경기도 안산시 단원구 도로교통과,031-481-6295,2025-08-29,3930000,경기도 안산시
경기도,안산시,와개1안길,,,8,160,1,N,37.334263,126.825418,37.334974,126.823918,,경기도 안산시 단원구 도로교통과,031-481-6295,2025-08-29,3930000,경기도 안산시
경기도,안산시,와개길,,,6,270,1,N,37.335129,126.823997,37.333853,126.825016,,경기도 안산시 단원구 도로교통과,031-481-6295,2025-08-29,3930000,경기도 안산시
경기도,안산시,와개길,,,8,380,1,N,37.335194,126.823767,37.334192,126.822931,,경기도 안산시 단원구 도로교통과,031-481-6295,2025-08-29,3930000,경기도 안산시
경기도,안산시,와동공원로5안길,,,6,100,1,N,37.340799,126.823761,37.340655,126.823082,,경기도 안산시 단원구 도로교통과,031-481-6295,2025-08-29,3930000,경기도 안산시
경기도,안산시,석수동길,,,6,30,1,Y,37.343501,126.807826,37.343548,126.808019,,경기도 안산시 단원구 도로교통과,031-481-6295,2025-08-29,3930000,경기도 안산시
경기도,안산시,석수동길,,,6,30,1,Y,37.345254,126.806939,37.345297,126.807136,,경기도 안산시 단원구 도로교통과,031-481-6295,2025-08-29,3930000,경기도 안산시
경기도,안산시,석수동길,,,8,30,1,N,37.346538,126.806583,37.346521,126.806422,,경기도 안산시 단원구 도로교통과,031-481-6295,2025-08-29,3930000,경기도 안산시
경기도,안산시,석수로8길,,,6,700,1,N,37.347443,126.806713,37.341995,126.808225,,경기도 안산시 단원구 도로교통과,031-481-6295,2025-08-29,3930000,경기도 안산시
경기도,안산시,화정천서로2안길,,,10,270,1,N,37.342622,126.815605,37.342531,126.817416,,경기도 안산시 단원구 도로교통과,031-481-6295,2025-08-29,3930000,경기도 안산시
경기도,안산시,화정천서로4안길,,,6,500,1,N,37.344197,126.817535,37.343986,126.817501,,경기도 안산시 단원구 도로교통과,031-481-6295,2025-08-29,3930000,경기도 안산시
경기도,안산시,화정천서로7길,,,6,500,1,N,37.347448,126.817779,37.347238,126.817601,,경기도 안산시 단원구 도로교통과,031-481-6295,2025-08-29,3930000,경기도 안산시
경기도,안산시,화정천서로5길,,,6,104,1,Y,37.346269,126.817931,37.346309,126.816954,,경기도 안산시 단원구 도로교통과,031-481-6295,2025-08-29,3930000,경기도 안산시
경기도,안산시,화정천서로5길,,,6,70,1,N,37.345495,126.816124,37.346165,126.816178,,경기도 안산시 단원구 도로교통과,031-481-6295,2025-08-29,3930000,경기도 안산시
경기도,안산시,화정천서로5길,,,6,240,1,N,37.346334,126.816662,37.345586,126.815574,,경기도 안산시 단원구 도로교통과,031-481-6295,2025-08-29,3930000,경기도 안산시
경기도,안산시,라성안길,,,8,220,1,Y,37.327196,126.801077,37.328326,126.801771,,경기도 안산시 단원구 도로교통과,031-481-6295,2025-08-29,3930000,경기도 안산시
경기도,안산시,라성로,,,14.6,300,1,Y,37.327047,126.799331,37.325968,126.797688,,경기도 안산시 단원구 도로교통과,031-481-6295,2025-08-29,3930000,경기도 안산시
서울특별시,서대문구,불광천길,,,4,380,1,Y,37.584140,126.911100,37.586880,126.913510,,서울특별시 서대문구,02-330-1835,2025-09-09,3120000,서울특별시 서대문구
경상남도,합천군,충효로4길,,2015,4,210,1,N,35.56690115,128.1588453,35.56617242,128.1609911,,경상남도 합천군청,055-930-3475,2025-08-12,5480000,경상남도 합천군
서울특별시,중랑구,망우로55길,,,8,170,1,N,37.598870,127.092916,37.599305,127.094891,,서울특별시 중랑구청,02-2094-2584,2025-08-25,3060000,서울특별시 중랑구
서울특별시,중랑구,중랑천로30길,,,8,340,1,N,37.598638,127.072511,37.596874,127.075544,,서울특별시 중랑구청,02-2094-2584,2025-08-25,3060000,서울특별시 중랑구
서울특별시,중랑구,중랑천로29길,,,6,540,1,Y,37.597852,127.071756,37.595763,127.089600,,서울특별시 중랑구청,02-2094-2584,2025-08-25,3060000,서울특별시 중랑구
서울특별시,중랑구,중랑역로3길,,,8,350,1,Y,37.595179,127.076439,37.594247,127.072497,,서울특별시 중랑구청,02-2094-2584,2025-08-25,3060000,서울특별시 중랑구
서울특별시,중랑구,중랑역로15길,,,8,340,1,N,37.597047,127.075855,37.598881,127.072701,,서울특별시 중랑구청,02-2094-2584,2025-08-25,3060000,서울특별시 중랑구
서울특별시,중랑구,중랑역로14길,,,6,340,1,N,37.596774,127.075760,37.595714,127.079373,,서울특별시 중랑구청,02-2094-2584,2025-08-25,3060000,서울특별시 중랑구
서울특별시,중랑구,봉화산로3길,,,8,370,1,Y,37.613489,127.073748,37.603176,127.075728,,서울특별시 중랑구청,02-2094-2584,2025-08-25,3060000,서울특별시 중랑구
서울특별시,중랑구,동일로121길,,,8,390,1,N,37.597170,127.080257,37.597007,127.075292,,서울특별시 중랑구청,02-2094-2584,2025-08-25,3060000,서울특별시 중랑구
서울특별시,중랑구,동일로140길,,,10,120,1,N,37.605380,127.079431,37.604276,127.076180,,서울특별시 중랑구청,02-2094-2584,2025-08-25,3060000,서울특별시 중랑구
서울특별시,중랑구,동일로138길,,,8,100,1,N,37.604198,127.079640,37.603195,127.079814,,서울특별시 중랑구청,02-2094-2584,2025-08-25,3060000,서울특별시 중랑구
서울특별시,중랑구,동일로138길,,,6,350,1,Y,37.603093,127.079211,37.604282,127.080273,,서울특별시 중랑구청,02-2094-2584,2025-08-25,3060000,서울특별시 중랑구
서울특별시,중랑구,동일로126길,,,4,215,1,Y,37.598714,127.080064,37.598778,127.082629,,서울특별시 중랑구청,02-2094-2584,2025-08-25,3060000,서울특별시 중랑구
서울특별시,중랑구,동일로124길,,,6,235,1,N,37.598747,127.082645,37.598077,127.080183,,서울특별시 중랑구청,02-2094-2584,2025-08-25,3060000,서울특별시 중랑구
서울특별시,중랑구,신내로9길,,,4,140,1,Y,37.603526,127.093928,37.603608,127.095641,,서울특별시 중랑구청,02-2094-2584,2025-08-25,3060000,서울특별시 중랑구
서울특별시,중랑구,신내로7길,,,4,230,1,Y,37.603111,127.095844,37.603124,127.095913,,서울특별시 중랑구청,02-2094-2584,2025-08-25,3060000,서울특별시 중랑구
서울특별시,중랑구,봉화산로45길,,,4,350,1,Y,37.606530,127.091922,37.604208,127.090159,,서울특별시 중랑구청,02-2094-2584,2025-08-25,3060000,서울특별시 중랑구
서울특별시,중랑구,봉화산로45길,,,4,550,1,Y,37.610448,127.094638,37.606607,127.092008,,서울특별시 중랑구청,02-2094-2584,2025-08-25,3060000,서울특별시 중랑구
서울특별시,서대문구,불광천길,,,4,585,1,Y,37.579990,126.906730,37.583940,126.910900,,서울특별시 서대문구,02-330-1835,2025-09-09,3120000,서울특별시 서대문구
서울특별시,서대문구,증가로12나길,,,4,80,1,N,37.58274192,126.9198487,37.58274192,126.9198487,,서울특별시 서대문구,02-330-1835,2025-09-09,3120000,서울특별시 서대문구
서울특별시,서대문구,이화여대2다길,,,6,173,1,N,37.55852164,126.9479534,37.55852164,126.9479534,,서울특별시 서대문구,02-330-1835,2025-09-09,3120000,서울특별시 서대문구
서울특별시,서대문구,이화여대7길,,,5,40,1,N,37.5586932,126.945051,37.5586932,126.945051,,서울특별시 서대문구,02-330-1835,2025-09-09,3120000,서울특별시 서대문구
서울특별시,서대문구,이화여대7길,,,5,170,1,N,37.55879169,126.9451617,37.55879169,126.9451617,,서울특별시 서대문구,02-330-1835,2025-09-09,3120000,서울특별시 서대문구
서울특별시,서대문구,송죽길,,,4,100,1,Y,37.5841675,126.9399299,37.5841675,126.9399299,,서울특별시 서대문구,02-330-1835,2025-09-09,3120000,서울특별시 서대문구
서울특별시,서대문구,연희로32길,,,6,300,1,Y,37.5791341,126.9382349,37.5791341,126.9382349,,서울특별시 서대문구,02-330-1835,2025-09-09,3120000,서울특별시 서대문구
서울특별시,서대문구,흥지문길,,,4,290,1,N,37.595820,126.955440,37.596570,126.953140,,서울특별시 서대문구,02-330-1835,2025-09-09,3120000,서울특별시 서대문구
서울특별시,서대문구,응암로,,,4,70,1,Y,37.576750,126.909920,37.577040,126.909090,,서울특별시 서대문구,02-330-1835,2025-09-09,3120000,서울특별시 서대문구
서울특별시,서대문구,문화촌길,,,4,190,1,N,37.593050,126.947780,37.593930,126.949120,,서울특별시 서대문구,02-330-1835,2025-09-09,3120000,서울특별시 서대문구
서울특별시,서대문구,홍은중앙로,,,4,70,1,N,37.598320,126.946040,37.597900,126.946490,,서울특별시 서대문구,02-330-1835,2025-09-09,3120000,서울특별시 서대문구
서울특별시,서대문구,홍은중앙로3길,,,4,85,1,Y,37.597660,126.946340,37.598280,126.945940,,서울특별시 서대문구,02-330-1835,2025-09-09,3120000,서울특별시 서대문구
서울특별시,서대문구,연세로9길,,,4,124,1,Y,37.558880,126.934990,37.557810,126.934940,,서울특별시 서대문구,02-330-1835,2025-09-09,3120000,서울특별시 서대문구
서울특별시,서대문구,연세로7길,,,4,210,1,Y,37.557690,126.935010,37.557680,126.937380,,서울특별시 서대문구,02-330-1835,2025-09-09,3120000,서울특별시 서대문구
서울특별시,서대문구,연세로5가길,,,4,204,1,Y,37.557110,126.936260,37.558970,126.936360,,서울특별시 서대문구,02-330-1835,2025-09-09,3120000,서울특별시 서대문구
서울특별시,서대문구,연세로11길,,,4,157,1,Y,37.558980,126.936770,37.558950,126.935030,,서울특별시 서대문구,02-330-1835,2025-09-09,3120000,서울특별시 서대문구
서울특별시,서대문구,연세로,,,4,166,1,N,37.559320,126.937110,37.559110,126.939090,,서울특별시 서대문구,02-330-1835,2025-09-09,3120000,서울특별시 서대문구
서울특별시,서대문구,신촌로1안길,,,4,90,1,N,37.560250,126.929820,37.559680,126.929230,,서울특별시 서대문구,02-330-1835,2025-09-09,3120000,서울특별시 서대문구
서울특별시,서대문구,신촌로1길,,,4,100,1,N,37.559690,126.929080,37.560400,126.929340,,서울특별시 서대문구,02-330-1835,2025-09-09,3120000,서울특별시 서대문구
서울특별시,서대문구,연세로5나길,,,4,105,1,Y,37.556960,126.936110,37.556960,126.934870,,서울특별시 서대문구,02-330-1835,2025-09-09,3120000,서울특별시 서대문구
서울특별시,서대문구,연세로5길,,,4,75,1,N,37.556880,126.934820,37.556590,126.935610,,서울특별시 서대문구,02-330-1835,2025-09-09,3120000,서울특별시 서대문구
서울특별시,서대문구,연세로5나길,,,4,140,1,Y,37.557510,126.933090,37.557020,126.934480,,서울특별시 서대문구,02-330-1835,2025-09-09,3120000,서울특별시 서대문구
서울특별시,서대문구,신촌로,,,4,140,1,Y,37.556540,126.936300,37.555620,126.936070,,서울특별시 서대문구,02-330-1835,2025-09-09,3120000,서울특별시 서대문구
서울특별시,서대문구,연세로12길,,,4,185,1,Y,37.559020,126.939080,37.558920,126.937100,,서울특별시 서대문구,02-330-1835,2025-09-09,3120000,서울특별시 서대문구
서울특별시,서대문구,성산로,,,4,45,1,N,37.567760,126.946820,37.567270,126.947080,,서울특별시 서대문구,02-330-1835,2025-09-09,3120000,서울특별시 서대문구
서울특별시,서대문구,봉원사2길,,,4,43,1,N,37.567600,126.946450,37.567760,126.946820,,서울특별시 서대문구,02-330-1835,2025-09-09,3120000,서울특별시 서대문구
서울특별시,서대문구,이화여대길,,,4,170,1,Y,37.559230,126.945620,37.559130,126.943400,,서울특별시 서대문구,02-330-1835,2025-09-09,3120000,서울특별시 서대문구
서울특별시,서대문구,이화여대길,,,4,235,1,Y,37.557040,126.945850,37.559230,126.945620,,서울특별시 서대문구,02-330-1835,2025-09-09,3120000,서울특별시 서대문구
서울특별시,서대문구,이화여대2가길,,,4,145,1,N,37.558720,126.946130,37.557420,126.946230,,서울특별시 서대문구,02-330-1835,2025-09-09,3120000,서울특별시 서대문구
서울특별시,서대문구,이화여대2나길,,,4,145,1,N,37.557450,126.946650,37.558730,126.946540,,서울특별시 서대문구,02-330-1835,2025-09-09,3120000,서울특별시 서대문구
서울특별시,서대문구,홍제천로,,,4,785,1,N,37.569380,126.919170,37.575040,126.926590,,서울특별시 서대문구,02-330-1835,2025-09-09,3120000,서울특별시 서대문구
서울특별시,서대문구,가재울로6길,,,4,68,1,N,37.576960,126.924510,37.576500,126.924050,,서울특별시 서대문구,02-330-1835,2025-09-09,3120000,서울특별시 서대문구
서울특별시,서대문구,가재울로8길,,,4,56,1,N,37.576800,126.923420,37.577290,126.923420,,서울특별시 서대문구,02-330-1835,2025-09-09,3120000,서울특별시 서대문구
서울특별시,서대문구,가재울로10길,,,4,63,1,N,37.576810,126.922800,37.577380,126.922790,,서울특별시 서대문구,02-330-1835,2025-09-09,3120000,서울특별시 서대문구
서울특별시,서대문구,가재울로14길,,,5,240,1,N,37.576960,126.921580,37.575490,126.923490,,서울특별시 서대문구,02-330-1835,2025-09-09,3120000,서울특별시 서대문구
서울특별시,서대문구,거북골로19길,,,4,90,1,N,37.577470,126.908490,37.578160,126.909150,,서울특별시 서대문구,02-330-1835,2025-09-09,3120000,서울특별시 서대문구
서울특별시,서대문구,응암로,,,5,45,1,N,37.577210,126.908840,37.577470,126.908490,,서울특별시 서대문구,02-330-1835,2025-09-09,3120000,서울특별시 서대문구
서울특별시,서대문구,증가로24나길,,,4,110,1,N,37.582250,126.916710,37.581810,126.915670,,서울특별시 서대문구,02-330-1835,2025-09-09,3120000,서울특별시 서대문구
서울특별시,서대문구,거북골로20길,,,4,320,1,N,37.578300,126.909300,37.581030,126.911390,,서울특별시 서대문구,02-330-1835,2025-09-09,3120000,서울특별시 서대문구
서울특별시,서대문구,거북골로22길,,,4,320,1,N,37.580840,126.907730,37.579280,126.910630,,서울특별시 서대문구,02-330-1835,2025-09-09,3120000,서울특별시 서대문구
서울특별시,서대문구,응암로,,,4,380,1,N,37.580130,126.911260,37.581560,126.908480,,서울특별시 서대문구,02-330-1835,2025-09-09,3120000,서울특별시 서대문구
서울특별시,서대문구,거북골로,,,4,86,1,N,37.575620,126.912830,37.575520,126.913540,,서울특별시 서대문구,02-330-1835,2025-09-09,3120000,서울특별시 서대문구
서울특별시,서대문구,증가로20길,,,5,105,1,N,37.580310,126.916040,37.580310,126.916040,,서울특별시 서대문구,02-330-1835,2025-09-09,3120000,서울특별시 서대문구
서울특별시,서대문구,증가로24길,,,4,140,1,N,37.580910,126.915350,37.580910,126.916840,,서울특별시 서대문구,02-330-1835,2025-09-09,3120000,서울특별시 서대문구
서울특별시,서대문구,거북골로24길,,,4,304,1,N,37.581930,126.909550,37.579710,126.907180,,서울특별시 서대문구,02-330-1835,2025-09-09,3120000,서울특별시 서대문구
서울특별시,서대문구,증가로29길,,,4,205,1,N,37.581190,126.911530,37.582700,126.912690,,서울특별시 서대문구,02-330-1835,2025-09-09,3120000,서울특별시 서대문구
서울특별시,서대문구,증가로29길,,,4,158,1,N,37.582360,126.912390,37.583310,126.911010,,서울특별시 서대문구,02-330-1835,2025-09-09,3120000,서울특별시 서대문구
서울특별시,서대문구,증가로29길,,,4,174,1,N,37.582440,126.910110,37.581620,126.911810,,서울특별시 서대문구,02-330-1835,2025-09-09,3120000,서울특별시 서대문구
서울특별시,서대문구,증가로31길,,,4,236,1,N,37.583630,126.911350,37.582090,126.909730,,서울특별시 서대문구,02-330-1835,2025-09-09,3120000,서울특별시 서대문구
서울특별시,서대문구,증가로32길,,,4,370,1,N,37.586620,126.914040,37.583830,126.911540,,서울특별시 서대문구,02-330-1835,2025-09-09,3120000,서울특별시 서대문구
서울특별시,광진구,천호대로119길,,,5,161,1,N,37.557453,127.085883,37.556132,127.086097,,서울특별시 광진구,02-450-7923,2025-04-23,3040000,서울특별시 광진구
서울특별시,광진구,용마산로5길,,,4,430,1,N,37.557221,127.083125,37.557698,127.087804,,서울특별시 광진구,02-450-7923,2025-04-23,3040000,서울특별시 광진구
서울특별시,광진구,천호대로119길,,,5,170,1,N,37.558875,127.085626,37.557563,127.085844,,서울특별시 광진구,02-450-7923,2025-04-23,3040000,서울특별시 광진구
서울특별시,광진구,천호대로117길,,,5,72,1,N,37.558103,127.085118,37.557501,127.085224,,서울특별시 광진구,02-450-7923,2025-04-23,3040000,서울특별시 광진구
서울특별시,광진구,천호대로113길,,,7,121,1,N,37.5572986,127.0830445,37.5598736,127.0845816,,서울특별시 광진구,02-450-7923,2025-04-23,3040000,서울특별시 광진구
서울특별시,광진구,능동로42길,,,6,210,1,N,37.5596611,127.0808692,37.558844,127.083166,,서울특별시 광진구,02-450-7923,2025-04-23,3040000,서울특별시 광진구
서울특별시,광진구,긴고랑로30길,,,4,161,1,N,37.5576975,127.0871287,37.559054,127.086867,,서울특별시 광진구,02-450-7923,2025-04-23,3040000,서울특별시 광진구
서울특별시,광진구,긴고랑로30길,,,4,65,1,N,37.5576975,127.0871287,37.559723,127.086783,,서울특별시 광진구,02-450-7923,2025-04-23,3040000,서울특별시 광진구
서울특별시,광진구,용마산로7길,,,6,214,1,N,37.560161,127.083882,37.560924,127.081686,,서울특별시 광진구,02-450-7923,2025-04-23,3040000,서울특별시 광진구
서울특별시,광진구,용마산로7길,,,6,356,1,N,37.5588828,127.0876227,37.560121,127.084015,,서울특별시 광진구,02-450-7923,2025-04-23,3040000,서울특별시 광진구
서울특별시,광진구,능동로48길,,,5,128,1,N,37.5628524,127.0826409,37.561918,127.086375,,서울특별시 광진구,02-450-7923,2025-04-23,3040000,서울특별시 광진구
경기도,의정부시,경의로145번길,통행원활,,6,126,1,N,37.733866,127.0518501,37.733879,127.0532401,,경기도 의정부시청,031-828-4842,2025-06-30,3820000,경기도 의정부시
경기도,의정부시,경의로146번길~경의로118번길,통행원활,,6,393,1,N,37.7325801,127.048755,37.732687,127.053208,,경기도 의정부시청,031-828-4842,2025-06-30,3820000,경기도 의정부시
경기도,의정부시,태평로,통행원활,,6,26,1,N,37.7429401,127.051464,37.742915,127.051078,,경기도 의정부시청,031-828-4842,2025-06-30,3820000,경기도 의정부시
경기도,의정부시,태평로73번길,통행원활,,6,304,1,N,37.739001,127.048218,37.739063,127.051608,,경기도 의정부시청,031-828-4842,2025-06-30,3820000,경기도 의정부시
경기도,의정부시,평화로552번길,통행원활,,6,120,1,N,37.741242,127.048878,37.742207,127.049597,,경기도 의정부시청,031-828-4842,2025-06-30,3820000,경기도 의정부시
경기도,의정부시,신흥로274번길,통행원활,,6,203,1,N,37.740571,127.043229,37.740037,127.045348,,경기도 의정부시청,031-828-4842,2025-06-30,3820000,경기도 의정부시
경기도,의정부시,시민로63번길~흥선로138번길,통행원활,,6,368,1,N,37.738349,127.042328,37.741572,127.042199,,경기도 의정부시청,031-828-4842,2025-06-30,3820000,경기도 의정부시
경기도,의정부시,신흥로257번길,통행원활,,6,167,1,N,37.739034,127.041738,37.7390701,127.043176,,경기도 의정부시청,031-828-4842,2025-06-30,3820000,경기도 의정부시
경기도,의정부시,신흥로265번길,통행원활,,6,64,1,N,37.739916,127.042559,37.739544,127.043122,,경기도 의정부시청,031-828-4842,2025-06-30,3820000,경기도 의정부시
서울특별시,서대문구,북아현로11가길,,,4,230,1,Y,37.563990,126.953340,37.562110,126.955130,,서울특별시 서대문구,02-330-1835,2025-09-09,3120000,서울특별시 서대문구
경기도,의정부시,의정로80번길,통행원활,,6,141,1,N,37.740272,127.036022,37.739861,127.034896,,경기도 의정부시청,031-828-4842,2025-06-30,3820000,경기도 의정부시
경기도,의정부시,의정로104번길,통행원활,,6,229,1,N,37.742067,127.034761,37.740361,127.036054,,경기도 의정부시청,031-828-4842,2025-06-30,3820000,경기도 의정부시
경기도,의정부시,신흥로317번길,통행원활,,6,231,1,N,37.744467,127.039384,37.744522,127.042012,,경기도 의정부시청,031-828-4842,2025-06-30,3820000,경기도 의정부시
경기도,의정부시,가능로86번길~가능로74번길,통행원활,,6,231,1,N,37.744904,127.039384,37.745014,127.0419801,,경기도 의정부시청,031-828-4842,2025-06-30,3820000,경기도 의정부시
경기도,의정부시,신흥로239번길,통행원활,,6,230,1,N,37.745528,127.039362,37.745613,127.041926,,경기도 의정부시청,031-828-4842,2025-06-30,3820000,경기도 의정부시
경기도,의정부시,가능로86번길~가능로74번길,통행원활,,6,231,1,N,37.746156,127.041894,37.746105,127.039303,,경기도 의정부시청,031-828-4842,2025-06-30,3820000,경기도 의정부시
경기도,의정부시,의정로131번길,통행원활,,6,60,1,N,37.744223,127.033105,37.744544,127.033612,,경기도 의정부시청,031-828-4842,2025-06-30,3820000,경기도 의정부시
경기도,의정부시,흥선로27번길,통행원활,,6,165,1,N,37.746478,127.031605,37.745912,127.032697,,경기도 의정부시청,031-828-4842,2025-06-30,3820000,경기도 의정부시
경기도,의정부시,호국로1114번길~호국로1120번길,통행원활,,6,615,1,N,37.742845,127.027611,37.742762,127.0281401,,경기도 의정부시청,031-828-4842,2025-06-30,3820000,경기도 의정부시
경기도,의정부시,태평로204번길~태평로194번길,통행원활,,6,223,1,N,37.751299,127.047272,37.750145,127.049042,,경기도 의정부시청,031-828-4842,2025-06-30,3820000,경기도 의정부시
경기도,의정부시,가능로151번길,통행원활,,6,111,1,N,37.747008,127.047157,37.747464,127.047948,,경기도 의정부시청,031-828-4842,2025-06-30,3820000,경기도 의정부시
경기도,의정부시,가능로39번길,통행원활,,6,118,1,N,37.747178,127.035248,37.747161,127.036601,,경기도 의정부시청,031-828-4842,2025-06-30,3820000,경기도 의정부시
경기도,의정부시,가능로39번길,통행원활,,6,126,1,N,37.747988,127.035199,37.748023,127.036601,,경기도 의정부시청,031-828-4842,2025-06-30,3820000,경기도 의정부시
경기도,의정부시,신흥로365번길,통행원활,,6,653,1,N,37.74892942,127.0425956,37.7487132,127.0351672,,경기도 의정부시청,031-828-4842,2025-06-30,3820000,경기도 의정부시
경기도,의정부시,의정로163번길,통행원활,,6,101,1,N,37.747543,127.032689,37.747568,127.033842,,경기도 의정부시청,031-828-4842,2025-06-30,3820000,경기도 의정부시
경기도,의정부시,의정로202번길~신촌로75번길,통행원활,,6,1110,1,N,37.75091103,127.0337461,37.75052625,127.0429696,,경기도 의정부시청,031-828-4842,2025-06-30,3820000,경기도 의정부시
경기도,의정부시,의정로163번길,통행원활,,6,73,1,N,37.748353,127.031434,37.747941,127.0320501,,경기도 의정부시청,031-828-4842,2025-06-30,3820000,경기도 의정부시
경기도,의정부시,흥선로5번길~의정로201번길,통행원활,,6,442,1,N,37.74758624,127.0304371,37.75073877,127.0335645,,경기도 의정부시청,031-828-4842,2025-06-30,3820000,경기도 의정부시
강원특별자치도,삼척시,원당로2길,통행안전,,3,200,1,N,37.439455,129.154724,37.437313,129.153437,,강원특별자치도 삼척시,033-570-3474,2025-07-28,4241000,강원특별자치도 삼척시
강원특별자치도,삼척시,수로부인길,통행안전,,3,200,1,N,37.465895,129.152285,37.466536,129.150433,,강원특별자치도 삼척시,033-570-3474,2025-07-28,4241000,강원특별자치도 삼척시
강원특별자치도,삼척시,진주로,통행안전,,3,80,1,N,37.441117,129.165771,37.441054,129.164175,,강원특별자치도 삼척시,033-570-3474,2025-07-28,4241000,강원특별자치도 삼척시
강원특별자치도,삼척시,중앙시장1길,통행안전,,3,190,1,Y,37.441391,129.167732,37.441365,129.165864,,강원특별자치도 삼척시,033-570-3474,2025-07-28,4241000,강원특별자치도 삼척시
강원특별자치도,삼척시,대학로,통행안전,,3,300,1,N,37.441202,129.163448,37.443907,129.163241,,강원특별자치도 삼척시,033-570-3474,2025-07-28,4241000,강원특별자치도 삼척시
강원특별자치도,삼척시,중앙시장2길,통행안전,,3,90,1,Y,37.443455,129.167806,34.443374,129.165731,,강원특별자치도 삼척시,033-570-3474,2025-07-28,4241000,강원특별자치도 삼척시
충청북도,진천군,남산8길,,,6,407,1,N,36.854063,127.444471,36.853223,127.448964,,충청북도 진천군청,043-539-4333,2025-07-30,4450000,충청북도 진천군
충청북도,진천군,중앙동2길,,,4,230,1,N,36.855513,127.441992,36.855196,127.444722,,충청북도 진천군청,043-539-4333,2025-07-30,4450000,충청북도 진천군
충청북도,진천군,중앙서2길,,,4,240,1,N,36.855812,127.444921,36.856157,127.442142,,충청북도 진천군청,043-539-4333,2025-07-30,4450000,충청북도 진천군
충청북도,진천군,중앙서로,,,8,427,2,Y,36.858457,127.442135,36.854521,127.441674,,충청북도 진천군청,043-539-4333,2025-07-30,4450000,충청북도 진천군
충청북도,진천군,중앙동로,,,8,441,2,Y,36.854736,127.444562,36.858516,127.444382,,충청북도 진천군청,043-539-4333,2025-07-30,4450000,충청북도 진천군
충청북도,진천군,상산로,,,10,250,2,Y,36.854521,127.441674,36.854736,127.444561,,충청북도 진천군청,043-539-4333,2025-07-30,4450000,충청북도 진천군
서울특별시,강서구,곰달래로31가길,,,7.5,190,1,Y,37.53182700,126.85136100,37.53206800,126.85347200,,서울특별시 강서구청,02-2600-4136,2025-05-20,3150000,서울특별시 강서구
서울특별시,광진구,능동로48길,,,5,228,1,N,37.562786,127.082839,37.562052,127.084902,,서울특별시 광진구,02-450-7923,2025-04-23,3040000,서울특별시 광진구
서울특별시,광진구,능동로50길,,,4,214,1,N,37.5641741,127.0834457,37.5636986,127.0884548,,서울특별시 광진구,02-450-7923,2025-04-23,3040000,서울특별시 광진구
서울특별시,광진구,능동로50길,,,4,80,1,N,37.5641741,127.0834457,37.5636986,127.0884548,,서울특별시 광진구,02-450-7923,2025-04-23,3040000,서울특별시 광진구
서울특별시,광진구,천호대로101길,,,7,46,1,N,37.559754,127.074821,37.559236,127.074523,,서울특별시 광진구,02-450-7923,2025-04-23,3040000,서울특별시 광진구
서울특별시,광진구,동일로62길,,,7,290,1,N,37.5600149,127.0743192,37.5588621,127.0772777,,서울특별시 광진구,02-450-7923,2025-04-23,3040000,서울특별시 광진구
서울특별시,광진구,능동로37길,,,7,223,1,N,37.558789,127.077425,37.557861,127.079804,,서울특별시 광진구,02-450-7923,2025-04-23,3040000,서울특별시 광진구
서울특별시,광진구,천호대로101길,,,7,90,1,N,37.560661,127.073354,37.559819,127.074867,,서울특별시 광진구,02-450-7923,2025-04-23,3040000,서울특별시 광진구
서울특별시,광진구,면목로7길,,,7,233,1,N,37.559303,127.077587,37.560241,127.075166,,서울특별시 광진구,02-450-7923,2025-04-23,3040000,서울특별시 광진구
서울특별시,광진구,능동로39길,,,7,225,1,N,37.558341,127.080072,37.559271,127.077686,,서울특별시 광진구,02-450-7923,2025-04-23,3040000,서울특별시 광진구
서울특별시,광진구,동일로64길,,,7,223,1,N,37.560062,127.077208,37.560903,127.074774,,서울특별시 광진구,02-450-7923,2025-04-23,3040000,서울특별시 광진구
서울특별시,광진구,천호대로101길,,,7,97,1,N,37.5616179,127.0758411,37.560732,127.075383,,서울특별시 광진구,02-450-7923,2025-04-23,3040000,서울특별시 광진구
서울특별시,광진구,긴고랑로8길,,,7,152,1,N,37.559585,127.076998,37.560907,127.077727,,서울특별시 광진구,02-450-7923,2025-04-23,3040000,서울특별시 광진구
서울특별시,광진구,능동로41길,,,7,220,1,N,37.5605816,127.0784523,37.559658,127.0808669,,서울특별시 광진구,02-450-7923,2025-04-23,3040000,서울특별시 광진구
서울특별시,광진구,동일로66길,,,6,292,1,N,37.561842,127.075208,37.560731,127.078362,,서울특별시 광진구,02-450-7923,2025-04-23,3040000,서울특별시 광진구
서울특별시,광진구,긴고랑로2길,,,6,123,1,N,37.562686,127.076478,37.561638,127.075883,,서울특별시 광진구,02-450-7923,2025-04-23,3040000,서울특별시 광진구
서울특별시,광진구,긴고랑로8길,,,7,123,1,N,37.5601489,127.0772954,37.5620672,127.0783271,,서울특별시 광진구,02-450-7923,2025-04-23,3040000,서울특별시 광진구
서울특별시,광진구,동일로68길,,,8,290,1,N,37.5618718,127.078995,37.562958,127.075842,,서울특별시 광진구,02-450-7923,2025-04-23,3040000,서울특별시 광진구
서울특별시,광진구,능동로43길,,,8,222,1,N,37.560973,127.081525,37.561824,127.079107,,서울특별시 광진구,02-450-7923,2025-04-23,3040000,서울특별시 광진구
서울특별시,광진구,긴고랑로2길,,,8,129,1,N,37.5616676,127.0758654,37.563974,127.0771735,,서울특별시 광진구,02-450-7923,2025-04-23,3040000,서울특별시 광진구
서울특별시,광진구,긴고랑로8길,,,7,134,1,N,37.562114,127.078403,37.563317,127.079064,,서울특별시 광진구,02-450-7923,2025-04-23,3040000,서울특별시 광진구
서울특별시,광진구,동일로70길,,,7,44,1,N,37.5646281,127.0775803,37.5637842,127.0800232,,서울특별시 광진구,02-450-7923,2025-04-23,3040000,서울특별시 광진구
서울특별시,광진구,동일로70길,,,7,106,1,N,37.564595,127.077621,37.563989,127.079364,,서울특별시 광진구,02-450-7923,2025-04-23,3040000,서울특별시 광진구
서울특별시,광진구,동일로70길,,,7,53,1,N,37.563953,127.079454,37.563761,127.080021,,서울특별시 광진구,02-450-7923,2025-04-23,3040000,서울특별시 광진구
서울특별시,광진구,능동로47길,,,7,43,1,N,37.563061,127.082011,37.562872,127.082557,,서울특별시 광진구,02-450-7923,2025-04-23,3040000,서울특별시 광진구
서울특별시,광진구,긴고랑로1길,,,7,215,1,N,37.5676336,127.079245,37.564023,127.077251,,서울특별시 광진구,02-450-7923,2025-04-23,3040000,서울특별시 광진구
서울특별시,광진구,긴고랑로3길,,,7,147,1,N,37.5657484,127.0787908,37.5644972,127.0781023,,서울특별시 광진구,02-450-7923,2025-04-23,3040000,서울특별시 광진구
서울특별시,광진구,긴고랑로5길,,,6,148,1,N,37.565471,127.079485,37.564222,127.078812,,서울특별시 광진구,02-450-7923,2025-04-23,3040000,서울특별시 광진구
서울특별시,광진구,긴고랑로7길,,,7,214,1,N,37.5640425,127.0794467,37.5679255,127.0815617,,서울특별시 광진구,02-450-7923,2025-04-23,3040000,서울특별시 광진구
서울특별시,광진구,능동로49길,,,7,284,1,Y,37.565073,127.080739,37.566142,127.077673,,서울특별시 광진구,02-450-7923,2025-04-23,3040000,서울특별시 광진구
서울특별시,광진구,능동로49길,,,7,235,1,N,37.564195,127.083298,37.565053,127.080853,,서울특별시 광진구,02-450-7923,2025-04-23,3040000,서울특별시 광진구
경기도,경기도 양평군청,관문길8번길,주민편의,2017,5,90,1,N,37.491111,127.496111,37.491411,127.497311,,경기도 양평군청,031-770-3755,2023-05-24,4170000,경기도 양평군