장소유형코드,대상시설명,시도명,시군구명,시군구코드,소재지도로명주소,소재지지번주소,위도,경도,제한속도,관리기관명,관리기관전화번호,관할경찰서명,CCTV설치여부,CCTV설치대수,보호구역도로폭,데이터기준일자,제공기관코드,제공기관명
1,마리면 영승마을회관,경상남도,거창군,48880,경상남도 거창군 마리면 빼재로 173,경상남도 거창군 마리면 월계리 258-4,35.715154729,127.8542533376,30,경상남도 거창군청,055-940-3382,거창경찰서,N,,,2026-02-26,5470000,경상남도 거창군
1,고제면 원농산경로당,경상남도,거창군,48880,경상남도 거창군 고제면 원농산길 130,경상남도 거창군 고제면 농산리 486-1,35.80612799,127.8692416,30,경상남도 거창군청,055-940-3382,거창경찰서,N,,,2026-02-26,5470000,경상남도 거창군
1,신원면 원동경로당,경상남도,거창군,48880,경상남도 거창군 신원면 원동길 50,경상남도 거창군 신원면 수원리 1121-29,35.5849008,127.9735265,30,경상남도 거창군청,055-940-3382,거창경찰서,N,,,2026-02-26,5470000,경상남도 거창군
1,신원면 청용경로당,경상남도,거창군,48880,경상남도 거창군 신원면 청용1길 16,경상남도 거창군 신원면 청수리 261-1,35.57016755,127.9016399,30,경상남도 거창군청,055-940-3382,거창경찰서,N,,,2026-02-26,5470000,경상남도 거창군
1,가북면 강계경로당,경상남도,거창군,48880,경상남도 거창군 가북면 용암로 621-7,경상남도 거창군 가북면 몽석리 155,35.80202653,128.0248157,30,경상남도 거창군청,055-940-3382,거창경찰서,N,,,2026-02-26,5470000,경상남도 거창군
1,가북면 다전경로당,경상남도,거창군,48880,경상남도 거창군 가북면 다전길 3,경상남도 거창군 가북면 중촌리 2231-1,35.80608128,127.9713694,30,경상남도 거창군청,055-940-3382,거창경찰서,N,,,2026-02-26,5470000,경상남도 거창군
1,남하면 대야경로당,경상남도,거창군,48880,경상남도 거창군 남하면 대야길 9,경상남도 거창군 남하면 대야리 1433-2,35.63539421,127.9634564,30,경상남도 거창군청,055-940-3382,거창경찰서,N,,,2026-02-26,5470000,경상남도 거창군
1,남하면 상촌경로당,경상남도,거창군,48880,경상남도 거창군 남하면 양항길 354,경상남도 거창군 남하면 양항리 938-1,35.68566767,127.9453686,30,경상남도 거창군청,055-940-3382,거창경찰서,N,,,2026-02-26,5470000,경상남도 거창군
1,가북면 회남경로당,경상남도,거창군,48880,경상남도 거창군 가북면 보해길 963-26,경상남도 거창군 가북면 해평리 1503-1,35.79379654,127.9718031,30,경상남도 거창군청,055-940-3382,거창경찰서,N,,,2026-02-26,5470000,경상남도 거창군
1,북상면 탑불경로당,경상남도,거창군,48880,경상남도 거창군 북상면 송계로 870,경상남도 거창군 북상면 갈계리 887-2,35.79042703,127.8151751,30,경상남도 거창군청,055-940-3382,거창경찰서,N,,,2026-02-26,5470000,경상남도 거창군
1,마리면 신기삼거리경로당,경상남도,거창군,48880,경상남도 거창군 마리면 거안로 640-5,경상남도 거창군 마리면 대동리 1496-4,35.68687937,127.8413682,30,경상남도 거창군청,055-940-3382,거창경찰서,N,,,2026-02-26,5470000,경상남도 거창군
1,신원면 번득경로당,경상남도,거창군,48880,경상남도 거창군 신원면 상감악길 5-12,경상남도 거창군 신원면 과정리 568,35.57231844,127.9224109,30,경상남도 거창군청,055-940-3382,거창경찰서,N,,,2026-02-26,5470000,경상남도 거창군
1,신원면 세안경로당,경상남도,거창군,48880,경상남도 거창군 신원면 세안길 24-3,경상남도 거창군 신원면 과정리 620-1,35.57321554,127.9182921,30,경상남도 거창군청,055-940-3382,거창경찰서,N,,,2026-02-26,5470000,경상남도 거창군
1,신원면 내동경로당,경상남도,거창군,48880,경상남도 거창군 신원면 내동2길 11,경상남도 거창군 신원면 덕산리 631-6,35.57596598,127.8941522,30,경상남도 거창군청,055-940-3382,거창경찰서,N,,,2026-02-26,5470000,경상남도 거창군
1,남상면 월평경로당,경상남도,거창군,48880,경상남도 거창군 남상면 밤티재로 1195,경상남도 거창군 남상면 월평리 1260-2,35.66193824,127.9316267,30,경상남도 거창군청,055-940-3382,거창경찰서,N,,,2026-02-26,5470000,경상남도 거창군
1,남상면 무촌경로당,경상남도,거창군,48880,경상남도 거창군 남상면 수남로 1800-27,경상남도 거창군 남상면 무촌리 1344-37,35.64100745,127.9068565,30,경상남도 거창군청,055-940-3382,거창경찰서,N,,,2026-02-26,5470000,경상남도 거창군
1,남상면 명산동경로당,경상남도,거창군,48880,경상남도 거창군 남상면 명산동길 31,경상남도 거창군 남상면 전척리 132-2,35.62776544,127.9607794,30,경상남도 거창군청,055-940-3382,거창경찰서,N,,,2026-02-26,5470000,경상남도 거창군
1,신원면 청연경로당,경상남도,거창군,48880,경상남도 거창군 신원면 청연길 13,경상남도 거창군 신원면 덕산리 140,35.60294167,127.9114153,30,경상남도 거창군청,055-940-3382,거창경찰서,N,,,2026-02-26,5470000,경상남도 거창군
1,남상면 상매경로당,경상남도,거창군,48880,경상남도 거창군 남상면 매산1길 20,경상남도 거창군 남상면 무촌리 1076-3,35.63297568,127.9030179,30,경상남도 거창군청,055-940-3382,거창경찰서,N,,,2026-02-26,5470000,경상남도 거창군
1,북상면 월성경로당,경상남도,거창군,48880,경상남도 거창군 북상면 은지밭길 82,경상남도 거창군 북상면 월성리 1082-1,35.76516628,127.7429844,30,경상남도 거창군청,055-940-3382,거창경찰서,N,,,2026-02-26,5470000,경상남도 거창군
1,남상면 괴화경로당,경상남도,거창군,48880,경상남도 거창군 남상면 괴화길 6,경상남도 거창군 남상면 대산리 1270-2,35.64508894,127.9201178,30,경상남도 거창군청,055-940-3382,거창경찰서,N,,,2026-02-26,5470000,경상남도 거창군
1,남상면 대현경로당,경상남도,거창군,48880,경상남도 거창군 남상면 밤티재로 1063-5,경상남도 거창군 남상면 대산리 125-2,35.65181903,127.9374241,30,경상남도 거창군청,055-940-3382,거창경찰서,N,,,2026-02-26,5470000,경상남도 거창군
1,거창읍 정장경로당,경상남도,거창군,48880,경상남도 거창군 거창읍 정장길 213,경상남도 거창군 거창읍 정장리 785-3,35.6705546,127.9183473,30,경상남도 거창군청,055-940-3382,거창경찰서,N,,,2026-02-26,5470000,경상남도 거창군
1,가조면 월포경로당,경상남도,거창군,48880,경상남도 거창군 가조면 월포2길 92-2,경상남도 거창군 가조면 수월리 473,35.71231598,128.0211142,30,경상남도 거창군청,055-940-3382,거창경찰서,N,,,2026-02-26,5470000,경상남도 거창군
1,남하면 월곡경로당,경상남도,거창군,48880,경상남도 거창군 남하면 월곡길 25,경상남도 거창군 남하면 무릉리 281-1,35.65798535,127.9580484,30,경상남도 거창군청,055-940-3382,거창경찰서,N,,,2026-02-26,5470000,경상남도 거창군
1,남하면 산포경로당,경상남도,거창군,48880,경상남도 거창군 남하면 산포1길 18,경상남도 거창군 남하면 무릉리 543-3,35.65044673,127.9531273,30,경상남도 거창군청,055-940-3382,거창경찰서,N,,,2026-02-26,5470000,경상남도 거창군
1,위천면 원당경로당,경상남도,거창군,48880,경상남도 거창군 위천면 원당1길 39,경상남도 거창군 위천면 모동리 408,35.77489552,127.8678822,30,경상남도 거창군청,055-940-3382,거창경찰서,Y,1,,2026-02-26,5470000,경상남도 거창군
1,남상면 매산경로당,경상남도,거창군,48880,경상남도 거창군 남상면 감악산로 972,경상남도 거창군 남상면 무촌리 1095,35.63205282,127.9060991,30,경상남도 거창군청,055-940-3382,거창경찰서,N,,,2026-02-26,5470000,경상남도 거창군
1,웅양면 원촌경로당,경상남도,거창군,48880,경상남도 거창군 웅양면 웅양로 1443-13,경상남도 거창군 웅양면 노현리 147-2,35.80666381,127.9178214,30,경상남도 거창군청,055-940-3382,거창경찰서,Y,1,,2026-02-26,5470000,경상남도 거창군
1,웅양면 오산경로당,경상남도,거창군,48880,경상남도 거창군 웅양면 하곡2길 10,경상남도 거창군 웅양면 한기리 453-17,35.87240862,127.9219525,30,경상남도 거창군청,055-940-3382,거창경찰서,N,,,2026-02-26,5470000,경상남도 거창군
1,가조면 들마경로당,경상남도,거창군,48880,경상남도 거창군 가조면 지산로 1276,경상남도 거창군 가조면 석강리 1320,35.69149088,128.0215975,30,경상남도 거창군청,055-940-3382,거창경찰서,N,,,2026-02-26,5470000,경상남도 거창군
1,주상면 도동경로당,경상남도,거창군,48880,경상남도 거창군 주상면 도동길 15,경상남도 거창군 주상면 완대리 766-2,35.79696853,127.876873,30,경상남도 거창군청,055-940-3382,거창경찰서,N,,,2026-02-26,5470000,경상남도 거창군
1,고제면 고제경로당,경상남도,거창군,48880,경상남도 거창군 고제면 고제로 72,경상남도 거창군 고제면 농산리 200-1,35.81491884,127.8721797,30,경상남도 거창군청,055-940-3382,거창경찰서,N,,,2026-02-26,5470000,경상남도 거창군
1,가조면 도산경로당,경상남도,거창군,48880,경상남도 거창군 가조면 지산로 1370,경상남도 거창군 가조면 일부리 1171-1,35.69976566,128.020236,30,경상남도 거창군청,055-940-3382,거창경찰서,Y,1,,2026-02-26,5470000,경상남도 거창군
1,가조면 화곡경로당,경상남도,거창군,48880,경상남도 거창군 가조면 도리3길 33,경상남도 거창군 가조면 도리 1248,35.70574199,128.0533687,30,경상남도 거창군청,055-940-3382,거창경찰서,N,,,2026-02-26,5470000,경상남도 거창군
1,가조면 도산당경로당,경상남도,거창군,48880,경상남도 거창군 가조면 가조가야로 1469-58,경상남도 거창군 가조면 도리 1268,35.70593748,128.0537282,30,경상남도 거창군청,055-940-3382,거창경찰서,N,,,2026-02-26,5470000,경상남도 거창군
1,가조면 녹동경로당,경상남도,거창군,48880,경상남도 거창군 가조면 가조가야로 1296,경상남도 거창군 가조면 일부리 136-1,35.7042267,128.0345597,30,경상남도 거창군청,055-940-3382,거창경찰서,N,,,2026-02-26,5470000,경상남도 거창군
1,가조면 장기경로당,경상남도,거창군,48880,경상남도 거창군 가조면 가조가야로 941-5,경상남도 거창군 가조면 장기리 283-7,35.7137467,127.9992428,30,경상남도 거창군청,055-940-3382,거창경찰서,Y,1,,2026-02-26,5470000,경상남도 거창군
1,송계경로당,전라남도,장성군,49800,전라남도 장성군 동화면 본동로 803,전라남도 동화면 송계리 447-2,35.218782,126.698713,30,전라남도 장성군청,061-390-7496,장성경찰서,N,,,2026-02-11,4980000,전라남도 장성군
1,장사경로당,전라남도,장성군,49800,전라남도 장성군 북하면 장사길 12,전라남도 장성군 북하면 대악리 844-5,35.378209,126.852732,30,전라남도 장성군청,061-390-7496,장성경찰서,N,,,2026-02-11,4980000,전라남도 장성군
1,프란치스코의집,전라남도,장성군,49800,전라남도 장성군 진원면 덕주1길 10,전라남도 장성군 진원면 선적리 170-1,35.27463709,126.8316209,30,전라남도 장성군청,061-390-7496,장성경찰서,N,,7,2026-02-11,4980000,전라남도 장성군
1,모현마을경로당,전라남도,장성군,49800,전라남도 장성군 북이면 모현1길 60,전라남도 장성군 북이면 모현리 581-106,35.4043051,126.7962738,30,전라남도 장성군청,061-390-7496,장성경찰서,N,,7,2026-02-11,4980000,전라남도 장성군
1,화해마을회관,전라남도,장성군,49800,전라남도 장성군 삼서면 화해길 4,전라남도 장성군 삼서면 수해리 178-2,35.2151046,126.6318971,30,전라남도 장성군청,061-390-7496,장성경찰서,N,,7,2026-02-11,4980000,전라남도 장성군
1,장산3리 경로당,전라남도,장성군,49800,전라남도 장성군 황룡면 물뫼길 72,전라남도 장성군 황룡면 장산리 601-5,35.2967848,126.7495999,30,전라남도 장성군청,061-390-7496,장성경찰서,N,,7,2026-02-11,4980000,전라남도 장성군
1,회사촌경로당,전라남도,장성군,49800,전라남도 장성군 황룡면 황룡로 235,전라남도 장성군 황룡면 황룡리 48-7,35.277546,126.7515771,30,전라남도 장성군청,061-390-7496,장성경찰서,N,,7,2026-02-11,4980000,전라남도 장성군
1,원황룡경로당,전라남도,장성군,49800,전라남도 장성군 황룡면 요월정로 87,전라남도 장성군 황룡면 황룡리 155-2,35.2782451,126.7473961,30,전라남도 장성군청,061-390-7496,장성경찰서,N,,7,2026-02-11,4980000,전라남도 장성군
1,능성경로당,전라남도,장성군,49800,전라남도 장성군 삼계면 금강산로 1,전라남도 장성군 삼계면 능성리 410-3,35.260159,126.7031106,30,전라남도 장성군청,061-390-7496,장성경찰서,N,,5,2026-02-11,4980000,전라남도 장성군
1,안평1리 경로당,전라남도,장성군,49800,전라남도 장성군 장성읍 안평길 62,전라남도 장성군 장성읍 안평리 40-1,35.3316323,126.7813794,30,전라남도 장성군청,061-390-7496,장성경찰서,Y,1,7,2026-02-11,4980000,전라남도 장성군
1,월산경로당,전라남도,장성군,49800,전라남도 장성군 삼서면 월령월산길 33,전라남도 장성군 삼서면 두월리 720-7,35.2400245,126.6826794,30,전라남도 장성군청,061-390-7496,장성경찰서,N,,7,2026-02-11,4980000,전라남도 장성군
1,진원면 진원리복지회관,전라남도,장성군,49800,전라남도 장성군 진원면 불태2로 126,전라남도 장성군 진원면 진원리 218-1,35.2731713,126.8446687,30,전라남도 장성군청,061-390-7496,장성경찰서,N,,7,2026-02-11,4980000,전라남도 장성군
1,북이면 복암여성노인정,전라남도,장성군,49800,전라남도 장성군 북이면 봉암로 1628,전라남도 장성군 북이면 사거리 688-17,35.4271193,126.8084808,30,전라남도 장성군청,061-390-7496,장성경찰서,N,,7,2026-02-11,4980000,전라남도 장성군
1,삼계면 사창경로당,전라남도,장성군,49800,전라남도 장성군 삼계면 사창로 96,전라남도 장성군 삼계면 사창리 513-6,35.2615662,126.6629036,30,전라남도 장성군청,061-390-7496,장성경찰서,N,,7,2026-02-11,4980000,전라남도 장성군
1,삼계면 월산경로당,전라남도,장성군,49800,전라남도 장성군 삼계면 주산월산길 25,전라남도 장성군 삼계면 주산리 690-1,35.2524917,126.6683641,30,전라남도 장성군청,061-390-7496,장성경찰서,Y,1,7,2026-02-11,4980000,전라남도 장성군
1,삼계면 아계경로당,전라남도,장성군,49800,전라남도 장성군 삼계면 아계길 19,전라남도 장성군 삼계면 내계리 781-9,35.2726155,126.6507739,30,전라남도 장성군청,061-390-7496,장성경찰서,N,,15,2026-02-11,4980000,전라남도 장성군
1,삼계면 화산1리 경로당,전라남도,장성군,49800,전라남도 장성군 삼계면 화산길 34,전라남도 장성군 삼계면 화산리 336,35.2856904,126.6430734,30,전라남도 장성군청,061-390-7496,장성경찰서,N,,7,2026-02-11,4980000,전라남도 장성군
1,삼계면 익수경로당,전라남도,장성군,49800,전라남도 장성군 삼계면 평림암치로 110,전라남도 장성군 삼계면 수옥리 638-2,35.2800279,126.687532,30,전라남도 장성군청,061-390-7496,장성경찰서,N,,7,2026-02-11,4980000,전라남도 장성군
1,삼계면 만화경로당,전라남도,장성군,49800,전라남도 장성군 삼계면 만화길 30-5,전라남도 장성군 삼계면 수산리 110-1,35.3124873,126.6682902,30,전라남도 장성군청,061-390-7496,장성경찰서,N,,7,2026-02-11,4980000,전라남도 장성군
1,북일면 남부경로당,전라남도,장성군,49800,전라남도 장성군 북일면 신흥로 385,전라남도 장성군 북일면 신흥리 188-2,35.373408,126.806994,30,전라남도 장성군청,061-390-7496,장성경찰서,N,,7,2026-02-11,4980000,전라남도 장성군
1,북이면 전천후게이트볼장,전라남도,장성군,49800,전라남도 장성군 북이면 사남북길 10,전라남도 장성군 북이면 사거리 695-14,35.427037,126.8064796,30,전라남도 장성군청,061-390-7496,장성경찰서,N,,8,2026-02-11,4980000,전라남도 장성군
1,장성읍 공공실버주택 사회복지관,전라남도,장성군,49800,전라남도 장성군 장성읍 청운11길 11,전라남도 장성군 장성읍 영천리 1475-5,35.3042524,126.7824415,30,전라남도 장성군청,061-390-7496,장성경찰서,N,,8,2026-02-11,4980000,전라남도 장성군
1,장성근린공원,전라남도,장성군,49800,,전라남도 장성군 장성읍 영천리 985,35.2974221,126.783918,30,전라남도 장성군청,061-390-7496,장성경찰서,N,,7,2026-02-11,4980000,전라남도 장성군
1,영락양로원,전라남도,장성군,49800,전라남도 장성군 북하면 남창로 12,전라남도 장성군 북하면 신성리 230-1,35.426621,126.8461832,30,전라남도 장성군청,061-390-7496,장성경찰서,Y,2,6.5,2026-02-11,4980000,전라남도 장성군
1,장성읍게이트볼장,전라남도,장성군,49800,전라남도 장성군 장성읍 문화로 92-18,전라남도 장성군 장성읍 기산리 142-10,35.3024621,126.7716983,30,전라남도 장성군청,061-390-7496,장성경찰서,N,,6.5,2026-02-11,4980000,전라남도 장성군
2,빛누리장애인보호작업장,경기도,남양주시,41360,경기도 남양주시 진접읍 부마로 219,경기도 남양주시 진접읍 부평리 188-3,37.76212605,127.1923683,30,경기도 남양주시청,031-590-2437,남양주북부경찰서,N,0,7,2026-04-16,3990000,경기도 남양주시
2,호세아동산,경기도,남양주시,41360,경기도 남양주시 수동면 소래비로 470-19,경기도 남양주시 수동면 송천리 452-1,37.68779213,127.327462,30,경기도 남양주시청,031-590-2438,남양주남부경찰서,N,0,8,2026-04-16,3990000,경기도 남양주시
2,신망애재활원,경기도,남양주시,41360,경기도 남양주시 수동면 비룡로972번길 17,경기도 남양주시 수동면 입석리 522-2,37.7202178,127.3142963,30,경기도 남양주시청,031-590-2438,남양주남부경찰서,N,0,4,2026-04-16,3990000,경기도 남양주시
1,하나케어센터,경기도,남양주시,41360,경기도 남양주시 수동면 비룡로 1156-4,경기도 남양주시 수동면 외방리 589-6,37.729397,127.2993035,30,경기도 남양주시청,031-590-2438,남양주남부경찰서,N,0,8,2026-04-16,3990000,경기도 남양주시
1,화도노인복지관,경기도,남양주시,41360,경기도 남양주시 화도읍 맷돌로 84,경기도 남양주시 화도읍 마석우리 551,37.65815984,127.2995319,30,경기도 남양주시청,031-590-2438,남양주남부경찰서,Y,1,8,2026-04-16,3990000,경기도 남양주시
1,팔야1리 경로당,경기도,남양주시,41360,경기도 남양주시 진접읍 팔야로 130,경기도 남양주시 진접읍 팔야리 330-2,37.749959,127.2227004,30,경기도 남양주시청,031-590-2437,남양주북부경찰서,Y,1,10,2026-04-16,3990000,경기도 남양주시
1,남양주시 보훈요양원,경기도,남양주시,41360,경기도 남양주시 덕송2로 71,경기도 남양주시 별내동 819,37.66928734,127.1175987,30,경기도 남양주시청,031-590-2437,남양주북부경찰서,Y,1,35,2026-04-16,3990000,경기도 남양주시
1,남양주시노인복지관분관 행복공간,경기도,남양주시,41360,경기도 남양주시 진접읍 해밀예당1로236번길 23,경기도 남양주시 진접읍 금곡리 1118,37.718959,127.205074,30,경기도 남양주시청,031-590-2437,남양주북부경찰서,N,0,12,2026-04-16,3990000,경기도 남양주시
1,물골안어르신학교,경기도,남양주시,41360,경기도 남양주시 수동면 지둔로 7-2,경기도 남양주시 수동면 운수리 95-39,37.704698,127.3247858,30,경기도 남양주시청,031-590-2438,남양주남부경찰서,Y,1,6,2026-04-16,3990000,경기도 남양주시
1,남양주시노인복지관 본관,경기도,남양주시,41360,경기도 남양주시 진건읍 진건오남로 359,경기도 남양주시 진건읍 송능리 109-17,37.67329989,127.197468,50,경기도 남양주시청,031-590-2437,남양주북부경찰서,Y,1,22,2026-04-16,3990000,경기도 남양주시
1,동부노인복지회관,경기도,남양주시,41360,경기도 남양주시 수동면 비룡로 801-47,경기도 남양주시 수동면 운수리 361,37.70970297,127.3205119,30,경기도 남양주시청,031-590-2438,남양주남부경찰서,Y,2,6,2026-04-16,3990000,경기도 남양주시
1,길음2리다목적회관,경기도,평택시,41220,경기도 평택시 오성면 길음리 292-1,경기도 평택시 오성면 오성서로 260번지,36.9859924,126.969321,30,경기도 평택시청,031-8024-4894,평택경찰서,N,,6,2026-03-10,3910000,경기도 평택시
1,석근1리마을회관,경기도,평택시,41220,경기도 평택시 팽성읍 석근길 55,경기도 평택시 팽성읍 대사리 236-2,36.9395355678,127.054940438,30,경기도 평택시청,031-8024-4894,평택경찰서,N,,8,2026-03-10,3910000,경기도 평택시
1,학현2리마을회관,경기도,평택시,41220,경기도 평택시 안중읍 학현길 29,경기도 평택시 안중읍 학현리 271-3,36.9934977523,126.9110552037,30,경기도 평택시청,031-8024-4894,평택경찰서,N,,6,2026-03-10,3910000,경기도 평택시
1,문곡4리마을회관,경기도,평택시,41220,경기도 평택시 고덕면 문곡4길 28,경기도 평택시 고덕면 문곡리 579-1,37.057472,127.008715,30,경기도 평택시청,031-8024-4894,평택경찰서,N,,5,2026-03-10,3910000,경기도 평택시
1,하리마을회관,경기도,평택시,41220,경기도 평택시 하리길 5,경기도 평택시 도일동 543-7,37.050775,127.107225,30,경기도 평택시청,031-8024-4894,평택경찰서,N,,8,2026-03-10,3910000,경기도 평택시
1,성광요양원,경기도,평택시,41220,경기도 평택시 탄현로 399-9,경기도 평택시 신장동 106,37.088361,127.059614,30,경기도 평택시청,031-8024-4894,평택경찰서,N,,15,2026-03-10,3910000,경기도 평택시
1,도대2리경로당,경기도,평택시,41220,경기도 평택시 현덕면 도대1로 187,경기도 평택시 현덕면 도대리 270-1,36.961678,126.907375,30,경기도 평택시청,031-8024-4894,평택경찰서,N,,6,2026-03-10,3910000,경기도 평택시
1,견산5리경로당,경기도,평택시,41220,,경기도 평택시 진위면 견산리 700-1,37.107680,127.072235,30,경기도 평택시청,031-8024-4894,평택경찰서,N,,6,2026-03-10,3910000,경기도 평택시
1,평궁1리경로당,경기도,평택시,41220,경기도 평택시 팽성읍 평궁길 100-1,경기도 평택시 팽성읍 평궁리 245-11,36.971436,127.086517,30,경기도 평택시청,031-8024-4894,평택경찰서,Y,1,7,2026-03-10,3910000,경기도 평택시
1,고렴1리경로당,경기도,평택시,41220,경기도 평택시 청북읍 감미동길 30,경기도 평택시 청북읍 고렴리 396-3,37.054938,126.921131,30,경기도 평택시청,031-8024-4894,평택경찰서,N,,5,2026-03-10,3910000,경기도 평택시
1,용성1리경로당,경기도,평택시,41220,경기도 평택시 안중읍 용성1길 8,경기도 평택시 안중읍 용성리 531-6,37.009729,126.948167,30,경기도 평택시청,031-8024-4894,평택경찰서,N,,5,2026-03-10,3910000,경기도 평택시
1,지산경로당,경기도,평택시,41220,경기도 평택시 지산로12번길 62,경기도 평택시 지산동 825-6,37.076415,127.056049,30,경기도 평택시청,031-8024-4894,평택경찰서,N,,6,2026-03-10,3910000,경기도 평택시
1,문곡2리경로당,경기도,평택시,41220,경기도 평택시 고덕면 문곡2길 79,경기도 평택시 고덕면 문곡리 561-9,37.061689,127.012206,30,경기도 평택시청,031-8024-4894,평택경찰서,N,,5,2026-03-10,3910000,경기도 평택시
1,미소요양원,경기도,평택시,41220,,경기도 평택시 팽성읍 근내리 149,36.979594,127.048216,30,경기도 평택시청,031-8024-4894,평택경찰서,N,,8,2026-03-10,3910000,경기도 평택시
1,정음요양원,경기도,평택시,41220,경기도 평택시 서정역로 48,경기도 평택시 서정동 311,37.058263,127.055332,30,경기도 평택시청,031-8024-4894,평택경찰서,N,,6,2026-03-10,3910000,경기도 평택시
1,덕목사리다목적회관,경기도,평택시,41220,경기도 평택시 현덕면 덕목4길 18,경기도 평택시 현덕면 덕목리 485-3,36.949338,126.956547,30,경기도 평택시청,031-8024-4894,평택경찰서,N,,6,2026-03-10,3910000,경기도 평택시
1,숙성1리경로당,경기도,평택시,41220,경기도 평택시 오성면 숙성1길 6,경기도 평택시 오성면 숙성리 183-2,37.009290,126.985304,30,경기도 평택시청,031-8024-4894,평택경찰서,N,,6,2026-03-10,3910000,경기도 평택시
1,대반리다목적회관,경기도,평택시,41220,경기도 평택시 안중읍 대반5길 37,경기도 평택시 안중읍 대반리 578-1,36.979801,126.958130,30,경기도 평택시청,031-8024-4894,평택경찰서,N,,7,2026-03-10,3910000,경기도 평택시
1,내리경로당,경기도,평택시,41220,경기도 평택시 팽성읍 내리길 103,경기도 평택시 팽성읍 내리 95-11,36.973485,127.027565,30,경기도 평택시청,031-8024-4894,평택경찰서,N,,7,2026-03-10,3910000,경기도 평택시
1,사리다목적회관,경기도,평택시,41220,경기도 평택시 서탄면 사리안길 3-6,경기도 평택시 서탄면 사리 550-1,37.116328,127.048958,30,경기도 평택시청,031-8024-4894,평택경찰서,Y,1,6,2026-03-10,3910000,경기도 평택시
1,늘푸른요양원,경기도,평택시,41220,경기도 평택시 방여울로 91,경기도 평택시 가재동 40-5,37.043336,127.092692,30,경기도 평택시청,031-8024-4894,평택경찰서,Y,1,6,2026-03-10,3910000,경기도 평택시
1,남부전원교회,경기도,평택시,41220,경기도 평택시 삼남로 530,경기도 평택시 지산동 73-1,37.071924,127.090649,60,경기도 평택시청,031-8024-4894,평택경찰서,N,,13,2026-03-10,3910000,경기도 평택시
1,평택시노인전문요양원,경기도,평택시,41220,경기도 평택시 청북읍 건의길 4-13,경기도 평택시 청북읍 토진리 70-22,37.041549,126.948882,60,경기도 평택시청,031-8024-4894,평택경찰서,N,,16,2026-03-10,3910000,경기도 평택시
2,울산참사랑의집,울산광역시,동구,31170,울산광역시 동구 방어진순환도로 1355,울산광역시 동구 서부동 901-9,35.52802112,129.4066914,60,울산광역시 동구청,052-209-3724,울산동부경찰서,N,0,24,2026-03-06,3710000,울산광역시 동구
1,쇠평경로당,울산광역시,동구,31170,울산광역시 동구 쇠평길 120,울산광역시 동구 동부동 519-7,35.557728,129.4300695,30,울산광역시 동구청,052-209-3724,울산동부경찰서,N,0,6,2026-03-06,3710000,울산광역시 동구
1,산생경로당,울산광역시,동구,31170,울산광역시 동구 봉수로 267,울산광역시 동구 전하동 739-1,35.510183,129.421273,50,울산광역시 동구청,052-209-3724,울산동부경찰서,Y,4,25,2026-03-06,3710000,울산광역시 동구
1,동진경로당,울산광역시,동구,31170,울산광역시 동구 동진5길 15,울산광역시 동구 방어동 24-2,35.485425,129.430487,30,울산광역시 동구청,052-209-3724,울산동부경찰서,Y,2,6,2026-03-06,3710000,울산광역시 동구
1,월봉경로당,울산광역시,동구,31170,울산광역시 동구 월봉로 78-1,울산광역시 동구 화정동 654-5,35.492811,129.426079,30,울산광역시 동구청,052-209-3724,울산동부경찰서,N,0,8,2026-03-06,3710000,울산광역시 동구
1,번덕경로당,울산광역시,동구,31170,울산광역시 동구 번덕8길 93,울산광역시 동구 일산동 539-20,35.501137,129.427768,30,울산광역시 동구청,052-209-3724,울산동부경찰서,N,0,8,2026-03-06,3710000,울산광역시 동구
1,화암경로당,울산광역시,동구,31170,울산광역시 동구 화암7길 6,울산광역시 동구 방어동 1025-12,35.478595,129.413464,30,울산광역시 동구청,052-209-3724,울산동부경찰서,N,0,8,2026-03-06,3710000,울산광역시 동구
1,가은실버홈 푸른삶복지센터,울산광역시,동구,31170,"울산광역시 동구 후릉길 2, 가동 101호",울산광역시 동구 방어동 902-3,35.4879258,129.416373,30,울산광역시 동구청,052-209-3724,울산동부경찰서,N,0,6,2026-03-06,3710000,울산광역시 동구
1,미포새마을경로당,울산광역시,동구,31170,울산광역시 동구 미포1길 46-33,울산광역시 동구 동부동 194-42,35.541389,129.429194,30,울산광역시 동구청,052-209-3724,울산동부경찰서,N,0,12,2026-03-06,3710000,울산광역시 동구
1,다비다노인요양원,울산광역시,동구,31170,울산광역시 동구 봉수로 28,울산광역시 동구 방어동 914-2,35.49000207,129.417243,30,울산광역시 동구청,052-209-3724,울산동부경찰서,N,0,12,2026-03-06,3710000,울산광역시 동구
1,복지경로당,울산광역시,동구,31170,울산광역시 동구 봉수로 24,울산광역시 동구 방어동 914-3,35.489834,129.417088,30,울산광역시 동구청,052-209-3724,울산동부경찰서,N,0,12,2026-03-06,3710000,울산광역시 동구
2,내황경로당,울산광역시,중구,31110,울산광역시 중구 내황13길 15(반구동),울산광역시중구 반구동 564-3,35.55388424,129.3473775,30,울산광역시 중구청,052-290-3960,울산중부경찰서,Y,2,6,2026-03-06,3690000,울산광역시 중구
2,풍암경로당회관,울산광역시,중구,31110,울산광역시 중구 풍암길 181 (성안동) 181,울산광역시 중구 성안동 1494 1494,35.5898312,129.2917504,30,울산광역시 중구청,052-290-3960,울산중부경찰서,N,0,9,2026-03-06,3690000,울산광역시 중구
2,성동경로당,울산광역시,중구,31110,울산광역시 중구 성동길 129 (성안동) 129,울산광역시 중구 성안동 1183 성동경로당 1183,35.58689338,129.3031349,30,울산광역시 중구청,052-290-3960,울산중부경찰서,Y,1,6,2026-03-06,3690000,울산광역시 중구
2,백정애건강실버타운,울산광역시,중구,31110,울산광역시 중구 백양로 205(성안동),울산광역시 중구 성안동 406-10,35.58040151,129.3237335,30,울산광역시 중구청,052-290-3960,울산중부경찰서,N,0,10,2026-03-06,3690000,울산광역시 중구
2,효자실버요양원,울산광역시,중구,31110,울산광역시 중구 성안1길 169(성안동),울산광역시 중구 성안동 409-3,35.58003329,129.3259216,30,울산광역시 중구청,052-290-3960,울산중부경찰서,Y,1,9,2026-03-06,3690000,울산광역시 중구
2,양지큰사랑 노인복지센터,울산광역시,중구,31110,울산광역시 중구 함월1길 37(성안동),울산광역시 중구 성안동 877-2,35.57285527,129.3105766,30,울산광역시 중구청,052-290-3960,울산중부경찰서,N,0,8,2026-03-06,3690000,울산광역시 중구
2,동동경로당,울산광역시,중구,31110,울산광역시 중구 병영9길 5(동동),울산광역시 중구 동동 683,35.57343277,129.3464387,30,울산광역시 중구청,052-290-3960,울산중부경찰서,N,0,4,2026-03-06,3690000,울산광역시 중구
2,손골경로당,울산광역시,중구,31110,울산광역시 중구 손골9길 46(복산동),울산광역시 중구 복산동 704-2,35.56490161,129.3230008,30,울산광역시 중구청,052-290-3960,울산중부경찰서,Y,1,8,2026-03-06,3690000,울산광역시 중구
2,행복누림실버복지센터,울산광역시,중구,31110,울산광역시 중구 성안2길 22-12(성안동),울산광역시 중구 성안동 518-11,35.57227747,129.3169275,30,울산광역시 중구청,052-290-3960,울산중부경찰서,Y,1,9,2026-03-06,3690000,울산광역시 중구
2,성안경로당,울산광역시,중구,31110,울산광역시 중구 성안2길 31 (성안동),울산광역시 중구 성안동 512-13,35.57320145,129.3181335,30,울산광역시 중구청,052-290-3960,울산중부경찰서,Y,1,7,2026-03-06,3690000,울산광역시 중구
2,행운회관경로당,울산광역시,중구,31110,울산광역시 중구 다운7길 78(다운동),울산광역시 중구 다운동 820-4,35.56003484,129.2651223,30,울산광역시 중구청,052-290-3960,울산중부경찰서,Y,1,10,2026-03-06,3690000,울산광역시 중구
2,장생경로당,울산광역시,중구,31110,울산광역시 중구 우정10길 47-1(우정동),울산광역시 중구 우정동 477-3,35.56234104,129.3131522,30,울산광역시 중구청,052-290-3960,울산중부경찰서,Y,1,7,2026-03-06,3690000,울산광역시 중구
2,송학경로당,울산광역시,중구,31110,울산광역시 중구 서원1길 96(반구동),울산광역시 중구 반구동 108-19,35.55921422,129.3388344,30,울산광역시 중구청,052-290-3960,울산중부경찰서,Y,2,10,2026-03-06,3690000,울산광역시 중구
2,함월노인복지관,울산광역시,중구,31110,울산광역시 중구 종가3길 15(약사동),울산광역시 중구 유곡동 216-3,35.56124574,129.2967386,40,울산광역시 중구청,052-290-3960,울산중부경찰서,Y,3,24,2026-03-06,3690000,울산광역시 중구
2,약사경로당,울산광역시,중구,31110,울산광역시 중구 평산4길 35(약사동),울산광역시 중구 약사동 600-6,35.57000303,129.337463,30,울산광역시 중구청,052-290-3960,울산중부경찰서,Y,1,15,2026-03-06,3690000,울산광역시 중구
2,중구노인복지관,울산광역시,중구,31110,울산광역시 중구 해오름2길 50(남외동),울산광역시 중구 남외동 1010-1,35.56266574,129.3426135,30,울산광역시 중구청,052-290-3960,울산중부경찰서,Y,1,10,2026-03-06,3690000,울산광역시 중구
2,학성경로당,울산광역시,중구,31110,울산광역시 중구 구교로 92(학성동),울산광역시 중구 학성동 153-1,35.55535512,129.3343205,50,울산광역시 중구청,052-290-3960,울산중부경찰서,Y,1,20,2026-03-06,3690000,울산광역시 중구
2,양지비전센터,부산광역시,연제구,26470,부산광역시 연제구 화지로 109,부산광역시 연제구 거제동 801-89,35.1852124,129.0657737,30,부산광역시 연제구청,051-665-4555,부산 연제경찰서,Y,1,5.2,2026-04-22,3370000,부산광역시 연제구
2,부산광역시 장애인 종합복지관,부산광역시,연제구,26470,부산광역시 연제구 중앙대로1150번길 15,부산광역시 연제구 연산동 578-5,35.19056266,129.0815476,30,부산광역시 연제구청,051-665-4555,부산 연제경찰서,Y,1,5.2,2026-04-22,3370000,부산광역시 연제구
1,한국경로복지회관,부산광역시,연제구,26470,부산광역시 연제구 중앙대로 1124번길 6,부산광역시 연제구 연산동 675-4,35.18801703,129.0816924,30,부산광역시 연제구청,051-665-4555,부산 연제경찰서,Y,1,5.2,2026-04-22,3370000,부산광역시 연제구
1,부산광역시 노인 종합복지관,부산광역시,연제구,26470,부산광역시 연제구 거제천로230번길 18,부산광역시 연제구 연산동 578-3,35.19115343,129.0821016,30,부산광역시 연제구청,051-665-4555,부산 연제경찰서,Y,1,5.2,2026-04-22,3370000,부산광역시 연제구
1,미곡1리미당 노인경로당,세종특별자치시,없음,36110,세종특별자치시 전동면 미륵당2길 5,세종특별자치시 전동면 미곡리 344-3,36.669233,127.217044,30,세종특별자치시청,044-300-5533,세종경찰서,N,,6,2026-03-16,5690000,세종특별자치시
1,도계리 경로당,세종특별자치시,없음,36110,세종특별자치시 장군면 장기초교길 13,세종특별자치시 장군면 도계리 163-12,36.496969,127.207338,30,세종특별자치시청,044-300-5533,세종경찰서,N,,5,2026-03-16,5690000,세종특별자치시
1,조치원전통시장,세종특별자치시,없음,36110,세종특별자치시 조치원읍 조치원8길 42,세종특별자치시 조치원읍 원리 19-1,36.599769,127.300644,30,세종특별자치시청,044-300-5533,세종경찰서,Y,2,15,2026-03-16,5690000,세종특별자치시
1,대평시장,세종특별자치시,없음,36110,세종특별자치시 금남면 대평시장1길 12,세종특별자치시 금남면 용포리 191-27,36.4665093,127.2820502,30,세종특별자치시청,044-300-5533,세종경찰서,Y,2,6,2026-03-16,5690000,세종특별자치시
1,세종노인복지센터,세종특별자치시,없음,36110,"세종특별자치시 조치원읍 장안길 97-4, (남리)",세종특별자치시 조치원읍 남리 421,36.59605391,127.3009235,30,세종특별자치시청,044-300-5533,세종경찰서,N,,5,2026-03-16,5690000,세종특별자치시
1,송학2리 노인회관,세종특별자치시,없음,36110,세종특별자치시 장군면 의당전의로 712,세종특별자치시 장군면 송학리 59,36.53916873,127.1908696,30,세종특별자치시청,044-300-5533,세종경찰서,N,,8,2026-03-16,5690000,세종특별자치시
1,전의복지회관,세종특별자치시,없음,36110,세종특별자치시 전의면 동신길 10,세종특별자치시 전의면 동교리 157-18,36.67989279,127.2085989,30,세종특별자치시청,044-300-5533,세종경찰서,N,,12,2026-03-16,5690000,세종특별자치시
1,밀마루복지마을,세종특별자치시,없음,36110,세종특별자치시 보듬1로 16,세종특별자치시 도담동 850,36.50972725,127.2591418,30,세종특별자치시청,044-300-5533,세종경찰서,Y,3,36,2026-03-16,5690000,세종특별자치시
1,상리 여태 경로당,경상북도,봉화군,47920,경상북도 봉화군 재산면 여퇴길 16,경상북도 봉화군 재산면 상리 401-1,36.832898,128.947093,30,경상북도 봉화군,054-679-6293,봉화경찰서,N,0,4,2026-02-11,5240000,경상북도 봉화군
1,고계1리 경로당,경상북도,봉화군,47920,경상북도 봉화군 명호면 명재로 84-7,경상북도 봉화군 명호면 고계리 755-11,36.840755,128.892644,30,경상북도 봉화군,054-679-6293,봉화경찰서,N,0,9,2026-02-11,5240000,경상북도 봉화군
1,서천리 경로당,경상북도,봉화군,47920,경상북도 봉화군 소천면 갈산로 1003,경상북도 봉화군 소천면 서천리 497-2,36.861656,129.018918,30,경상북도 봉화군,054-679-6293,봉화경찰서,Y,2,10,2026-02-11,5240000,경상북도 봉화군
1,동면1리 경로당,경상북도,봉화군,47920,경상북도 봉화군 재산면 동면로 411,경상북도 봉화군 재산면 동면리 1996-8,36.799309,128.994663,30,경상북도 봉화군,054-679-6293,봉화경찰서,N,0,15,2026-02-11,5240000,경상북도 봉화군
1,거촌3리 경로당,경상북도,봉화군,47920,경상북도 봉화군 봉성면 거촌로 349-1,경상북도 봉화군 봉성면 외삼리 1005,36.889891,128.769211,30,경상북도 봉화군,054-679-6293,봉화경찰서,N,0,10,2026-02-11,5240000,경상북도 봉화군
1,문단2리 경로당,경상북도,봉화군,47920,경상북도 봉화군 봉화읍 봉화로 439-1,경상북도 봉화군 봉화읍 문단리 83-10,36.863039,128.681925,30,경상북도 봉화군,054-679-6293,봉화경찰서,N,0,9,2026-02-11,5240000,경상북도 봉화군
1,대현2리 경로당,경상북도,봉화군,47920,경상북도 봉화군 석포면 청옥로 1901,경상북도 봉화군 석포면 대현2리 90-17,37.060069,129.005014,30,경상북도 봉화군,054-679-6293,봉화경찰서,N,0,10,2026-02-11,5240000,경상북도 봉화군
1,대천경로당,전라남도,신안군,46910,전라남도 신안군 압해읍 조천길 78,전라남도 신안군 압해읍 대천리 590-11,34.85966833,126.2827506,30,전라남도 신안군청,061-240-8471,신안경찰서,N,,6~8,2026-03-16,5010000,전라남도 신안군
1,송산경로당,전라남도,신안군,46910,전라남도 신안군 자은면 송산길 21,전라남도 신안군 자은면 송산리 233-1,34.9106613423,126.0693284646,30,전라남도 신안군청,061-240-8471,신안경찰서,N,,6~8,2026-03-16,5010000,전라남도 신안군
1,분매1구경로당,전라남도,신안군,46910,전라남도 신안군 압해읍 용강길 3,전라남도 신안군 압해읍 분매리 78-1,34.8597504485,126.333673,30,전라남도 신안군청,061-240-8471,신안경찰서,N,,6~8,2026-03-16,5010000,전라남도 신안군
1,신교경로당,전라남도,신안군,46910,전라남도 신안군 압해읍 동서리 구항길 92-50,전라남도 신안군 도초면 죽연리 1069-1,34.6837017,125.9691976,30,전라남도 신안군청,061-240-8473,신안경찰서,N,,6~8,2026-03-16,5010000,전라남도 신안군
1,백길경로당,전라남도,신안군,46910,전라남도 신안군 자은면 백길안길 19,전라남도 신안군 자은면 유각리 846-3,34.86110076,126.0453432,30,전라남도 신안군청,061-240-8473,신안경찰서,N,,6~8,2026-03-16,5010000,전라남도 신안군
1,창촌경로당,전라남도,신안군,46910,전라남도 신안군 압해읍 동서리 구항길 92-50,전라남도 신안군 자은면 유천리 87-8,34.87057805,126.072130,30,전라남도 신안군청,061-240-8473,신안경찰서,N,,6~8,2026-03-16,5010000,전라남도 신안군
1,공립요양병원,전라남도,신안군,46910,전라남도 신안군 압해읍 동서리 구항길 92-50,전라남도 신안군 압해읍 동서리 산34-22번지,34.853398,126.314178,30,전라남도 신안군청,061-240-8473,신안경찰서,N,,4~6,2026-03-16,5010000,전라남도 신안군
1,소장동경로당,전라남도,신안군,46910,전라남도 신안군 신의면 소장길39,전라남도 신안군 신의면 상태서리 192-13,34.5994202,126.076320,30,전라남도 신안군청,061-240-8472,신안경찰서,N,,6~8,2026-03-16,5010000,전라남도 신안군
1,소곡경로당,전라남도,신안군,46910,전라남도 신안군 안좌면 소곡두리길 150-1,전라남도 신안군 안좌면 소곡리 196-1,34.72685692,126.123196,30,전라남도 신안군청,061-240-8471,신안경찰서,N,,6~8,2026-03-16,5010000,전라남도 신안군
1,읍동경로당,전라남도,신안군,46910,전라남도 신안군 비금면 비금북부길 6,전라남도 신안군 비금면 덕산리 137-15,34.75318978,125.929175,30,전라남도 신안군청,061-240-8471,신안경찰서,N,,6~8,2026-03-16,5010000,전라남도 신안군
1,가출경로당,전라남도,신안군,46910,전라남도 신안군 비금면 서남문로 128,전라남도 신안군 비금면 가산리 236,34.76704782,125.988507,30,전라남도 신안군청,061-240-8471,신안경찰서,N,,6~8,2026-03-16,5010000,전라남도 신안군
1,기동경로당,전라남도,신안군,46910,전라남도 신안군 암태면 중부로 1934,전라남도 신안군 암태면 기동리 683-3,34.83885728,126.111607,30,전라남도 신안군청,061-240-8471,신안경찰서,N,,6~8,2026-03-16,5010000,전라남도 신안군
1,대리2구경로당,전라남도,신안군,46910,전라남도 신안군 하의면 하의대광길 9,전라남도 신안군 하의면 대리 172-1,34.61626962,126.024480,30,전라남도 신안군청,061-240-8471,신안경찰서,N,,6~8,2026-03-16,5010000,전라남도 신안군
1,모룡경로당,전라남도,신안군,46910,전라남도 신안군 신의면 신의로 710-3,전라남도 신안군 신의면 상태동리 614-1,34.58563179,126.093520,30,전라남도 신안군청,061-240-8471,신안경찰서,N,,6~8,2026-03-16,5010000,전라남도 신안군
1,오림4구경로당,전라남도,신안군,46910,전라남도 신안군 하의면 오림길 19,전라남도 신안군 하의면 오림리 406-2,34.58342952,126.046955,30,전라남도 신안군청,061-240-8471,신안경찰서,N,,6~8,2026-03-16,5010000,전라남도 신안군
1,기동경로당,전라남도,신안군,46910,전라남도 신안군 신의면 신의로 55,전라남도 신안군 신의면 하태서리 382-1,34.55946959,126.051512,30,전라남도 신안군청,061-240-8471,신안경찰서,N,,6~8,2026-03-16,5010000,전라남도 신안군
1,대리경로당,전라남도,신안군,46910,전라남도 신안군 안좌면 중부로 202,전라남도 신안군 안좌면 대리 789,34.71418397,126.168282,30,전라남도 신안군청,061-240-8471,신안경찰서,N,,6~8,2026-03-16,5010000,전라남도 신안군
1,금포경로당,전라남도,신안군,46910,전라남도 신안군 자은면 금포길 22,전라남도 신안군 자은면 유각리 419-3,34.8699622,126.046514,30,전라남도 신안군청,061-240-8471,신안경찰서,N,,6~8,2026-03-16,5010000,전라남도 신안군
1,하동3구원목노인정,전라남도,신안군,46910,전라남도 신안군 신의면 하태길 16,전라남도 신안군 신의면 하태동리 422-42,34.55286574,126.065025,30,전라남도 신안군청,061-240-8471,신안경찰서,N,,6~8,2026-03-16,5010000,전라남도 신안군
1,대산두경로회관,전라남도,신안군,46910,전라남도 신안군 팔금면 중부로 1212,전라남도 신안군 팔금면 대심리 580-1,34.78010874,126.131672,30,전라남도 신안군청,061-240-8471,신안경찰서,N,,6~8,2026-03-16,5010000,전라남도 신안군
1,활목경로당,전라남도,신안군,46910,전라남도 신안군 암태면 박달로 477,전라남도 신안군 암태면 송곡리 769-1,34.84727422,126.121816,30,전라남도 신안군청,061-240-8471,신안경찰서,N,,6~8,2026-03-16,5010000,전라남도 신안군
1,신석경로당,전라남도,신안군,46910,전라남도 신안군 암태면 박달로 322,전라남도 신안군 암태면 신석리 1434-1,34.85760621,126.128275,30,전라남도 신안군청,061-240-8471,신안경찰서,N,,6~8,2026-03-16,5010000,전라남도 신안군
1,담마루노인복지센터,전라남도,광양시,46230,전라남도 광양시 중마동 길호길 129,전라남도 광양시 중마동 중동 1853-7,34.930430,127.697255,30,전라남도 광양시청,061-797-2297,광양경찰서,N,0,7~11,2026-03-05,4840000,전라남도 광양시
1,광양국민체육센터,전라남도,광양시,46230,전라남도 광양시 봉강면 매천로 695-9,전라남도 광양시 봉강면 석사리 100,34.98237606,127.5737443,30,전라남도 광양시청,061-797-2297,광양경찰서,Y,2,7~25,2026-03-05,4840000,전라남도 광양시
2,장애인종합복지관,전라남도,광양시,46230,전라남도 광양시 광양읍 대림오성로 117,전라남도 광양시 광양읍 덕례리 1724-3,34.9651896,127.5743114,30,전라남도 광양시청,061-797-2297,광양경찰서,N,0,7~11,2026-03-05,4840000,전라남도 광양시
1,노인전문요양병원,전라남도,광양시,46230,전라남도 광양시 옥곡면 대치로 326-13,전라남도 광양시 옥곡면 대죽리 664,35.0046025,127.664381,30,전라남도 광양시청,061-797-2297,광양경찰서,N,0,7~11,2026-03-05,4840000,전라남도 광양시
1,광양칠성노인요양원,전라남도,광양시,46230,전라남도 광양시 광양읍 서북4길 31,전라남도 광양시 광양읍 칠성리 937-5,34.9731434,127.5772192,30,전라남도 광양시청,061-797-2297,광양경찰서,N,0,7~11,2026-03-05,4840000,전라남도 광양시
1,중마복지회관,전라남도,광양시,46230,전라남도 광양시 중동로 50,전라남도 광양시 중동 1359-3,34.940964,127.694062,30,전라남도 광양시청,061-797-2297,광양경찰서,N,0,7~11,2026-03-05,4840000,전라남도 광양시
1,광양노인복지회관,전라남도,광양시,46230,전라남도 광양시 광양읍 백운로 8-3,전라남도 광양시 광양읍 목성리 690-8,34.970546,127.5910727,30,전라남도 광양시청,061-797-2297,광양경찰서,N,0,7~11,2026-03-05,4840000,전라남도 광양시
1,문봉리대산노인회관,충청북도,진천군,44500,충청북도 진천군 진천읍 문봉4길 5,충청북도 진천군 진천읍 문봉리 290-1,36.84055195,127.3928358,30,충청북도 진천군청,043-539-3652,진천경찰서,N,0,8,2026-03-04,4450000,충청북도 진천군
1,낙계마을회관,충청북도,진천군,44500,충청북도 진천군 문백면 계산2길 17,충청북도 진천군 문백면 계산리 218-3,36.77836355,127.4132272,30,충청북도 진천군청,043-539-3652,진천경찰서,N,0,5,2026-03-04,4450000,충청북도 진천군
1,동주원마을경로당,충청북도,진천군,44500,충청북도 진천군 광혜원면 동주원안길 7-2,충청북도 진천군 광혜원면 실원리 131-2,37.00019076,127.4392694,30,충청북도 진천군청,043-539-3652,진천경찰서,N,0,8,2026-03-04,4450000,충청북도 진천군
1,내구노인정,충청북도,진천군,44500,충청북도 진천군 문백면 농다리로 1055,충청북도 진천군 문백면 구산동리 163-2,36.83117484,127.4886138,30,충청북도 진천군청,043-539-3652,진천경찰서,N,0,8,2026-03-04,4450000,충청북도 진천군
1,몽촌마을회관,충청북도,진천군,44500,충청북도 진천군 덕산읍 몽촌1길 49,충청북도 진천군 덕산읍 용몽리 439-2,36.90385658,127.5143141,30,충청북도 진천군청,043-539-3652,진천경찰서,N,0,7,2026-03-04,4450000,충청북도 진천군
1,가암경로당,충청북도,진천군,44500,충청북도 진천군 진천읍 가산길 84,충청북도 진천군 진천읍 가산리 318,36.88046196,127.4700422,30,충청북도 진천군청,043-539-3652,진천경찰서,N,0,7,2026-03-04,4450000,충청북도 진천군
1,사곡경로당,충청북도,진천군,44500,충청북도 진천군 초평면 구정벼루길 12-3,충청북도 진천군 초평면 진암리 339-3,36.77327258,127.5163028,30,충청북도 진천군청,043-539-3652,진천경찰서,Y,1,7,2026-03-04,4450000,충청북도 진천군
1,광혜원면노인회분회,충청북도,진천군,44500,충청북도 진천군 광혜원면 광혜원산단2길 127-10,충청북도 진천군 광혜원면 광혜원리 571-21,36.98943426,127.4352072,30,충청북도 진천군청,043-539-3652,진천경찰서,N,0,7,2026-03-04,4450000,충청북도 진천군
1,대한노인회이월분회,충청북도,진천군,44500,충청북도 진천군 이월면 송림5길 15,충청북도 진천군 이월면 송림리 432-21,36.93233097,127.4275849,30,충청북도 진천군청,043-539-3652,진천경찰서,N,0,5,2026-03-04,4450000,충청북도 진천군
1,생곡경로당,충청북도,진천군,44500,충청북도 진천군 초평면 용정길 217,충청북도 진천군 초평면 용정리 581-2,36.84504283,127.5241895,30,충청북도 진천군청,043-539-3652,진천경찰서,N,0,6,2026-03-04,4450000,충청북도 진천군
1,상목노인회관,충청북도,진천군,44500,충청북도 진천군 덕산읍 덕금로 723-19,충청북도 진천군 덕산읍 합목리 285-1,36.91029841,127.4974144,30,충청북도 진천군청,043-539-3652,진천경찰서,N,0,8,2026-03-04,4450000,충청북도 진천군
1,대한노인회진천군지회백곡분회(장대경로당),충청북도,진천군,44500,충청북도 진천군 백곡면 장터길 5,충청북도 진천군 백곡면 석현리 322-4,36.88244227,127.3776838,30,충청북도 진천군청,043-539-3652,진천경찰서,Y,2,8,2026-03-04,4450000,충청북도 진천군
1,진천군 노인복지회관,충청북도,진천군,44500,충청북도 진천군 진천읍 문화7길 12-6,충청북도 진천군 진천읍 읍내리 625,36.86076362,127.4400757,30,충청북도 진천군청,043-539-3652,진천경찰서,N,0,6~9,2026-03-04,4450000,충청북도 진천군
1,양수2리 마을회관,충청북도,옥천군,44300,충청북도 옥천군 옥천읍 양수로 49,충청북도 옥천군 옥천읍 양수리 110-1,36.29934249,127.5602666,30,충청북도 옥천군청,043-730-3514,옥천경찰서,N,0,14,2026-01-19,4430000,충청북도 옥천군
1,국원리 마을회관,충청북도,옥천군,44300,충청북도 옥천군 군북면 국원2길 1,충청북도 옥천군 군북면 국원리 232-1,36.35045679,127.5909797,30,충청북도 옥천군청,043-730-3514,옥천경찰서,N,0,7,2026-01-19,4430000,충청북도 옥천군
1,안말경로당,충청북도,옥천군,44300,충청북도 옥천군 군북면 성왕로 1900,충청북도 옥천군 군북면 소정리 73-4,36.3618538,127.6051023,30,충청북도 옥천군청,043-730-3514,옥천경찰서,N,0,8,2026-01-19,4430000,충청북도 옥천군
1,환평경로당,충청북도,옥천군,44300,충청북도 옥천군 군북면 환산로 307-3,충청북도 옥천군 군북면 환평리 184-2,36.3421226,127.5510557,30,충청북도 옥천군청,043-730-3514,옥천경찰서,N,0,7,2026-01-19,4430000,충청북도 옥천군
1,용수말경로당,충청북도,옥천군,44300,충청북도 옥천군 안내면 용촌1길 4-2,충청북도 옥천군 안내면 용촌리 268-1,36.4150606,127.6250283,30,충청북도 옥천군청,043-730-3514,옥천경찰서,N,0,6,2026-01-19,4430000,충청북도 옥천군
1,화인경로당,충청북도,옥천군,44300,충청북도 옥천군 안내면 인포1길 11,충청북도 옥천군 안내면 인포리 283-43,36.3759179,127.6547532,30,충청북도 옥천군청,043-730-3514,옥천경찰서,N,0,8,2026-01-19,4430000,충청북도 옥천군
1,개심리(장화)경로당,충청북도,옥천군,44300,충청북도 옥천군 이원면 개심5길 17-1,충청북도 옥천군 이원면 개심리 957,36.19377419,127.6293545,30,충청북도 옥천군청,043-730-3514,옥천경찰서,N,0,10,2026-01-19,4430000,충청북도 옥천군
1,청성게이트볼장,충청북도,옥천군,44300,충청북도 옥천군 청성면 산계길 17(산계1리),충청북도 옥천군 청성면 산계리 292-1,36.32449129,127.7588914,30,충청북도 옥천군청,043-730-3519,옥천경찰서,N,0,6,2026-01-19,4430000,충청북도 옥천군
1,가덕리 경로당,충청북도,옥천군,44300,충청북도 옥천군 동이면 청마2길 50-8,충청북도 옥천군 동이면 청마리 276,36.30970209,127.6874082,30,충청북도 옥천군청,043-730-3518,옥천경찰서,N,0,6,2026-01-19,4430000,충청북도 옥천군
1,국원마을회관,충청북도,옥천군,44300,충청북도 옥천군 군북면 국원1길 1-1,충청북도 옥천군 군북면 국원리 113-1,36.34015086,127.589136,30,충청북도 옥천군청,043-730-3517,옥천경찰서,N,0,8,2026-01-19,4430000,충청북도 옥천군
1,연주1리 마을회관,충청북도,옥천군,44300,충청북도 옥천군 안남면 연주2길 9,충청북도 옥천군 안남면 연주리 41-8,36.35683288,127.6746648,30,충청북도 옥천군청,043-730-3516,옥천경찰서,N,0,8,2026-01-19,4430000,충청북도 옥천군
1,하서당 노인회관,충청북도,옥천군,44300,충청북도 옥천군 안남면 도덕2길 15-3,충청북도 옥천군 안남면 도덕리 817,36.3540357,127.6776847,30,충청북도 옥천군청,043-730-3515,옥천경찰서,N,0,8,2026-01-19,4430000,충청북도 옥천군
1,지수2리(수동)경로당,충청북도,옥천군,44300,충청북도 옥천군 안남면 안남로 919,충청북도 옥천군 안남면 지수리 1121-1,36.32334172,127.683364,30,충청북도 옥천군청,043-730-3514,옥천경찰서,N,0,10,2026-01-19,4430000,충청북도 옥천군
1,대성리경로당,충청북도,옥천군,44300,충청북도 옥천군 청산면 대성길 12,충청북도 옥천군 청산면 대성리 161-3,36.37260797,127.816892,30,충청북도 옥천군청,043-730-3514,옥천경찰서,N,0,10,2026-01-19,4430000,충청북도 옥천군
1,율티경로당,충청북도,옥천군,44300,충청북도 옥천군 안내면 안내수한로 291,충청북도 옥천군 안내면 도율리 137,36.40999986,127.6421453,30,충청북도 옥천군청,043-730-3514,옥천경찰서,N,0,10,2026-01-19,4430000,충청북도 옥천군
1,동대경로당,충청북도,옥천군,44300,충청북도 옥천군 안내면 동대1길 15-2,충청북도 옥천군 안내면 동대리 157-1,36.40881959,127.6700174,30,충청북도 옥천군청,043-730-3514,옥천경찰서,N,0,10,2026-01-19,4430000,충청북도 옥천군
1,옥천노인장애인복지관,충청북도,옥천군,44300,충청북도 옥천군 옥천읍 삼양로8길 9,충청북도 옥천군 옥천읍 삼양리 161-1,36.30460436,127.5698952,30,충청북도 옥천군청,043-730-3514,옥천경찰서,N,0,5,2026-01-19,4430000,충청북도 옥천군
01,군포시노인복지관,경기도,군포시,41410,경기도 군포시 고산로 223,경기도 군포시 당동 887,37.34555278,126.9475404,30,경기도 군포시청,031-390-0295,군포경찰서,N,0,12,2026-03-24,4020000,경기도 군포시
01,광정경로당,경기도,군포시,41410,경기도 군포시 산본로 431번길 21,경기도 군포시 산본동 1112-4,37.36679734,126.9244544,30,경기도 군포시청,031-390-0295,군포경찰서,Y,1,7,2026-03-24,4020000,경기도 군포시
01,군포시늘푸른노인복지관,경기도,군포시,41410,경기도 군포시 산본천로 101,경기도 군포시 산본동 1096,37.36397657,126.9331037,50,경기도 군포시청,031-390-0295,군포경찰서,N,0,21,2026-03-24,4020000,경기도 군포시
01,카네이션요양원,경기도,군포시,41410,경기도 군포시 이당로 107,경기도 군포시 당정동 990-8,37.34478545,126.9573628,50,경기도 군포시청,031-390-0295,군포경찰서,N,0,14,2026-03-24,4020000,경기도 군포시
1,서구 노인복지관,부산광역시,서구,26140,부산광역시 서구 장군산로46번길 21,,35.07312368,129.014347,30,부산광역시 서구청,051-240-4374,부산 서부경찰서,Y,2,4~11,2026-03-11,3260000,부산광역시 서구
1,부민 노인복지관,부산광역시,서구,26140,부산광역시 서구 부용로 30,,35.107436,129.018041,30,부산광역시 서구청,051-240-4374,부산 서부경찰서,Y,8,5~25,2026-03-11,3260000,부산광역시 서구
1,인창서구그린빌,부산광역시,서구,26140,부산광역시 서구 대영로73번길 111,,35.115146,129.016535,30,부산광역시 서구청,051-240-4375,부산 서부경찰서,Y,5,5~20,2026-03-11,3260000,부산광역시 서구
1,안나노인건강센터,부산광역시,서구,26140,부산광역시 서구 꽃마을로163번길 94-16,,35.127729,129.0047769,30,부산광역시 서구청,051-240-4375,부산 서부경찰서,Y,2,7,2026-03-11,3260000,부산광역시 서구
1,해강노인교실,부산광역시,서구,26140,부산광역시 서구 해돋이로 67,,35.08517115,129.020231,30,부산광역시 서구청,051-240-4374,부산 서부경찰서,Y,1,11,2026-03-11,3260000,부산광역시 서구
1,서울남부시립장애인종합복지관,서울특별시,동작구,11590,서울특별시 동작구 여의대방로20나길 40,서울특별시 동작구신대방동 722,37.49489212,126.9194911,50,서울특별시 동작구청,02-820-4026,서울동작경찰서,N,,,2026-02-26,3190000,서울특별시 동작구
1,녹십초 재활요양병원,서울특별시,동작구,11590,서울특별시 동작구 시흥대로 634,서울특별시 동작구 신대방동 686-1,37.48838693,126.9066219,30,서울특별시 동작구청,02-820-4026,서울동작경찰서,N,,,2026-02-26,3190000,서울특별시 동작구
1,청남노인요양공동생활가정,서울특별시,동작구,11590,서울특별시 동작구 강남초등8길 20,서울특별시 동작구 상도1동 572,37.50527998,126.9510226,30,서울특별시 동작구청,02-820-4026,서울동작경찰서,N,,,2026-02-26,3190000,서울특별시 동작구
1,낙원경로당,서울특별시,동작구,11590,서울특별시 동작구 상도로30길 73,서울특별시 동작구 상도동 28-24,37.50394692,126.944837,30,서울특별시 동작구청,02-820-4026,서울동작경찰서,N,,,2026-02-26,3190000,서울특별시 동작구
1,청송경로당,서울특별시,동작구,11590,서울특별시 동작구 상도로52길 23,서울특별시 동작구 상도동 471-7,37.49723625,126.9510299,30,서울특별시 동작구청,02-820-4026,서울동작경찰서,N,,,2026-02-26,3190000,서울특별시 동작구
1,청운노인복지센터,서울특별시,동작구,11590,서울특별시 동작구 국사봉1길 145,서울특별시 동작구 상도동 290-1,37.4957113,126.9333544,30,서울특별시 동작구청,02-820-4026,서울동작경찰서,N,,,2026-02-26,3190000,서울특별시 동작구
1,한마음경로당,서울특별시,동작구,11590,서울특별시 동작구 만양로4길 38,서울특별시 동작구 본동 산 11-1,37.50794112,126.9510694,30,서울특별시 동작구청,02-820-4026,서울동작경찰서,N,,,2026-02-26,3190000,서울특별시 동작구
1,사당노인 종합복지관,서울특별시,동작구,11590,서울특별시 동작구 남부순환로 2081,서울특별시 동작구 사당동 1044-42,37.47701714,126.9798517,30,서울특별시 동작구청,02-820-4026,서울동작경찰서,N,,,2026-02-26,3190000,서울특별시 동작구
1,동작노인 종합복지관,서울특별시,동작구,11590,서울특별시 동작구 상도로11길 7,서울특별시 동작구 대방동 335-10,37.50039046,126.9291097,30,서울특별시 동작구청,02-820-4026,서울동작경찰서,N,,,2026-02-26,3190000,서울특별시 동작구
1,우리마포복지관,서울특별시,마포구,11140,서울특별시 마포구 신촌로26길 10,,37.55585099,126.9423726,30,서울특별시 마포구청,02-3153-9642,마포경찰서,N,,,2026-03-13,3130000,서울특별시 마포구
1,성산노인복지센터,서울특별시,마포구,11140,서울특별시 마포구 월드컵북로12안길68,,37.56458118,126.9135456,30,서울특별시 마포구청,02-3153-9642,마포경찰서,N,,,2026-03-13,3130000,서울특별시 마포구
1,용강노인복지관,서울특별시,마포구,11140,서울특별시 마포구 토정로31길31,,37.54232552,126.9428348,30,서울특별시 마포구청,02-3153-9642,마포경찰서,N,,,2026-03-13,3130000,서울특별시 마포구
1,한서데이케어센터,서울특별시,마포구,11140,서울특별시 마포구 월드컵로13길 80,,37.5552312,126.9056276,30,서울특별시 마포구청,02-3153-9642,마포경찰서,N,,,2026-03-13,3130000,서울특별시 마포구
1,창전동경로당,서울특별시,마포구,11140,서울특별시 마포구 서강로1길 30,,37.54917749,126.9301971,30,서울특별시 마포구청,02-3153-9642,마포경찰서,N,,,2026-03-13,3130000,서울특별시 마포구
1,공덕1경로당,서울특별시,마포구,11140,서울특별시 마포구 만리재옛길 78-1,,37.54991997,126.9594451,30,서울특별시 마포구청,02-3153-9642,마포경찰서,N,,,2026-03-13,3130000,서울특별시 마포구
1,마포노인복지관,서울특별시,마포구,11140,서울특별시 마포구 서강로 68,,37.5489226,126.9322146,50,서울특별시 마포구청,02-3153-9642,마포경찰서,N,,,2026-03-13,3130000,서울특별시 마포구
1,신내노인종합복지관,서울특별시,중랑구,11260,서울특별시 중랑구 신내로15길 175,서울특별시 중랑구 신내동 771-1,37.614874,127.087842,30,서울특별시 중랑구청,02-2094-2585,서울중랑경찰서,Y,3,,2026-02-11,3060000,서울특별시 중랑구
1,중랑노인종합복지관,서울특별시,중랑구,11260,서울특별시 중랑구 겸재로9길 45,서울특별시 중랑구 면목동 178-8,37.588497,127.0778433,30,서울특별시 중랑구청,02-2094-2585,서울중랑경찰서,Y,3,,2026-02-11,3060000,서울특별시 중랑구
1,중랑노인전문요양원,서울특별시,중랑구,11260,서울특별시 중랑구 양원역로 38,서울특별시 중랑구 망우동 227,37.60439347,127.1076802,30,서울특별시 중랑구청,02-2094-2585,서울중랑경찰서,Y,3,,2026-02-11,3060000,서울특별시 중랑구
1,한정리 노인화관,충청남도,당진시,44270,,충청남도 당진시 신평면 한정리 19-33,36.8978163922,126.8019219915,30,충청남도 당진시,041-350-4362,당진경찰서,N,,,2026-02-02,5680000,충청남도 당진시
1,부곡1리 노인회관,충청남도,당진시,44270,충청남도 당진시 송악읍 상록수길 117,,36.95039119,126.7729821,30,충청남도 당진시,041-350-4362,당진경찰서,N,,,2026-02-02,5680000,충청남도 당진시
1,도성리 노인회관,충청남도,당진시,44270,충청남도 당진시 신평면 샛터로 118-5,,36.88835144,126.8065125,30,충청남도 당진시,041-350-4362,당진경찰서,N,,,2026-02-02,5680000,충청남도 당진시
1,운정리 노인회관,충청남도,당진시,44270,충청남도 당진시 신평면 삽교천길 46,,36.88464259,126.8205715,30,충청남도 당진시,041-350-4362,당진경찰서,N,,,2026-02-02,5680000,충청남도 당진시
1,신송1리 노인회관,충청남도,당진시,44270,충청남도 당진시 신평면 신송로 95,,36.84390266,126.7744666,30,충청남도 당진시,041-350-4362,당진경찰서,N,,,2026-02-02,5680000,충청남도 당진시
1,세실리아 요양센터,충청남도,당진시,44270,,충청남도 당진시 우강면 송산리 151-1,36.8156282302,126.7789459548,30,충청남도 당진시,041-350-4362,당진경찰서,N,,,2026-02-02,5680000,충청남도 당진시
1,자개2리 노인회관,충청남도,당진시,44270,,충청남도 당진시 면천면 자개리 24,36.78813403,126.6810469266,30,충청남도 당진시,041-350-4362,당진경찰서,N,,,2026-02-02,5680000,충청남도 당진시
1,구룡2통 노인회관,충청남도,당진시,44270,,충청남도 당진시 구룡동 547-1,36.82946561,126.6108260509,30,충청남도 당진시,041-350-4362,당진경찰서,N,,,2026-02-02,5680000,충청남도 당진시
1,부장리 노인회관,충청남도,당진시,44270,,충청남도 당진시 우강면 부장리 293-90,36.86018623,126.7959634,30,충청남도 당진시,041-350-4362,당진경찰서,N,,,2026-02-02,5680000,충청남도 당진시
1,본2리 노인회관,충청남도,당진시,44270,,충청남도 당진시 순성면 본리 612-3,36.8460614392,126.7274523105,30,충청남도 당진시,041-350-4362,당진경찰서,N,,,2026-02-02,5680000,충청남도 당진시
1,가교2리 노인회관,충청남도,당진시,44270,,충청남도 당진시 송악읍 가교리 352,36.8730951111,126.695043044,30,충청남도 당진시,041-350-4362,당진경찰서,N,,,2026-02-02,5680000,충청남도 당진시
1,채운3통 노인회관,충청남도,당진시,44270,,충청남도 당진시 채운동 153-12,36.88813647,126.6236804,30,충청남도 당진시,041-350-4362,당진경찰서,N,,,2026-02-02,5680000,충청남도 당진시
1,궁리 노인회관,충청남도,당진시,44270,,충청남도 당진시 합덕읍 대전리 27-3,36.77136002,126.7645255,30,충청남도 당진시,041-350-4362,당진경찰서,N,,,2026-02-02,5680000,충청남도 당진시
1,덕곡회관,충청남도,당진시,44270,,충청남도 당진시 합덕읍 대합덕리 69-8,36.7779387677,126.771725791,30,충청남도 당진시,041-350-4362,당진경찰서,N,,,2026-02-02,5680000,충청남도 당진시
1,봉소2리 경로당,충청남도,당진시,44270,,충청남도 당진시 순성면 봉소리 880-10,36.8431127013,126.6971552012,30,충청남도 당진시,041-350-4362,당진경찰서,N,,,2026-02-02,5680000,충청남도 당진시
1,중방1리 경로당,충청남도,당진시,44270,,충청남도 당진시 순성면 중방리 200-6,36.8465307,126.7577784,30,충청남도 당진시,041-350-4362,당진경찰서,N,,,2026-02-02,5680000,충청남도 당진시
1,문봉2리 경로당,충청남도,당진시,44270,,충청남도 당진시 면천면 문봉리 478-4,36.80888193,126.6915332,30,충청남도 당진시,041-350-4362,당진경찰서,N,,,2026-02-02,5680000,충청남도 당진시
1,마중리 경로당,충청남도,당진시,44270,,충청남도 당진시 대로지면 마중리 591,36.8667565,126.5214572,30,충청남도 당진시,041-350-4362,당진경찰서,N,,,2026-02-02,5680000,충청남도 당진시
1,사성2리 경로당,충청남도,당진시,44270,,충청남도 당진시 대호지면 사성리 45-1,36.92996085,126.5167360994,30,충청남도 당진시,041-350-4362,당진경찰서,N,,,2026-02-02,5680000,충청남도 당진시
1,삼봉4리 경로당,충청남도,당진시,44270,,충청남도 당진시 석문면 삼봉리 915-4,37.01305911,126.5354405,30,충청남도 당진시,041-350-4362,당진경찰서,N,,,2026-02-02,5680000,충청남도 당진시
1,초락도1리 경로당,충청남도,당진시,44270,,충청남도 당진시 석문면 초락도리 249-1,36.98931565,126.5108599,30,충청남도 당진시,041-350-4362,당진경찰서,N,,,2026-02-02,5680000,충청남도 당진시
1,당진포2리 경로당,충청남도,당진시,44270,,충청남도 당진시 고대면 당진포리 430-2,36.97047356,126.5276736,30,충청남도 당진시,041-350-4362,당진경찰서,N,,,2026-02-02,5680000,충청남도 당진시
1,하운리 경로당,충청남도,당진시,44270,,충청남도 당진시 합덕읍 운산리 372-3,36.8051149355,126.7675649,30,충청남도 당진시,041-350-4362,당진경찰서,N,,,2026-02-02,5680000,충청남도 당진시
1,석우리 경로당,충청남도,당진시,44270,,충청남도 당진시 합덕읍 석우리 54-2,36.8080946688,126.7475415,30,충청남도 당진시,041-350-4362,당진경찰서,N,,,2026-02-02,5680000,충청남도 당진시
1,봉교리 마을회관,충청남도,당진시,44270,,충청남도 당진시 송악읍 봉교리 233-1,36.87929085,126.7359458,30,충청남도 당진시,041-350-4362,당진경찰서,N,,,2026-02-02,5680000,충청남도 당진시
1,성동리 노인회관,충청남도,당진시,44270,,충청남도 당진시 합덕읍 성동리 163-8,36.7926091942,126.7648066529,30,충청남도 당진시,041-350-4362,당진경찰서,N,,,2026-02-02,5680000,충청남도 당진시
1,서동리 노인회관,충청남도,당진시,44270,,충청남도 당진시 합덕읍 운산리 904-2,36.80982997,126.7680001457,30,충청남도 당진시,041-350-4362,당진경찰서,N,,,2026-02-02,5680000,충청남도 당진시
1,시곡1통 경로당,충청남도,당진시,44270,,충청남도 당진시 시곡동 694-1,36.90250591,126.6659648,30,충청남도 당진시,041-350-4362,당진경찰서,N,,,2026-02-02,5680000,충청남도 당진시
1,승산리 경로당,충청남도,당진시,44270,,충청남도 당진시 정미면 승산리 105-10,36.8858272486,126.5525552479,30,충청남도 당진시,041-350-4362,당진경찰서,N,,,2026-02-02,5680000,충청남도 당진시
1,진관2리 경로당,충청남도,당진시,44270,,충청남도 당진시 고대면 진관리 1485,36.922839515,126.5838991,30,충청남도 당진시,041-350-4362,당진경찰서,N,,,2026-02-02,5680000,충청남도 당진시
1,마리아 재가장기요양센터,충청남도,당진시,44270,,충청남도 당진시 우강면 송산리 156-9,36.8121346366,126.7766100387,30,충청남도 당진시,041-350-4362,당진경찰서,N,,,2026-02-02,5680000,충청남도 당진시
1,늘봄 요영양센터,충청남도,당진시,44270,,충청남도 당진시 순성면 봉소리 1003-2,36.8568999049,126.6924521,30,충청남도 당진시,041-350-4362,당진경찰서,N,,,2026-02-02,5680000,충청남도 당진시
1,채운1통 경로당,충청남도,당진시,44270,,충청남도 당진시 채운동 909-42,36.8901851,126.6083652,30,충청남도 당진시,041-350-4362,당진경찰서,N,,,2026-02-02,5680000,충청남도 당진시
1,읍내2통 경로당,충청남도,당진시,44270,,충청남도 당진시 읍내동 200-62,36.8919083,126.6347474,30,충청남도 당진시,041-350-4362,당진경찰서,N,,,2026-02-02,5680000,충청남도 당진시
1,금천1리 경로당,충청남도,당진시,44270,,충청남도 당진시 신평면 금천리 463-3,36.88629243,126.7740260367,30,충청남도 당진시,041-350-4362,당진경찰서,N,,,2026-02-02,5680000,충청남도 당진시
1,매산리 경로당,충청남도,당진시,44270,,충청남도 당진시 신평면 매산리 254-15,36.90894233,126.8019351,30,충청남도 당진시,041-350-4362,당진경찰서,N,,,2026-02-02,5680000,충청남도 당진시
1,성원리 경로당,충청남도,당진시,44270,,충청남도 당진시 우강면 성원리 356,36.81866759,126.8010448,30,충청남도 당진시,041-350-4362,당진경찰서,N,,,2026-02-02,5680000,충청남도 당진시
1,강문리 경로당,충청남도,당진시,44270,,충청남도 당진시 우강면 강문리 122,36.83159649,126.8099679,30,충청남도 당진시,041-350-4362,당진경찰서,N,,,2026-02-02,5680000,충청남도 당진시
1,성북1리 경로당,충청남도,당진시,44270,,충청남도 당진시 순성면 성북리 932,36.8456804929,126.6774966412,30,충청남도 당진시,041-350-4362,당진경찰서,N,,,2026-02-02,5680000,충청남도 당진시
1,봉소3리 경로당,충청남도,당진시,44270,,충청남도 당진시 순성면 봉소리 555-1,36.8476801426,126.6996048959,30,충청남도 당진시,041-350-4362,당진경찰서,N,,,2026-02-02,5680000,충청남도 당진시
1,삼화3리 경로당,충청남도,당진시,44270,,충청남도 당진시 석문면 삼화리 1364-2,36.96966956,126.6161812,30,충청남도 당진시,041-350-4362,당진경찰서,N,,,2026-02-02,5680000,충청남도 당진시
1,중방2리 경로당,충청남도,당진시,44270,,충청남도 당진시 순성면 중방리 471-5,36.83724923,126.7559678,30,충청남도 당진시,041-350-4362,당진경찰서,N,,,2026-02-02,5680000,충청남도 당진시
1,아찬리 경로당,충청남도,당진시,44270,,충청남도 당진시 순성면 아찬리 211-2,36.85167823,126.7420887,30,충청남도 당진시,041-350-4362,당진경찰서,N,,,2026-02-02,5680000,충청남도 당진시
1,당곡 경로당,충청남도,당진시,44270,충청남도 당진시 신평면 예전길 148,,36.87012886,126.7529266,30,충청남도 당진시,041-350-4362,당진경찰서,N,,,2026-02-02,5680000,충청남도 당진시
1,초대2리 경로당,충청남도,당진시,44270,충청남도 당진시 신평면 하초들길 3,,36.90428293,126.7464082,30,충청남도 당진시,041-350-4362,당진경찰서,N,,,2026-02-02,5680000,충청남도 당진시
1,초대1리 경로당,충청남도,당진시,44270,충청남도 당진시 신평면 하초들길 107-3,,36.90010811,126.7549344,30,충청남도 당진시,041-350-4362,당진경찰서,N,,,2026-02-02,5680000,충청남도 당진시
1,소창 노인회관,충청남도,당진시,44270,충청남도 당진시 신평면 보안들길 89,,36.89449528,126.7509027,30,충청남도 당진시,041-350-4362,당진경찰서,N,,,2026-02-02,5680000,충청남도 당진시
1,금천2리 경로당,충청남도,당진시,44270,충청남도 당진시 신평면 새마지로 101,,36.89738375,126.7743154,30,충청남도 당진시,041-350-4362,당진경찰서,N,,,2026-02-02,5680000,충청남도 당진시
1,리가 경로당,충청남도,당진시,44270,충청남도 당진시신평면 신평로 792,,36.8828471093,126.777010304,30,충청남도 당진시,041-350-4362,당진경찰서,N,,,2026-02-02,5680000,충청남도 당진시
1,세류2리 경로당,충청남도,당진시,44270,충청남도 당진시 우강면 마수머리길 5,,36.84227992,126.7662363,30,충청남도 당진시,041-350-4362,당진경찰서,N,,,2026-02-02,5680000,충청남도 당진시
1,사기소리 경로당,충청남도,당진시,44270,충청남도 당진시 면천면 면천로 251,,36.83212532,126.6307601,30,충청남도 당진시,041-350-4362,당진경찰서,N,,,2026-02-02,5680000,충청남도 당진시
1,금곡리 경로당,충청남도,당진시,44270,충청남도 당진시 송악읍 당고개로 255,,36.92054256,126.7383226,30,충청남도 당진시,041-350-4362,당진경찰서,N,,,2026-02-02,5680000,충청남도 당진시
1,소소리경로당,충청남도,당진시,44270,충청남도 당진시 합덕읍 납부로 1623-1,,36.7930545,126.7744833,30,충청남도 당진시,041-350-4362,당진경찰서,N,,,2026-02-02,5680000,충청남도 당진시
1,창정리경로당,충청남도,당진시,44270,충청남도 당진시 합덕읍 거섬들1길 92-4,,36.79558932,126.7481562,30,충청남도 당진시,041-350-4362,당진경찰서,N,,,2026-02-02,5680000,충청남도 당진시
1,신송2리경로당,충청남도,당진시,44270,충청남도 당진시 신평면 신송로 248,,36.85222373,126.7873765,30,충청남도 당진시,041-350-4362,당진경찰서,N,,,2026-02-02,5680000,충청남도 당진시
1,오곡리경로당,충청남도,당진시,44270,충청남도 당진시 송악읍 수곡길 53-26,,36.94384015,126.7580855,30,충청남도 당진시,041-350-4362,당진경찰서,N,,,2026-02-02,5680000,충청남도 당진시
1,소반리경로당,충청남도,당진시,44270,충청남도 당진시 우강면 평야4로 172,,36.82199491,126.8203943,30,충청남도 당진시,041-350-4362,당진경찰서,N,,,2026-02-02,5680000,충청남도 당진시
1,당진3동경로당,충청남도,당진시,44270,충청남도 당진시 원당로 92,,36.909010,126.6451139109,30,충청남도 당진시,041-350-4362,당진경찰서,N,,,2026-02-02,5680000,충청남도 당진시
1,성북2리경로당,충청남도,당진시,44270,충청남도 당진시 순성면 남부로 750-11,,36.863202,126.678958,30,충청남도 당진시,041-350-4362,당진경찰서,N,,,2026-02-02,5680000,충청남도 당진시
1,대조리 경로당,충청남도,당진시,44270,충청남도 당진시 정미면 새마실로 498-1,,36.877437,126.542038,30,충청남도 당진시,041-350-4362,당진경찰서,N,,,2026-02-02,5680000,충청남도 당진시
1,신흥2리 경로당,충청남도,당진시,44270,충청남도 당진시 신평면 신남길 99,,36.867676,126.787209,30,충청남도 당진시,041-350-4362,당진경찰서,N,,,2026-02-02,5680000,충청남도 당진시
1,합덕리 경로당,충청남도,당진시,44270,충청남도 당진시 합덕읍 신촌로 6,,36.794110,126.787578,30,충청남도 당진시,041-350-4362,당진경찰서,N,,,2026-02-02,5680000,충청남도 당진시
1,신리 노인회관,충청남도,당진시,44270,충청남도 당진시 합덕읍 평야6로 59,,36.761667,126.767639,30,충청남도 당진시,041-350-4362,당진경찰서,N,,,2026-02-02,5680000,충청남도 당진시
1,금암1리 경로당,충청남도,당진시,44270,충청남도 당진시 송산면 금암1길 5,,36.922783,126.637955,30,충청남도 당진시,041-350-4362,당진경찰서,N,,,2026-02-02,5680000,충청남도 당진시
1,금천2리 경로당,충청남도,당진시,44270,충청남도 당진시 신평면 새마지로 13,,36.891723,126.767908,30,충청남도 당진시,041-350-4362,당진경찰서,N,,,2026-02-02,5680000,충청남도 당진시
1,공포리 노인회관,충청남도,당진시,44270,충청남도 당진시 우강면 정계말길 4,,36.840376,126.794867,30,충청남도 당진시,041-350-4362,당진경찰서,N,,,2026-02-02,5680000,충청남도 당진시
1,상웅1리 노인회관,충청남도,당진시,44270,충청남도 당진시 면천면 면천로 490,,36.820273,126.652131,30,충청남도 당진시,041-350-4362,당진경찰서,N,,,2026-02-02,5680000,충청남도 당진시
1,대운산리 노인회관,충청남도,당진시,44270,충청남도 당진시 정미면 수당천로 164-13,,36.840004,126.592166,30,충청남도 당진시,041-350-4362,당진경찰서,N,,,2026-02-02,5680000,충청남도 당진시
1,장정리 경로당,충청남도,당진시,44270,충청남도 당진시 대호지면 문헌로 13,,36.881903,126.532500,30,충청남도 당진시,041-350-4362,당진경찰서,N,,,2026-02-02,5680000,충청남도 당진시
1,도이2리 경로당,충청남도,당진시,44270,충청남도 당진시 대호지면 충장로 702,,36.933451,126.531896,30,충청남도 당진시,041-350-4362,당진경찰서,N,,,2026-02-02,5680000,충청남도 당진시
1,도이1리 경로당,충청남도,당진시,44270,충청남도 당진시 대호지면 충장로 566-4,,36.921318,126.531022,30,충청남도 당진시,041-350-4362,당진경찰서,N,,,2026-02-02,5680000,충청남도 당진시
1,사성1리 노인회관,충청남도,당진시,44270,충청남도 당진시 대호지면 문헌로 977,,36.921322,126.505494,30,충청남도 당진시,041-350-4362,당진경찰서,N,,,2026-02-02,5680000,충청남도 당진시
1,대호지복지회관,충청남도,당진시,44270,충청남도 당진시 대호지면 4.4만세로 95,,36.897073,126.507282,30,충청남도 당진시,041-350-4362,당진경찰서,N,,,2026-02-02,5680000,충청남도 당진시
1,천의1리 노인회관,충청남도,당진시,44270,충청남도 당진시 정미면 천의길 13-53,,36.884430,126.568338,30,충청남도 당진시,041-350-4362,당진경찰서,N,,,2026-02-02,5680000,충청남도 당진시
1,봉생리 노인회관,충청남도,당진시,44270,충청남도 당진시 정미면 봉생리 장재울길 41,,36.885201,126.595970,30,충청남도 당진시,041-350-4362,당진경찰서,N,,,2026-02-02,5680000,충청남도 당진시
1,백석리 노인회관,충청남도,당진시,44270,충청남도 당진시 순성면 백석길 45,,36.827402,126.692294,30,충청남도 당진시,041-350-4362,당진경찰서,N,,,2026-02-02,5680000,충청남도 당진시
1,자개1리 노인회관,충청남도,당진시,44270,충청남도 당진시 면천면 한천로 610,,36.794366,126.669112,30,충청남도 당진시,041-350-4362,당진경찰서,N,,,2026-02-02,5680000,충청남도 당진시
1,율사리 노인회관,충청남도,당진시,44270,충청남도 당진시 면천면 한천로 572-8,,36.790648,126.671316,30,충청남도 당진시,041-350-4362,당진경찰서,N,,,2026-02-02,5680000,충청남도 당진시
1,적서리 노인회관,충청남도,당진시,44270,충청남도 당진시 대호지면 대호로 662,,36.946130,126.510700,30,충청남도 당진시,041-350-4362,당진경찰서,N,,,2026-02-02,5680000,충청남도 당진시
1,가학리 노인회관,충청남도,당진시,44270,충청남도 당진시 송악읍 송악로 195-3,,36.916202,126.705363,30,충청남도 당진시,041-350-4362,당진경찰서,N,,,2026-02-02,5680000,충청남도 당진시
1,세안아프트 경로당,충청남도,당진시,44270,,충청남도 당진시 송산면 매곡리 330,36.92789317,126.6652961,30,충청남도 당진시,041-350-4362,당진경찰서,N,,,2026-02-02,5680000,충청남도 당진시
1,성상1리 노인회관,충청남도,당진시,44270,,충청남도 당진시 면천면 성상리 256-1,36.8135109054,126.6692314029,30,충청남도 당진시,041-350-4362,당진경찰서,N,,,2026-02-02,5680000,충청남도 당진시
1,천의2리 경로당,충청남도,당진시,44270,,충청남도 당진시 정미면 천의리 138-18,36.893324,126.567960,30,충청남도 당진시,041-350-4362,당진경찰서,N,,,2026-02-02,5680000,충청남도 당진시
1,봉성리 노인회관,충청남도,당진시,44270,,충청남도 당진시 정미면 봉성리 200-1,36.845578,126.544001,30,충청남도 당진시,041-350-4362,당진경찰서,N,,,2026-02-02,5680000,충청남도 당진시
1,우산리 경로당,충청남도,당진시,44270,,충청남도 당진시 정미면 우산리 239-4,36.85630502,126.537010,30,충청남도 당진시,041-350-4362,당진경찰서,N,,,2026-02-02,5680000,충청남도 당진시
1,하성리 경로당,충청남도,당진시,44270,,충청남도 당진시 정미면 하성리 200-1,36.853853122,126.532208,30,충청남도 당진시,041-350-4362,당진경찰서,N,,,2026-02-02,5680000,충청남도 당진시
1,창2리 경로당,충청남도,당진시,44270,,충청남도 당진시 우강면 창리 152-1,36.816583,126.791492,30,충청남도 당진시,041-350-4362,당진경찰서,N,,,2026-02-02,5680000,충청남도 당진시
1,송전리 노인회관,충청남도,당진시,44270,,충청남도 당진시 대호지면 송전리 139-10,36.8744203074,126.513230,30,충청남도 당진시,041-350-4362,당진경찰서,N,,,2026-02-02,5680000,충청남도 당진시
1,산성리 노인회관,충청남도,당진시,44270,,충청남도 당진시 정미면 산성리 279,36.8478214475,126.520091,30,충청남도 당진시,041-350-4362,당진경찰서,N,,,2026-02-02,5680000,충청남도 당진시
1,도산리 노인회관,충청남도,당진시,44270,,충청남도 당진시 정미면 도산리 326-1,36.869661,126.555178,30,충청남도 당진시,041-350-4362,당진경찰서,N,,,2026-02-02,5680000,충청남도 당진시
1,죽동1리 노인회관,충청남도,당진시,44270,,충청남도 당진시 면천면 죽동리 606-2,36.850928,126.6512001738,30,충청남도 당진시,041-350-4362,당진경찰서,N,,,2026-02-02,5680000,충청남도 당진시
1,구룡동 경로당,충청남도,당진시,44270,,충청남도 당진시 구룡동 468-4,36.830236,126.6041369359,30,충청남도 당진시,041-350-4362,당진경찰서,N,,,2026-02-02,5680000,충청남도 당진시
1,장항1리 경로당,충청남도,당진시,44270,,충청남도 당진시 고대면 장항리 279,36.959815,126.5947044946,30,충청남도 당진시,041-350-4362,당진경찰서,N,,,2026-02-02,5680000,충청남도 당진시
1,오도리 경로당,충청남도,당진시,44270,충청남도 당진시 송산면 금암로 287,,36.939541,126.632065,30,충청남도 당진시,041-350-4362,당진경찰서,N,,,2026-02-02,5680000,충청남도 당진시
1,금암2리 경로당,충청남도,당진시,44270,충청남도 당진시 송산면 송산로 164,충청남도 당진시 송산면 금암리 11,36.9219438796,126.6603349606,30,충청남도 당진시,041-350-4362,당진경찰서,N,,,2026-02-02,5680000,충청남도 당진시
1,사관리 경로당,충청남도,당진시,44270,,충청남도 당진시 정미면 사관리 276-1,36.852718,126.573850,30,충청남도 당진시,041-350-4362,당진경찰서,N,,,2026-02-02,5680000,충청남도 당진시
1,진관2리 경로당,충청남도,당진시,44270,,충청남도 당진시 고대면 진관리 892-5,36.923142,126.5845229048,30,충청남도 당진시,041-350-4362,당진경찰서,N,,,2026-02-02,5680000,충청남도 당진시
1,옥현리 경로당,충청남도,당진시,44270,,충청남도 당진시 고대면 옥현리 131-5,36.905392,126.576299,30,충청남도 당진시,041-350-4362,당진경찰서,N,,,2026-02-02,5680000,충청남도 당진시
1,삼월리 경로당,충청남도,당진시,44270,,충청남도 당진시 송산면 삼월리 279-5,36.943293,126.680300,30,충청남도 당진시,041-350-4362,당진경찰서,N,,,2026-02-02,5680000,충청남도 당진시
1,당진게이트볼장,충청남도,당진시,44270,,충청남도 당진시 고대면 진관리 349-2,36.9224423147,126.6015041087,30,충청남도 당진시,041-350-4362,당진경찰서,N,,,2026-02-02,5680000,충청남도 당진시
1,계동복지센터,충청남도,당진시,44270,,충청남도 당진시 면천면 원동리 422-7,36.8024641016,126.668756,30,충청남도 당진시,041-350-4362,당진경찰서,N,,,2026-02-02,5680000,충청남도 당진시
1,솔뫼베네딕도의집,충청남도,당진시,44270,,충청남도 당진시 우강면 송산리 125,36.8207963074,126.7869667065,30,충청남도 당진시,041-350-4362,당진경찰서,N,,,2026-02-02,5680000,충청남도 당진시
1,남부노인복지관,충청남도,당진시,44270,,충청남도 당진시 합덕읍 운산리 302,36.8109273872,126.765578,30,충청남도 당진시,041-350-4362,당진경찰서,N,,,2026-02-02,5680000,충청남도 당진시
01,안석1리경로당,경기도,화성시 만세구,41590,경기도 화성시 만세구 남양읍 고향의봄길282번길 85,경기도 화성시 만세구 남양읍 안석리 805,37.1724092,126.8275127,30,경기도 화성시,031-5189-1984,화성서부경찰서,N,,,2026-02-01,5530000,경기도 화성시
01,송정1리경로당,경기도,화성시 만세구,41590,경기도 화성시 만세구 마도면 송정로 208,경기도 화성시 만세구 마도면 송정리 484-2,37.22036768,126.7901072,30,경기도 화성시,031-5189-1984,화성서부경찰서,N,,,2026-02-01,5530000,경기도 화성시
01,요당1리경로당,경기도,화성시 만세구,41590,경기도 화성시 만세구 양감면 요댕이길 12,경기도 화성시 만세구 양감면 요당리 154,37.07046185,126.9359127,30,경기도 화성시,031-5189-1984,화성서부경찰서,N,,,2026-02-01,5530000,경기도 화성시
01,무송2리경로당,경기도,화성시 효행구,41590,경기도 화성시 효행구 남양읍 무하로 39-5,경기도 화성시 효행구 비봉면 유포리 306-1,37.181391,126.8409294,30,경기도 화성시,031-5189-1984,화성서부경찰서,N,,,2026-02-01,5530000,경기도 화성시
01,음양1리경로당,경기도,화성시 효행구,41590,경기도 화성시 효행구 정남면 음양3길 3,경기도 화성시 효행구 정남면 음양리 442,37.14120893,127.0175229,30,경기도 화성시,031-5189-1984,화성서부경찰서,N,,,2026-02-01,5530000,경기도 화성시
01,팔탄면 하저2리 경로당,경기도,화성시 만세구,41590,경기도 화성시 만세구 팔탄면 하저자안로 97,경기도 화성시 만세구 팔탄면 하저리 547-1,37.18735311,126.8720212,30,경기도 화성시,031-5189-1984,화성서부경찰서,N,,,2026-02-01,5530000,경기도 화성시
01,장안면 독정3리 경로당,경기도,화성시 만세구,41590,경기도 화성시 만세구 장안면 거묵골길 11,경기도 화성시 만세구 장안면 독정리 121-2,37.07948136,126.8601652,30,경기도 화성시,031-5189-1984,화성서부경찰서,N,,,2026-02-01,5530000,경기도 화성시
01,우정읍 매향2리 경로당,경기도,화성시 만세구,41590,경기도 화성시 만세구 우정읍 매향석천로 9-10,경기도 화성시 만세구 우정읍 매향리 476-3,37.04937671,126.7686054,30,경기도 화성시,031-5189-1984,화성서부경찰서,N,,,2026-02-01,5530000,경기도 화성시
01,송산면 삼존1리 경로당,경기도,화성시 만세구,41590,경기도 화성시 만세구 송산면 송산동로 85,경기도 화성시 만세구 송산면 삼존리 247,37.22146237,126.7384076,30,경기도 화성시,031-5189-1984,화성서부경찰서,N,,,2026-02-01,5530000,경기도 화성시
01,비봉면 쌍학1리 경로당,경기도,화성시 효행구,41590,경기도 화성시 효행구 비봉면 쌍학안길21번길 17,경기도 화성시 효행구 비봉면 쌍학리 196-4,37.2430711,126.8950559,30,경기도 화성시,031-5189-1984,화성서부경찰서,N,,,2026-02-01,5530000,경기도 화성시
01,매송면 숙곡1리 경로당,경기도,화성시 효행구,41590,경기도 화성시 효행구 매송면 숙곡길 20,경기도 화성시 효행구 매송면 숙곡리 177-2,37.2620785,126.9105572,30,경기도 화성시,031-5189-1984,화성서부경찰서,N,,,2026-02-01,5530000,경기도 화성시
01,향남읍 구문천3리 경로당,경기도,화성시 만세구,41590,경기도 화성시 만세구 향남읍 구문천안길 74,경기도 화성시 만세구 향남읍 구문천리 604-133,37.07091989,126.8931327,30,경기도 화성시,031-5189-1984,화성서부경찰서,N,,,2026-02-01,5530000,경기도 화성시
01,팔탄면 가재1리 경로당,경기도,화성시 만세구,41590,경기도 화성시 만세구 팔탄면 삼천병마로 407-15,경기도 화성시 만세구 팔탄면 가재리 511-20,37.1486492,126.9202447,30,경기도 화성시,031-5189-1984,화성서부경찰서,N,,,2026-02-01,5530000,경기도 화성시
01,남양읍 원천리 경로당,경기도,화성시 만세구,41590,경기도 화성시 만세구 남양읍 원천길 8-4,경기도 화성시 만세구 남양읍 원천리 227,37.22997336,126.8061954,30,경기도 화성시,031-5189-1984,화성서부경찰서,N,,,2026-02-01,5530000,경기도 화성시
01,송산면 마산1리 경로당,경기도,화성시 만세구,41590,경기도 화성시 만세구 송산면 송산포도로 522-6,경기도 화성시 만세구 송산면 마산리 648-4,37.23024567,126.6980191,30,경기도 화성시,031-5189-1984,화성서부경찰서,N,,,2026-02-01,5530000,경기도 화성시
01,신남1리경로당,경기도,화성시 만세구,41590,경기도 화성시 만세구 남양읍 신남안길 184,경기도 화성시 만세구 남양읍 신남리 574,37.18437504,126.8130102,30,경기도 화성시,031-5189-1984,화성서부경찰서,N,,,2026-02-01,5530000,경기도 화성시
01,유포1리경로당,경기도,화성시 효행구,41590,경기도 화성시 효행구 비봉면 남이로 241-5,경기도 화성시 효행구 비봉면 유포리 306-1,37.24798607,126.8409286,30,경기도 화성시,031-5189-1984,화성서부경찰서,N,,,2026-02-01,5530000,경기도 화성시
02,화성아름마을,경기도,화성시 만세구,41590,경기도 화성시 만세구 송산면 공룡로264번길 16,경기도 화성시 만세구 송산면 쌍정리 1000,37.23379549,126.7331542,30,경기도 화성시,031-5189-1984,화성서부경찰서,N,,,2026-02-01,5530000,경기도 화성시
02,화성남부장애인주간보호센터,경기도,화성시 만세구,41590,경기도 화성시 만세구 향남읍 행정서로3길 50,경기도 화성시 만세구 향남읍 행정리 437-3,37.13046432,126.9195391,30,경기도 화성시,031-5189-1984,화성서부경찰서,N,,,2026-02-01,5530000,경기도 화성시
02,아름장애인보호작업장,경기도,화성시 만세구,41590,경기도 화성시 만세구 양감면 제약단지로 239,경기도 화성시 만세구 양감면 대양리 778-2,37.08898092,126.9363075,30,경기도 화성시,031-5189-1984,화성서부경찰서,N,,,2026-02-01,5530000,경기도 화성시
01,화성꽃피는요양원,경기도,화성시 만세구,41590,경기도 화성시 만세구 남양읍 남양시장로25번길 9,경기도 화성시 만세구 남양읍 남양리 580-5,37.20929433,126.8121847,30,경기도 화성시,031-5189-1984,화성서부경찰서,N,,,2026-02-01,5530000,경기도 화성시
01,하저3리경로당,경기도,화성시 만세구,41590,경기도 화성시 만세구 팔탄면 장승백안길 7,경기도 화성시 만세구 팔탄면 하저리 986-7,37.18035169,126.8657142,30,경기도 화성시,031-5189-1984,화성서부경찰서,N,,,2026-02-01,5530000,경기도 화성시
01,기천3리경로당,경기도,화성시 만세구,41590,경기도 화성시 만세구 팔탄면 건달산로 174,경기도 화성시 만세구 팔탄면 기천리 106-5,37.18781008,126.908262,30,경기도 화성시,031-5189-1984,화성서부경찰서,N,,,2026-02-01,5530000,경기도 화성시
01,칠곡리경로당,경기도,화성시 만세구,41590,경기도 화성시 만세구 송산면 당성로 438-19,경기도 화성시 만세구 송산면 칠곡리 334-1,37.20248617,126.7119254,30,경기도 화성시,031-5189-1984,화성서부경찰서,N,,,2026-02-01,5530000,경기도 화성시
01,수화1리경로당,경기도,화성시 만세구,41590,경기도 화성시 만세구 남양읍 남양로1362번길 40,경기도 화성시 만세구 남양읍 수화리 372,37.25478988,126.8197118,30,경기도 화성시,031-5189-1984,화성서부경찰서,N,,,2026-02-01,5530000,경기도 화성시
01,신남3리경로당,경기도,화성시 만세구,41590,경기도 화성시 만세구 남양읍 신남로299번길 8,경기도 화성시 만세구 남양읍 신남리 산 175-5,37.17366024,126.8012113,30,경기도 화성시,031-5189-1984,화성서부경찰서,N,,,2026-02-01,5530000,경기도 화성시
01,향남읍 하길1리경로당,경기도,화성시 만세구,41590,경기도 화성시 만세구 향남읍 청덕동길 4-1,경기도 화성시 만세구 향남읍 하길리 528-3,37.10675542,126.9255614,30,경기도 화성시,031-5189-1984,화성서부경찰서,N,,,2026-02-01,5530000,경기도 화성시
01,향남읍 증거리 경로당,경기도,화성시 만세구,41590,경기도 화성시 만세구 향남읍 진개울길 5,경기도 화성시 만세구 향남읍 증거리 193,37.13797231,126.9768504,30,경기도 화성시,031-5189-1984,화성서부경찰서,N,,,2026-02-01,5530000,경기도 화성시
02,행복한일터,경기도,화성시 만세구,41590,경기도 화성시 만세구 남양읍 현대기아로 506,경기도 화성시 만세구 남양읍 무송리 181-1,37.194626,126.848678,50,경기도 화성시,031-5189-1984,화성서부경찰서,N,,,2026-02-01,5530000,경기도 화성시
02,아르딤복지관,경기도,화성시 만세구,41590,경기도 화성시 만세구 향남읍 도이1길 104,경기도 화성시 만세구 향남읍 도이리 220-20,37.136462,126.9207471,30,경기도 화성시,031-5189-1984,화성서부경찰서,N,,,2026-02-01,5530000,경기도 화성시
01,관항1리경로당,경기도,화성시 효행구,41590,경기도 화성시 효행구 정남면 관항길 236,경기도 화성시 효행구 정남면 관항리 333-3,37.180408,126.9626969,30,경기도 화성시,031-5189-1984,화성동탄경찰서,N,,,2026-02-01,5530000,경기도 화성시
01,황계2통경로당,경기도,화성시 병점구,41590,경기도 화성시 병점구 황계남길123번길 35,경기도 화성시 병점구 황계동 132,37.218206,127.018643,30,경기도 화성시,031-5189-1984,화성동탄경찰서,N,,,2026-02-01,5530000,경기도 화성시
01,원리경로당,경기도,화성시 효행구,41590,경기도 화성시 효행구 매송면 매송북길 22,경기도 화성시 효행구 매송면 원리 206,37.278387,126.8872478,30,경기도 화성시,031-5189-1984,화성서부경찰서,N,,,2026-02-01,5530000,경기도 화성시
01,백곡2리경로당,경기도,화성시 만세구,41590,경기도 화성시 만세구 마도면 마도로 197-4,경기도 화성시 만세구 마도면 백곡리 277-4,37.186369,126.726733,30,경기도 화성시,031-5189-1984,화성서부경찰서,N,,,2026-02-01,5530000,경기도 화성시
01,분천1리경로당,경기도,화성시 효행구,41590,경기도 화성시 효행구 봉담읍 분천길 39,경기도 화성시 효행구 봉담읍 분천리 269-2,37.205484,126.957568,30,경기도 화성시,031-5189-1984,화성서부경찰서,N,,,2026-02-01,5530000,경기도 화성시
01,전곡2리경로당,경기도,화성시 만세구,41590,경기도 화성시 만세구 서신면 당성로 191,경기도 화성시 만세구 서신면 전곡리 311,37.191376,126.691789,30,경기도 화성시,031-5189-1984,화성서부경찰서,N,,,2026-02-01,5530000,경기도 화성시
01,쌍학3리경로당,경기도,화성시 효행구,41590,경기도 화성시 효행구 비봉면 쌍학길 161,경기도 화성시 효행구 비봉면 쌍학리 852,37.241452,126.9011494,30,경기도 화성시,031-5189-1984,화성서부경찰서,N,,,2026-02-01,5530000,경기도 화성시
01,이화1리경로당,경기도,화성시 만세구,41590,경기도 화성시 만세구 우정읍 덕목길 76,경기도 화성시 만세구 우정읍 이화리 526,37.04277729,126.7897696,30,경기도 화성시,031-5189-1984,화성서부경찰서,N,,,2026-02-01,5530000,경기도 화성시
01,구포2리경로당,경기도,화성시 효행구,41590,경기도 화성시 효행구 비봉면 일묵동길 92,경기도 화성시 효행구 비봉면 구포리 745-1,37.24698252,126.8767994,30,경기도 화성시,031-5189-1984,화성서부경찰서,N,,,2026-02-01,5530000,경기도 화성시
01,안석2리경로당,경기도,화성시 만세구,41590,경기도 화성시 만세구 남양읍 안석길 99,경기도 화성시 만세구 남양읍 안석리 777,37.17113504,126.8225891,30,경기도 화성시,031-5189-1984,화성서부경찰서,N,,,2026-02-01,5530000,경기도 화성시
01,양감면 요당3리 경로당,경기도,화성시 만세구,41590,경기도 화성시 만세구 양감면 요당길 40,경기도 화성시 만세구 양감면 요당리 419-5,37.0718456,126.9177588,30,경기도 화성시,031-5189-1984,화성서부경찰서,N,,,2026-02-01,5530000,경기도 화성시
01,송산면 사강3리 경로당,경기도,화성시 만세구,41590,경기도 화성시 만세구 송산면 송산로 128,경기도 화성시 만세구 송산면 사강리 279-5,37.22047625,126.7253428,30,경기도 화성시,031-5189-1984,화성서부경찰서,N,,,2026-02-01,5530000,경기도 화성시
01,송산면 사강1리 경로당,경기도,화성시 만세구,41590,경기도 화성시 만세구 송산면 송산동로 14,경기도 화성시 만세구 송산면 사강리 594-4,37.21581876,126.7354664,30,경기도 화성시,031-5189-1984,화성서부경찰서,N,,,2026-02-01,5530000,경기도 화성시
01,송산면 신천리 경로당,경기도,화성시 만세구,41590,경기도 화성시 만세구 송산면 신천길 84-4,경기도 화성시 만세구 송산면 신천리 575-11,37.248234,126.717741,30,경기도 화성시,031-5189-1984,화성서부경찰서,N,,,2026-02-01,5530000,경기도 화성시
01,정남면 문학4리 경로당,경기도,화성시 효행구,41590,경기도 화성시 효행구 정남면 문학로80번길 4,경기도 화성시 효행구 정남면 문학리 353,37.15097635,126.9726813,30,경기도 화성시,031-5189-1984,화성동탄경찰서,N,,,2026-02-01,5530000,경기도 화성시
01,정남면 신3리 경로당,경기도,화성시 효행구,41590,경기도 화성시 효행구 정남면 신리길 43-4,경기도 화성시 효행구 정남면 신리 277-7,37.16423894,126.9753599,30,경기도 화성시,031-5189-1984,화성동탄경찰서,N,,,2026-02-01,5530000,경기도 화성시
01,정남면 고지리 경로당,경기도,화성시 효행구,41590,경기도 화성시 효행구 정남면 고지3길 3,경기도 화성시 효행구 정남면 고지리 168-10,37.16429581,127.0075158,30,경기도 화성시,031-5189-1984,화성동탄경찰서,N,,,2026-02-01,5530000,경기도 화성시
01,보통3리 경로당,경기도,화성시 효행구,41590,경기도 화성시 효행구 정남면 보통내길55번길 24,경기도 화성시 효행구 정남면 보통리 328-2,37.18197333,126.9721392,30,경기도 화성시,031-5189-1984,화성동탄경찰서,N,,,2026-02-01,5530000,경기도 화성시
01,나래울 노인복지관,경기도,화성시 동탄구,41590,경기도 화성시 동탄구 여울로2길 33,경기도 화성시 동탄구 능동 1130,37.20520214,127.0514539,30,경기도 화성시,031-5189-1984,화성동탄경찰서,N,,,2026-02-01,5530000,경기도 화성시
01,구포3리경로당,경기도,화성시 효행구,41590,경기도 화성시 효행구 비봉면 구포동길37번길 3,경기도 화성시 효행구 비봉면 구포리 167-3,37.24820802,126.8878435,30,경기도 화성시,031-5189-1984,화성서부경찰서,N,,,2026-02-01,5530000,경기도 화성시
01,화성실버하우스,경기도,화성시 효행구,41590,경기도 화성시 효행구 봉담읍 방골길 22,경기도 화성시 효행구 봉담읍 덕리 341,37.162062,126.9334673,30,경기도 화성시,031-5189-1984,화성서부경찰서,N,,,2026-02-01,5530000,경기도 화성시
01,전곡3리 경로당,경기도,화성시 만세구,41590,경기도 화성시 만세구 서신면 전곡항로50번길 12-3,경기도 화성시 만세구 서신면 전곡리 802-1,37.18777382,126.6554307,30,경기도 화성시,031-5189-1984,화성서부경찰서,N,,,2026-02-01,5530000,경기도 화성시
01,용포1리 경로당,경기도,화성시 만세구,41590,경기도 화성시 만세구 송산면 용포로 236,경기도 화성시 만세구 송산면 용포리 131,37.22932817,126.7577626,30,경기도 화성시,031-5189-1984,화성서부경찰서,N,,,2026-02-01,5530000,경기도 화성시
01,상신2리 경로당,경기도,화성시 만세구,41590,경기도 화성시 만세구 향남읍 장안로 895,경기도 화성시 만세구 향남읍 상신리 944,37.09505902,126.8947379,30,경기도 화성시,031-5189-1984,화성서부경찰서,Y,,,2026-02-01,5530000,경기도 화성시
01,상신5리 경로당,경기도,화성시 만세구,41590,경기도 화성시 만세구 향남읍 칼바위길83번길 6,경기도 화성시 만세구 향남읍 상신리 1229-2,37.09590693,126.8843447,30,경기도 화성시,031-5189-1984,화성서부경찰서,Y,,,2026-02-01,5530000,경기도 화성시
01,구문천2리 경로당,경기도,화성시 만세구,41590,경기도 화성시 만세구 향남읍 구문천2길 69,경기도 화성시 만세구 향남읍 구문천리 78-1,37.07629806,126.9067334,30,경기도 화성시,031-5189-1984,화성서부경찰서,N,,,2026-02-01,5530000,경기도 화성시
01,양감면 대양4리 경로당,경기도,화성시 만세구,41590,경기도 화성시 만세구 양감면 윗생이길 6,경기도 화성시 만세구 양감면 대양리 509-4,37.088351,126.9403163,30,경기도 화성시,031-5189-1984,화성서부경찰서,N,,,2026-02-01,5530000,경기도 화성시
01,송산면 육일1리 경로당,경기도,화성시 만세구,41590,경기도 화성시 만세구 송산면 사강로 57-1,경기도 화성시 만세구 송산면 육일리 146,37.2076087,126.7246179,30,경기도 화성시,031-5189-1984,화성서부경찰서,N,,,2026-02-01,5530000,경기도 화성시
01,서신면 사곳리 경로당,경기도,화성시 만세구,41590,경기도 화성시 만세구 서신면 해운로 280,경기도 화성시 만세구 서신면 사곶리 267-1,37.15593997,126.7244814,30,경기도 화성시,031-5189-1984,화성서부경찰서,N,,,2026-02-01,5530000,경기도 화성시
01,남양읍 신외2리 경로당,경기도,화성시 만세구,41590,경기도 화성시 만세구 남양읍 남양로 1629,경기도 화성시 만세구 남양읍 신외리 270-4,37.27502138,126.8102601,30,경기도 화성시,031-5189-1984,화성서부경찰서,N,,,2026-02-01,5530000,경기도 화성시
01,남양읍 신외1리 경로당,경기도,화성시 만세구,41590,경기도 화성시 만세구 남양읍 남양로 1583,경기도 화성시 만세구 남양읍 신외리 464-2,37.27128723,126.8129448,30,경기도 화성시,031-5189-1984,화성서부경찰서,N,,,2026-02-01,5530000,경기도 화성시
01,팔탄면 노하1리 경로당,경기도,화성시 만세구,41590,경기도 화성시 만세구 팔탄면 동막길 25,경기도 화성시 만세구 팔탄면 노하리 135-2,37.15734483,126.8702085,30,경기도 화성시,031-5189-1984,화성서부경찰서,N,,,2026-02-01,5530000,경기도 화성시
01,비봉면 청요2리 경로당,경기도,화성시 효행구,41590,경기도 화성시 효행구 비봉면 청요로 37,경기도 화성시 효행구 비봉면 청요리 222-3,37.20249245,126.8954813,30,경기도 화성시,031-5189-1984,화성서부경찰서,N,,,2026-02-01,5530000,경기도 화성시
01,팔탄면 노하2리 경로당,경기도,화성시 만세구,41590,경기도 화성시 만세구 팔탄면 노하길 290,경기도 화성시 만세구 팔탄면 노하리 569-2,37.157361,126.8631133,30,경기도 화성시,031-5189-1984,화성서부경찰서,N,,,2026-02-01,5530000,경기도 화성시
01,우정읍 주곡1리 경로당,경기도,화성시 만세구,41590,경기도 화성시 만세구 우정읍 구슬2길 3,경기도 화성시 만세구 우정읍 주곡리 125-26,37.1260075,126.817304,30,경기도 화성시,031-5189-1984,화성서부경찰서,N,,,2026-02-01,5530000,경기도 화성시
01,남양읍 문호1리 경로당,경기도,화성시 만세구,41590,경기도 화성시 만세구 남양읍 남양서로 616,경기도 화성시 만세구 남양읍 문호리 314-4,37.26252351,126.8033031,30,경기도 화성시,031-5189-1984,화성서부경찰서,N,,,2026-02-01,5530000,경기도 화성시
01,마도면 쌍송1리 경로당,경기도,화성시 만세구,41590,경기도 화성시 만세구 마도면 마도로 796-4,경기도 화성시 만세구 마도면 쌍송리 91-3,37.19190867,126.7896544,30,경기도 화성시,031-5189-1984,화성서부경찰서,N,,,2026-02-01,5530000,경기도 화성시
01,장안면 독정1리 경로당,경기도,화성시 만세구,41590,경기도 화성시 만세구 장안면 포승장안로 1219,경기도 화성시 만세구 장안면 독정리 933-1,37.06751274,126.8473297,30,경기도 화성시,031-5189-1984,화성서부경찰서,N,,,2026-02-01,5530000,경기도 화성시
01,양감면 송산1리 경로당,경기도,화성시 만세구,41590,경기도 화성시 만세구 양감면 정문송산로 148,경기도 화성시 만세구 양감면 송산리 713,37.10562396,126.9865349,30,경기도 화성시,031-5189-1984,화성서부경찰서,N,,,2026-02-01,5530000,경기도 화성시
01,서신면 홍법리 경로당,경기도,화성시 만세구,41590,경기도 화성시 만세구 서신면 해운로 415,경기도 화성시 만세구 서신면 홍법리 643,37.16510457,126.7337812,30,경기도 화성시,031-5189-1984,화성서부경찰서,N,,,2026-02-01,5530000,경기도 화성시
01,마도면 청원1리 경로당,경기도,화성시 만세구,41590,경기도 화성시 만세구 마도면 해운로 770-2,경기도 화성시 만세구 마도면 청원리 296,37.18589191,126.7594835,30,경기도 화성시,031-5189-1984,화성서부경찰서,N,,,2026-02-01,5530000,경기도 화성시
01,남양읍 송림1리 경로당,경기도,화성시 만세구,41590,경기도 화성시 만세구 남양읍 송림로 89,경기도 화성시 만세구 남양읍 송림리 306,37.22333037,126.8233781,30,경기도 화성시,031-5189-1984,화성서부경찰서,N,,,2026-02-01,5530000,경기도 화성시
01,비봉면 남전2리 경로당,경기도,화성시 효행구,41590,경기도 화성시 효행구 비봉면 남이로 135,경기도 화성시 효행구 비봉면 남전리 398-1,37.24488746,126.8321717,30,경기도 화성시,031-5189-1984,화성서부경찰서,N,,,2026-02-01,5530000,경기도 화성시
01,향남읍 요리 경로당,경기도,화성시 만세구,41590,경기도 화성시 만세구 향남읍 토성로 464,경기도 화성시 만세구 향남읍 요리 353-2,37.10915353,126.9672426,30,경기도 화성시,031-5189-1984,화성서부경찰서,N,,,2026-02-01,5530000,경기도 화성시
01,매송면 원평리 경로당,경기도,화성시 효행구,41590,경기도 화성시 효행구 매송면 매봉로 105,경기도 화성시 효행구 매송면 원평리 455,37.24049177,126.9262033,30,경기도 화성시,031-5189-1984,화성서부경찰서,N,,,2026-02-01,5530000,경기도 화성시
01,송산면 용포2리 경로당,경기도,화성시 만세구,41590,경기도 화성시 만세구 송산면 송산동로 233,경기도 화성시 만세구 송산면 용포리 505-2,37.23190859,126.7453144,30,경기도 화성시,031-5189-1984,화성서부경찰서,N,,,2026-02-01,5530000,경기도 화성시
01,북양리 묘희원,경기도,화성시 만세구,41590,경기도 화성시 만세구 남양읍 현대기아로 649,경기도 화성시 만세구 남양읍 북양리 616-2,37.20588335,126.8540487,30,경기도 화성시,031-5189-1984,화성서부경찰서,N,,,2026-02-01,5530000,경기도 화성시
01,노하3리 경로당,경기도,화성시 만세구,41590,경기도 화성시 만세구 팔탄면 노하길 236,경기도 화성시 만세구 팔탄면 노하리 산 133-2,37.15941537,126.8579492,30,경기도 화성시,031-5189-1984,화성서부경찰서,N,,,2026-02-01,5530000,경기도 화성시
01,천천2리 경로당,경기도,화성시 효행구,41590,경기도 화성시 효행구 매송면 화성로2545번길 7,경기도 화성시 효행구 매송면 천천리 344-10,37.24501868,126.9429369,30,경기도 화성시,031-5189-1984,화성동탄경찰서,N,,,2026-02-01,5530000,경기도 화성시
01,남부노인복지관,경기도,화성시 만세구,41590,경기도 화성시 만세구 향남읍 토성로 37-22,경기도 화성시 만세구 향남읍 행정리 29-2,37.12821527,126.9366409,30,경기도 화성시,031-5189-1984,화성서부경찰서,N,,,2026-02-01,5530000,경기도 화성시
1,성기1구 마을회관,경상남도,합천군,48890,경상남도 합천군 가야면 가조가야로 2249,,35.722072,128.103068,30,경상남도 합천군청,055-930-3474,합천경찰서,Y,1,6,2026-01-29,5480000,경상남도 합천군
1,숭산노인회관,경상남도,합천군,48890,경상남도 합천군 가야면 매안대전길 6-6,,35.73128965,128.1092194,30,경상남도 합천군청,055-930-3474,합천경찰서,Y,1,6,2026-01-29,5480000,경상남도 합천군
1,합천군립노인전문요양원,경상남도,합천군,48890,경상남도 합천군 초계면 우회로 72-14,,35.560168,128.246287,30,경상남도 합천군청,055-930-3474,합천경찰서,N,,6,2026-01-29,5480000,경상남도 합천군
1,신소양노인회관,경상남도,합천군,48890,경상남도 합천군 합천읍 신소양1길 4,,35.578979,128.167761,30,경상남도 합천군청,055-930-3474,합천경찰서,Y,1,6,2026-01-29,5480000,경상남도 합천군
1,덕정경로당,경상남도,합천군,48890,경상남도 합천군 대양면 대한로 48,,35.514206,128.178459,30,경상남도 합천군청,055-930-3474,합천경찰서,Y,1,6,2026-01-29,5480000,경상남도 합천군
1,초계노인회관,경상남도,합천군,48890,경상남도 합천군 초계면 초계2길 19,,35.557383,128.268062,30,경상남도 합천군청,055-930-3474,합천경찰서,Y,1,6,2026-01-29,5480000,경상남도 합천군
1,노블하임노인전문요양원,경상남도,합천군,48890,경상남도 합천군 용주면 연촌우곡길 70,,35.566646,128.115874,30,경상남도 합천군청,055-930-3474,합천경찰서,N,,6,2026-01-29,5480000,경상남도 합천군
1,합천종합사회복지관,경상남도,합천군,48890,경상남도 합천군 합천읍 동서로 39,,35.567928,128.156753,30,경상남도 합천군청,055-930-3474,합천경찰서,Y,2,6,2026-01-29,5480000,경상남도 합천군
01,손덕경로당,경상남도,통영시,48220,경상남도 통영시 덕포로 177,경상남도 통영시 광도면 덕포리 967-6,34.90148442,128.4209836,30,경상남도 통영시,055-650-2337,통영경찰서,N,0,7,2026-01-08,5330000,경상남도 통영시
01,달아경로당,경상남도,통영시,48220,경상남도 통영시 산양읍 산양일주로 1026,경상남도 통영시 산양읍 미남리 800-2,34.768789,128.4067528,30,경상남도 통영시,055-650-2336,통영경찰서,N,0,8,2026-01-08,5330000,경상남도 통영시
01,동촌경로당,경상남도,통영시,48220,경상남도 통영시 도산면 도산일주로 792,경상남도 통영시 도산면 저산리 157,34.895514,128.3084505,30,경상남도 통영시,055-650-2335,통영경찰서,N,0,7,2026-01-08,5330000,경상남도 통영시
01,창포경로당,경상남도,통영시,48220,경상남도 통영시 광도면 덕포로 292,경상남도 통영시 광도면 덕포리 728-2,34.91082838,128.417906,30,경상남도 통영시,055-650-2334,통영경찰서,N,0,6.5,2026-01-08,5330000,경상남도 통영시
01,마상촌경로당,경상남도,통영시,48220,경상남도 통영시 도산면 마상촌길 101-8,경상남도 통영시 도산면 오륜리 429-3,34.90541439,128.3338782,50,경상남도 통영시,055-650-2334,통영경찰서,N,0,8,2026-01-08,5330000,경상남도 통영시
01,양촌경로당,경상남도,통영시,48220,,경상남도 통영시 용남면 삼화리 681-15,34.88907712,128.4454896,40,경상남도 통영시,055-650-2334,통영경찰서,N,0,8,2026-01-08,5330000,경상남도 통영시
01,용호경로당,경상남도,통영시,48220,경상남도 통영시 광도면 용호1길 16,경상남도 통영시 광도면 용호리 189,34.87369814,128.3935185,30,경상남도 통영시,055-650-2334,통영경찰서,N,0,7,2026-01-08,5330000,경상남도 통영시
01,가오치경로당,경상남도,통영시,48220,,경상남도 통영시 도산면 오륜리 940-2,34.90550801,128.3211062,50,경상남도 통영시,055-650-2334,통영경찰서,Y,2,8,2026-01-08,5330000,경상남도 통영시
01,신봉경로당,경상남도,통영시,48220,경상남도 통영시 산양읍 산양일주로557,경상남도 통영시 산양읍 신전리 324-15,34.79461735,128.4170725,40,경상남도 통영시,055-650-2334,통영경찰서,N,0,8,2026-01-08,5330000,경상남도 통영시
01,오륜경로당,경상남도,통영시,48220,경상남도 통영시 도산면 도산일주로 252,경상남도 통영시 도산면 오륜리 290,34.90379727,128.3431889,50,경상남도 통영시,055-650-2334,통영경찰서,N,0,8,2026-01-08,5330000,경상남도 통영시
1,사2리경로회관,경상북도,청도군,47820,경상북도 청도군 각남면 한재로 1122,경상북도 청도군 각남면 사리 1377-91,35.61195643,128.6599774,40,경상북도 청도군청,054-370-6338,청도경찰서,N,,8.5,2026-01-30,5190000,경상북도 청도군
1,청도군노인복지관,경상북도,청도군,47820,경상북도 청도군 청도읍 한내길 68,경상북도 청도군 청도읍 고수리 3,35.65133666,128.7429202,30,경상북도 청도군청,054-370-6338,청도경찰서,Y,4,6,2026-01-30,5190000,경상북도 청도군
01,대사1리경로당,경상북도,안동시,47170,경상북도 안동시 길안면 대사로 433,경상북도 안동시 길안면 대사리 785-4,36.367099,128.9418412,30,경상북도 안동시,054-840-5425,안동경찰서,N,,6,2026-01-23,5070000,경상북도 안동시
01,명진1리 덕동경로당,경상북도,안동시,47170,경상북도 안동시 일직면 평팔명진길 232,경상북도 안동시 일직면 명진리 179-5,36.429779,128.6461827,30,경상북도 안동시,054-840-5425,안동경찰서,N,,6,2026-01-23,5070000,경상북도 안동시
01,남흥 경로당,경상북도,안동시,47170,경상북도 안동시 와룡면 남흥길 113,경상북도 안동시 와룡면 중가구리 506-5,36.595941,128.7703155,30,경상북도 안동시,054-840-5425,안동경찰서,N,,6,2026-01-23,5070000,경상북도 안동시
01,접실 경로당,경상북도,안동시,47170,경상북도 안동시 남후면 접실길 3,경상북도 안동시 남후면 개곡리 304,36.535156,128.667292,30,경상북도 안동시,054-840-5425,안동경찰서,N,,6,2026-01-23,5070000,경상북도 안동시
01,이상리 경로당,경상북도,안동시,47170,경상북도 안동시 와룡면 솔밭앞길 28,경상북도 안동시 와룡면 이상리 383-1,36.624167,128.7429291,30,경상북도 안동시,054-840-5425,안동경찰서,N,,6,2026-01-23,5070000,경상북도 안동시
01,재품리 경로당,경상북도,안동시,47170,경상북도 안동시 서후면 백현길 416-3,경상북도 안동시 서후면 재품리 398-4,36.642136,128.631787,30,경상북도 안동시,054-840-5425,안동경찰서,N,,6,2026-01-23,5070000,경상북도 안동시
01,만운2리(평지) 경로당,경상북도,안동시,47170,경상북도 안동시 풍산읍 평지길 332,경상북도 안동시 풍산읍 만운리 600-9,36.60761227,128.579653,30,경상북도 안동시,054-840-5425,안동경찰서,N,,6,2026-01-23,5070000,경상북도 안동시
01,매곡1리 경로당,경상북도,안동시,47170,경상북도 안동시 풍산읍 새터1길 7,경상북도 안동시 풍산읍 매곡리 111-1,36.587775,128.561896,30,경상북도 안동시,054-840-5425,안동경찰서,N,,6,2026-01-23,5070000,경상북도 안동시
01,주하2리경로당,경상북도,안동시,47170,경상북도 안동시 와룡면 막골길 6,경상북도 안동시 와룡면 주하리 391-1,36.64985919,128.746134,30,경상북도 안동시,054-840-5425,안동경찰서,N,,6,2026-01-23,5070000,경상북도 안동시
01,주하1리경로당,경상북도,안동시,47170,경상북도 안동시 와룡면 태리금산로 242-5,경상북도 안동시 와룡면 주하리 634,36.6397103,128.7415028,30,경상북도 안동시,054-840-5425,안동경찰서,N,,6,2026-01-23,5070000,경상북도 안동시
01,오천2리경로당,경상북도,안동시,47170,경상북도 안동시 와룡면 퇴계로 1591,경상북도 안동시 와룡면 오천리 413-3,36.67044935,128.7951322,50,경상북도 안동시,054-840-5425,안동경찰서,N,,6,2026-01-23,5070000,경상북도 안동시
01,"정산리(솥우물), 정산2리경로당",경상북도,안동시,47170,경상북도 안동시 예안면 한작길 6,경상북도 안동시 예안면 정산리 815-6,36.665848,128.8750838,30,경상북도 안동시,054-840-5425,안동경찰서,N,,6,2026-01-23,5070000,경상북도 안동시
01,대두서리경로당,경상북도,안동시,47170,경상북도 안동시 서후면 대두서4길 31,경상북도 안동시 서후면 대두서리 398-1,36.618947,128.6187978,30,경상북도 안동시,054-840-5425,안동경찰서,N,,6,2026-01-23,5070000,경상북도 안동시
01,도촌1리경로당,경상북도,안동시,47170,경상북도 안동시 북후면 도장길 72,경상북도 안동시 북후면 도촌리 333-1,36.66140418,128.694476,30,경상북도 안동시,054-840-5425,안동경찰서,N,,6,2026-01-23,5070000,경상북도 안동시
01,도진리경로당,경상북도,안동시,47170,경상북도 안동시 북후면 산약길 269,경상북도 안동시 북후면 도진리 455-1,36.63961304,128.7169068,30,경상북도 안동시,054-840-5425,안동경찰서,N,,6,2026-01-23,5070000,경상북도 안동시
01,안교3리경로당,경상북도,안동시,47170,경상북도 안동시 풍산읍 새역마길 28-3,경상북도 안동시 풍산읍 안교리 801,36.58129928,128.559154,30,경상북도 안동시,054-840-5425,안동경찰서,N,,6,2026-01-23,5070000,경상북도 안동시
01,수2리경로당,경상북도,안동시,47170,경상북도 안동시 풍산읍 수석길 18,경상북도 안동시 풍산읍 수리 173,36.57647897,128.6170483,30,경상북도 안동시,054-840-5425,안동경찰서,N,,6,2026-01-23,5070000,경상북도 안동시
01,괴정리경로당,경상북도,안동시,47170,경상북도 안동시 풍산읍 괴정1길 57,경상북도 안동시 풍산읍 괴정리 548-7,36.594266,128.5351996,30,경상북도 안동시,054-840-5425,안동경찰서,N,,6,2026-01-23,5070000,경상북도 안동시
01,상리1리 경로당,경상북도,안동시,47170,경상북도 안동시 풍산읍 우렁길 22,경상북도 안동시 풍산읍 상리리 475-4,36.57869257,128.5819759,30,경상북도 안동시,054-840-5425,안동경찰서,N,,6,2026-01-23,5070000,경상북도 안동시
01,서삼이 새이전 경로당,경상북도,안동시,47170,경상북도 안동시 녹전면 서삼길 131,경상북도 안동시 녹전면 서삼리 604-5,36.69943986,128.7440924,30,경상북도 안동시,054-840-5425,안동경찰서,N,,6,2026-01-23,5070000,경상북도 안동시
01,쏘두들 경로당,경상북도,안동시,47170,경상북도 안동시 도산면 가송길 102,경상북도 안동시 도산면 가송리 457-5,36.76744495,128.889583,30,경상북도 안동시,054-840-5425,안동경찰서,N,,6,2026-01-23,5070000,경상북도 안동시
01,선양리 경로당,경상북도,안동시,47170,경상북도 안동시 도산면 송내길 228,경상북도 안동시 도산면 선양리 956,36.70130807,128.7891589,30,경상북도 안동시,054-840-5425,안동경찰서,N,,6,2026-01-23,5070000,경상북도 안동시
01,마령3리(한내골)경로당,경상북도,안동시,47170,경상북도 안동시 임동면 마령산해로 259-6,경상북도 안동시 임동면 마령리 606-5,36.59080472,128.9684233,30,경상북도 안동시,054-840-5425,안동경찰서,N,,6,2026-01-23,5070000,경상북도 안동시
01,마령3리(지리실)경로당,경상북도,안동시,47170,경상북도 안동시 임동면 마령산해로 413,경상북도 안동시 임동면 마령리 441-1,36.59886974,128.9807904,30,경상북도 안동시,054-840-5425,안동경찰서,N,,6,2026-01-23,5070000,경상북도 안동시
01,용각리 경로당,경상북도,안동시,47170,경상북도 안동시 일직면 용각길 149,경상북도 안동시 일직면 용각리 247-1,36.45714937,128.6046681,30,경상북도 안동시,054-840-5425,안동경찰서,Y,2,6,2026-01-23,5070000,경상북도 안동시
01,중용각 경로당,경상북도,안동시,47170,경상북도 안동시 일직면 용각길 285,경상북도 안동시 일직면 용각리 658-7,36.45339511,128.5909861,30,경상북도 안동시,054-840-5425,안동경찰서,N,,6,2026-01-23,5070000,경상북도 안동시
01,명계 경로당,경상북도,안동시,47170,경상북도 안동시 와룡면 감애주하길 137,경상북도 안동시 와룡면 감애리 844-7,36.65511917,128.7584323,30,경상북도 안동시,054-840-5425,안동경찰서,N,,6,2026-01-23,5070000,경상북도 안동시
01,죽송리 경로당,경상북도,안동시,47170,경상북도 안동시 녹전면 녹지로 710,경상북도 안동시 녹전면 죽송리 497-5,36.73192345,128.763694,30,경상북도 안동시,054-840-5425,안동경찰서,N,,6,2026-01-23,5070000,경상북도 안동시
01,온혜2리 경로당,경상북도,안동시,47170,경상북도 안동시 도산면 온천로 691,경상북도 안동시 도산면 온혜리 564-2,36.74667446,128.8321674,30,경상북도 안동시,054-840-5425,안동경찰서,Y,2,6,2026-01-23,5070000,경상북도 안동시
01,삼계리(성황)경로당,경상북도,안동시,47170,경상북도 안동시 예안면 성황길 5,경상북도 안동시 예안면 삼계리 656-4,36.70581669,128.9256428,30,경상북도 안동시,054-840-5425,안동경찰서,N,,6,2026-01-23,5070000,경상북도 안동시
01,가송리 경로당,경상북도,안동시,47170,경상북도 안동시 도산면 퇴계로 3236-5,경상북도 안동시 도산면 가송리 735-1,36.77107906,128.870523,30,경상북도 안동시,054-840-5425,안동경찰서,N,,6,2026-01-23,5070000,경상북도 안동시
01,온혜1리 경로당,경상북도,안동시,47170,경상북도 안동시 도산면 퇴계로 2766,경상북도 안동시 도산면 온혜리 183-1,36.76063731,128.8350152,30,경상북도 안동시,054-840-5425,안동경찰서,Y,2,6,2026-01-23,5070000,경상북도 안동시
01,묵계1리 경로당,경상북도,안동시,47170,경상북도 안동시 길안면 묵계중리길 8,경상북도 안동시 길안면 묵계리 721-17,36.41618877,128.9139524,30,경상북도 안동시,054-840-5425,안동경찰서,N,,6,2026-01-23,5070000,경상북도 안동시
01,송사1리(둔전)경로당,경상북도,안동시,47170,경상북도 안동시 길안면 충효로 749-1,경상북도 안동시 길안면 송사리 335-7,36.34570138,128.9251026,30,경상북도 안동시,054-840-5425,안동경찰서,N,,6,2026-01-23,5070000,경상북도 안동시
01,토계리 경로당,경상북도,안동시,47170,경상북도 안동시 도산면 하계길 1-13,경상북도 안동시 도산면 토계리 14-1,36.73168579,128.861444,30,경상북도 안동시,054-840-5425,안동경찰서,N,,6,2026-01-23,5070000,경상북도 안동시
01,녹래리 장래 경로당,경상북도,안동시,47170,경상북도 안동시 녹전면 녹지로 509,경상북도 안동시 녹전면 녹래리 250-1,36.72472632,128.750235,30,경상북도 안동시,054-840-5425,안동경찰서,N,,6,2026-01-23,5070000,경상북도 안동시
01,위1리 경로당,경상북도,안동시,47170,경상북도 안동시 임동면 새마을봉답길 7,경상북도 안동시 임동면 위리 501-3,36.61475245,128.9486014,30,경상북도 안동시,054-840-5425,안동경찰서,N,,6,2026-01-23,5070000,경상북도 안동시
01,신남리 경로당,경상북도,안동시,47170,경상북도 안동시 예안면 농암로 2628,경상북도 안동시 예안면 신남리 535-2,36.73593908,128.9348292,30,경상북도 안동시,054-840-5425,안동경찰서,N,,6,2026-01-23,5070000,경상북도 안동시
01,현하2리 경로당,경상북도,안동시,47170,경상북도 안동시 길안면 산동네길 12,경상북도 안동시 길안면 현하리 606-20,36.43840508,128.8670816,30,경상북도 안동시,054-840-5425,안동경찰서,Y,3,6,2026-01-23,5070000,경상북도 안동시
01,평팔1리 경로당,경상북도,안동시,47170,경상북도 안동시 일직면 월박오랫길 297,경상북도 안동시 일직면 평팔리 415-8,36.43625229,128.622373,30,경상북도 안동시,054-840-5425,안동경찰서,Y,2,6,2026-01-23,5070000,경상북도 안동시
01,가구1리 경로당,경상북도,안동시,47170,경상북도 안동시 와룡면 선돌길 125,경상북도 안동시 와룡면 가구리 597-1,36.61621109,128.7758898,30,경상북도 안동시,054-840-5425,안동경찰서,N,,6,2026-01-23,5070000,경상북도 안동시
01,계평리 경로당,경상북도,안동시,47170,경상북도 안동시 풍산읍 음실길8,경상북도 안동시 풍산읍 계평리 350,36.54803137,128.6511428,30,경상북도 안동시,054-840-5425,안동경찰서,N,,6,2026-01-23,5070000,경상북도 안동시
01,구담1리 경로당,경상북도,안동시,47170,경상북도 안동시 풍천면 동산마루길17,경상북도 안동시 풍천면 구담리 420-2,36.54319533,128.4678029,30,경상북도 안동시,054-840-5425,안동경찰서,N,,6,2026-01-23,5070000,경상북도 안동시
01,인계리 경로당,경상북도,안동시,47170,경상북도 안동시 예안면 농암로 2077,경상북도 안동시 예안면 인계리 392-5,36.6942266,128.9192305,30,경상북도 안동시,054-840-5425,안동경찰서,N,,6,2026-01-23,5070000,경상북도 안동시
01,명진2리 경로당,경상북도,안동시,47170,경상북도 안동시 일직면 평팔명진길312,경상북도 안동시 일직면 명진리 113-4,36.432368,128.6544754,30,경상북도 안동시,054-840-5425,안동경찰서,N,,6,2026-01-23,5070000,경상북도 안동시
01,귀미1리 경로당,경상북도,안동시,47170,경상북도 안동시 일직면 귀미길 2-25,경상북도 안동시 일직면 귀미리 606,36.467296,128.682573,30,경상북도 안동시,054-840-5425,안동경찰서,N,,6,2026-01-23,5070000,경상북도 안동시
01,동부1리 경로당,경상북도,안동시,47170,경상북도 안동시 도산면 퇴계로 2065-2,경상북도 안동시 도산면 동부리 247-2,36.704078,128.816522,30,경상북도 안동시,054-840-5425,안동경찰서,N,,6,2026-01-23,5070000,경상북도 안동시
01,감애2리 경로당,경상북도,안동시,47170,경상북도 안동시 와룡면 와북로 764,경상북도 안동시 와룡면 감애리 623-2,36.666244,128.762167,30,경상북도 안동시,054-840-5425,안동경찰서,N,,6,2026-01-23,5070000,경상북도 안동시
01,주진2리 경로당,경상북도,안동시,47170,경상북도 안동시 예안면 삼산길2-3,경상북도 안동시 예안면 주진리 945-1,36.665846,128.854367,30,경상북도 안동시,054-840-5425,안동경찰서,N,,6,2026-01-23,5070000,경상북도 안동시
01,주계리 경로당,경상북도,안동시,47170,경상북도 안동시 와룡면 농암로 424,경상북도 안동시 와룡면 주계리 537,36.633049,128.800656,30,경상북도 안동시,054-840-5425,안동경찰서,N,,6,2026-01-23,5070000,경상북도 안동시
01,원천2리 경로당,경상북도,안동시,47170,경상북도 안동시 녹전면 예봉로 750,경상북도 안동시 녹전면 원천리 823-46,36.78757269,128.740669,30,경상북도 안동시,054-840-5425,안동경찰서,N,,6,2026-01-23,5070000,경상북도 안동시
01,송천동 포진경로당,경상북도,안동시,47170,경상북도 안동시 경동로 1523,경상북도 안동시 송천동 94-1,36.539317,128.8098149,30,경상북도 안동시,054-840-5425,안동경찰서,N,,6,2026-01-23,5070000,경상북도 안동시
01,마령1리 경로당,경상북도,안동시,47170,경상북도 안동시 임동면 임예로 347,경상북도 안동시 임동면 마령리 산193,36.58365305,128.9366296,30,경상북도 안동시,054-840-5425,안동경찰서,N,,6,2026-01-23,5070000,경상북도 안동시
01,막곡리 복주병원,경상북도,안동시,47170,경상북도 안동시 풍산읍 함백이길 144,경상북도 안동시 풍산읍 막곡리 482,36.5804214,128.667488,30,경상북도 안동시,054-840-5425,안동경찰서,N,,5,2026-01-23,5070000,경상북도 안동시
01,신덕2리 중들경로당,경상북도,안동시,47170,경상북도 안동시 임하면 충효로 3436,경상북도 안동시 임하면 신덕리 959,36.53306089,128.8144743,30,경상북도 안동시,054-840-5425,안동경찰서,N,,6,2026-01-23,5070000,경상북도 안동시
01,원림1리 경로당,경상북도,안동시,47170,경상북도 안동시 남선면 놉실로 114,경상북도 안동시 남선면 원림리 655-1,36.52150012,128.700741,30,경상북도 안동시,054-840-5425,안동경찰서,N,,6,2026-01-23,5070000,경상북도 안동시
01,평팔2리 경로당,경상북도,안동시,47170,경상북도 안동시 일직면 안평일직길 629,경상북도 안동시 일직면 평팔리 162-7,36.429719,128.618075,30,경상북도 안동시,054-840-5425,안동경찰서,N,,6,2026-01-23,5070000,경상북도 안동시
01,망호1리 경로당,경상북도,안동시,47170,경상북도 안동시 일직면 일직점곡로 24,경상북도 안동시 일직면 망호리 673-2,36.46490827,128.665622,30,경상북도 안동시,054-840-5425,안동경찰서,Y,1,6,2026-01-23,5070000,경상북도 안동시
01,도양1리 경로당,경상북도,안동시,47170,경상북도 안동시 풍천면 지풍로 1370,경상북도 안동시 풍천면 도양리 229-5,36.55496278,128.4951382,30,경상북도 안동시,054-840-5425,안동경찰서,N,,6,2026-01-23,5070000,경상북도 안동시
01,저전리 경로당,경상북도,안동시,47170,경상북도 안동시 서후면 북평로333-11,경상북도 안동시 서후면 저전리 548-10,36.639714,128.696042,30,경상북도 안동시,054-840-5425,안동경찰서,N,,6,2026-01-23,5070000,경상북도 안동시
01,신전1리 경로당,경상북도,안동시,47170,경상북도 안동시 북후면 산북로 729,경상북도 안동시 북후면 신전리 418-2,36.671532,128.635433,30,경상북도 안동시,054-840-5425,안동경찰서,N,,6,2026-01-23,5070000,경상북도 안동시
01,두산리 경로당,경상북도,안동시,47170,경상북도 안동시 북후면 하양지길 2,경상북도 안동시 북후면 두산리 656-6,36.691053,128.675665,30,경상북도 안동시,054-840-5425,안동경찰서,N,,6,2026-01-23,5070000,경상북도 안동시
01,연곡2리 경로당,경상북도,안동시,47170,경상북도 안동시 북후면 와북로 365,경상북도 안동시 북후면 연곡리 417-5,36.664954,128.7321079,30,경상북도 안동시,054-840-5425,안동경찰서,Y,3,6,2026-01-23,5070000,경상북도 안동시
01,옹천1리 경로당,경상북도,안동시,47170,경상북도 안동시 북후면 북평로 911,경상북도 안동시 북후면 옹천리 585-10,36.687885,128.703779,30,경상북도 안동시,054-840-5425,안동경찰서,N,,6,2026-01-23,5070000,경상북도 안동시
01,감애1리 경로당,경상북도,안동시,47170,경상북도 안동시 와룡면 퇴계로 1365,경상북도 안동시 와룡면 감애리 276-6,36.660401,128.7737147,30,경상북도 안동시,054-840-5425,안동경찰서,N,,6,2026-01-23,5070000,경상북도 안동시
01,이하2리 경로당,경상북도,안동시,47170,경상북도 안동시 와룡면 이하오산로 128,경상북도 안동시 와룡면 이하리 826-1,36.61752933,128.7191146,30,경상북도 안동시,054-840-5425,안동경찰서,Y,4,6,2026-01-23,5070000,경상북도 안동시
01,이하1리 경로당,경상북도,안동시,47170,경상북도 안동시 와룡면 아름마을길 56,경상북도 안동시 와룡면 이하리 377,36.61182718,128.738135,30,경상북도 안동시,054-840-5425,안동경찰서,N,,6,2026-01-23,5070000,경상북도 안동시
01,수1리 경로당,경상북도,안동시,47170,경상북도 안동시 풍산읍 풍산태사로 1458,경상북도 안동시 풍산읍 수리 436,36.57735921,128.6102457,30,경상북도 안동시,054-840-5425,안동경찰서,N,,6,2026-01-23,5070000,경상북도 안동시
01,경북도립 안동노인전문병원,경상북도,안동시,47170,경상북도 안동시 남후면 남일로 1463,경상북도 안동시 남후면 무릉리 363-2,36.52369297,128.689432,30,경상북도 안동시,054-840-5425,안동경찰서,N,,6,2026-01-23,5070000,경상북도 안동시
1,인덕어울림 복지회관,경상북도,포항시,47111,경상북도 포항시 남구 인덕로 52,,35.98999409,129.397619,30,경상북도 포항시,054-270-3634,포항남부경찰서,N,,,2026-02-19,5020000,경상북도 포항시
1,방산2리 마을회관,경상북도,포항시,47111,경상북도 포항시 남구 장기면 방산로 599,,35.91597448,129.455205,30,경상북도 포항시,054-270-3634,포항남부경찰서,N,,,2026-02-19,5020000,경상북도 포항시
1,성법리 경로당,경상북도,포항시,47113,경상북도 포항시 북구 기북면 기북로1081번길 1,,36.17678855,129.1971376,30,경상북도 포항시,054-270-3634,포항북부경찰서,N,,,2026-02-19,5020000,경상북도 포항시
1,창포종합사회복지관,경상북도,포항시,47113,경상북도 포항시 북구 새천년대로1075번길 10,,36.06691068,129.3707312,30,경상북도 포항시,054-270-3634,포항북부경찰서,N,,,2026-02-19,5020000,경상북도 포항시
1,장길리 경로당,경상북도,포항시,47111,경상북도 포항시 남구 구룡포읍 동해안로4363번길 4,,35.95326507,129.544204,30,경상북도 포항시,054-270-3634,포항남부경찰서,N,,,2026-02-19,5020000,경상북도 포항시
1,은빛빌리지,경상북도,포항시,47113,경상북도 포항시 북구 새천년대로 1001번길 2-7,,36.05907106,129.3694953,30,경상북도 포항시,054-270-3634,포항북부경찰서,N,,,2026-02-19,5020000,경상북도 포항시
1,유락원(요양원),경상북도,포항시,47111,경상북도 포항시 남구 장기면 산서길 54,,35.89125897,129.4656017,30,경상북도 포항시,054-270-3634,포항남부경찰서,N,,,2026-02-19,5020000,경상북도 포항시
1,율산리 마을회관,경상북도,포항시,47113,경상북도 포항시 북구 기북면 율산북길 76,,36.13110248,129.1782638,30,경상북도 포항시,054-270-3634,포항북부경찰서,N,,,2026-02-19,5020000,경상북도 포항시
1,상옥리 마을회관,경상북도,포항시,47113,경상북도 포항시 북구 죽장면 죽장로 1648,,36.23412839,129.2093852,30,경상북도 포항시,054-270-3634,포항북부경찰서,N,,,2026-02-19,5020000,경상북도 포항시
1,지동리 마을회관,경상북도,포항시,47113,경상북도 포항시 북구 죽장면 포은로 2645번길 10-17,,36.12304115,129.0811695,30,경상북도 포항시,054-270-3634,포항북부경찰서,N,,,2026-02-19,5020000,경상북도 포항시
1,자가리 마을회관,경상북도,포항시,47113,경상북도 포항시 북구 기계면 기계로 523,,36.08873403,129.1666905,30,경상북도 포항시,054-270-3634,포항북부경찰서,N,,,2026-02-19,5020000,경상북도 포항시
1,항사리 경로당,경상북도,포항시,47113,경상북도 포항시 남구 오천읍 오어로 153,,35.92949543,129.3834803,30,경상북도 포항시,054-270-3634,포항남부경찰서,N,,,2026-02-19,5020000,경상북도 포항시
1,용두리 경로당,경상북도,포항시,47113,경상북도 포항시 북구 청하면 해안로 2260,,36.19485015,129.372711,30,경상북도 포항시,054-270-3634,포항북부경찰서,N,,,2026-02-19,5020000,경상북도 포항시
1,서정리 경로당,경상북도,포항시,47113,경상북도 포항시 북구 청하면 비학로 1785번길 7,,36.19103107,129.3111033,30,경상북도 포항시,054-270-3634,포항북부경찰서,N,,,2026-02-19,5020000,경상북도 포항시
1,만석리 경로당,경상북도,포항시,47113,경상북도 포항시 북구 신광면 비학로 1247,,36.16058468,129.2757371,30,경상북도 포항시,054-270-3634,포항북부경찰서,N,,,2026-02-19,5020000,경상북도 포항시
1,냉수리 경로당,경상북도,포항시,47113,경상북도 포항시 북구 신광면 비학로 434,,36.09324797,129.2526811,30,경상북도 포항시,054-270-3634,포항북부경찰서,N,,,2026-02-19,5020000,경상북도 포항시
1,광천1리 경로당,경상북도,포항시,47113,경상북도 포항시 북구 송라면 보경로 196,,36.23285906,129.3433184,30,경상북도 포항시,054-270-3634,포항북부경찰서,N,,,2026-02-19,5020000,경상북도 포항시
1,북송리 경로당,경상북도,포항시,47113,경상북도 포항시 북구 흥해읍 신흥로 725,,36.1126964,129.3221227,30,경상북도 포항시,054-270-3634,포항북부경찰서,N,,,2026-02-19,5020000,경상북도 포항시
1,계원리 경로당,경상북도,포항시,47111,경상북도 포항시 남구 장기면 동해안로 2956번길 6,,35.85955851,129.5257293,30,경상북도 포항시,054-270-3634,포항남부경찰서,N,,,2026-02-19,5020000,경상북도 포항시
1,진천리 경로당,경상북도,포항시,47111,경상북도 포항시 남구 오천읍 기림로 1277번길 10,,35.88434206,129.3993688,30,경상북도 포항시,054-270-3634,포항남부경찰서,N,,,2026-02-19,5020000,경상북도 포항시
1,용산2리 경로당,경상북도,포항시,47111,경상북도 포항시 남구 오천읍 정몽주로 258-6,,35.94323673,129.407854,30,경상북도 포항시,054-270-3634,포항남부경찰서,N,,,2026-02-19,5020000,경상북도 포항시
1,용산1리 경로당,경상북도,포항시,47111,경상북도 포항시 남구 오천읍 기림로 1978-8,,35.93693628,129.4036156,30,경상북도 포항시,054-270-3634,포항남부경찰서,N,,,2026-02-19,5020000,경상북도 포항시
1,갈평리 경로당,경상북도,포항시,47111,경상북도 포항시 남구 오천읍 기림로 1746번길 26-2,,35.91968777,129.4025287,30,경상북도 포항시,054-270-3634,포항남부경찰서,N,,,2026-02-19,5020000,경상북도 포항시
1,포항시 노인복지회관,경상북도,포항시,47113,경상북도 포항시 북구 삼호로 355,,36.0674964,129.3875815,30,경상북도 포항시,054-270-3634,포항북부경찰서,Y,,,2026-02-19,5020000,경상북도 포항시
1,학계노인전문요양원,경상북도,포항시,47111,경상북도 포항시 남구 장기면 학삼길 127,,35.92879583,129.4998881,30,경상북도 포항시,054-270-3634,포항남부경찰서,N,,,2026-02-19,5020000,경상북도 포항시
1,전남제일요양병원,전라남도,화순군,49000,전라남도 화순군 화순읍 덕음로 999,전라남도 화순군 화순읍 삼천리 378,35.0491332,126.9850049,30,전라남도 화순군,061-379-3753,화순경찰서,N,,,2026-01-20,4900000,전라남도 화순군
1,하나노인복지센터,전라남도,화순군,49000,전라남도 화순군 동면 충의로 698,전라남도 화순군 동면 장동리 841-1,35.02731104,127.0333869,30,전라남도 화순군,061-379-3753,화순경찰서,N,,,2026-01-20,4900000,전라남도 화순군
1,은빛소망요양원,전라남도,화순군,49000,전라남도 화순군 도곡면 지강로 183,전라남도 화순군 도곡면 천암리 696-29,35.014469,126.9124957,30,전라남도 화순군,061-379-3753,화순경찰서,N,,,2026-01-20,4900000,전라남도 화순군
1,나드리노인복지관,전라남도,화순군,49000,전라남도 화순군 화순읍 학포로 2642,전라남도 화순군 화순읍 강정리 139,35.0460317,126.9681031,30,전라남도 화순군,061-379-3753,화순경찰서,N,,,2026-01-20,4900000,전라남도 화순군
1,나주중부노인복지관,전라남도,나주시,46170,전라남도 나주시 금성길 74,전라남도 나주시 성북동 66,35.03547302,126.717422,30,전라남도 나주시청,061-339-8843,나주경찰서,Y,3,,2026-02-06,4830000,전라남도 나주시
1,나주시노인복지관,전라남도,나주시,46170,전라남도 나주시 예향로 3874,전라남도 나주시 영산동 155-2,34.99997592,126.7139481,50,전라남도 나주시청,061-339-8843,나주경찰서,Y,1,,2026-02-06,4830000,전라남도 나주시
1,무주종합복지관,전북특별자치도,무주군,52730,전북특별자치도 무주군 무주읍 한풍루로 425,전북특별자치도 무주군 무주읍 당산리 623,36.00554853,127.672367,30,전북특별자치도 무주군청,063-320-2364,무주경찰서,Y,2,6,2026-01-14,4741000,전북특별자치도 무주군
1,진안군의료원,전북특별자치도,진안군,52720,전북특별자치도 진안군 진안읍 진무로 1145,전북특별자치도 진안군 진안읍 군상리 90-144,35.79523425,127.4316375,30,전북특별자치도 진안군청,063-430-2354,진안경찰서,Y,2,12,2026-01-28,4731000,전북특별자치도 진안군
1,진안복합노인복지타운,전북특별자치도,진안군,52720,전북특별자치도 진안군 진안읍 마이산로 76,전북특별자치도 진안군 진안읍 군하리 353-3,35.78059802,127.418527,40,전북특별자치도 진안군청,063-430-2354,진안경찰서,Y,4,14,2026-01-28,4731000,전북특별자치도 진안군
1,하늘향,전북특별자치도,정읍시,45180,전북특별자치도 정읍시 신태인읍 정신로 1204,전북특별자치도 정읍시 신태인읍 신태인리 546-3,35.6917064,126.8830564,30,전북특별자치도 정읍시,063-570-5943,정읍경찰서,Y,2,6~8,2026-01-23,4691000,전북특별자치도 정읍시
1,둥지원,전북특별자치도,정읍시,45180,전북특별자치도 정읍시 신태인읍 표천길 14,전북특별자치도 정읍시 신태인읍 신태인리 422,35.69234358,126.8885768,30,전북특별자치도 정읍시,063-570-5943,정읍경찰서,Y,3,6,2026-01-23,4691000,전북특별자치도 정읍시
1,온누리행복한집,전북특별자치도,정읍시,45180,전북특별자치도 정읍시 입암면 정읍남로 493,전북특별자치도 정읍시 입암면 천원리 82-1,35.5040963,126.7932606,30,전북특별자치도 정읍시,063-570-5943,정읍경찰서,Y,2,6,2026-01-23,4691000,전북특별자치도 정읍시
1,크로바실버빌,전북특별자치도,정읍시,45180,전북특별자치도 정읍시 입암면 정읍남로 643,전북특별자치도 정읍시 입암면 단곡리 191-8,35.516747,126.7983213,30,전북특별자치도 정읍시,063-570-5943,정읍경찰서,Y,2,6,2026-01-23,4691000,전북특별자치도 정읍시
1,북부노인복지관,전북특별자치도,정읍시,45180,전북특별자치도 정읍시 신태인읍 신태인중앙로 40,전북특별자치도 정읍시 신태인읍 신태인리 66-2,35.6890005,126.8894918,30,전북특별자치도 정읍시,063-570-5943,정읍경찰서,Y,2,8~12,2026-01-23,4691000,전북특별자치도 정읍시
1,정읍시 노인복직관,전북특별자치도,정읍시,45180,전북특별자치도 정읍시 금붕1길 212,전북특별자치도 정읍시 금붕동 949-10,35.55378517,126.8931931,30,전북특별자치도 정읍시,063-570-5943,정읍경찰서,Y,5,6,2026-01-23,4691000,전북특별자치도 정읍시
1,영창경로당,전북특별자치도,군산시,45130,전북특별자치도 군산시 임피면 탑천로 488,전북특별자치도 군산시 임피면 영창리 833-3,35.97220887,126.876701,30,전북특별자치도 군산시청,063-454-3812,군산경찰서,N,0,8,2026-01-28,4671000,전북특별자치도 군산시
1,미원경로당,전북특별자치도,군산시,45130,전북특별자치도 군산시 풍남길 60-1,전북특별자치도 군산시 미원동 302,35.97885713,126.7166688,30,전북특별자치도 군산시청,063-454-3812,군산경찰서,N,0,6,2026-01-28,4671000,전북특별자치도 군산시
1,오곡경로당,전북특별자치도,군산시,45130,전북특별자치도 군산시 옥구읍 오곡길 2,전북특별자치도 군산시 옥구읍 오곡리 116-4,35.917942,126.689595,30,전북특별자치도 군산시청,063-454-3812,군산경찰서,N,0,6,2026-01-28,4671000,전북특별자치도 군산시
1,구)화물역사거리,전북특별자치도,군산시,45130,전북특별자치도 군산시 중앙로 71,전북특별자치도 군산시 대명동 198,35.98033312,126.719139,30,전북특별자치도 군산시청,063-454-3812,군산경찰서,Y,2,18,2026-01-28,4671000,전북특별자치도 군산시
1,명산시장,전북특별자치도,군산시,45130,전북특별자치도 군산시 금광길 20,전북특별자치도 군산시 명산동 19-10,35.98288197,126.7090414,30,전북특별자치도 군산시청,063-454-3812,군산경찰서,N,0,6,2026-01-28,4671000,전북특별자치도 군산시
1,참사랑요양병원,전북특별자치도,군산시,45130,전북특별자치도 군산시 조촌로 21,전북특별자치도 군산시 조촌동 896,35.96595033,126.7374615,30,전북특별자치도 군산시청,063-454-3812,군산경찰서,N,0,6,2026-01-28,4671000,전북특별자치도 군산시
1,흥남경로당,전북특별자치도,군산시,45130,전북특별자치도 군산시 월명로 354-21,전북특별자치도 군산시 서흥남동 843-18,35.975933,126.7163625,30,전북특별자치도 군산시청,063-454-3812,군산경찰서,N,0,6,2026-01-28,4671000,전북특별자치도 군산시
1,늘사랑재가노인복지센터,전북특별자치도,군산시,45130,전북특별자치도 군산시 나운우회로 131-1,전북특별자치도 군산시 나운동 774-7,35.97053023,126.6926384,30,전북특별자치도 군산시청,063-454-3812,군산경찰서,N,0,6,2026-01-28,4671000,전북특별자치도 군산시
1,선양경로당,전북특별자치도,군산시,45130,전북특별자치도 군산시 아리랑로 36,전북특별자치도 군산시 선양동 208-1,35.982373,126.7131992,30,전북특별자치도 군산시청,063-454-3812,군산경찰서,N,0,6,2026-01-28,4671000,전북특별자치도 군산시
1,금강노인복지회관,전북특별자치도,군산시,45130,전북특별자치도 군산시 백릉로 245,전북특별자치도 군산시 구암동 307-4,35.9804859,126.7504368,30,전북특별자치도 군산시청,063-454-3812,군산경찰서,N,0,6,2026-01-28,4671000,전북특별자치도 군산시
1,서해경로당,전북특별자치도,군산시,45130,전북특별자치도 군산시 효자길 2,전북특별자치도 군산시 삼학동 786-13,35.9784413,126.7104742,30,전북특별자치도 군산시청,063-454-3812,군산경찰서,N,0,6,2026-01-28,4671000,전북특별자치도 군산시
1,문화경로당,전북특별자치도,군산시,45130,전북특별자치도 군산시 서흥안2길 40,전북특별자치도 군산시 문화동 902-8,35.9732865,126.707999,30,전북특별자치도 군산시청,063-454-3812,군산경찰서,N,0,6,2026-01-28,4671000,전북특별자치도 군산시
1,노인종합복지회관,전북특별자치도,군산시,45130,전북특별자치도 군산시 둔배미길 29,전북특별자치도 군산시 중앙로2가 140-8,35.9829343,126.7158319,30,전북특별자치도 군산시청,063-454-3812,군산경찰서,N,0,6,2026-01-28,4671000,전북특별자치도 군산시
1,금암1리 노인회관,충청남도,부여군,45700,충청남도 부여군 규암면 서궁로169번길 4,충청남도 부여군 규암면 금암리 298-1,36.319341217,126.895511,30,충청남도 부여군청,041-830-2358,부여경찰서,N,,,2026-02-02,4570000,충청남도 부여군
1,칠산3리 노인회관,충청남도,부여군,45700,충청남도 부여군 임천면 부흥로103번길 36,충청남도 부여군 임천면 칠산리 839-2,36.1639733,126.9043827,30,충청남도 부여군청,041-830-2358,부여경찰서,N,,,2026-02-02,4570000,충청남도 부여군
1,진호2리 노인회관,충청남도,부여군,45700,충청남도 부여군 초촌면 마름로 31,충청남도 부여군 초촌면 진호리 401-7,36.282815,127.036255,30,충청남도 부여군청,041-830-2358,부여경찰서,N,,,2026-02-02,4570000,충청남도 부여군
1,수고3리 노인회관,충청남도,부여군,45700,충청남도 부여군 세도면 사동로 252,충청남도 부여군 세도면 수고리 731-5,36.197006,126.9243972023,30,충청남도 부여군청,041-830-2358,부여경찰서,N,,,2026-02-02,4570000,충청남도 부여군
1,증산1리 노인회관,충청남도,부여군,45700,충청남도 부여군 석성면 종북로 112,충청남도 부여군 석성면 증산리 1092-3,36.2386129918,127.0017436617,30,충청남도 부여군청,041-830-2358,부여경찰서,N,,,2026-02-02,4570000,충청남도 부여군
1,비당3리 경로당,충청남도,부여군,45700,충청남도 부여군 석성면 비당로375번길 38,충청남도 부여군 석성면 비당리 288,36.23645926,127.0171672,30,충청남도 부여군청,041-830-2358,부여경찰서,N,,,2026-02-02,4570000,충청남도 부여군
1,수원2리 마을회관,충청남도,부여군,45700,충청남도 부여군 양화면 양화서로 606,충청남도 부여군 양화면 수원리 474-9,36.10173732,126.8447389,30,충청남도 부여군청,041-830-2358,부여경찰서,N,,,2026-02-02,4570000,충청남도 부여군
1,"원당리(1,2,3) 노인회관",충청남도,부여군,45700,충청남도 부여군 양화면 양화동로 431,충청남도 부여군 양화면 원당리 352-5,36.12275927,126.8615879,30,충청남도 부여군청,041-830-2358,부여경찰서,N,,,2026-02-02,4570000,충청남도 부여군
1,갈산2리 노인회관,충청남도,부여군,45700,충청남도 부여군 외산면 성충로81번길 9,충청남도 부여군 외산면 갈산리 324-8,36.29672469,126.7120077,30,충청남도 부여군청,041-830-2358,부여경찰서,N,,,2026-02-02,4570000,충청남도 부여군
1,내성2리 마을회관,충청남도,부여군,45700,충청남도 부여군 양화면 양화동로278번길 1,충청남도 부여군 양화면 내성리 284-1,36.11068821,126.866696,30,충청남도 부여군청,041-830-2358,부여경찰서,N,,,2026-02-02,4570000,충청남도 부여군
1,부여장수요양원,충청남도,부여군,45700,충청남도 부여군 홍산면 조현로43번길 1,충청남도 부여군 홍산면 조현리 379-1,36.22647883,126.7862815,30,충청남도 부여군청,041-830-2358,부여경찰서,N,,,2026-02-02,4570000,충청남도 부여군
1,오번1리 노인회관,충청남도,부여군,45700,충청남도 부여군 은산면 은북로160번길 3,충청남도 부여군 은산면 오번리 384,36.3342364,126.813333,30,충청남도 부여군청,041-830-2358,부여경찰서,N,,,2026-02-02,4570000,충청남도 부여군
1,거전리 마을회관,충청남도,부여군,45700,충청남도 부여군 은산면 지천로 539-3,충청남도 부여군 은산면 거전리 58-1,36.36079412,126.8427963,30,충청남도 부여군청,041-830-2358,부여경찰서,N,,,2026-02-02,4570000,충청남도 부여군
1,청송3리 노인회관,충청남도,부여군,45700,충청남도 부여군 세도면 세도로120번길1,충청남도 부여군 세도면 청송리 532-30,36.1795112,126.947928,30,충청남도 부여군청,041-830-2358,부여경찰서,N,,,2026-02-02,4570000,충청남도 부여군
1,금사리 노인회관,충청남도,부여군,45700,충청남도 부여군 구룡면 성충로1342번길 19-3,충청남도 부여군 구룡면 금사리 332,36.24968327,126.7989603,30,충청남도 부여군청,041-830-2358,부여경찰서,N,,,2026-02-02,4570000,충청남도 부여군
1,가탑2리 노인회관,충청남도,부여군,45700,충청남도 부여군 부여읍 가탑로 91,충청남도 부여군 부여읍 가탑리 230,36.27656825,126.9320504,30,충청남도 부여군청,041-830-2358,부여경찰서,N,,,2026-02-02,4570000,충청남도 부여군
1,수신2리 노인회관,충청남도,부여군,45700,충청남도 부여군 외산면 만수로 955번길 14,충청남도 부여군 외산면 수신리 317-1,36.35750201,126.7315321,30,충청남도 부여군청,041-830-2358,부여경찰서,N,,,2026-02-02,4570000,충청남도 부여군
1,마정2리 노인회관,충청남도,부여군,45700,충청남도 부여군 남면 마정로 96,충청남도 부여군 남면 마정리 225-2,36.22028115,126.8487761,30,충청남도 부여군청,041-830-2358,부여경찰서,N,,,2026-02-02,4570000,충청남도 부여군
1,마정1리 노인회관,충청남도,부여군,45700,충청남도 부여군 남면 마정로 164,충청남도 부여군 남면 마정리 72-1,36.225689,126.8523334,30,충청남도 부여군청,041-830-2358,부여경찰서,N,,,2026-02-02,4570000,충청남도 부여군
1,석동3리 노인회관,충청남도,부여군,45700,충청남도 부여군 장암면 의자로돌모루2길 34,충청남도 부여군 장암면 석동리 288,36.24892143,126.8895223,30,충청남도 부여군청,041-830-2358,부여경찰서,N,,,2026-02-02,4570000,충청남도 부여군
1,부여효요양원,충청남도,부여군,45700,충청남도 부여군 석성면 왕릉로 773,충청남도 부여군 석성면 증산리 723-8,36.24868139,127.007619,30,충청남도 부여군청,041-830-2358,부여경찰서,N,,,2026-02-02,4570000,충청남도 부여군
1,점상1리 노인회관,충청남도,부여군,45700,충청남도 부여군 장암면 남성로 875,충청남도 부여군 장암면 점상리 353-1,36.21357061,126.8532517,30,충청남도 부여군청,041-830-2358,부여경찰서,N,,,2026-02-02,4570000,충청남도 부여군
1,오번2리 경로회관,충청남도,부여군,45700,충청남도 부여군 은산면 은북로 64번길 3,충청남도 부여군 은산면 오번리 68,36.33196125,126.8230954,30,충청남도 부여군청,041-830-2358,부여경찰서,N,,,2026-02-02,4570000,충청남도 부여군
1,부여가림요양원,충청남도,부여군,45700,충청남도 부여군 임천면 충절로 698,충청남도 부여군 임천면 비정리 72-1,36.14991177,126.8948752,30,충청남도 부여군청,041-830-2358,부여경찰서,N,,,2026-02-02,4570000,충청남도 부여군
1,운치3리 노인회관,충청남도,부여군,45700,충청남도 부여군 내산면 서운로20번길 3,충청남도 부여군 내산면 운치리 593-1,36.27127454,126.7813201,30,충청남도 부여군청,041-830-2358,부여경찰서,N,,,2026-02-02,4570000,충청남도 부여군
1,수목리 노인회관,충청남도,부여군,45700,충청남도 부여군 규암면 호반로 1번길 61,충청남도 부여군 규암면 수목리 199-1,36.27752653,126.8410745,30,충청남도 부여군청,041-830-2358,부여경찰서,N,,,2026-02-02,4570000,충청남도 부여군
1,점4리 노인회관,충청남도,부여군,45700,충청남도 부여군 임천면 위덕로 97번길 3,충청남도 부여군 임천면 점리 187,36.21309594,126.8942486,30,충청남도 부여군청,041-830-2358,부여경찰서,N,,,2026-02-02,4570000,충청남도 부여군
1,외3리 노인회관,충청남도,부여군,45700,충청남도 부여군 규암면 딴펄로 24번길 6-2,충청남도 부여군 규암면 외리 39-22,36.25868359,126.8900653,30,충청남도 부여군청,041-830-2358,부여경찰서,N,,,2026-02-02,4570000,충청남도 부여군
1,홍산2리 노인회관,충청남도,부여군,45700,충청남도 부여군 은산면 충절로 홍산3길 6,충청남도 부여군 은산면 홍산리 258,36.32360798,126.836364,30,충청남도 부여군청,041-830-2358,부여경찰서,N,,,2026-02-02,4570000,충청남도 부여군
1,회동1리 노인회관,충청남도,부여군,45700,충청남도 부여군 남면 남성로 426번길 9,충청남도 부여군 남면 회동리 344,36.21235813,126.8069124,30,충청남도 부여군청,041-830-2358,부여경찰서,Y,1,,2026-02-02,4570000,충청남도 부여군
1,시음1리 노인회관,충청남도,부여군,45700,충청남도 부여군 양화면 양화서로 276,충청남도 부여군 양화면 상촌리 211-2,36.07684233,126.8537896,30,충청남도 부여군청,041-830-2358,부여경찰서,N,,,2026-02-02,4570000,충청남도 부여군
1,수원1리 노인회관,충청남도,부여군,45700,충청남도 부여군 양화면 양화서로 747,충청남도 부여군 양화면 수원리 189-1,36.11392807,126.8458532,30,충청남도 부여군청,041-830-2358,부여경찰서,N,,,2026-02-02,4570000,충청남도 부여군
1,간대3리 노인회관,충청남도,부여군,45700,충청남도 부여군 세도면 세도중앙로 25-6,충청남도 부여군 세도면 간대리 135-28,36.16987915,126.9460064,30,충청남도 부여군청,041-830-2358,부여경찰서,Y,1,,2026-02-02,4570000,충청남도 부여군
1,가신3리 노인회관,충청남도,부여군,45700,충청남도 부여군 임천면 팔충로 1222,충청남도 부여군 임천면 가신리 298-4,36.16638068,126.8615055,30,충청남도 부여군청,041-830-2358,부여경찰서,N,,,2026-02-02,4570000,충청남도 부여군
1,석성4리 노인회관,충청남도,부여군,45700,충청남도 부여군 석성면 석성북로 21-5,충청남도 부여군 석성면 석성리 561,36.22597675,126.990602,30,충청남도 부여군청,041-830-2358,부여경찰서,N,,,2026-02-02,4570000,충청남도 부여군
1,수신1리 노인회관,충청남도,부여군,45700,충청남도 부여군 외산면 만수로신근남길 22,충청남도 부여군 외산면 수신리 114-1,36.36257987,126.737701,30,충청남도 부여군청,041-830-2358,부여경찰서,N,,,2026-02-02,4570000,충청남도 부여군
1,상황리 노인회관,충청남도,부여군,45700,충청남도 부여군 장암면 위덕로 527번길 66,충청남도 부여군 장암면 상황리 156,36.22350207,126.9365022,30,충청남도 부여군청,041-830-2358,부여경찰서,N,,,2026-02-02,4570000,충청남도 부여군
1,회동3리 노인회관,충청남도,부여군,45700,충청남도 부여군 남면 희망로 110,충청남도 부여군 남면 회동리 169-1,36.2025755,126.8057936,30,충청남도 부여군청,041-830-2358,부여경찰서,N,,,2026-02-02,4570000,충청남도 부여군
1,복금3리 노인회관,충청남도,부여군,45700,충청남도 부여군 충화면 가림로 320,충청남도 부여군 충화면 복금리 57-7,36.18246809,126.8565045,30,충청남도 부여군청,041-830-2358,부여경찰서,N,,,2026-02-02,4570000,충청남도 부여군
1,내성1리 노인회관,충청남도,부여군,45700,충청남도 부여군 양화면 내성로 4,충청남도 부여군 양화면 내성리 128-6,36.10603345,126.8653234,30,충청남도 부여군청,041-830-2358,부여경찰서,N,,,2026-02-02,4570000,충청남도 부여군
1,노화1리 노인회관,충청남도,부여군,45700,충청남도 부여군 규암면 흥수로 529번길 19-1,충청남도 부여군 규암면 노화리 428-4,36.26227348,126.8420161,30,충청남도 부여군청,041-830-2358,부여경찰서,N,,,2026-02-02,4570000,충청남도 부여군
1,합곡1리 노인회관,충청남도,부여군,45700,충청남도 부여군 장암면 충절로 1720,충청남도 부여군 장암면 합곡리 304-1,36.23008756,126.8706191,30,충청남도 부여군청,041-830-2358,부여경찰서,N,,,2026-02-02,4570000,충청남도 부여군
1,정각리 노인회관,충청남도,부여군,45700,충청남도 부여군 석성면 왕릉로 493,충청남도 부여군 석성면 정각리 40-1,36.26477124,126.9855947,30,충청남도 부여군청,041-830-2358,부여경찰서,N,,,2026-02-02,4570000,충청남도 부여군
1,간대1리 노인회관,충청남도,부여군,45700,충청남도 부여군 세도면 부흥로 545,충청남도 부여군 세도면 간대리 385-15,36.16620389,126.9407852,30,충청남도 부여군청,041-830-2358,부여경찰서,N,,,2026-02-02,4570000,충청남도 부여군
1,청포2리 노인회관,충청남도,부여군,45700,충청남도 부여군 세도면 부흥로750번길 9,충청남도 부여군 세도면 청포리 545-15,36.16614724,126.9619586,30,충청남도 부여군청,041-830-2358,부여경찰서,N,,,2026-02-02,4570000,충청남도 부여군
1,지토2리 노인회관,충청남도,부여군,45700,충청남도 부여군 장암면 위덕로 309,충청남도 부여군 장암면 지토리 109-4,36.21855681,126.9122424,30,충청남도 부여군청,041-830-2358,부여경찰서,N,,,2026-02-02,4570000,충청남도 부여군
1,지토1리 노인회관,충청남도,부여군,45700,충청남도 부여군 장암면 위덕로성북2길 12,충청남도 부여군 장암면 지토리 917-1,36.21349938,126.9063287,30,충청남도 부여군청,041-830-2358,부여경찰서,N,,,2026-02-02,4570000,충청남도 부여군
1,칠산2리 노인회관,충청남도,부여군,45700,충청남도 부여군 임천면 부흥로 221,충청남도 부여군 임천면 칠산리 200-1,36.15949113,126.9130103,30,충청남도 부여군청,041-830-2358,부여경찰서,Y,1,,2026-02-02,4570000,충청남도 부여군
1,벽룡1리 노인회관,충청남도,부여군,45700,충청남도 부여군 양화면 양화북로 2,충청남도 부여군 양화면 벽용리 354-4,36.1208929,126.8436691,30,충청남도 부여군청,041-830-2358,부여경찰서,N,,,2026-02-02,4570000,충청남도 부여군
1,옥산 노인회관,충청남도,부여군,45700,충청남도 부여군 외산면 만수로 559,충청남도 부여군 외산면 전장리 산21-1,36.32516144,126.7239205,30,충청남도 부여군청,041-830-2358,부여경찰서,N,,,2026-02-02,4570000,충청남도 부여군
1,반산1리 노인회관,충청남도,부여군,45700,충청남도 부여군 규암면 충절로2350번길 12,충청남도 부여군 규암면 반산리 116-5,36.27783957,126.8781226,30,충청남도 부여군청,041-830-2358,부여경찰서,N,,,2026-02-02,4570000,충청남도 부여군
1,군수1리 노인회관,충청남도,부여군,45700,충청남도 부여군 부여읍 성왕로35번길 11,충청남도 부여군 부여읍 군수리 180-4,36.26951181,126.9044674,30,충청남도 부여군청,041-830-2358,부여경찰서,Y,1,,2026-02-02,4570000,충청남도 부여군
1,산직1리 경로회관,충청남도,부여군,45700,충청남도 부여군 초촌면 선사로335번길 2,충청남도 부여군 초촌면 산직리 347-4,36.2575618,127.0446227,30,충청남도 부여군청,041-830-2358,부여경찰서,N,,,2026-02-02,4570000,충청남도 부여군
1,현내3리 경로회관,충청남도,부여군,45700,충청남도 부여군 석성면 금백로403번길 26,충청남도 부여군 석성면 현내리 398-8,36.24416469,126.9925151,30,충청남도 부여군청,041-830-2358,부여경찰서,N,,,2026-02-02,4570000,충청남도 부여군
1,하황리 경로회관,충청남도,부여군,45700,충청남도 부여군 장암면 의자로남산2길 8,충청남도 부여군 장암면 하황리 347-2,36.22810002,126.9529758,30,충청남도 부여군청,041-830-2358,부여경찰서,N,,,2026-02-02,4570000,충청남도 부여군
1,장하1리 경로회관,충청남도,부여군,45700,충청남도 부여군 장암면 의자로706번길 2,충청남도 부여군 장암면 장하리 416-6,36.23906638,126.947413,30,충청남도 부여군청,041-830-2358,부여경찰서,N,,,2026-02-02,4570000,충청남도 부여군
1,탑산1리 경로회관,충청남도,부여군,45700,충청남도 부여군 임천면 탑사로91번길 2,충청남도 부여군 임천면 탑산리 23-5,36.15789024,126.8854056,30,충청남도 부여군청,041-830-2358,부여경찰서,N,,,2026-02-02,4570000,충청남도 부여군
1,구교2리 경로회관,충청남도,부여군,45700,충청남도 부여군 임천면 성흥로 221번길 30,충청남도 부여군 임천면 구교리 246,36.18146445,126.9017955,30,충청남도 부여군청,041-830-2358,부여경찰서,N,,,2026-02-02,4570000,충청남도 부여군
1,송정1리 경로회관,충청남도,부여군,45700,충청남도 부여군 양화면 양화북로 233번길 2,충청남도 부여군 양화면 송정리 93-2,36.13738336,126.829450,30,충청남도 부여군청,041-830-2358,부여경찰서,N,,,2026-02-02,4570000,충청남도 부여군
1,송학2리 경로회관,충청남도,부여군,45700,충청남도 부여군 남면 송수로 152-3,충청남도 부여군 남면 송학리 305,36.22543333,126.8003568,30,충청남도 부여군청,041-830-2358,부여경찰서,N,,,2026-02-02,4570000,충청남도 부여군
1,저동3리 경로회관,충청남도,부여군,45700,충청남도 부여군 내산면 성충로 682,충청남도 부여군 내산면 저동리 164-4,36.29564697,126.7630814,30,충청남도 부여군청,041-830-2358,부여경찰서,N,,,2026-02-02,4570000,충청남도 부여군
1,대양1리 경로회관,충청남도,부여군,45700,충청남도 부여군 은산면 충절로 3305,충청남도 부여군 은산면 대양리 202-6,36.32623168,126.8095884,30,충청남도 부여군청,041-830-2358,부여경찰서,N,,,2026-02-02,4570000,충청남도 부여군
1,금공리 경로회관,충청남도,부여군,45700,충청남도 부여군 은산면 지천로 160,충청남도 부여군 은산면 금공리 255-3,36.33453925,126.8540473,30,충청남도 부여군청,041-830-2358,부여경찰서,N,,,2026-02-02,4570000,충청남도 부여군
1,비암3리 노인회관,충청남도,부여군,45700,충청남도 부여군 외산면 만수로 887번길 8,충청남도 부여군 외산면 비암리 22-18,36.35269527,126.7292386,30,충청남도 부여군청,041-830-2358,부여경찰서,N,,,2026-02-02,4570000,충청남도 부여군
1,가회4리 마을회관,충청남도,부여군,45700,충청남도 부여군 세도면 부흥로 1100번길 7,충청남도 부여군 세도면 가회리 28-68,36.15758524,126.9958878,30,충청남도 부여군청,041-830-2358,부여경찰서,N,,,2026-02-02,4570000,충청남도 부여군
1,외2리 마을회관,충청남도,부여군,45700,충청남도 부여군 규암면 수북로 8,충청남도 부여군 규암면 외리 111-3,36.27044254,126.8864997,30,충청남도 부여군청,041-830-2358,부여경찰서,N,,,2026-02-02,4570000,충청남도 부여군
1,현내4리 노인회관,충청남도,부여군,45700,충청남도 부여군 석성면 현내로 90,충청남도 부여군 석성면 현내리 58-5,36.23769189,127.0045546,30,충청남도 부여군청,041-830-2358,부여경찰서,N,,,2026-02-02,4570000,충청남도 부여군
1,토정3리 노인회관,충청남도,부여군,45700,충청남도 부여군 홍산면 북토로 142-1,충청남도 부여군 홍산면 토정리 142-6,36.2224763,126.7527614,30,충청남도 부여군청,041-830-2358,부여경찰서,N,,,2026-02-02,4570000,충청남도 부여군
1,정암2리 마을회관,충청남도,부여군,45700,충청남도 부여군 장암면 의자로 1183-8,충청남도 부여군 장암면 정암리 491-1,36.25015407,126.9049221,30,충청남도 부여군청,041-830-2358,부여경찰서,Y,1,,2026-02-02,4570000,충청남도 부여군
1,가덕1리 마을회관,충청남도,부여군,45700,충청남도 부여군 옥산면 옥산동로 238,충청남도 부여군 옥산면 가덕리 451-6,36.19125197,126.7566302,30,충청남도 부여군청,041-830-2358,부여경찰서,N,,,2026-02-02,4570000,충청남도 부여군
1,안서리 노인회관,충청남도,부여군,45700,충청남도 부여군 옥산면 옥산동로 6,충청남도 부여군 옥산면 안서리 44-6,36.19209434,126.7339369,30,충청남도 부여군청,041-830-2358,부여경찰서,N,,,2026-02-02,4570000,충청남도 부여군
1,전장3리 노인회관,충청남도,부여군,45700,충청남도 부여군 외산면 만수로 647,충청남도 부여군 외산면 전장리 278-2,36.33267172,126.723500,30,충청남도 부여군청,041-830-2358,부여경찰서,N,,,2026-02-02,4570000,충청남도 부여군
1,만수노인복지원,충청남도,부여군,45700,충청남도 부여군 외산면 외산로 25-19,충청남도 부여군 외산면 만수리 55-22,36.29730765,126.699331,30,충청남도 부여군청,041-830-2358,부여경찰서,Y,1,,2026-02-02,4570000,충청남도 부여군
1,고모동 경로당,충청북도,제천시,43150,충청북도 제천시 봉양읍 고모동길 26,충청북도 제천시 봉양읍 장평리269-18,37.12787878,128.1485747,30,충청북도 제천시청,043-641-5405,제천경찰서,N,,,2026-01-15,4400000,충청북도 제천시
1,광암 경로당,충청북도,제천시,43150,충청북도 제천시 제원로13길 75,충청북도 제천시 학산리 580-7,37.1999922,128.0968962,30,충청북도 제천시청,043-641-5405,제천경찰서,N,,,2026-01-15,4400000,충청북도 제천시
1,활산리 경로당,충청북도,제천시,43150,충청북도 제천시 국사봉로9길 19,충청북도 제천시 활산리 213,37.0673256,128.1288172,30,충청북도 제천시청,043-641-5405,제천경찰서,N,,,2026-01-15,4400000,충청북도 제천시
1,도화동 경로당,충청북도,제천시,43150,충청북도 제천시 도화로 230-12,충청북도 제천시 도화리 358,37.1818643,128.2312387,30,충청북도 제천시청,043-641-5405,제천경찰서,N,,,2026-01-15,4400000,충청북도 제천시
1,길현 경로당,충청북도,제천시,43150,충청북도 제천시 애련로 437,충청북도 제천시 애련리 654,37.1159984,128.0311016,30,충청북도 제천시청,043-641-5405,제천경찰서,N,,,2026-01-15,4400000,충청북도 제천시
1,장치미경로당,충청북도,제천시,43150,충청북도 제천시 의병대로772,충청북도 제천시 두학동 118-5,37.1287387,128.2794796,30,충청북도 제천시청,043-641-5405,제천경찰서,N,,,2026-01-15,4400000,충청북도 제천시
1,가정리경로당,충청북도,제천시,43150,충청북도 제천시 백운면 방학벌말로5길12,충청북도 제천시 백운면 원월리 490-4,37.141961,127.9980417,30,충청북도 제천시청,043-641-5405,제천경찰서,N,,,2026-01-15,4400000,충청북도 제천시
1,구학2리 경로당,충청북도,제천시,43150,충청북도 제천시 배론성지길 190-30,충청북도 제천시 봉양읍 구학리 478-4,37.1566361,128.0930977,30,충청북도 제천시청,043-641-5405,제천경찰서,N,,,2026-01-15,4400000,충청북도 제천시
1,황석리 경로당,충청북도,제천시,43150,충청북도 제천시 호반로 3923,충청북도 제천시 청풍면 황석리 59,37.03100348,128.1307414,30,충청북도 제천시청,043-641-5405,제천경찰서,N,,,2026-01-15,4400000,충청북도 제천시
1,연박2리 벼루박달 경로당,충청북도,제천시,43150,충청북도 제천시 국사봉로2길 14-5,충청북도 제천시 봉양읍 연박리 602,37.1220302,128.1070266,30,충청북도 제천시청,043-641-5405,제천경찰서,N,,,2026-01-15,4400000,충청북도 제천시
1,연박2리경로당,충청북도,제천시,43150,충청북도 제천시 국사봉로 252,충청북도 제천시 봉양읍 연박리 319-9,37.1145622,128.1120561,30,충청북도 제천시청,043-641-5405,제천경찰서,N,,,2026-01-15,4400000,충청북도 제천시
1,운학1리 경로당,충청북도,제천시,43150,충청북도 제천시 구학산로 1008,충청북도 제천시 백운면 운학리 112-15,37.20438199,128.005082,30,충청북도 제천시청,043-641-5405,제천경찰서,N,,,2026-01-15,4400000,충청북도 제천시
1,장평보래경로당,충청북도,제천시,43150,충청북도 제천시 앞산로 71,충청북도 제천시 봉양읍 장평리 873-1,37.1259832,128.1239707,30,충청북도 제천시청,043-641-5405,제천경찰서,N,,,2026-01-15,4400000,충청북도 제천시
1,도화리경로당,충청북도,제천시,43150,충청북도 제천시 옥순봉로1455,충청북도 제천시 청풍면 도화리 190-3,36.9919743,128.1862115,30,충청북도 제천시청,043-641-5405,제천경찰서,N,,,2026-01-15,4400000,충청북도 제천시
1,숲안경로당,충청북도,제천시,43150,충청북도 제천시 고명로 3길 1,충청북도 제천시 고명동 654-3,37.12287081,128.227465,30,충청북도 제천시청,043-641-5405,제천경찰서,N,,,2026-01-15,4400000,충청북도 제천시
1,애련1리 경로당,충청북도,제천시,43150,충청북도 제천시 애련로 599,충청북도 제천시 애련리 525-1,37.1133857,128.0354291,30,충청북도 제천시청,043-641-5405,제천경찰서,N,,,2026-01-15,4400000,충청북도 제천시
1,빌리지포유제천요양원,충청북도,제천시,43150,충청북도 제천시 독순로 110,충청북도 제천시 남천동 294,37.13746055,128.2149758,30,충청북도 제천시청,043-641-5405,제천경찰서,N,,,2026-01-15,4400000,충청북도 제천시
1,장곡리경로당,충청북도,제천시,43150,충청북도 제천시 송학면 관란정길 3,충청북도 제천시 장곡리 109-7,37.21124833,128.325281,30,충청북도 제천시청,043-641-5405,제천경찰서,N,,,2026-01-15,4400000,충청북도 제천시
1,덕동리경로당,충청북도,제천시,43150,충청북도 제천시 백운면 덕동로 6,충청북도 제천시 백운면 덕동리 40-17,37.1886599,127.9920249,30,충청북도 제천시청,043-641-5405,제천경찰서,N,,,2026-01-15,4400000,충청북도 제천시
1,송계3리경로당,충청북도,제천시,43150,충청북도 제천시 한수면 미륵송계로3길 19,충청북도 제천시 한수면 송계리 1222-2,36.87712795,128.0812478,30,충청북도 제천시청,043-641-5405,제천경찰서,N,,,2026-01-15,4400000,충청북도 제천시
1,후산리경로당,충청북도,제천시,43150,충청북도 제천시 청풍면 호반로 3685,충청북도 제천시 청풍면 후산리 29-7,37.03782643,128.1213904,30,충청북도 제천시청,043-641-5405,제천경찰서,N,,,2026-01-15,4400000,충청북도 제천시
1,"하소청구아파트경로당, 하소현대아파트경로당",충청북도,제천시,43150,충청북도 제천시 용두대로15길 47,충청북도 제천시 하소동 139,37.13965003,128.1967566,30,충청북도 제천시청,043-641-5405,제천경찰서,N,,,2026-01-15,4400000,충청북도 제천시
1,제천시노인종합복지관,충청북도,제천시,43150,충청북도 제천시의림대로174,충청북도 제천시 중앙로2가 70-1,37.14274457,128.213644,30,충청북도 제천시청,043-641-5405,제천경찰서,N,,,2026-01-15,4400000,충청북도 제천시
1,갈마골경로당,충청북도,제천시,43150,충청북도 제천시 숭의로9길 21,충청북도 제천시 화산동 158-38,37.132282,128.213782,30,충청북도 제천시청,043-641-5405,제천경찰서,N,,,2026-01-15,4400000,충청북도 제천시
1,신서부경로당,충청북도,제천시,43150,충청북도 제천시 의병대로6길 8-1,충청북도 제천시 서부동 438,37.137524,128.204321,30,충청북도 제천시청,043-641-5405,제천경찰서,Y,,,2026-01-15,4400000,충청북도 제천시
1,지실경로당,충청북도,제천시,43150,충청북도 제천시 송학주천로6길 9,충청북도 제천시 송학면 도화리 121,37.18627855,128.246385,30,충청북도 제천시청,043-641-5405,제천경찰서,N,,,2026-01-15,4400000,충청북도 제천시
1,성내리다목적회관,충청북도,제천시,43150,충청북도 제천시 청풍호로 1537,충청북도 제천시 성내리 155,37.030966,128.177595,30,충청북도 제천시청,043-641-5405,제천경찰서,N,,,2026-01-15,4400000,충청북도 제천시
1,응평리다목적회관,충청북도,제천시,43150,충청북도 제천시 애련로 190,충청북도 제천시 백운면 원월리 19-1,37.12353243,128.020527,30,충청북도 제천시청,043-641-5405,제천경찰서,N,,,2026-01-15,4400000,충청북도 제천시
1,하학현경로당,충청북도,제천시,43150,충청북도 제천시 학현소야로 207-16,충청북도 제천시 학현리 347,37.009089,128.205527,30,충청북도 제천시청,043-641-5405,제천경찰서,N,,,2026-01-15,4400000,충청북도 제천시
1,학현리경로당,충청북도,제천시,43150,충청북도 제천시 학현소야로1길 17,충청북도 제천시 청풍면 학현리 114,37.01514742,128.2370298,30,충청북도 제천시청,043-641-5405,제천경찰서,N,,,2026-01-15,4400000,충청북도 제천시
1,송계1리 마을회관,충청북도,제천시,43150,충청북도 제천시 미륵송계로 1707,충청북도 제천시 한수면 송계리 532-7,36.8926245,128.078131,30,충청북도 제천시청,043-641-5405,제천경찰서,N,,,2026-01-15,4400000,충청북도 제천시
1,청풍단리경로당,충청북도,제천시,43150,충청북도 제천시 청풍면 청풍호로60길 72,충청북도 제천시 청풍면 단리 20,36.97416514,128.1595061,30,충청북도 제천시청,043-641-5405,제천경찰서,N,,,2026-01-15,4400000,충청북도 제천시
1,시곡4리경로당,충청북도,제천시,43150,충청북도 제천시 송학면 선돌로3길 16,충청북도 제천시 송학면 시곡리 421-3,37.19352917,128.2890684,30,충청북도 제천시청,043-641-5405,제천경찰서,N,,,2026-01-15,4400000,충청북도 제천시
1,수산리경로당,충청북도,제천시,43150,충청북도 제천시 수산면 월악로22길 102-7,충청북도 제천시 수산면 수산리 622-11,36.93407451,128.1826032,30,충청북도 제천시청,043-641-5405,제천경찰서,N,,,2026-01-15,4400000,충청북도 제천시
1,수산2리경로당,충청북도,제천시,43150,충청북도 제천시 수산면 월악로28길 10-2,충청북도 제천시 수산면 수산리 479,36.93201262,128.1982354,30,충청북도 제천시청,043-641-5405,제천경찰서,N,,,2026-01-15,4400000,충청북도 제천시
1,송계2리경로당,충청북도,제천시,43150,충청북도 제천시 한수면 미륵송계로 1628,충청북도 제천시 한수면 송계리 739,36.88550767,128.0796109,30,충청북도 제천시청,043-641-5405,제천경찰서,N,,,2026-01-15,4400000,충청북도 제천시
1,성내리경로당,충청북도,제천시,43150,충청북도 제천시 덕산면 약초로3안길 20,충청북도 제천시 덕산면 도전리 435-4,36.90786274,128.1681649,30,충청북도 제천시청,043-641-5405,제천경찰서,N,,,2026-01-15,4400000,충청북도 제천시
1,물태리경로당,충청북도,제천시,43150,충청북도 제천시 청풍면 청풍호로56길 20,충청북도 제천시 청풍면 물태리 297-6,36.99893842,128.1658838,30,충청북도 제천시청,043-641-5405,제천경찰서,N,,,2026-01-15,4400000,충청북도 제천시
1,송학무도1리경로당,충청북도,제천시,43150,충청북도 제천시 송학면 무도2길 2,충청북도 제천시 송학면 무도리 222-12,37.18358655,128.2634754,30,충청북도 제천시청,043-641-5405,제천경찰서,N,,,2026-01-15,4400000,충청북도 제천시
1,구학1리경로당,충청북도,제천시,43150,충청북도 제천시 봉양읍 제원로 406-11,충청북도 제천시 봉양읍 구학리 250,37.16128433,128.1093361,30,충청북도 제천시청,043-641-5405,제천경찰서,N,,,2026-01-15,4400000,충청북도 제천시
1,구곡1리경로당,충청북도,제천시,43150,충청북도 제천시 봉양읍 민빚재로 19,충청북도 제천시 봉양읍 구곡리 537-1,37.0898095,128.1048451,30,충청북도 제천시청,043-641-5405,제천경찰서,N,,,2026-01-15,4400000,충청북도 제천시
1,도곡1리경로당,충청북도,제천시,43150,충청북도 제천시 백운면 구학산로 414,충청북도 제천시 백운면 도곡리 498-1,37.16475146,127.9969908,30,충청북도 제천시청,043-641-5405,제천경찰서,N,,,2026-01-15,4400000,충청북도 제천시
1,방학1리경로당,충청북도,제천시,43150,충청북도 제천시 백운면 구학산로 200,충청북도 제천시 백운면 방학리 509,37.15344688,128.0159201,30,충청북도 제천시청,043-641-5405,제천경찰서,N,,,2026-01-15,4400000,충청북도 제천시
1,장선리경로당,충청북도,제천시,43150,충청북도 제천시 청풍면 인등로3길 11,충청북도 제천시 청풍면 장선리 104-3,37.0582453,128.0971426,30,충청북도 제천시청,043-641-5405,제천경찰서,N,,,2026-01-15,4400000,충청북도 제천시
1,대장리경로당,충청북도,제천시,43150,충청북도 제천시 금성면 적성로 1105,충청북도 제천시 금성면 대장리 174-1,37.07206027,128.2289286,30,충청북도 제천시청,043-641-5405,제천경찰서,N,,,2026-01-15,4400000,충청북도 제천시
1,팔송리 경로당,충청북도,제천시,43150,충청북도 제천시 봉양읍 팔송로1길 102,충청북도 제천시 봉양읍 팔송리 221-3,37.14650082,128.1159118,30,충청북도 제천시청,043-641-5405,제천경찰서,N,,,2026-01-15,4400000,충청북도 제천시
1,명락노인종합복지관,충청북도,제천시,43150,충청북도 제천시 내제로5길 12(명동),충청북도 제천시 명동 190-2,37.13276977,128.2034465,30,충청북도 제천시청,043-641-5405,제천경찰서,N,,,2026-01-15,4400000,충청북도 제천시
1,하소주공 4단지 경로당,충청북도,제천시,43150,"충청북도 제천시 용두대로23길 14(하소동, 하소주공4단지아파트)",충청북도 제천시 하소동 345,37.14624304,128.1972579,30,충청북도 제천시청,043-641-5405,제천경찰서,N,,,2026-01-15,4400000,충청북도 제천시
1,구룡1리 경로당,충청북도,제천시,43150,충청북도 제천시 금성면 국사봉로26길 35,충청북도 제천시 금성면 구룡리 466-76,37.06237809,128.1663829,30,충청북도 제천시청,043-641-5405,제천경찰서,N,,,2026-01-15,4400000,충청북도 제천시
1,제천시노인회관,충청북도,제천시,43150,충청북도 제천시 의림대로33길 40(청전동),충청북도 제천시 청전동 653,37.14840791,128.2104973,30,충청북도 제천시청,043-641-5405,제천경찰서,N,,,2026-01-15,4400000,충청북도 제천시
01,묘봉2리경로회관,경기도,용인시,41460,경기도 용인시 처인구 이동읍 묘봉리 834-1,,37.12582659,127.2098754,30,경기도 용인시 처인구청 교통과,031-6193-5395,용인동부경찰서,N,,,2026-01-29,4050000,경기도 용인시
01,목신2리후동마을회관,경기도,용인시,41460,경기도 용인시 처인구 원삼면 보개원삼로1569번길 48,경기도 용인시 처인구 원삼면 목신리 434-1,37.13123208,127.3067868,30,경기도 용인시 처인구청 교통과,031-6193-5395,용인동부경찰서,N,,,2026-01-29,4050000,경기도 용인시
01,고안4리주래경로당,경기도,용인시,41460,경기도 용인시 처인구 백암면 고안로62번길 36,경기도 용인시 처인구 백암면 고안리 479-6,37.129360,127.4048798002,30,경기도 용인시 처인구청 교통과,031-6193-5395,용인동부경찰서,N,,,2026-01-29,4050000,경기도 용인시
01,방아3리아리실마을회관,경기도,용인시,41460,경기도 용인시 처인구 남사읍 원암로410번길 24-1,경기도 용인시 처인구 남사읍 방아리 1034-4,37.09825322,127.1786563,30,경기도 용인시 처인구청 교통과,031-6193-5395,용인동부경찰서,N,,,2026-01-29,4050000,경기도 용인시
01,황석마을회관,경기도,용인시,41460,경기도 용인시 처인구 백암면 황새울로135번길 25,경기도 용인시 처인구 백암면 석천리 552-3,37.11347897,127.3599052253,30,경기도 용인시 처인구청 교통과,031-6193-5395,용인동부경찰서,N,,,2026-01-29,4050000,경기도 용인시
01,전대2리마을회관,경기도,용인시,41460,,경기도 용인시 처인구 포곡읍 전대리 546-170,37.28230749,127.2219704,30,경기도 용인시 처인구청 교통과,031-6193-5395,용인동부경찰서,N,,,2026-01-29,4050000,경기도 용인시
01,유곡경로당,경기도,용인시,41460,경기도 용인시 처인구 유림로 163(유방동),경기도 용인시 처인구 유방동 589-5,37.26097514,127.1961115,30,경기도 용인시 처인구청 교통과,031-6193-5395,용인동부경찰서,N,,,2026-01-29,4050000,경기도 용인시
01,석천리경로당,경기도,용인시,41460,경기도 용인시 처인구 백암면 삼백로 436,경기도 용인시 처인구 백암면 석천리 139-2,37.11079136,127.3767145,30,경기도 용인시 처인구청 교통과,031-6193-5395,용인동부경찰서,N,,,2026-01-29,4050000,경기도 용인시
01,봉무4리남사분회경로당,경기도,용인시,41460,경기도 용인시 처인구 남사읍 봉무리 646-1,경기도 용인시 처인구 남사읍 처인성로 216-5,37.162100,127.212500,30,경기도 용인시 처인구청 교통과,031-6193-5395,용인동부경찰서,N,,,2026-01-29,4050000,경기도 용인시
01,묵3리마을회관,경기도,용인시,41460,경기도 용인시 처인구 이동읍 이원로601번길 36,경기도 용인시 처인구 이동읍 묵리 217,37.16434182,127.2522907,30,경기도 용인시 처인구청 교통과,031-6193-5395,용인동부경찰서,N,,,2026-01-29,4050000,경기도 용인시
01,행군마을회관,경기도,용인시,41460,경기도 용인시 처인구 원삼면 맹리로17번길 22,경기도 용인시 처인구 원삼면 맹리 536-5,37.19643097,127.3279844,30,경기도 용인시 처인구청 교통과,031-6193-5395,용인동부경찰서,N,,,2026-01-29,4050000,경기도 용인시
01,용수마을회관,경기도,용인시,41460,경기도 용인시 처인구 원삼면 용수로18번길 74,경기도 용인시 처인구 원삼면 두창리 674,37.1623858,127.3421155,30,경기도 용인시 처인구청 교통과,031-6193-5395,용인동부경찰서,N,,,2026-01-29,4050000,경기도 용인시
01,야광노인회관,경기도,용인시,41460,경기도 용인시 처인구 원삼면 이원로1116번길 68-7,경기도 용인시 처인구 원삼면 독성리 739-2,37.15664295,127.3102897,30,경기도 용인시 처인구청 교통과,031-6193-5395,용인동부경찰서,N,,,2026-01-29,4050000,경기도 용인시
01,두창리마을회관,경기도,용인시,41460,경기도 용인시 처인구 원삼면 두창호수로 15,경기도 용인시 처인구 원삼면 두창리 1029-4,37.15429301,127.3409502,30,경기도 용인시 처인구청 교통과,031-6193-5395,용인동부경찰서,N,,,2026-01-29,4050000,경기도 용인시
01,가재월리새마을회관,경기도,용인시,41460,경기도 용인시 처인구 원삼면 가재월로 80,경기도 용인시 처인구 원삼면 두창리 122,37.17274129,127.3227948,30,경기도 용인시 처인구청 교통과,031-6193-5395,용인동부경찰서,N,,,2026-01-29,4050000,경기도 용인시
01,초부3리마을회관,경기도,용인시,41460,경기도 용인시 처인구 모현읍 초부로 137,경기도 용인시 처인구 모현읍 초부리 159-2,37.31484339,127.2561067,30,경기도 용인시 처인구청 교통과,031-6193-5395,용인동부경찰서,N,,,2026-01-29,4050000,경기도 용인시
01,초부1리마을회관,경기도,용인시,41460,경기도 용인시 처인구 모현읍 백옥대로 2104-21,경기도 용인시 처인구 모현읍 초부리 77-2,37.31274219,127.2431172,30,경기도 용인시 처인구청 교통과,031-6193-5395,용인동부경찰서,N,,,2026-01-29,4050000,경기도 용인시
01,정수리경로당,경기도,용인시,41460,경기도 용인시 처인구 양지면 한터로 855,경기도 용인시 처인구 양지면 정수리 242,37.26864123,127.2898464,30,경기도 용인시 처인구청 교통과,031-6193-5395,용인동부경찰서,N,,,2026-01-29,4050000,경기도 용인시
01,동천1동경로당,경기도,용인시,41460,,경기도 용인시 수지구 동천동 538-1,37.33840431,127.0763907,30,경기도 용인시 수지구청 교통과,031-6193-8351,용인서부경찰서,N,,,2026-01-29,4050000,경기도 용인시
01,하갈1리마을회관,경기도,용인시,41460,,경기도 용인시 기흥구 하갈동 274-1,37.26107994,127.0960517,30,경기도 용인시 기흥구청 교통과,031-6193-6352,용인서부경찰서,N,,,2026-01-29,4050000,경기도 용인시
01,더사랑복지센터,경기도,용인시,41460,경기도 용인시 기흥구 신정로 67,경기도 용인시 기흥구 신갈동 388-324,37.27701453,127.1030182,30,경기도 용인시 기흥구청 교통과,031-6193-6352,용인서부경찰서,N,,,2026-01-29,4050000,경기도 용인시
01,용인시기흥장애인복지관,경기도,용인시,41460,,경기도 용인시 기흥구 보정동 1097-8,37.31542154,127.1058283,30,경기도 용인시 기흥구청 교통과,031-6193-6352,용인서부경찰서,Y,1,,2026-01-29,4050000,경기도 용인시
01,천4리마을회관,경기도,용인시,41460,경기도 용인시 처인구 이동읍 구수동로60번길2,경기도 용인시 처인구 이동읍 천리 792-10,37.19483511,127.2017669,30,경기도 용인시 처인구청 교통과,031-6193-5395,용인동부경찰서,N,,,2026-01-29,4050000,경기도 용인시
01,능원1리경로당,경기도,용인시,41460,경기도 용인시 처인구 모현읍 충렬로 8,경기도 용인시 처인구 모현읍 능원리 158-2,37.34043823,127.1724282,30,경기도 용인시 처인구청 교통과,031-6193-5395,용인동부경찰서,N,,,2026-01-29,4050000,경기도 용인시
01,천2리7리새마을회관,경기도,용인시,41460,,경기도 용인시 처인구 이동읍 어비리 산 53-1,37.12269677,127.1957116,30,경기도 용인시 처인구청 교통과,031-6193-5395,용인동부경찰서,N,,,2026-01-29,4050000,경기도 용인시
01,해곡동마을회관,경기도,용인시,41460,경기도 용인시 처인구 동부로743,경기도 용인시 처인구 해곡동 289-1,37.18833831,127.2694355,30,경기도 용인시 처인구청 교통과,031-6193-5395,용인동부경찰서,N,,,2026-01-29,4050000,경기도 용인시
01,신창마을회관,경기도,용인시,41460,경기도 용인시 처인구 이동읍 이원로 329,경기도 용인시 처인구 이동읍 묵리 607-2,37.1779732,127.235266,30,경기도 용인시 처인구청 교통과,031-6193-5395,용인동부경찰서,N,,,2026-01-29,4050000,경기도 용인시
01,묵4리마을회관,경기도,용인시,41460,경기도 용인시 처인구 이동읍 이원로 331,경기도 용인시 처인구 이동읍 묵리 608,37.17764243,127.2354901,30,경기도 용인시 처인구청 교통과,031-6193-5395,용인동부경찰서,N,,,2026-01-29,4050000,경기도 용인시
01,동림1리경로당,경기도,용인시,41460,경기도 용인시 처인구 경안천로 378,경기도 용인시 처인구 유방동 1007-50,37.2646233,127.217056,30,경기도 용인시 처인구청 교통과,031-6193-5395,용인동부경찰서,N,,,2026-01-29,4050000,경기도 용인시
01,별다올근린공원,경기도,용인시,41460,,경기도 용인시 수지구 성복동 192-5,37.31398654,127.0746043,50,경기도 용인시 수지구청 교통과,031-6193-8351,용인서부경찰서,N,,,2026-01-29,4050000,경기도 용인시
01,화산2리마을회관,경기도,용인시,41460,경기도 용인시 처인구 이동읍 화산로94번길 6,경기도 용인시 처인구 이동읍 화산리 595,37.14595158,127.2117078,30,경기도 용인시 처인구청 교통과,031-6193-5395,용인동부경찰서,N,,,2026-01-29,4050000,경기도 용인시
01,삼가1통마을회관,경기도,용인시,41460,경기도 용인시 처인구 금학로57번길 1,경기도 용인시 처인구 삼가동 217-40,37.24172146,127.1710399,30,경기도 용인시 처인구청 교통과,031-6193-5395,용인동부경찰서,N,,,2026-01-29,4050000,경기도 용인시
01,동림4리마을회관,경기도,용인시,41460,경기도 용인시 처인구 모현읍 왕림로50번길 12-4,경기도 용인시 처인구 모현읍 동림리 45-2,37.3427325,127.1808878,30,경기도 용인시 처인구청 교통과,031-6193-5395,용인동부경찰서,N,,,2026-01-29,4050000,경기도 용인시
01,중능1리마을회관,경기도,용인시,41460,경기도 용인시 처인구 원삼면 어현로 9,경기도 용인시 처인구 원삼면 죽능리 167-3,37.13924144,127.3072639,30,경기도 용인시 처인구청 교통과,031-6193-5395,용인동부경찰서,N,,,2026-01-29,4050000,경기도 용인시
01,용인노인전문요양원,경기도,용인시,41460,경기도 용인시 처인구 백암면 근삼로 172,경기도 용인시 처인구 백암면 근삼리 769-1,37.13268517,127.3556325,30,경기도 용인시 처인구청 교통과,031-6193-5395,용인동부경찰서,N,,,2026-01-29,4050000,경기도 용인시
01,용인시수지노인복지관,경기도,용인시,41460,경기도 용인시 수지구 포은대로 435,경기도 용인시 수지구 풍덕천동 720,37.3222219,127.0974474,30,경기도 용인시 수지구청 교통과,031-6193-8351,용인서부경찰서,N,,,2026-01-29,4050000,경기도 용인시
01,용인시기흥노인복지관,경기도,용인시,41460,경기도 용인시 기흥구 산양로 71,경기도 용인시 기흥구 신갈동 720,37.28787085,127.1116983,30,경기도 용인시 기흥구청 교통과,031-6193-6352,용인동부경찰서,N,,,2026-01-29,4050000,경기도 용인시
01,스프링카운티 자이아파트,경기도,용인시,41460,경기도 용인시 기흥구 동백죽전대로 333,경기도 용인시 기흥구 중동 1147,37.26935839,127.1503438,30,경기도 용인시 기흥구청 교통과,031-6193-6352,용인동부경찰서,N,,,2026-01-29,4050000,경기도 용인시
01,구성노인전문요양원,경기도,용인시,41460,경기도 용인시 기흥구 구성1로 28,경기도 용인시 기흥구 청덕동 546-5,37.29220787,127.1459266,30,경기도 용인시 기흥구청 교통과,031-6193-6352,용인서부경찰서,Y,1,,2026-01-29,4050000,경기도 용인시
01,연세요양원,경기도,용인시,41460,경기도 용인시 기흥구 어정로 139,경기도 용인시 기흥구 중동 673,37.27587207,127.1449508,30,경기도 용인시 기흥구청 교통과,031-6193-6352,용인동부경찰서,N,,,2026-01-29,4050000,경기도 용인시
01,동백사랑마루요양원,경기도,용인시,41460,경기도 용인시 기흥구 동백중앙로 221,경기도 용인시 기흥구 중동 846-1,37.27311991,127.1505302,30,경기도 용인시 기흥구청 교통과,031-6193-6352,용인동부경찰서,Y,1,,2026-01-29,4050000,경기도 용인시
01,사랑방노인요양원,경기도,용인시,41460,경기도 용인시 기흥구 동백4로 7,경기도 용인시 기흥구 중동 845-8,37.27102158,127.1516474,30,경기도 용인시 기흥구청 교통과,031-6193-6352,용인동부경찰서,N,,,2026-01-29,4050000,경기도 용인시
01,장평경로당,경기도,용인시,41460,경기도 용인시 처인구 백암면 삼백로 599-5,경기도 용인시 처인구 백암면 장평리 597-3,37.12434421,127.3736042,30,경기도 용인시 처인구청 교통과,031-6193-5395,용인동부경찰서,N,,,2026-01-29,4050000,경기도 용인시
01,묵4리마을회관,경기도,용인시,41460,경기도 용인시 처인구 이동읍 한덕로 36,경기도 용인시 처인구 이동읍 묵리 671-1,37.1818646,127.2350768,30,경기도 용인시 처인구청 교통과,031-6193-5395,용인동부경찰서,N,,,2026-01-29,4050000,경기도 용인시
01,삼계2리도사마을회관,경기도,용인시,41460,경기도 용인시 처인구 포곡읍 백옥대로1910번길 9,경기도 용인시 처인구 포곡읍 삼계리 83-2,37.29671047,127.2345829,30,경기도 용인시 처인구청 교통과,031-6193-5395,용인동부경찰서,N,,,2026-01-29,4050000,경기도 용인시
01,동림1리경로당,경기도,용인시,41460,경기도 용인시 처인구 모현읍 문형동림로 77,경기도 용인시 처인구 모현읍 동림리 211-6,37.33648245,127.1937299,30,경기도 용인시 처인구청 교통과,031-6193-5395,용인동부경찰서,N,,,2026-01-29,4050000,경기도 용인시
01,내동마을회관,경기도,용인시,41460,경기도 용인시 처인구 원삼면 내동로23번길 6,경기도 용인시 처인구 원삼면 사암리 827,37.17601329,127.2968044,30,경기도 용인시 처인구청 교통과,031-6193-5395,용인동부경찰서,N,,,2026-01-29,4050000,경기도 용인시
01,근삼2리마을회관,경기도,용인시,41460,경기도 용인시 처인구 백암면 삼백로 769,경기도 용인시 처인구 백암면 근삼리 686,37.13922359,127.3709237,30,경기도 용인시 처인구청 교통과,031-6193-5395,용인동부경찰서,Y,1,,2026-01-29,4050000,경기도 용인시
02,효정비전타운,경기도,용인시,41460,경기도 용인시 처인구 백암면 삼백로 648,경기도 용인시 처인구 백암면 용천리 379-1,37.12853351,127.3735719,30,경기도 용인시 처인구청 교통과,031-6193-5394,용인동부경찰서,N,,,2026-01-29,4050000,경기도 용인시
02,해든솔,경기도,용인시,41460,경기도 용인시 처인구 백암면 한택로88번길 53,경기도 용인시 처인구 백암면 옥산리 444,37.10136506,127.4077528,30,경기도 용인시 처인구청 교통과,031-6193-5395,용인동부경찰서,N,,,2026-01-29,4050000,경기도 용인시
02,새빛요한의집,경기도,용인시,41460,경기도 용인시 처인구 원삼면 원양로 363-12,경기도 용인시 처인구 원삼면 사암리 316-4,37.19119517,127.3027615,30,경기도 용인시 처인구청 교통과,031-6193-5395,용인동부경찰서,N,,,2026-01-29,4050000,경기도 용인시
02,하늘의 별,경기도,용인시,41460,경기도 용인시 처인구 원삼면 이원로913번길 50-4,경기도 용인시 처인구 원삼면 문촌리 545-2,37.15710914,127.2864959,30,경기도 용인시 처인구청 교통과,031-6193-5395,용인동부경찰서,N,,,2026-01-29,4050000,경기도 용인시
02,양지바른,경기도,용인시,41460,,경기도 용인시 처인구 양지면 주북리 141,37.23976128,127.2671792,30,경기도 용인시 처인구청 교통과,031-6193-5395,용인동부경찰서,N,,,2026-01-29,4050000,경기도 용인시
01,자연요양원,경기도,용인시,41460,경기도 용인시 처인구 이동읍 백옥대로587번길 45,경기도 용인시 처인구 이동읍 천리 195,37.19025603,127.2015173,30,경기도 용인시 처인구청 교통과,031-6193-5395,용인동부경찰서,N,,,2026-01-29,4050000,경기도 용인시
01,샤인빌 시니어스 너싱홈,경기도,용인시,41460,경기도 용인시 처인구 양지면 주북로235번길 140,경기도 용인시 처인구 양지면 대대리 511-1,37.2571577,127.2657496,30,경기도 용인시 처인구청 교통과,031-6193-5395,용인동부경찰서,N,,,2026-01-29,4050000,경기도 용인시
01,연꽃마을 노인요양원,경기도,용인시,41460,경기도 용인시 처인구 백암면 근삼로 159,경기도 용인시 처인구 백암면 근삼리 769-1,37.13264535,127.3562596,30,경기도 용인시 처인구청 교통과,031-6193-5395,용인동부경찰서,N,,,2026-01-29,4050000,경기도 용인시
01,행복한집,경기도,용인시,41460,경기도 용인시 처인구 포곡읍 백옥대로1832번길 52,경기도 용인시 처인구 포곡읍 삼계리 319-7,37.2885802,127.2405765,30,경기도 용인시 처인구청 교통과,031-6193-5395,용인동부경찰서,N,,,2026-01-29,4050000,경기도 용인시
01,신평경로당,경기도,용인시,41460,경기도 용인시 처인구 신송로 118,경기도 용인시 처인구 마평동 362-3,37.22986235,127.2439666,30,경기도 용인시 처인구청 교통과,031-6193-5395,용인동부경찰서,N,,,2026-01-29,4050000,경기도 용인시
01,석실경로당,경기도,용인시,41460,경기도 용인시 처인구 백암면 석실로34번길 74-2,경기도 용인시 처인구 백암면 가좌리 108,37.18218727,127.3473021,30,경기도 용인시 처인구청 교통과,031-6193-5395,용인동부경찰서,Y,1,,2026-01-29,4050000,경기도 용인시
01,노인복지회관,경기도,용인시,41460,경기도 용인시 처인구 중부대로 1199,경기도 용인시 처인구 삼가동 556,37.24086733,127.1779684,30,경기도 용인시 처인구청 교통과,031-6193-5395,용인동부경찰서,N,,,2026-01-29,4050000,경기도 용인시
1,북구장애인복지관,울산광역시,북구,31200,울산광역시 북구 호계로 29-5,울산광역시 북구 창평동 764-4,35.608331244,129.353804465,30,울산광역시 북구청,052-241-7983,울산북부경찰서,N,0,10~15,2026-01-23,3720000,울산광역시 북구
1,제네경로당,울산광역시,북구,31200,울산광역시 북구 제내1길 32-1,울산광역시 북구 신천동 289-2,35.633051186,129.352992700,30,울산광역시 북구청,052-241-7983,울산북부경찰서,N,0,10~15,2026-01-23,3720000,울산광역시 북구
1,명성노인전문요양원,울산광역시,북구,31200,울산광역시 북구 덕곡길 47,울산광역시 북구 천곡동 741-1,35.647529165,129.330019100,30,울산광역시 북구청,052-241-7983,울산북부경찰서,N,0,10~15,2026-01-23,3720000,울산광역시 북구
1,사청경로당,울산광역시,북구,31200,울산광역시 북구 송내1길 15,울산광역시 북구 화봉동 445-1,35.589435488,129.364824900,30,울산광역시 북구청,052-241-7983,울산북부경찰서,N,0,10~15,2026-01-23,3720000,울산광역시 북구
1,병영자연요양원,울산광역시,북구,31200,울산광역시 북구 무룡로 128,울산광역시 북구 연암동 163,35.577061840,129.373321700,30,울산광역시 북구청,052-241-7983,울산북부경찰서,N,0,30,2026-01-23,3720000,울산광역시 북구
1,매곡경로당,울산광역시,북구,31200,울산광역시 북구 매곡본길 37-1,울산광역시 북구 매곡동 711-2,35.639781362,129.358935700,30,울산광역시 북구청,052-241-7983,울산북부경찰서,N,0,10~15,2026-01-23,3720000,울산광역시 북구
1,달천경로당,울산광역시,북구,31200,울산광역시 북구 달천마을안길 3,울산광역시 북구 달천동 892-58,35.630523491,129.314342300,30,울산광역시 북구청,052-241-7983,울산북부경찰서,N,0,10~15,2026-01-23,3720000,울산광역시 북구
1,달곡경로당,울산광역시,북구,31200,울산광역시 북구 달곡1길 71,울산광역시 북구 무룡동 670-3,35.608279655,129.426365100,30,울산광역시 북구청,052-241-7983,울산북부경찰서,N,0,20,2026-01-23,3720000,울산광역시 북구
1,가대경로당,울산광역시,북구,31200,울산광역시 북구 농서로 672,울산광역시 북구 가대동 288-2,35.604409493,129.313889800,30,울산광역시 북구청,052-241-7983,울산북부경찰서,N,0,30,2026-01-23,3720000,울산광역시 북구
1,황토전경로당,울산광역시,북구,31200,울산광역시 북구 황토전길 152,울산광역시 북구 어물동 853,35.579551109,129.431689300,30,울산광역시 북구청,052-241-7983,울산북부경찰서,N,0,10~15,2026-01-23,3720000,울산광역시 북구
1,홈골경로당,울산광역시,북구,31200,울산광역시 북구 황토전길 125,울산광역시 북구 어물동 853,35.579551109,129.431689300,30,울산광역시 북구청,052-241-7983,울산북부경찰서,N,0,10~15,2026-01-23,3720000,울산광역시 북구
1,차일경로당,울산광역시,북구,31200,울산광역시 북구 차일2길 47,울산광역시 북구 창평동 503-4,35.617082653,129.362308000,30,울산광역시 북구청,052-241-7983,울산북부경찰서,N,0,10,2026-01-23,3720000,울산광역시 북구
1,중리경로당,울산광역시,북구,31200,울산광역시 북구 중리5길 3,울산광역시 북구 염포동 461-7,35.528643911,129.396996700,30,울산광역시 북구청,052-241-7983,울산북부경찰서,N,0,10,2026-01-23,3720000,울산광역시 북구
1,제전경로당,울산광역시,북구,31200,울산광역시 북구 구유길 46-8,울산광역시 북구 구유동 117,35.607153272,129.458115300,30,울산광역시 북구청,052-241-7983,울산북부경찰서,N,0,10~15,2026-01-23,3720000,울산광역시 북구
1,원지경로당,울산광역시,북구,31200,울산광역시 북구 중원지2길 21,울산광역시 북구 창평동 720,35.608710516,129.362664000,30,울산광역시 북구청,052-241-7983,울산북부경찰서,N,0,10,2026-01-23,3720000,울산광역시 북구
1,우가경로당,울산광역시,북구,31200,울산광역시 북구 동해안로 1114,울산광역시 북구 당사동 116-5,35.595665121,129.462961000,30,울산광역시 북구청,052-241-7983,울산북부경찰서,N,0,10~15,2026-01-23,3720000,울산광역시 북구
1,엘림종합복지센터,울산광역시,북구,31200,울산광역시 북구 농서로 71-30,울산광역시 북구 상안동 426-7,35.621803619,129.338384000,30,울산광역시 북구청,052-241-7983,울산북부경찰서,N,0,10~15,2026-01-23,3720000,울산광역시 북구
1,약수경로당,울산광역시,북구,31200,울산광역시 북구 약수2길 39-3,울산광역시 북구 중산동 932-4,35.648205963,129.347434000,30,울산광역시 북구청,052-241-7983,울산북부경찰서,N,0,10,2026-01-23,3720000,울산광역시 북구
1,신전경로당,울산광역시,북구,31200,울산광역시 북구 새장터5길 7-3,울산광역시 북구 염포동 136-2,35.536256400,129.389332000,30,울산광역시 북구청,052-241-7983,울산북부경찰서,N,0,10,2026-01-23,3720000,울산광역시 북구
1,신명경로당,울산광역시,북구,31200,울산광역시 북구 동해안로 1794,울산광역시 북구 신명동 295,35.643494208,129.440586400,40,울산광역시 북구청,052-241-7983,울산북부경찰서,N,0,20,2026-01-23,3720000,울산광역시 북구
1,수성경로당,울산광역시,북구,31200,울산광역시 북구 호계7길 59,울산광역시 북구 호계동 936-87,35.627175240,129.359422000,30,울산광역시 북구청,052-241-7983,울산북부경찰서,N,0,10,2026-01-23,3720000,울산광역시 북구
1,수동경로당,울산광역시,북구,31200,울산광역시 북구 호계2길 54-3,울산광역시 북구 호계동 590-6,35.625399093,129.359952000,30,울산광역시 북구청,052-241-7983,울산북부경찰서,N,0,5~10,2026-01-23,3720000,울산광역시 북구
1,성혜경로당,울산광역시,북구,31200,울산광역시 북구 안시례길 성혜1길 1,울산광역시 북구 시례동 608-31,35.596404970,129.345092000,30,울산광역시 북구청,052-241-7983,울산북부경찰서,N,0,10~15,2026-01-23,3720000,울산광역시 북구
1,북정자경로당,울산광역시,북구,31200,울산광역시 북구 정자1길 60-1,울산광역시 북구 정자동 642,35.618602487,129.450421000,30,울산광역시 북구청,052-241-7983,울산북부경찰서,N,0,10,2026-01-23,3720000,울산광역시 북구
1,북구노인복지회관,울산광역시,북구,31200,울산광역시 북구 동대8길 40,울산광역시 북구 호계동 262-2,35.631269915,129.353896100,30,울산광역시 북구청,052-241-7983,울산북부경찰서,N,0,10,2026-01-23,3720000,울산광역시 북구
1,당사경로당,울산광역시,북구,31200,울산광역시 북구 용바위1길 44-1,울산광역시 북구 당사동 504-1,35.582040703,129.456293000,30,울산광역시 북구청,052-241-7983,울산북부경찰서,N,0,10,2026-01-23,3720000,울산광역시 북구
1,냉천경로당,울산광역시,북구,31200,울산광역시 북구 찬샘1길 19,울산광역시 북구 신천동 481-10,35.638336787,129.347866000,30,울산광역시 북구청,052-241-7983,울산북부경찰서,N,0,10,2026-01-23,3720000,울산광역시 북구
1,남정자경로당,울산광역시,북구,31200,울산광역시 북구 정자1길 7,울산광역시 북구 정자동 621-8,35.614458493,129.449564100,30,울산광역시 북구청,052-241-7983,울산북부경찰서,N,0,10~15,2026-01-23,3720000,울산광역시 북구
1,구암경로당,울산광역시,북구,31200,울산광역시 북구 동해안로 780,울산광역시 북구 어물동 1349,35.575007688,129.452411000,30,울산광역시 북구청,052-241-7983,울산북부경찰서,N,0,10~15,2026-01-23,3720000,울산광역시 북구
1,구남경로당,울산광역시,북구,31200,울산광역시 북구 황토전길 125,울산광역시 북구 어물동 853,35.579551109,129.431689300,30,울산광역시 북구청,052-241-7983,울산북부경찰서,N,0,10~15,2026-01-23,3720000,울산광역시 북구
1,곡리경로당,울산광역시,북구,31200,울산광역시 북구 저수지길 72,울산광역시 북구 송정동 256,35.605706392,129.364264000,30,울산광역시 북구청,052-241-7983,울산북부경찰서,N,0,10,2026-01-23,3720000,울산광역시 북구
1,송림4동 경로당,인천광역시,동구,28140,인천광역시 동구 봉수대로8번길 3,인천광역시 동구 송림동 2-68,37.47863361,126.6532534,50,인천광역시 동구청,032-770-6597,인천광역시 중부경찰서,N,0,40,2026-02-06,3500000,인천광역시 동구
1,만석동제1경로당,인천광역시,동구,28140,인천광역시 동구 보세로 20,인천광역시 동구 만석동 4-3,37.48789946,126.6214529,30,인천광역시 동구청,032-770-6597,인천광역시 중부경찰서,N,0,15,2026-02-06,3500000,인천광역시 동구
1,동구노인복지회관(서흥초교 통합구역),인천광역시,동구,28140,인천광역시 동구 샛골로 177,인천광역시 동구 송림동 124-48,37.478345,126.644512,30,인천광역시 동구청,032-770-6597,인천광역시 중부경찰서,Y,2,8~25,2026-02-06,3500000,인천광역시 동구
1,만석동제3경로당,인천광역시,동구,28140,인천광역시 동구 인중로 377,인천광역시 동구 만석동 43-235,37.483062,126.617736,30,인천광역시 동구청,032-770-6597,인천광역시 중부경찰서,Y,1,33,2026-02-06,3500000,인천광역시 동구
1,송림6동 제2경로당,인천광역시,동구,28140,인천광역시 동구 송미로25번길 4-6,인천광역시 동구 송림동 11-49,37.482349,126.648865,30,인천광역시 동구청,032-770-6597,인천광역시 중부경찰서,N,0,14,2026-02-06,3500000,인천광역시 동구
1,화수1동 경로당,인천광역시,동구,28140,인천광역시 동구 화도진로 120,인천광역시 동구 화수동 140-61,37.481829,126.628005,30,인천광역시 동구청,032-770-6597,인천광역시 중부경찰서,N,0,18,2026-02-06,3500000,인천광역시 동구
1,화평동 경로당,인천광역시,동구,28140,인천광역시 동구 화도진로68번길 8,인천광역시 동구 화평동 57-1,37.478242,126.632304,30,인천광역시 동구청,032-770-6597,인천광역시 중부경찰서,N,0,18,2026-02-06,3500000,인천광역시 동구
01,비둘기아파트경로당,대구광역시,달서구,27290,대구광역시 달서구 상화로 373,대구광역시 달서구 상인동 1564,35.80868638,128.5550282,30,대구광역시 달서구,053-667-3081,대구달서경찰서,N,0,20,2026-02-03,3470000,대구광역시 달서구
01,두류공원,대구광역시,달서구,27290,대구광역시 달서구 공원순환로 36,대구광역시 달서구 두류동 588-3,35.85089625,128.5587881,50,대구광역시 달서구,053-667-3081,대구성서경찰서,N,0,30,2026-02-03,3470000,대구광역시 달서구
01,성서노인종합복지관,대구광역시,달서구,27290,대구광역시 달서구 선원로 203,대구광역시 달서구 용산동 505-4,35.85952931,128.5149226,50,대구광역시 달서구,053-667-3081,대구성서경찰서,N,0,33,2026-02-03,3470000,대구광역시 달서구
01,"대구성로원, 대구샘노인요양센터",대구광역시,달서구,27290,대구광역시 달서구 진천로3길 80,대구광역시 달서구 진천동 700,35.81048743,128.521247,30,대구광역시 달서구,053-667-3081,대구달서경찰서,Y,2,6~8,2026-02-03,3470000,대구광역시 달서구
01,달서노인종합복지관,대구광역시,달서구,27290,대구광역시 달서구 학산로 140,대구광역시 달서구 본동 804-2,35.83328112,128.5418069,40,대구광역시 달서구,053-667-3081,대구달서경찰서,Y,1,20~23,2026-02-03,3470000,대구광역시 달서구
2,대구안식원,대구광역시,북구,27230,대구광역시 북구 복현로20길 52(복현동),대구광역시 북구 복현동 49,35.9038463,128.6228260,30,대구광역시 북구청,053-665-3164,북부경찰서,N,,,2026-01-26,3450000,대구광역시 북구
1,새나래재가센터,대구광역시,북구,27230,대구광역시 북구 경대로 7길 60,대구광역시 북구 대현동 25-13,35.8856942,128.6094673,30,대구광역시 북구청,053-665-3164,북부경찰서,N,,,2026-01-26,3450000,대구광역시 북구
1,도남실버복지센터,대구광역시,북구,27230,대구광역시 북구 도남길 148-46,대구광역시 북구 도남동 623-4,35.9734145,128.5833054,30,대구광역시 북구청,053-665-3164,강북경찰서,N,,,2026-01-26,3450000,대구광역시 북구
1,북구노인복지관,대구광역시,북구,27230,대구광역시 북구 성북로 49(침산3동),대구광역시 북구 침산동 521-2,35.8918793,128.5888970,30,대구광역시 북구청,053-665-3164,북부경찰서,N,,,2026-01-26,3450000,대구광역시 북구
1,산격1동경로당,대구광역시,북구,27230,대구광역시 북구 연암로 86(산격1동),대구광역시 북구 산격동 848-62,35.8924202,128.5948154,30,대구광역시 북구청,053-665-3164,북부경찰서,N,,,2026-01-26,3450000,대구광역시 북구
1,"노원1,2가경로당",대구광역시,북구,27230,대구광역시 북구 노원로16길 88(노원동),대구광역시 북구 노원동2가 71-6,35.8925182,128.5746405,30,대구광역시 북구청,053-665-3164,북부경찰서,N,,,2026-01-26,3450000,대구광역시 북구
1,함지노인복지관,대구광역시,북구,27230,대구광역시 북구 동암로 180(구암동),대구광역시 북구 구암동 773-1,35.9428968,128.5703237,30,대구광역시 북구청,053-665-3164,강북경찰서,N,,,2026-01-26,3450000,대구광역시 북구
1,대불노인복지관,대구광역시,북구,27230,대구광역시 북구 검단로 8-14(복현2동),대구광역시 북구 복현동 536,35.8986818,128.6169046,30,대구광역시 북구청,053-665-3164,북부경찰서,N,,,2026-01-26,3450000,대구광역시 북구
1,침산노인대학,대구광역시,북구,27230,대구광역시 북구 침산남로 19(노원동),대구광역시 북구 노원동1가 211,35.8885659,128.5781000,30,대구광역시 북구청,053-665-3164,북부경찰서,N,,,2026-01-26,3450000,대구광역시 북구
1,강북노인복지관,대구광역시,북구,27230,대구광역시 북구 칠곡중앙대로91길 21(관음동),대구광역시 북구 관음동 1372,35.9362398,128.5466986,30,대구광역시 북구청,053-665-3164,강북경찰서,N,,,2026-01-26,3450000,대구광역시 북구
01,평화양로원,부산광역시,사하구,33400,부산광역시 사하구 승학로233번길 49,부산광역시 사하구 괴정동 1065-1,35.10420817,128.98960573,30,부산광역시 사하구청,051-220-4552,부산사하경찰서,Y,2,8,2026-01-13,3340000,부산광역시 사하구
01,몰운대종합사회복지관,부산광역시,사하구,33400,부산광역시 사하구 다대낙조2길 17,부산광역시 사하구 다대동 1548-12,35.05122732,128.96354981,30,부산광역시 사하구청,051-220-4552,부산사하경찰서,N,0,11,2026-01-13,3340000,부산광역시 사하구
01,사하구 종합사회복지관,부산광역시,사하구,33400,부산광역시 사하구 감내1로 127,부산광역시 사하구 감천동 12-278,35.09369360,129.00799016,30,부산광역시 사하구청,051-220-4552,부산사하경찰서,Y,1,6,2026-01-13,3340000,부산광역시 사하구
01,사하사랑채노인복지관,부산광역시,사하구,33400,부산광역시 사하구 사리로 35,부산광역시 사하구 괴정동 284-1,35.10303523,128.99873850,30,부산광역시 사하구청,051-220-4552,부산사하경찰서,N,0,11,2026-01-13,3340000,부산광역시 사하구
01,사하구노인복지회관,부산광역시,사하구,33400,부산광역시 사하구 하신번영로 155,부산광역시 사하구 신평동 630-8,35.09640249,128.96000412,30,부산광역시 사하구청,051-220-4552,부산사하경찰서,Y,2,14,2026-01-13,3340000,부산광역시 사하구
01,구평종합사회복지관,부산광역시,사하구,33400,부산광역시 사하구 을숙도대로 744,부산광역시 사하구 구평동 125-23,35.08563996,128.98671825,30,부산광역시 사하구청,051-220-4552,부산사하경찰서,Y,1,24,2026-01-13,3340000,부산광역시 사하구
1,참사랑실버케어센터,서울특별시,강서구,11500,서울특별시 강서구 까치산로 106,서울특별시 강서구 화곡동 970-2,37.54754447,126.8492819,30,서울특별시 강서구청,02-2600-4137,서울강서경찰서,N,,7~10,2026-01-01,3150000,서울특별시 강서구
1,봄날실버센터,서울특별시,강서구,11500,서울특별시 강서구 금낭화로 39,서울특별시 강서구 방화동 592-23,37.56892226,126.8114862,30,서울특별시 강서구청,02-2600-4137,서울강서경찰서,N,,21,2026-01-01,3150000,서울특별시 강서구
1,봄날서울요양원,서울특별시,강서구,11500,서울특별시 강서구 양천로1길 100,서울특별시 강서구 방화동 486-6,37.57415382,126.8092615,30,서울특별시 강서구청,02-2600-4137,서울강서경찰서,N,,5~8,2026-01-01,3150000,서울특별시 강서구
1,호선실버센터,서울특별시,강서구,11500,서울특별시 강서구 수명로2길 96,서울특별시 강서구 내발산동 746,37.55130577,126.8278583,30,서울특별시 강서구청,02-2600-4137,서울강서경찰서,N,,16,2026-01-01,3150000,서울특별시 강서구
1,화곡노인복지센터,서울특별시,강서구,11500,서울특별시 강서구 월정로30길 96,서울특별시 강서구 화곡동 366-1,37.53546801,126.8410987,30,서울특별시 강서구청,02-2600-4137,서울강서경찰서,N,,7.5~8,2026-01-01,3150000,서울특별시 강서구
1,연지어르신복지센터,서울특별시,강서구,11500,서울특별시 강서구 화곡로58길 30-7,서울특별시 강서구 화곡동 1121-19,37.55241466,126.8526628,30,서울특별시 강서구청,02-2600-4137,서울강서경찰서,N,,5.0~11,2026-01-01,3150000,서울특별시 강서구
1,봉제산어른신복지센터,서울특별시,강서구,11500,서울특별시 강서구 초록마을로15길 12,서울특별시 강서구 화곡동 산 41-16,37.54152282,126.8514079,30,서울특별시 강서구청,02-2600-4137,서울강서경찰서,N,,4~8.5,2026-01-01,3150000,서울특별시 강서구
1,곰달래어르신복지센터,서울특별시,강서구,11500,서울특별시 강서구 강서로5길 50,서울특별시 강서구 화곡동 890,37.52905997,126.8488982,30,서울특별시 강서구청,02-2600-4137,서울강서경찰서,N,,7.5~12,2026-01-01,3150000,서울특별시 강서구
1,가양시니어스타워,서울특별시,강서구,11500,서울특별시 강서구 화곡로68길 102,서울특별시 강서구 등촌동 637,37.55698878,126.8593316,30,서울특별시 강서구청,02-2600-4137,서울강서경찰서,N,,6~10,2026-01-01,3150000,서울특별시 강서구
1,천사노인요양원,서울특별시,강서구,11500,서울특별시 강서구 강서로45다길 30-22,서울특별시 강서구 화곡동 1010,37.5466919,126.8334856,30,서울특별시 강서구청,02-2600-4137,서울강서경찰서,N,,6,2026-01-01,3150000,서울특별시 강서구
1,등촌4종합복지과경로당,서울특별시,강서구,11500,서울특별시 강서구 공항대로39길 59,서울특별시 강서구 등촌동 690,37.56225915,126.8428951,30,서울특별시 강서구청,02-2600-4137,서울강서경찰서,N,,12,2026-01-01,3150000,서울특별시 강서구
1,강서노인종합복지관,서울특별시,강서구,11500,서울특별시 강서구 화곡로61길 85,서울특별시 강서구 등촌동 661-4,37.5581232,126.8475516,30,서울특별시 강서구청,02-2600-4137,서울강서경찰서,N,,8,2026-01-01,3150000,서울특별시 강서구
1,삼선실버복지센터,서울특별시,성북구,30700,서울특별시 성북구 삼선교로18길 41,서울특별시 성북구 삼선동5가 2-2,37.589181,127.014061,30,서울특별시 성북구청,02-2241-2532,서울특별시 성북경찰서,Y,1,6,2026-02-02,3070000,서울특별시 성북구
1,대한노인회 성북지회,서울특별시,성북구,30700,서울특별시 성북구 안암로 79,서울특별시 성북구 안암동5가 104-37,37.58319356,127.0296908,30,서울특별시 성북구청,02-2241-2527,서울특별시 성북경찰서,N,0,5~30,2026-02-02,3070000,서울특별시 성북구
1,정릉1동커뮤니티센터,서울특별시,성북구,30700,서울특별시 성북구 정릉로38가길 6 (정릉동),서울특별시 성북구 정릉동 16-182,37.6020662,127.0183808,30,서울특별시 성북구청,02-2241-2542,서울특별시 성북경찰서,N,0,6,2026-02-02,3070000,서울특별시 성북구
1,석관실버복지센터,서울특별시,성북구,30700,서울특별시 성북구 화랑로32길 88 (석관동),서울특별시 성북구 석관동 261-394,37.60670952,127.0582634,30,서울특별시 성북구청,02-2241-2532,서울특별시 종암경찰서,N,0,8,2026-02-02,3070000,서울특별시 성북구
1,정릉실버복지센터,서울특별시,성북구,30700,서울특별시 성북구 솔샘로 8 (정릉동),서울특별시 성북구 정릉동 674-4,37.6082106,127.0046445,30,서울특별시 성북구청,02-2241-2532,서울특별시 성북경찰서,N,0,5~15,2026-02-02,3070000,서울특별시 성북구
1,상월곡실버복지센터,서울특별시,성북구,30700,서울특별시 성북구 화랑로18길 6 (상월곡동),서울특별시 성북구 상월곡동 97-22,37.60585269,127.0482353,30,서울특별시 성북구청,02-2241-2532,서울특별시 종암경찰서,Y,1,5~30,2026-02-02,3070000,서울특별시 성북구
1,성북노인종합복지관,서울특별시,성북구,30700,서울특별시 성북구 종암로15길 10 (종암동),서울특별시 성북구 종암동 66-14,37.59779187,127.0344116,30,서울특별시 성북구청,02-2241-2532,서울특별시 종암경찰서,Y,1,6,2026-02-02,3070000,서울특별시 성북구
1,원효로경로당,서울특별시,용산구,11170,서울특별시 용산구 원효로41가길 14-19,서울특별시 용산구 원효로3가 1-139,37.53479369,126.9565534,30,서울특별시 용산구청,02-2199-7753,서울용산경찰서,N,,5~11,2026-01-31,3020000,서울특별시 용산구
1,효창공원,서울특별시,용산구,11170,서울특별시 용산구 효창원로 177-18,,37.5447234,126.9437086,30,서울특별시 용산구청,02-2199-7753,서울용산경찰서,N,,13~14,2026-01-31,3020000,서울특별시 용산구
1,구립한남노인요양원,서울특별시,용산구,11170,서울특별시 용산구 독서당로 103,서울특별시 용산구 한남동 820,37.5356025,127.0107758,30,서울특별시 용산구청,02-2199-7753,서울용산경찰서,N,,6~7,2026-01-31,3020000,서울특별시 용산구
1,송학당경로당,서울특별시,용산구,11170,서울특별시 용산구 효창원로37라길 11,서울특별시 용산구 용문동 38-206,37.5378805,126.9581538,30,서울특별시 용산구청,02-2199-7753,서울용산경찰서,N,,4,2026-01-31,3020000,서울특별시 용산구
1,시립한남노인복지회관,서울특별시,용산구,11170,서울특별시 용산구 독서당로11길 16,서울특별시 용산구 한남동 108,37.5313392,127.0064986,30,서울특별시 용산구청,02-2199-7753,서울용산경찰서,N,,20~23,2026-01-31,3020000,서울특별시 용산구
2,성분도복지관,경기도,광주시,41610,경기도 광주시 도척면 국사봉로 159-10,경기도 광주시 도척면 진우리 661,37.31603855,127.3490543,30,경기도 광주시청,031-760-8787,경기광주경찰서,N,0,,2026-01-28,5540000,경기도 광주시
2,동현학교,경기도,광주시,41610,경기도 광주시 곤지암읍 광여로 555-55,경기도 광주시 곤지암읍 연곡리 81-3,37.37195336,127.395145,30,경기도 광주시청,031-760-8787,경기광주경찰서,N,0,,2026-01-28,5540000,경기도 광주시
1,고산2리 경로당,경기도,광주시,41610,경기도 광주시 고산길 63,경기도 광주시 고산동 299-2,37.3718645128,127.2256364429,30,경기도 광주시청,031-760-8787,경기광주경찰서,N,0,,2026-01-28,5540000,경기도 광주시
1,귀여1리 경로당,경기도,광주시,41610,경기도 광주시 남종면 귀여길 28,경기도 광주시 남종면 귀여리 319-6,37.5074607162,127.319722282,30,경기도 광주시청,031-760-8787,경기광주경찰서,N,0,,2026-01-28,5540000,경기도 광주시
1,유정1리 경로당,경기도,광주시,41610,경기도 광주시 도척면 도척로 770,경기도 광주시 도척면 유정리 368-3,37.288554,127.321022,30,경기도 광주시청,031-760-8787,경기광주경찰서,N,0,,2026-01-28,5540000,경기도 광주시
1,문형1통 경로당,경기도,광주시,41610,경기도 광주시 봉골길 123,경기도 광주시 문형동 119,37.354847,127.2029223866,30,경기도 광주시청,031-760-8787,경기광주경찰서,N,0,,2026-01-28,5540000,경기도 광주시
1,문형3통 경로당,경기도,광주시,41610,경기도 광주시 오포로355번길 14,경기도 광주시 문형동 685-2,37.343958,127.198735,30,경기도 광주시청,031-760-8787,경기광주경찰서,N,0,,2026-01-28,5540000,경기도 광주시
1,매산1통 경로당,경기도,광주시,41610,경기도 광주시 매자리길 94-30,경기도 광주시 매산동 200,37.3527070386,127.2555367,30,경기도 광주시청,031-760-8787,경기광주경찰서,N,0,,2026-01-28,5540000,경기도 광주시
1,지월2리 경로당,경기도,광주시,41610,경기도 광주시 초월읍 경수길 130,경기도 광주시 초월읍 지월리 448,37.41958643,127.296908,30,경기도 광주시청,031-760-8787,경기광주경찰서,N,0,,2026-01-28,5540000,경기도 광주시
1,도웅1리 경로당,경기도,광주시,41610,경기도 광주시 도척면 독고개길 294,경기도 광주시 도척면 도웅리 273,37.33975815,127.3042293,30,경기도 광주시청,031-760-8787,경기광주경찰서,N,0,,2026-01-28,5540000,경기도 광주시
1,귀여2리 경로당,경기도,광주시,41610,경기도 광주시 남종면 제청말길 12,경기도 광주시 남종면 귀여리 545-2,37.50569683,127.3120718,30,경기도 광주시청,031-760-8787,경기광주경찰서,N,0,,2026-01-28,5540000,경기도 광주시
1,오리 경로당,경기도,광주시,41610,경기도 광주시 퇴촌면 산수로 1382,경기도 광주시 퇴촌면 오리 35,37.47717891,127.3053036,30,경기도 광주시청,031-760-8787,경기광주경찰서,N,0,,2026-01-28,5540000,경기도 광주시
1,진우1리 경로당,경기도,광주시,41610,경기도 광주시 도척면 진말길 13,경기도 광주시 도척면 진우리 441-1,37.32192728,127.3347195,30,경기도 광주시청,031-760-8787,경기광주경찰서,N,0,,2026-01-28,5540000,경기도 광주시
1,로뎀요양원,경기도,광주시,41610,경기도 광주시 광남안로 325,경기도 광주시 목동 253,37.38884818,127.1975395,30,경기도 광주시청,031-760-8787,경기광주경찰서,N,0,,2026-01-28,5540000,경기도 광주시
1,봉현1리 경로당,경기도,광주시,41610,경기도 광주시 곤지암읍 새재길190번길 3,경기도 광주시 곤지암읍 봉현리 316,37.34184548,127.4044879,30,경기도 광주시청,031-760-8787,경기광주경찰서,Y,1,,2026-01-28,5540000,경기도 광주시
1,중대2통 경로당,경기도,광주시,41610,경기도 광주시 순암로 246,경기도 광주시 중대동 141-1,37.40037553,127.2246606,30,경기도 광주시청,031-760-8787,경기광주경찰서,Y,1,,2026-01-28,5540000,경기도 광주시
1,송정5통 경로당,경기도,광주시,41610,경기도 광주시 광주대로129번길 11-12,경기도 광주시 송정동 108-1,37.41707765,127.2576019,30,경기도 광주시청,031-760-8787,경기광주경찰서,Y,1,,2026-01-28,5540000,경기도 광주시
1,지월1리 경로당,경기도,광주시,41610,경기도 광주시 초월읍 지월로 55,경기도 광주시 초월읍 지월리 332-5,37.41376808,127.2964575,30,경기도 광주시청,031-760-8787,경기광주경찰서,Y,2,,2026-01-28,5540000,경기도 광주시
1,목리 옥토골 노인정,경기도,광주시,41610,경기도 광주시 광남안로129번길 5,경기도 광주시 목동 17-4,37.38467635,127.2152512,30,경기도 광주시청,031-760-8787,경기광주경찰서,N,0,,2026-01-28,5540000,경기도 광주시
1,노인복지관 오포센터,경기도,광주시,41610,경기도 광주시 오포읍 오포로 885,경기도 광주시 오포읍 고산리 253-3,37.36937978,127.2313746,30,경기도 광주시청,031-760-8787,경기광주경찰서,Y,2,,2026-01-28,5540000,경기도 광주시
1,지월5리 경로당,경기도,광주시,41610,경기도 광주시 초월읍 현산로 298,경기도 광주시 초월읍 지월리 596,37.41368743,127.2906915,30,경기도 광주시청,031-760-8787,경기광주경찰서,Y,1,,2026-01-28,5540000,경기도 광주시
1,송정2통노인정,경기도,광주시,41610,경기도 광주시 중앙로 309,경기도 광주시 송정동 528-9,37.42723812,127.2574818,30,경기도 광주시청,031-760-8787,경기광주경찰서,Y,1,,2026-01-28,5540000,경기도 광주시
1,작은안나의집,경기도,광주시,41610,경기도 광주시 도척면 도척로 882-9,경기도 광주시 도척면 유정리 579-1,37.29038943,127.3082577,30,경기도 광주시청,031-760-8787,경기광주경찰서,N,0,,2026-01-28,5540000,경기도 광주시
1,노인복지회관,경기도,광주시,41610,경기도 광주시 파발로 202,경기도 광주시 탄벌동 18-1,37.41690466,127.2500002,30,경기도 광주시청,031-760-8787,경기광주경찰서,Y,2,,2026-01-28,5540000,경기도 광주시
1,벽오경로당,강원특별자치도,동해시,51170,강원특별자치도 동해시 강원남부로 4707,강원특별자치도 동해시 단봉동 513,37.4707129716,129.1156432264,40,강원특별자치도 동해시청,033-530-2520,동해경찰서,N,0,7,2026-01-16,4211000,강원특별자치도 동해시
1,금곡경로당,강원특별자치도,동해시,51170,강원특별자치도 동해시 삼화로 233,강원특별자치도 동해시 삼화동 433-2,37.4770131856,129.048156882,40,강원특별자치도 동해시청,033-530-2520,동해경찰서,N,0,13,2026-01-16,4211000,강원특별자치도 동해시
1,쇄운경로당,강원특별자치도,동해시,51170,강원특별자치도 동해시 효자로 534,강원특별자치도 동해시 쇄운동 312-1,37.485559119,129.095179679,40,강원특별자치도 동해시청,033-530-2520,동해경찰서,N,0,23,2026-01-16,4211000,강원특별자치도 동해시
1,신흥경로당,강원특별자치도,동해시,51170,강원특별자치도 동해시 서동로 825-4,강원특별자치도 동해시 신흥동 196-3,37.51965941,129.0210031,30,강원특별자치도 동해시청,033-530-2520,동해경찰서,Y,1,7,2026-01-16,4211000,강원특별자치도 동해시
1,소학경로당,강원특별자치도,동해시,51170,강원특별자치도 동해시 삼화로 85-23,강원특별자치도 동해시 삼화동 34-21,37.48291389,129.0621193,30,강원특별자치도 동해시청,033-530-2520,동해경찰서,N,0,14,2026-01-16,4211000,강원특별자치도 동해시
1,묵호노인종합복지관,강원특별자치도,동해시,51170,강원특별자치도 동해시 향로2길 48,강원특별자치도 동해시 발한동 198-1,37.54534345,129.1065173,30,강원특별자치도 동해시청,033-530-2520,동해경찰서,Y,1,5~7,2026-01-16,4211000,강원특별자치도 동해시
1,동해시노인종합복지관,강원특별자치도,동해시,51170,강원특별자치도 동해시 감추7길 50,강원특별자치도 동해시 천곡동 84-14,37.51506325,129.1227256,30,강원특별자치도 동해시청,033-530-2520,동해경찰서,Y,1,7,2026-01-16,4211000,강원특별자치도 동해시
1,전류1리 마을회관,경기도,김포시,41570,경기도 김포시 월하로912번길 67-24,경기도 김포시 하성면 전류리 137,37.703029,126.656113,30,경기도 김포시,031-980-2871,김포경찰서,N,,,2025-12-22,4090000,경기도 김포시
1,동을산1리 경로당,경기도,김포시,41570,경기도 김포시 월하로652번길 194,경기도 김포시 통진읍 동을산리 116-2,37.70288621,126.6209427,30,경기도 김포시,031-980-2871,김포경찰서,N,,,2025-12-22,4090000,경기도 김포시
1,대벽4리 노인회관,경기도,김포시,41570,경기도 김포시 대곶남로 48,경기도 김포시 대곶면 대벽리 689-62,37.605489,126.577614,30,경기도 김포시,031-980-2871,김포경찰서,N,,,2025-12-22,4090000,경기도 김포시
1,귀전2리 마을회관,경기도,김포시,41570,경기도 김포시 월하로 515,경기도 김포시 통진읍 귀전리 522-4,37.71236262,126.6130019,30,경기도 김포시,031-980-2871,김포경찰서,N,,,2025-12-22,4090000,경기도 김포시
1,초원지3리 경로당,경기도,김포시,41570,경기도 김포시 대곶북로68번길 68,경기도 김포시 대곶면 초원지리 495-13,37.6608522,126.5931523,30,경기도 김포시,031-980-2871,김포경찰서,N,,,2025-12-22,4090000,경기도 김포시
2,김포시장애인복지관,경기도,김포시,41570,경기도 김포시 김포한강3로 291,경기도 김포시 장기동 1888-18,37.64171447,126.6587441,30,경기도 김포시,031-980-2871,김포경찰서,N,,,2025-12-22,4090000,경기도 김포시
2,예지원,경기도,김포시,41570,경기도 김포시 월곶면 용강로 377,경기도 김포시 월곶면 용강리 315-155,37.752252,126.5593146,30,경기도 김포시,031-980-2871,김포경찰서,N,,,2025-12-22,4090000,경기도 김포시
1,고양1리 마을회관,경기도,김포시,41570,경기도 김포시 월곶면 고양로 115번길 209,경기도 김포시 월곶면 고양리 450-6,37.687825,126.553705,30,경기도 김포시,031-980-2871,김포경찰서,N,,,2025-12-22,4090000,경기도 김포시
1,율생4리 노인회관,경기도,김포시,41570,경기도 김포시 대곶면 종생로 115번길 9,경기도 김포시 대곶면 율생리 100-17,37.646115,126.5989228,30,경기도 김포시,031-980-2871,김포경찰서,N,,,2025-12-22,4090000,경기도 김포시
1,율생3리 경로당,경기도,김포시,41570,경기도 김포시 대곶면 종생로 30-12,경기도 김포시 대곶면 율생리 306-4,37.648575,126.590136,30,경기도 김포시,031-980-2871,김포경찰서,N,,,2025-12-22,4090000,경기도 김포시
1,대명2리 마을회관,경기도,김포시,41570,경기도 김포시 대곶면 대곶로 86-17,경기도 김포시 대곶면 대명리 636,37.65257724,126.5531545,30,경기도 김포시,031-980-2871,김포경찰서,N,,,2025-12-22,4090000,경기도 김포시
1,포내2리 마을회관,경기도,김포시,41570,경기도 김포시 월곶면 김포대로2970번길39,경기도 김포시 월곶면 포내리 76-3,37.7260915,126.5379972,30,경기도 김포시,031-980-2871,김포경찰서,N,,,2025-12-22,4090000,경기도 김포시
1,쇄암리 마을회관,경기도,김포시,41570,경기도 김포시 대곶면 쇄암로128,경기도 김포시 대곶면 쇄암리 284-8,37.67889007,126.5417885,30,경기도 김포시,031-980-2871,김포경찰서,N,,,2025-12-22,4090000,경기도 김포시
1,약암1리 경로당,경기도,김포시,41570,경기도 김포시 대곶면 약암로948번길 10,경기도 김포시 대곶면 약암리 503-3,37.63851755,126.5538106,30,경기도 김포시,031-980-2871,김포경찰서,N,,,2025-12-22,4090000,경기도 김포시
2,해맑은마음터,경기도,김포시,41570,경기도 김포시 대곶면 율생중앙로 89,경기도 김포시 대곶면 율생리 472-5,37.6552084,126.5801928,30,경기도 김포시,031-980-2871,김포경찰서,N,,,2025-12-22,4090000,경기도 김포시
1,고막리 마을회관,경기도,김포시,41570,경기도 김포시 월곶면 김포대학로 232,경기도 김포시 월곶면 고막리 305,37.72531201,126.5577128,30,경기도 김포시,031-980-2871,김포경찰서,N,,,2025-12-22,4090000,경기도 김포시
1,갈산3리 경로당,경기도,김포시,41570,경기도 김포시 월곶면 오리정로 107-25,경기도 김포시 월곶면 갈산리 518-11,37.70373482,126.5597977,30,경기도 김포시,031-980-2871,김포경찰서,N,,,2025-12-22,4090000,경기도 김포시
1,양촌읍 노인복지회관,경기도,김포시,41570,경기도 김포시 양촌읍 양곡1로68번길 37,경기도 김포시 양촌읍 양곡리 1554,37.65720114,126.6254312,30,경기도 김포시,031-980-2871,김포경찰서,N,,,2025-12-22,4090000,경기도 김포시
1,김포재가노인지원센터,경기도,김포시,41570,경기도 김포시 월곶면 김포대로 2857-39,경기도 김포시 월곶면 포내리 168-2,37.71745774,126.5359521,30,경기도 김포시,031-980-2871,김포경찰서,N,,,2025-12-22,4090000,경기도 김포시
1,김포시 노인복지회관,경기도,김포시,41570,경기도 김포시 사우중로74번길 48,경기도 김포시 사우동 865,37.62223641,126.7226196,30,경기도 김포시,031-980-2871,김포경찰서,Y,,,2025-12-22,4090000,경기도 김포시
01,배탈고개경로당,경기도,구리시,41310,경기도 구리시 동구릉로 48,경기도 구리시 인창동 575-18번지,37.60438513,127.1337197,50,경기도 구리시,031-550-2702,구리경찰서,Y,1,,2025-12-19,3980000,경기도 구리시
01,여성노인회관,경기도,구리시,41310,경기도 구리시 건원대로34번길 32-20,경기도 구리시 인창동 673-5번지,37.60342526,127.1418616,30,경기도 구리시,031-550-2702,구리경찰서,Y,2,,2025-12-19,3980000,경기도 구리시
2,아담중증장애인거주시설,대전광역시,유성구,30200,대전광역시 유성구 학하중앙로128번길 23-15,대전광역시 유성구 학하동 721-18,36.340022,127.306856,30,대전광역시 유성구청,042-611-2588,대전유성경찰서,N,,,2026-01-13,3670000,대전광역시 유성구
2,유성구장애인종합복지관,대전광역시,유성구,30200,대전광역시 유성구 북유성대로 166,대전광역시 유성구 죽동 600,36.381412,127.323364,30,대전광역시 유성구청,042-611-2588,대전유성경찰서,N,,,2026-01-13,3670000,대전광역시 유성구
1,성북2통경로당,대전광역시,유성구,30200,대전광역시 유성구 성북로154번길 331,대전광역시 유성구 성북동 375-1,36.307013,127.293836,30,대전광역시 유성구청,042-611-2588,대전유성경찰서,N,,,2026-01-13,3670000,대전광역시 유성구
1,대정3통경로당,대전광역시,유성구,30200,대전광역시 유성구 원계산로77번길 17,대전광역시 유성구 대정동 386-8,36.320503,127.305977,30,대전광역시 유성구청,042-611-2588,대전유성경찰서,N,,,2026-01-13,3670000,대전광역시 유성구
1,복용 1통 노인회관,대전광역시,유성구,30200,대전광역시 유성구 진잠옛로265번길 33,대전광역시 유성구 복용동 349,36.342144,127.317418,30,대전광역시 유성구청,042-611-2588,대전유성경찰서,N,,,2026-01-13,3670000,대전광역시 유성구
1,구암11통경로당,대전광역시,유성구,30200,대전광역시 유성구 계룡로16번길 83,대전광역시 유성구 구암동 603-1,36.352866,127.331037,30,대전광역시 유성구청,042-611-2588,대전유성경찰서,N,,,2026-01-13,3670000,대전광역시 유성구
1,도룡동 경로당,대전광역시,유성구,30200,대전광역시 유성구 문지로 23,대전광역시 유성구 도룡동 산 22-1,36.388996,127.381335,30,대전광역시 유성구청,042-611-2588,대전유성경찰서,N,,,2026-01-13,3670000,대전광역시 유성구
1,계산1통경로당,대전광역시,유성구,30200,대전광역시 유성구 원계산로 140,대전광역시 유성구 계산동 104-3,36.325871,127.304157,30,대전광역시 유성구청,042-611-2588,대전유성경찰서,N,,,2026-01-13,3670000,대전광역시 유성구
1,학하1통경로당,대전광역시,유성구,30200,대전광역시 유성구 진잠옛로175번길 30,대전광역시 유성구 학하동 574-5,36.335548,127.311379,30,대전광역시 유성구청,042-611-2588,대전유성경찰서,N,,,2026-01-13,3670000,대전광역시 유성구
1,장대8통경로당,대전광역시,유성구,30200,대전광역시 유성구 현충원로 519-4,대전광역시 유성구 장대동 220-19,36.359207,127.328626,30,대전광역시 유성구청,042-611-2588,대전유성경찰서,N,,,2026-01-13,3670000,대전광역시 유성구
1,교촌3통경로당,대전광역시,유성구,30200,대전광역시 유성구 유성대로155번길 24,대전광역시 유성구 교촌동 469-3,36.311595,127.315554,30,대전광역시 유성구청,042-611-2588,대전유성경찰서,N,,,2026-01-13,3670000,대전광역시 유성구
1,"원내6,7통경로당",대전광역시,유성구,30200,대전광역시 유성구 진잠로70번길 30,대전광역시 유성구 원내동 340-7,36.298107,127.317832,30,대전광역시 유성구청,042-611-2588,대전유성경찰서,Y,,,2026-01-13,3670000,대전광역시 유성구
1,봉명6통할머니경로당,대전광역시,유성구,30200,대전광역시 유성구 계룡로74번길 79-15,대전광역시 유성구 봉명동 557-5,36.351117,127.338872,30,대전광역시 유성구청,042-611-2588,대전유성경찰서,Y,,,2026-01-13,3670000,대전광역시 유성구
1,신성동경로당,대전광역시,유성구,30200,대전광역시 유성구 신성로72번안길 42,대전광역시 유성구 신성동 129,36.390801,127.350498,30,대전광역시 유성구청,042-611-2588,대전유성경찰서,Y,,,2026-01-13,3670000,대전광역시 유성구
1,봉명희망마을경로당,대전광역시,유성구,30200,대전광역시 유성구 유성대로680번길 126,대전광역시 유성구 봉명동 463-35,36.352397,127.337349,30,대전광역시 유성구청,042-611-2588,대전유성경찰서,Y,,,2026-01-13,3670000,대전광역시 유성구
1,복용2통경로당,대전광역시,유성구,30200,대전광역시 유성구 복용동로 87,대전광역시 유성구 복용동 121-2,36.33763865,127.324565,30,대전광역시 유성구청,042-611-2588,대전유성경찰서,Y,,,2026-01-13,3670000,대전광역시 유성구
1,관평1통경로당,대전광역시,유성구,30200,대전광역시 유성구 관용로 44,대전광역시 유성구 관평동 542-13,36.414926,127.381367,30,대전광역시 유성구청,042-611-2588,대전유성경찰서,Y,,,2026-01-13,3670000,대전광역시 유성구
1,창리경로당,대전광역시,유성구,30200,대전광역시 유성구 유성대로694번길 23-1,대전광역시 유성구 구암동 588-10,36.355213,127.333089,30,대전광역시 유성구청,042-611-2588,대전유성경찰서,Y,,,2026-01-13,3670000,대전광역시 유성구
1,전민제1경로당,대전광역시,유성구,30200,대전광역시 유성구 전민로18번길 22,대전광역시 유성구 전민동 369-1,36.39774465,127.403202,30,대전광역시 유성구청,042-611-2588,대전유성경찰서,Y,,,2026-01-13,3670000,대전광역시 유성구
1,외삼1통경로당,대전광역시,유성구,30200,대전광역시 유성구 외삼로 196,대전광역시 유성구 외삼동 366,36.403225,127.311795,30,대전광역시 유성구청,042-611-2588,대전유성경찰서,Y,,,2026-01-13,3670000,대전광역시 유성구
1,궁동할머니경로당,대전광역시,유성구,30200,대전광역시 유성구 농대로15번길 25,대전광역시 유성구 궁동 428-1,36.361622,127.351664,30,대전광역시 유성구청,042-611-2588,대전유성경찰서,Y,,,2026-01-13,3670000,대전광역시 유성구
1,궁동3통경로당,대전광역시,유성구,30200,대전광역시 유성구 궁동로 60,대전광역시 유성구 궁동 72-3,36.364001,127.351229,30,대전광역시 유성구청,042-611-2588,대전유성경찰서,Y,,,2026-01-13,3670000,대전광역시 유성구
1,외삼2통경로당,대전광역시,유성구,30200,대전광역시 유성구 외삼로 70,대전광역시 유성구 외삼동 178-2,36.399582,127.316989,30,대전광역시 유성구청,042-611-2588,대전유성경찰서,Y,,,2026-01-13,3670000,대전광역시 유성구
1,원내2통경로당,대전광역시,유성구,30200,대전광역시 유성구 진잠로102번길 50,대전광역시 유성구 원내동 206-5,36.300696,127.318248,30,대전광역시 유성구청,042-611-2588,대전유성경찰서,Y,,,2026-01-13,3670000,대전광역시 유성구
1,구룡2통경로당,대전광역시,유성구,30200,대전광역시 유성구 구룡달전로 266,대전광역시 유성구 구룡동 산6-5,36.450471,127.364289,30,대전광역시 유성구청,042-611-2588,대전유성경찰서,Y,,,2026-01-13,3670000,대전광역시 유성구
1,구암2통경로당,대전광역시,유성구,30200,대전광역시 유성구 계룡로52번길 77,대전광역시 유성구 구암동 609-1,36.351624,127.335776,30,대전광역시 유성구청,042-611-2588,대전유성경찰서,Y,,,2026-01-13,3670000,대전광역시 유성구
1,봉산4통경로당,대전광역시,유성구,30200,대전광역시 유성구 봉산로36번길 7,대전광역시 유성구 봉산동 199-4,36.437029,127.386997,30,대전광역시 유성구청,042-611-2588,대전유성경찰서,Y,,,2026-01-13,3670000,대전광역시 유성구
1,뿌리경로당,대전광역시,유성구,30200,대전광역시 유성구 관들5길 14,대전광역시 유성구 관평동 1248,36.422858,127.392004,30,대전광역시 유성구청,042-611-2588,대전유성경찰서,Y,,,2026-01-13,3670000,대전광역시 유성구
1,사회복지법인 사랑의집,대전광역시,유성구,30200,대전광역시 유성구 송정길6번길 156,대전광역시 유성구 송정동 196,36.285343,127.260841,30,대전광역시 유성구청,042-611-2588,대전유성경찰서,Y,,,2026-01-13,3670000,대전광역시 유성구
1,유성구 노인복지관,대전광역시,유성구,30200,대전광역시 유성구 가정로 15,대전광역시 유성구 신성동 372,36.384547,127.344024,30,대전광역시 유성구청,042-611-2588,대전유성경찰서,Y,,,2026-01-13,3670000,대전광역시 유성구
1,정림공굴안결도아,대전광역시,서구,30170,대전광역시 서구 계백로1307번길 51(정림동),,36.311134,127.368087,30,대전광역시 서구청,042-288-4123,대전광역시 서부경찰서,N,,,2026-01-05,3660000,대전광역시 서구
1,변동갓골경로당,대전광역시,서구,30170,대전광역시 서구 중반4길 23 (변동),,36.327427,127.382703,30,대전광역시 서구청,042-288-4123,대전광역시 서부경찰서,N,,,2026-01-05,3660000,대전광역시 서구
1,변정경로당,대전광역시,서구,30170,대전광역시 서구 변정3길 18 (변동),,36.323327,127.382713,30,대전광역시 서구청,042-288-4123,대전광역시 서부경찰서,N,,,2026-01-05,3660000,대전광역시 서구
1,산적골경로당,대전광역시,서구,30170,대전광역시 서구 사마4길 25 (도마동),,36.316982,127.375825,30,대전광역시 서구청,042-288-4123,대전광역시 서부경찰서,N,,,2026-01-05,3660000,대전광역시 서구
1,세심경로당,대전광역시,서구,30170,대전광역시 서구 도마17길 60 (도마동),,36.319878,127.381549,30,대전광역시 서구청,042-288-4123,대전광역시 서부경찰서,N,,,2026-01-05,3660000,대전광역시 서구
1,도마1경로당,대전광역시,서구,30170,대전광역시 서구 도마시장1길 88 (도마동),,36.31528791,127.381217,30,대전광역시 서구청,042-288-4123,대전광역시 서부경찰서,N,,,2026-01-05,3660000,대전광역시 서구
1,가장골경로당,대전광역시,서구,30170,대전광역시 서구 동서대로1005번길 78 (내동),,36.335571,127.376902,30,대전광역시 서구청,042-288-4123,대전광역시 서부경찰서,N,,,2026-01-05,3660000,대전광역시 서구
1,한아름실버케어센터,대전광역시,서구,30170,대전광역시 서구 계룡로 688 (용문동,,36.33520481,127.3963925,30,대전광역시 서구청,042-288-4123,대전광역시 서부경찰서,N,,,2026-01-05,3660000,대전광역시 서구
1,유등노인복지관,대전광역시,서구,30170,대전광역시 서구 도솔로 182 (도마동),,36.32696971,127.374245,30,대전광역시 서구청,042-288-4123,대전광역시 서부경찰서,N,,,2026-01-05,3660000,대전광역시 서구
1,신성아파트경로당,대전광역시,서구,30170,"대전광역시 서구 동서대로1014번길 26 (내동, 신성아파트)",,36.331543,127.373426,30,대전광역시 서구청,042-288-4123,대전광역시 서부경찰서,N,,,2026-01-05,3660000,대전광역시 서구
1,연광실버타운,대전광역시,서구,30170,대전광역시 서구 영골길 159 (오동),,36.22588689,127.3138486,30,대전광역시 서구청,042-288-4123,대전광역시 서부경찰서,N,,,2026-01-05,3660000,대전광역시 서구
1,엠마오양로원,대전광역시,서구,30170,대전광역시 서구 금평6길 18 (흑석동),,36.25258748,127.3409605,30,대전광역시 서구청,042-288-4123,대전광역시 서부경찰서,N,,,2026-01-05,3660000,대전광역시 서구
1,봉곡1경로당,대전광역시,서구,30170,대전광역시 서구 세점길 630 (봉곡동),,36.275511,127.320503,30,대전광역시 서구청,042-288-4123,대전광역시 서부경찰서,N,,,2026-01-05,3660000,대전광역시 서구
1,원정1경로당,대전광역시,서구,30170,대전광역시 서구 노적골길 2 (원정동),,36.258097,127.301402,30,대전광역시 서구청,042-288-4123,대전광역시 서부경찰서,N,,,2026-01-05,3660000,대전광역시 서구
1,우명2경로당,대전광역시,서구,30170,대전광역시 서구 우명길 46 (우명동),,36.224226,127.294896,30,대전광역시 서구청,042-288-4123,대전광역시 서부경찰서,N,,,2026-01-05,3660000,대전광역시 서구
1,오동경로당,대전광역시,서구,30170,대전광역시 서구 장전길 49 (오동),,36.229744,127.317094,30,대전광역시 서구청,042-288-4123,대전광역시 서부경찰서,N,,,2026-01-05,3660000,대전광역시 서구
1,평촌2경로당,대전광역시,서구,30170,대전광역시 서구 길마루길 49 (평촌동),,36.239433,127.3156229,30,대전광역시 서구청,042-288-4123,대전광역시 서부경찰서,N,,,2026-01-05,3660000,대전광역시 서구
1,평촌1경로당,대전광역시,서구,30170,대전광역시 서구 길평길 5 (평촌동),,36.23904547,127.318426,30,대전광역시 서구청,042-288-4123,대전광역시 서부경찰서,N,,,2026-01-05,3660000,대전광역시 서구
1,장안1경로당,대전광역시,서구,30170,대전광역시 서구 장안로 560 (장안동),,36.213732,127.336841,30,대전광역시 서구청,042-288-4123,대전광역시 서부경찰서,N,,,2026-01-05,3660000,대전광역시 서구
1,산직1경로당,대전광역시,서구,30170,대전광역시 서구 용바위길 1 (산직동),,36.2354227,127.342465,30,대전광역시 서구청,042-288-4123,대전광역시 서부경찰서,N,,,2026-01-05,3660000,대전광역시 서구
1,한민경로당,대전광역시,서구,30170,대전광역시 서구 도솔로308번길 25-1 (괴정동),,36.334788,127.383904,30,대전광역시 서구청,042-288-4123,대전광역시 서부경찰서,N,,,2026-01-05,3660000,대전광역시 서구
1,신선암경로당,대전광역시,서구,30170,대전광역시 서구 관저로129번길 26 (관저동),,36.300025,127.336501,30,대전광역시 서구청,042-288-4123,대전광역시 서부경찰서,N,,,2026-01-05,3660000,대전광역시 서구
1,백야경로당,대전광역시,서구,30170,대전광역시 서구 가수원로17-16 (가수원동),,36.296843,127.354442,30,대전광역시 서구청,042-288-4123,대전광역시 서부경찰서,N,,,2026-01-05,3660000,대전광역시 서구
1,월평경로당,대전광역시,서구,30170,대전광역시 서구 월평로27번길 1,,36.356779,127.360154,30,대전광역시 서구청,042-288-4123,대전광역시 서부경찰서,N,,,2026-01-05,3660000,대전광역시 서구
1,건능골경로당,대전광역시,서구,30170,대전광역시 서구 갈마로103번길 41 (갈마동),,36.344854,127.371592,30,대전광역시 서구청,042-288-4123,대전광역시 서부경찰서,N,,,2026-01-05,3660000,대전광역시 서구
1,갈마제1경로당,대전광역시,서구,30170,대전광역시 서구 신갈마로167번길 20 (갈마동),,36.348768,127.367104,30,대전광역시 서구청,042-288-4123,대전광역시 서부경찰서,N,,,2026-01-05,3660000,대전광역시 서구
1,삼천경로당,대전광역시,서구,30170,대전광역시 서구 둔산남로191번길 24 (둔산동),,36.350059,127.398913,30,대전광역시 서구청,042-288-4123,대전광역시 서부경찰서,N,,,2026-01-05,3660000,대전광역시 서구
1,남산경로당,대전광역시,서구,30170,대전광역시 서구 도솔로483번길 81 (탄방동),,36.344998,127.399687,30,대전광역시 서구청,042-288-4123,대전광역시 서부경찰서,N,,,2026-01-05,3660000,대전광역시 서구
1,서구노인복지관,대전광역시,서구,30170,대전광역시 서구 남선로 66 (탄방동),,36.346078,127.397607,30,대전광역시 서구청,042-288-4123,대전광역시 서부경찰서,N,,,2026-01-05,3660000,대전광역시 서구
1,명암경로당,대전광역시,서구,30170,대전광역시 서구 계백로1249번안길 36-36 (정림동),,36.31139697,127.358364,30,대전광역시 서구청,042-288-4123,대전광역시 서부경찰서,N,,,2026-01-05,3660000,대전광역시 서구
1,공굴안경로당,대전광역시,서구,30170,대전광역시 서구 계백로1307번길 51 (정림동),,36.31096605,127.367432,30,대전광역시 서구청,042-288-4123,대전광역시 서부경찰서,N,,,2026-01-05,3660000,대전광역시 서구
1,서빛마루시니어센터,광주광역시,서구,29140,광주광역시 서구 풍암공원로 30,광주광역시 서구 풍암동 산 13,35.13101937,126.880611,30,광주광역시,062-613-4653,광주광역시서부경찰서,N,0,,2026-01-05,3600000,광주광역시 서구
1,중촌경로당,광주광역시,서구,29140,광주광역시 서구 서창길 16-1,광주광역시 서구 서창동 427-37,35.10750358,126.8211701,30,광주광역시,062-613-4653,광주광역시서부경찰서,N,0,,2026-01-05,3600000,광주광역시 서구
1,양호경로당,광주광역시,서구,29140,광주광역시 서구 구성로33번길 3,광주광역시 서구 양동 245-18,35.15254405,126.9014085,30,광주광역시,062-613-4653,광주광역시서부경찰서,Y,10,,2026-01-05,3600000,광주광역시 서구
1,마산경로당,광주광역시,서구,29140,광주광역시 서구 눌재로 573,광주광역시 서구 벽진동 633-3,35.12820209,126.8307921,30,광주광역시,062-613-4653,광주광역시서부경찰서,N,0,,2026-01-05,3600000,광주광역시 서구
1,서창게이트볼장,광주광역시,서구,29140,광주광역시 서구 서창둑길 18,광주광역시 서구 서창동 1044-8,35.10961636,126.8213398,30,광주광역시,062-613-4653,광주광역시서부경찰서,Y,5,,2026-01-05,3600000,광주광역시 서구
1,동명전문요양원,광주광역시,서구,29140,광주광역시 서구 송암로143번길 21,광주광역시 서구 풍암동 산 119-1,35.11263381,126.8675966,30,광주광역시,062-613-4653,광주광역시서부경찰서,Y,3,,2026-01-05,3600000,광주광역시 서구
1,인화경로당,광주광역시,서구,29140,광주광역시 서구 광천효광길 7,광주광역시 서구 광천동 680-1,35.16784318,126.8795802,30,광주광역시,062-613-4653,광주광역시서부경찰서,Y,6,,2026-01-05,3600000,광주광역시 서구
1,푸름공원,광주광역시,서구,29140,광주광역시 서구 금화로115번길 52,광주광역시 서구 금호동 743-1,35.13720801,126.861032,30,광주광역시,062-613-4653,광주광역시서부경찰서,Y,6,,2026-01-05,3600000,광주광역시 서구
1,쌍학공원,광주광역시,서구,29140,광주광역시 서구 화정로85번길 26,광주광역시 서구 쌍촌동 1205,35.14717048,126.8666378,30,광주광역시,062-613-4653,광주광역시서부경찰서,Y,7,,2026-01-05,3600000,광주광역시 서구
1,베데스다요양원,광주광역시,서구,29140,광주광역시 서구 회재유통길 64,광주광역시 서구 매월동 623,35.11311698,126.8524082,30,광주광역시,062-613-4653,광주광역시서부경찰서,Y,3,,2026-01-05,3600000,광주광역시 서구
1,세실리아요양원,광주광역시,서구,29140,광주광역시 서구 죽봉대로120번길 20-4,광주광역시 서구 광천동 10-8,35.16309809,126.8855454,30,광주광역시,062-613-4653,광주광역시서부경찰서,Y,3,,2026-01-05,3600000,광주광역시 서구
1,새몰경로당,광주광역시,서구,29140,광주광역시 서구 천변우하로 301,광주광역시 서구 유촌동 168-9,35.16597345,126.8544151,30,광주광역시,062-613-4653,광주광역시서부경찰서,Y,2,,2026-01-05,3600000,광주광역시 서구
1,서구노인복지관,광주광역시,서구,29140,광주광역시 서구 군분2로 55,광주광역시 서구 화정동 23-231,35.15797172,126.8806161,30,광주광역시,062-613-4653,광주광역시서부경찰서,Y,3,,2026-01-05,3600000,광주광역시 서구
2,충현복지관,서울특별시,강남구,11680,서울특별시 강남구 논현로98길 16,서울특별시 강남구 역삼동 669-3,37.50366425,127.036970,30,서울특별시 강남구,02-3423-6402,서울강남경찰서,Y,,,2026-01-27,3220000,서울특별시 강남구
2,성모자애복지관,서울특별시,강남구,11680,서울특별시 강남구 헌릉로757길 35,서울특별시 강남구 율현동 110,37.47056749,127.119380,30,서울특별시 강남구,02-3423-6402,서울수서경찰서,N,,,2026-01-27,3220000,서울특별시 강남구
2,역삼주간보호센터,서울특별시,강남구,11680,서울특별시 강남구 테헤란로8길 36,서울특별시 강남구 역삼동 827-61,37.496424,127.0320288,30,서울특별시 강남구,02-3423-6402,서울수서경찰서,N,,,2026-01-27,3220000,서울특별시 강남구
1,강남스포츠문화센터,서울특별시,강남구,11680,서울특별시 강남구 밤고개로1길 52,서울특별시 강남구 수서동 718,37.48900105,127.105273,30,서울특별시 강남구,02-3423-6402,서울수서경찰서,Y,,,2026-01-27,3220000,서울특별시 강남구
1,압구정노인복지센터,서울특별시,강남구,11680,서울특별시 강남구 도산대로53길 5,서울특별시 강남구 신사동 652-13,37.523519,127.038167,30,서울특별시 강남구,02-3423-6402,서울강남경찰서,Y,,,2026-01-27,3220000,서울특별시 강남구
1,학수정데이케어센터,서울특별시,강남구,11680,서울특별시 강남구 도산대로17길 45,서울특별시 강남구 신사동 544-29,37.521378,127.023502,30,서울특별시 강남구,02-3423-6402,서울강남경찰서,Y,,,2026-01-27,3220000,서울특별시 강남구
1,대치노인복지센터,서울특별시,강남구,11680,서울특별시 강남구 역삼로 69길 22,서울특별시 강남구 대치동 901-4,37.503015,127.054106,30,서울특별시 강남구,02-3423-6402,서울수서경찰서,Y,,,2026-01-27,3220000,서울특별시 강남구
1,강남시니어플라자,서울특별시,강남구,11680,서울특별시 강남구 봉은사로 332,서울특별시 강남구 역삼동 682-8,37.509792,127.0432194,30,서울특별시 강남구,02-3423-6402,서울강남경찰서,Y,,,2026-01-27,3220000,서울특별시 강남구
1,한마음노인복지센터,서울특별시,강남구,11680,서울특별시 강남구 논현로 136길 5-8,서울특별시 강남구 논현동 80-11,37.516415,127.030415,30,서울특별시 강남구,02-3423-6402,서울강남경찰서,Y,,,2026-01-27,3220000,서울특별시 강남구
1,강남구노인종합복지관,서울특별시,강남구,11680,서울특별시 강남구 삼성로 628,서울특별시 강남구 삼성동 66,37.5159099,127.052119,50,서울특별시 강남구,02-3423-6402,서울강남경찰서,Y,,,2026-01-27,3220000,서울특별시 강남구
1,논현노인종합복지관,서울특별시,강남구,11680,서울특별시 강남구 강남대로128길 59,서울특별시 강남구 논현동 125-13,37.51206542,127.026071,30,서울특별시 강남구,02-3423-6402,서울강남경찰서,Y,,,2026-01-27,3220000,서울특별시 강남구
2,밀알천사,서울특별시,강남구,11680,서울특별시 강남구 양재대로55길 13,서울특별시 강남구 일원동 644-2,37.49164784,127.0875892,30,서울특별시 강남구,02-3423-6402,서울수서경찰서,Y,,,2026-01-27,3220000,서울특별시 강남구
2,강남세움복지관,서울특별시,강남구,11680,서울특별시 강남구 광평로60길 22,서울특별시 강남구 수서동 721,37.48698724,127.1069501,30,서울특별시 강남구,02-3423-6402,서울수서경찰서,N,,,2026-01-27,3220000,서울특별시 강남구
2,다니엘의집4호,서울특별시,강남구,11680,서울특별시 강남구 도산대로 4길 14-5,서울특별시 강남구 논현동 16-14,37.5153213,127.020927,30,서울특별시 강남구,02-3423-6402,서울수서경찰서,Y,,,2026-01-27,3220000,서울특별시 강남구
1,강남70플러스라운지,서울특별시,강남구,11680,서울특별시 강남구 남부순환로378길 20,서울특별시 강남구 도곡동 420-10,37.48498254,127.0460984,30,서울특별시 강남구,02-3423-6402,서울수서경찰서,N,,,2026-01-27,3220000,서울특별시 강남구
1,더시그넘하우스,서울특별시,강남구,11680,서울특별시 강남구 자곡로 204-25,서울특별시 강남구 자곡동 664,37.47322941,127.1037792,30,서울특별시 강남구,02-3423-6402,서울수서경찰서,Y,,,2026-01-27,3220000,서울특별시 강남구
1,서울시니어스타워,서울특별시,강남구,11680,서울특별시 강남구 자곡로 100-2,서울특별시 강남구 자곡동 631,37.4714954,127.095746,30,서울특별시 강남구,02-3423-6402,서울수서경찰서,Y,,,2026-01-27,3220000,서울특별시 강남구
1,서울요양원,서울특별시,강남구,11680,서울특별시 강남구 헌릉로 590길 50,서울특별시 강남구 세곡동 520,37.4613719,127.1040205,30,서울특별시 강남구,02-3423-6402,서울수서경찰서,Y,,,2026-01-27,3220000,서울특별시 강남구
1,대한노인회강남지회,서울특별시,강남구,11680,서울특별시 강남구 선릉로 706,서울특별시 강남구 청담동 40-33,37.518054,127.041219,30,서울특별시 강남구,02-3423-6402,서울강남경찰서,Y,,,2026-01-27,3220000,서울특별시 강남구
1,궁동종합사회복지관,서울특별시,구로구,11530,서울특별시 구로구 오리로22길 5,서울특별시 구로구 궁동 108-9,37.49913459,126.8295642,30,서울특별시 구로구,02-860-3192,서울구로경찰서,N,,5~7,2026-01-12,3160000,서울특별시 구로구
1,삼농실버마을,서울특별시,구로구,11530,서울특별시 구로구 오류로8길 84,서울특별시 구로구 오류동 147,37.49237519,126.8447564,30,서울특별시 구로구,02-860-3192,서울구로경찰서,Y,,3~5,2026-01-12,3160000,서울특별시 구로구
1,구로노인종합복지관,서울특별시,구로구,11530,서울특별시 구로구 새말로16길 7,서울특별시 구로구 구로동 25-1,37.50524075,126.8906167,30,서울특별시 구로구,02-860-3192,서울구로경찰서,N,,13~15,2026-01-12,3160000,서울특별시 구로구
1,천태2구경로당,충청남도,홍성군,44800,충청남도 홍성군 장곡면 무한로 1379,충청남도 홍성군 장곡면 천태리 94-2,36.52539056,126.7673699,30,충청남도 홍성군청,041-630-1446,충남홍성경찰서,N,0,8,2025-12-31,4600000,충청남도 홍성군
1,대현1구경로당,충청남도,홍성군,44800,충청남도 홍성군 장곡면 홍남동로832번길 9,충청남도 홍성군 장곡면 대현리 458-9,36.49677553,126.7258907,30,충청남도 홍성군청,041-630-1446,충남홍성경찰서,N,0,6,2025-12-31,4600000,충청남도 홍성군
1,묵동경로당,충청남도,홍성군,44800,충청남도 홍성군 서부면 홍남서로461번길 17,충청남도 홍성군 서부면 판교리 468,36.54327013,126.5292731,30,충청남도 홍성군청,041-630-1446,충남홍성경찰서,N,0,6.5,2025-12-31,4600000,충청남도 홍성군
1,상반월경로당,충청남도,홍성군,44800,충청남도 홍성군 홍동면 홍장남로582번길 10,충청남도 홍성군 홍동면 운월리 68,36.54775567,126.6906055,30,충청남도 홍성군청,041-630-1446,충남홍성경찰서,N,0,6,2025-12-31,4600000,충청남도 홍성군
1,판교경로당,충청남도,홍성군,44800,충청남도 홍성군 서부면 홍남서로375번길 5,충청남도 홍성군 서부면 판교리 1065,36.54346818,126.5183899,30,충청남도 홍성군청,041-630-1446,충남홍성경찰서,N,0,8,2025-12-31,4600000,충청남도 홍성군
1,송촌경로당,충청남도,홍성군,44800,충청남도 홍성군 서부면 서부로 194,충청남도 홍성군 서부면 어사리 219-5,36.56521313,126.4920029,50,충청남도 홍성군청,041-630-1446,충남홍성경찰서,N,0,8,2025-12-31,4600000,충청남도 홍성군
1,신리경로당,충청남도,홍성군,44800,충청남도 홍성군 서부면 홍보로 1531,충청남도 홍성군 서부면 신리 51,36.54238982,126.5041733,30,충청남도 홍성군청,041-630-1446,충남홍성경찰서,N,0,6.5,2025-12-31,4600000,충청남도 홍성군
1,화봉경로당,충청남도,홍성군,44800,충청남도 홍성군 은하면 홍남로 225,충청남도 홍성군 은하면 화봉리 399-1,36.51354027,126.5942249,30,충청남도 홍성군청,041-630-1446,충남홍성경찰서,N,0,8,2025-12-31,4600000,충청남도 홍성군
1,대천경로당,충청남도,홍성군,44800,충청남도 홍성군 은하면 은하로 261,충청남도 홍성군 은하면 대천리 234-6,36.53216094,126.5898174,30,충청남도 홍성군청,041-630-1446,충남홍성경찰서,N,0,6.5,2025-12-31,4600000,충청남도 홍성군
1,장곡경로당,충청남도,홍성군,44800,충청남도 홍성군 장곡면 홍남동로474번길 7-10,충청남도 홍성군 장곡면 도산리 461-7,36.50378824,126.6911869,30,충청남도 홍성군청,041-630-1446,충남홍성경찰서,N,0,8,2025-12-31,4600000,충청남도 홍성군
1,월계1구경로당,충청남도,홍성군,44800,충청남도 홍성군 장곡면 장곡동길 660,충청남도 홍성군 장곡면 월계리 53,36.53757312,126.7390179,30,충청남도 홍성군청,041-630-1446,충남홍성경찰서,N,0,6,2025-12-31,4600000,충청남도 홍성군
1,도산1구경로당,충청남도,홍성군,44800,충청남도 홍성군 장곡면 장곡길 735,충청남도 홍성군 장곡면 도산리 468-1,36.50325054,126.6923454,30,충청남도 홍성군청,041-630-1446,충남홍성경찰서,N,0,8,2025-12-31,4600000,충청남도 홍성군
1,산성1구경로당,충청남도,홍성군,44800,충청남도 홍성군 장곡면 무한로 987,충청남도 홍성군 장곡면 산성리 168,36.49722761,126.7444304,30,충청남도 홍성군청,041-630-1446,충남홍성경찰서,N,0,8,2025-12-31,4600000,충청남도 홍성군
1,동방송경로당,충청남도,홍성군,44800,충청남도 홍성군 홍북읍 홍북로 375,충청남도 홍성군 홍북읍 대동리 262-7,36.6435211,126.6917974,30,충청남도 홍성군청,041-630-1446,충남홍성경찰서,N,0,6.5,2025-12-31,4600000,충청남도 홍성군
1,당산경로당,충청남도,홍성군,44800,충청남도 홍성군 홍북읍 금북로 456,충청남도 홍성군 홍북읍 갈산리 294-4,36.65695033,126.723606,30,충청남도 홍성군청,041-630-1446,충남홍성경찰서,N,0,6.5,2025-12-31,4600000,충청남도 홍성군
1,소암경로당,충청남도,홍성군,44800,충청남도 홍성군 광천읍 홍남로 854,충청남도 홍성군 광천읍 소암리 147-3,36.51153956,126.6414297,30,충청남도 홍성군청,041-630-1446,충남홍성경찰서,N,0,8,2025-12-31,4600000,충청남도 홍성군
1,장수원,충청남도,홍성군,44800,충청남도 홍성군 은하면 구성남로 381,충청남도 홍성군 은하면 금국리 529-4,36.55238033,126.5694567,30,충청남도 홍성군청,041-630-1446,충남홍성경찰서,N,0,6.5,2025-12-31,4600000,충청남도 홍성군
1,홍성군노인종합복지관,충청남도,홍성군,44800,충청남도 홍성군 홍성읍 내포로 146번길 30-11,충청남도 홍성군 홍성읍 옥암리 956,36.59715491,126.654646,30,충청남도 홍성군청,041-630-1446,충남홍성경찰서,N,0,7,2025-12-31,4600000,충청남도 홍성군
2,부천혜림원,경기도,부천시,41194,경기도 부천시 소사구 경인로304번길 26,경기도 부천시 소사구 심곡본동 523-99,37.480757,126.788515,30,경기도 부천시청,032-625-3844,부천소사경찰서,N,0,6,2025-12-30,3860000,경기도 부천시
2,부천시시각장애인협회,경기도,부천시,41192,경기도 부천시 원미구 옥산로10번길 4,경기도 부천시 원미구 중동 1118,37.494497,126.7804957,30,경기도 부천시청,032-625-3844,부천원미경찰서,N,0,8,2025-12-30,3860000,경기도 부천시
1,오정노인복지관(본관),경기도,부천시,41196,경기도 부천시 오정구 소사로669번길 10,경기도 부천시 오정구 여월동 10-46,37.516448,126.8033043,30,경기도 부천시청,032-625-3844,부천오정경찰서,N,0,6,2025-12-30,3860000,경기도 부천시
1,옥길LH1단지경로당,경기도,부천시,41194,경기도 부천시 소사구 양지로 134,경기도 부천시 소사구 옥길동 701-1,37.4708006,126.8180116,50,경기도 부천시청,032-625-3844,부천소사경찰서,N,0,22,2025-12-30,3860000,경기도 부천시
1,부천삼광전문요양원,경기도,부천시,41192,경기도 부천시 원미구 석천로 81,경기도 부천시 원미구 상동 416-3,37.49472544,126.7607691,30,경기도 부천시청,032-625-3844,부천원미경찰서,N,0,15,2025-12-30,3860000,경기도 부천시
1,원미노인복지관,경기도,부천시,41192,경기도 부천시 원미구 부천로136번길 27,경기도 부천시 원미구 원미동 71,37.49673274,126.7875117,30,경기도 부천시청,032-625-3844,부천원미경찰서,Y,1,6,2025-12-30,3860000,경기도 부천시
1,소사노인복지관,경기도,부천시,41194,경기도 부천시 소사구 경인옛로 73,경기도 부천시 소사구 소사본동 64,37.480045,126.799946,30,경기도 부천시청,032-625-3844,부천소사경찰서,Y,8,12,2025-12-30,3860000,경기도 부천시
1,시립노인병원,경기도,부천시,41196,경기도 부천시 오정구 까치로 26,경기도 부천시 오정구 작동 405,37.50918148,126.808382,50,경기도 부천시청,032-625-3844,부천오정경찰서,Y,1,12,2025-12-30,3860000,경기도 부천시
1,오정노인복지관,경기도,부천시,41196,경기도 부천시 오정구 성오로 172,경기도 부천시 오정구 오정동 129,37.528346,126.796028,30,경기도 부천시청,032-625-3844,부천오정경찰서,N,0,10,2025-12-30,3860000,경기도 부천시
2,사랑의집,충청남도,천안시 동남구,44131,충청남도 천안시 동남구 청당산업길 88 (구룡동) 청당산업길88,충청남도 천안시 동남구 구룡동 181-1,36.76780416,127.1576865,50,충청남도 천안시 동남구,041-521-5884,천안동남경찰서,N,,18,2024-06-20,4490000,충청남도 천안시
1,대홍4리경로당,충청남도,천안시 서북구,44133,충청남도 천안시 서북구 성환읍 천안대로 2157,충청남도 천안시 서북구 성환읍 성환리 496-8,36.93128935,127.133965,30,충청남도 천안시 서북구,041-521-5884,천안서북경찰서,N,,3,2024-06-20,4490000,충청남도 천안시
1,매주3리노인회관,충청남도,천안시 서북구,44133,충청남도 천안시 서북구 성환읍 연암율금로 389,충청남도 천안시 서북구 성환읍 매주리 362-4,36.90914374,127.1212931,30,충청남도 천안시 서북구,041-521-5884,천안서북경찰서,N,,6,2024-06-20,4490000,충청남도 천안시
1,판정2리 노인회관,충청남도,천안시 서북구,44133,충청남도 천안시 서북구 직산읍 산직촌길 15-4,충청남도 천안시 서북구 직산읍 판정리 351-27,36.90974751,127.1709315,30,충청남도 천안시 서북구,041-521-5884,천안서북경찰서,N,,6,2024-06-20,4490000,충청남도 천안시
1,율금2리 노인회관,충청남도,천안시 서북구,44133,충청남도 천안시 서북구 성환읍 율금1길 261,충청남도 천안시 서북구 성환읍 율금리 611-2,36.9037329,127.1074923,30,충청남도 천안시 서북구,041-521-5884,천안서북경찰서,Y,3,5,2024-06-20,4490000,충청남도 천안시
1,신두2리 경로당,충청남도,천안시 서북구,44133,충청남도 천안시 서북구 입장면 율목길 17-7,충청남도 천안시 서북구 입장면 신두리 42-12,36.91338394,127.2035936,30,충청남도 천안시 서북구,041-521-5884,천안서북경찰서,N,,6,2024-06-20,4490000,충청남도 천안시
1,마정1리노인회관,충청남도,천안시 서북구,44133,충청남도 천안시 서북구 직산읍 금곡로 235,충청남도 천안시 서북구 직산읍 마정리 105-2,36.8796266,127.0993042,30,충청남도 천안시 서북구,041-521-5884,천안서북경찰서,Y,2,6,2024-06-20,4490000,충청남도 천안시
1,석곡리 노인회관,충청남도,천안시 서북구,44133,충청남도 천안시 서북구 직산읍 연암율금로 27,충청남도 천안시 서북구 직산읍 석곡리 97-12,36.88895775,127.0907778,30,충청남도 천안시 서북구,041-521-5884,천안서북경찰서,Y,1,6,2024-06-20,4490000,충청남도 천안시
1,도림리 노인회관,충청남도,천안시 서북구,44133,충청남도 천안시 서북구 입장면 성진로 1176,충청남도 천안시 서북구 입장면 도림리 64-5,36.91478159,127.2594277,30,충청남도 천안시 서북구,041-521-5884,천안서북경찰서,Y,2,7,2024-06-20,4490000,충청남도 천안시
1,양대리 경로당,충청남도,천안시 서북구,44133,충청남도 천안시 서북구 입장면 위례성로 1764-3,충청남도 천안시 서북구 입장면 양대리 142,36.8999216,127.2599656,30,충청남도 천안시 서북구,041-521-5884,천안서북경찰서,N,,6,2024-06-20,4490000,충청남도 천안시
1,천안시노인종합복지관,충청남도,천안시 서북구,44133,충청남도 천안시 서북구 미라11길 16 (쌍용동) 천안시노인종합복지관,충청남도 천안시 서북구 쌍용동 1038,36.80427974,127.1292871,30,충청남도 천안시 서북구,041-521-5884,천안서북경찰서,Y,2,6,2024-06-20,4490000,충청남도 천안시
1,수헐리노인회관,충청남도,천안시 서북구,44133,충청남도 천안시 서북구 직산읍 군수1길 13,충청남도 천안시 서북구 직산읍 수헐리 7-11,36.8948365090,127.1381852246,30,충청남도 천안시 서북구,041-521-5884,천안서북경찰서,Y,2,6,2024-06-20,4490000,충청남도 천안시
1,사라리노인회관,충청남도,천안시 서북구,44133,충청남도 천안시 서북구 2공단1로 37 (성성동),충청남도 천안시 서북구 성성동 481-11,36.84695028,127.1184019,30,충청남도 천안시 서북구,041-521-5884,천안서북경찰서,N,,6,2024-06-20,4490000,충청남도 천안시
1,봉서당노인회관,충청남도,천안시 서북구,44133,"충청남도 천안시 서북구 쌍용11길 57 (쌍용동, 주공7단지1차아파트) 봉서당노인회관",충청남도 천안시 서북구 쌍용동 1284,36.80249447,127.1264293,30,충청남도 천안시 서북구,041-521-5884,천안서북경찰서,N,,,2024-06-20,4490000,충청남도 천안시
1,용원3리 경로당,충청남도,천안시 동남구,44131,충청남도 천안시 동남구 성남면 도장로 379,충청남도 천안시 동남구 성남면 용원리 392-2,36.7503864,127.2091184,30,충청남도 천안시 동남구,041-521-5884,천안동남경찰서,N,,9,2024-06-20,4490000,충청남도 천안시
1,매당3리 경로당,충청남도,천안시 동남구,44131,충청남도 천안시 동남구 광덕면 광풍로 951,충청남도 천안시 동남구 광덕면 매당리 281-2,36.7092156,127.1129376,30,충청남도 천안시 동남구,041-521-5884,천안동남경찰서,N,,9,2024-06-20,4490000,충청남도 천안시
1,도장3리 경로당,충청남도,천안시 동남구,44131,충청남도 천안시 동남구 목천읍 도장로 185-7,충청남도 천안시 동남구 목천읍 도장리 151-1,36.7519885,127.1877598,30,충청남도 천안시 동남구,041-521-5884,천안동남경찰서,N,,0,2024-06-20,4490000,충청남도 천안시
1,광덕3리경로당,충청남도,천안시 동남구,44131,충청남도 천안시 동남구 광덕면 휴암1길 5,충청남도 천안시 동남구 광덕면 광덕리 171-1,36.6777337,127.058457,30,충청남도 천안시 동남구,041-521-5884,천안동남경찰서,Y,1,6,2024-06-20,4490000,충청남도 천안시
1,신안27통 노인회관,충청남도,천안시 동남구,44131,충청남도 천안시 동남구 문암로 47 (안서동),충청남도 천안시 동남구 안서동 526-64,36.83990322,127.1790759,30,충청남도 천안시 동남구,041-521-5884,천안동남경찰서,Y,2,12,2024-06-20,4490000,충청남도 천안시
1,용원2리 경로당,충청남도,천안시 동남구,44131,충청남도 천안시 동남구 성남면 용원2길 37,충청남도 천안시 동남구 성남면 용원리 161-3,36.75479222,127.2203026,30,충청남도 천안시 동남구,041-521-5884,천안동남경찰서,N,,0,2024-06-20,4490000,충청남도 천안시
1,대흥2리 경로당,충청남도,천안시 동남구,44131,충청남도 천안시 동남구 성남면 대흥3길 9-2,충청남도 천안시 동남구 성남면 대흥리 530-2,36.7295349,127.2289946,30,충청남도 천안시 동남구,041-521-5884,천안동남경찰서,N,,12,2024-06-20,4490000,충청남도 천안시
1,대평2리노인회관,충청남도,천안시 동남구,44131,충청남도 천안시 동남구 광덕면 차령고개로 817-9,충청남도 천안시 동남구 광덕면 대평리 261-2,36.67430567,127.1445121,30,충청남도 천안시 동남구,041-521-5884,천안동남경찰서,Y,1,6,2024-06-20,4490000,충청남도 천안시
1,광덕리2구 노인회관,충청남도,천안시 동남구,44131,충청남도 천안시 동남구 광덕면 광풍로 230,충청남도 천안시 동남구 광덕면 광덕리 596-1,36.6724928,127.0509036,30,충청남도 천안시 동남구,041-521-5884,천안동남경찰서,N,,10,2024-06-20,4490000,충청남도 천안시
1,석곡1리 경로당,충청남도,천안시 동남구,44131,충청남도 천안시 동남구 성남면 약수로 302,충청남도 천안시 동남구 성남면 석곡리 6,36.74141745,127.2227304,30,충청남도 천안시 동남구,041-521-5884,천안동남경찰서,Y,1,6~8,2024-06-20,4490000,충청남도 천안시
1,매송1리 경로당,충청남도,천안시 동남구,44131,충청남도 천안시 동남구 북면 매송1길 140-16,충청남도 천안시 동남구 북면 매송리 303-6,36.8113422,127.275642,30,충청남도 천안시 동남구,041-521-5884,천안동남경찰서,N,,6,2024-06-20,4490000,충청남도 천안시
1,도장1리 경로당,충청남도,천안시 동남구,44131,충청남도 천안시 동남구 목천읍 도전마을길 3,충청남도 천안시 동남구 목천읍 도장리 328-9,36.74800481,127.1750134,30,충청남도 천안시 동남구,041-521-5884,천안동남경찰서,N,,14,2024-06-20,4490000,충청남도 천안시
1,매당1리노인회관,충청남도,천안시 동남구,44131,충청남도 천안시 동남구 광덕면 쇳골길 16,충청남도 천안시 동남구 광덕면 매당리 571-4,36.70017384,127.0987451,30,충청남도 천안시 동남구,041-521-5884,천안동남경찰서,N,,6,2024-06-20,4490000,충청남도 천안시
1,보산원1구노인회관,충청남도,천안시 동남구,44131,충청남도 천안시 동남구 광덕면 보산원4길 6,충청남도 천안시 동남구 광덕면 보산원리 299-1,36.69073967,127.0752132,30,충청남도 천안시 동남구,041-521-5884,천안동남경찰서,N,,6,2024-06-20,4490000,충청남도 천안시
1,천안시종합사회복지관,충청남도,천안시 동남구,44131,충청남도 천안시 동남구 천안대로 361 (삼룡동) 삼룡동 332-1,충청남도 천안시 동남구 삼룡동 332-1,36.7812146,127.1641566,30,충청남도 천안시 동남구,041-521-5884,천안동남경찰서,N,,12,2024-06-20,4490000,충청남도 천안시
1,천안시립노인전문병원,충청남도,천안시 동남구,44131,충청남도 천안시 동남구 목천읍 삼방로 735,충청남도 천안시 동남구 목천읍 송전리 431,36.82541955,127.2261949,30,충청남도 천안시 동남구,041-521-5884,천안동남경찰서,N,,6,2024-06-20,4490000,충청남도 천안시
1,행복나눔전문요양원,충청남도,천안시 동남구,44131,충청남도 천안시 동남구 태조산길 266 (유량동),충청남도 천안시 동남구 유량동 50,36.8205683,127.1888392,30,충청남도 천안시 동남구,041-521-5884,천안동남경찰서,N,,6,2024-06-20,4490000,충청남도 천안시
1,아우내은빛복지관,충청남도,천안시 동남구,44131,충청남도 천안시 동남구 병천면 병천2로 51,충청남도 천안시 동남구 병천면 병천리 120-3,36.76601368,127.3020983,30,충청남도 천안시 동남구,041-521-5884,천안동남경찰서,N,,,2024-06-20,4490000,충청남도 천안시
1,천안실버타운,충청남도,천안시 동남구,44131,충청남도 천안시 동남구 목천읍 운전4길 6,충청남도 천안시 동남구 목천읍 운전리 41-9,36.76529958,127.2306417,30,충청남도 천안시 동남구,041-521-5884,천안동남경찰서,N,,0,2024-06-20,4490000,충청남도 천안시
1,대흥경로당,충청남도,천안시 동남구,44131,충청남도 천안시 동남구 광덕면 광풍로 859,충청남도 천안시 동남구 광덕면 매당리 450-2,36.703442,127.1058614,30,충청남도 천안시 동남구,041-521-5884,천안동남경찰서,Y,1,6,2024-06-20,4490000,충청남도 천안시
01,청화 노인회관,경상북도,문경시,47280,경상북도 문경시 농암면 귀밑길 3,경상북도 문경시 농암면 화산리 44-4,36.58032793,127.9965025,30,경상북도 문경시청,054-550-6903,문경경찰서,N,,6,2024-06-30,5120000,경상북도 문경시
01,전곡2리 회관,경상북도,문경시,47280,경상북도 문경시 가은읍 민지길 12,경상북도 문경시 가은읍 전곡리 841-5,36.60605317,128.0160977,30,경상북도 문경시청,054-550-6903,문경경찰서,N,,6,2024-06-30,5120000,경상북도 문경시
01,성유1리 마을회관,경상북도,문경시,47280,경상북도 문경시 가은읍 성유길 6,경상북도 문경시 가은읍 성유리 11-2,36.6222868,128.0356821,30,경상북도 문경시청,054-550-6903,문경경찰서,N,,6,2024-06-30,5120000,경상북도 문경시
01,가도리 경로당,경상북도,문경시,47280,경상북도 문경시 호계면 부천로 377,경상북도 문경시 호계면 가도리 420-1,36.65093586,128.215942,30,경상북도 문경시청,054-550-6903,문경경찰서,N,,6,2024-06-30,5120000,경상북도 문경시
01,율곡1리 경로당,경상북도,문경시,47280,경상북도 문경시 영순면 율곡길 9-5,경상북도 문경시 영순면 율곡리 692-10,36.55351089,128.2335168,30,경상북도 문경시청,054-550-6903,문경경찰서,N,,6,2024-06-30,5120000,경상북도 문경시
01,완장2리 관평 경로당,경상북도,문경시,47280,경상북도 문경시 가은읍 대야로 554-3,경상북도 문경시 가은읍 완장리 652-1,36.69308737,127.8972034,30,경상북도 문경시청,054-550-6903,문경경찰서,N,,6,2024-06-30,5120000,경상북도 문경시
01,전두리 구암경로당,경상북도,문경시,47280,경상북도 문경시 산북면 전두구암길 7-4,경상북도 문경시 산북면 전두리 462-2,36.7392122,128.248849,30,경상북도 문경시청,054-550-6903,문경경찰서,N,,6,2024-06-30,5120000,경상북도 문경시
01,내서2리 경로당,경상북도,문경시,47280,경상북도 문경시 농암면 다락갈골길 7,경상북도 문경시 농암면 내서리 382,36.54497404,127.9629729,30,경상북도 문경시청,054-550-6903,문경경찰서,N,,6,2024-06-30,5120000,경상북도 문경시
01,진곡경로당,경상북도,문경시,47280,경상북도 문경시 진곡길 169,경상북도 문경시 공평동 843-3,36.60566401,128.1655027,30,경상북도 문경시청,054-550-6903,문경경찰서,N,,6,2024-06-30,5120000,경상북도 문경시
01,지천리 선유경로당,경상북도,문경시,47280,경상북도 문경시 호계면 부곡길 12,경상북도 문경시 호계면 지천리 276-4,36.66370717,128.2314778,30,경상북도 문경시청,054-550-6903,문경경찰서,N,,6,2024-06-30,5120000,경상북도 문경시
01,김용 영락경로당,경상북도,문경시,47280,경상북도 문경시 영순면 김용1길 1-7,경상북도 문경시 영순면 김용리 266-4,36.59157624,128.2154643,30,경상북도 문경시청,054-550-6903,문경경찰서,N,,6,2024-06-30,5120000,경상북도 문경시
01,전두리 경로당,경상북도,문경시,47280,경상북도 문경시 산북면 전두길 14,경상북도 문경시 산북면 전두리 392-2,36.74432854,128.2471625,30,경상북도 문경시청,054-550-6903,문경경찰서,N,,6,2024-06-30,5120000,경상북도 문경시
01,초록요양원,경상북도,문경시,47280,경상북도 문경시 농암면 무운로 212,경상북도 문경시 농암면 갈동리 15-5,36.58222246,128.0215551,30,경상북도 문경시청,054-550-6903,문경경찰서,N,,6,2024-06-30,5120000,경상북도 문경시
01,종곡2리 경로당,경상북도,문경시,47280,경상북도 문경시 농암면 종곡1길 37,경상북도 문경시 농암면 종곡리 5,36.59714742,128.0011896,30,경상북도 문경시청,054-550-6903,문경경찰서,N,,6,2024-06-30,5120000,경상북도 문경시
01,전곡3리 광탄경로당,경상북도,문경시,47280,경상북도 문경시 가은읍 은성로 343,경상북도 문경시 가은읍 전곡리 272-1,36.61530468,128.0277985,30,경상북도 문경시청,054-550-6903,문경경찰서,N,,6,2024-06-30,5120000,경상북도 문경시
01,고요1리 여성경로당,경상북도,문경시,47280,경상북도 문경시 문경읍 고요길 12,경상북도 문경시 문경읍 고요리 290,36.74222411,128.1502872,30,경상북도 문경시청,054-550-6903,문경경찰서,N,,6,2024-06-30,5120000,경상북도 문경시
01,신전2리경로당,경상북도,문경시,47280,경상북도 문경시 산양면 신기리길 1,경상북도 문경시 산양면 신전리 150-9,36.602022,128.260453,30,경상북도 문경시청,054-550-6903,문경경찰서,N,,6,2024-06-30,5120000,경상북도 문경시
01,대하1리경로당,경상북도,문경시,47280,경상북도 문경시 산북면 금천로 658,경상북도 문경시 산북면 대하리 481-1,36.66216199,128.260652,30,경상북도 문경시청,054-550-6903,문경경찰서,N,,6,2024-06-30,5120000,경상북도 문경시
01,서중리경로당,경상북도,문경시,47280,경상북도 문경시 산북면 서중길 15,경상북도 문경시 산북면 서중리 208,36.638309,128.247994,30,경상북도 문경시청,054-550-6903,문경경찰서,N,,6,2024-06-30,5120000,경상북도 문경시
01,내화리경로당,경상북도,문경시,47280,경상북도 문경시 산북면 내화1길 14-3,경상북도 문경시 산북면 내화리 677,36.68672539,128.278248,30,경상북도 문경시청,054-550-6903,문경경찰서,N,,6,2024-06-30,5120000,경상북도 문경시
01,의곡2리경로당,경상북도,문경시,47280,경상북도 문경시 영순면 영순로 207,경상북도 문경시 영순면 의곡리 402-9,36.578449,128.229732,30,경상북도 문경시청,054-550-6903,문경경찰서,N,,6,2024-06-30,5120000,경상북도 문경시
01,왕태2리경로당,경상북도,문경시,47280,경상북도 문경시 영순면 왕태2길 5,경상북도 문경시 영순면 왕태리 627-4,36.590459,128.2669059,30,경상북도 문경시청,054-550-6903,문경경찰서,N,,6,2024-06-30,5120000,경상북도 문경시
01,장자불경로당,경상북도,문경시,47280,경상북도 문경시 동로면 장자불길 15,경상북도 문경시 동로면 적성리 979-2,36.775598,128.293048,30,경상북도 문경시청,054-550-6903,문경경찰서,N,,6,2024-06-30,5120000,경상북도 문경시
01,천주경로당,경상북도,문경시,47280,경상북도 문경시 동로면 천주길 6-1,경상북도 문경시 동로면 간송리 908-1,36.73744929,128.311537,30,경상북도 문경시청,054-550-6903,문경경찰서,N,,6,2024-06-30,5120000,경상북도 문경시
01,간송2리 경로당,경상북도,문경시,47280,경상북도 문경시 동로면 금천로 2249,경상북도 문경시 동로면 간송리 288-1,36.74942108,128.3189271,30,경상북도 문경시청,054-550-6903,문경경찰서,N,,6,2024-06-30,5120000,경상북도 문경시
01,중평리 경로당,경상북도,문경시,47280,경상북도 문경시 문경읍 중평큰마길 4-3,경상북도 문경시 문경읍 중평리 381,36.79800116,128.189727,30,경상북도 문경시청,054-550-6903,문경경찰서,N,,6,2024-06-30,5120000,경상북도 문경시
01,내서1리 경로당,경상북도,문경시,47280,경상북도 문경시 농암면 청화로 767,경상북도 문경시 농암면 내서리 200-7,36.57119232,127.982618,30,경상북도 문경시청,054-550-6903,문경경찰서,N,,6,2024-06-30,5120000,경상북도 문경시
01,모곡리 경로당,경상북도,문경시,47280,경상북도 문경시 마성면 모곡1길 13,경상북도 문경시 마성면 모곡리 152-10,36.69301017,128.115526,30,경상북도 문경시청,054-550-6903,문경경찰서,N,,6,2024-06-30,5120000,경상북도 문경시
01,인곡1리 경로당,경상북도,문경시,47280,경상북도 문경시 동로면 용문경천로 255,경상북도 문경시 동로면 인곡리 213-3,36.7107878,128.3214066,30,경상북도 문경시청,054-550-6903,문경경찰서,N,,6,2024-06-30,5120000,경상북도 문경시
01,성저1리 경로당,경상북도,문경시,47280,경상북도 문경시 가은읍 성저2길 14,경상북도 문경시 가은읍 성저리 503,36.62522232,128.042457,30,경상북도 문경시청,054-550-6903,문경경찰서,N,,6,2024-06-30,5120000,경상북도 문경시
01,완장리벌바위 경로당,경상북도,문경시,47280,경상북도 문경시 가은읍 용추길 17-12,경상북도 문경시 가은읍 완장리 421-19,36.67292197,127.966869,30,경상북도 문경시청,054-550-6903,문경경찰서,N,,6,2024-06-30,5120000,경상북도 문경시
01,영동학구 경로당,경상북도,문경시,47280,경상북도 문경시 영순면 영순로 658,경상북도 문경시 영순면 오룡리 478,36.57504646,128.2751712,30,경상북도 문경시청,054-550-6903,문경경찰서,N,,6,2024-06-30,5120000,경상북도 문경시
01,존도솔광지 경로당,경상북도,문경시,47280,경상북도 문경시 산양면 잔두리2길 14,경상북도 문경시 산양면 존도리 32,36.6158002,128.2518278,30,경상북도 문경시청,054-550-6903,문경경찰서,N,,6,2024-06-30,5120000,경상북도 문경시
01,진정2리 경로당,경상북도,문경시,47280,경상북도 문경시 산양면 추산안길 20-11,경상북도 문경시 산양면 진정리 568,36.61593451,128.2336818,30,경상북도 문경시청,054-550-6903,문경경찰서,N,,6,2024-06-30,5120000,경상북도 문경시
01,우곡2리 경로당,경상북도,문경시,47280,경상북도 문경시 산북면 운달로 480,경상북도 문경시 산북면 우곡리 231-7,36.7040628,128.243015,30,경상북도 문경시청,054-550-6903,문경경찰서,N,,6,2024-06-30,5120000,경상북도 문경시
01,갈동2리 경로당,경상북도,문경시,47280,경상북도 문경시 농암면 무운로 71,경상북도 문경시 농암면 갈동리 516,36.59132402,128.0103853,30,경상북도 문경시청,054-550-6903,문경경찰서,N,,6,2024-06-30,5120000,경상북도 문경시
01,남호2리 경로당,경상북도,문경시,47280,경상북도 문경시 마성면 남호2길 38,경상북도 문경시 마성면 남호리 491-1,36.70613195,128.116481,30,경상북도 문경시청,054-550-6903,문경경찰서,N,,6,2024-06-30,5120000,경상북도 문경시
01,남호1리 경로당,경상북도,문경시,47280,경상북도 문경시 마성면 새재로 87,경상북도 문경시 마성면 남호리 78-2,36.70588226,128.1201907,30,경상북도 문경시청,054-550-6903,문경경찰서,N,,6,2024-06-30,5120000,경상북도 문경시
01,진정1리 경로당,경상북도,문경시,47280,경상북도 문경시 산양면 산남로 350,경상북도 문경시 산양면 진정리 25-1,36.60688301,128.240076,30,경상북도 문경시청,054-550-6903,문경경찰서,N,,6,2024-06-30,5120000,경상북도 문경시
01,생달1리 경로당,경상북도,문경시,47280,경상북도 문경시 동로면 약사정길 7-12,경상북도 문경시 동로면 생달리 73,36.78874772,128.2675117,30,경상북도 문경시청,054-550-6903,문경경찰서,N,,6,2024-06-30,5120000,경상북도 문경시
01,행복동산,경상북도,문경시,47280,경상북도 문경시 가은읍 대야로 2545,경상북도 문경시 가은읍 갈전리 693-9,36.64074699,128.0647815,30,경상북도 문경시청,054-550-6903,문경경찰서,N,,6,2024-06-30,5120000,경상북도 문경시
2,무지개복지센터,대전광역시,대덕구,30230,대전광역시 대덕구 대덕대로1417번길 80,대전광역시 대덕구 문평동 77-5,36.4506450406,127.4053704507,30,대전광역시 대덕구청,042-608-5296,대전광역시 대덕경찰서,N,0,11.0~12.0,2024-12-02,3680000,대전광역시 대덕구
2,대전광역시립체육재활원,대전광역시,대덕구,30230,대전광역시 대덕구 대화로 10,대전광역시 대덕구 대화동 3-3,36.3683732032,127.4188640734,30,대전광역시 대덕구청,042-608-5295,대전광역시 대덕경찰서,N,0,17~20.0,2024-12-02,3680000,대전광역시 대덕구
2,예솜동산,대전광역시,대덕구,30230,대전광역시 대덕구 신탄진로210번길 174,대전광역시 대덕구 와동 11,36.3988060853,127.4312810432,30,대전광역시 대덕구청,042-608-5294,대전광역시 대덕경찰서,Y,1,4.0~8.0,2024-12-02,3680000,대전광역시 대덕구
1,용호경로당,대전광역시,대덕구,30230,대전광역시 대덕구 대청로250번길 13,대전광역시 대덕구 용호동 40-1,36.4482999650,127.4527287464,30,대전광역시 대덕구청,042-608-5293,대전광역시 대덕경찰서,N,0,7~10,2024-12-02,3680000,대전광역시 대덕구
1,신탄진15통경로당,대전광역시,대덕구,30230,대전광역시 대덕구 석봉북로24번길 6,대전광역시 대덕구 석봉동 191-1,36.4493639827,127.4251528321,30,대전광역시 대덕구청,042-608-5293,대전광역시 대덕경찰서,N,0,7~10,2024-12-02,3680000,대전광역시 대덕구
1,신대노인복지회관,대전광역시,대덕구,30230,대전광역시 대덕구 회덕로22번길 5,대전광역시 대덕구 신대동 169-1,36.3987504225,127.4204559899,30,대전광역시 대덕구청,042-608-5293,대전광역시 대덕경찰서,N,0,7,2024-12-02,3680000,대전광역시 대덕구
1,삼정경로당,대전광역시,대덕구,30230,대전광역시 대덕구 대청로424번길 493,대전광역시 대덕구 삼정동 300-2,36.4499152191,127.4672691473,30,대전광역시 대덕구청,042-608-5293,대전광역시 대덕경찰서,N,0,4~7,2024-12-02,3680000,대전광역시 대덕구
1,비룡경로당,대전광역시,대덕구,30230,대전광역시 대덕구 우암로412번길 45,대전광역시 대덕구 비래동 149-1,36.3569005634,127.4551588641,30,대전광역시 대덕구청,042-608-5293,대전광역시 대덕경찰서,N,0,6~8,2024-12-02,3680000,대전광역시 대덕구
1,비래골경로당,대전광역시,대덕구,30230,대전광역시 대덕구 비래골길 47-8,대전광역시 대덕구 비래동 432,36.3675512877,127.4489028294,30,대전광역시 대덕구청,042-608-5293,대전광역시 대덕경찰서,N,0,3~12,2024-12-02,3680000,대전광역시 대덕구
1,장동 만민의집,대전광역시,대덕구,30230,대전광역시 대덕구 장동로 233-13,대전광역시 대덕구 장동 347-3,36.4143011928,127.4387438386,30,대전광역시 대덕구청,042-608-5293,대전광역시 대덕경찰서,Y,2,7~13.0,2024-12-02,3680000,대전광역시 대덕구
1,한라아파트경로당,대전광역시,대덕구,30230,대전광역시 대덕구 대덕대로1448번길 80,대전광역시 대덕구 신일동 1682-4,36.4439322487,127.4095315514,30,대전광역시 대덕구청,042-608-5293,대전광역시 대덕경찰서,Y,1,15~16,2024-12-02,3680000,대전광역시 대덕구
1,신일경로당,대전광역시,대덕구,30230,대전광역시 대덕구 산업단지로97번길 66,대전광역시 대덕구 신일동 21-7,36.4274291538,127.4122142925,30,대전광역시 대덕구청,042-608-5293,대전광역시 대덕경찰서,Y,1,6~9,2024-12-02,3680000,대전광역시 대덕구
1,상평경로당,대전광역시,대덕구,30230,대전광역시 대덕구 새말1길 27,대전광역시 대덕구 상서동 326-18,36.4253391235,127.4224653219,30,대전광역시 대덕구청,042-608-5293,대전광역시 대덕경찰서,N,0,6~8,2024-12-02,3680000,대전광역시 대덕구
1,태양마을경로당,대전광역시,대덕구,30230,대전광역시 대덕구 태양마을길 11,대전광역시 대덕구 평촌동 138-14,36.4376140909,127.4346716553,30,대전광역시 대덕구청,042-608-5293,대전광역시 대덕경찰서,Y,2,3,2024-12-02,3680000,대전광역시 대덕구
1,덕암1통경로당,대전광역시,대덕구,30230,대전광역시 대덕구 덕암북로48번길 26-5,대전광역시 대덕구 덕암동 4-31,36.4454874089,127.4211015459,30,대전광역시 대덕구청,042-608-5293,대전광역시 대덕경찰서,N,0,3,2024-12-02,3680000,대전광역시 대덕구
1,숯골경로당,대전광역시,대덕구,30230,대전광역시 대덕구 대청로 488,대전광역시 대덕구 미호동 300-1,36.4639077707,127.4672376282,30,대전광역시 대덕구청,042-608-5293,대전광역시 대덕경찰서,N,0,17~21,2024-12-02,3680000,대전광역시 대덕구
1,중리제1경로당,대전광역시,대덕구,30230,대전광역시 대덕구 중리남로40번길 50,대전광역시 대덕구 중리동 388-6,36.3631559250,127.4274493330,30,대전광역시 대덕구청,042-608-5293,대전광역시 대덕경찰서,Y,1,4~9,2024-12-02,3680000,대전광역시 대덕구
1,장동주민센터,대전광역시,대덕구,30230,대전광역시 대덕구 산디로15번길 63,대전광역시 대덕구 장동 336,36.4128689139,127.4410107872,30,대전광역시 대덕구청,042-608-5293,대전광역시 대덕경찰서,N,0,3~12,2024-12-02,3680000,대전광역시 대덕구
1,덤바위경로당,대전광역시,대덕구,30230,대전광역시 대덕구 덕암로181번길 39,대전광역시 대덕구 덕암동 62-16,36.4370446032,127.4205698942,30,대전광역시 대덕구청,042-608-5293,대전광역시 대덕경찰서,Y,1,8~10,2024-12-02,3680000,대전광역시 대덕구
1,보령경로당,대전광역시,대덕구,30230,대전광역시 대덕구 동춘당로23번길 22,대전광역시 대덕구 송촌동 219-3,36.3599195556,127.4449485998,30,대전광역시 대덕구청,042-608-5293,대전광역시 대덕경찰서,Y,2,6~9,2024-12-02,3680000,대전광역시 대덕구
1,여명실버케어센터,대전광역시,대덕구,30230,대전광역시 대덕구 대전로 1032번길 3,대전광역시 대덕구 오정동 472-18,36.3474210400,127.4174966882,30,대전광역시 대덕구청,042-608-5293,대전광역시 대덕경찰서,Y,0,7~9,2024-12-02,3680000,대전광역시 대덕구
1,웰스테이요양원,대전광역시,대덕구,30230,대전광역시 대덕구 덕암북로 92,대전광역시 대덕구 덕암동 13-18,36.4433652648,127.4268875042,30,대전광역시 대덕구청,042-608-5293,대전광역시 대덕경찰서,N,0,8~32,2024-12-02,3680000,대전광역시 대덕구
1,대한노인회 대덕구지회,대전광역시,대덕구,30230,대전광역시 대덕구 신탄진로681번길 10,대전광역시 대덕구 덕암동 48-16,36.4391198146,127.4260793016,30,대전광역시 대덕구청,042-608-5293,대전광역시 대덕경찰서,Y,1,13~34,2024-12-02,3680000,대전광역시 대덕구
1,목상 남해경로당,대전광역시,대덕구,30230,대전광역시 대덕구 대덕대로1504번길 27,대전광역시 대덕구 목상동 213-4,36.4484015852,127.4151563057,30,대전광역시 대덕구청,042-608-5293,대전광역시 대덕경찰서,Y,2,4~8,2024-12-02,3680000,대전광역시 대덕구
1,송촌 제1경로당,대전광역시,대덕구,30230,대전광역시 대덕구 송촌남로47번길 26,대전광역시 대덕구 송촌동 290-1,36.3567016463,127.4431071334,30,대전광역시 대덕구청,042-608-5293,대전광역시 대덕경찰서,Y,1,5~8,2024-12-02,3680000,대전광역시 대덕구
1,신촌경로당,대전광역시,대덕구,30230,대전광역시 대덕구 대전로1044번길 33,대전광역시 대덕구 오정동 453-1,36.3490064831,127.4176750399,40,대전광역시 대덕구청,042-608-5293,대전광역시 대덕경찰서,Y,1,7~8,2024-12-02,3680000,대전광역시 대덕구
1,중앙경로당,대전광역시,대덕구,30230,대전광역시 대덕구 대전로1087번길 22,대전광역시 대덕구 오정동 382-3,36.3516786151,127.4142140267,40,대전광역시 대덕구청,042-608-5293,대전광역시 대덕경찰서,Y,2,6~8,2024-12-02,3680000,대전광역시 대덕구
1,춘광경로당,대전광역시,대덕구,30230,대전광역시 대덕구 덕암로168번길 11,대전광역시 대덕구 평촌동 537-1,36.4355530118,127.4228631643,30,대전광역시 대덕구청,042-608-5293,대전광역시 대덕경찰서,N,0,8~15,2024-12-02,3680000,대전광역시 대덕구
1,노촌경로당,대전광역시,대덕구,30230,대전광역시 대덕구 오정로75번길 26,대전광역시 대덕구 오정동 311-6,36.3524672053,127.4084887965,30,대전광역시 대덕구청,042-608-5293,대전광역시 대덕경찰서,N,0,12~17,2024-12-02,3680000,대전광역시 대덕구
1,읍내경로당,대전광역시,대덕구,30230,대전광역시 대덕구 아리랑로113번길 28-13,대전광역시 대덕구 읍내동 483-49,36.3749169849,127.4188834426,30,대전광역시 대덕구청,042-608-5293,대전광역시 대덕경찰서,Y,1,8~9,2024-12-02,3680000,대전광역시 대덕구
1,비래제2경로당,대전광역시,대덕구,30230,대전광역시 대덕구 비래서로61번길 35,대전광역시 대덕구 비래동 138-4,36.3559152560,127.4517066246,30,대전광역시 대덕구청,042-608-5293,대전광역시 대덕경찰서,N,0,8,2024-12-02,3680000,대전광역시 대덕구
1,대덕구 노인종합복지관,대전광역시,대덕구,30230,대전광역시 대덕구 계족로740번길 80,대전광역시 대덕구 읍내동 517-14,36.3782574602,127.4314371439,30,대전광역시 대덕구청,042-608-5293,대전광역시 대덕경찰서,Y,2,9~13.0,2024-12-02,3680000,대전광역시 대덕구
1,선학요양원,인천광역시,연수구,28185,인천광역시 연수구 예술로20번길 75,인천광역시 연수구 선학동 96-9,37.43491827,126.7026775,30,인천광역시 연수구,032-749-8755,인천연수경찰서,N,,5,2025-03-26,3520000,인천광역시 연수구
1,해오름요양원,인천광역시,연수구,28185,인천광역시 연수구 예술로22번길 76,인천광역시 연수구 선학동 98-6,37.43541014,126.7027768,30,인천광역시 연수구,032-749-8755,인천연수경찰서,N,,6,2025-03-26,3520000,인천광역시 연수구
1,연수노인주·야간보호센터,인천광역시,연수구,28185,인천광역시 연수구 벚꽃로 120,인천광역시 연수구 연수동 592-4,37.41689319,126.6785579,30,인천광역시 연수구,032-749-8755,인천연수경찰서,N,,16,2025-03-26,3520000,인천광역시 연수구
2,밝은마음,인천광역시,연수구,28185,인천광역시 연수구 봉재산로68,인천광역시 연수구 동춘동 325-4,37.40568932,126.6650786,30,인천광역시 연수구,032-749-8755,인천연수경찰서,N,,9,2025-03-26,3520000,인천광역시 연수구
1,효도마을연수지점,인천광역시,연수구,28185,인천광역시 연수구 함박뫼로50번길 99,인천광역시 연수구 연수동 568-13,37.41896696,126.6782576,30,인천광역시 연수구,032-749-8755,인천연수경찰서,N,,6,2025-03-26,3520000,인천광역시 연수구
1,청담경로당,인천광역시,연수구,28185,인천광역시 연수구 용담로61,인천광역시 연수구 청학동 467,37.41862117,126.674218,30,인천광역시 연수구,032-749-8755,인천연수경찰서,N,,6~12,2025-03-26,3520000,인천광역시 연수구
1,옥련경로당,인천광역시,연수구,28185,인천광역시 연수구 한나루로157번길 12,인천광역시 연수구 옥련동 354-34,37.42422753,126.6546882,30,인천광역시 연수구,032-749-8755,인천연수경찰서,N,,4.5,2025-03-26,3520000,인천광역시 연수구
1,선학경로당,인천광역시,연수구,28185,인천광역시 연수구 경원대로588번길 1,인천광역시 연수구 선학동 29-1,37.43676754,126.6968255,30,인천광역시 연수구,032-749-8755,인천연수경찰서,N,,6,2025-03-26,3520000,인천광역시 연수구
1,샘말경로당,인천광역시,연수구,28185,인천광역시 연수구 샘말로68-5,인천광역시 연수구 연수동 622,37.41403612,126.680404,30,인천광역시 연수구,032-749-8755,인천연수경찰서,N,,4.5~5,2025-03-26,3520000,인천광역시 연수구
1,연수구치매안심센터,인천광역시,연수구,28185,인천광역시 연수구 예술로20번길 15,인천광역시 연수구 선학동 100-2,37.4357731,126.6995743,30,인천광역시 연수구,032-749-8755,인천연수경찰서,N,,5,2025-03-26,3520000,인천광역시 연수구
1,대암마을경로당,인천광역시,연수구,28185,인천광역시 연수구 대암로14번길 19,인천광역시 연수구 옥련동 561-10,37.4167969,126.6524781,30,인천광역시 연수구,032-749-8755,인천연수경찰서,N,,5,2025-03-26,3520000,인천광역시 연수구
1,송도노인복지관,인천광역시,연수구,28185,인천광역시 연수구 송도교육로 61,인천광역시 연수구 송도동 194-2,37.37161228,126.6598574,30,인천광역시 연수구,032-749-8755,인천연수경찰서,N,,17~22,2025-03-26,3520000,인천광역시 연수구
1,청학경로당,인천광역시,연수구,28185,인천광역시 연수구 계림로71-8,인천광역시 연수구 청학동 541-4,37.428608,126.6675337,30,인천광역시 연수구,032-749-8755,인천연수경찰서,Y,4,7,2025-03-26,3520000,인천광역시 연수구
1,양지경로당,인천광역시,연수구,28185,인천광역시 연수구 옥련로99번길 61-8,인천광역시 연수구 옥련동 260-7,37.4277184,126.6522092,30,인천광역시 연수구,032-749-8755,인천연수경찰서,Y,2,6,2025-03-26,3520000,인천광역시 연수구
1,농원경로당,인천광역시,연수구,28185,인천광역시 연수구 동곡재로156,인천광역시 연수구 동춘동 950-1,37.41351314,126.6661104,30,인천광역시 연수구,032-749-8755,인천연수경찰서,Y,5,6,2025-03-26,3520000,인천광역시 연수구
1,청학노인문화센터,인천광역시,연수구,28185,인천광역시 연수구 청학로12번길 53,인천광역시 연수구 청학동 539-2,37.4276785,126.6666124,30,인천광역시 연수구,032-749-8755,인천연수경찰서,Y,3,8,2025-03-26,3520000,인천광역시 연수구
1,청로경로당,인천광역시,연수구,28185,인천광역시 연수구 청학로27번길 32-1,인천광역시 연수구 청학동 32-25,37.4298171,126.6617071,30,인천광역시 연수구,032-749-8755,인천연수경찰서,Y,3,6,2025-03-26,3520000,인천광역시 연수구
1,덕화노인요양원,인천광역시,연수구,28185,인천광역시 연수구 청량로109번길 95,인천광역시 연수구 동춘동 822,37.4149573,126.6540076,30,인천광역시 연수구,032-749-8755,인천연수경찰서,Y,3,6,2025-03-26,3520000,인천광역시 연수구
1,연수구노인복지관,인천광역시,연수구,28185,인천광역시 연수구 함박뫼로162,인천광역시 연수구 연수동 580,37.42182544,126.6849849,30,인천광역시 연수구,032-749-8755,인천연수경찰서,Y,2,16,2025-03-26,3520000,인천광역시 연수구
1,인천영락원,인천광역시,연수구,28185,인천광역시 연수구 청량로58,인천광역시 연수구 동춘동 796-6,37.4144066,126.6596722,30,인천광역시 연수구,032-749-8755,인천연수경찰서,Y,2,6~12,2025-03-26,3520000,인천광역시 연수구
01,홍남경로당,서울특별시,서대문구,11410,서울특별시 서대문구 증가로4길 38-9,서울특별시 서대문구 홍은동 415-22,37.577318,126.9274634,30,서울특별시 서대문구청,02-330-1746,서대문경찰서,Y,,,2025-10-31,3120000,서울특별시 서대문구
01,연희시니어스,서울특별시,서대문구,11410,서울특별시 서대문구 연희로31길 8-7,서울특별시 서대문구 연희동 151-161,37.576337,126.9348058,30,서울특별시 서대문구청,02-330-1746,서대문경찰서,Y,,,2025-10-31,3120000,서울특별시 서대문구
01,연희노인여가복지시설,서울특별시,서대문구,11410,서울특별시 서대문구 홍제천로2길 111,서울특별시 서대문구 연희동 519-127,37.57224104,126.923577,30,서울특별시 서대문구청,02-330-1746,서대문경찰서,Y,,,2025-10-31,3120000,서울특별시 서대문구
01,실버스토리,서울특별시,서대문구,11410,서울특별시 서대문구 모래내로330,서울특별시 서대문구 홍은동 275-59,37.579721,126.9337441,30,서울특별시 서대문구청,02-330-1746,서대문경찰서,Y,,,2025-10-31,3120000,서울특별시 서대문구
01,서대문노인전문요양센터,서울특별시,서대문구,11410,서울특별시 서대문구 홍지문2길 59,서울특별시 서대문구 홍은동 4,37.59828213,126.955908,30,서울특별시 서대문구청,02-330-1746,서대문경찰서,N,,,2025-10-31,3120000,서울특별시 서대문구
01,서대문노인종합복지관,서울특별시,서대문구,11410,서울특별시 서대문구 독립문로8길 57,서울특별시 서대문구 천연동 117-3,37.56800449,126.9591178,30,서울특별시 서대문구청,02-330-1746,서대문경찰서,Y,,,2025-10-31,3120000,서울특별시 서대문구
2,북수원장애인주간보호시설,경기도,수원시,41110,경기도 수원시 장안구 파장천로44번길 27,,37.308917771,126.9973748532,30,경기도 수원시,031-5191-2298,수원장안경찰서,N,,6,2025-11-03,3740000,경기도 수원시
2,장애인종합복지관,경기도,수원시,41110,경기도 수원시 영통구 창룡대로 255,경기도 수원시 영통구 이의동 1088-13,37.29554841,127.0360511,50,경기도 수원시,031-5191-2298,수원영통경찰서,Y,1,28,2025-11-03,3740000,경기도 수원시
1,팔달노인복지관,경기도,수원시,41110,경기도 수원시 팔달구 수원천로 343,경기도 수원시 팔달구 북수동 274-7,37.28394986,127.0173816,30,경기도 수원시,031-5191-2298,수원팔달경찰서,Y,1,6.5,2025-11-03,3740000,경기도 수원시
1,광교두산위브노인복지주택,경기도,수원시,41110,경기도 수원시 영통구 광교중앙로 55,경기도 수원시 영통구 원천동 556,37.2806995,127.0509425,30,경기도 수원시,031-5191-2298,수원영통경찰서,N,,14,2025-11-03,3740000,경기도 수원시
1,노송경로당,경기도,수원시,41110,경기도 수원시 장안구 경수대로1073번길 11,경기도 수원시 장안구 파장동 584-6,37.30840292,126.9947985,30,경기도 수원시,031-5191-2298,수원장안경찰서,N,,8,2025-11-03,3740000,경기도 수원시
1,신곡경로당,경기도,수원시,41110,경기도 수원시 권선구 경수대로191번길 14-4,경기도 수원시 권선구 세류동 1155-2,37.24455892,127.0166905,30,경기도 수원시,031-5191-2298,수원권선경찰서,Y,5,6,2025-11-03,3740000,경기도 수원시
1,영통종합요양센터,경기도,수원시,41110,경기도 수원시 영통구 태장로 62,경기도 수원시 영통구 망포동 651-1,37.23896839,127.053090,30,경기도 수원시,031-5191-2298,수원영통경찰서,Y,8,18,2025-11-03,3740000,경기도 수원시
1,영통데이케어센터,경기도,수원시,41110,경기도 수원시 영통구 영통로 115,경기도 수원시 영통구 망포동 558,37.23791891,127.0568406,50,경기도 수원시,031-5191-2298,수원영통경찰서,N,,26,2025-11-03,3740000,경기도 수원시
1,파장동경로당,경기도,수원시,41110,경기도 수원시 장안구 파장천로 51,경기도 수원시 장안구 파장동 507-9,37.30998862,126.9963298,30,경기도 수원시,031-5191-2298,수원장안경찰서,Y,5,8~10,2025-11-03,3740000,경기도 수원시
1,연무사회복지관,경기도,수원시,41110,경기도 수원시 장안구 창룡대로 151번길 8,경기도 수원시 장안구 연무동 260-34,37.29177356,127.0266728,30,경기도 수원시,031-5191-2298,수원장안경찰서,Y,4,7,2025-11-03,3740000,경기도 수원시
1,대한노인회수원시팔달구지회부설노인대학,경기도,수원시,41110,경기도 수원시 팔달구 수성로 182번길 85,경기도 수원시 팔달구 화서동 277-2,37.28335388,126.9943142,30,경기도 수원시,031-5191-2298,수원팔달경찰서,N,,10~14,2025-11-03,3740000,경기도 수원시
1,대한노인회수원시장안구지회부설노인대학,경기도,수원시,41110,경기도 수원시 장안구 수성로 340번길 30,경기도 수원시 장안구 영화동 352,37.29132609,127.0099231,30,경기도 수원시,031-5191-2298,수원장안경찰서,N,,6~7,2025-11-03,3740000,경기도 수원시
1,중앙요양원,경기도,수원시,41110,경기도 수원시 권선구 서수원로53번길 25-43,경기도 수원시 권선구 오목천동 1169,37.23172996,126.9790542,50,경기도 수원시,031-5191-2298,수원권선경찰서,N,,19,2025-11-03,3740000,경기도 수원시
1,노인복지시설감천장,경기도,수원시,41110,경기도 수원시 장안구 광교산로 22,경기도 수원시 장안구 영화동 33-1,37.29327842,127.0211805,30,경기도 수원시,031-5191-2298,수원장안경찰서,N,,11,2025-11-03,3740000,경기도 수원시
1,밤밭노인복지관,경기도,수원시,41110,경기도 수원시 장안구 상률로 53,경기도 수원시 장안구 율전동 40-1,37.30638504,126.9721083,60,경기도 수원시,031-5191-2298,수원장안경찰서,N,,10~35,2025-11-03,3740000,경기도 수원시
1,대한노인회영통구지회,경기도,수원시,41110,경기도 수원시 영통구 영통로 396,경기도 수원시 영통구 영통동 961-18,37.2568828,127.0697108,30,경기도 수원시,031-5191-2298,수원영통경찰서,N,,16,2025-11-03,3740000,경기도 수원시
1,광교노인복지관,경기도,수원시,41110,경기도 수원시 영통구 센트럴타운로 22,경기도 수원시 영통구 이의동 1328-1,37.28969068,127.0567254,30,경기도 수원시,031-5191-2298,수원영통경찰서,Y,1,17,2025-11-03,3740000,경기도 수원시
1,연세실버벨리,경기도,수원시,41110,경기도 수원시 권선구 곡반정로 92,경기도 수원시 권선구 곡반정동 298-1,37.23631633,127.0303516,30,경기도 수원시,031-5191-2298,수원권선경찰서,Y,4,6,2025-11-03,3740000,경기도 수원시
1,아녜스의 집,경기도,수원시,41110,경기도 수원시 장안구 서부로 2162-12,경기도 수원시 장안구 천천동 575-1,37.3007823,126.9740895,30,경기도 수원시,031-5191-2298,수원장안경찰서,N,,7,2025-11-03,3740000,경기도 수원시
1,수원VIP 실버케어,경기도,수원시,41110,경기도 수원시 팔달구 팔달로 24,경기도 수원시 팔달구 고등동 235-4,37.27095327,127.0010847,50,경기도 수원시,031-5191-2298,수원팔달경찰서,Y,3,18,2025-11-03,3740000,경기도 수원시
1,유당마을,경기도,수원시,41110,경기도 수원시 장안구 수일로191번길 26,경기도 수원시 장안구 조원동 119-3,37.30964477,127.0112074,30,경기도 수원시,031-5191-2298,수원장안경찰서,N,,5~16,2025-11-03,3740000,경기도 수원시
1,수원시립노인전문요양원,경기도,수원시,41110,경기도 수원시 장안구 수일로 33,경기도 수원시 장안구 파장동 199-2,37.31265574,126.9952177,30,경기도 수원시,031-5191-2298,수원장안경찰서,N,,9,2025-11-03,3740000,경기도 수원시
1,서호노인복지관,경기도,수원시,41110,경기도 수원시 권선구 구운로4번길 34,경기도 수원시 권선구 구운동 501,37.27849556,126.976192,50,경기도 수원시,031-5191-2298,수원권선경찰서,Y,9,35,2025-11-03,3740000,경기도 수원시
1,SK청솔노인복지관,경기도,수원시,41110,경기도 수원시 장안구 장안로 174,경기도 수원시 장안구 정자동 286,37.2990244,126.9973979,30,경기도 수원시,031-5191-2298,수원장안경찰서,Y,4,18~36,2025-11-03,3740000,경기도 수원시
1,버드내노인복지관,경기도,수원시,41110,경기도 수원시 권선구 권선로564번길 36,경기도 수원시 권선구 세류동 483,37.26112824,127.0120752,30,경기도 수원시,031-5191-2298,수원권선경찰서,Y,5,8,2025-11-03,3740000,경기도 수원시
1,수원보훈요양원,경기도,수원시,41110,경기도 수원시 장안구 광교산로 95,경기도 수원시 장안구 하광교동 428,37.29830446,127.0258768,30,경기도 수원시,031-5191-2298,수원장안경찰서,N,,25,2025-11-03,3740000,경기도 수원시
2,수원시홍재장애인주간보호시설,경기도,수원시,41110,경기도 수원시 권선구 곡반정로194번길 19,,37.2443457727,127.0374135277,30,경기도 수원시,031-5191-2298,수원권선경찰서,N,,10,2025-11-03,3740000,경기도 수원시
1,힘찬요양원,경기도,수원시,41110,경기도 수원시 장안구 경수대로1220번길 30-78,,37.3232229314,126.9926416069,30,경기도 수원시,031-5191-2298,수원장안경찰서,N,,6,2025-11-03,3740000,경기도 수원시
1,봄날요양원,경기도,수원시,41110,경기도 수원시 영통구 신원로220번길 9,,37.2555820218,127.0607256009,30,경기도 수원시,031-5191-2298,수원영통경찰서,N,,5,2025-11-03,3740000,경기도 수원시
1,평동경로당,경기도,수원시,41110,경기도 수원시 권선구 평동로68번길 38,,37.2563309363,126.9943208348,30,경기도 수원시,031-5191-2298,수원권선경찰서,N,,6,2025-11-03,3740000,경기도 수원시
1,온정마을경로당,경기도,수원시,41110,경기도 수원시 권선구 온정로30번길 53,,37.2513178447,126.9651223559,30,경기도 수원시,031-5191-2298,수원권선경찰서,N,,6,2025-11-03,3740000,경기도 수원시
1,고색2동경로당,경기도,수원시,41110,경기도 수원시 권선구 고색로78번길 5,,37.250916438,126.9854558806,30,경기도 수원시,031-5191-2298,수원권선경찰서,N,,6,2025-11-03,3740000,경기도 수원시
1,여기산경로당,경기도,수원시,41110,경기도 수원시 권선구 여기산로16번길 17,,37.2789377071,126.9795813217,30,경기도 수원시,031-5191-2298,수원권선경찰서,N,,6,2025-11-03,3740000,경기도 수원시
1,세류2동 새터경로당,경기도,수원시,41110,경기도 수원시 권선구 새터로29번길 19-1,,37.2528034415,127.0073072404,30,경기도 수원시,031-5191-2298,수원권선경찰서,N,,6,2025-11-03,3740000,경기도 수원시
1,서호(남)경로당,경기도,수원시,41110,경기도 수원시 권선구 서호로 138,,37.2716957199,126.9860261062,30,경기도 수원시,031-5191-2298,수원권선경찰서,N,,15,2025-11-03,3740000,경기도 수원시
1,남수연화경로당,경기도,수원시,41110,경기도 수원시 팔달구 창룡대로26번길 24-5,,37.2808802363,127.0189265864,30,경기도 수원시,031-5191-2298,수원팔달경찰서,N,,6,2025-11-03,3740000,경기도 수원시
1,한데우물경로당,경기도,수원시,41110,경기도 수원시 팔달구 행궁로26번길 21,,37.2795673098,127.0138808568,30,경기도 수원시,031-5191-2298,수원팔달경찰서,N,,6,2025-11-03,3740000,경기도 수원시
1,신안동경로당,경기도,수원시,41110,경기도 수원시 팔달구 신풍로 38-8,,37.2842460982,127.0149416035,30,경기도 수원시,031-5191-2298,수원팔달경찰서,N,,6,2025-11-03,3740000,경기도 수원시
1,팔창경로당,경기도,수원시,41110,경기도 수원시 팔달구 행궁로 63,,37.2769867585,127.015818531,30,경기도 수원시,031-5191-2298,수원팔달경찰서,N,,6,2025-11-03,3740000,경기도 수원시
1,북수동경로당,경기도,수원시,41110,경기도 수원시 팔달구 화서문로75번길 5,경기도 수원시 팔달구 북수동 67,37.28626965,127.016322,30,경기도 수원시,031-5191-2298,수원팔달경찰서,N,,8,2025-11-03,3740000,경기도 수원시
1,남행궁경로당,경기도,수원시,41110,경기도 수원시 팔달구 창룡대로 43,경기도 수원시 팔달구 매향동 122-47,37.28290907,127.0207764,50,경기도 수원시,031-5191-2298,수원팔달경찰서,N,,20~25,2025-11-03,3740000,경기도 수원시
1,오목천경로당,경기도,수원시,41110,경기도 수원시 권선구 삼천병마로1566번길 44,경기도 수원시 권선구 오목천동 483-5,37.24232328,126.9654968,30,경기도 수원시,031-5191-2298,수원권선경찰서,N,,15,2025-11-03,3740000,경기도 수원시
1,연무동경로당,경기도,수원시,41110,경기도 수원시 장안구 경수대로 757,경기도 수원시 장안구 연무동 181-1,37.29056091,127.0215333,30,경기도 수원시,031-5191-2298,수원장안경찰서,N,,6,2025-11-03,3740000,경기도 수원시
1,금당골경로당,경기도,수원시,41110,경기도 수원시 장안구 조원로58번길 39,경기도 수원시 장안구 조원동 462-1,37.30009731,127.0200182,30,경기도 수원시,031-5191-2298,수원장안경찰서,N,,8,2025-11-03,3740000,경기도 수원시
1,광교대학로경로당,경기도,수원시,41110,,경기도 수원시 영통구 이의동 1246-2,37.29970585,127.0470346,30,경기도 수원시,031-5191-2298,수원영통경찰서,N,,14,2025-11-03,3740000,경기도 수원시
1,신풍경로당,경기도,수원시,41110,경기도 수원시 팔달구 화서문로16번길 70,경기도 수원시 팔달구 신풍동 산4,37.28316546,127.0100181,30,경기도 수원시,031-5191-2298,수원팔달경찰서,N,,6,2025-11-03,3740000,경기도 수원시
1,고색큰말(고색1동)경로당,경기도,수원시,41110,경기도 수원시 권선구 고산로27번길 23,경기도 수원시 권선구 고색동 374-23,37.24862185,126.980511,30,경기도 수원시,031-5191-2298,수원권선경찰서,N,,6,2025-11-03,3740000,경기도 수원시
1,기로경로당,경기도,수원시,41110,경기도 수원시 장안구 수성로245번길 68,경기도 수원시 장안구 정자동 43-4,37.29228275,126.9975454,30,경기도 수원시,031-5191-2298,수원장안경찰서,N,,5.5,2025-11-03,3740000,경기도 수원시
1,이화노인회,경기도,수원시,41110,경기도 수원시 장안구 장안로478번길 55,경기도 수원시 장안구 이목동 68,37.32070655,126.9750296,30,경기도 수원시,031-5191-2298,수원장안경찰서,Y,1,7~8,2025-11-03,3740000,경기도 수원시
1,경기도노인회관,경기도,수원시,41110,경기도 수원시 팔달구 인계로101번길 1,경기도 수원시 팔달구 인계동 951-6,37.26834795,127.028716,30,경기도 수원시,031-5191-2298,수원팔달경찰서,N,,6.5,2025-11-03,3740000,경기도 수원시
1,자목경로당,경기도,수원시,41110,경기도 수원시 권선구 칠보로88번길 90,경기도 수원시 권선구 호매실동 647-4,37.26377942,126.9452684,30,경기도 수원시,031-5191-2298,수원권선경찰서,N,,5,2025-11-03,3740000,경기도 수원시
1,화홍경로당,경기도,수원시,41110,경기도 수원시 장안구 수원천로 407,경기도 수원시 장안구 영화동 37-205,37.28970665,127.0188067,30,경기도 수원시,031-5191-2298,수원장안경찰서,N,,4.5~6.5,2025-11-03,3740000,경기도 수원시
2,수봉재활원,경기도,수원시,41110,경기도 수원시 권선구 수봉로 43,경기도 수원시 권선구 탑동 516-1,37.26496762,126.9771589,30,경기도 수원시,031-5191-2298,수원권선경찰서,Y,2,7~8,2025-11-03,3740000,경기도 수원시
2,오목천동 장애인 주간보호시설,경기도,수원시,41110,경기도 수원시 권선구 서수원로 124,경기도 수원시 권선구 오목천동 197,37.23888684,126.9722466,50,경기도 수원시,031-5191-2298,수원권선경찰서,N,,15,2025-11-03,3740000,경기도 수원시
2,호매실장애인종합복지관,경기도,수원시,41110,경기도 수원시 권선구 호매실로 211,경기도 수원시 권선구 호매실동 1385,37.26316873,126.9566868,50,경기도 수원시,031-5191-2298,수원권선경찰서,Y,1,22,2025-11-03,3740000,경기도 수원시
01,가신2리경로당,충청북도,충주시,43130,충청북도 충주시 노은면 가신원통길 246,충청북도 충주시 노은면 가신리 679,37.0652617434,127.718910,30,충청북도 충주시청,043-850-6332,충주경찰서,N,0,,2025-10-31,4390000,충청북도 충주시
01,방추경로당,충청북도,충주시,43130,충청북도 충주시 신니면 방추1길 107,충청북도 충주시 신니면 화석리 777,37.0171688475,127.7229108866,30,충청북도 충주시청,043-850-6332,충주경찰서,N,0,,2025-10-31,4390000,충청북도 충주시
1,지경리해동경로당,충청북도,괴산군,43760,충청북도 괴산군청천면 도경로지경1길 6-5,,36.74721773,127.7411413,30,도로관리사업소,043-220-6033,충청북도 괴산경찰서,N,,,2025-12-18,4460000,충청북도 괴산군
01,은대마을회관,충청북도,충주시,43130,충청북도 충주시 소태면 구룡고개길 245,충청북도 충주시 소태면 주치리 425-2,37.142040,127.859520,30,충청북도 충주시청,043-850-6332,충주경찰서,N,0,,2025-10-31,4390000,충청북도 충주시
01,도원경로당,충청북도,충주시,43130,충청북도 충주시 신니면 모남1길 21,충청북도 충주시 신니면 모남리 218-2,37.003570,127.666532317,30,충청북도 충주시청,043-850-6332,충주경찰서,N,0,,2025-10-31,4390000,충청북도 충주시
01,조대경로당,충청북도,충주시,43130,충청북도 충주시 앙성면 새바지길 179,충청북도 충주시 앙성면 조천리 80-12,37.0991789429,127.815333403,30,충청북도 충주시청,043-850-6332,충주경찰서,N,0,,2025-10-31,4390000,충청북도 충주시
01,원사락마을회관,충청북도,충주시,43130,충청북도 충주시 주덕읍 제내사락길 221,충청북도 충주시 주덕읍 사락리 53-4,37.004490,127.800400,30,충청북도 충주시청,043-850-6332,충주경찰서,N,0,,2025-10-31,4390000,충청북도 충주시
01,대미마을회관,충청북도,충주시,43130,충청북도 충주시 동량면 대전조돈길 11,충청북도 충주시 동량면 대전리 1587-7,37.03977829,127.9302114,30,충청북도 충주시청,043-850-6332,충주경찰서,N,0,,2025-10-31,4390000,충청북도 충주시
01,루디아요양원,충청북도,충주시,43130,충청북도 충주시 동량면 지등로 49-8,충청북도 충주시 동량면 용교리 291-1,37.02778291,127.9315386,30,충청북도 충주시청,043-850-6332,충주경찰서,N,0,,2025-10-31,4390000,충청북도 충주시
01,한영아파트 노인회관,충청북도,충주시,43130,충청북도 충주시 대소원면 대소원로 108,충청북도 충주시 대소원면 대소리 132-2,36.97554245,127.8174164,30,충청북도 충주시청,043-850-6332,충주경찰서,N,0,,2025-10-31,4390000,충청북도 충주시
01,금잠경로당,충청북도,충주시,43130,충청북도 충주시 호반로 1214-1,충청북도 충주시 지동리 228-6,37.0256601,128.0693401,30,충청북도 충주시청,043-850-6332,충주경찰서,N,0,,2025-10-31,4390000,충청북도 충주시
01,신양3구마을회관,충청북도,충주시,43130,충청북도 충주시 주덕읍 청양새터길 102-3,충청북도 충주시 주덕읍 신양리 352,36.96742657,127.7937942,30,충청북도 충주시청,043-850-6332,충주경찰서,N,0,,2025-10-31,4390000,충청북도 충주시
01,마제마을회관,충청북도,충주시,43130,충청북도 충주시 마제1길 21,충청북도 충주시 신니면 마수리 302-8,36.98170192,127.7470307,30,충청북도 충주시청,043-850-6332,충주경찰서,N,0,,2025-10-31,4390000,충청북도 충주시
01,신석마을회관,충청북도,충주시,43130,충청북도 충주시 신니면 신석3길 11,충청북도 충주시 신니면 마수리 334-1,36.98426899,127.7448618,30,충청북도 충주시청,043-850-6332,충주경찰서,N,0,,2025-10-31,4390000,충청북도 충주시
01,능동경로당,충청북도,충주시,43130,충청북도 충주시 능동1길 5,충청북도 충주시 앙성면 능암리 621-28,37.08955741,127.8004855,30,충청북도 충주시청,043-850-6332,충주경찰서,N,0,,2025-10-31,4390000,충청북도 충주시
01,법현경로당,충청북도,충주시,43130,충청북도 충주시 중앙탑면 법현길 3,충청북도 충주시 중앙탑면 용전리 438-3,37.00888977,127.8422146,30,충청북도 충주시청,043-850-6332,충주경찰서,N,0,,2025-10-31,4390000,충청북도 충주시
01,화치경로당,충청북도,충주시,43130,충청북도 충주시 신니면 화치1길 33,충청북도 충주시 신니면 대화리 48,37.000894,127.682325,30,충청북도 충주시청,043-850-6332,충주경찰서,N,0,,2025-10-31,4390000,충청북도 충주시
01,창동경로당,충청북도,충주시,43130,충청북도 충주시 주덕읍 양달말길 21,충청북도 충주시 주덕읍 덕련리 244-9,37.01484277,127.7702198,30,충청북도 충주시청,043-850-6332,충주경찰서,N,0,,2025-10-31,4390000,충청북도 충주시
01,화곡2리경로당,충청북도,충주시,43130,충청북도 충주시 주덕읍 화곡2길 1-5,충청북도 충주시 주덕읍 화곡리 209-1,36.99829759,127.8064075,30,충청북도 충주시청,043-850-6332,충주경찰서,N,0,,2025-10-31,4390000,충청북도 충주시
01,묵동마을회관,충청북도,충주시,43130,충청북도 충주시 주덕읍 묵동1길 47-6,충청북도 충주시 주덕읍 삼청리 570-2,36.94923479,127.7840166,30,충청북도 충주시청,043-850-6332,충주경찰서,N,0,,2025-10-31,4390000,충청북도 충주시
01,갱고개경로당,충청북도,충주시,43130,충청북도 충주시 신호3길 15,충청북도 충주시 교현동 454-16,36.97591595,127.9411411,30,충청북도 충주시청,043-850-6332,충주경찰서,N,0,,2025-10-31,4390000,충청북도 충주시
01,동촌경로당,충청북도,충주시,43130,충청북도 충주시 동촌4길 7,충청북도 충주시 교현동 245-3,36.96961237,127.9403111,30,충청북도 충주시청,043-850-6332,충주경찰서,N,0,,2025-10-31,4390000,충청북도 충주시
01,신의마을회관,충청북도,충주시,43130,충청북도 충주시 신니면 신의안길 3-3,충청북도 충주시 신니면 신청리 494-1,37.01083584,127.7343719,30,충청북도 충주시청,043-850-6332,충주경찰서,N,0,,2025-10-31,4390000,충청북도 충주시
01,만적경로당,충청북도,충주시,43130,충청북도 충주시 대소원면 만적골1길 15,충청북도 충주시 대소원면 만정리 341-1,36.96306483,127.8611268,30,충청북도 충주시청,043-850-6332,충주경찰서,N,0,,2025-10-31,4390000,충청북도 충주시
01,묘곡경로당,충청북도,충주시,43130,충청북도 충주시 중앙탑면 묘곡내동길 29,충청북도 충주시 중앙탑면 하구암리 51-2,37.03328727,127.8450437,30,충청북도 충주시청,043-850-6332,충주경찰서,N,0,,2025-10-31,4390000,충청북도 충주시
01,부연경로당,충청북도,충주시,43130,,충청북도 충주시 대소원면 장성리 74-2,36.95332608,127.8378368,30,충청북도 충주시청,043-850-6332,충주경찰서,N,0,,2025-10-31,4390000,충청북도 충주시
01,문성1리경로당,충청북도,충주시,43130,충청북도 충주시 노은면 감노로 1247-26,충청북도 충주시 노은면 문성리 822,37.04849699,127.7375363,30,충청북도 충주시청,043-850-6332,충주경찰서,N,0,,2025-10-31,4390000,충청북도 충주시
01,행정경로당,충청북도,충주시,43130,충청북도 충주시 엄정면 밤밭1길 3,충청북도 충주시 엄정면 괴동리 186-2,37.11416856,127.929575,30,충청북도 충주시청,043-850-6332,충주경찰서,N,0,,2025-10-31,4390000,충청북도 충주시
01,본평경로당,충청북도,충주시,43130,충청북도 충주시 노은면 감노로 982-6,충청북도 충주시 노은면 안락리 238-1,37.04709105,127.7090899,30,충청북도 충주시청,043-850-6332,충주경찰서,N,0,,2025-10-31,4390000,충청북도 충주시
01,대소2구경로당,충청북도,충주시,43130,충청북도 충주시 대소원면 대소원로 84,충청북도 충주시 대소원면 대소리 250-5,36.97680542,127.8146705,30,충청북도 충주시청,043-850-6332,충주경찰서,N,0,,2025-10-31,4390000,충청북도 충주시
01,구룡마을회관,충청북도,충주시,43130,충청북도 충주시 소태면 구룡양지말길 34,충청북도 충주시 소태면 구룡리 132-2,37.12787042,127.8813816,30,충청북도 충주시청,043-850-6332,충주경찰서,N,0,,2025-10-31,4390000,충청북도 충주시
01,내동마을회관,충청북도,충주시,43130,충청북도 충주시 중앙탑면 묘곡내동길 430,충청북도 충주시 중앙탑면 봉황리 584-44,37.06241056,127.8341624,30,충청북도 충주시청,043-850-6332,충주경찰서,N,0,,2025-10-31,4390000,충청북도 충주시
01,마치경로당,충청북도,충주시,43130,충청북도 충주시 대소원면 대소원로 25,충청북도 충주시 대소원면 대소리 386-20,36.97563277,127.8089262,30,충청북도 충주시청,043-850-6332,충주경찰서,N,0,,2025-10-31,4390000,충청북도 충주시
01,능암경로당,충청북도,충주시,43130,충청북도 충주시 능바우길 144,충청북도 충주시 금릉동 296-3,36.99473585,127.9150736,30,충청북도 충주시청,043-850-6332,충주경찰서,N,0,,2025-10-31,4390000,충청북도 충주시
01,달천요양원,충청북도,충주시,43130,충청북도 충주시 창현로 1421,충청북도 충주시 용관동 58-5,36.95848183,127.8831877,30,충청북도 충주시청,043-850-6332,충주경찰서,N,0,,2025-10-31,4390000,충청북도 충주시
01,월현경로당,충청북도,충주시,43130,충청북도 충주시 산척면 월현안길 7,충청북도 충주시 산척면 송강리 1303,37.07703552,127.9572728,30,충청북도 충주시청,043-850-6332,충주경찰서,N,0,,2025-10-31,4390000,충청북도 충주시
01,서음경로당,충청북도,충주시,43130,충청북도 충주시 앙성면 서음1길 21,충청북도 충주시 앙성면 강천리 155-9,37.17966834,127.7471152,30,충청북도 충주시청,043-850-6332,충주경찰서,N,0,,2025-10-31,4390000,충청북도 충주시
01,문성2리경로당,충청북도,충주시,43130,충청북도 충주시 노은면 감노로 1351-5,충청북도 충주시 노은면 문성리 515-1,37.04840661,127.7478563,30,충청북도 충주시청,043-850-6332,충주경찰서,N,0,,2025-10-31,4390000,충청북도 충주시
01,실로암의집요양원,충청북도,충주시,43130,충청북도 충주시 엄정면 내창로 874,충청북도 충주시 엄정면 원곡리 216,37.13551628,127.9139155,30,충청북도 충주시청,043-850-6332,충주경찰서,N,0,,2025-10-31,4390000,충청북도 충주시
01,칠지마을다기능회관,충청북도,충주시,43130,충청북도 충주시 칠지2길 47,충청북도 충주시 칠금동 381-12,36.98749236,127.9095314,30,충청북도 충주시청,043-850-6332,충주경찰서,N,0,,2025-10-31,4390000,충청북도 충주시
01,내동경로당,충청북도,충주시,43130,충청북도 충주시 동량면 내동1길 29-3,충청북도 충주시 동량면 대전리 286-1,37.0541647,127.9528249,30,충청북도 충주시청,043-850-6332,충주경찰서,N,0,,2025-10-31,4390000,충청북도 충주시
01,배일경로당,충청북도,충주시,43130,충청북도 충주시 동량면 대전리1길 43,충청북도 충주시 동량면 대전리 1273-5,37.05213277,127.9346803,30,충청북도 충주시청,043-850-6332,충주경찰서,N,0,,2025-10-31,4390000,충청북도 충주시
01,으뜸요양원,충청북도,충주시,43130,충청북도 충주시 상방2길 43,충청북도 충주시 봉방동 186-5,36.9758901,127.9137784,30,충청북도 충주시청,043-850-6332,충주경찰서,N,0,,2025-10-31,4390000,충청북도 충주시
01,마사마을회관,충청북도,충주시,43130,충청북도 충주시 금가면 금가중앙2길 91-5,충청북도 충주시 금가면 사암리 208-2,37.03633919,127.912751,30,충청북도 충주시청,043-850-6332,충주경찰서,N,0,,2025-10-31,4390000,충청북도 충주시
01,하검단노인정,충청북도,충주시,43130,충청북도 충주시 대소원면 하검단1길 20-1,충청북도 충주시 대소원면 검단리 396,36.97439259,127.8789294,30,충청북도 충주시청,043-850-6332,충주경찰서,N,0,,2025-10-31,4390000,충청북도 충주시
01,사천마을경로당,충청북도,충주시,43130,충청북도 충주시 동량면 사천양지길 5,충청북도 충주시 동량면 대전리 1427,37.03798275,127.9376319,30,충청북도 충주시청,043-850-6332,충주경찰서,N,0,,2025-10-31,4390000,충청북도 충주시
01,신효1리경로당,충청북도,충주시,43130,충청북도 충주시 노은면 대방골길 2,충청북도 충주시 노은면 신효리 729-11,37.04285183,127.7741893,30,충청북도 충주시청,043-850-6332,충주경찰서,N,0,,2025-10-31,4390000,충청북도 충주시
01,수회마을경로당,충청북도,충주시,43130,충청북도 충주시 동량면 수회길 189,충청북도 충주시 동량면 대전리 224,37.04933972,127.9562406,30,충청북도 충주시청,043-850-6332,충주경찰서,N,0,,2025-10-31,4390000,충청북도 충주시
01,음양지마을경로당,충청북도,충주시,43130,충청북도 충주시 동량면 호반로 371-4,충청북도 충주시 동량면 손동리 848-12,37.03171026,128.0120705,30,충청북도 충주시청,043-850-6332,충주경찰서,N,0,,2025-10-31,4390000,충청북도 충주시
01,석문마을경로당,충청북도,충주시,43130,충청북도 충주시 수안보면 미륵송계로 332-3,충청북도 충주시 수안보면 사문리 162-3,36.83863607,128.0402154,30,충청북도 충주시청,043-850-6332,충주경찰서,N,0,,2025-10-31,4390000,충청북도 충주시
01,독정2리 경로당,충청북도,충주시,43130,충청북도 충주시 대소원면 산정독정길 188,충청북도 충주시 대소원면 만정리 105-17,36.95869265,127.8707587,30,충청북도 충주시청,043-850-6332,충주경찰서,N,0,,2025-10-31,4390000,충청북도 충주시
01,둔대마을 경로당,충청북도,충주시,43130,충청북도 충주시 산척면 인등로 87,충청북도 충주시 산척면 영덕리 182-2,37.07419298,127.9709886,30,충청북도 충주시청,043-850-6332,충주경찰서,N,0,,2025-10-31,4390000,충청북도 충주시
01,신대마을 경로당,충청북도,충주시,43130,충청북도 충주시 수안보면 중산신촌길 31,충청북도 충주시 수안보면 중산리 503-12,36.88358642,127.9876706,30,충청북도 충주시청,043-850-6332,충주경찰서,N,0,,2025-10-31,4390000,충청북도 충주시
01,축동마을 경로당,충청북도,충주시,43130,충청북도 충주시 금가면 김생로 1574,충청북도 충주시 금가면 잠병리 758,37.05755221,127.9008548,30,충청북도 충주시청,043-850-6332,충주경찰서,N,0,,2025-10-31,4390000,충청북도 충주시
01,연하1리다기능회관,충청북도,충주시,43130,충청북도 충주시 노은면 연하중앙길 47-7,충청북도 충주시 노은면 연하리 558-1,37.04769139,127.7578757,30,충청북도 충주시청,043-850-6332,충주경찰서,N,0,,2025-10-31,4390000,충청북도 충주시
01,세포마을 경로당,충청북도,충주시,43130,충청북도 충주시 소태면 주치길 851,충청북도 충주시 소태면 덕은리 165-6,37.14797263,127.820386,30,충청북도 충주시청,043-850-6332,충주경찰서,N,0,,2025-10-31,4390000,충청북도 충주시
01,토계마을 경로당,충청북도,충주시,43130,충청북도 충주시 살미면 도랫말길 7,충청북도 충주시 살미면 토계리 453-2,36.89747485,127.9197934,30,충청북도 충주시청,043-850-6332,충주경찰서,N,0,,2025-10-31,4390000,충청북도 충주시
1,연못골경로당,충청북도,괴산군,43760,충청북도 괴산군 불정면 외령로 263-4,,36.93215878,127.804493,30,충청북도 괴산군청,043-830-3534,충청북도 괴산경찰서,N,,,2025-12-18,4460000,충청북도 괴산군
01,도덕마을경로당,충청북도,충주시,43130,충청북도 충주시 산척면 인등로 586,충청북도 충주시 산척면 명서리 611-14,37.07070315,128.0207931,30,충청북도 충주시청,043-850-6332,충주경찰서,N,0,,2025-10-31,4390000,충청북도 충주시
01,선창경로당,충청북도,충주시,43130,충청북도 충주시 소태면 구룡로 563,충청북도 충주시 소태면 양촌리 489-3,37.08151867,127.8776588,30,충청북도 충주시청,043-850-6332,충주경찰서,N,0,,2025-10-31,4390000,충청북도 충주시
01,강정경로당,충청북도,충주시,43130,충청북도 충주시 앙성면 학교말1길 87-30,충청북도 충주시 앙성면 목미리 528-18,37.1629951,127.7512535,30,충청북도 충주시청,043-850-6332,충주경찰서,N,0,,2025-10-31,4390000,충청북도 충주시
01,모정경로당,충청북도,충주시,43130,충청북도 충주시 앙성면 모점1길 7,충청북도 충주시 앙성면 모점리 474-52,37.16042098,127.7459102,30,충청북도 충주시청,043-850-6332,충주경찰서,N,0,,2025-10-31,4390000,충청북도 충주시
01,월상마을경로당,충청북도,충주시,43130,충청북도 충주시 금가면 옥강정길 9,충청북도 충주시 금가면 월상리 531-1,37.03609878,127.8648314,30,충청북도 충주시청,043-850-6332,충주경찰서,N,0,,2025-10-31,4390000,충청북도 충주시
01,두담마을경로당,충청북도,충주시,43130,충청북도 충주시 두담5길 10,충청북도 충주시 용관동 251-5,36.95137552,127.8859956,30,충청북도 충주시청,043-850-6332,충주경찰서,N,0,,2025-10-31,4390000,충청북도 충주시
01,반송마을경로당,충청북도,충주시,43130,충청북도 충주시 금가면 반송2길 8,충청북도 충주시 금가면 유송리 35-1,37.00678938,127.9074935,30,충청북도 충주시청,043-850-6332,충주경찰서,N,0,,2025-10-31,4390000,충청북도 충주시
01,지내마을경로당,충청북도,충주시,43130,충청북도 충주시 주덕읍 솔고개로 457,충청북도 충주시 주덕읍 장록리 114-2,37.00722284,127.7701422,30,충청북도 충주시청,043-850-6332,충주경찰서,N,0,,2025-10-31,4390000,충청북도 충주시
01,안보마을경로당,충청북도,충주시,43130,충청북도 충주시 수안보면 대안보2길 26,충청북도 충주시 수안보면 안보리 387,36.83919522,128.0039483,30,충청북도 충주시청,043-850-6332,충주경찰서,N,0,,2025-10-31,4390000,충청북도 충주시
01,계막마을경로당,충청북도,충주시,43130,충청북도 충주시 주덕읍 계막길 15-14,충청북도 충주시 주덕읍 화곡리 692-1,36.98859629,127.7956925,30,충청북도 충주시청,043-850-6332,충주경찰서,N,0,,2025-10-31,4390000,충청북도 충주시
01,관암경로당,충청북도,충주시,43130,충청북도 충주시 동량면 관암1길 9,충청북도 충주시 동량면 조동리 1259-2,37.0278461,127.9685591,30,충청북도 충주시청,043-850-6332,충주경찰서,N,0,,2025-10-31,4390000,충청북도 충주시
01,선권경로당,충청북도,충주시,43130,충청북도 충주시 수안보면 안보선권길6-6,충청북도 충주시 수안보면 안보리 18-12,36.8420115,128.0167138,30,충청북도 충주시청,043-850-6332,충주경찰서,N,0,,2025-10-31,4390000,충청북도 충주시
01,화심경로당,충청북도,충주시,43130,충청북도 충주시 신니면 화골길 3,충청북도 충주시 신니면 화석리 356-1,37.0207403,127.7313791,30,충청북도 충주시청,043-850-6332,충주경찰서,N,0,,2025-10-31,4390000,충청북도 충주시
01,하남마을다기능회관,충청북도,충주시,43130,충청북도 충주시 앙성면 용대하남길 12,충청북도 충주시 앙성면 용대리 460-1,37.0895806,127.7516004,30,충청북도 충주시청,043-850-6332,충주경찰서,N,0,,2025-10-31,4390000,충청북도 충주시
01,온천2구마을경로당,충청북도,충주시,43130,충청북도 충주시 수안보면 물탕2길 24-5,충청북도 충주시 수안보면 온천리 249-17,36.84692677,127.9921072,30,충청북도 충주시청,043-850-6332,충주경찰서,N,0,,2025-10-31,4390000,충청북도 충주시
01,탑평마을경로당,충청북도,충주시,43130,충청북도 충주시 동량면 탑평새말길 6,충청북도 충주시 동량면 조동리 1237-1,37.02959723,127.9699317,30,충청북도 충주시청,043-850-6332,충주경찰서,N,0,,2025-10-31,4390000,충청북도 충주시
01,독동마을경로당,충청북도,충주시,43130,충청북도 충주시 산척면 지속골길47-30,충청북도 충주시 산척면 영덕리 402-2,37.06369257,127.9668525,30,충청북도 충주시청,043-850-6332,충주경찰서,N,0,,2025-10-31,4390000,충청북도 충주시
01,덕해마을경로당,충청북도,충주시,43130,충청북도 충주시 산척면 덕해길 80,충청북도 충주시 산척면 영덕리 589-3,37.07068831,127.9570645,30,충청북도 충주시청,043-850-6332,충주경찰서,N,0,,2025-10-31,4390000,충청북도 충주시
01,하율마을경로당,충청북도,충주시,43130,충청북도 충주시 앙성면 아랫밤나무1길 12,충청북도 충주시 앙성면 목미리 284-5,37.14105853,127.7386647,30,충청북도 충주시청,043-850-6332,충주경찰서,N,0,,2025-10-31,4390000,충청북도 충주시
01,대사마을경로당,충청북도,충주시,43130,충청북도 충주시 수안보면 미륵송계로 169,충청북도 충주시 수안보면 사문리 318-7,36.84049942,128.023319,30,충청북도 충주시청,043-850-6332,충주경찰서,N,0,,2025-10-31,4390000,충청북도 충주시
01,공이2리경로당,충청북도,충주시,43130,충청북도 충주시 살미면 공이동길 550,충청북도 충주시 살미면 공이리 487-3,36.87933852,128.0342949,30,충청북도 충주시청,043-850-6332,충주경찰서,N,0,,2025-10-31,4390000,충청북도 충주시
01,송정경노당,충청북도,충주시,43130,충청북도 충주시 산척면 윗말길 3-4,충청북도 충주시 산척면 송강리 1733-1,37.09344202,127.9614364,30,충청북도 충주시청,043-850-6332,충주경찰서,N,0,,2025-10-31,4390000,충청북도 충주시
01,올리사랑실버홈,충청북도,충주시,43130,충청북도 충주시 형설로 22,충청북도 충주시 호암동 151-2,36.95586421,127.9410011,30,충청북도 충주시청,043-850-6332,충주경찰서,N,0,,2025-10-31,4390000,충청북도 충주시
01,노인복지관남부분관,충청북도,충주시,43130,충청북도 충주시 신촌8길 1 (지현동),충청북도 충주시 지현동 2161,36.95831773,127.9311777,30,충청북도 충주시청,043-850-6332,충주경찰서,N,0,,2025-10-31,4390000,충청북도 충주시
01,갈치경로당,충청북도,충주시,43130,충청북도 충주시 앙성면 갈치1길 23,충청북도 충주시 앙성면 용포리 359-3,37.1196479,127.7457717,30,충청북도 충주시청,043-850-6332,충주경찰서,N,0,,2025-10-31,4390000,충청북도 충주시
01,송원요양병원,충청북도,충주시,43130,충청북도 충주시 주덕읍 신양로 62,충청북도 충주시 주덕읍 신양리 289-4,36.97156285,127.7941261,30,충청북도 충주시청,043-850-6332,충주경찰서,N,0,,2025-10-31,4390000,충청북도 충주시
01,대모천경로당,충청북도,충주시,43130,충청북도 충주시 동량면 대모천길39,충청북도 충주시 동량면 조동리 1128-9,37.04640481,127.976465,30,충청북도 충주시청,043-850-6332,충주경찰서,N,0,,2025-10-31,4390000,충청북도 충주시
1,사현경로당,충청북도,괴산군,43760,충청북도 괴산군 불정면 외동길 28,,36.91792068,127.8243833,30,충청북도 괴산군청,043-830-3534,충청북도 괴산경찰서,N,,,2025-12-18,4460000,충청북도 괴산군
01,하곡경로당,충청북도,충주시,43130,충청북도 충주시 동량면 호반로 759,충청북도 충주시 동량면 하천리 401-7,37.03134757,128.0450322,30,충청북도 충주시청,043-850-6332,충주경찰서,N,0,,2025-10-31,4390000,충청북도 충주시
01,탑평경로당,충청북도,충주시,43130,충청북도 충주시 동량면 탑평새말길 6,충청북도 충주시 동량면 조동리 1237-1,37.02959723,127.9699317,30,충청북도 충주시청,043-850-6332,충주경찰서,N,0,,2025-10-31,4390000,충청북도 충주시
01,장선경로당,충청북도,충주시,43130,충청북도 충주시 동량면 장선2길 1,충청북도 충주시 동량면 조동리 433,37.03187176,127.9910168,30,충청북도 충주시청,043-850-6332,충주경찰서,N,0,,2025-10-31,4390000,충청북도 충주시
01,단암경로당,충청북도,충주시,43130,충청북도 충주시 앙성면 만석길 3,충청북도 충주시 앙성면 단암리 209-2,37.18665628,127.7441568,30,충청북도 충주시청,043-850-6332,충주경찰서,N,0,,2025-10-31,4390000,충청북도 충주시
01,입석경로당,충청북도,충주시,43130,충청북도 충주시 중앙탑면 감노로 2306,충청북도 충주시 중앙탑면 용전리 285-5,37.02901284,127.8466777,30,충청북도 충주시청,043-850-6332,충주경찰서,N,0,,2025-10-31,4390000,충청북도 충주시
1,햇살누리요양센터,인천광역시,미추홀구,28177,인천광역시 미추홀구 독배로 431,인천광역시 미추홀구 용현동 473-1,37.45791381,126.648971,30,인천광역시 미추홀구청,032-880-4518,인천미추홀경찰서,N,0,18,2025-11-01,3510500,인천광역시 미추홀구
1,천일경로당,인천광역시,미추홀구,28177,인천광역시 미추홀구 독배로 427-22,인천광역시 미추홀구 용현동 473-25,37.4577119,126.6488817,30,인천광역시 미추홀구청,032-880-4518,인천미추홀경찰서,N,0,5,2025-11-01,3510500,인천광역시 미추홀구
1,용남경로당,인천광역시,미추홀구,28177,인천광역시 미추홀구 경인남길102번길 135,인천광역시 미추홀구 용현동 14,37.4506674,126.6660857,30,인천광역시 미추홀구청,032-880-4518,인천미추홀경찰서,N,0,5,2025-11-01,3510500,인천광역시 미추홀구
1,도화1동분회경로당,인천광역시,미추홀구,28177,인천광역시 미추홀구 수봉로171번길 35,인천광역시 미추홀구 도화동 525-13,37.46041315,126.6690605,30,인천광역시 미추홀구청,032-880-4518,인천미추홀경찰서,N,0,5,2025-11-01,3510500,인천광역시 미추홀구
1,숭인경로당,인천광역시,미추홀구,28177,인천광역시 미추홀구 수봉로33번길 36-18,인천광역시 미추홀구 숭의동 2-111,37.46325275,126.6585722,30,인천광역시 미추홀구청,032-880-4518,인천미추홀경찰서,N,0,6,2025-11-01,3510500,인천광역시 미추홀구
1,쑥골경로당,인천광역시,미추홀구,28177,인천광역시 미추홀구 주안로7번길 14-35,인천광역시 미추홀구 도화동 560-11,37.46491629,126.6710931,30,인천광역시 미추홀구청,032-880-4518,인천미추홀경찰서,N,0,5,2025-11-01,3510500,인천광역시 미추홀구
1,용정경로당,인천광역시,미추홀구,28177,인천광역시 미추홀구 인주대로153번길 22,인천광역시 미추홀구 용현동 491-211,37.45736714,126.6541866,30,인천광역시 미추홀구청,032-880-4518,인천미추홀경찰서,N,0,5,2025-11-01,3510500,인천광역시 미추홀구
1,상우경로당,인천광역시,미추홀구,28177,인천광역시 미추홀구 경인로34번길 66,인천광역시 미추홀구 숭의동 187-17,37.46101747,126.6482311,30,인천광역시 미추홀구청,032-880-4518,인천미추홀경찰서,N,0,5,2025-11-01,3510500,인천광역시 미추홀구
1,숭의2동분회경로당,인천광역시,미추홀구,28177,인천광역시 미추홀구 미추로19번길 25,인천광역시 미추홀구 숭의동 169-48,37.46175177,126.6458998,30,인천광역시 미추홀구청,032-880-4518,인천미추홀경찰서,N,0,5,2025-11-01,3510500,인천광역시 미추홀구
1,행복의집,인천광역시,미추홀구,28177,인천광역시 미추홀구 아암대로29번길 86,인천광역시 미추홀구 용현동 565-2,37.45631794,126.6409036,30,인천광역시 미추홀구청,032-880-4518,인천미추홀경찰서,N,0,12,2025-11-01,3510500,인천광역시 미추홀구
1,청솔경로당,인천광역시,미추홀구,28177,인천광역시 미추홀구 수봉남로17번길 40-23,인천광역시 미추홀구 용현동 456-421,37.459148,126.655911,30,인천광역시 미추홀구청,032-880-4518,인천미추홀경찰서,N,0,4,2025-11-01,3510500,인천광역시 미추홀구
1,신기경로당,인천광역시,미추홀구,28177,인천광역시 미추홀구 인하로248번길 7,인천광역시 미추홀구 주안동 844-43,37.447906,126.6756087,30,인천광역시 미추홀구청,032-880-4518,인천미추홀경찰서,N,0,6,2025-11-01,3510500,인천광역시 미추홀구
1,숭의4동 분회경로당,인천광역시,미추홀구,28177,인천광역시 미추홀구 수봉로 59-1,인천광역시 미추홀구 숭의동 14-4,37.46130276,126.6585322,30,인천광역시 미추홀구청,032-880-4518,인천미추홀경찰서,N,0,12,2025-11-01,3510500,인천광역시 미추홀구
1,용현1동 분회경로당,인천광역시,미추홀구,28177,인천광역시 미추홀구 인주대로171번길 1,인천광역시 미추홀구 용현동 146-442,37.45607181,126.6563052,50,인천광역시 미추홀구청,032-880-4518,인천미추홀경찰서,N,0,23,2025-11-01,3510500,인천광역시 미추홀구
1,숭의3동 경로당,인천광역시,미추홀구,28177,인천광역시 미추홀구 석정로126번길 12-38,인천광역시 미추홀구 숭의동 83-9,37.46815408,126.6487748,50,인천광역시 미추홀구청,032-880-4518,인천미추홀경찰서,N,0,20,2025-11-01,3510500,인천광역시 미추홀구
1,학익2동 경로당,인천광역시,미추홀구,28177,인천광역시 미추홀구 재넘이길9번길 36,인천광역시 미추홀구 학익동 312-26,37.445706,126.6653932,50,인천광역시 미추홀구청,032-880-4518,인천미추홀경찰서,Y,1,30,2025-11-01,3510500,인천광역시 미추홀구
1,주안노인문화센터,인천광역시,미추홀구,28177,인천광역시 미추홀구 석정로 464,인천광역시 미추홀구 주안동 20-35,37.465886,126.6873266,50,인천광역시 미추홀구청,032-880-4518,인천미추홀경찰서,N,0,22,2025-11-01,3510500,인천광역시 미추홀구
1,인천사랑노인요양원,인천광역시,미추홀구,28177,인천광역시 미추홀구 낙섬서로 3-14,인천광역시 미추홀구 용현동 627-607,37.450556,126.6331389,30,인천광역시 미추홀구청,032-880-4518,인천미추홀경찰서,N,0,15,2025-11-01,3510500,인천광역시 미추홀구
1,승학경로당,인천광역시,미추홀구,28177,인천광역시 미추홀구 매소홀로535번길 18-18,인천광역시 미추홀구 문학동 338-1,37.439867,126.6809008,30,인천광역시 미추홀구청,032-880-4518,인천미추홀경찰서,Y,2,5,2025-11-01,3510500,인천광역시 미추홀구
1,숭의요양원,인천광역시,미추홀구,28177,인천광역시 미추홀구 경인로 42,인천광역시 미추홀구 숭의동 177-7,37.464101,126.6479805,30,인천광역시 미추홀구청,032-880-4518,인천미추홀경찰서,N,0,20,2025-11-01,3510500,인천광역시 미추홀구
1,천사의집 노인요양원,인천광역시,미추홀구,28177,인천광역시 미추홀구 소성로318번길 30,인천광역시 미추홀구 문학동 371-11,37.436429,126.6821464,30,인천광역시 미추홀구청,032-880-4518,인천미추홀경찰서,Y,3,7,2025-11-01,3510500,인천광역시 미추홀구
1,주안해피타운 요양원,인천광역시,미추홀구,28177,인천광역시 미추홀구 주승로 129,인천광역시 미추홀구 주안동 1218-31,37.445796,126.6847222,30,인천광역시 미추홀구청,032-880-4518,인천미추홀경찰서,Y,4,7,2025-11-01,3510500,인천광역시 미추홀구
1,도곡경로당,인천광역시,미추홀구,28177,인천광역시 미추홀구 석바위로21번길 4,인천광역시 미추홀구 도화동 369-13,37.461107,126.675628,30,인천광역시 미추홀구청,032-880-4518,인천미추홀경찰서,N,0,15,2025-11-01,3510500,인천광역시 미추홀구
1,The 숲 요양원,인천광역시,미추홀구,28177,인천광역시 미추홀구 미추로 53,인천광역시 미추홀구 숭의동 159-14,37.464667,126.6457359,30,인천광역시 미추홀구청,032-880-4518,인천미추홀경찰서,N,0,20,2025-11-01,3510500,인천광역시 미추홀구
1,문학동경로당,인천광역시,미추홀구,28177,인천광역시 미추홀구 소성로 307,인천광역시 미추홀구 문학동 367-3,37.437897,126.6815361,30,인천광역시 미추홀구청,032-880-4518,인천미추홀경찰서,Y,1,10,2025-11-01,3510500,인천광역시 미추홀구
1,도화오거리경로당,인천광역시,미추홀구,28177,인천광역시 미추홀구 숙골로35번길 30,인천광역시 미추홀구 도화동 98-19,37.466788,126.6649483,30,인천광역시 미추홀구청,032-880-4518,인천미추홀경찰서,N,0,10,2025-11-01,3510500,인천광역시 미추홀구
1,인천시 노인복지회관,인천광역시,미추홀구,28177,인천광역시 미추홀구 능해길 21,인천광역시 미추홀구 용현동 686-32,37.459577,126.6392566,30,인천광역시 미추홀구청,032-880-4518,인천미추홀경찰서,Y,2,13,2025-11-01,3510500,인천광역시 미추홀구
1,미추홀종합사회복지관,인천광역시,미추홀구,28177,인천광역시 미추홀구 염창로 97,인천광역시 미추홀구 주안동 22-59,37.465598,126.6849558,30,인천광역시 미추홀구청,032-880-4518,인천미추홀경찰서,Y,2,8,2025-11-01,3510500,인천광역시 미추홀구
1,미추홀노인복지관,인천광역시,미추홀구,28177,인천광역시 미추홀구 학익소로37번길 17,인천광역시 미추홀구 주안동 866-67,37.445077,126.6711736,30,인천광역시 미추홀구청,032-880-4518,인천미추홀경찰서,Y,2,7,2025-11-01,3510500,인천광역시 미추홀구
1,행화경로당,경상북도,영양군,51700,경상북도 영양군 청기면 재일로 1067-4,경상북도 영양군 청기면 행화리 194-5,36.7678263,129.0312069,30,경상북도 영양군청 건설안전과 도로팀,054-680-6722,영양경찰서,N,0,6,2025-11-10,5170000,경상북도 영양군
1,관동경로당,경상북도,영양군,51700,경상북도 영양군 청기면 관동길 13,경상북도 영양군 청기면 당리 917-3,36.7604834,129.0415129,30,경상북도 영양군청 건설안전과 도로팀,054-680-6722,영양경찰서,N,0,6,2025-11-10,5170000,경상북도 영양군
1,입암면 분회경로당,경상북도,영양군,51700,경상북도 영양군 입암면 입암로 87,경상북도 영양군 입암면 신구리 533-2,36.5927526,129.0892558,30,경상북도 영양군청 건설안전과 도로팀,054-680-6722,영양경찰서,N,0,6,2025-11-10,5170000,경상북도 영양군
1,용화1리 마을회관,경상북도,영양군,51700,경상북도 영양군 일월면 절구길 31,경상북도 영양군 일월면 용화리37-1,36.79211407,129.1527798,30,경상북도 영양군청 건설안전과 도로팀,054-680-6722,영양경찰서,N,0,6,2025-11-10,5170000,경상북도 영양군
1,산해4리 경로당,경상북도,영양군,51700,경상북도 영양군 입암면 마령산해로 947,경상북도 영양군 입암면 산해리 1008-2,36.59248711,129.0365006,30,경상북도 영양군청 건설안전과 도로팀,054-680-6722,영양경찰서,N,0,6,2025-11-10,5170000,경상북도 영양군
1,화매2리 경로당,경상북도,영양군,51700,경상북도 영양군 석보면 석보로 1180,경상북도 영양군 석보면 화매리 547-5,36.5155611,129.1798826,30,경상북도 영양군청 건설안전과 도로팀,054-680-6722,영양경찰서,N,0,6,2025-11-10,5170000,경상북도 영양군
1,무창1리 경로당,경상북도,영양군,51700,경상북도 영양군 영양읍 영양창수로 939,경상북도 영양군 영양읍 무창리 628-1,36.63256639,129.1994488,30,경상북도 영양군청 건설안전과 도로팀,054-680-6722,영양경찰서,N,0,6,2025-11-10,5170000,경상북도 영양군
1,죽파리 경로당,경상북도,영양군,51700,경상북도 영양군 수비면 낙동정맥로 1538,경상북도 영양군 수비면 죽파리 242-6,36.71235324,129.2060919,30,경상북도 영양군청 건설안전과 도로팀,054-680-6722,영양경찰서,N,0,6,2025-11-10,5170000,경상북도 영양군
1,당리 마을회관,경상북도,영양군,51700,경상북도 영양군 청기면 당리길 4,경상북도 영양군 청기면 당리 650-1,36.75505955,129.0526543,30,경상북도 영양군청 건설안전과 도로팀,054-680-6722,영양경찰서,N,0,6,2025-11-10,5170000,경상북도 영양군
1,상청1리 경로당,경상북도,영양군,51700,경상북도 영양군 청기면 청기로 574,경상북도 영양군 청기면 상청리 281,36.63678291,129.0663418,30,경상북도 영양군청 건설안전과 도로팀,054-680-6722,영양경찰서,N,0,6,2025-11-10,5170000,경상북도 영양군
1,청기2리마을회관,경상북도,영양군,51700,경상북도 영양군 청기면 장평3길 9,경상북도 영양군 청기면 청기리 242,36.65369101,129.0696942,30,경상북도 영양군청 건설안전과 도로팀,054-680-6722,영양경찰서,N,0,6,2025-11-10,5170000,경상북도 영양군
1,단개 경로당,경상북도,영양군,51700,경상북도 영양군 석보면 석보로 338,경상북도 영양군 석보면 지경리 204-3,36.560543,129.115705,30,경상북도 영양군청 건설안전과 도로팀,054-680-6722,영양경찰서,Y,1,6,2025-11-10,5170000,경상북도 영양군
1,연당리 경로당,경상북도,영양군,51700,경상북도 영양군 입암면 서석지1길 5,경상북도 영양군 입암면 연당리 379,36.61143607,129.069332,30,경상북도 영양군청 건설안전과 도로팀,054-680-6722,영양경찰서,Y,2,6,2025-11-10,5170000,경상북도 영양군
1,정족1리 경로당,경상북도,영양군,51700,경상북도 영양군 청기면 댓두들2길 4-1,경상북도 영양군 청기면 정족리 1111-1,36.680219,129.058044,30,경상북도 영양군청 건설안전과 도로팀,054-680-6722,영양경찰서,N,0,6,2025-11-10,5170000,경상북도 영양군
1,현3리 경로당,경상북도,영양군,51700,경상북도 영양군 영양읍 현동3길 5-5,경상북도 영양군 영양읍 현리 232-6,36.645432,129.121919,30,경상북도 영양군청 건설안전과 도로팀,054-680-6722,영양경찰서,N,0,6,2025-11-10,5170000,경상북도 영양군
1,화천1리 경로당,경상북도,영양군,51700,경상북도 영양군 영양읍 영양창수로 577,경상북도 영양군 영양읍 화천리 879-5,36.645214,129.171131,30,경상북도 영양군청 건설안전과 도로팀,054-680-6722,영양경찰서,N,0,6,2025-11-10,5170000,경상북도 영양군
1,명지노인종합복지관,부산광역시,강서구,26440,부산광역시 강서구 명지국제13로 33,,35.11055292,128.9230174,30,부산광역시 강서구청,051-970-4552,부산강서경찰서,N,,,2025-11-06,3360000,부산광역시 강서구
1,참사랑 노인건강센터,부산광역시,강서구,26440,부산광역시 강서구 상덕로119번길 28-11,,35.19283822,128.9173604,50,부산광역시 강서구청,051-970-4552,부산강서경찰서,N,,,2025-11-06,3360000,부산광역시 강서구
1,낙동종합사회복지관,부산광역시,강서구,26440,부산광역시 강서구 순아강변길 5,,35.11976243,128.9028146,60,부산광역시 강서구청,051-970-4552,부산강서경찰서,N,,,2025-11-06,3360000,부산광역시 강서구
1,강서노인종합복지관,부산광역시,강서구,26440,부산광역시 강서구 체육공원로 39,,35.20732663,128.9734691,50,부산광역시 강서구청,051-970-4552,부산강서경찰서,Y,1,,2025-11-06,3360000,부산광역시 강서구
1,효자경로당,경기도,성남시,41130,경기도 성남시 분당구 돌마로 522번길10,경기도 성남시 분당구 서현동 325-7,37.379130,127.137407,20,경기도 성남시,031-729-3673,성남분당경찰서,N,,6,2025-11-11,3780000,경기도 성남시
1,운중1통 경로당,경기도,성남시,41130,경기도 성남시 분당구 운중동 하오개로 361,경기도 성남시 분당구 운중동 348-10,37.391750,127.059303,30,경기도 성남시,031-729-3673,성남분당경찰서,N,,10,2025-11-11,3780000,경기도 성남시
1,이매2통 경로당,경기도,성남시,41130,경기도 성남시 분당구 성남대로772번길 4,경기도 성남시 분당구 이매동 90-1,37.398438,127.129401,30,경기도 성남시,031-729-3673,성남분당경찰서,N,,6,2025-11-11,3780000,경기도 성남시
1,팔각정 경로당,경기도,성남시,41130,경기도 성남시 수정구 탄리로52번길 32,경기도 성남시 수정구 신흥동 4900,37.440909,127.140298,30,경기도 성남시,031-729-3673,성남수정경찰서,N,,6,2025-11-11,3780000,경기도 성남시
2,한마음복지관,경기도,성남시,41130,경기도 성남시 분당구 야탑로 227,경기도 성남시 분당구 야탑동 170-1,37.408228,127.144153,30,경기도 성남시,031-729-3673,성남분당경찰서,N,,15~20,2025-11-11,3780000,경기도 성남시
1,백현2통 경로당,경기도,성남시,41130,경기도 성남시 분당구 대왕판교로 385번길 7,경기도 성남시 분당구 백현동 366-7,37.378005,127.101027,30,경기도 성남시,031-729-3673,성남분당경찰서,N,,6,2025-11-11,3780000,경기도 성남시
1,상대원3동 복지회관 경로당,경기도,성남시,41130,경기도 성남시 중원구 박석로 80번길 10,경기도 성남시 중원구 상대원동 870,37.440015,127.166217,30,경기도 성남시,031-729-3673,성남중원경찰서,N,,6,2025-11-11,3780000,경기도 성남시
1,단대경로당,경기도,성남시,41130,경기도 성남시 수정구 희망로 482번길 13,경기도 성남시 수정구 단대동 186-2,37.447966,127.155779,30,경기도 성남시,031-729-3673,성남수정경찰서,N,,6,2025-11-11,3780000,경기도 성남시
1,은빛경로당,경기도,성남시,41130,경기도 성남시 수정구 남문로 111번길3,경기도 성남시 수정구 태평동 2645,37.447713,127.138642,30,경기도 성남시,031-729-3673,성남수정경찰서,N,,6,2025-11-11,3780000,경기도 성남시
1,은행2동제1복지회관경로당,경기도,성남시,41130,경기도 성남시 중원구 산성대로604번길 6,경기도 성남시 중원구 은행동 597,37.462535,127.170218,30,경기도 성남시,031-729-3673,성남중원경찰서,N,,6,2025-11-11,3780000,경기도 성남시
1,은행1동 공원경로당,경기도,성남시,41130,경기도 성남시 중원구 은행로 77,경기도 성남시 중원구 은행동 2021,37.452612,127.168632,30,경기도 성남시,031-729-3673,성남중원경찰서,N,,8,2025-11-11,3780000,경기도 성남시
1,율동경로당,경기도,성남시,41130,경기도 성남시 분당구 문정로 150,경기도 성남시 분당구 율동 111-8,37.383141,127.151125,30,경기도 성남시,031-729-3673,성남분당경찰서,N,,10,2025-11-11,3780000,경기도 성남시
1,판교노인종합복지관,경기도,성남시,41130,경기도 성남시 분당구 판교역로 99,경기도 성남시 분당구 백현동 528,37.390227,127.108611,30,경기도 성남시,031-729-3673,성남분당경찰서,N,,20~34,2025-11-11,3780000,경기도 성남시
1,서울시니어스타워,경기도,성남시,41130,경기도 성남시 분당구 구미로173번길 47,경기도 성남시 분당구 구미동 297-2,37.347241,127.123469,30,경기도 성남시,031-729-3673,성남분당경찰서,N,,28,2025-11-11,3780000,경기도 성남시
1,중원노인종합복지관,경기도,성남시,41130,경기도 성남시 중원구 제일로35번길 51,경기도 성남시 중원구 성남동 3439,37.432003,127.131551,30,경기도 성남시,031-729-3673,성남중원경찰서,N,,6,2025-11-11,3780000,경기도 성남시
1,상대원2동 제2복지회관,경기도,성남시,41130,경기도 성남시 중원구 희망로 374,경기도 성남시 중원구 상대원동 2996-36,37.438955,127.158918,40,경기도 성남시,031-729-3673,성남중원경찰서,N,,20,2025-11-11,3780000,경기도 성남시
1,황송공원,경기도,성남시,41130,경기도 성남시 중원구 금빛로2번길 35,경기도 성남시 중원구 금광동 2449-1,37.444762,127.172857,60,경기도 성남시,031-729-3673,성남중원경찰서,N,,20,2025-11-11,3780000,경기도 성남시
1,황송노인종합복지관,경기도,성남시,41130,경기도 성남시 중원구 금상로 132,경기도 성남시 중원구 상대원동 279-7,37.441640,127.169152,30,경기도 성남시,031-729-3673,성남중원경찰서,N,,20,2025-11-11,3780000,경기도 성남시
1,신흥3동제2경로당,경기도,성남시,41130,경기도 성남시 수정구 수정남로 142,경기도 성남시 수정구 신흥동 3444,37.443339,127.143225,40,경기도 성남시,031-729-3673,성남수정경찰서,Y,1,20,2025-11-11,3780000,경기도 성남시
1,인보의집,경기도,성남시,41130,경기도 성남시 수정구 탄리로 49,경기도 성남시 수정구 수진동 661,37.440425,127.136747,30,경기도 성남시,031-729-3673,성남수정경찰서,Y,1,14,2025-11-11,3780000,경기도 성남시
1,수정중앙노인종합복지관,경기도,성남시,41130,경기도 성남시 수정구 성남대로1480번길 38,경기도 성남시 수정구 복정동 666,37.461504,127.130432,30,경기도 성남시,031-729-3673,성남수정경찰서,N,,8,2025-11-11,3780000,경기도 성남시
1,수정노인종합복지관,경기도,성남시,41130,경기도 성남시 수정구 수정남로268번길 28,경기도 성남시 수정구 산성동 2178,37.450935,127.152922,30,경기도 성남시,031-729-3673,성남수정경찰서,N,,6,2025-11-11,3780000,경기도 성남시
1,둥지너싱홈,경상남도,진주시,48170,경상남도 진주시 남강로 1737-44,경상남도 진주시 집현면 장흥리 1-9,35.215158,128.1197021,30,경상남도 진주시청,055-749-8927,진주경찰서,N,0,7,2025-11-07,5310000,경상남도 진주시
1,프란체스코의집,경상남도,진주시,48170,경상남도 진주시 남강로 1473,경상남도 진주시 하대동 102-1,35.19274874,128.1275567,30,경상남도 진주시청,055-749-8927,진주경찰서,N,0,10~15,2025-11-07,5310000,경상남도 진주시
1,애명노인요양원,경상남도,진주시,48170,경상남도 진주시 문산읍 제곡길98번길 30,경상남도 진주시 문산읍 삼곡리 202,35.15366988,128.174133,30,경상남도 진주시청,055-749-8927,진주경찰서,N,0,7,2025-11-07,5310000,경상남도 진주시
1,진주요양원,경상남도,진주시,48170,경상남도 진주시 문산읍 제곡길98번길 46,경상남도 진주시 문산읍 삼곡리 191,35.15276293,128.1756079,30,경상남도 진주시청,055-749-8927,진주경찰서,N,0,7,2025-11-07,5310000,경상남도 진주시
1,노인전문요양원,경상남도,진주시,48170,경상남도 진주시 천수로163번길 15,경상남도 진주시 망경동 512,35.17857367,128.0830679,30,경상남도 진주시청,055-749-8927,진주경찰서,N,0,5~15,2025-11-07,5310000,경상남도 진주시
1,진주종합복지사회복지관,경상남도,진주시,48170,경상남도 진주시 진양호로 476,경상남도 진주시 남성동 3-18,35.19079371,128.0776717,30,경상남도 진주시청,055-749-8927,진주경찰서,N,0,4~8,2025-11-07,5310000,경상남도 진주시
1,청락원,경상남도,진주시,48170,경상남도 진주시 모덕로47번길 40,경상남도 진주시 상대동 825,35.18585104,128.1027237,30,경상남도 진주시청,055-749-8927,진주경찰서,N,0,5~8,2025-11-07,5310000,경상남도 진주시
1,상락원,경상남도,진주시,48170,경상남도 진주시 판문오동길115번길 62-33,경상남도 진주시 판문동 1032,35.18459398,128.0321387,30,경상남도 진주시청,055-749-8927,진주경찰서,N,0,7,2025-11-07,5310000,경상남도 진주시
1,종합사회복지관,경상남도,진주시,48170,경상남도 진주시 공단로 53,경상남도 진주시 상평동 268-3,35.1756692,128.1057977,30,경상남도 진주시청,055-749-8927,진주경찰서,Y,1,7,2025-11-07,5310000,경상남도 진주시
2,수통1리 경로당,충청남도,금산군,44710,충청남도 금산군 부리면 적벽강로 697,충청남도 금산군 부리면 수통리 700-56,36.05075213,127.5911371,30,충청남도 금산군,041-750-2714,충남금산경찰서,N,,,2025-11-11,4550000,충청남도 금산군
2,비단고을단기보호,충청남도,금산군,44710,충청남도 금산군 제원면 군북로 143-25,충청남도 금산군 제원면 구억리 360,36.12246727,127.539477,30,충청남도 금산군,041-750-2714,충남금산경찰서,N,,,2025-11-11,4550000,충청남도 금산군
2,다솜,충청남도,금산군,44710,충청남도 금산군 금성면 마수로 208,충청남도 금산군 금성면 마수리 197,36.1462482,127.4793836,30,충청남도 금산군,041-750-2714,충남금산경찰서,N,,,2025-11-11,4550000,충청남도 금산군
1,상옥4리 경로당,충청남도,금산군,44710,충청남도 금산군 금산읍 비단로 462,충청남도 금산군 금산읍 상옥리 351-1,36.10161236,127.481009,30,충청남도 금산군,041-750-2713,충남금산경찰서,N,,,2025-11-11,4550000,충청남도 금산군
1,석동2리 경로당,충청남도,금산군,44710,충청남도 금산군 남이면 보석사1길 6,충청남도 금산군 남이면 석동리 686,36.05134272,127.477955,30,충청남도 금산군,041-750-2713,충남금산경찰서,N,,,2025-11-11,4550000,충청남도 금산군
1,삼가2리(청등) 경로당,충청남도,금산군,44710,충청남도 금산군 진산면 청징길 18-3,충청남도 금산군 진산면 삼가리 356,36.12009738,127.394363,30,충청남도 금산군,041-750-2713,충남금산경찰서,N,,,2025-11-11,4550000,충청남도 금산군
1,중도6리 경로당,충청남도,금산군,44710,충청남도 금산군 금산읍 향군길 56,충청남도 금산군 금산읍 중도리 230-7,36.104887,127.495202,30,충청남도 금산군,041-750-2713,충남금산경찰서,N,,,2025-11-11,4550000,충청남도 금산군
1,경당마을 경로당,충청남도,금산군,44710,충청남도 금산군 부리면 경당1길 25,충청남도 금산군 부리면 양곡리 536,36.067531,127.5557038,30,충청남도 금산군,041-750-2713,충남금산경찰서,N,,,2025-11-11,4550000,충청남도 금산군
1,용화1리 경로당,충청남도,금산군,44710,충청남도 금산군 제원면 용화로 218-4,충청남도 금산군 제원면 용화리 390-1,36.099891,127.5846381,30,충청남도 금산군,041-750-2713,충남금산경찰서,N,,,2025-11-11,4550000,충청남도 금산군
1,성당리 1경로당,충청남도,금산군,44710,충청남도 금산군 추부면 성당로 71,충청남도 금산군 추부면 성당리 454-6,36.23400747,127.519488,30,충청남도 금산군,041-750-2713,충남금산경찰서,N,,,2025-11-11,4550000,충청남도 금산군
1,상동1리 경로당,충청남도,금산군,44710,충청남도 금산군 남일면 봉황로 409,충청남도 금산군 남일면 상동리 266-3,36.068411,127.5043872,30,충청남도 금산군,041-750-2713,충남금산경찰서,N,,,2025-11-11,4550000,충청남도 금산군
1,신대1리 원신대 경로당,충청남도,금산군,44710,충청남도 금산군 복수면 원신대길 8,충청남도 금산군 복수면 신대리 542-20,36.21277508,127.3763364,30,충청남도 금산군,041-750-2713,충남금산경찰서,N,,,2025-11-11,4550000,충청남도 금산군
1,수영3리 경로당,충청남도,금산군,44710,충청남도 금산군 복수면 양효길 29,충청남도 금산군 복수면 수영리 156,36.179256,127.392659,30,충청남도 금산군,041-750-2713,충남금산경찰서,N,,,2025-11-11,4550000,충청남도 금산군
1,신대1리 경로당,충청남도,금산군,44710,충청남도 금산군 금산읍 증티길 6,충청남도 금산군 금산읍 신대리 301-2,36.093449,127.503967,30,충청남도 금산군,041-750-2713,충남금산경찰서,N,,,2025-11-11,4550000,충청남도 금산군
1,현내 경로당,충청남도,금산군,44710,충청남도 금산군 부리면 현내로 59,충청남도 금산군 부리면 현내리 569-3,36.05997852,127.556261,30,충청남도 금산군,041-750-2713,충남금산경찰서,N,,,2025-11-11,4550000,충청남도 금산군
1,상동2리 경로당,충청남도,금산군,44710,충청남도 금산군 남일면 상동2길 3,충청남도 금산군 남일면 상동리 421-3,36.05965116,127.504781,30,충청남도 금산군,041-750-2713,충남금산경찰서,N,,,2025-11-11,4550000,충청남도 금산군
1,신대1리(엄정리) 경로당,충청남도,금산군,44710,충청남도 금산군 금산읍 엄나무길 15,충청남도 금산군 금산읍 신대리 177-5,36.088039,127.503694,30,충청남도 금산군,041-750-2713,충남금산경찰서,N,,,2025-11-11,4550000,충청남도 금산군
1,구례3리 경로당,충청남도,금산군,44710,충청남도 금산군 복수면 운곡길 12,충청남도 금산군 복수면 구례리 352-18,36.19641012,127.383435,30,충청남도 금산군,041-750-2713,충남금산경찰서,N,,,2025-11-11,4550000,충청남도 금산군
1,오항1리(외이량) 경로당,충청남도,금산군,44710,충청남도 금산군 진산면 일양길 31,충청남도 금산군 진산면 오항리 211,36.09057245,127.3625224,30,충청남도 금산군,041-750-2713,충남금산경찰서,N,,,2025-11-11,4550000,충청남도 금산군
1,창평 경로당,충청남도,금산군,44710,충청남도 금산군 부리면 창평로 339,충청남도 금산군 부리면 창평리 457-5,36.097527,127.531584,30,충청남도 금산군,041-750-2713,충남금산경찰서,N,,,2025-11-11,4550000,충청남도 금산군
1,덕천2리(월평리) 경로당,충청남도,금산군,44710,충청남도 금산군 남일면 월평길 28,충청남도 금산군 남일면 덕천리 615-5,36.035369,127.5089691,30,충청남도 금산군,041-750-2713,충남금산경찰서,N,,,2025-11-11,4550000,충청남도 금산군
1,신정1리 경로당,충청남도,금산군,44710,충청남도 금산군 남일면 신정길13,충청남도 금산군 남일면 신정리 570-1,36.001414,127.512936,30,충청남도 금산군,041-750-2713,충남금산경찰서,N,,,2025-11-11,4550000,충청남도 금산군
1,의총2리 경로당,충청남도,금산군,44710,충청남도 금산군 금성면 의총음지말길35,충청남도 금산군 금성면 의총리 251,36.134203,127.494069,30,충청남도 금산군,041-750-2713,충남금산경찰서,N,,,2025-11-11,4550000,충청남도 금산군
1,부암2리 경로당,충청남도,금산군,44710,충청남도 금산군 진산면 가막동길 115,충청남도 금산군 진산면 부암리 271-10,36.14278294,127.380047,30,충청남도 금산군,041-750-2713,충남금산경찰서,N,,,2025-11-11,4550000,충청남도 금산군
1,원구석 경로당,충청남도,금산군,44710,충청남도 금산군 남이면 거북바위길19,충청남도 금산군 남이면 구석리 514,36.01703507,127.4666946,30,충청남도 금산군,041-750-2713,충남금산경찰서,N,,,2025-11-11,4550000,충청남도 금산군
1,명암리 노인회관,충청남도,금산군,44710,충청남도 금산군 제원면 울바우길10,충청남도 금산군 제원면 명암리 231-3,36.11004394,127.5372714,30,충청남도 금산군,041-750-2713,충남금산경찰서,N,,,2025-11-11,4550000,충청남도 금산군
1,당디 경로당(묵산2리 경로당),충청남도,금산군,44710,충청남도 금산군 진산면 안당디길 14,충청남도 금산군 진산면 묵산리 45-2,36.1521123,127.3649545,30,충청남도 금산군,041-750-2713,충남금산경찰서,N,,,2025-11-11,4550000,충청남도 금산군
1,비례1리 경로당,충청남도,금산군,44710,충청남도 금산군 추부면 골말길 55,충청남도 금산군 추부면 비례리 32-2,36.20740156,127.4837868,30,충청남도 금산군,041-750-2713,충남금산경찰서,N,,,2025-11-11,4550000,충청남도 금산군
1,선원리 경로당,충청남도,금산군,44710,충청남도 금산군 부리면 선원1길 11,충청남도 금산군 부리면 선원리 430-3,36.07277129,127.5489181,30,충청남도 금산군,041-750-2713,충남금산경찰서,N,,,2025-11-11,4550000,충청남도 금산군
1,지량1리 경로당,충청남도,금산군,44710,충청남도 금산군 복수면 지량길 33,충청남도 금산군 복수면 지량리 480-1,36.24741844,127.3699631,30,충청남도 금산군,041-750-2713,충남금산경찰서,N,,,2025-11-11,4550000,충청남도 금산군
1,금고 경로당 (현내2리 경로당),충청남도,금산군,44710,충청남도 금산군 부리면 금고길 19,충청남도 금산군 부리면 현내리 210-3,36.04881424,127.5619813,30,충청남도 금산군,041-750-2713,충남금산경찰서,N,,,2025-11-11,4550000,충청남도 금산군
1,상막현 경로당,충청남도,금산군,44710,충청남도 금산군 진산면 상막현길 2,충청남도 금산군 진산면 막현리 328-11,36.19351374,127.3528588,30,충청남도 금산군,041-750-2713,충남금산경찰서,N,,,2025-11-11,4550000,충청남도 금산군
1,하막현 경로당,충청남도,금산군,44710,충청남도 금산군 진산면 하막현길 77,충청남도 금산군 진산면 막현리 63-14,36.2040661,127.368057,30,충청남도 금산군,041-750-2713,충남금산경찰서,N,,,2025-11-11,4550000,충청남도 금산군
1,지방2리 경로당,충청남도,금산군,44710,충청남도 금산군 진산면 가사동길 7,충청남도 금산군 진산면 지방리 416-11,36.1849612,127.351741,30,충청남도 금산군,041-750-2713,충남금산경찰서,N,,,2025-11-11,4550000,충청남도 금산군
1,지방1리 경로당,충청남도,금산군,44710,충청남도 금산군 진산면 지방골길 60,충청남도 금산군 진산면 지방리 273,36.1779178,127.351226,30,충청남도 금산군,041-750-2713,충남금산경찰서,N,,,2025-11-11,4550000,충청남도 금산군
1,두지1리 경로당,충청남도,금산군,44710,충청남도 금산군 진산면 실학로 30,충청남도 금산군 진산면 두지리 111-12,36.16818378,127.3450967,30,충청남도 금산군,041-750-2713,충남금산경찰서,N,,,2025-11-11,4550000,충청남도 금산군
1,미량(양곡1리) 경로당,충청남도,금산군,44710,충청남도 금산군 부리면 미량길 6,충청남도 금산군 부리면 양곡리 226,36.0656277,127.5608882,30,충청남도 금산군,041-750-2713,충남금산경찰서,N,,,2025-11-11,4550000,충청남도 금산군
1,목소리 경로당,충청남도,금산군,44710,충청남도 금산군 복수면 도랜말길 4,충청남도 금산군 복수면 목소리 512-2,36.17681309,127.411452,30,충청남도 금산군,041-750-2713,충남금산경찰서,N,,,2025-11-11,4550000,충청남도 금산군
1,신평1리 경로당,충청남도,금산군,44710,충청남도 금산군 추부면 신평길 12-14,충청남도 금산군 추부면 신평리 545-1,36.2262863,127.506534,30,충청남도 금산군,041-750-2713,충남금산경찰서,N,,,2025-11-11,4550000,충청남도 금산군
1,신평2리 경로당,충청남도,금산군,44710,충청남도 금산군 추부면 신평1길 59,충청남도 금산군 추부면 신평리 42-1,36.22943956,127.507187,30,충청남도 금산군,041-750-2713,충남금산경찰서,N,,,2025-11-11,4550000,충청남도 금산군
1,산안1리 경로당,충청남도,금산군,44710,충청남도 금산군 군북면 산꽃로 438,충청남도 금산군 군북면 산안리 448-1,36.1941598,127.5537667,30,충청남도 금산군,041-750-2713,충남금산경찰서,N,,,2025-11-11,4550000,충청남도 금산군
1,구석1리 경로당,충청남도,금산군,44710,충청남도 금산군 남이면 모티길 48,충청남도 금산군 남이면 구석리 72-5,36.01690306,127.476443,30,충청남도 금산군,041-750-2713,충남금산경찰서,N,,,2025-11-11,4550000,충청남도 금산군
1,읍내3리 경로당,충청남도,금산군,44710,충청남도 금산군 진산면 방축길 23,충청남도 금산군 진산면 읍내리 131-4,36.1469178,127.377052,30,충청남도 금산군,041-750-2713,충남금산경찰서,N,,,2025-11-11,4550000,충청남도 금산군
1,명곡1리 경로당,충청남도,금산군,44710,충청남도 금산군 제원면 구상2길 18,충청남도 금산군 제원면 명곡리 256,36.14158618,127.533272,30,충청남도 금산군,041-750-2713,충남금산경찰서,N,,,2025-11-11,4550000,충청남도 금산군
1,마전5리 경로당,충청남도,금산군,44710,충청남도 금산군 추부면 다복로 619,충청남도 금산군 추부면 마전리 834-8,36.18531189,127.4527675,30,충청남도 금산군,041-750-2713,충남금산경찰서,N,,,2025-11-11,4550000,충청남도 금산군
1,원동 경로당,충청남도,금산군,44710,충청남도 금산군 남일면 원동길 8,충청남도 금산군 남일면 신정리 425-8,36.0069148,127.5229949,30,충청남도 금산군,041-750-2713,충남금산경찰서,N,,,2025-11-11,4550000,충청남도 금산군
1,구례1리 경로당,충청남도,금산군,44710,충청남도 금산군 복수면 복수로 660,충청남도 금산군 복수면 구례리 436-6,36.2016226,127.379393,30,충청남도 금산군,041-750-2713,충남금산경찰서,N,,,2025-11-11,4550000,충청남도 금산군
1,벌넘어경로당,충청남도,금산군,44710,충청남도 금산군 남일면 벌넘어길 32,충청남도 금산군 남일면 신천리 754-2,36.0224131,127.4851602,30,충청남도 금산군,041-750-2713,충남금산경찰서,N,,,2025-11-11,4550000,충청남도 금산군
1,신천2리 경로당,충청남도,금산군,44710,충청남도 금산군 남일면 양대길 18,충청남도 금산군 남일면 신천리 211-1,36.0290292,127.496398,30,충청남도 금산군,041-750-2713,충남금산경찰서,N,,,2025-11-11,4550000,충청남도 금산군
1,교촌1리 경로당,충청남도,금산군,44710,충청남도 금산군 진산면 대둔산로 539,충청남도 금산군 진산면 교촌리 189-9,36.1513149,127.382921,30,충청남도 금산군,041-750-2713,충남금산경찰서,N,,,2025-11-11,4550000,충청남도 금산군
1,서대1리대동경로당(통합지정),충청남도,금산군,44710,충청남도 금산군 추부면 서대수통1길 65-3,충청남도 금산군 추부면 서대리 349-2,36.21466675,127.5207243,30,충청남도 금산군,041-750-2713,충남금산경찰서,N,,,2025-11-11,4550000,충청남도 금산군
1,읍내1리 경로당,충청남도,금산군,44710,충청남도 금산군 진산면 대둔산로 377,충청남도 금산군 진산면 읍내리 195,36.14237753,127.3690515,30,충청남도 금산군,041-750-2713,충남금산경찰서,N,,,2025-11-11,4550000,충청남도 금산군
1,행정2리 경로당,충청남도,금산군,44710,충청남도 금산군 진산면 태고사로 587,충청남도 금산군 진산면 행정리 241-2,36.1620571,127.323673,30,충청남도 금산군,041-750-2713,충남금산경찰서,N,,,2025-11-11,4550000,충청남도 금산군
1,행정1리 경로당,충청남도,금산군,44710,충청남도 금산군 진산면 살구정길 71,충청남도 금산군 진산면 행정리 158-3,36.1590509,127.330337,30,충청남도 금산군,041-750-2713,충남금산경찰서,N,,,2025-11-11,4550000,충청남도 금산군
1,역평1리 경로당,충청남도,금산군,44710,충청남도 금산군 남이면 상역평길 17,충청남도 금산군 남이면 역평리 347-2,36.0611414,127.4097722,30,충청남도 금산군,041-750-2713,충남금산경찰서,N,,,2025-11-11,4550000,충청남도 금산군
1,홍도리 경로당,충청남도,금산군,44710,충청남도 금산군 남일면 대홍로 632-8,충청남도 금산군 남일면 신정리 183,36.0171101,127.518054,30,충청남도 금산군,041-750-2713,충남금산경찰서,N,,,2025-11-11,4550000,충청남도 금산군
1,두두2리경로당,충청남도,금산군,44710,충청남도 금산군 군북면 군북로 701,충청남도 금산군 군북면 두두리 530-1,36.1664115,127.526031,30,충청남도 금산군,041-750-2713,충남금산경찰서,N,,,2025-11-11,4550000,충청남도 금산군
1,조정리 경로당,충청남도,금산군,44710,충청남도 금산군 군북면 조정길 15,충청남도 금산군 군북면 조정리 330,36.1932736,127.522964,30,충청남도 금산군,041-750-2713,충남금산경찰서,N,,,2025-11-11,4550000,충청남도 금산군
1,천을리 경로당,충청남도,금산군,44710,충청남도 금산군 군북면 군북로 602,충청남도 금산군 군북면 천을리 230-5,36.1583713,127.529474,30,충청남도 금산군,041-750-2713,충남금산경찰서,N,,,2025-11-11,4550000,충청남도 금산군
1,지암 경로당,충청남도,금산군,44710,충청남도 금산군 남이면 느티골길 16,충청남도 금산군 남이면 건천리 335,36.0804415,127.3693205,30,충청남도 금산군,041-750-2713,충남금산경찰서,N,,,2025-11-11,4550000,충청남도 금산군
1,일양 경로당,충청남도,금산군,44710,충청남도 금산군 남이면 휴양림로 1550-2,충청남도 금산군 남이면 건천리 398-2,36.0865572,127.360239,30,충청남도 금산군,041-750-2713,충남금산경찰서,N,,,2025-11-11,4550000,충청남도 금산군
1,건천1리 경로당,충청남도,금산군,44710,충청남도 금산군 남이면 휴양림로 1299,충청남도 금산군 남이면 건천리 192-12,36.0768034,127.378199,30,충청남도 금산군,041-750-2713,충남금산경찰서,N,,,2025-11-11,4550000,충청남도 금산군
1,양전1리남자경로당,충청남도,금산군,44710,충청남도 금산군 금성면 양전길 21,충청남도 금산군 금성면 양전리 487-3,36.1224969,127.4781283,30,충청남도 금산군,041-750-2713,충남금산경찰서,N,,,2025-11-11,4550000,충청남도 금산군
1,원터 경로당,충청남도,금산군,44710,충청남도 금산군 금성면 원터길 9,충청남도 금산군 금성면 상가리 374-27,36.13302355,127.443337,30,충청남도 금산군,041-750-2713,충남금산경찰서,N,,,2025-11-11,4550000,충청남도 금산군
1,동편리 경로당,충청남도,금산군,44710,충청남도 금산군 군북면 퉁점길 3,충청남도 금산군 군북면 동편리 252-2,36.1789114,127.5247629,30,충청남도 금산군,041-750-2713,충남금산경찰서,N,,,2025-11-11,4550000,충청남도 금산군
1,음대리 경로당,충청남도,금산군,44710,충청남도 금산군 남일면 음대3길 6,충청남도 금산군 남일면 음대리 211-3,36.02524578,127.5069534,30,충청남도 금산군,041-750-2713,충남금산경찰서,N,,,2025-11-11,4550000,충청남도 금산군
1,용진3리 경로당,충청남도,금산군,44710,충청남도 금산군 복수면 용진길 8,충청남도 금산군 복수면 용진리 408-6,36.1716338,127.4321219,30,충청남도 금산군,041-750-2713,충남금산경찰서,N,,,2025-11-11,4550000,충청남도 금산군
1,삼가1리 경로당,충청남도,금산군,44710,충청남도 금산군 진산면 휴양림로 2352,충청남도 금산군 진산면 삼가리 144-1,36.1332597,127.3929878,30,충청남도 금산군,041-750-2713,충남금산경찰서,N,,,2025-11-11,4550000,충청남도 금산군
1,만악3리 경로당,충청남도,금산군,44710,충청남도 금산군 진산면 놋종골길 51,충청남도 금산군 진산면 만악리 713-1,36.1480206,127.4208051,30,충청남도 금산군,041-750-2713,충남금산경찰서,N,,,2025-11-11,4550000,충청남도 금산군
1,흑암2리 경로당,충청남도,금산군,44710,충청남도 금산군 남이면 성산길 6,충청남도 금산군 남이면 흑암리 736,36.03142745,127.452148,30,충청남도 금산군,041-750-2713,충남금산경찰서,N,,,2025-11-11,4550000,충청남도 금산군
1,흑암1리 경로당,충청남도,금산군,44710,충청남도 금산군 남이면 보석사로 303,충청남도 금산군 남이면 흑암리 464,36.0236209,127.4547621,30,충청남도 금산군,041-750-2713,충남금산경찰서,N,,,2025-11-11,4550000,충청남도 금산군
1,역평2리 경로당,충청남도,금산군,44710,충청남도 금산군 남이면 중역평길 60,충청남도 금산군 남이면 역평리 140-1,36.05201851,127.417364,30,충청남도 금산군,041-750-2713,충남금산경찰서,N,,,2025-11-11,4550000,충청남도 금산군
1,불이1리 경로당,충청남도,금산군,44710,충청남도 금산군 부리면 무금로 1691-2,충청남도 금산군 부리면 불이리 71,36.0631063,127.5466873,30,충청남도 금산군,041-750-2713,충남금산경찰서,N,,,2025-11-11,4550000,충청남도 금산군
1,구억2리 경로당,충청남도,금산군,44710,충청남도 금산군 제원면 신안사로 73,충청남도 금산군 제원면 구억리 12-1,36.12790868,127.545426,30,충청남도 금산군,041-750-2713,충남금산경찰서,N,,,2025-11-11,4550000,충청남도 금산군
1,동곡1리 경로당,충청남도,금산군,44710,충청남도 금산군 제원면 동곡길 28,충청남도 금산군 제원면 동곡리 364,36.1362882,127.5468224,30,충청남도 금산군,041-750-2713,충남금산경찰서,N,,,2025-11-11,4550000,충청남도 금산군
1,"천내1,3리 경로당",충청남도,금산군,44710,충청남도 금산군 제원면 금강로 334,충청남도 금산군 제원면 천내리 435-2,36.1121529,127.5701525,30,충청남도 금산군,041-750-2713,충남금산경찰서,N,,,2025-11-11,4550000,충청남도 금산군
1,부암1리 경로당,충청남도,금산군,44710,충청남도 금산군 진산면 뜬바우길 12,충청남도 금산군 진산면 부암리 66-11,36.1466275,127.3954918,30,충청남도 금산군,041-750-2713,충남금산경찰서,N,,,2025-11-11,4550000,충청남도 금산군
1,나눔과 사랑의 집,충청남도,금산군,44710,충청남도 금산군 금성면 화림월곡길 11-4,충청남도 금산군 금성면 화림리 326,36.1217194,127.442025,30,충청남도 금산군,041-750-2713,충남금산경찰서,N,,,2025-11-11,4550000,충청남도 금산군
1,섬김요양원,충청남도,금산군,44710,충청남도 금산군 복수면 복수로 450,충청남도 금산군 복수면 백암리 426,36.18552594,127.378668,30,충청남도 금산군,041-750-2713,충남금산경찰서,N,,,2025-11-11,4550000,충청남도 금산군
1,다락원,충청남도,금산군,44710,충청남도 금산군 금산읍 금산로 1559,충청남도 금산군 금산읍 중도리 203-1,36.11206754,127.4916373,30,충청남도 금산군,041-750-2713,충남금산경찰서,N,,,2025-11-11,4550000,충청남도 금산군
1,금산효사랑병원,충청남도,금산군,44710,충청남도 금산군 남일면 무금로 2145,충청남도 금산군 남일면 황풍리 343-6,36.08282859,127.505523,30,충청남도 금산군,041-750-2713,충남금산경찰서,N,,,2025-11-11,4550000,충청남도 금산군
2,경주시장애인종합복지관,경상북도,경주시,47130,경상북도 경주시 유림로5번길 99-11,경상북도 경주시 황성동 792-1,35.88031511,129.218369,30,경상북도 경주시청,054-779-6842,경주경찰서,N,,,2025-11-14,5050000,경상북도 경주시
1,구정상동경로당,경상북도,경주시,47130,경상북도 경주시 이구3길 16,경상북도 경주시 구정동 63,35.783027,129.3049693,30,경상북도 경주시청,054-779-6842,경주경찰서,N,,,2025-11-14,5050000,경상북도 경주시
1,원동경로당,경상북도,경주시,47130,경상북도 경주시 외동읍 영지로 405,경상북도 경주시 외동읍 방어리 554-3,35.749729,129.296001,30,경상북도 경주시청,054-779-6842,경주경찰서,N,,,2025-11-14,5050000,경상북도 경주시
1,방내리노인회관,경상북도,경주시,47130,경상북도 경주시 건천읍 천포방내길 286-2,경상북도 경주시 건천읍 방내리 857,35.824009,129.107608,30,경상북도 경주시청,054-779-6842,경주경찰서,N,,,2025-11-14,5050000,경상북도 경주시
1,왕신2리경로당,경상북도,경주시,47130,경상북도 경주시 강동면 천강로 861,경상북도 경주시 강동면 왕신리 449-1,35.96003884,129.295593,30,경상북도 경주시청,054-779-6842,경주경찰서,N,,,2025-11-14,5050000,경상북도 경주시
1,암곡와동경로당,경상북도,경주시,47133,경상북도 경주시 보덕로 317,경상북도 경주시 암곡동 608-3,35.86241682,129.3143503,30,경상북도 경주시청,054-779-6842,경주경찰서,N,,,2025-11-14,5050000,경상북도 경주시
1,오금3리경로당,경상북도,경주시,47132,경상북도 경주시 강동면 오금큰길 178,경상북도 경주시 강동면 오금리 232-3,35.97193577,129.2727134,30,경상북도 경주시청,054-779-6842,경주경찰서,N,,,2025-11-14,5050000,경상북도 경주시
1,왕신1리경로당,경상북도,경주시,47131,경상북도 경주시 강동면 천강로 928,경상북도 경주시 강동면 왕신리 752-3,35.96529253,129.2920107,30,경상북도 경주시청,054-779-6842,경주경찰서,N,,,2025-11-14,5050000,경상북도 경주시
1,대성경로당,경상북도,경주시,47130,경상북도 경주시 암곡1길 3,경상북도 경주시 암곡동 1337-2,35.854243,129.3040906,30,경상북도 경주시청,054-779-6842,경주경찰서,N,,,2025-11-14,5050000,경상북도 경주시
1,방동경로회관,경상북도,경주시,47130,경상북도 경주시 산내면 단석로 471,경상북도 경주시 산내면 외칠리 902-9,35.760355,129.021145,30,경상북도 경주시청,054-779-6842,경주경찰서,N,,,2025-11-14,5050000,경상북도 경주시
1,국당2리회관,경상북도,경주시,47130,경상북도 경주시 강동면 천강로 1052-7,경상북도 경주시 강동면 국당리 751-5,35.975571,129.2882091,30,경상북도 경주시청,054-779-6842,경주경찰서,N,,,2025-11-14,5050000,경상북도 경주시
1,성지마을회관,경상북도,경주시,47130,경상북도 경주시 천북면 성지중방길 7-4,경상북도 경주시 천북면 성지리 336,35.895234,129.2866194,30,경상북도 경주시청,054-779-6842,경주경찰서,N,,,2025-11-14,5050000,경상북도 경주시
1,모량복지회관,경상북도,경주시,47130,경상북도 경주시 건천읍 모량방내길 65-2,경상북도 경주시 건천읍 모량리 699-12,35.820823,129.125525,30,경상북도 경주시청,054-779-6842,경주경찰서,N,,,2025-11-14,5050000,경상북도 경주시
1,상신2리마을회관,경상북도,경주시,47130,경상북도 경주시 내남면 내외로 1897-7,경상북도 경주시 내남면 상신리 658,35.749081,129.159097,30,경상북도 경주시청,054-779-6842,경주경찰서,N,,,2025-11-14,5050000,경상북도 경주시
1,호암마을회관,경상북도,경주시,47130,경상북도 경주시 문무대왕면 기림로 386,경상북도 경주시 문무대왕면 호암리 340,35.828881,129.406064,30,경상북도 경주시청,054-779-6842,경주경찰서,N,,,2025-11-14,5050000,경상북도 경주시
1,삼한평생노인대학,경상남도,사천시,48240,경상남도 사천시 새동네1길 72,경상남도 사천시 선구동 227-12,34.93451652,128.0715359,30,경상남도 사천시청,055-832-9553,사천경찰서,N,0,8,2025-11-17,5340000,경상남도 사천시
1,서부노인복지회관,경상남도,사천시,48240,경상남도 사천시 곤양면 곤북로 20,경상남도 사천시 곤양면 서정리 998-1,35.05587711,127.958869,30,경상남도 사천시청,055-855-4562,사천경찰서,N,0,6,2025-11-17,5340000,경상남도 사천시
1,삼천포노인복지관,경상남도,사천시,48240,경상남도 사천시 선구1길 7,경상남도 사천시 선구동 115-2,34.92990045,128.0716729,30,경상남도 사천시청,055-833-1906,사천경찰서,N,0,6,2025-11-17,5340000,경상남도 사천시
1,대한노인회 사천시지회,경상남도,사천시,48240,경상남도 사천시 정동면 동문로 14-10,경상남도 사천시 정동면 화암리 755,35.079691,128.0982135,50,경상남도 사천시청,055-852-2356,사천경찰서,N,0,16,2025-11-17,5340000,경상남도 사천시
01,사랑의복지관,서울특별시,서초구,11650,서울특별시 서초구 강남대로65길 19,서울특별시 서초구 서초동 1310-10,37.499832,127.023902,30,서울특별시 서초구,02-2155-7185,서울서초경찰서,N,0,1,2025-11-17,3210000,서울특별시 서초구
01,대한안마사협회부설안마수련원,서울특별시,서초구,11650,서울특별시 서초구 서초중앙로22길 105,서울특별시 서초구 서초동 1638-11,37.494511,127.019578,30,서울특별시 서초구,02-2155-7185,서울서초경찰서,N,0,1,2025-11-17,3210000,서울특별시 서초구
01,본마을데이케어센터,서울특별시,서초구,11650,서울특별시 서초구 본마을2길2,서울특별시 서초구 신원동 446,37.454470,127.053420,30,서울특별시 서초구,02-2155-7185,서울서초경찰서,N,0,5,2025-11-17,3210000,서울특별시 서초구
01,방배느티나무쉼터,서울특별시,서초구,11650,서울특별시 서초구 남부순환로287길17-4,서울특별시 서초구 방배동 478-13,37.476520,126.987440,30,서울특별시 서초구,02-2155-7185,서울방배경찰서,Y,2,5,2025-11-17,3210000,서울특별시 서초구
01,예술의마을경로당,서울특별시,서초구,11650,서울특별시 서초구 남부순환로323길 44-15,서울특별시 서초구 서초동 1455-4,37.483310,127.0146705,30,서울특별시 서초구,02-2155-7185,서울서초경찰서,N,0,8,2025-11-17,3210000,서울특별시 서초구
01,양재느티나무쉼터,서울특별시,서초구,11650,서울특별시 서초구 바우뫼로41길 72-9,서울특별시 서초구 양재동 7-32,37.483830,127.040490,30,서울특별시 서초구,02-2155-7185,서울서초경찰서,Y,1,2,2025-11-17,3210000,서울특별시 서초구
01,내곡느티나무쉼터,서울특별시,서초구,11650,서울특별시 서초구 염곡말길 9,서울특별시 서초구 염곡동 180-2,37.46182406,127.050699,30,서울특별시 서초구,02-2155-7185,서울서초경찰서,Y,1,7,2025-11-17,3210000,서울특별시 서초구
01,서초느티나무쉼터,서울특별시,서초구,11650,서울특별시 서초구 반포대로 1길 53-3,서울특별시 서초구 서초동 1484-6,37.48281077,127.010835,30,서울특별시 서초구,02-2155-7185,서울서초경찰서,N,0,6,2025-11-17,3210000,서울특별시 서초구
01,탑성마을경로당,서울특별시,서초구,11650,서울특별시 서초구 탑성말1길 2,서울특별시 서초구 염곡동 209-4,37.4577052,127.056641,30,서울특별시 서초구,02-2155-7185,서울서초경찰서,Y,1,1,2025-11-17,3210000,서울특별시 서초구
01,서초구립방배2동2구립경로당,서울특별시,서초구,11650,서울특별시 서초구 방배천로16길 5,서울특별시 서초구 방배동 437-8,37.48223701,126.9830583247,30,서울특별시 서초구,02-2155-7185,서울서초경찰서,Y,1,1,2025-11-17,3210000,서울특별시 서초구
01,구립서초데이케어센터,서울특별시,서초구,11650,서울특별시 서초구 반포대로22길 61,서울특별시 서초구 서초동 1558-15,37.49058098,127.0117688,30,서울특별시 서초구,02-2155-7185,서울서초경찰서,Y,1,2,2025-11-17,3210000,서울특별시 서초구
01,서초구립노인요양센터,서울특별시,서초구,11650,서울특별시 서초구 남부순환로340길 21,서울특별시 서초구 서초동 380-4,37.481700,127.0246126,30,서울특별시 서초구,02-2155-7185,서울서초경찰서,Y,1,2,2025-11-17,3210000,서울특별시 서초구
01,양재종합사회복지관,서울특별시,서초구,11650,서울특별시 서초구 남부순환로 2610,서울특별시 서초구 양재동 11-13,37.48452846,127.0361427,30,서울특별시 서초구,02-2155-7185,서울서초경찰서,Y,1,2,2025-11-17,3210000,서울특별시 서초구
01,중앙노인종합복지관,서울특별시,서초구,11650,서울특별시 서초구 서초대로54길 45,서울특별시 서초구 서초동 1666-17,37.49232472,127.0168124,30,서울특별시 서초구,02-2155-7185,서울서초경찰서,Y,1,4,2025-11-17,3210000,서울특별시 서초구
01,양재노인종합복지관,서울특별시,서초구,11650,서울특별시 서초구 강남대로30길 73-7,서울특별시 서초구 양재동 7-44,37.48302046,127.0408069,30,서울특별시 서초구,02-2155-7185,서울서초경찰서,Y,1,3,2025-11-17,3210000,서울특별시 서초구
01,방배노인종합복지관,서울특별시,서초구,11650,서울특별시 서초구 방배천로 48,서울특별시 서초구 방배동 455-11,37.4807063,126.9827766,30,서울특별시 서초구,02-2155-7185,서울방배경찰서,Y,1,1,2025-11-17,3210000,서울특별시 서초구
1,북부노인종합복지관,강원특별자치도,강릉시,42150,강원특별자치도 강릉시 연곡면 연주로 230,강원특별자치도 강릉시 연곡면 영진리 360-15,37.87430886,128.8313684,30,강원특별자치도 강릉시,033-640-5522,강릉경찰서,N,0,7,2025-11-17,4201000,강원특별자치도 강릉시
1,구노인종합복지회관,강원특별자치도,강릉시,42150,강원특별자치도 강릉시 강변로 278,강원특별자치도 강릉시 노암동 826-8,37.74939089,128.8987816,30,강원특별자치도 강릉시,033-640-5522,강릉경찰서,N,0,12,2025-11-17,4201000,강원특별자치도 강릉시
1,노인종합복지회관,강원특별자치도,강릉시,42150,강원특별자치도 강릉시 경강로 1956,강원특별자치도 강릉시 홍제동 96-110,37.74771903,128.8839883,30,강원특별자치도 강릉시,033-640-5522,강릉경찰서,N,0,8~14,2025-11-17,4201000,강원특별자치도 강릉시
01,대림어린이공원,서울특별시,영등포구,11560,서울특별시 영등포구 대림로 106,서울특별시 영등포구 대림동 870,37.49133176,126.9030162,30,서울특별시 영등포구,02-2670-3889,서울영등포경찰서,Y,1,13,2025-11-18,3180000,서울특별시 영등포구
01,메낙골공원,서울특별시,영등포구,11560,,서울특별시 영등포구 신길1동 4934-4,37.506849,126.915255,30,서울특별시 영등포구,02-2670-3889,서울영등포경찰서,N,0,6,2025-11-18,3180000,서울특별시 영등포구
01,영등포공원,서울특별시,영등포구,11560,서울특별시 영등포구 신길로 275,서울특별시 영등포구 영등포동 582-3,37.51612663,126.9121286,30,서울특별시 영등포구,02-2670-3889,서울영등포경찰서,N,0,5,2025-11-18,3180000,서울특별시 영등포구
01,영등포구노인복지회관,서울특별시,영등포구,11560,서울특별시 영등포구 당산로 123,서울특별시 영등포구 당산동3가 385-1,37.52596361,126.8963695,30,서울특별시 영등포구,02-2670-3889,서울영등포경찰서,Y,3,6,2025-11-18,3180000,서울특별시 영등포구
2,동두천장애인복지관,경기도,동두천시,41250,경기도 동두천시 상패로 64,경기도 동두천시 상패동 54,37.90742177,127.0477713,30,경기도 동두천시청 교통행정과,031-860-2444,동두천경찰서,N,0,12,2025-11-01,3920000,경기도 동두천시
1,로하스 요양병원,경기도,동두천시,41250,경기도 동두천시 강변로 422,경기도 동두천시 생연동 826-11,37.90683252,127.0510735,50,경기도 동두천시청 교통행정과,031-860-2444,동두천경찰서,N,0,12,2025-11-01,3920000,경기도 동두천시
1,장림경로당,경기도,동두천시,41250,경기도 동두천시 천보산로 421,경기도 동두천시 탑동동 577-1,37.87379531,127.106289,40,경기도 동두천시청 교통행정과,031-860-2444,동두천경찰서,N,0,8,2025-11-01,3920000,경기도 동두천시
1,광암동 다목적회관,경기도,동두천시,41250,경기도 동두천시 광암로61번길 21,경기도 동두천시 광암동 183-2,37.89373513,127.0891761,30,경기도 동두천시청 교통행정과,031-860-2444,동두천경찰서,N,0,6,2025-11-01,3920000,경기도 동두천시
1,동두천시노인복지관,경기도,동두천시,41250,경기도 동두천시 동두천로 264,경기도 동두천시 생연동 643-3,37.90516838,127.0562121,30,경기도 동두천시청 교통행정과,031-860-2444,동두천경찰서,N,0,5,2025-11-01,3920000,경기도 동두천시
1,신흥전문요양원,경기도,동두천시,41250,경기도 동두천시 강변로702번길 13-11,경기도 동두천시 동두천동 539-2,37.92954695,127.0502978,30,경기도 동두천시청 교통행정과,031-860-2444,동두천경찰서,N,0,9,2025-11-01,3920000,경기도 동두천시
1,삼감마을회관,경상남도,양산시,48330,경상남도 양산시 하북면 삼감당산길 67,경상남도 양산시 하북면 삼감리 198,35.4489397357,129.0692441676,30,경상남도 양산시청,055-392-2885,양산경찰서,N,,8,2025-11-17,5380000,경상남도 양산시
1,대리마을경로당,경상남도,양산시,48330,경상남도 양산시 원동면 배내로 241,경상남도 양산시 원동면 대리 376-1,35.472684,128.977020,30,경상남도 양산시청,055-392-2885,양산경찰서,N,,6,2025-11-17,5380000,경상남도 양산시
1,내포마을회관,경상남도,양산시,48330,경상남도 양산시 원동면 원동로 2035,경상남도 양산시 원동면 내포리 1135-2,35.4062385601,128.9329313652,30,경상남도 양산시청,055-392-2885,양산경찰서,N,,7,2025-11-17,5380000,경상남도 양산시
1,용당마을회관,경상남도,양산시,48330,경상남도 양산시 용당1길 16,경상남도 양산시 용당동 516-1,35.4269660767,129.1847392402,30,경상남도 양산시청,055-392-2885,양산경찰서,N,,6,2025-11-17,5380000,경상남도 양산시
1,당촌마을회관,경상남도,양산시,48330,경상남도 양산시 용주로 49,경상남도 양산시 용당동 935-5,35.4306656751,129.1795391381,30,경상남도 양산시청,055-392-2885,양산경찰서,N,,6~9,2025-11-17,5380000,경상남도 양산시
1,주남마을경로당,경상남도,양산시,48330,경상남도 양산시 주남마을길 36,경상남도 양산시 주남동 604,35.4238404,129.1532313,30,경상남도 양산시청,055-392-2885,양산경찰서,N,,4,2025-11-17,5380000,경상남도 양산시
1,하림1리 마을회관,경기도,여주시,41670,경기도 여주시 대신면 하림3길 6,경기도 여주시 대신면 하림리 176-1,37.356925471,127.6425193183,30,경기도 여주시청,031-887-2623,여주경찰서,N,0,8,2025-12-22,5700000,경기도 여주시
1,내송마을회관,경상남도,양산시,48330,경상남도 양산시 동면 내송2길 13,경상남도 양산시 동면 내송리 250,35.3231002139,129.0635965328,30,경상남도 양산시청,055-392-2885,양산경찰서,N,,4~12,2025-11-17,5380000,경상남도 양산시
1,창기마을경로당,경상남도,양산시,48330,경상남도 양산시 동면 창기2길 13,경상남도 양산시 동면 법기리 906-3,35.3364674495,129.1221225938,30,경상남도 양산시청,055-392-2885,양산경찰서,N,,4,2025-11-17,5380000,경상남도 양산시
1,서리마을회관,경상남도,양산시,48330,경상남도 양산시 하북면 지산로 99,경상남도 양산시 하북면 지산리 182-7,35.4974678971,129.0759828,30,경상남도 양산시청,055-392-2885,양산경찰서,N,,7,2025-11-17,5380000,경상남도 양산시
1,대원마을경로당,경상남도,양산시,48330,경상남도 양산시 하북면 지산로 17,경상남도 양산시 하북면 지산리 7-10,35.4953297,129.0816308795,30,경상남도 양산시청,055-392-2885,양산경찰서,N,,7,2025-11-17,5380000,경상남도 양산시
2,시나브로복지관,경상남도,양산시,48330,경상남도 양산시 덕계7길 24,경상남도 양산시 덕계동 1039,35.3747985221,129.148667336,30,경상남도 양산시청,055-392-2885,양산경찰서,N,,7,2025-11-17,5380000,경상남도 양산시
1,웅상노인복지관,경상남도,양산시,48330,경상남도 양산시 삼호9길 11(삼호동),경상남도 양산시 삼호동 783-10,35.4143864,129.1719949,30,경상남도 양산시청,055-392-2885,양산경찰서,N,,7,2025-11-17,5380000,경상남도 양산시
1,통도사자비원,경상남도,양산시,48330,경상남도 양산시 하북면 월평1길 21,경상남도 양산시 하북면 순지리 272-3,35.49588478,129.0895001,30,경상남도 양산시청,055-392-2885,양산경찰서,N,,4,2025-11-17,5380000,경상남도 양산시
2,무궁애학원,경상남도,양산시,48330,경상남도 양산시 물금읍 청룡로 69,경상남도 양산시 물금읍 범어리 935-4,35.32877681,128.9960714,30,경상남도 양산시청,055-392-2885,양산경찰서,N,,8,2025-11-17,5380000,경상남도 양산시
1,범서마을경로당,경상남도,양산시,48330,경상남도 양산시 원동면 원동로 796,경상남도 양산시 원동면 서룡리 450-1,35.34306247,128.9608984,30,경상남도 양산시청,055-392-2885,양산경찰서,N,,8,2025-11-17,5380000,경상남도 양산시
1,당곡마을경로당,경상남도,양산시,48330,경상남도 양산시 원동면 천태로 1427,경상남도 양산시 원동면 용당리 234-1,35.37277916,128.9081261,30,경상남도 양산시청,055-392-2885,양산경찰서,N,,8,2025-11-17,5380000,경상남도 양산시
2,양산시장애인복지관,경상남도,양산시,48330,경상남도 양산시 북안남5길 15(북부동),경상남도 양산시 북부동 331-2,35.34582743,129.0403148,30,경상남도 양산시청,055-392-2885,양산경찰서,N,,6,2025-11-17,5380000,경상남도 양산시
1,함포마을경로당,경상남도,양산시,48330,경상남도 양산시 원동면 원동로 1708,경상남도 양산시 원동면 원리 414-8,35.38015044,128.9211243,30,경상남도 양산시청,055-392-2885,양산경찰서,N,,8,2025-11-17,5380000,경상남도 양산시
1,신촌마을경로당,경상남도,양산시,48330,경상남도 양산시 원동면 원동로 1621,경상남도 양산시 원동면 원리 626-7,35.37211387,128.9196071,30,경상남도 양산시청,055-392-2885,양산경찰서,N,,8,2025-11-17,5380000,경상남도 양산시
1,용연마을경로당,경상남도,양산시,48330,경상남도 양산시 하북면 용연로 71,경상남도 양산시 하북면 용연리 454-1,35.44543165,129.074532,30,경상남도 양산시청,055-392-2885,양산경찰서,N,,8,2025-11-17,5380000,경상남도 양산시
1,양산노인실비요양원,경상남도,양산시,48330,경상남도 양산시 어곡로 205(어곡동),경상남도 양산시 어곡동 1044-2,35.36928912,129.0077093,30,경상남도 양산시청,055-392-2885,양산경찰서,N,,8,2025-11-17,5380000,경상남도 양산시
1,원동마을회관,경상남도,양산시,48330,경상남도 양산시 원동면 원동마을길 65,경상남도 양산시 원동면 원리 857-14,35.3672067,128.9175642,30,경상남도 양산시청,055-392-2885,양산경찰서,N,,8,2025-11-17,5380000,경상남도 양산시
1,매곡마을회관,경상남도,양산시,48330,경상남도 양산시 매곡외산로 216(매곡동),경상남도 양산시 매곡동 894-3,35.36688627,129.1742334,30,경상남도 양산시청,055-392-2885,양산경찰서,N,,20,2025-11-17,5380000,경상남도 양산시
1,지내마을회관,경상남도,양산시,48330,경상남도 양산시 하북면 지내마을길 18,경상남도 양산시 하북면 지산리 46-1,35.49982749,129.0801489,30,경상남도 양산시청,055-392-2885,양산경찰서,N,,8,2025-11-17,5380000,경상남도 양산시
2,희망의 둥지,경상북도,영천시,47230,경상북도 영천시 북안면 돌할매로 505,,35.94122399,129.0481602,30,경상북도 영천시청,054-330-6742,영천경찰서,N,,7,2025-11-19,5100000,경상북도 영천시
1,화산면 가상리 경로당,경상북도,영천시,47230,경상북도 영천시 화산면 가래실로 390,경상북도 영천시 화산면 가상리 680,36.033569,128.888104,30,경상북도 영천시청,054-330-6742,영천경찰서,N,,7,2025-11-19,5100000,경상북도 영천시
1,북안면 고지1리 경로당,경상북도,영천시,47230,경상북도 영천시 북안면 운북로 1858,경상북도 영천시 북안면 고지리 351-7,35.903631,129.012451,30,경상북도 영천시청,054-330-6742,영천경찰서,N,,7,2025-11-19,5100000,경상북도 영천시
1,금대리(새터) 경로당,경상북도,영천시,47230,경상북도 영천시 임고면 금대1길 7-1,,36.04496437,129.0273601,30,경상북도 영천시청,054-330-6742,영천경찰서,N,,7,2025-11-19,5100000,경상북도 영천시
1,북리경로당,경상북도,영천시,47230,경상북도 영천시 북안면 금창로 1697,,35.86251866,128.9859523,30,경상북도 영천시청,054-330-6742,영천경찰서,N,,7,2025-11-19,5100000,경상북도 영천시
1,작산 11통 경로당,경상북도,영천시,47230,경상북도 영천시 한방로 223-4 일원,,35.94176167,128.9515196,30,경상북도 영천시청,054-330-6742,영천경찰서,N,,7,2025-11-19,5100000,경상북도 영천시
1,작산 10통 경로당,경상북도,영천시,47230,경상북도 영천시 한방로 227-139 일원,,35.9425068,128.9530248,30,경상북도 영천시청,054-330-6742,영천경찰서,N,,7,2025-11-19,5100000,경상북도 영천시
1,대창면 운천1리 경로당,경상북도,영천시,47230,경상북도 영천시 대창면 임하길 6,경상북도 영천시 대창면 운천리 515-3,35.86641541,128.953551,30,경상북도 영천시청,054-330-6742,영천경찰서,N,,7,2025-11-19,5100000,경상북도 영천시
1,임고면 선원2리 경로당,경상북도,영천시,47230,경상북도 영천시 임고면 환구길 10,경상북도 영천시 임고면 선원리 909-106,36.02910163,128.9743399,30,경상북도 영천시청,054-330-6742,영천경찰서,N,,7,2025-11-19,5100000,경상북도 영천시
1,청통면 신덕1리 경로당,경상북도,영천시,47230,경상북도 영천시 청통면 덕동길 40,경상북도 영천시 청통면 신덕리 221,35.97159018,128.8640312,30,경상북도 영천시청,054-330-6742,영천경찰서,N,,7,2025-11-19,5100000,경상북도 영천시
1,임고면 착골경로당,경상북도,영천시,47230,경상북도 영천시 임고면 사덕로 223,경상북도 영천시 임고면 사리 683,36.03429645,129.0700092,30,경상북도 영천시청,054-330-6742,영천경찰서,N,,7,2025-11-19,5100000,경상북도 영천시
1,채신동 경로당,경상북도,영천시,47230,경상북도 영천시 영천산단로 485,경상북도 영천시 채신동 503,35.91305956,128.9566817,30,경상북도 영천시청,054-330-6742,영천경찰서,N,,7,2025-11-19,5100000,경상북도 영천시
1,북안 상리 경로당,경상북도,영천시,47230,경상북도 영천시 북안면 운북로 1194,경상북도 영천시 북안면 상리 350-1,35.85109043,128.9916529,30,경상북도 영천시청,054-330-6742,영천경찰서,N,,7,2025-11-19,5100000,경상북도 영천시
1,화북 횡계리 경로당,경상북도,영천시,47230,경상북도 영천시 화북면 별빛로 135,경상북도 영천시 화북면 횡계리 176,36.1142444,128.9492927,30,경상북도 영천시청,054-330-6742,영천경찰서,N,,7,2025-11-19,5100000,경상북도 영천시
1,임고 평천1리 경로당,경상북도,영천시,47230,경상북도 영천시 임고면 평천다산길 30-1,경상북도 영천시 임고면 평천리 611,36.03991887,128.982319,30,경상북도 영천시청,054-330-6742,영천경찰서,N,,7,2025-11-19,5100000,경상북도 영천시
1,임고 사1리 경로당,경상북도,영천시,47230,경상북도 영천시 임고면 운주로 916-4,경상북도 영천시 임고면 사리 968-9,36.04604609,129.0537884,30,경상북도 영천시청,054-330-6742,영천경찰서,N,,7,2025-11-19,5100000,경상북도 영천시
1,임고 금대(본터) 경로당,경상북도,영천시,47230,경상북도 영천시 임고면 운주로 675,경상북도 영천시 임고면 금대리 428-9,36.05118462,129.0310308,30,경상북도 영천시청,054-330-6742,영천경찰서,N,,7,2025-11-19,5100000,경상북도 영천시
1,임고 수성2리 경로당,경상북도,영천시,47230,경상북도 영천시 임고면 운주로 1546-4,경상북도 영천시 임고면 수성리 916-5,36.05694046,129.1116951,30,경상북도 영천시청,054-330-6742,영천경찰서,N,,7,2025-11-19,5100000,경상북도 영천시
1,임고 양평1리 경로당,경상북도,영천시,47230,경상북도 영천시 임고면 돌빼기길 25,경상북도 영천시 임고면 양평리 312,36.02429011,128.9866103,30,경상북도 영천시청,054-330-6742,영천경찰서,N,,7,2025-11-19,5100000,경상북도 영천시
1,임고 사2리 경로당,경상북도,영천시,47230,경상북도 영천시 임고면 운주로 1186,경상북도 영천시 임고면 사리 415,36.0455752,129.0812668,30,경상북도 영천시청,054-330-6742,영천경찰서,N,,7,2025-11-19,5100000,경상북도 영천시
1,임고 효2리 경로당,경상북도,영천시,47230,경상북도 영천시 임고면 운주로 473,경상북도 영천시 임고면 효리 235,36.03793814,129.0184233,30,경상북도 영천시청,054-330-6742,영천경찰서,N,,7,2025-11-19,5100000,경상북도 영천시
1,임고 효1리 경로당,경상북도,영천시,47230,경상북도 영천시 임고면 운주로 357,경상북도 영천시 임고면 효리 863-2,36.03260407,129.007639,30,경상북도 영천시청,054-330-6742,영천경찰서,N,,7,2025-11-19,5100000,경상북도 영천시
1,청통 우천1리 경로당,경상북도,영천시,47230,경상북도 영천시 청통면 청통로 236,경상북도 영천시 청통면 우천리 730,35.98813039,128.8672113,30,경상북도 영천시청,054-330-6742,영천경찰서,N,,7,2025-11-19,5100000,경상북도 영천시
1,북안 신대리 경로당,경상북도,영천시,47230,경상북도 영천시 북안면 두리봉길 9-4,경상북도 영천시 북안면 신대리 354,35.883499,129.0033897,30,경상북도 영천시청,054-330-6742,영천경찰서,N,,7,2025-11-19,5100000,경상북도 영천시
1,대평리 경로당,경상북도,영천시,47230,경상북도 영천시 청통면 대평길 22,경상북도 영천시 청통면 대평리 693-6,35.965776,128.8648847,30,경상북도 영천시청,054-330-6742,영천경찰서,N,,7,2025-11-19,5100000,경상북도 영천시
1,우천2리 용연 경로당,경상북도,영천시,47230,,경상북도 영천시 청통면 우천리 105-1,35.99771369,128.882107,30,경상북도 영천시청,054-330-6742,영천경찰서,N,,7,2025-11-19,5100000,경상북도 영천시
1,황강리 경로당,경상북도,영천시,47230,경상북도 영천시 임고면 황강길 3,경상북도 영천시 임고면 황강리 290,36.02569865,128.9932976,30,경상북도 영천시청,054-330-6742,영천경찰서,N,,7,2025-11-19,5100000,경상북도 영천시
1,우천2리 경로당,경상북도,영천시,47230,경상북도 영천시 청통면 청통로 167-9,경상북도 영천시 청통면 우천리 337,35.98983429,128.874055,30,경상북도 영천시청,054-330-6742,영천경찰서,N,,7,2025-11-19,5100000,경상북도 영천시
1,구 신녕면 분회 경로당,경상북도,영천시,47230,경상북도 영천시 신녕면 치산효령로 14,경상북도 영천시 신녕면 화성리 935-1,36.0437381,128.7860317,30,경상북도 영천시청,054-330-6742,영천경찰서,N,,7,2025-11-19,5100000,경상북도 영천시
1,신리리 경로당,경상북도,영천시,47230,경상북도 영천시 북안면 운북로 1671,경상북도 영천시 북안면 신리리 320-1,35.88792134,129.0114612,30,경상북도 영천시청,054-330-6742,영천경찰서,N,,7,2025-11-19,5100000,경상북도 영천시
1,파계리 경로당,경상북도,영천시,47230,경상북도 영천시 고경면 용담로 1809,경상북도 영천시 고경면 파계리 240,35.96089587,129.110723,30,경상북도 영천시청,054-330-6742,영천경찰서,N,,7,2025-11-19,5100000,경상북도 영천시
2,영천시 종합복지센터,경상북도,영천시,47230,경상북도 영천시 중앙동2길 86,경상북도 영천시 문내동 14-2,35.9742276,128.9322036,30,경상북도 영천시청,054-330-6742,영천경찰서,Y,2,7,2025-11-19,5100000,경상북도 영천시
1,보성리 경로당,경상북도,영천시,47230,경상북도 영천시 청통면 청통로 373,경상북도 영천시 청통면 보성리 145-1,35.9898412,128.8523235,30,경상북도 영천시청,054-330-6742,영천경찰서,N,,7,2025-11-19,5100000,경상북도 영천시
1,치산3리 경로당,경상북도,영천시,47230,경상북도 영천시 신녕면 동지안길 4,경상북도 영천시 신녕면 치산리 744,36.06743805,128.720051,30,경상북도 영천시청,054-330-6742,영천경찰서,N,,7,2025-11-19,5100000,경상북도 영천시
01,강북노인회관,서울특별시,강북구,11305,서울특별시 강북구 삼양로 280-1,,37.62850396,127.018263,30,서울특별시 강북구청,02-901-5924,강북경찰서,Y,,20,2025-11-05,3080000,서울특별시 강북구
01,강북노인종합복지관,서울특별시,강북구,11305,서울특별시 강북구 삼양로 92길 40,,37.63567384,127.0187673,30,서울특별시 강북구청,02-901-5924,강북경찰서,N,,8~10,2025-11-05,3080000,서울특별시 강북구
1,설천종합복지회관,경상남도,남해군,48840,경상남도 남해군 설천면 설천로 674,,34.92284549,127.9155095,30,경상남도 남해군,055-860-3315,남해군경찰서,N,,8,2025-11-18,5430000,경상남도 남해군
1,홍현1리경로당,경상남도,남해군,48840,경상남도 남해군 남면 남면로 326,,34.74696356,127.9073006,30,경상남도 남해군,055-860-3315,남해군경찰서,N,,6,2025-11-18,5430000,경상남도 남해군
1,원부리 마을회관,경기도,여주시,41670,경기도 여주시 점동면 원부로 36,경기도 여주시 점동면 원부리 473-1,37.1605451082,127.6350685761,30,경기도 여주시청,031-887-2623,여주경찰서,Y,2,8,2025-12-22,5700000,경기도 여주시
1,동갈화경로당,경상남도,남해군,48840,경상남도 남해군 고현면 남서대로 2984-1,,34.89433069,127.8379579,30,경상남도 남해군,055-860-3315,남해군경찰서,N,,8,2025-11-18,5430000,경상남도 남해군
1,섬호경로당,경상남도,남해군,48840,경상남도 남해군 남해읍 강진만로 160,,34.8309175,127.923666,30,경상남도 남해군,055-860-3315,남해군경찰서,N,,5~6,2025-11-18,5430000,경상남도 남해군
1,남면 남구경로당,경상남도,남해군,48840,경상남도 남해군 남면 고실로2번길 1,,34.78505821,127.869445,30,경상남도 남해군,055-860-3315,남해군경찰서,Y,1,6,2025-11-18,5430000,경상남도 남해군
1,삼동면 종합복지회관,경상남도,남해군,48840,경상남도 남해군 삼동면 동부대로 1830,,34.83004596,128.0027181,30,경상남도 남해군,055-860-3315,남해군경찰서,N,,8,2025-11-18,5430000,경상남도 남해군
1,남해군 창선면 종합복지관,경상남도,남해군,48840,경상남도 남해군 창선면 옥천로 7,,34.85486857,128.0123878,30,경상남도 남해군,055-860-3315,남해군경찰서,N,,6,2025-11-18,5430000,경상남도 남해군
1,풍계2리마을회관,경기도,이천시,41500,경기도 이천시 장호원읍 이풍로 391,경기도 이천시 장호원읍 풍계리 749-1,37.15335427,127.6106667,30,경기도 이천시청,031-644-2443,이천경찰서,N,0,7.5,2025-11-24,4070000,경기도 이천시
1,송라리마을회관,경기도,이천시,41500,경기도 이천시 대월면 다솔로 251-66,경기도 이천시 대월면 송라리 247-3,37.199798,127.5180688,30,경기도 이천시청,031-644-2443,이천경찰서,N,0,7.5,2025-11-24,4070000,경기도 이천시
1,덕평1리마을회관,경기도,이천시,41500,경기도 이천시 마장면 덕평로891번길 12-9,경기도 이천시 마장면 덕평리 412-4,37.237519,127.363219,30,경기도 이천시청,031-644-2443,이천경찰서,N,0,3.5,2025-11-24,4070000,경기도 이천시
1,대죽3리마을회관,경기도,이천시,41500,경기도 이천시 설성면 원설로112번길 171,경기도 이천시 설성면 대죽리 680,37.13510025,127.472605,30,경기도 이천시청,031-644-2443,이천경찰서,N,0,6,2025-11-24,4070000,경기도 이천시
1,장동3리마을회관,경기도,이천시,41500,경기도 이천시 신둔면 원적로 561,경기도 이천시 신둔면 장동리 276,37.326164,127.451208,30,경기도 이천시청,031-644-2443,이천경찰서,N,0,6.5,2025-11-24,4070000,경기도 이천시
1,백우리마을회관,경기도,이천시,41500,경기도 이천시 백사면 청백리로691번길3,경기도 이천시 백사면 백우리 61-3,37.329668,127.515990,30,경기도 이천시청,031-644-2443,이천경찰서,N,0,6,2025-11-24,4070000,경기도 이천시
1,주박리마을회관,경기도,이천시,41500,경기도 이천시 호법면 대덕산로 207번길 174-8,경기도 이천시 호법면 주박리 215-9,37.21084987,127.420397,30,경기도 이천시청,031-644-2443,이천경찰서,N,0,6.5,2025-11-24,4070000,경기도 이천시
2,풍계3리마을회관,경기도,이천시,41500,경기도 이천시 장호원읍 이풍로476번길 32,경기도 이천시 장호원읍 풍계리 450-2,37.148005,127.615821,30,경기도 이천시청,031-644-2443,이천경찰서,N,0,7,2025-11-24,4070000,경기도 이천시
2,와현1리마을회관,경기도,이천시,41500,경기도 이천시 장호원읍 나래천로 160번길 183,경기도 이천시 장호원읍 와현리 산106-1,37.15121312,127.6040537,30,경기도 이천시청,031-644-2443,이천경찰서,N,0,7,2025-11-24,4070000,경기도 이천시
2,본죽1리마을회관,경기도,이천시,41500,경기도 이천시 율면 주래본죽로 540,경기도 이천시 율면 본죽리 345,37.078948,127.526034,30,경기도 이천시청,031-644-2443,이천경찰서,N,0,7,2025-11-24,4070000,경기도 이천시
2,이황5리 마을회관,경기도,이천시,41500,,경기도 이천시 장호원읍 이황리 408-4,37.16152297,127.5751926,30,경기도 이천시청,031-644-2443,이천경찰서,N,0,7,2025-11-24,4070000,경기도 이천시
2,동산2리 마을회관,경기도,이천시,41500,경기도 이천시 호법면 동산로 297,경기도 이천시 호법면 동산리254-5,37.2103311,127.4085715,30,경기도 이천시청,031-644-2443,이천경찰서,N,0,8.6,2025-11-24,4070000,경기도 이천시
2,주라쉼터,경기도,이천시,41500,경기도 이천시 부발읍 죽당로 227-19,경기도 이천시 부발읍 죽당리 307-1,37.281537,127.5149227,30,경기도 이천시청,031-644-2443,이천경찰서,N,0,7.5,2025-11-24,4070000,경기도 이천시
2,신갈리 마을회관,경기도,이천시,41500,경기도 이천시 모가면 사실로1023번길 7-6,경기도 이천시 모가면 신갈리 494,37.20058959,127.4477986,30,경기도 이천시청,031-644-2382,이천경찰서,N,0,9,2025-11-24,4070000,경기도 이천시
2,조읍1리 마을회관,경기도,이천시,41500,경기도 이천시 백사면 지읍로 102번길 2,경기도 이천시 백사면 조읍리 373-10,37.31872264,127.4834031,30,경기도 이천시청,031-644-2443,이천경찰서,N,0,11,2025-11-24,4070000,경기도 이천시
2,제요3리마을회관,경기도,이천시,41500,경기도 이천시 설성면 진상미로86번길 45-6,경기도 이천시 설성면 제요리 238-8,37.10752809,127.5570765,30,경기도 이천시청,031-644-2443,이천경찰서,N,0,7.5,2025-11-24,4070000,경기도 이천시
2,엘리엘동산,경기도,이천시,41500,경기도 이천시 마장면 이장로 256,경기도 이천시 마장면 장암리 584-1,37.27358852,127.3872499,50,경기도 이천시청,031-644-2443,이천경찰서,N,0,9,2025-11-24,4070000,경기도 이천시
2,참사랑전문 요양원,경기도,이천시,41500,경기도 이천시 신둔면 황무로 338번길 197,경기도 이천시 신둔면 용면리 171,37.29705121,127.3816234,30,경기도 이천시청,031-644-2443,이천경찰서,N,0,7,2025-11-24,4070000,경기도 이천시
2,대흥1리 마을회관,경기도,이천시,41500,경기도 이천시 대월면 대산로 101번길 19-7,경기도 이천시 대월면 대흥리 249-3,37.23027705,127.4768425,30,경기도 이천시청,031-644-2443,이천경찰서,Y,2,7.5,2025-11-24,4070000,경기도 이천시
2,소정리 마을회관,경기도,이천시,41500,경기도 이천시 신둔면 마소로 95번길 3,경기도 이천시 신둔면 소정리 165-5,37.30238199,127.3966389,30,경기도 이천시청,031-644-2443,이천경찰서,N,0,6.5,2025-11-24,4070000,경기도 이천시
2,한나그린힐 요양원,경기도,이천시,41500,경기도 이천시 대월면 대평로 214번길 10-11,경기도 이천시 대월면 초지리 474-8,37.22260679,127.4994433,30,경기도 이천시청,031-644-2443,이천경찰서,N,0,6.5,2025-11-24,4070000,경기도 이천시
2,대대리마을회관,경기도,이천시,41500,경기도 이천시 대월면 대산로15번길 10,경기도 이천시 대월면 대대리 418-1,37.2232219,127.4769012,30,경기도 이천시청,031-644-2443,이천경찰서,Y,1,8,2025-11-24,4070000,경기도 이천시
2,에이스 경로당,경기도,이천시,41500,경기도 이천시 영창로 293,경기도 이천시 안흥동 352-5,37.28120064,127.4550492,30,경기도 이천시청,031-644-2443,이천경찰서,N,0,15,2025-11-24,4070000,경기도 이천시
2,관고3동 경로당,경기도,이천시,41500,경기도 이천시 경충대로2700번길 17,경기도 이천시 관고동 280-41,37.27921407,127.4357111,30,경기도 이천시청,031-644-2443,이천경찰서,N,0,6.5,2025-11-24,4070000,경기도 이천시
2,이천시 배드민턴장,경기도,이천시,41500,경기도 이천시 설봉로81번길 49,경기도 이천시 창전동 502,37.28758398,127.4354075,30,경기도 이천시청,031-644-2443,이천경찰서,N,0,7,2025-11-24,4070000,경기도 이천시
2,노인아동복지회관,경기도,이천시,41500,경기도 이천시 남천로 31,경기도 이천시 중리동 187,37.2782608,127.4410593,30,경기도 이천시청,031-644-2443,이천경찰서,N,0,7.5,2025-11-24,4070000,경기도 이천시
1,여주시노인복지회관,경기도,여주시,41670,경기도 여주시 여흥로 160번길 21,경기도 여주시 상동 352,37.2939560727,127.6404538682,30,경기도 여주시청,031-887-2623,여주경찰서,N,0,6,2025-12-22,5700000,경기도 여주시
1,정생1리 경로당,충청북도,음성군,43770,,충청북도 음성군 금왕읍 정생리 666-2,37.0009208,127.5979797,30,충청북도 음성군청,043-871-3874,음성경찰서,N,0,7,2025-12-26,4470000,충청북도 음성군
2,한사랑마을,대구광역시,달성군,27710,대구광역시 달성군 현풍읍 현풍서로115길 20,대구광역시 달성군 현풍읍 자모리 881,35.696199,128.381351,30,대구광역시 달성군,053-668-3812,달성경찰서,N,0,4~7,2025-11-24,3480000,대구광역시 달성군
2,덕수복지재단 미소마을,대구광역시,달성군,27710,대구광역시 달성군 다사읍 달구벌대로126길 14-17,대구광역시 달성군 다사읍 매곡리 1226,35.851498,128.449695,30,대구광역시 달성군,053-668-3812,달성경찰서,N,0,4~8,2025-11-24,3480000,대구광역시 달성군
1,효경노인복지원,대구광역시,달성군,27710,대구광역시 달성군 현풍읍 현풍동로27길 25,대구광역시 현풍읍 부리 349-1,35.699189,128.447191,30,대구광역시 달성군,053-668-3812,달성경찰서,N,0,6,2025-11-24,3480000,대구광역시 달성군
1,달성군노인복지관,대구광역시,달성군,27710,대구광역시 달성군 옥포읍 옥포로 13,대구광역시 달성군 옥포읍 기세리 264-1,35.789109,128.471699,30,대구광역시 달성군,053-668-3812,달성경찰서,N,0,10,2025-11-24,3480000,대구광역시 달성군
1,소망요양원,대구광역시,달성군,27710,대구광역시 달성군 가창면 가창로 1025,대구광역시 달성군 가창면 용계리 514-2,35.796621,128.625863,40,대구광역시 달성군,053-668-3812,달성경찰서,N,0,30,2025-11-24,3480000,대구광역시 달성군
1,대구가톨릭치매센터,대구광역시,달성군,27710,대구광역시 달성군 논공읍 논공로 210,대구광역시 달성군 논공읍 남리 717-2,35.721088,128.453731,50,대구광역시 달성군,053-668-3812,달성경찰서,N,0,24,2025-11-24,3480000,대구광역시 달성군
2,징검다리주간보호센터,부산광역시,동래구,26260,부산광역시 동래구 시실로107번길 151(명장동),부산광역시 동래구 명장동 508-72,35.21122134,129.0985687,30,부산광역시 동래구청,051-550-4552,동래경찰서,N,0,,2025-11-25,3300000,부산광역시 동래구
2,아이맘심리발달센터,부산광역시,동래구,26260,부산광역시 동래구 충렬대로137번길 20(온천동),부산광역시 동래구 온천동 1435-13,35.2062803,129.0760284,30,부산광역시 동래구청,051-550-4552,동래경찰서,N,0,,2025-11-25,3300000,부산광역시 동래구
1,동래중앙늘푸른대학,부산광역시,동래구,26260,부산광역시 동래구 충렬대로202번가길 24(수안동),부산광역시 동래구 수안동 2-3,35.20122409,129.0826541,30,부산광역시 동래구청,051-550-4552,동래경찰서,N,0,8,2025-11-25,3300000,부산광역시 동래구
01,영주1동원로의집,부산광역시,중구,26110,부산광역시 중구 초량상로7번길 11,부산광역시 중구 영주동 62-71,35.1132015,129.0341241,30,부산광역시 중구청,051-600-4557,부산중부경찰서,N,,,2025-11-21,3250000,부산광역시 중구
01,중구노인복지회관분관,부산광역시,중구,26110,부산광역시 중구 영주로 8-1,부산광역시 중구 영주동 287-9,35.1101622,129.0324971,30,부산광역시 중구청,051-600-4557,부산중부경찰서,N,,,2025-11-21,3250000,부산광역시 중구
01,중구노인복지관,부산광역시,중구,26110,부산광역시 중구 책방골목길 3-1,부산광역시 중구 보수동1가 113,35.1041405,129.0261829,30,부산광역시 중구청,051-600-4557,부산중부경찰서,N,,,2025-11-21,3250000,부산광역시 중구
02,서울시립남부장애인복지관,서울특별시,관악구,11620,서울특별시 동작구 여의대방로20나길 39,서울특별시 동작구 신대방동 722,37.49489212,126.9194911,30,서울특별시 관악구청,02-879-6861,서울관악경찰서,Y,2,40,2025-11-26,3200000,서울특별시 관악구
02,왕성밀알주간보호센터,서울특별시,관악구,11620,서울특별시 관악구 신림로58길 8,서울특별시 관악구 신림동 84-21,37.482169,126.930340,30,서울특별시 관악구청,02-879-6861,서울관악경찰서,Y,1,6,2025-11-26,3200000,서울특별시 관악구
02,장애인행복센터,서울특별시,관악구,11620,서울특별시 관악구 쑥고개로 128,서울특별시 관악구 봉천동 1571-1,37.47869174,126.9506782,30,서울특별시 관악구청,02-879-6861,서울관악경찰서,Y,3,4~20,2025-11-26,3200000,서울특별시 관악구
02,실로암시각장애인복지관,서울특별시,관악구,11620,서울특별시 관악구 남부순환로 1717,서울특별시 관악구 봉천동 931-7,37.48294138,126.9411018,30,서울특별시 관악구청,02-879-6861,서울관악경찰서,Y,1,6~40,2025-11-26,3200000,서울특별시 관악구
02,관악구장애인복지관,서울특별시,관악구,11620,서울특별시 관악구 남부순환로 1914,서울특별시 관악구 봉천동 1660-4,37.4774378,126.9618584,30,서울특별시 관악구청,02-879-6861,서울관악경찰서,Y,1,6~40,2025-11-26,3200000,서울특별시 관악구
01,예닮노인교실,서울특별시,관악구,11620,서울특별시 관악구 신원로3길 59-9,서울특별시 관악구 신림동 1612-7,37.48240478,126.9250953,30,서울특별시 관악구청,02-879-6861,서울관악경찰서,Y,1,6~8,2025-11-26,3200000,서울특별시 관악구
01,시니어아카데미,서울특별시,관악구,11620,서울특별시 관악구 신림로46길 1,서울특별시 관악구 신림동 92-32,37.478473,126.9330222,30,서울특별시 관악구청,02-879-6861,서울관악경찰서,Y,1,6~25,2025-11-26,3200000,서울특별시 관악구
01,서광경로당,서울특별시,관악구,11620,서울특별시 관악구 참숯5길 38,서울특별시 관악구 신림동 1564-64,37.47611753,126.9417142,30,서울특별시 관악구청,02-879-6861,서울관악경찰서,Y,1,10,2025-11-26,3200000,서울특별시 관악구
01,당곡경로당,서울특별시,관악구,11620,서울특별시 관악구 당곡6길 37,서울특별시 관악구 봉천동 717-17,37.49222069,126.9294377,30,서울특별시 관악구청,02-879-6861,서울관악경찰서,Y,1,6,2025-11-26,3200000,서울특별시 관악구
01,예촌경로당,서울특별시,관악구,11620,서울특별시 관악구 남현길 43,서울특별시 관악구 남현동 1083-1,37.4747655,126.9768144,30,서울특별시 관악구청,02-879-6861,서울관악경찰서,Y,2,6~12,2025-11-26,3200000,서울특별시 관악구
01,관악산공원(광장),서울특별시,관악구,11620,서울특별시 관악구 관악산나들길 4,서울특별시 관악구 신림동 210,37.46825499,126.9459607,30,서울특별시 관악구청,02-879-6861,서울관악경찰서,Y,2,6~12,2025-11-26,3200000,서울특별시 관악구
01,미성요양원,서울특별시,관악구,11620,서울특별시 관악구 난곡로63가길 42,서울특별시 관악구 신림동 1480-5,37.47918654,126.9142079,30,서울특별시 관악구청,02-879-6861,서울관악경찰서,Y,1,6~7,2025-11-26,3200000,서울특별시 관악구
01,관악구민종합체육센터,서울특별시,관악구,11620,서울특별시 관악구 낙성대로3길 37,서울특별시 관악구 봉천동 225,37.47306731,126.9603153,30,서울특별시 관악구청,02-879-6861,서울관악경찰서,Y,1,10~30,2025-11-26,3200000,서울특별시 관악구
01,관악시니어클럽,서울특별시,관악구,11620,서울특별시 관악구 남부순환로247다길 60,서울특별시 관악구 봉천동 148-145,37.4786665,126.9641329,30,서울특별시 관악구청,02-879-6861,서울관악경찰서,Y,1,6,2025-11-26,3200000,서울특별시 관악구
01,백설경로당,서울특별시,관악구,11620,서울특별시 관악구 관악로6길 50,서울특별시 관악구 봉천동 1606-11,37.4762762,126.9535099,30,서울특별시 관악구청,02-879-6861,서울관악경찰서,Y,1,6,2025-11-26,3200000,서울특별시 관악구
01,덕진경로당,서울특별시,관악구,11620,서울특별시 관악구 남부순환로234길 37,서울특별시 관악구 봉천동 1621-23,37.47769555,126.9567949,30,서울특별시 관악구청,02-879-6861,서울관악경찰서,Y,1,6,2025-11-26,3200000,서울특별시 관악구
01,동명노인복지관,서울특별시,관악구,11620,서울특별시 관악구 봉천로23라길 15,서울특별시 관악구 봉천동 647-10,37.48844122,126.9372327,30,서울특별시 관악구청,02-879-6861,서울관악경찰서,Y,2,6,2025-11-26,3200000,서울특별시 관악구
01,관악노인복지관,서울특별시,관악구,11620,서울특별시 관악구 보라매로 35,서울특별시 관악구 봉천동 726-3,37.49304069,126.9263301,30,서울특별시 관악구청,02-879-6861,서울관악경찰서,Y,1,6~25,2025-11-26,3200000,서울특별시 관악구
01,삼광경로당,강원특별자치도,원주시,42130,강원특별자치도 원주시 봉산로 135,강원특별자치도 원주시 봉산동 833-9,37.3430723,127.9677575,30,강원특별자치도 원주시청,033-737-3514,원주경찰서,N,,,2025-11-25,4191000,강원특별자치도 원주시
01,오리현경로당,강원특별자치도,원주시,42130,강원특별자치도 원주시 흥업면 사제로 422,강원특별자치도 원주시 흥업면 사제리 495-5,37.32763691,127.8878185,30,강원특별자치도 원주시청,033-737-3514,원주경찰서,N,,,2025-11-25,4191000,강원특별자치도 원주시
01,성남1리 경로당,강원특별자치도,원주시,42130,강원특별자치도 원주시 신림면 성남로 174,강원특별자치도 원주시 신림면 성남리 398,37.25955215,128.083567,30,강원특별자치도 원주시청,033-737-3514,원주경찰서,N,,,2025-11-25,4191000,강원특별자치도 원주시
01,귀래리 웅탑동 경로당,강원특별자치도,원주시,42130,강원특별자치도 원주시 귀래면 웅골길 2,강원특별자치도 원주시 귀래면 귀래리 864-2,37.20881295,127.8709093,30,강원특별자치도 원주시청,033-737-3514,원주경찰서,N,,,2025-11-25,4191000,강원특별자치도 원주시
01,손곡1리 경로당,강원특별자치도,원주시,42130,강원특별자치도 원주시 부론면 법후로 425,강원특별자치도 원주시 부론면 손곡리 1399,37.22920017,127.7882968,30,강원특별자치도 원주시청,033-737-3514,원주경찰서,N,,,2025-11-25,4191000,강원특별자치도 원주시
01,반계3리 경로당,강원특별자치도,원주시,42130,강원특별자치도 원주시 문막읍 밤상골길 4,강원특별자치도 원주시 문막읍 반계리 1561-8,37.31233192,127.7669583,30,강원특별자치도 원주시청,033-737-3514,원주경찰서,N,,,2025-11-25,4191000,강원특별자치도 원주시
01,법천2리 경로당,강원특별자치도,원주시,42130,강원특별자치도 원주시 부론면 법후로 129-1,강원특별자치도 원주시 부론면 법천리 713-6,37.21299214,127.7641136,30,강원특별자치도 원주시청,033-737-3514,원주경찰서,N,,,2025-11-25,4191000,강원특별자치도 원주시
01,간현2리 경로당,강원특별자치도,원주시,42130,강원특별자치도 원주시 지정면 간현안말길 40,강원특별자치도 원주시 지정면 간현리 186-1,37.34958937,127.8505805,30,강원특별자치도 원주시청,033-737-3514,원주경찰서,N,,,2025-11-25,4191000,강원특별자치도 원주시
1,왕장4리 경로당,충청북도,음성군,43770,,충청북도 음성군 감곡면 왕장리 530-6,37.11757037,127.6370124,30,충청북도 음성군청,043-871-3874,음성경찰서,N,0,7,2025-12-26,4470000,충청북도 음성군
01,월송4리 구미마을회관,강원특별자치도,원주시,42130,강원특별자치도 원주시 지정면 생골길 8,강원특별자치도 원주시 지정면 월송리 163-4,37.40189478,127.8721847,30,강원특별자치도 원주시청,033-737-3514,원주경찰서,N,,,2025-11-25,4191000,강원특별자치도 원주시
01,후용2리 복지회관,강원특별자치도,원주시,42130,강원특별자치도 원주시 문막읍 견훤로 912,강원특별자치도 원주시 문막읍 후용리 607,37.27098793,127.7991113,30,강원특별자치도 원주시청,033-737-3514,원주경찰서,N,,,2025-11-25,4191000,강원특별자치도 원주시
01,포진2리 경로당,강원특별자치도,원주시,42130,강원특별자치도 원주시 문막읍 귀문로 1388-3,강원특별자치도 원주시 문막읍 포진리 642-7,37.28404355,127.8159656,30,강원특별자치도 원주시청,033-737-3514,원주경찰서,N,,,2025-11-25,4191000,강원특별자치도 원주시
01,운계2리 경로당,강원특별자치도,원주시,42130,강원특별자치도 원주시 귀래면 분토골길 9,강원특별자치도 원주시 귀래면 운계리 1310,37.18457152,127.8845687,30,강원특별자치도 원주시청,033-737-3514,원주경찰서,N,,,2025-11-25,4191000,강원특별자치도 원주시
01,용암2리 경로당,강원특별자치도,원주시,42130,강원특별자치도 원주시 신림면 구학산로 1827,강원특별자치도 원주시 신림면 용암리 743-13,37.21072277,128.0859146,30,강원특별자치도 원주시청,033-737-3514,원주경찰서,N,,,2025-11-25,4191000,강원특별자치도 원주시
01,송계2리 경로당,강원특별자치도,원주시,42130,강원특별자치도 원주시 신림면 송계로 201,강원특별자치도 원주시 신림면 송계리 482-4,37.27782317,128.2016044,30,강원특별자치도 원주시청,033-737-3514,원주경찰서,N,,,2025-11-25,4191000,강원특별자치도 원주시
01,궁촌2리 경로당,강원특별자치도,원주시,42130,강원특별자치도 원주시 문막읍 서들길 26,강원특별자치도 원주시 문막읍 궁촌리 429-3,37.26815612,127.8326719,30,강원특별자치도 원주시청,033-737-3514,원주경찰서,N,,,2025-11-25,4191000,강원특별자치도 원주시
01,신림1리 경로당,강원특별자치도,원주시,42130,강원특별자치도 원주시 신림면 제원로 1413,강원특별자치도 원주시 신림면 신림리 599-1,37.22706676,128.0826454,30,강원특별자치도 원주시청,033-737-3514,원주경찰서,N,,,2025-11-25,4191000,강원특별자치도 원주시
01,비두2리 경로당,강원특별자치도,원주시,42130,강원특별자치도 원주시 문막읍 사흥길 4,강원특별자치도 원주시 문막읍 비두리 1767,37.23906557,127.8450231,30,강원특별자치도 원주시청,033-737-3514,원주경찰서,N,,,2025-11-25,4191000,강원특별자치도 원주시
01,황둔2리 경로당,강원특별자치도,원주시,42130,강원특별자치도 원주시 신림면 창촌길 3,강원특별자치도 원주시 신림면 황둔리 1555-14,37.2506578,128.1410366,30,강원특별자치도 원주시청,033-737-3514,원주경찰서,N,,,2025-11-25,4191000,강원특별자치도 원주시
01,단강1리 경로당,강원특별자치도,원주시,42130,강원특별자치도 원주시 부론면 부귀로 765-2,강원특별자치도 원주시 부론면 단강리 846-1,37.15231473,127.787713,30,강원특별자치도 원주시청,033-737-3514,원주경찰서,N,,,2025-11-25,4191000,강원특별자치도 원주시
02,사랑뜰 장애인주간보호소,강원특별자치도,원주시,42130,"강원특별자치도 원주시 지니기길 11-22, (무실동) 원주장애인주단기보호센터꿈꾸는나무",강원특별자치도 원주시 무실동 708-9,37.32475326,127.9252058,30,강원특별자치도 원주시청,033-737-3514,원주경찰서,Y,1,10,2025-11-25,4191000,강원특별자치도 원주시
02,장주기요셉의집,강원특별자치도,원주시,42130,"강원특별자치도 원주시 호저면 광학로 89, 장주기요셉의집",강원특별자치도 원주시 호저면 광격리 628,37.45572148,127.933808,30,강원특별자치도 원주시청,033-737-3514,원주경찰서,N,,8,2025-11-25,4191000,강원특별자치도 원주시
01,법천3리 좀재경로당,강원특별자치도,원주시,42130,"강원특별자치도 원주시 부론면 부론로 175, 법천3리 좀재경로당",강원특별자치도 원주시 부론면 법천리 1152-6,37.18882566,127.7524372,30,강원특별자치도 원주시청,033-737-3514,원주경찰서,N,,8,2025-11-25,4191000,강원특별자치도 원주시
01,귀래3리 경로당,강원특별자치도,원주시,42130,"강원특별자치도 원주시 귀래면 귀운길 4, 귀래3리 마을회관",강원특별자치도 원주시 귀래면 귀래리 549-6,37.21973847,127.8697689,30,강원특별자치도 원주시청,033-737-3514,원주경찰서,N,,,2025-11-25,4191000,강원특별자치도 원주시
01,궁촌1리 남여경로당,강원특별자치도,원주시,42130,"강원특별자치도 원주시 문막읍 궁말길 23, 궁촌1리 남여경로당",강원특별자치도 원주시 문막읍 궁촌리 768-3,37.27613974,127.8267976,30,강원특별자치도 원주시청,033-737-3514,원주경찰서,Y,1,6,2025-11-25,4191000,강원특별자치도 원주시
01,귀래1리 경로당,강원특별자치도,원주시,42130,"강원특별자치도 원주시 귀래면 귀문로 504, 귀래1리 경로당",강원특별자치도 원주시 귀래면 귀래리 1332,37.22246029,127.8639073,30,강원특별자치도 원주시청,033-737-3514,원주경찰서,N,,7,2025-11-25,4191000,강원특별자치도 원주시
01,흥호1리경로당,강원특별자치도,원주시,42130,"강원특별자치도 원주시 부론면 하살미길 2, 흥호1리 경로당",강원특별자치도 원주시 부론면 흥호리 산 37-2,37.24247149,127.7616057,30,강원특별자치도 원주시청,033-737-3514,원주경찰서,N,,6,2025-11-25,4191000,강원특별자치도 원주시
01,비두1리경로당,강원특별자치도,원주시,42130,강원특별자치도 원주시 문막읍 귀문로 952,강원특별자치도 원주시 문막읍 비두리 1094-1,37.25101354,127.8358814,30,강원특별자치도 원주시청,033-737-3514,원주경찰서,Y,1,6,2025-11-25,4191000,강원특별자치도 원주시
01,원주시노인종합복지관,강원특별자치도,원주시,42130,"강원특별자치도 원주시 동부순환로 9-6, (단구동) 원주시노인종합복지관",강원특별자치도 원주시 단구동 1486-14,37.31865898,127.9693074,30,강원특별자치도 원주시청,033-737-3514,원주경찰서,N,,9~20,2025-11-25,4191000,강원특별자치도 원주시
01,황둔송계경로당,강원특별자치도,원주시,42130,"강원특별자치도 원주시 신림면 신림황둔로 1214, 황둔송계경로당",강원특별자치도 원주시 신림면 황둔리 333-3,37.26169474,128.189420,30,강원특별자치도 원주시청,033-737-3514,원주경찰서,N,,10,2025-11-25,4191000,강원특별자치도 원주시
01,원주보훈요양원,강원특별자치도,원주시,42130,"강원특별자치도 원주시 혁신로 249, 원주보훈요양원",강원특별자치도 원주시 반곡동 1956-1,37.33034953,127.9912832,30,강원특별자치도 원주시청,033-737-3514,원주경찰서,Y,2,40,2025-11-25,4191000,강원특별자치도 원주시
01,사제경로당,강원특별자치도,원주시,42130,"강원특별자치도 원주시 흥업면 사제로 422, 사제경로당",강원특별자치도 원주시 흥업면 사제리 495-5,37.32763691,127.8878185,30,강원특별자치도 원주시청,033-737-3514,원주경찰서,N,,6,2025-11-25,4191000,강원특별자치도 원주시
01,광터경로당,강원특별자치도,원주시,42130,"강원특별자치도 원주시 흥업면 광터길 141-50, 광터경로당",강원특별자치도 원주시 흥업면 사제리 1430-8,37.34432444,127.8796573,30,강원특별자치도 원주시청,033-737-3514,원주경찰서,N,,,2025-11-25,4191000,강원특별자치도 원주시
2,도래샘단기보호소,강원특별자치도,춘천시,41800,강원특별자치도 춘천시 스포츠타운길399번길 12,강원특별자치도 춘천시 삼천동 216-4,37.872250,127.7021789004,30,강원특별자치도 춘천시청,033-250-3631,춘천경찰서,N,0,9,2025-11-17,4181000,강원특별자치도 춘천시
2,춘천시장애인종합복지관,강원특별자치도,춘천시,41800,강원특별자치도 춘천시 영서로 1925-21,강원특별자치도 춘천시 석사동 136,37.8457506879,127.7559835946,30,강원특별자치도 춘천시청,033-250-3631,춘천경찰서,N,0,6,2025-11-17,4181000,강원특별자치도 춘천시
1,한덕리 경로당,강원특별자치도,춘천시,41800,강원특별자치도 춘천시 남면 한덕발산길 71,강원특별자치도 춘천시 남면 한덕리 460,37.6809441,127.6150506,30,강원특별자치도 춘천시청,033-250-3631,춘천경찰서,N,0,7,2025-11-17,4181000,강원특별자치도 춘천시
1,올미경로당,강원특별자치도,춘천시,41800,강원특별자치도 춘천시 신동로 74-2,강원특별자치도 춘천시 신동 371-11,37.9264831,127.7378028,30,강원특별자치도 춘천시청,033-250-3631,춘천경찰서,N,0,7,2025-11-17,4181000,강원특별자치도 춘천시
1,팔미3리 경로당,강원특별자치도,춘천시,41800,강원특별자치도 춘천시 신동면 한치로 922,강원특별자치도 춘천시 신동면 팔미리 335-4,37.8158542,127.6997102,30,강원특별자치도 춘천시청,033-250-3631,춘천경찰서,N,0,6,2025-11-17,4181000,강원특별자치도 춘천시
1,덕두원1리경로당,강원특별자치도,춘천시,41800,강원특별자치도 춘천시 서면 덕두원길 104,강원특별자치도 춘천시 서면 덕두원리 277-1,37.8539005,127.6618316,30,강원특별자치도 춘천시청,033-250-3631,춘천경찰서,N,0,6,2025-11-17,4181000,강원특별자치도 춘천시
2,강원특별자치도장애인종합복지관,강원특별자치도,춘천시,41800,강원특별자치도 춘천시 사우로 27,강원특별자치도 춘천시 사농동 105-5,37.9084571461,127.7275793754,30,강원특별자치도 춘천시청,033-250-3631,춘천경찰서,N,0,13,2025-11-17,4181000,강원특별자치도 춘천시
1,고성2리 노인회관,강원특별자치도,춘천시,41800,강원특별자치도 춘천시 사북면 춘화로 789,강원특별자치도 춘천시 사북면 고성리 318,37.9941186,127.734810,30,강원특별자치도 춘천시청,033-250-3631,춘천경찰서,N,0,8~11,2025-11-17,4181000,강원특별자치도 춘천시
1,군자1리경로당,강원특별자치도,춘천시,41800,강원특별자치도 춘천시 동산면 종자리로 123 군자1리경로당,강원특별자치도 춘천시 동산면 군자리 987-8 군자1리경로당,37.748730,127.722070,30,강원특별자치도 춘천시청,033-250-3631,춘천경찰서,N,0,12,2025-11-17,4181000,강원특별자치도 춘천시
1,조양2리경로당,강원특별자치도,춘천시,41800,강원특별자치도 춘천시 동산면 조양길 191 조양2리경로당,강원특별자치도 춘천시 동산면 조양리 472-3 조양2리경로당,37.745050,127.795860,30,강원특별자치도 춘천시청,033-250-3631,춘천경찰서,N,0,7,2025-11-17,4181000,강원특별자치도 춘천시
1,비봉경로당,강원특별자치도,춘천시,41800,강원특별자치도 춘천시 후만로 5-1 (효자동) 비봉경로당,강원특별자치도 춘천시 효자동 634-6,37.8728065,127.7465539,30,강원특별자치도 춘천시청,033-250-3631,춘천경찰서,Y,1,10,2025-11-17,4181000,강원특별자치도 춘천시
1,춘천노인대학,강원특별자치도,춘천시,41800,강원특별자치도 춘천시 중앙로 131 (중앙로3가) 춘천시보건소별관 춘천노인대학,강원특별자치도 춘천시 중앙로3가 67,37.8755488,127.720219,30,강원특별자치도 춘천시청,033-250-3631,춘천경찰서,Y,7,15,2025-11-17,4181000,강원특별자치도 춘천시
1,조교1리 경로당,강원특별자치도,춘천시,41800,강원특별자치도 춘천시 북산면 원동조교로 361 조교1리 마을회관,강원특별자치도 춘천시 북산면 조교리 238-3 마을회관 조교1리 마을회관,37.922210,127.951730,30,강원특별자치도 춘천시청,033-250-3631,춘천경찰서,N,0,7,2025-11-17,4181000,강원특별자치도 춘천시
1,오탄2리 마을회관,강원특별자치도,춘천시,41800,강원특별자치도 춘천시 사북면 사내천로 1079-10 오탄2리 마을회관,강원특별자치도 춘천시 사북면 오탄리 620 오탄2리 마을회관,38.051860,127.602860,30,강원특별자치도 춘천시청,033-250-3631,춘천경찰서,N,0,7,2025-11-17,4181000,강원특별자치도 춘천시
1,백양2리 경로당,강원특별자치도,춘천시,41800,강원특별자치도 춘천시 남산면 서백길 510 백양2리 경로당,강원특별자치도 춘천시 남산면 백양리 588-77 백양2리 경로당,37.810340,127.573030,30,강원특별자치도 춘천시청,033-250-3631,춘천경찰서,Y,1,6,2025-11-17,4181000,강원특별자치도 춘천시
1,신촌1리 경로당,강원특별자치도,춘천시,41800,강원특별자치도 춘천시 동내면 금촌로 50 신촌1리 경로당,강원특별자치도 춘천시 동내면 신촌리 159-3 신촌1리 경로당,37.853890,127.781070,30,강원특별자치도 춘천시청,033-250-3631,춘천경찰서,N,0,10,2025-11-17,4181000,강원특별자치도 춘천시
1,조양1리 경로당,강원특별자치도,춘천시,41800,강원특별자치도 춘천시 동산면 조양길 285-8 조양1리 경로당,강원특별자치도 춘천시 동산면 조양리 354-1 조양1리 경로당,37.753490,127.795340,30,강원특별자치도 춘천시청,033-250-3631,춘천경찰서,N,0,11,2025-11-17,4181000,강원특별자치도 춘천시
1,지촌3리 경로당,강원특별자치도,춘천시,41800,강원특별자치도 춘천시 사북면 영서로 4761 지촌3리 경로당,강원특별자치도 춘천시 사북면 지촌리 461-8 지촌3리마을회관 지촌3리 경로당,38.033680,127.640490,30,강원특별자치도 춘천시청,033-250-3631,춘천경찰서,N,0,7,2025-11-17,4181000,강원특별자치도 춘천시
1,오탄1리 경로당,강원특별자치도,춘천시,41800,강원특별자치도 춘천시 사북면 사내천로 1354-28 오탄1리 경로당,강원특별자치도 춘천시 사북면 오탄리 197-3 오탄1리마을회관 오탄1리 경로당,38.041960,127.621880,30,강원특별자치도 춘천시청,033-250-3631,춘천경찰서,N,0,8,2025-11-17,4181000,강원특별자치도 춘천시
1,상걸2리 경로당,강원특별자치도,춘천시,41800,강원특별자치도 춘천시 동면 가락재로 1351 상걸리경로당,강원특별자치도 춘천시 동면 상걸리 328-11 상걸리경로당,37.861830,127.851050,40,강원특별자치도 춘천시청,033-250-3631,춘천경찰서,N,0,9,2025-11-17,4181000,강원특별자치도 춘천시
1,후동2리 경로당,강원특별자치도,춘천시,41800,강원특별자치도 춘천시 남면 버들길 60-8 후동2리 경로당,강원특별자치도 춘천시 남면 후동리 367-4 후동2리 경로당,37.747180,127.630530,30,강원특별자치도 춘천시청,033-250-3631,춘천경찰서,Y,1,8,2025-11-17,4181000,강원특별자치도 춘천시
1,상걸1리 경로당,강원특별자치도,춘천시,41800,강원특별자치도 춘천시 동면 가락재로 1269 상걸1리 경로당,강원특별자치도 춘천시 동면 상걸리 산68-1 상걸1리 경로당,37.866440,127.844090,30,강원특별자치도 춘천시청,033-250-3631,춘천경찰서,N,0,17,2025-11-17,4181000,강원특별자치도 춘천시
1,새청 경로당,강원특별자치도,춘천시,41800,강원특별자치도 춘천시 충열로48번길 61-7 (우두동) 새청 경로당,강원특별자치도 춘천시 우두동 373,37.8995484,127.738826,30,강원특별자치도 춘천시청,033-250-3631,춘천경찰서,N,0,5,2025-11-17,4181000,강원특별자치도 춘천시
1,한계울경로당,강원특별자치도,춘천시,41800,강원특별자치도 춘천시 지내고탄로 111 (신동) 한계울경로당,강원특별자치도 춘천시 신동 639-4,37.9402031,127.7275961,30,강원특별자치도 춘천시청,033-250-3631,춘천경찰서,N,0,7,2025-11-17,4181000,강원특별자치도 춘천시
1,수태2리 경로당,충청북도,음성군,43770,,충청북도 음성군 대소면 수태리 146-3,36.93873658,127.5118888,30,충청북도 음성군청,043-871-3874,음성경찰서,N,0,7,2025-12-26,4470000,충청북도 음성군
1,강촌1리 경로당,강원특별자치도,춘천시,41800,강원특별자치도 춘천시 남산면 강촌로 125 강촌1리경로당,강원특별자치도 춘천시 남산면 강촌리 198-8 마을회관 강촌1리경로당,37.808340,127.636720,30,강원특별자치도 춘천시청,033-250-3631,춘천경찰서,N,0,7,2025-11-17,4181000,강원특별자치도 춘천시
1,지내1리경로당,강원특별자치도,춘천시,41800,강원특별자치도 춘천시 신북읍 지내고탄로 364 지내1리경로당,강원특별자치도 춘천시 신북읍 지내리 37-1 지내1리경로당,37.961780,127.730590,30,강원특별자치도 춘천시청,033-250-3631,춘천경찰서,Y,1,7,2025-11-17,4181000,강원특별자치도 춘천시
1,감정2리경로당,강원특별자치도,춘천시,41800,강원특별자치도 춘천시 동면 구룡당길 19 감정2리경로당,강원특별자치도 춘천시 동면 감정리 684-10 감정2리경로당,37.901120,127.791460,30,강원특별자치도 춘천시청,033-250-3631,춘천경찰서,Y,2,6,2025-11-17,4181000,강원특별자치도 춘천시
1,유포1리경로당,강원특별자치도,춘천시,41800,강원특별자치도 춘천시 신북읍 아침못길 179 유포1리경로당,강원특별자치도 춘천시 신북읍 유포리 615-26 유포1리경로당,37.950500,127.763560,30,강원특별자치도 춘천시청,033-250-3631,춘천경찰서,N,0,5,2025-11-17,4181000,강원특별자치도 춘천시
1,근화경로당,강원특별자치도,춘천시,41800,강원특별자치도 춘천시 공지로 533-3 (근화동) 근화경로당,강원특별자치도 춘천시 근화동 506-1,37.8799345,127.714406,30,강원특별자치도 춘천시청,033-250-3631,춘천경찰서,N,0,11,2025-11-17,4181000,강원특별자치도 춘천시
1,지내3리 경로당,강원특별자치도,춘천시,41800,강원특별자치도 춘천시 신북읍 지내고탄로 206-8 지내3리 경로당,강원특별자치도 춘천시 신북읍 지내리 574 지내3리노인정 지내3리 경로당,37.948360,127.731460,30,강원특별자치도 춘천시청,033-250-3631,춘천경찰서,N,0,8,2025-11-17,4181000,강원특별자치도 춘천시
1,신매3리 경로당,강원특별자치도,춘천시,41800,강원특별자치도 춘천시 서면 신매길 1 신매3리 경로당,강원특별자치도 춘천시 서면 신매리 168-4 신매3리 경로당,37.918260,127.711490,30,강원특별자치도 춘천시청,033-250-3631,춘천경찰서,Y,1,9,2025-11-17,4181000,강원특별자치도 춘천시
1,소양강댐노인복지관,강원특별자치도,춘천시,41800,강원특별자치도 춘천시 신북로 265 소양강댐노인복지관,강원특별자치도 춘천시 신북읍 산천리 342-7 소양강댐노인복지관,37.948220,127.749190,30,강원특별자치도 춘천시청,033-250-3631,춘천경찰서,N,0,8,2025-11-17,4181000,강원특별자치도 춘천시
1,행복이가득한집,강원특별자치도,춘천시,41800,강원특별자치도 춘천시 서면 박사로 785 행복이가득한집,강원특별자치도 춘천시 서면 현암리 531-1 행복이가득한집,37.888710,127.686250,60,강원특별자치도 춘천시청,033-250-3631,춘천경찰서,N,0,13,2025-11-17,4181000,강원특별자치도 춘천시
1,성심경로당,강원특별자치도,춘천시,41800,강원특별자치도 춘천시 성심로 30 (교동) 성심경로당,강원특별자치도 춘천시 교동 164-13,37.8809275,127.739869,30,강원특별자치도 춘천시청,033-250-3631,춘천경찰서,N,0,8,2025-11-17,4181000,강원특별자치도 춘천시
1,춘천희망복지센터,강원특별자치도,춘천시,41800,강원특별자치도 춘천시 운천길 28-29 (운교동) 춘천희망복지센터,강원특별자치도 춘천시 운교동 174-1,37.8752504,127.7323461,30,강원특별자치도 춘천시청,033-250-3631,춘천경찰서,N,0,7,2025-11-17,4181000,강원특별자치도 춘천시
1,춘천남부노인복지관,강원특별자치도,춘천시,41800,강원특별자치도 춘천시 방송길 86 (온의동) 춘천남부노인복지관,강원특별자치도 춘천시 온의동 6-33,37.8679181,127.7189533,30,강원특별자치도 춘천시청,033-250-3631,춘천경찰서,N,0,15,2025-11-17,4181000,강원특별자치도 춘천시
1,춘천동부노인복지관,강원특별자치도,춘천시,41800,강원특별자치도 춘천시 동면 세실로 250 춘천동부노인복지관,강원특별자치도 춘천시 동면 만천리 893-3 춘천시동부노인복지관 춘천동부노인복지관,37.879790,127.757670,30,강원특별자치도 춘천시청,033-250-3631,춘천경찰서,Y,1,15,2025-11-17,4181000,강원특별자치도 춘천시
1,춘천시립양로원,강원특별자치도,춘천시,41800,강원특별자치도 춘천시 스무숲길 4-51 (석사동) 춘천시립양로원,강원특별자치도 춘천시 석사동 171-8,37.845303,127.7476721,30,강원특별자치도 춘천시청,033-250-3631,춘천경찰서,N,0,6,2025-11-17,4181000,강원특별자치도 춘천시
1,월드비젼주간보호센터,강원특별자치도,춘천시,41800,강원특별자치도 춘천시 근화길 95 (효자동) 월드비젼주간보호센터,강원특별자치도 춘천시 효자동 373-90,37.8703023,127.7227176,30,강원특별자치도 춘천시청,033-250-3631,춘천경찰서,Y,1,8,2025-11-17,4181000,강원특별자치도 춘천시
1,여명경로당,경상남도,창원시,56700,경상남도 창원시 진해구 여명로 56,경상남도 창원시 진해구 여좌동 108-6,35.1573997,128.6584887,30,경상남도 창원시 진해구청,055-548-4436,진해경찰서,Y,2,12m,2025-11-20,5670000,경상남도 창원시
1,대한노인회 창원시진해지회,경상남도,창원시,56700,경상남도 창원시 진해구 충장로 343,경상남도 창원시 진해구 경화동 47,35.15384134,128.689648,50,경상남도 창원시 진해구청,055-548-4436,진해경찰서,N,,20m,2025-11-20,5670000,경상남도 창원시
1,진해노인종합복지관,경상남도,창원시,56700,경상남도 창원시 진해구 천자로 434,경상남도 창원시 진해구 풍호동 26-16,35.13460614,128.7116704,30,경상남도 창원시 진해구청,055-548-4436,진해경찰서,N,,9m,2025-11-20,5670000,경상남도 창원시
1,호계마을회관,경상남도,창원시,56700,경상남도 창원시 마산회원구 내서읍 호계본동2길 15-4,경상남도 창원시 마산회원구 내서읍 호계리 486-51,35.26612036,128.5196816,30,경상남도 창원시 마산회원구 경제교통과,055-230-4445,마산동부서,N,,10,2025-11-20,5670000,경상남도 창원시
1,양촌마을 경로당,경상남도,창원시,56700,경상남도 창원시 마산합포구 진전면 팔의사로 390,경상남도 창원시 마산합포구 진전면 양촌리 293-4,35.12412619,128.3856492,30,경상남도 창원시 마산합포구 경제교통과,055-220-4436,마산중부서,N,,10,2025-11-20,5670000,경상남도 창원시
1,창원시 여성회관 마산관,경상남도,창원시,56700,경상남도 창원시 마산합포구 용마로 30,경상남도 창원시 마산합포구 산호동 47-5,35.21649814,128.5790896,50,경상남도 창원시 마산합포구 경제교통과,055-220-4436,마산동부서,N,,20,2025-11-20,5670000,경상남도 창원시
1,마산종합사회복지관,경상남도,창원시,56700,경상남도 창원시 마산합포구 월영북로 46,경상남도 창원시 마산합포구 대내동 1-8,35.18386233,128.5564815,30,경상남도 창원시 마산합포구 경제교통과,055-220-4436,마산중부서,N,,12~14,2025-11-20,5670000,경상남도 창원시
1,마산합포노인종합복지관,경상남도,창원시,56700,경상남도 창원시 마산합포구 동서남1길 5,경상남도 창원시 마산합포구 신포동2가 48-1,35.20236661,128.5710934,50,경상남도 창원시 마산합포구 경제교통과,055-220-4436,마산중부서,N,,18~32,2025-11-20,5670000,경상남도 창원시
1,성산노인종합복지관,경상남도,창원시,56700,경상남도 창원시 성산구 창이대로 781,경상남도 창원시 성산구 대방동 330,35.21651109,128.7046581,30,경상남도 창원시 성산구 경제교통과,055-272-4437,창원중부경찰서,N,,10,2025-11-20,5670000,경상남도 창원시
1,산남 경로당,경상남도,창원시,56700,경상남도 창원시 의창구 동읍 봉강가술로 203,경상남도 창원시 의창구 동읍 산남리 155-10,35.35228478,128.6771482,30,경상남도 창원시 의창구청,055-212-4434,서부경찰서,N,,,2025-11-20,5670000,경상남도 창원시
1,대천 경로당,경상남도,창원시,56700,경상남도 창원시 의창구 북면 천주로 606,경상남도 창원시 의창구 북면 화천리 453-2,35.30950867,128.6025495,30,경상남도 창원시 의창구청,055-212-4434,서부경찰서,N,,,2025-11-20,5670000,경상남도 창원시
1,월백 경로당,경상남도,창원시,56700,경상남도 창원시 의창구 북면 백월로167번길 14,경상남도 창원시 의창구 북면 월백리 1063,35.32136187,128.6258062,30,경상남도 창원시 의창구청,055-212-4434,서부경찰서,Y,,,2025-11-20,5670000,경상남도 창원시
1,금산마을,경상남도,창원시,56700,경상남도 창원시 의창구 동읍 동읍로670번길 6,경상남도 창원시 의창구 동읍 금산리 602-1,35.3231455,128.6642713,30,경상남도 창원시 의창구청,055-212-4434,서부경찰서,Y,,,2025-11-20,5670000,경상남도 창원시
1,의창노인종합복지관,경상남도,창원시,56700,경상남도 창원시 의창구 서곡길 15,경상남도 창원시 의창구 명곡동 30,35.25285543,128.6477887,30,경상남도 창원시 의창구청,055-212-4434,서부경찰서,N,,,2025-11-20,5670000,경상남도 창원시
1,성심원,경상남도,창원시,56700,경상남도 창원시 의창구 북면 단내로 501,경상남도 창원시 의창구 북면 내곡리 1234,35.34851136,128.5736917,30,경상남도 창원시 의창구청,055-212-4434,서부경찰서,N,,,2025-11-20,5670000,경상남도 창원시
1,삼원효도마을,경상남도,창원시,56700,경상남도 창원시 의창구 북면 온천로 483,경상남도 창원시 의창구 북면 상천리 1083-3,35.36110389,128.5750612,30,경상남도 창원시 의창구청,055-212-4434,서부경찰서,N,,,2025-11-20,5670000,경상남도 창원시
1,대한노인회,경상남도,창원시,56700,경상남도 창원시 의창구 태복산로 3,경상남도 창원시 의창구 도계동 887-1,35.25265255,128.6391988,30,경상남도 창원시 의창구청,055-212-4434,서부경찰서,N,,,2025-11-20,5670000,경상남도 창원시
01,대마복지회관,전라남도,영광군,49700,전라남도 영광군 대마면 동삼로 682,전라남도 영광군 대마면 월산리 407-7,35.29913384,126.5808325,30,전라남도 영광군,061-350-4769,영광경찰서,N,0,10,2025-09-19,4970000,전라남도 영광군
01,영광군 노인복지회관,전라남도,영광군,49700,전라남도 영광군 영광읍 대하길 19,전라남도 영광군 영광읍 신하리 94,35.27268102,126.4974569,30,전라남도 영광군,061-350-4769,영광경찰서,N,0,14,2025-09-19,4970000,전라남도 영광군
1,제일영도교회 노인대학,부산광역시,영도구,26200,부산광역시 영도구 영봉길 110,부산광역시 영도구 신선동1가 91,35.09097781,129.0454073,30,부산광역시 영도구,051-419-4558,부산영도경찰서,N,,7,2025-11-05,3280000,부산광역시 영도구
1,빛과진리 노인교실,부산광역시,영도구,26200,부산광역시 영도구 한사랑길 63,부산광역시 영도구 영선동1가 108,35.08972781,129.0440205,30,부산광역시 영도구,051-419-4558,부산영도경찰서,N,,7,2025-11-05,3280000,부산광역시 영도구
1,와치노인교실,부산광역시,영도구,26200,부산광역시 영도구 함지로79번길 76,부산광역시 영도구 동삼동 510-9,35.0759964,129.0655229,30,부산광역시 영도구,051-419-4558,부산영도경찰서,N,,12,2025-11-05,3280000,부산광역시 영도구
1,파랑새노인건강센터,부산광역시,영도구,26200,부산광역시 영도구 와치로 78,부산광역시 영도구 청학동 483-1,35.08595082,129.0596029,30,부산광역시 영도구,051-419-4558,부산영도경찰서,N,,6,2025-11-05,3280000,부산광역시 영도구
1,영도구 노인복지회관,부산광역시,영도구,26200,부산광역시 영도구 절영로29번길 14,부산광역시 영도구 대교동2가 159-10,35.09133005,129.0400929,30,부산광역시 영도구,051-419-4558,부산영도경찰서,N,,4,2025-11-05,3280000,부산광역시 영도구
01,논산시 벌곡면 주빌리너싱홈,충청남도,논산시,45400,충청남도 논산시 벌곡면 대둔로 1159-3,충청남도 논산시 벌곡면 신양리 616-3,36.2319923,127.2724825,30,충청남도 논산시청,041-746-6275,충남논산경찰서,N,,,2025-12-01,4540000,충청남도 논산시
01,논산시 연무읍 금곡4리 경로당,충청남도,논산시,45400,충청남도 논산시 연무읍 왕릉로108번길 22,충청남도 논산시 연무읍 금곡리 359-1,36.1199168,127.0854290,30,충청남도 논산시청,041-746-6275,충남논산경찰서,N,,,2025-12-01,4540000,충청남도 논산시
01,논산시 은진면 교촌1리 경로당,충청남도,논산시,45400,충청남도 논산시 은진면 탑정로423번길 9-1,충청남도 논산시 은진면 교촌리 38-3,36.1701305,127.1111672,30,충청남도 논산시청,041-746-6275,충남논산경찰서,N,,,2025-12-01,4540000,충청남도 논산시
01,논산시 연산면 오산리 경로당,충청남도,논산시,45400,충청남도 논산시 연산면 백일헌로338번길 35,충청남도 논산시 연산면 오산리 112,36.2382071,127.1499810,30,충청남도 논산시청,041-746-6275,충남논산경찰서,N,,,2025-12-01,4540000,충청남도 논산시
01,논산시 상월면 주곡리 경로당,충청남도,논산시,45400,충청남도 논산시 상월면 주곡1길 6-1,충청남도 논산시 상월면 주곡리 31-1,36.2784102,127.1528507,30,충청남도 논산시청,041-746-6275,충남논산경찰서,N,,,2025-12-01,4540000,충청남도 논산시
01,논산시 상월면 숙진2리 경로당,충청남도,논산시,45400,충청남도 논산시 상월면 백일헌로477번길 12-1,충청남도 논산시 상월면 숙진리 485-13,36.2483257,127.1448374,30,충청남도 논산시청,041-746-6275,충남논산경찰서,N,,,2025-12-01,4540000,충청남도 논산시
01,논산시 상월면 상도1리 경로당,충청남도,논산시,45400,충청남도 논산시 상월면 상월로740번길 41,충청남도 논산시 상월면 상도리 269,36.3248630,127.1868627,30,충청남도 논산시청,041-746-6275,충남논산경찰서,N,,,2025-12-01,4540000,충청남도 논산시
01,논산시 가야곡면 두월1리 경로당,충청남도,논산시,45400,충청남도 논산시 가야곡면 원앙로1019번길 52-1,충청남도 논산시 가야곡면 두월리 386-3,36.1613935,127.1390069,30,충청남도 논산시청,041-746-6275,충남논산경찰서,N,,,2025-12-01,4540000,충청남도 논산시
01,논산시 채운면 용화1리 경로당,충청남도,논산시,45400,충청남도 논산시 채운면 탑정로 38-1,충청남도 논산시 채운면 용화리 293-1,36.1716423,127.0705114,30,충청남도 논산시청,041-746-6275,충남논산경찰서,N,,,2025-12-01,4540000,충청남도 논산시
01,논산시 연산면 한전3리 경로당,충청남도,논산시,45400,충청남도 논산시 연산면 관창로 78-3,충청남도 논산시 연산면 한전리 484,36.2127213,127.1855555,30,충청남도 논산시청,041-746-6275,충남논산경찰서,N,,,2025-12-01,4540000,충청남도 논산시
01,논산시 양촌면 남산1리 경로당,충청남도,논산시,45400,충청남도 논산시 양촌면 매죽헌로 1723번길 46,충청남도 논산시 양촌면 남산리 124-2,36.1433261,127.2421099,30,충청남도 논산시청,041-746-6275,충남논산경찰서,N,,,2025-12-01,4540000,충청남도 논산시
01,길직2리 마을회관,인천광역시,강화군,35700,인천광역시 강화군 길상면 강화동로 144,인천광역시 강화군 길상면 길직리 1080,37.65191024,126.4929822,30,인천광역시 강화군청,032-930-3366,인천강화경찰서,N,,,2025-04-17,3570000,인천광역시 강화군
01,선두5리 선택마을회관,인천광역시,강화군,35700,인천광역시 강화군 길상면 해안남로 602,인천광역시 강화군 길상면 선두리 1037-6,37.59939748,126.4980437,30,인천광역시 강화군청,032-930-3366,인천강화경찰서,N,,,2025-04-17,3570000,인천광역시 강화군
01,선두2리 마을회관,인천광역시,강화군,35700,인천광역시 강화군 길상면 보리고개로 13,인천광역시 강화군 길상면 선두리 583,37.62145251,126.4713917,30,인천광역시 강화군청,032-930-3366,인천강화경찰서,N,,,2025-04-17,3570000,인천광역시 강화군
01,건평리 마을회관,인천광역시,강화군,35700,인천광역시 강화군 양도면 건평로 174,인천광역시 강화군 양도면 건평리 379-3,37.6828911,126.4020292,30,인천광역시 강화군청,032-930-3366,인천강화경찰서,N,,,2025-04-17,3570000,인천광역시 강화군
01,넙성리 마을회관,인천광역시,강화군,35700,인천광역시 강화군 불은면 불은남로 193,인천광역시 강화군 불은면 넙성리 492-1,37.66844981,126.5071093,30,인천광역시 강화군청,032-930-3366,인천강화경찰서,N,,,2025-04-17,3570000,인천광역시 강화군
01,황청2리 마을회관,인천광역시,강화군,35700,인천광역시 강화군 내가면 황청포구로 442,인천광역시 강화군 내가면 황청리 719-2,37.71459762,126.3568579,30,인천광역시 강화군청,032-930-3366,인천강화경찰서,N,,,2025-04-17,3570000,인천광역시 강화군
01,삼성2리 마을회관,인천광역시,강화군,35700,인천광역시 강화군 불은면 중앙로 694-6,인천광역시 강화군 불은면 삼성리 905-3,37.70446511,126.4406685,30,인천광역시 강화군청,032-930-3366,인천강화경찰서,N,,,2025-04-17,3570000,인천광역시 강화군
01,길정리 마을회관,인천광역시,강화군,35700,인천광역시 강화군 양도면 고려왕릉로199번길 6,인천광역시 강화군 양도면 길정리 157-4,37.66365116,126.4647351,30,인천광역시 강화군청,032-930-3366,인천강화경찰서,N,,,2025-04-17,3570000,인천광역시 강화군
01,선행리 경로당,인천광역시,강화군,35700,인천광역시 강화군 선원면 시리미로 104,인천광역시 강화군 선원면 선행리 254-1,37.72524113,126.4685379,30,인천광역시 강화군청,032-930-3366,인천강화경찰서,N,,,2025-04-17,3570000,인천광역시 강화군
01,내4리 마을회관,인천광역시,강화군,35700,인천광역시 강화군 화도면 해안남로 2752-6,인천광역시 강화군 화도면 내리 1855-12,37.63608273,126.3827576,30,인천광역시 강화군청,032-930-3366,인천강화경찰서,N,,,2025-04-17,3570000,인천광역시 강화군
01,지산2리 경로당,인천광역시,강화군,35700,인천광역시 강화군 선원면 선원사지로 190,인천광역시 강화군 선원면 지산리 626-3,37.72074356,126.4951739,30,인천광역시 강화군청,032-930-3366,인천강화경찰서,N,,,2025-04-17,3570000,인천광역시 강화군
01,흥왕2리 노인회관,인천광역시,강화군,35700,인천광역시 강화군 화도면 해안남로 1915-6,인천광역시 강화군 화도면 흥왕리 575,37.60793517,126.4167223,30,인천광역시 강화군청,032-930-3366,인천강화경찰서,N,,,2025-04-17,3570000,인천광역시 강화군
01,삼거2리 노인회관,인천광역시,강화군,35700,인천광역시 강화군 하점면 고려산로315번길 7-10,인천광역시 강화군 하점면 삼거리 661-1,37.75977427,126.4145967,30,인천광역시 강화군청,032-930-3366,인천강화경찰서,N,,,2025-04-17,3570000,인천광역시 강화군
01,창후2리 한마음 노인회관,인천광역시,강화군,35700,인천광역시 강화군 하점면 창후로 23-1,인천광역시 강화군 하점면 창후리 97-1,37.76438889,126.3801913,30,인천광역시 강화군청,032-930-3366,인천강화경찰서,N,,,2025-04-17,3570000,인천광역시 강화군
01,능안경로당,인천광역시,강화군,35700,인천광역시 강화군 양도면 강화남로634번길 2,인천광역시 강화군 양도면 능내리 245-9,37.65779789,126.4269317,30,인천광역시 강화군청,032-930-3366,인천강화경찰서,N,,,2025-04-17,3570000,인천광역시 강화군
01,솔정2리 마을회관,인천광역시,강화군,35700,인천광역시 강화군 송해면 전망대로 25,인천광역시 강화군 송해면 솔정리 357,37.76430074,126.4634039,30,인천광역시 강화군청,032-930-3366,인천강화경찰서,N,,,2025-04-17,3570000,인천광역시 강화군
01,옥림1리 마을회관,인천광역시,강화군,35700,인천광역시 강화군 강화읍 동문로 176-1,인천광역시 강화군 강화읍 옥림리 542-3,37.75607458,126.5014447,30,인천광역시 강화군청,032-930-3366,인천강화경찰서,N,,,2025-04-17,3570000,인천광역시 강화군
01,신정2리 경로당,인천광역시,강화군,35700,인천광역시 강화군 선원면 더리미길 33,인천광역시 강화군 선원면 신정리 332-3,37.72223359,126.510585,30,인천광역시 강화군청,032-930-3366,인천강화경찰서,N,,,2025-04-17,3570000,인천광역시 강화군
01,왕방촌 경로당,인천광역시,강화군,35700,인천광역시 강화군 양도면 중앙로 777-1,인천광역시 강화군 양도면 인산리 162-7,37.69971354,126.4333705,30,인천광역시 강화군청,032-930-3366,인천강화경찰서,N,,,2025-04-17,3570000,인천광역시 강화군
01,삼흥1리 마을회관,인천광역시,강화군,35700,인천광역시 강화군 양도면 강화남로 909,인천광역시 강화군 양도면 삼흥리 1110-1,37.67861444,126.4164641,30,인천광역시 강화군청,032-930-3366,인천강화경찰서,N,,,2025-04-17,3570000,인천광역시 강화군
02,우리마을,인천광역시,강화군,35700,인천광역시 강화군 길상면 길상로 242-28,인천광역시 강화군 길상면 온수리 605-29,37.63655938,126.4975194,30,인천광역시 강화군청,032-930-3376,인천강화경찰서,N,,,2025-04-17,3570000,인천광역시 강화군
01,오상3리 경로당,인천광역시,강화군,35700,인천광역시 강화군 내가면 강화서로433번길6,인천광역시 강화군 내가면 오상리 104,37.73492483,126.3894881,30,인천광역시 강화군청,032-930-3366,인천강화경찰서,N,,,2025-04-17,3570000,인천광역시 강화군
01,연리능진경로당,인천광역시,강화군,35700,인천광역시 강화군 선원면 연동로 109,인천광역시 강화군 선원면 연리 514-2,37.7046335,126.505229,30,인천광역시 강화군청,032-930-3366,인천강화경찰서,N,,,2025-04-17,3570000,인천광역시 강화군
01,강화요양원,인천광역시,강화군,35700,인천광역시 강화군 하점면 인화로 28,인천광역시 강화군 하점면 신봉리 19-3,37.78436211,126.3976239,30,인천광역시 강화군청,032-930-3366,인천강화경찰서,N,,,2025-04-17,3570000,인천광역시 강화군
01,내리1리 마을회관,인천광역시,강화군,35700,인천광역시 강화군 화도면 마니산로 835-12,인천광역시 강화군 화도면 내리 594-3,37.63439084,126.4052366,30,인천광역시 강화군청,032-930-3366,인천강화경찰서,N,,,2025-04-17,3570000,인천광역시 강화군
1,차평2리 경로당,충청북도,음성군,43770,,충청북도 음성군 생극면 차평리 312-2,37.05180595,127.613381,30,충청북도 음성군청,043-871-3874,음성경찰서,N,0,7,2025-12-26,4470000,충청북도 음성군
1,천평2리 경로당,충청북도,음성군,43770,,충청북도 음성군 삼성면 천평리 78-6,36.98318255,127.514596,30,충청북도 음성군청,043-871-3874,음성경찰서,N,0,7,2025-12-26,4470000,충청북도 음성군
1,감우리 경로당,충청북도,음성군,43770,,충청북도 음성군 음성읍 감우리 193-3,36.95890542,127.6396738,30,충청북도 음성군청,043-871-3874,음성경찰서,N,0,7,2025-12-26,4470000,충청북도 음성군
1,금고2리 경로당,충청북도,음성군,43770,,충청북도 음성군 소이면 금고리 613,36.92185992,127.7431732,30,충청북도 음성군청,043-871-3874,음성경찰서,N,0,7,2025-12-26,4470000,충청북도 음성군
1,부윤1리 경로당,충청북도,음성군,43770,충청북도 음성군 대소면 대동로 537,충청북도 음성군 대소면 부윤리 143-2,36.95066197,127.5216362,30,충청북도 음성군청,043-871-3874,음성경찰서,N,0,7,2025-12-26,4470000,충청북도 음성군
1,중동3리 경로당,충청북도,음성군,43770,충청북도 음성군 소이면 중동길 162,충청북도 음성군 소이면 중동리 556-2,36.89546904,127.7800165,30,충청북도 음성군청,043-871-3874,음성경찰서,N,0,7,2025-12-26,4470000,충청북도 음성군
1,미곡1리 경로당,충청북도,음성군,43770,충청북도 음성군 대소면 한삼로87번길 167,충청북도 음성군 대소면 미곡리 산32-16,36.94028653,127.482374,30,충청북도 음성군청,043-871-3874,음성경찰서,N,0,7,2025-12-26,4470000,충청북도 음성군
1,생2리 경로당,충청북도,음성군,43770,충청북도 음성군 생극면 오신로342번길 54,충청북도 음성군 생극면 생리 609-6,37.02844723,127.6328272,30,충청북도 음성군청,043-871-3874,음성경찰서,N,0,7,2025-12-26,4470000,충청북도 음성군
1,용성3리 경로당,충청북도,음성군,43770,,충청북도 음성군 삼성면 용성리 489-7,37.015653,127.4686378,30,충청북도 음성군청,043-871-3874,음성경찰서,N,0,7,2025-12-26,4470000,충청북도 음성군
1,왕장5리 경로당,충청북도,음성군,43770,,충청북도 음성군 감곡면 왕장리 312-6,37.12891975,127.639851,30,충청북도 음성군청,043-871-3874,음성경찰서,N,0,7,2025-12-26,4470000,충청북도 음성군
1,소여2리 경로당,충청북도,음성군,43770,,충청북도 음성군 음성읍 소여리 752-2,36.94411269,127.6498024,30,충청북도 음성군청,043-871-3874,음성경찰서,N,0,7,2025-12-26,4470000,충청북도 음성군
1,운평 경로당,경상북도,상주시,47250,경상북도 상주시 낙동면 운평1길 13,경상북도 상주시 낙동면 운평리 319-1,36.371964,128.204578,30,경상북도 상주시,054-537-7552,상주경찰서,N,,,2025-12-10,5110000,경상북도 상주시
1,죽암2리 새마 경로당,경상북도,상주시,47250,경상북도 상주시 중동면 덕암로 190,경상북도 상주시 중동면 죽암리 1035-2,36.417669,128.253707,30,경상북도 상주시,054-537-7552,상주경찰서,N,,,2025-12-10,5110000,경상북도 상주시
1,회상2리 경로당,경상북도,상주시,47250,경상북도 상주시 중동면 회상5길 9,경상북도 상주시 중동면 회상리 1148-2,36.464749,128.2583741,30,경상북도 상주시,054-537-7552,상주경찰서,N,,,2025-12-10,5110000,경상북도 상주시
1,덕담3리 경로당,경상북도,상주시,47250,경상북도 상주시 사벌국면 배목길 14,경상북도 상주시 사벌국면 덕담리 1006,36.465595,128.205706,30,경상북도 상주시,054-537-7552,상주경찰서,N,,,2025-12-10,5110000,경상북도 상주시
1,신흥3리 경로당,경상북도,상주시,47250,경상북도 상주시 함창읍 용곡로 257,경상북도 상주시 함창읍 신흥리 628-6,36.54159041,128.184205,30,경상북도 상주시,054-537-7552,상주경찰서,N,,,2025-12-10,5110000,경상북도 상주시
1,금곡리 경로당,경상북도,상주시,47250,경상북도 상주시 함창읍 봉황로 367,경상북도 상주시 함창읍 금곡리 422,36.52557367,128.215317,30,경상북도 상주시,054-537-7552,상주경찰서,N,,,2025-12-10,5110000,경상북도 상주시
1,오사1리 경로당,경상북도,상주시,47250,경상북도 상주시 함창읍 오사1길 29-1,경상북도 상주시 함창읍 오사리 191-3,36.563277,128.177439,30,경상북도 상주시,054-537-7552,상주경찰서,N,,,2025-12-10,5110000,경상북도 상주시
1,거동2동 경로당,경상북도,상주시,47250,경상북도 상주시 선상서로 2462-2,경상북도 상주시 거동동 338-10,36.378646,128.1806905,30,경상북도 상주시,054-537-7552,상주경찰서,N,,,2025-12-10,5110000,경상북도 상주시
1,상오1리 서재 경로당,경상북도,상주시,47250,경상북도 상주시 화북면 상오4길 8,경상북도 상주시 화북면 상오리 120-1,36.52655081,127.937722,30,경상북도 상주시,054-537-7552,상주경찰서,N,,7,2025-12-10,5110000,경상북도 상주시
1,입석1리 회룡동 경로당,경상북도,상주시,47250,경상북도 상주시 화북면 입석3길 49,경상북도 상주시 화북면 입석리 145,36.622766,127.890876,30,경상북도 상주시,054-537-7552,상주경찰서,N,,6,2025-12-10,5110000,경상북도 상주시
1,율림리 경로당,경상북도,상주시,47250,경상북도 상주시 화서면 율림1길 8-8,경상북도 상주시 화서면 율림리 123-13,36.41419862,127.9357507,30,경상북도 상주시,054-537-7552,상주경찰서,N,,6,2025-12-10,5110000,경상북도 상주시
1,예의2리 경로당,경상북도,상주시,47250,경상북도 상주시 외서면 삼령로 337,경상북도 상주시 외서면 예의리 253,36.473971,128.005974,30,경상북도 상주시,054-537-7552,상주경찰서,N,,7,2025-12-10,5110000,경상북도 상주시
1,황령1리 경로당,경상북도,상주시,47250,경상북도 상주시 은척면 성주로 162-10,경상북도 상주시 은척면 황령리 134-3,36.533071,128.0174798,30,경상북도 상주시,054-537-7552,상주경찰서,N,,6,2025-12-10,5110000,경상북도 상주시
1,남곡1리 경로당,경상북도,상주시,47250,경상북도 상주시 은척면 성주로 527-16,경상북도 상주시 은척면 남곡리 257,36.540039,128.050097,30,경상북도 상주시,054-537-7552,상주경찰서,N,,6,2025-12-10,5110000,경상북도 상주시
1,봉중리시장 경로당,경상북도,상주시,47250,경상북도 상주시 은척면 성주로 762-1,경상북도 상주시 은척면 봉중리 470-13,36.53369262,128.073084,30,경상북도 상주시,054-537-7552,상주경찰서,N,,7,2025-12-10,5110000,경상북도 상주시
1,대한노인회 외남면 분회,경상북도,상주시,47250,경상북도 상주시 외남면 석단로 939-4,경상북도 상주시 외남면 신상리 540-1,36.358294,128.089132,30,경상북도 상주시,054-537-7552,상주경찰서,N,,6,2025-12-10,5110000,경상북도 상주시
1,입석1리 경로당,경상북도,상주시,47250,경상북도 상주시 화북면 문장로 2529,경상북도 상주시 화북면 입석리 72-3,36.62781354,127.889959,30,경상북도 상주시,054-537-7552,상주경찰서,N,,6,2025-12-10,5110000,경상북도 상주시
1,봉산동 노인회관,전라남도,여수시,46130,전라남도 여수시 봉산새철1길 9,전라남도 여수시 봉산동 564,34.736775,127.7234653,30,전라남도 여수시청,061-659-4143,여수경찰서,N,,12,2024-11-27,4810000,전라남도 여수시
1,돌산읍 상동마을 노인회관,전라남도,여수시,46130,전라남도 여수시 돌산읍 상동안길 17,전라남도 여수시 돌산읍 우두리 434,34.716744,127.775176,40,전라남도 여수시청,061-659-4143,여수경찰서,N,,8,2024-11-27,4810000,전라남도 여수시
1,돌산읍 하동마을 경로당,전라남도,여수시,46130,전라남도 여수시 돌산읍 상하동길 187,전라남도 여수시 돌산읍 우두리 207,34.714269,127.7783298,40,전라남도 여수시청,061-659-4143,여수경찰서,N,,8,2024-11-27,4810000,전라남도 여수시
1,화양면장수마을경로당,전라남도,여수시,46130,전라남도 여수시 화양면 장수로 494,전라남도 여수시 화양면 장수리 955-1,34.65165633,127.5795885,30,전라남도 여수시청,061-659-4143,여수경찰서,N,,7,2024-11-27,4810000,전라남도 여수시
1,율촌면가장문화마을경로당,전라남도,여수시,46130,,전라남도 여수시 율촌면 가장리 2002-3,34.8490798,127.5564971,30,전라남도 여수시청,061-659-4143,여수경찰서,N,,7,2024-11-27,4810000,전라남도 여수시
1,소라면장척마을경로당,전라남도,여수시,46130,전라남도 여수시 소라면 서부로 785-24,전라남도 여수시 소라면 사곡리 1198-7,34.790239,127.567961,30,전라남도 여수시청,061-659-4143,여수경찰서,N,,9,2024-11-27,4810000,전라남도 여수시
1,남면소유경로당,전라남도,여수시,46130,전라남도 여수시 남면 금오로 452,전라남도 여수시 남면 유송리 155,34.53057165,127.7662377,30,전라남도 여수시청,061-659-4143,여수경찰서,N,,8,2024-11-27,4810000,전라남도 여수시
1,돌산읍하얀연꽃요양원,전라남도,여수시,46130,전라남도 여수시 돌산읍 계동로 427,전라남도 여수시 돌산읍 평사리 310-3,34.67309545,127.7813305,30,전라남도 여수시청,061-659-4143,여수경찰서,N,,7,2024-11-27,4810000,전라남도 여수시
1,국동동여수노인복지관,전라남도,여수시,46130,전라남도 여수시 국동5길 7,전라남도 여수시 국동 688-1,34.7321186,127.7169947,30,전라남도 여수시청,061-659-4143,여수경찰서,N,,10,2024-11-27,4810000,전라남도 여수시
1,학동노인복지관,전라남도,여수시,46130,전라남도 여수시 학동서4길 58-16(학동),전라남도 여수시 학동 65,34.76373881,127.6589654,30,전라남도 여수시청,061-659-4143,여수경찰서,N,,8,2024-11-27,4810000,전라남도 여수시
1,방내2리 경로당,강원특별자치도,홍천군,51720,강원특별자치도 홍천군 내면 여차동길 531,,37.856439,128.270778,30,강원특별자치도 홍천군청,033-430-2102,홍천경찰서,N,0,7~11,2024-06-04,4251000,강원특별자치도 홍천군
1,북방1리 경로당,강원특별자치도,홍천군,51720,강원특별자치도 홍천군 북방면 성동로 1436,,37.814431,127.849041,30,강원특별자치도 홍천군청,033-430-2102,홍천경찰서,N,0,7~11,2024-06-04,4251000,강원특별자치도 홍천군
1,굴지리 경로당,강원특별자치도,홍천군,51720,강원특별자치도 홍천군 북방면 굴지강변로 605,,37.709717,127.798697,30,강원특별자치도 홍천군청,033-430-2102,홍천경찰서,N,0,7~11,2024-06-04,4251000,강원특별자치도 홍천군
1,역전평리 경로당,강원특별자치도,홍천군,51720,강원특별자치도 홍천군 북방면 팔봉산로 2222,,37.728641,127.793903,30,강원특별자치도 홍천군청,033-430-2102,홍천경찰서,N,0,7~11,2024-06-04,4251000,강원특별자치도 홍천군
1,중화계리 경로당,강원특별자치도,홍천군,51720,강원특별자치도 홍천군 북방면 두개비산로 185,,37.702893,127.867224,30,강원특별자치도 홍천군청,033-430-2102,홍천경찰서,N,0,7~11,2024-06-04,4251000,강원특별자치도 홍천군
1,화동리 경로당,강원특별자치도,홍천군,51720,강원특별자치도 홍천군 북방면 성동로 37-4,,37.709749,127.860948,30,강원특별자치도 홍천군청,033-430-2102,홍천경찰서,N,0,7~11,2024-06-04,4251000,강원특별자치도 홍천군
1,모곡1리 경로당,강원특별자치도,홍천군,51720,강원특별자치도 홍천군 서면 한서로 888,,37.673619,127.606411,30,강원특별자치도 홍천군청,033-430-2102,홍천경찰서,N,0,7~11,2024-06-04,4251000,강원특별자치도 홍천군
1,중방대리 경로당,강원특별자치도,홍천군,51720,강원특별자치도 홍천군 서면 한서로 1150,,37.654954,127.612173,30,강원특별자치도 홍천군청,033-430-2102,홍천경찰서,N,0,7~11,2024-06-04,4251000,강원특별자치도 홍천군
1,대곡2리 경로당,강원특별자치도,홍천군,51720,강원특별자치도 홍천군 서면 팔봉산로 52,,37.645701,127.651225,30,강원특별자치도 홍천군청,033-430-2102,홍천경찰서,N,0,7~11,2024-06-04,4251000,강원특별자치도 홍천군
1,팔봉2리 경로당,강원특별자치도,홍천군,51720,강원특별자치도 홍천군 서면 오도치길 273-2,,37.667429,127.706311,30,강원특별자치도 홍천군청,033-430-2102,홍천경찰서,N,0,7~11,2024-06-04,4251000,강원특별자치도 홍천군
1,어유포리 경로당,강원특별자치도,홍천군,51720,강원특별자치도 홍천군 서면 팔봉산로 1183,,37.711041,127.694439,30,강원특별자치도 홍천군청,033-430-2102,홍천경찰서,N,0,7~11,2024-06-04,4251000,강원특별자치도 홍천군
1,반곡리 경로당,강원특별자치도,홍천군,51720,강원특별자치도 홍천군 서면 감물악길 51,,37.694732,127.665825,30,강원특별자치도 홍천군청,033-430-2102,홍천경찰서,N,0,7~11,2024-06-04,4251000,강원특별자치도 홍천군
1,용수리 경로당,강원특별자치도,홍천군,51720,강원특별자치도 홍천군 남면 남노일로 727,,37.658515,127.766605,30,강원특별자치도 홍천군청,033-430-2102,홍천경찰서,N,0,7~11,2024-06-04,4251000,강원특별자치도 홍천군
1,시동3리 경로당,강원특별자치도,홍천군,51720,강원특별자치도 홍천군 남면 시동안로 302,,37.590102,127.840393,30,강원특별자치도 홍천군청,033-430-2102,홍천경찰서,N,0,7~11,2024-06-04,4251000,강원특별자치도 홍천군
1,좌운1리 경로당,강원특별자치도,홍천군,51720,강원특별자치도 홍천군 동면 금계로 1557,,37.636757,128.0154852137,30,강원특별자치도 홍천군청,033-430-2102,홍천경찰서,N,0,7~11,2024-06-04,4251000,강원특별자치도 홍천군
1,노천2리 경로당,강원특별자치도,홍천군,51720,강원특별자치도 홍천군 동면 늘목재길 49,,37.656612,128.065428,30,강원특별자치도 홍천군청,033-430-2102,홍천경찰서,N,0,7~11,2024-06-04,4251000,강원특별자치도 홍천군
1,개운리 경로당,강원특별자치도,홍천군,51720,강원특별자치도 홍천군 동면 월운로 247-4,,37.658219,127.9297028150,30,강원특별자치도 홍천군청,033-430-2102,홍천경찰서,N,0,7~11,2024-06-04,4251000,강원특별자치도 홍천군
1,후동리 경로당,강원특별자치도,홍천군,51720,강원특별자치도 홍천군 동면 후동길 106,,37.6513311592,127.935029,30,강원특별자치도 홍천군청,033-430-2102,홍천경찰서,N,0,7~11,2024-06-04,4251000,강원특별자치도 홍천군
1,월운리 경로당,강원특별자치도,홍천군,51720,강원특별자치도 홍천군 동면 월운로 461,,37.641971,127.9299600920,30,강원특별자치도 홍천군청,033-430-2102,홍천경찰서,N,0,7~11,2024-06-04,4251000,강원특별자치도 홍천군
1,삼현리 경로당,강원특별자치도,홍천군,51720,강원특별자치도 홍천군 동면 방량로 277,,37.661463,127.913213,30,강원특별자치도 홍천군청,033-430-2102,홍천경찰서,N,0,7~11,2024-06-04,4251000,강원특별자치도 홍천군
1,덕치리 경로당,강원특별자치도,홍천군,51720,강원특별자치도 홍천군 동면 수타사로 148,,37.6901792076,127.9381033822,30,강원특별자치도 홍천군청,033-430-2102,홍천경찰서,N,0,7~11,2024-06-04,4251000,강원특별자치도 홍천군
1,속초1리 경로당,강원특별자치도,홍천군,51720,강원특별자치도 홍천군 동면 공작산로 514,,37.677464,127.9368240444,30,강원특별자치도 홍천군청,033-430-2102,홍천경찰서,N,0,7~11,2024-06-04,4251000,강원특별자치도 홍천군
1,수하2리 경로당,강원특별자치도,홍천군,51720,강원특별자치도 홍천군 서석면 행치령로 773,,37.764333,128.1742499213,30,강원특별자치도 홍천군청,033-430-2102,홍천경찰서,N,0,7~11,2024-06-04,4251000,강원특별자치도 홍천군
1,수하1리 경로당,강원특별자치도,홍천군,51720,강원특별자치도 홍천군 서석면 행치령로 448-3,,37.746453,128.158641,30,강원특별자치도 홍천군청,033-430-2102,홍천경찰서,N,0,7~11,2024-06-04,4251000,강원특별자치도 홍천군
1,어론2리 경로당,강원특별자치도,홍천군,51720,강원특별자치도 홍천군 서석면 공작산로 2849,,37.717815,128.144185,30,강원특별자치도 홍천군청,033-430-2102,홍천경찰서,N,0,7~11,2024-06-04,4251000,강원특별자치도 홍천군
1,청량1리 경로당,강원특별자치도,홍천군,51720,강원특별자치도 홍천군 서석면 청량로 22,,37.687958,128.1907751298,30,강원특별자치도 홍천군청,033-430-2102,홍천경찰서,N,0,7~11,2024-06-04,4251000,강원특별자치도 홍천군
1,상군두리 경로당,강원특별자치도,홍천군,51720,강원특별자치도 홍천군 서석면 군두리길 200,,37.699472,128.212689,30,강원특별자치도 홍천군청,033-430-2102,홍천경찰서,N,0,7~11,2024-06-04,4251000,강원특별자치도 홍천군
1,생곡2리 경로당,강원특별자치도,홍천군,51720,강원특별자치도 홍천군 서석면 피리골길 259-4,,37.680322,128.235372,30,강원특별자치도 홍천군청,033-430-2102,홍천경찰서,N,0,7~11,2024-06-04,4251000,강원특별자치도 홍천군
1,생곡1리 경로당,강원특별자치도,홍천군,51720,강원특별자치도 홍천군 서석면 구룡령로 2971-5,,37.698373,128.229407,30,강원특별자치도 홍천군청,033-430-2102,홍천경찰서,N,0,7~11,2024-06-04,4251000,강원특별자치도 홍천군
1,도관3리 경로당,강원특별자치도,홍천군,51720,강원특별자치도 홍천군 내촌면 내촌큰골길 59,,37.820518,128.088708,30,강원특별자치도 홍천군청,033-430-2102,홍천경찰서,N,0,7~11,2024-06-04,4251000,강원특별자치도 홍천군
1,도관2리 경로당,강원특별자치도,홍천군,51720,강원특별자치도 홍천군 내촌면 광석로 109,,37.823584,128.095827,30,강원특별자치도 홍천군청,033-430-2102,홍천경찰서,N,0,7~11,2024-06-04,4251000,강원특별자치도 홍천군
1,자은2리 경로당,강원특별자치도,홍천군,51720,강원특별자치도 홍천군 두촌면 증골길 79,,37.870623,128.026159,30,강원특별자치도 홍천군청,033-430-2102,홍천경찰서,N,0,7~11,2024-06-04,4251000,강원특별자치도 홍천군
1,천현2리 경로당,강원특별자치도,홍천군,51720,강원특별자치도 홍천군 두촌면 가리산길 192,,37.848797,128.002353,30,강원특별자치도 홍천군청,033-430-2102,홍천경찰서,N,0,7~11,2024-06-04,4251000,강원특별자치도 홍천군
1,천현1리 경로당,강원특별자치도,홍천군,51720,강원특별자치도 홍천군 두촌면 경수길 101,,37.863432,128.029952,30,강원특별자치도 홍천군청,033-430-2102,홍천경찰서,N,0,7~11,2024-06-04,4251000,강원특별자치도 홍천군
1,장평2리 경로당,강원특별자치도,홍천군,51720,강원특별자치도 홍천군 화촌면 구룡령로 1171-5,,37.750241,128.057046,30,강원특별자치도 홍천군청,033-430-2102,홍천경찰서,N,0,7~11,2024-06-04,4251000,강원특별자치도 홍천군
1,장평1리 경로당,강원특별자치도,홍천군,51720,강원특별자치도 홍천군 화촌면 삼밭골길 7,,37.742946,128.088728,30,강원특별자치도 홍천군청,033-430-2102,홍천경찰서,N,0,7~11,2024-06-04,4251000,강원특별자치도 홍천군
1,군업2리 경로당,강원특별자치도,홍천군,51720,강원특별자치도 홍천군 화촌면 구룡령로 579-4,,37.753924,128.001216,30,강원특별자치도 홍천군청,033-430-2102,홍천경찰서,N,0,7~11,2024-06-04,4251000,강원특별자치도 홍천군
1,주음치리 경로당,강원특별자치도,홍천군,51720,강원특별자치도 홍천군 화촌면 주음치로 133,,37.783519,127.987934,30,강원특별자치도 홍천군청,033-430-2102,홍천경찰서,N,0,7~11,2024-06-04,4251000,강원특별자치도 홍천군
1,야시대2리 경로당,강원특별자치도,홍천군,51720,강원특별자치도 홍천군 화촌면 야시대로 628-11,,37.8181756225,127.963265,30,강원특별자치도 홍천군청,033-430-2102,홍천경찰서,N,0,7~11,2024-06-04,4251000,강원특별자치도 홍천군
1,내삼포리 경로당,강원특별자치도,홍천군,51720,강원특별자치도 홍천군 화촌면 구룡령로 287-6,,37.7555298708,127.9711601422,30,강원특별자치도 홍천군청,033-430-2102,홍천경찰서,N,0,7~11,2024-06-04,4251000,강원특별자치도 홍천군
1,외삼포1리 경로당,강원특별자치도,홍천군,51720,강원특별자치도 홍천군 화촌면 삼포4길 3,,37.754902,127.960519,30,강원특별자치도 홍천군청,033-430-2102,홍천경찰서,N,0,7~11,2024-06-04,4251000,강원특별자치도 홍천군
1,굴운리 경로당,강원특별자치도,홍천군,51720,강원특별자치도 홍천군 화촌면 굴운로 78,,37.736127,127.9479203603,30,강원특별자치도 홍천군청,033-430-2102,홍천경찰서,N,0,7~11,2024-06-04,4251000,강원특별자치도 홍천군
1,송정리 경로당,강원특별자치도,홍천군,51720,강원특별자치도 홍천군 화촌면 홍천로 1060-4,,37.734357,127.936936,30,강원특별자치도 홍천군청,033-430-2102,홍천경찰서,N,0,7~11,2024-06-04,4251000,강원특별자치도 홍천군
1,삼마치2리 경로당,강원특별자치도,홍천군,51720,강원특별자치도 홍천군 홍천읍 높은터로 845,,37.606161,127.874375,30,강원특별자치도 홍천군청,033-430-2102,홍천경찰서,N,0,7~11,2024-06-04,4251000,강원특별자치도 홍천군
1,하오안2리(오안) 경로당,강원특별자치도,홍천군,51720,강원특별자치도 홍천군 홍천읍 오안로 155,,37.666267,127.839808,30,강원특별자치도 홍천군청,033-430-2102,홍천경찰서,N,0,7~11,2024-06-04,4251000,강원특별자치도 홍천군
1,와동2리 경로당,강원특별자치도,홍천군,51720,강원특별자치도 홍천군 홍천읍 와동로 218-1,,37.725706,127.944589,30,강원특별자치도 홍천군청,033-430-2102,홍천경찰서,N,0,7~11,2024-06-04,4251000,강원특별자치도 홍천군
1,와동1리 경로당,강원특별자치도,홍천군,51720,강원특별자치도 홍천군 홍천읍 와동로34번길 10,,37.7175924341,127.926527,30,강원특별자치도 홍천군청,033-430-2102,홍천경찰서,N,0,7~11,2024-06-04,4251000,강원특별자치도 홍천군
1,희망8리 경로당,강원특별자치도,홍천군,51720,강원특별자치도 홍천군 홍천읍 너브내길 59,,37.688315,127.885808,30,강원특별자치도 홍천군청,033-430-2102,홍천경찰서,N,0,7~11,2024-06-04,4251000,강원특별자치도 홍천군
1,신장대3리 경로당,강원특별자치도,홍천군,51720,강원특별자치도 홍천군 홍천읍 너브내길 121,,37.6915004667,127.891354,30,강원특별자치도 홍천군청,033-430-2102,홍천경찰서,N,0,7~11,2024-06-04,4251000,강원특별자치도 홍천군
1,진3리 경로당,강원특별자치도,홍천군,51720,강원특별자치도 홍천군 홍천읍 너브내길 121,,37.6915004667,127.891338,30,강원특별자치도 홍천군청,033-430-2102,홍천경찰서,N,0,7~11,2024-06-04,4251000,강원특별자치도 홍천군
1,광암리 마을회관,강원특별자치도,홍천군,51720,강원특별자치도 홍천군 내촌면 광석로 484,,37.851674,128.102986,30,강원특별자치도 홍천군청,033-430-2102,홍천경찰서,N,0,7~11,2024-06-04,4251000,강원특별자치도 홍천군
1,자운1리 경로당(운두령),강원특별자치도,홍천군,51720,강원특별자치도 홍천군 내면 운두령로 506,,37.718737,128.419497,30,강원특별자치도 홍천군청,033-430-2102,홍천경찰서,N,0,7~11,2024-06-04,4251000,강원특별자치도 홍천군
1,태학리 경로당,강원특별자치도,홍천군,51720,강원특별자치도 홍천군 홍천읍 홍천로 634,,37.705319,127.906867,30,강원특별자치도 홍천군청,033-430-2102,홍천경찰서,N,0,7~11,2024-06-04,4251000,강원특별자치도 홍천군
1,본궁리 경로당,강원특별자치도,홍천군,51720,강원특별자치도 홍천군 북방면 팔봉산로 2350,,37.732948,127.805717,30,강원특별자치도 홍천군청,033-430-2102,홍천경찰서,N,0,7~11,2024-06-04,4251000,강원특별자치도 홍천군
1,성동2리 경로당,강원특별자치도,홍천군,51720,강원특별자치도 홍천군 북방면 생태공원길 2,,37.738433,127.878158,30,강원특별자치도 홍천군청,033-430-2102,홍천경찰서,N,0,7~11,2024-06-04,4251000,강원특별자치도 홍천군
1,대곡1리 경로당,강원특별자치도,홍천군,51720,강원특별자치도 홍천군 서면 한서로 1780,,37.635146,127.648127,30,강원특별자치도 홍천군청,033-430-2102,홍천경찰서,N,0,7~11,2024-06-04,4251000,강원특별자치도 홍천군
1,굴업리 경로당,강원특별자치도,홍천군,51720,강원특별자치도 홍천군 서면 한서로 2157,,37.615476,127.673403,30,강원특별자치도 홍천군청,033-430-2102,홍천경찰서,N,0,7~11,2024-06-04,4251000,강원특별자치도 홍천군
1,야시대1리 벌촌경로당,강원특별자치도,홍천군,51720,강원특별자치도 홍천군 화촌면 야시대로 368,,37.799693,127.960787,30,강원특별자치도 홍천군청,033-430-2102,홍천경찰서,N,0,7~11,2024-06-04,4251000,강원특별자치도 홍천군
1,자운2리 경로당,강원특별자치도,홍천군,51720,강원특별자치도 홍천군 내면 구룡령로 4902,,37.750139,128.372365,30,강원특별자치도 홍천군청,033-430-2102,홍천경찰서,N,0,7~11,2024-06-04,4251000,강원특별자치도 홍천군
1,자운1리 경로당,강원특별자치도,홍천군,51720,강원특별자치도 홍천군 내면 운두령로 755-1,,37.735419,128.401476,30,강원특별자치도 홍천군청,033-430-2102,홍천경찰서,N,0,7~11,2024-06-04,4251000,강원특별자치도 홍천군
1,동막리 경로당,강원특별자치도,홍천군,51720,강원특별자치도 홍천군 서면 한서로 323,,37.667497,127.575675,30,강원특별자치도 홍천군청,033-430-2102,홍천경찰서,N,0,7~11,2024-06-04,4251000,강원특별자치도 홍천군
1,속초2리 경로당,강원특별자치도,홍천군,51720,강원특별자치도 홍천군 동면 공작산로 672,,37.675616,127.954445,30,강원특별자치도 홍천군청,033-430-2102,홍천경찰서,N,0,7~11,2024-06-04,4251000,강원특별자치도 홍천군
1,와야2리 경로당,강원특별자치도,홍천군,51720,강원특별자치도 홍천군 내촌면 장수원로 866-4,,37.801586,128.130052,30,강원특별자치도 홍천군청,033-430-2102,홍천경찰서,N,0,7~11,2024-06-04,4251000,강원특별자치도 홍천군
1,용촌2리 경로당,충청북도,음성군,43770,충청북도 음성군 맹동면 봉현로31번길 10,충청북도 음성군 맹동면 용촌리 330-7,36.93790472,127.5249713,30,충청북도 음성군청,043-871-3874,음성경찰서,N,0,7,2025-12-26,4470000,충청북도 음성군
1,오류4리 마을회관,충청북도,음성군,43770,,충청북도 음성군 대소면 오류리 30-91,36.97988547,127.4814893,30,충청북도 음성군청,043-871-3874,음성경찰서,N,0,7,2025-12-26,4470000,충청북도 음성군
1,내산1리 경로당,충청북도,음성군,43770,,충청북도 음성군 대소면 내산리 483-1,36.94983885,127.4480321,30,충청북도 음성군청,043-871-3874,음성경찰서,N,0,7,2025-12-26,4470000,충청북도 음성군
1,원당3리 경로당,충청북도,음성군,43770,충청북도 음성군 감곡면 감노로47,,37.07690593,127.6249614,30,충청북도 음성군청,043-871-3874,음성경찰서,N,0,7,2025-12-26,4470000,충청북도 음성군
1,용성3리 경로당,충청북도,음성군,43770,충청북도 음성군 청용로365번길6,,37.016398,127.468909,30,충청북도 음성군청,043-871-3874,음성경찰서,N,0,7,2025-12-26,4470000,충청북도 음성군
1,신양2리 경로당,충청북도,음성군,43770,충청북도 음성군 생극면 음성로 1722,,37.04020264,127.6041403,30,충청북도 음성군청,043-871-3874,음성경찰서,N,0,7,2025-12-26,4470000,충청북도 음성군
1,보룡2리 경로당,충청북도,음성군,43770,충청북도 음성군 원남면 보덕로 78번길 8-3,,36.88590638,127.655925,30,충청북도 음성군청,043-871-3874,음성경찰서,N,0,7,2025-12-26,4470000,충청북도 음성군
1,성산2리 경로당,강원특별자치도,홍천군,51720,강원특별자치도 홍천군 화촌면 야시대로 127,,37.786547,127.973687,30,강원특별자치도 홍천군청,033-430-2102,홍천경찰서,N,0,7~11,2024-06-04,4251000,강원특별자치도 홍천군
1,갈마곡1리 경로당,강원특별자치도,홍천군,51720,강원특별자치도 홍천군 홍천읍 큰골길 18,,37.698477,127.895372,30,강원특별자치도 홍천군청,033-430-2102,홍천경찰서,N,0,7~11,2024-06-04,4251000,강원특별자치도 홍천군
1,유치2리 경로당,강원특별자치도,홍천군,51720,강원특별자치도 홍천군 남면 시동로 1006,,37.586847,127.865343,30,강원특별자치도 홍천군청,033-430-2102,홍천경찰서,N,0,7~11,2024-06-04,4251000,강원특별자치도 홍천군
1,유치1리 경로당,강원특별자치도,홍천군,51720,강원특별자치도 홍천군 남면 시동안로 372,,37.590421,127.847989,30,강원특별자치도 홍천군청,033-430-2102,홍천경찰서,N,0,7~11,2024-06-04,4251000,강원특별자치도 홍천군
1,북방2리 경로당,강원특별자치도,홍천군,51720,강원특별자치도 홍천군 북방면 성동로 1007,,37.782253,127.870121,30,강원특별자치도 홍천군청,033-430-2102,홍천경찰서,N,0,7~11,2024-06-04,4251000,강원특별자치도 홍천군
1,성동1리 경로당,강원특별자치도,홍천군,51720,강원특별자치도 홍천군 북방면 성동로 732,,37.760562,127.882543,30,강원특별자치도 홍천군청,033-430-2102,홍천경찰서,N,0,7~11,2024-06-04,4251000,강원특별자치도 홍천군
1,구만리 경로당,강원특별자치도,홍천군,51720,강원특별자치도 홍천군 북방면 팔봉산로 1450,,37.720678,127.718582,30,강원특별자치도 홍천군청,033-430-2102,홍천경찰서,N,0,7~11,2024-06-04,4251000,강원특별자치도 홍천군
1,원동1리 경로당,강원특별자치도,홍천군,51720,강원특별자치도 홍천군 두촌면 원동조교로 75,,37.887645,128.019419,30,강원특별자치도 홍천군청,033-430-2102,홍천경찰서,N,0,7~11,2024-06-04,4251000,강원특별자치도 홍천군
1,율전2리 경로당,강원특별자치도,홍천군,51720,강원특별자치도 홍천군 내면 살둔길 1,,37.83289962,128.372272,30,강원특별자치도 홍천군청,033-430-2102,홍천경찰서,N,0,7~11,2024-06-04,4251000,강원특별자치도 홍천군
1,화전3리 경로당,강원특별자치도,홍천군,51720,강원특별자치도 홍천군 남면 한서로 3024-1,,37.598776,127.738621,30,강원특별자치도 홍천군청,033-430-2102,홍천경찰서,N,0,7~11,2024-06-04,4251000,강원특별자치도 홍천군
1,도관1리 경로당,강원특별자치도,홍천군,51720,강원특별자치도 홍천군 내촌면 아홉사리로 1141-1,,37.815832,128.089243,30,강원특별자치도 홍천군청,033-430-2102,홍천경찰서,N,0,7~11,2024-06-04,4251000,강원특별자치도 홍천군
1,풍천2리 경로당,강원특별자치도,홍천군,51720,강원특별자치도 홍천군 화촌면 가락재로 409-4,,37.818265,127.898726,30,강원특별자치도 홍천군청,033-430-2102,홍천경찰서,N,0,7~11,2024-06-04,4251000,강원특별자치도 홍천군
1,구성포1리경로당,강원특별자치도,홍천군,51720,강원특별자치도 홍천군 화촌면 가락재로 1587,,37.752309,127.941221,30,강원특별자치도 홍천군청,033-430-2102,홍천경찰서,N,0,7~11,2024-06-04,4251000,강원특별자치도 홍천군
1,광원1리 경로당,강원특별자치도,홍천군,51720,강원특별자치도 홍천군 내면 구룡령로 6396,,37.828945,128.444892,30,강원특별자치도 홍천군청,033-430-2102,홍천경찰서,N,0,7~11,2024-06-04,4251000,강원특별자치도 홍천군
1,물걸2리 경로당,강원특별자치도,홍천군,51720,강원특별자치도 홍천군 내촌면 장수원로 573,,37.780058,128.129159,30,강원특별자치도 홍천군청,033-430-2102,홍천경찰서,N,0,7~11,2024-06-04,4251000,강원특별자치도 홍천군
1,방내3리경로당,강원특별자치도,홍천군,51720,강원특별자치도 홍천군 내면 방내로 641,,37.785875,128.276707,30,강원특별자치도 홍천군청,033-430-2102,홍천경찰서,N,0,7~11,2024-06-04,4251000,강원특별자치도 홍천군
1,어론1리경로당,강원특별자치도,홍천군,51720,강원특별자치도 홍천군 서석면 용두안길 8,,37.724294,128.167796,30,강원특별자치도 홍천군청,033-430-2102,홍천경찰서,N,0,7~11,2024-06-04,4251000,강원특별자치도 홍천군
02,성모복지원,충청남도,아산시,45200,충청남도 아산시 영인면 신정리길 189,충청남도 아산시 영인면 성내리 42-6,36.87499639,127.0097345,30,충청남도 아산시청,041-540-2737,충남아산경찰서,N,0,7,2025-05-12,4520000,충청남도 아산시
1,유계1리 마을회관,충청남도,서산시,44210,충청남도 서산시 음암면 유계1길 103-25,,36.7658572,126.5209857,30,충청남도 서산시청,041-660-2735,서산경찰서,N,,,2025-04-23,4530000,충청남도 서산시
1,삼송2리 경로당,충청남도,서산시,44210,충청남도 서산시 해미면 삼송솔티길 18-4,,36.7422525,126.5578663,30,충청남도 서산시청,041-660-2735,서산경찰서,N,,,2025-04-23,4530000,충청남도 서산시
1,대요1리 마을회관,충청남도,서산시,44210,충청남도 서산시 지곡면 대요한우물길 17,,36.89170192,126.4381231,30,충청남도 서산시청,041-660-2735,서산경찰서,N,,,2025-04-23,4530000,충청남도 서산시
1,장현2리 경로당,충청남도,서산시,44210,충청남도 서산시 지곡면 문현로 606,,36.8569112,126.4078161,30,충청남도 서산시청,041-660-2735,서산경찰서,N,,,2025-04-23,4530000,충청남도 서산시
1,중왕2리 경로당,충청남도,서산시,44210,충청남도 서산시 지곡면 중왕2길 1,,36.87381284,126.3795089,30,충청남도 서산시청,041-660-2735,서산경찰서,N,,,2025-04-23,4530000,충청남도 서산시
1,고색동 경로당,충청남도,서산시,44210,충청남도 서산시 운산면 고풍2길 2,,36.77768708,126.6135276,30,충청남도 서산시청,041-660-2735,서산경찰서,N,,,2025-04-23,4530000,충청남도 서산시
1,고풍 경로당,충청남도,서산시,44210,충청남도 서산시 운산면 고풍1길 6,,36.774853,126.6270962,30,충청남도 서산시청,041-660-2735,서산경찰서,N,,,2025-04-23,4530000,충청남도 서산시
1,호2리 경로당,충청남도,서산시,44210,충청남도 서산시 팔봉면 범머리길 186,,36.84230253,126.3331214,30,충청남도 서산시청,041-660-2735,서산경찰서,N,,,2025-04-23,4530000,충청남도 서산시
1,호3리 경로당,충청남도,서산시,44210,충청남도 서산시 팔봉면 팔봉1로 736-3,,36.82861191,126.328644,30,충청남도 서산시청,041-660-2735,서산경찰서,N,,,2025-04-23,4530000,충청남도 서산시
1,고남2리 여자경로당,충청남도,서산시,44210,충청남도 서산시 성면면 가재미길 122,,36.819245,126.432113,30,충청남도 서산시청,041-660-2735,서산경찰서,N,,,2025-04-23,4530000,충청남도 서산시
1,온석동 충효회관,충청남도,서산시,44210,충청남도 서산시 동문동 서령로 298,,36.803079,126.473985,30,충청남도 서산시청,041-660-2735,서산경찰서,N,,,2025-04-23,4530000,충청남도 서산시
1,샤론노인요양원,충청남도,서산시,44210,충청남도 서산시 고북면 고수관로 596-6,,36.67203849,126.5418114,30,충청남도 서산시청,041-660-2735,서산경찰서,N,,,2025-04-23,4530000,충청남도 서산시
1,산동1리 마을회관,충청남도,서산시,44210,충청남도 서산시 인지면 산저1길 41,,36.72000554,126.4208313,30,충청남도 서산시청,041-660-2735,서산경찰서,N,,,2025-04-23,4530000,충청남도 서산시
1,남정2리 경로당,충청남도,서산시,44210,충청남도 서산시 고북면 고북3로 307,,36.68588321,126.5148853,30,충청남도 서산시청,041-660-2735,서산경찰서,N,,,2025-04-23,4530000,충청남도 서산시
1,강수1리 장천경로당,충청남도,서산시,44210,충청남도 서산시 부석면 강경벌로 377,,36.7445227,126.3761511,30,충청남도 서산시청,041-660-2735,서산경찰서,N,,,2025-04-23,4530000,충청남도 서산시
1,장2통 경로당,충청남도,서산시,44210,충청남도 서산시 석남동 낫머리길 130-6,,36.738229,126.479827,30,충청남도 서산시청,041-660-2735,서산경찰서,N,,,2025-04-23,4530000,충청남도 서산시
1,예천1통 경로당,충청남도,서산시,44210,충청남도 서산시 석남동 여전중앙길 108,,36.762846,126.442535,30,충청남도 서산시청,041-660-2735,서산경찰서,N,,,2025-04-23,4530000,충청남도 서산시
1,석남4통 경로당,충청남도,서산시,44210,충청남도 서산시 석남동 동서1로 152-12,,36.767559,126.4537614,30,충청남도 서산시청,041-660-2735,서산경찰서,N,,,2025-04-23,4530000,충청남도 서산시
1,갈산2리 경로당,충청남도,서산시,44210,충청남도 서산시 운산면 회선동1길 123,,36.80502453,126.5782361,30,충청남도 서산시청,041-660-2735,서산경찰서,N,,,2025-04-23,4530000,충청남도 서산시
1,갈현2리 경로당,충청남도,서산시,44210,충청남도 서산시 성연면 두치로 279-1,,36.824307,126.4808261,30,충청남도 서산시청,041-660-2735,서산경찰서,N,,,2025-04-23,4530000,충청남도 서산시
1,갈현1리 경로당,충청남도,서산시,44210,충청남도 서산시 성연면 두치로 132,,36.8276613,126.4677653,30,충청남도 서산시청,041-660-2735,서산경찰서,N,,,2025-04-23,4530000,충청남도 서산시
1,예덕3리 경로당,충청남도,서산시,44210,충청남도 서산시 성연면 솔예로 353,,36.86519583,126.4994039,30,충청남도 서산시청,041-660-2735,서산경찰서,N,,,2025-04-23,4530000,충청남도 서산시
1,예덕2리 경로당,충청남도,서산시,44210,충청남도 서산시 성연면 솔예로 244,,36.85541624,126.4999299,30,충청남도 서산시청,041-660-2735,서산경찰서,N,,,2025-04-23,4530000,충청남도 서산시
1,예덕1리 경로당,충청남도,서산시,44210,충청남도 서산시 성연면 솔예로 150,,36.847017,126.5001358,30,충청남도 서산시청,041-660-2735,서산경찰서,N,,,2025-04-23,4530000,충청남도 서산시
1,일람 3리 경로당,충청남도,서산시,44210,충청남도 서산시 성연면 사연동로 19,,36.81893481,126.4419727,30,충청남도 서산시청,041-660-2735,서산경찰서,N,,,2025-04-23,4530000,충청남도 서산시
1,흑석1리 경로당,충청남도,서산시,44210,충청남도 서산시 팔봉면 흑석중앙길 7,,36.84573532,126.3764333,30,충청남도 서산시청,041-660-2735,서산경찰서,N,,,2025-04-23,4530000,충청남도 서산시
1,대황1리 경로당,충청남도,서산시,44210,충청남도 서산시 팔봉면 문현로 94,,36.83293553,126.3746615,30,충청남도 서산시청,041-660-2735,서산경찰서,N,,,2025-04-23,4530000,충청남도 서산시
1,덕송2리 경로당,충청남도,서산시,44210,충청남도 서산시 팔봉면 팔봉1로 531,,36.8217501,126.3441064,30,충청남도 서산시청,041-660-2735,서산경찰서,N,,,2025-04-23,4530000,충청남도 서산시
1,금학2리 경로당,충청남도,서산시,44210,충청남도 서산시 팔봉면 한월당로 596,,36.8154286,126.390602,30,충청남도 서산시청,041-660-2735,서산경찰서,N,,,2025-04-23,4530000,충청남도 서산시
1,어송3리 경로당,충청남도,서산시,44210,충청남도 서산시 팔봉면 팔봉1로 180,,36.79651504,126.3600322,30,충청남도 서산시청,041-660-2735,서산경찰서,N,,,2025-04-23,4530000,충청남도 서산시
1,입석2리(장담) 경로당,경상북도,상주시,47250,경상북도 상주시 화북면 문장로 2829,경상북도 상주시 화북면 입석리 89,36.652817,127.878804,30,경상북도 상주시,054-537-7552,상주경찰서,N,,6,2025-12-10,5110000,경상북도 상주시
1,황령2리 경로당,경상북도,상주시,47250,경상북도 상주시 은척면 황령길 56-3,경상북도 상주시 은척면 황령리 784,36.52804934,128.0034521,30,경상북도 상주시,054-537-7552,상주경찰서,N,,6,2025-12-10,5110000,경상북도 상주시
1,화동 이소1리 노인회관,경상북도,상주시,47250,경상북도 상주시 화동면 이소3길 11,경상북도 상주시 화동면 이소리 427-1,36.38796525,127.9500985,30,경상북도 상주시,054-537-7552,상주경찰서,N,,6,2025-12-10,5110000,경상북도 상주시
1,외서 가곡 노인회관,경상북도,상주시,47250,경상북도 상주시 외서면 가곡4길 34,경상북도 상주시 외서면 가곡리 612-7,36.48405084,128.0924587,30,경상북도 상주시,054-537-7552,상주경찰서,N,,8,2025-12-10,5110000,경상북도 상주시
1,낙동 신오 노인회관,경상북도,상주시,47250,경상북도 상주시 낙동면 선상서로 1425,경상북도 상주시 낙동면 신오리 210-3,36.31793201,128.2176152,30,경상북도 상주시,054-537-7552,상주경찰서,N,,7,2025-12-10,5110000,경상북도 상주시
1,인평동 노인회관,경상북도,상주시,47250,경상북도 상주시 선상서로 2669,경상북도 상주시 인평동 160-3,36.394921,128.1722517,30,경상북도 상주시,054-537-7552,상주경찰서,N,,7,2025-12-10,5110000,경상북도 상주시
1,상주시 노인회관,경상북도,상주시,47250,경상북도 상주시 상서문3길 127,경상북도 상주시 남성동 14-5,36.41458714,128.158432,30,경상북도 상주시,054-537-7552,상주경찰서,N,,6,2025-12-10,5110000,경상북도 상주시
1,아천1리 노인회관,경상북도,상주시,47250,경상북도 상주시 이안면 무운로 1035-4,경상북도 상주시 이안면 아천리 255,36.5619523,128.1046935,30,경상북도 상주시,054-537-7552,상주경찰서,N,,8,2025-12-10,5110000,경상북도 상주시
1,우산1리 노인회관,경상북도,상주시,47250,경상북도 상주시 외서면 우산로 996,경상북도 상주시 외서면 우산리 50-6,36.488353,128.0711642,30,경상북도 상주시,054-537-7552,상주경찰서,N,,7,2025-12-10,5110000,경상북도 상주시
1,장암2리 노인회관,경상북도,상주시,47250,경상북도 상주시 화북면 장암늘티1길 2,경상북도 상주시 화북면 장암리 785-1,36.58536716,127.9049437,30,경상북도 상주시,054-537-7552,상주경찰서,N,,8,2025-12-10,5110000,경상북도 상주시
1,득수2리 노인회관,경상북도,상주시,47250,경상북도 상주시 모서면 백화로 802,경상북도 상주시 모서면 득수리 184-3,36.335266,127.9024831,30,경상북도 상주시,054-537-7552,상주경찰서,N,,8,2025-12-10,5110000,경상북도 상주시
1,평지2리 노인회관,경상북도,상주시,47250,경상북도 상주시 내서면 영남제일로 2883-3,경상북도 상주시 내서면 평지리 68,36.39654641,128.0464151,30,경상북도 상주시,054-537-7552,상주경찰서,N,,6,2025-12-10,5110000,경상북도 상주시
1,소은2리 노인회관,경상북도,상주시,47250,경상북도 상주시 외남면 석단로 1193,경상북도 상주시 외남면 소은리 221-2,36.372268,128.1080891,30,경상북도 상주시,054-537-7552,상주경찰서,N,,6,2025-12-10,5110000,경상북도 상주시
1,청하2리 노인회관,경상북도,상주시,47250,경상북도 상주시 청리면 수선로 93,경상북도 상주시 청리면 청하리 560,36.329748,128.1338193,30,경상북도 상주시,054-537-7552,상주경찰서,N,,7,2025-12-10,5110000,경상북도 상주시
1,승곡리 노인회관,경상북도,상주시,47250,경상북도 상주시 낙동면 선상서로 1983,경상북도 상주시 낙동면 승곡리 137-3,36.36116233,128.2266086,30,경상북도 상주시,054-537-7552,상주경찰서,N,,6,2025-12-10,5110000,경상북도 상주시
1,매호2리 노인회관,경상북도,상주시,47250,경상북도 상주시 사벌국면 상풍로 984,경상북도 상주시 사벌국면 매협리 735-1,36.49191409,128.2552726,30,경상북도 상주시,054-537-7552,상주경찰서,N,,9,2025-12-10,5110000,경상북도 상주시
1,운산1리 경로당,충청남도,서산시,44210,충청남도 서산시 대산읍 망일산로 622-701,,36.954448,126.451589,30,충청남도 서산시청,041-660-2735,서산경찰서,N,,,2025-04-23,4530000,충청남도 서산시
1,도성3리 마을회관,충청남도,서산시,44210,충청남도 서산시 지곡면 도성1길 19,,36.88410312,126.4118122,30,충청남도 서산시청,041-660-2735,서산경찰서,N,,,2025-04-23,4530000,충청남도 서산시
1,사기리 경로당,충청남도,서산시,44210,충청남도 서산시 고북면 고북4로 467,,36.65212464,126.4903187,30,충청남도 서산시청,041-660-2735,서산경찰서,N,,,2025-04-23,4530000,충청남도 서산시
1,신정2리 마을회관,충청남도,서산시,44210,충청남도 서산시 고북면 신정2로 114,,36.69730443,126.5075098,30,충청남도 서산시청,041-660-2735,서산경찰서,N,,,2025-04-23,4530000,충청남도 서산시
1,잠홍2통 마을회관,충청남도,서산시,44210,충청남도 서산시 동문동 잠곡3길 93,,36.784656,126.458669,30,충청남도 서산시청,041-660-2735,서산경찰서,N,,,2025-04-23,4530000,충청남도 서산시
1,동문41통 경로당,충청남도,서산시,44210,충청남도 서산시 동문동 학동11로 24,,36.7854828,126.462194,30,충청남도 서산시청,041-660-2735,서산경찰서,N,,,2025-04-23,4530000,충청남도 서산시
1,양대3통 마을회관,충청남도,서산시,44210,충청남도 서산시 석남동 양대9길 1,,36.730996,126.448327,30,충청남도 서산시청,041-660-2735,서산경찰서,N,,,2025-04-23,4530000,충청남도 서산시
1,성암리 마을회관,충청남도,서산시,44210,충청남도 서산시 음암면 진뫼길 141-17,,36.77543009,126.5252732,30,충청남도 서산시청,041-660-2735,서산경찰서,N,,,2025-04-23,4530000,충청남도 서산시
1,문양1리 마을회관,충청남도,서산시,44210,충청남도 서산시 음암면 문양1길 252,,36.8339973542,126.5125073166,30,충청남도 서산시청,041-660-2735,서산경찰서,N,,,2025-04-23,4530000,충청남도 서산시
1,덕적리 경로당,강원특별자치도,인제군,51810,강원특별자치도 인제군 인제읍 한석산로 732,강원특별자치도 인제군 인제읍 덕적리 428-7,38.077376162,128.2469732518,30,강원특별자치도 인제군,033-460-4212,인제경찰서,N,0,6~8,2025-06-18,4331000,강원특별자치도 인제군
1,서화2리 경로당,강원특별자치도,인제군,51810,강원특별자치도 인제군 서화면 서화길 3-23,강원특별자치도 인제군 서화면 서화리 681-3,38.251356,128.208840,30,강원특별자치도 인제군,033-460-4212,인제경찰서,N,0,6~8,2025-06-18,4331000,강원특별자치도 인제군
1,천도3리 경로당,강원특별자치도,인제군,51810,강원특별자치도 인제군 서화면 금강로 1457,강원특별자치도 인제군 서화면 천도리 523,38.226179,128.209180,30,강원특별자치도 인제군,033-460-4212,인제경찰서,N,0,6,2025-06-18,4331000,강원특별자치도 인제군
1,성주군 노인회관,경상북도,성주군,47840,경상북도 성주군 성주읍3길 49,경상북도 성주군 성주읍 예산리 334-21,35.9222353,128.2891637,30,경상북도 성주군청,054-930-6393,성주경찰서,N,0,6,2024-08-11,5210000,경상북도 성주군
01,세출리 경로당,충청남도,아산시,45200,충청남도 아산시 배방읍 호서로 124,충청남도 아산시 배방읍 세출리 422-36,36.74350822,127.0735441,30,충청남도 아산시청,041-540-2737,충남아산경찰서,N,,,2025-05-12,4520000,충청남도 아산시
02,온유한집,충청남도,아산시,45200,충청남도 아산시 선장면 서부남로172번길 12-42,충청남도 아산시 선장면 선창리 195-11,36.78384984,126.8805829,30,충청남도 아산시청,041-540-2737,충남아산경찰서,N,0,7,2025-05-12,4520000,충청남도 아산시
1,지산1리 경로당,충청남도,서산시,44210,충청남도 서산시 부석면 인정로 432,,36.67688353,126.4160346,30,충청남도 서산시청,041-660-2735,서산경찰서,N,,,2025-04-23,4530000,충청남도 서산시
1,중왕1리 경로당,충청남도,서산시,44210,충청남도 서산시 지곡면 왕산이로 464,,36.87633118,126.3909689,30,충청남도 서산시청,041-660-2735,서산경찰서,Y,,,2025-04-23,4530000,충청남도 서산시
1,연화리 경로당,충청남도,서산시,44210,충청남도 서산시 지곡면 문현로 533,,36.8548489,126.400286,30,충청남도 서산시청,041-660-2735,서산경찰서,N,,,2025-04-23,4530000,충청남도 서산시
1,진장2리 경로당,충청남도,서산시,44210,충청남도 서산시 팔봉면 팔봉2로 25,,36.774304,126.3562464,30,충청남도 서산시청,041-660-2735,서산경찰서,N,,,2025-04-23,4530000,충청남도 서산시
1,금학3리 경로당,충청남도,서산시,44210,충청남도 서산시 팔봉면 한월당로 704,,36.80852489,126.398517,30,충청남도 서산시청,041-660-2735,서산경찰서,N,,,2025-04-23,4530000,충청남도 서산시
1,칠전리 칠전 경로당,충청남도,서산시,44210,충청남도 서산시 부석면 칠전1길 133,,36.67943821,126.387486,30,충청남도 서산시청,041-660-2735,서산경찰서,N,,,2025-04-23,4530000,충청남도 서산시
1,대두2리 사양 경로당,충청남도,서산시,44210,충청남도 서산시 부석면 무학로 1002,,36.70641377,126.3939828,30,충청남도 서산시청,041-660-2735,서산경찰서,N,,,2025-04-23,4530000,충청남도 서산시
1,강수2리 수현 경로당,충청남도,서산시,44210,충청남도 서산시 부석면 수현로 173,,36.75591713,126.3905991,30,충청남도 서산시청,041-660-2735,서산경찰서,N,,,2025-04-23,4530000,충청남도 서산시
1,남정1리 정동 경로당,충청남도,서산시,44210,충청남도 서산시 인지면 마산로 311-17,,36.7471549,126.411526,30,충청남도 서산시청,041-660-2735,서산경찰서,N,,,2025-04-23,4530000,충청남도 서산시
1,산동2리 동막 경로당,충청남도,서산시,44210,충청남도 서산시 인지면 인정로 838,,36.7064164,126.4329781,30,충청남도 서산시청,041-660-2735,서산경찰서,N,,,2025-04-23,4530000,충청남도 서산시
1,기은1리 경로당,충청남도,서산시,44210,충청남도 서산시 대산읍 명지1로 142,,36.96944496,126.397547,30,충청남도 서산시청,041-660-2735,서산경찰서,N,,,2025-04-23,4530000,충청남도 서산시
1,오지2리 경로당,충청남도,서산시,44210,충청남도 서산시 대산읍 오지고창개길 4,,36.95410087,126.3688579,30,충청남도 서산시청,041-660-2735,서산경찰서,N,,,2025-04-23,4530000,충청남도 서산시
1,오지2리 배낭골 경로당,충청남도,서산시,44210,충청남도 서산시 대산읍 가로림로 504,,36.95110816,126.3780535,30,충청남도 서산시청,041-660-2735,서산경찰서,N,,,2025-04-23,4530000,충청남도 서산시
01,금일읍경로종합복지회관,전라남도,완도군,49900,전라남도 완도군 금일읍 금일로 381,전라남도 완도군 금일읍 화목리 973 감목리새마을회,34.34936616,127.0283738,30,전라남도 완도군청,061-550-5773,완도경찰서,N,,,2024-08-16,4990000,전라남도 완도군
1,성내천경로당,서울특별시,강동구,11740,서울특별시 강동구 성안로3길 112-9,서울특별시 강동구 성내동 558-8,37.5285126,127.1240782,30,서울특별시 강동구청,02-3425-5070,강동경찰서,N,0,3,2023-08-18,3240000,서울특별시 강동구
1,강동노인회관,서울특별시,강동구,11740,서울특별시 강동구 천중로49길 104,서울특별시 강동구 명일동 351-2,37.54525764,127.144746,30,서울특별시 강동구청,02-3425-5070,강동경찰서,Y,1,3,2023-08-18,3240000,서울특별시 강동구
1,구립해공노인복지관,서울특별시,강동구,11740,서울특별시 강동구 천중로17길 42-16,서울특별시 강동구 천호동 302-4,37.54620984,127.1317001,30,서울특별시 강동구청,02-3425-5070,강동경찰서,Y,1,3,2023-08-18,3240000,서울특별시 강동구
1,서울시립양로원,서울특별시,강동구,11740,서울특별시 강동구 고덕로 199,서울특별시 강동구 고덕동 317-23,37.5558669,127.1469618,30,서울특별시 강동구청,02-3425-5070,강동경찰서,N,,20,2023-08-18,3240000,서울특별시 강동구
1,역전리 경로당,경기도,안성시,41550,경기도 안성시 미양면 역전길 13,경기도 안성시 미양면 양지리 94-1번지,36.98006722,127.2191554,30,경기도 안성시,031-678-2812,안성경찰서,N,,4,2025-11-20,4080000,경기도 안성시
1,이전 경로당,경기도,안성시,41550,경기도 안성시 보개면 이전봉산길 106,경기도 안성시 보개면 이전리 188-1번지,37.06334845,127.2923675,30,경기도 안성시,031-678-2812,안성경찰서,N,,4,2025-11-20,4080000,경기도 안성시
1,신평 경로당,경기도,안성시,41550,경기도 안성시 서운로 32,경기도 안성시 서운면 산평리 243-3번지,36.91747863,127.2614303,30,경기도 안성시,031-678-2812,안성경찰서,N,,4,2025-11-20,4080000,경기도 안성시
1,옥장동 경로당,경기도,안성시,41550,경기도 안성시 금광면 진안로 347,경기도 안성시 금광면 옥정리 195-5번지,36.97572775,127.3671976,30,경기도 안성시,031-678-2812,안성경찰서,N,,4,2025-11-20,4080000,경기도 안성시
1,정봉마을회관,경기도,안성시,41550,경기도 안성시 공도읍 정봉길 92,경기도 안성시 공도읍 웅교리 85-17번지,36.9938136,127.1797493,30,경기도 안성시,031-678-2812,안성경찰서,N,,4,2025-11-20,4080000,경기도 안성시
1,도기1통경로당,경기도,안성시,41550,경기도 안성시 도구머리길 40,경기도 안성시 도기동 554-1번지,36.99844707,127.2642178,30,경기도 안성시,031-678-2812,안성경찰서,N,,4,2025-11-20,4080000,경기도 안성시
1,은석경로당,경기도,안성시,41550,경기도 안성시 일죽면 은석길 36,경기도 안성시 일죽면 고은리 126번지,37.13327689,127.4393151,30,경기도 안성시,031-678-2812,안성경찰서,N,,4,2025-11-20,4080000,경기도 안성시
1,이탄경로당,충청북도,괴산군,43760,,충청북도 괴산군 검승리 104-9,36.82397451,127.8430199,30,충청북도 괴산군청,043-830-3534,충청북도 괴산경찰서,N,,,2025-12-18,4460000,충청북도 괴산군
1,조천3리경로당,충청북도,괴산군,43760,충청북도 괴산군 청안면 조천로 243,,36.7877145,127.6630274,30,충청북도 괴산군청,043-830-3534,충청북도 괴산경찰서,N,,,2025-12-18,4460000,충청북도 괴산군
1,광덕1리여자경로당,충청북도,괴산군,43760,충청북도 괴산군 문광면 광덕길 21,,36.79041763,127.7848281,30,충청북도 괴산군청,043-830-3534,충청북도 괴산경찰서,N,,,2025-12-18,4460000,충청북도 괴산군
1,박달경로당,충청북도,괴산군,43760,충청북도 괴산군 감물면 감물로박달길116,,36.84191789,127.890423,30,충청북도 괴산군청,043-830-3534,충청북도 괴산경찰서,N,,,2025-12-18,4460000,충청북도 괴산군
1,수리2리경로당,충청북도,괴산군,43760,충청북도 괴산군 소수면 수동길 2-23,,36.85653054,127.752811,30,도로관리사업소,043-220-6033,충청북도 괴산경찰서,N,,,2025-12-18,4460000,충청북도 괴산군
1,백양경로당,충청북도,괴산군,43760,충청북도 괴산군 감물면 감물로 232,,36.84864107,127.8826751,30,도로관리사업소,043-220-6033,충청북도 괴산경찰서,N,,,2025-12-18,4460000,충청북도 괴산군
1,부흥1리경로당,충청북도,괴산군,43760,충청북도 괴산군 청안면 질마로부흥2길 7,,36.71453598,127.7234132,30,도로관리사업소,043-220-6033,충청북도 괴산경찰서,N,,,2025-12-18,4460000,충청북도 괴산군
1,후영2리경로당,충청북도,괴산군,43760,충청북도 괴산군 청천면 도경로 282,,36.69820356,127.8047688,30,도로관리사업소,043-220-6033,충청북도 괴산경찰서,N,,,2025-12-18,4460000,충청북도 괴산군
1,성산경로당,충청북도,괴산군,43760,충청북도 괴산군 칠성면 칠성로5길 6-1,,36.78067813,127.8597248,30,충청북도 괴산군청,043-830-3534,충청북도 괴산경찰서,N,,,2025-12-18,4460000,충청북도 괴산군
1,평단리경로당,충청북도,괴산군,43760,충청북도 괴산군 청천면 괴산로평단3길 4-4,,36.62338347,127.7635003,30,도로관리사업소,043-220-6033,충청북도 괴산경찰서,N,,,2025-12-18,4460000,충청북도 괴산군
1,문방1리경로당,충청북도,괴산군,43760,충청북도 괴산군 청안면 칠보로 266-2,,36.74925275,127.6416601,30,충청북도 괴산군청,043-830-3534,충청북도 괴산경찰서,N,,,2025-12-18,4460000,충청북도 괴산군
1,월현경로당,충청북도,괴산군,43760,충청북도 괴산군 사리면 이곡로2길 46,,36.78966774,127.7220518,30,도로관리사업소,043-220-6033,충청북도 괴산경찰서,N,,,2025-12-18,4460000,충청북도 괴산군
1,신촌경로당,충청북도,괴산군,43760,충청북도 괴산군 사리면 화산재로1길 16,,36.80394202,127.7291739,30,도로관리사업소,043-220-6033,충청북도 괴산경찰서,N,,,2025-12-18,4460000,충청북도 괴산군
1,국민생활체육 게이트볼전용구장,전북특별자치도,전주시 덕진구,52113,전북특별자치도 전주시 덕진구 보훈누리로 59,전북특별자치도 전주시 덕진구 송천동1가 234-107,35.85555228,127.1267683,30,전북특별자치도 전주시청,063-281-5021,전주덕진경찰서,N,,,2025-08-10,4641000,전북특별자치도 전주시
01,청솔노인전문요양원,충청남도,아산시,45200,충청남도 아산시 배방읍 고불로 70,충청남도 아산시 배방읍 수철리 74-4,36.71437295,127.0695813,30,충청남도 아산시청,041-540-2737,충남아산경찰서,N,0,12,2025-05-12,4520000,충청남도 아산시
01,하얀민들레,충청남도,아산시,45200,충청남도 아산시 신창면 서부남로 820-15,충청남도 아산시 신창면 읍내리 117-3,36.78084046,126.933651,30,충청남도 아산시청,041-540-2737,충남아산경찰서,N,0,7,2025-05-12,4520000,충청남도 아산시
01,원남2리 경로당,충청남도,아산시,45200,충청남도 아산시 음봉면 연암율금로38번길 7,충청남도 아산시 음봉면 원남리 125-4,36.86472986,127.0312079,30,충청남도 아산시청,041-540-2737,충남아산경찰서,N,0,16,2025-05-12,4520000,충청남도 아산시
01,삼선노인복지관,충청남도,아산시,45200,충청남도 아산시 선장면 아산만로 720,충청남도 아산시 선장면 대흥리 304-57,36.80354083,126.867604,30,충청남도 아산시청,041-540-2737,충남아산경찰서,Y,1,7,2025-05-12,4520000,충청남도 아산시
01,오목1리 행복경로당,충청남도,아산시,45200,충청남도 아산시 신창면 서부북로 591,충청남도 아산시 신창면 신달리 300-13,36.80605383,126.9325708,30,충청남도 아산시청,041-540-2737,충남아산경찰서,N,0,7,2025-05-12,4520000,충청남도 아산시
01,밀두1리 행복경로당,충청남도,아산시,45200,충청남도 아산시 인주면 현대로 1312-9,충청남도 아산시 인주면 밀두리 173-3,36.87031031,126.8865148,30,충청남도 아산시청,041-540-2737,충남아산경찰서,N,0,7,2025-05-12,4520000,충청남도 아산시
01,어르신쉼터(온양온천역 방문객센터),충청남도,아산시,45200,충청남도 아산시 온천대로 1496,충청남도 아산시 온천동 56-9,36.78046828,127.0034511,30,충청남도 아산시청,041-540-2737,충남아산경찰서,Y,1,7,2025-05-12,4520000,충청남도 아산시
01,석정1리 경로당,충청남도,아산시,45200,충청남도 아산시 염치읍 염치로 252-3,충청남도 아산시 염치읍 석정리 622,36.81245442,126.998464,30,충청남도 아산시청,041-540-2737,충남아산경찰서,Y,1,7,2025-05-12,4520000,충청남도 아산시
01,아산노인종합복지관,충청남도,아산시,45200,충청남도 아산시 남산로 10,충청남도 아산시 온천동 266-35,36.78208492,126.9951151,30,충청남도 아산시청,041-540-2737,충남아산경찰서,Y,1,7,2025-05-12,4520000,충청남도 아산시
1,오선1리 경로당,충청북도,음성군,43770,충청북도 음성군 금왕읍 초금로 695번길25,,36.97453523,127.559471,30,충청북도 음성군청,043-871-3874,음성경찰서,N,0,7,2025-12-26,4470000,충청북도 음성군
1,삼호2리 경로당,충청북도,음성군,43770,충청북도 음성군 대소면 삼양로 798번길 8,,36.954921,127.471342,30,충청북도 음성군청,043-871-3874,음성경찰서,N,0,7,2025-12-26,4470000,충청북도 음성군
1,덕정2리 마을회관,충청북도,음성군,43770,충청북도 음성군 삼성면 덕정로125번길7,,37.021627,127.505453,30,충청북도 음성군청,043-871-3874,음성경찰서,N,0,7,2025-12-26,4470000,충청북도 음성군
1,상노리 경로당,충청북도,음성군,43770,충청북도 음성군 원남면 상노길 155번길 19-6,,36.88658968,127.6908335,30,충청북도 음성군청,043-871-3874,음성경찰서,N,0,7,2025-12-26,4470000,충청북도 음성군
1,중동2리 경로당,충청북도,음성군,43770,충청북도 음성군 소이면 중동길 75,,36.90105147,127.7750133,30,충청북도 음성군청,043-871-3874,음성경찰서,N,0,7,2025-12-26,4470000,충청북도 음성군
1,관성2리 경로당,충청북도,음성군,43770,충청북도 음성군 생극면 생삼로295번길 7-8,,37.025064,127.5687661,30,충청북도 음성군청,043-871-3874,음성경찰서,N,0,7,2025-12-26,4470000,충청북도 음성군
1,삼정1리 경로당,충청북도,음성군,43770,충청북도 음성군 대소면 한삼로211번길57,,36.950116,127.4921324,30,충청북도 음성군청,043-871-3874,음성경찰서,N,0,7,2025-12-26,4470000,충청북도 음성군
1,사정1리 경로당,충청북도,음성군,43770,충청북도 음성군 음성읍 사정리 195번길 18,,36.967006,127.649159,30,충청북도 음성군청,043-871-3874,음성경찰서,N,0,7,2025-12-26,4470000,충청북도 음성군
1,태생1리 경로당,충청북도,음성군,43770,충청북도 음성군 대소면 새미실길 6-3,,36.976589,127.491055,30,충청북도 음성군청,043-871-3874,음성경찰서,N,0,7,2025-12-26,4470000,충청북도 음성군
1,석산1리 경로당,경상북도,상주시,47250,경상북도 상주시 모서면 석산1길 15-4,경상북도 상주시 모서면 석산리 481,36.35639005,127.969566,30,경상북도 상주시,054-537-7552,상주경찰서,N,,,2025-12-10,5110000,경상북도 상주시
1,도안2리 구르미 경로당,경상북도,상주시,47250,경상북도 상주시 모서면 백화로 1551-5,경상북도 상주시 모서면 도안리 91,36.34985735,127.9735959,30,경상북도 상주시,054-537-7552,상주경찰서,N,,,2025-12-10,5110000,경상북도 상주시
1,이화2리 상리 경로당,경상북도,상주시,47250,경상북도 상주시 공성면 이화5길 5,경상북도 상주시 공성면 이화리 351-3,36.251329,128.104876,30,경상북도 상주시,054-537-7552,상주경찰서,N,,,2025-12-10,5110000,경상북도 상주시
1,이화2리 경로당,경상북도,상주시,47250,경상북도 상주시 공성면 문화로 1036-8,경상북도 상주시 공성면 이화리 185-1,36.264716,128.095127,30,경상북도 상주시,054-537-7552,상주경찰서,N,,,2025-12-10,5110000,경상북도 상주시
1,물량1리 경로당 외 2개소,경상북도,상주시,47250,경상북도 상주시 낙동면 물량2길 182,경상북도 상주시 낙동면 물량리 1712,36.393111,128.299683,30,경상북도 상주시,054-537-7552,상주경찰서,N,,,2025-12-10,5110000,경상북도 상주시
1,내곡1리 경로당,경상북도,상주시,47250,경상북도 상주시 낙동면 장천로 289-4,경상북도 상주시 낙동면 내곡리 558-3,36.373722,128.2332876,30,경상북도 상주시,054-537-7552,상주경찰서,N,,,2025-12-10,5110000,경상북도 상주시
1,비룡 경로당,경상북도,상주시,47250,경상북도 상주시 낙동면 선상서로 1731-8,경상북도 상주시 낙동면 비룡리 527-2,36.342052,128.215343,30,경상북도 상주시,054-537-7552,상주경찰서,N,,,2025-12-10,5110000,경상북도 상주시
1,대전노인요양원,대전광역시,동구,30110,대전광역시 동구 신기로 109-22 (가오동),대전광역시 동구 가오동 87-1,36.31231472,127.4583515,30,대전광역시 동구청,042-251-4885,대전광역시 동부경찰서,N,,8,2025-08-05,3640000,대전광역시 동구
1,목련경로당,대전광역시,동구,30110,대전광역시 동구 백룡로 16 (자양동),대전광역시 동구 자양동 60-1,36.3354571,127.4486545,30,대전광역시 동구청,042-251-4885,대전광역시 동부경찰서,Y,1,5~6,2025-08-05,3640000,대전광역시 동구
1,공주말경로당,대전광역시,동구,30110,대전광역시 동구 산내로929번길 15-5 (삼괴동),대전광역시 동구 삼괴동 209,36.25250997,127.4764988,30,대전광역시 동구청,042-251-4885,대전광역시 동부경찰서,N,,4~7,2025-08-05,3640000,대전광역시 동구
1,삼곡경로당,대전광역시,동구,30110,대전광역시 동구 세천공원로 69 (세천동),대전광역시 동구 세천동 358-1,36.33060242,127.484618,30,대전광역시 동구청,042-251-4885,대전광역시 동부경찰서,N,,9,2025-08-05,3640000,대전광역시 동구
1,낭월동제2경로당,대전광역시,동구,30110,대전광역시 동구 산내로 1362-6 (낭월동),대전광역시 동구 낭월동 212-25,36.2848255,127.4661094,30,대전광역시 동구청,042-251-4885,대전광역시 동부경찰서,Y,1,16,2025-08-05,3640000,대전광역시 동구
1,진등경로당,대전광역시,동구,30110,대전광역시 동구 동서대로1678번길 17 (성남동),대전광역시 동구 성남동 495-1,36.34811776,127.4369003,30,대전광역시 동구청,042-251-4885,대전광역시 동부경찰서,Y,2,6~7,2025-08-05,3640000,대전광역시 동구
1,용정경로당,대전광역시,동구,30110,대전광역시 동구 계족로446번길 19 (용전동),대전광역시 동구 용전동 132-3,36.3513688,127.4336686,30,대전광역시 동구청,042-251-4885,대전광역시 동부경찰서,Y,2,6~7,2025-08-05,3640000,대전광역시 동구
1,매봉경로당,대전광역시,동구,30110,대전광역시 동구 가양로132번길 26 (가양동),대전광역시 동구 가양동 430-6,36.3481346,127.4427451,30,대전광역시 동구청,042-251-4885,대전광역시 동부경찰서,Y,4,6~10,2025-08-05,3640000,대전광역시 동구
1,장암1리 마을회관,경상북도,상주시,47250,경상북도 상주시 화북면 문장대2길 26,경상북도 상주시 화북면 장암리 207,36.570257,127.907999,30,경상북도 상주시,054-537-7552,상주경찰서,N,,,2025-12-10,5110000,경상북도 상주시
1,우기2리 마을회관,경상북도,상주시,47250,경상북도 상주시 은척면 우기2길 8-1,경상북도 상주시 은척면 우기리 184,36.546178,128.0769397,30,경상북도 상주시,054-537-7552,상주경찰서,N,,,2025-12-10,5110000,경상북도 상주시
1,초산6통 경로당,경상북도,상주시,47250,경상북도 상주시 내서면 북장1길 98,경상북도 상주시 내서면 북장리 216-3,36.426622,128.067636,30,경상북도 상주시,054-537-7552,상주경찰서,N,,,2025-12-10,5110000,경상북도 상주시
1,하덕가 경로당,경상북도,상주시,47250,경상북도 상주시 사벌국면 사벌로 362,경상북도 상주시 사벌국면 덕가리 872-74,36.496835,128.201971,30,경상북도 상주시,054-537-7552,상주경찰서,N,,,2025-12-10,5110000,경상북도 상주시
1,북장리(사기점) 경로당,경상북도,상주시,47250,경상북도 상주시 내서면 북장1길 17,경상북도 상주시 내서면 북장리 487-70,36.42169063,128.061678,30,경상북도 상주시,054-537-7552,상주경찰서,N,,,2025-12-10,5110000,경상북도 상주시
1,북장리 팔각정,경상북도,상주시,47250,경상북도 상주시 낙동면 삼봉로 360-1,경상북도 상주시 낙동면 상촌리 885-3,36.36985395,128.246141,30,경상북도 상주시,054-537-7552,상주경찰서,N,,,2025-12-10,5110000,경상북도 상주시
1,북장리 경로당,경상북도,상주시,47250,경상북도 상주시 모서면 대포1길 12-2,경상북도 상주시 모서면 대포리 142-6,36.356326,128.013922,30,경상북도 상주시,054-537-7552,상주경찰서,N,,,2025-12-10,5110000,경상북도 상주시
1,상촌1리 마을회관,경상북도,상주시,47250,경상북도 상주시 함창읍 용곡로 351,경상북도 상주시 함창읍 신흥리 331-16,36.54139837,128.193605,30,경상북도 상주시,054-537-7552,상주경찰서,N,,,2025-12-10,5110000,경상북도 상주시
1,대포1리 경로당,경상북도,상주시,47250,경상북도 상주시 모서면 대포1길 16,경상북도 상주시 모서면 대포리 796-1,36.35623744,128.0145151,30,경상북도 상주시,054-537-7552,상주경찰서,N,,,2025-12-10,5110000,경상북도 상주시
1,신흥1리 노인회관,경상북도,상주시,47250,경상북도 상주시 함창읍 용곡로 351,경상북도 상주시 함창읍 신흥리 331-16,36.541398,128.193612,30,경상북도 상주시,054-537-7552,상주경찰서,N,,,2025-12-10,5110000,경상북도 상주시
1,척동1리 노인회관,경상북도,상주시,47250,경상북도 상주시 함창읍 영동길 131-2,경상북도 상주시 함창읍 척동리 224-48,36.55314104,128.204152,30,경상북도 상주시,054-537-7552,상주경찰서,N,,,2025-12-10,5110000,경상북도 상주시
1,정혜요양원,경상북도,상주시,47250,경상북도 상주시 내서면 영남제일로 3224,경상북도 상주시 내서면 낙서리 316-3,36.41231709,128.020495,30,경상북도 상주시,054-537-7552,상주경찰서,N,,,2025-12-10,5110000,경상북도 상주시
1,인평3동 경로당,경상북도,상주시,47250,경상북도 상주시 인평1길 10-4,경상북도 상주시 인평동 129-18,36.399654,128.178189,30,경상북도 상주시,054-537-7552,상주경찰서,N,,,2025-12-10,5110000,경상북도 상주시
1,오태2리 노인회관,경상북도,상주시,47250,경상북도 상주시 공검면 무릿가길 18,경상북도 상주시 공검면 오태리 341-4,36.48710264,128.1260989,30,경상북도 상주시,054-537-7552,상주경찰서,N,,,2025-12-10,5110000,경상북도 상주시
1,오태1리 노인회관,경상북도,상주시,47250,경상북도 상주시 공검면 오태길 5,경상북도 상주시 공검면 오태리 746,36.49856037,128.115678,30,경상북도 상주시,054-537-7552,상주경찰서,N,,,2025-12-10,5110000,경상북도 상주시
1,대전리 도재이 노인정,경상북도,상주시,47250,경상북도 상주시 외서면 칠봉로 195,경상북도 상주시 외서면 대전리 155-2,36.50435535,128.0027529,30,경상북도 상주시,054-537-7552,상주경찰서,N,,,2025-12-10,5110000,경상북도 상주시
1,운흥1리 마을회관,경상북도,상주시,47250,경상북도 상주시 화북면 운흥2길 12,경상북도 상주시 화북면 운흥리 463,36.59429661,127.815102,30,경상북도 상주시,054-537-7552,상주경찰서,N,,,2025-12-10,5110000,경상북도 상주시
1,보미리 경로당,경상북도,상주시,47250,경상북도 상주시 화동면 보미1길 29,경상북도 상주시 화동면 보미리 545,36.376211,127.916468,30,경상북도 상주시,054-537-7552,상주경찰서,N,,,2025-12-10,5110000,경상북도 상주시
1,이소2리 마을회관,경상북도,상주시,47250,경상북도 상주시 화동면 이소1길 133,경상북도 상주시 화동면 이소리 589-8,36.39393008,127.945671,30,경상북도 상주시,054-537-7552,상주경찰서,N,,,2025-12-10,5110000,경상북도 상주시
1,도안1리 역마루 경로당,경상북도,상주시,47250,경상북도 상주시 모서면 도안1길 8-5,경상북도 상주시 모서면 도안리 711-2,36.332135,127.9641074,30,경상북도 상주시,054-537-7552,상주경찰서,N,,,2025-12-10,5110000,경상북도 상주시
1,장수 경로당,경상북도,상주시,47250,경상북도 상주시 화서면 문장로 110,경상북도 상주시 화서면 상곡리 150-2,36.44983493,127.9871521,30,경상북도 상주시,054-537-7552,상주경찰서,N,,,2025-12-10,5110000,경상북도 상주시
1,대전1리 경로당,경상북도,상주시,47250,경상북도 상주시 외서면 대전1길 8,경상북도 상주시 외서면 대전리 359-1,36.49188362,128.0240962,30,경상북도 상주시,054-537-7552,상주경찰서,N,,,2025-12-10,5110000,경상북도 상주시
1,오상2리 머그티 경로당,경상북도,상주시,47250,경상북도 상주시 중동면 오상4길 9,경상북도 상주시 중동면 오상리 233-2,36.43832787,128.2747105,30,경상북도 상주시,054-537-7552,상주경찰서,N,,,2025-12-10,5110000,경상북도 상주시
1,회상2리 갈밭 노인회관,경상북도,상주시,47250,경상북도 상주시 중동면 회상6길 26-7,경상북도 상주시 중동면 회상리 344-1,36.47498321,128.2723129,30,경상북도 상주시,054-537-7552,상주경찰서,N,,,2025-12-10,5110000,경상북도 상주시
1,중눌1리 경로당,경상북도,상주시,47250,경상북도 상주시 화남면 천택로 108,경상북도 상주시 화남면 중눌리 107-4,36.41200054,127.8808687,30,경상북도 상주시,054-537-7552,상주경찰서,N,,,2025-12-10,5110000,경상북도 상주시
1,유곡2리 경로당,경상북도,상주시,47250,경상북도 상주시 낙동면 삼봉로 66,경상북도 상주시 낙동면 유곡리 767-2,36.3501491,128.2281375,30,경상북도 상주시,054-537-7552,상주경찰서,N,,,2025-12-10,5110000,경상북도 상주시
1,장동1리 경로당,경상북도,상주시,47250,경상북도 상주시 공성면 장동1길 6,경상북도 상주시 공성면 장동리 499,36.2822823,128.0696936,30,경상북도 상주시,054-537-7552,상주경찰서,N,,,2025-12-10,5110000,경상북도 상주시
1,우물2리 경로당,경상북도,상주시,47250,경상북도 상주시 중동면 우물3길 31,경상북도 상주시 중동면 우물리 218-6,36.4057193,128.3353966,30,경상북도 상주시,054-537-7552,상주경찰서,N,,,2025-12-10,5110000,경상북도 상주시
1,판곡2리 마을회관,경상북도,상주시,47250,경상북도 상주시 화동면 서대산로 570,경상북도 상주시 화동면 판곡리 716-1,36.43261091,127.9681885,30,경상북도 상주시,054-537-7552,상주경찰서,N,,,2025-12-10,5110000,경상북도 상주시
1,판곡1리 마을회관,경상북도,상주시,47250,경상북도 상주시 화동면 서대산로 310,경상북도 상주시 화동면 판곡리 402-4,36.4159836,127.9777091,30,경상북도 상주시,054-537-7552,상주경찰서,N,,,2025-12-10,5110000,경상북도 상주시
1,사천1리 마을회관,경상북도,상주시,47250,경상북도 상주시 청리면 가천1길 10,경상북도 상주시 청리면 가천리 406,36.32177945,128.1161426,30,경상북도 상주시,054-537-7552,상주경찰서,N,,,2025-12-10,5110000,경상북도 상주시
1,승곡리 승장경로당,경상북도,상주시,47250,경상북도 상주시 낙동면 승곡1길 66,경상북도 상주시 낙동면 승곡리 642-1,36.36353854,128.2079254,30,경상북도 상주시,054-537-7552,상주경찰서,N,,,2025-12-10,5110000,경상북도 상주시
1,평온1리 마을회관,경상북도,상주시,47250,경상북도 상주시 화남면 평온동관로 33,경상북도 상주시 화남면 평온리 196-5,36.45065326,127.9065069,30,경상북도 상주시,054-537-7552,상주경찰서,N,,,2025-12-10,5110000,경상북도 상주시
1,중벌리 밤티명품마을,경상북도,상주시,47250,경상북도 상주시 화남면 평온동관로 33,경상북도 상주시 화북면 중벌리 60-6,36.59412096,127.9065069,30,경상북도 상주시,054-537-7552,상주경찰서,N,,,2025-12-10,5110000,경상북도 상주시
1,지사2리 경로당,경상북도,상주시,47250,경상북도 상주시 외남면 지사3길 45,경상북도 상주시 외남면 지사리 203-1,36.38380049,128.1177797,30,경상북도 상주시,054-537-7552,상주경찰서,N,,,2025-12-10,5110000,경상북도 상주시
1,양지리(원동) 마을회관,경상북도,상주시,47250,경상북도 상주시 화동면 양지1길 14-11,경상북도 상주시 화동면 양지리 367-2,36.37935059,127.9013124,30,경상북도 상주시,054-537-7552,상주경찰서,N,,,2025-12-10,5110000,경상북도 상주시
1,남원동 복지회관,경상북도,상주시,47250,경상북도 상주시 낙양5길 14,경상북도 상주시 낙양동 88,36.41268693,128.1504564,30,경상북도 상주시,054-537-7552,상주경찰서,N,,,2025-12-10,5110000,경상북도 상주시
1,상촌2리 마을회관,경상북도,상주시,47250,경상북도 상주시 낙동면 상촌2길 12-2,경상북도 상주시 낙동면 상촌리 411-1,36.3785188,128.2585636,30,경상북도 상주시,054-537-7552,상주경찰서,N,,,2025-12-10,5110000,경상북도 상주시
1,병암리 마을회관,경상북도,상주시,47250,경상북도 상주시 공검면 용머리로 377,경상북도 상주시 공검면 병암리 672,36.5058969,128.1201982,30,경상북도 상주시,054-537-7552,상주경찰서,N,,,2025-12-10,5110000,경상북도 상주시
1,상덕가 경로당,경상북도,상주시,47250,경상북도 상주시 사벌국면 덕가묵상로 117,경상북도 상주시 사벌국면 덕가리 243,36.49929385,128.2143805,30,경상북도 상주시,054-537-7552,상주경찰서,N,,,2025-12-10,5110000,경상북도 상주시
1,평산리 노인회관,경상북도,상주시,47250,경상북도 상주시 화동면 팔음로 1007-1,경상북도 상주시 화동면 평산리 436,36.37355037,127.8914056,30,경상북도 상주시,054-537-7552,상주경찰서,N,,,2025-12-10,5110000,경상북도 상주시
1,용유2리 마을회관,경상북도,상주시,47250,경상북도 상주시 화북면 병천길 1-2,경상북도 상주시 화북면 용유리 56-1,36.57212085,127.9290675,30,경상북도 상주시,054-537-7552,상주경찰서,N,,,2025-12-10,5110000,경상북도 상주시
1,양지리 마을회관,경상북도,상주시,47250,경상북도 상주시 화동면 양지2길 11,경상북도 상주시 화동면 양지리 170-4,36.37118328,127.908696,30,경상북도 상주시,054-537-7552,상주경찰서,N,,,2025-12-10,5110000,경상북도 상주시
1,어산리 마을회관,경상북도,상주시,47250,경상북도 상주시 화동면 어산로 644-9,경상북도 상주시 화동면 어산리 322-6,36.40005865,128.0121954,30,경상북도 상주시,054-537-7552,상주경찰서,N,,,2025-12-10,5110000,경상북도 상주시
1,신촌2리 마을회관,경상북도,상주시,47250,경상북도 상주시 신촌1길 133-12,경상북도 상주시 화동면 신촌리 467-2,36.36661357,127.9517067,30,경상북도 상주시,054-537-7552,상주경찰서,N,,,2025-12-10,5110000,경상북도 상주시
1,남적2동 마을회관,경상북도,상주시,47250,경상북도 상주시 남적로 29-4,경상북도 상주시 남적동 18-8,36.46632626,128.1648719,30,경상북도 상주시,054-537-7552,상주경찰서,N,,,2025-12-10,5110000,경상북도 상주시
1,백학2리 경로당,경상북도,상주시,47250,경상북도 상주시 모서면 백학2길 6,경상북도 상주시 모서면 백학리 342,36.322285,127.889457,30,경상북도 상주시,054-537-7552,상주경찰서,N,,,2025-12-10,5110000,경상북도 상주시
1,상리경로당,충청북도,괴산군,43760,충청북도 괴산군 사리면 화산재로3길 14,,36.81800285,127.7339715,30,도로관리사업소,043-220-6033,충청북도 괴산경찰서,N,,,2025-12-18,4460000,충청북도 괴산군
1,신항2리아리목경로당,충청북도,괴산군,43760,충청북도 괴산군 괴산읍 관동로신항2길 1,,36.85460166,127.7697683,30,도로관리사업소,043-220-6033,충청북도 괴산경찰서,N,,,2025-12-18,4460000,충청북도 괴산군
1,신항2리경로당,충청북도,괴산군,43760,충청북도 괴산군 괴산읍 관동로신항6길 4,,36.85475833,127.7766155,30,도로관리사업소,043-220-6033,충청북도 괴산경찰서,N,,,2025-12-18,4460000,충청북도 괴산군
1,신항1리경로당,충청북도,괴산군,43760,충청북도 괴산군 괴산읍 관동로신항7길 3,,36.84988583,127.783344,30,도로관리사업소,043-220-6033,충청북도 괴산경찰서,N,,,2025-12-18,4460000,충청북도 괴산군
1,사창1리경로당,충청북도,괴산군,43760,충청북도 괴산군 괴산읍 관동로사창3길 3,,36.84611579,127.8076878,30,도로관리사업소,043-220-6033,충청북도 괴산경찰서,N,,,2025-12-18,4460000,충청북도 괴산군
01,해암4리 경로당,충청남도,아산시,45200,충청남도 아산시 인주면 현대로 862,충청남도 아산시 인주면 해암리 280-4,36.83150685,126.8847271,30,충청남도 아산시청,041-540-2737,충남아산경찰서,Y,1,8,2025-05-12,4520000,충청남도 아산시
01,해암1리 경로당,충청남도,아산시,45200,충청남도 아산시 인주면 현대로 828,충청남도 아산시 인주면 해암리 267-5,36.83087564,126.8864304,30,충청남도 아산시청,041-540-2737,충남아산경찰서,N,0,8,2025-05-12,4520000,충청남도 아산시
01,화천2리 노인회관,충청남도,아산시,45200,충청남도 아산시 도고면 도고산로 187,충청남도 아산시 도고면 화천리 237,36.71861632,126.9207155,30,충청남도 아산시청,041-540-2737,충남아산경찰서,N,0,7,2025-05-12,4520000,충청남도 아산시
01,아산시 동부노인복지관,충청남도,아산시,45200,충청남도 아산시 배방읍 순천향로 1060,충청남도 아산시 배방읍 공수리 1037,36.76369166,127.0380247,30,충청남도 아산시청,041-540-2737,충남아산경찰서,N,0,7,2025-05-12,4520000,충청남도 아산시
01,구령2리 노인회관,충청남도,아산시,45200,충청남도 아산시 배방읍 구령길30번길 11-10,충청남도 아산시 배방읍 구령리 128-1,36.77913837,127.0521925,30,충청남도 아산시청,041-540-2737,충남아산경찰서,Y,2,16,2025-05-12,4520000,충청남도 아산시
01,동화1리 경로당,충청남도,아산시,45200,충청남도 아산시 송악면 송악로357번길 9-1,충청남도 아산시 송악면 동화리 688-1,36.72630233,126.9705124,30,충청남도 아산시청,041-540-2737,충남아산경찰서,N,0,7,2025-05-12,4520000,충청남도 아산시
01,해암2리 경로당,충청남도,아산시,45200,충청남도 아산시 인주면 현대로727번길 7,충청남도 아산시 인주면 해암리 195-2,36.82749069,126.8970903,30,충청남도 아산시청,041-540-2737,충남아산경찰서,N,0,7,2025-05-12,4520000,충청남도 아산시
01,곡교2리 경로당,충청남도,아산시,45200,충청남도 아산시 염치읍 곡교리길 63,충청남도 아산시 염치읍 곡교리 446,36.81073834,126.9875865,30,충청남도 아산시청,041-540-2737,충남아산경찰서,N,0,7,2025-05-12,4520000,충청남도 아산시
01,아산3리 경로당,충청남도,아산시,45200,충청남도 아산시 영인면 영인로 179-1,충청남도 아산시 영인면 아산리 323-8,36.8636437,126.9492793,30,충청남도 아산시청,041-540-2737,충남아산경찰서,N,0,8,2025-05-12,4520000,충청남도 아산시
01,월랑1리 경로당,충청남도,아산시,45200,충청남도 아산시 음봉면 월암로192번길 6,충청남도 아산시 음봉면 월랑리 362,36.85378974,127.0769438,30,충청남도 아산시청,041-540-2737,충남아산경찰서,N,0,7,2025-05-12,4520000,충청남도 아산시
01,선창2구 경로당,충청남도,아산시,45200,충청남도 아산시 선장면 서부남로 307,충청남도 아산시 선장면 선창리 12-49,36.78541548,126.8939429,30,충청남도 아산시청,041-540-2737,충남아산경찰서,N,0,8,2025-05-12,4520000,충청남도 아산시
01,점량동 경로당,충청남도,아산시,45200,충청남도 아산시 신정호길192번길 3,충청남도 아산시 점양동 99,36.76680529,126.970559,30,충청남도 아산시청,041-540-2737,충남아산경찰서,Y,1,8,2025-05-12,4520000,충청남도 아산시
01,실옥4통 경로당,충청남도,아산시,45200,충청남도 아산시 실옥로 187,충청남도 아산시 실옥동 300-4,36.7954851,126.9806833,30,충청남도 아산시청,041-540-2737,충남아산경찰서,N,0,8,2025-05-12,4520000,충청남도 아산시
01,가덕2리 경로당,충청남도,아산시,45200,충청남도 아산시 신창면 서부북로 378,충청남도 아산시 신창면 가덕리 368-7,36.81142402,126.9102415,30,충청남도 아산시청,041-540-2737,충남아산경찰서,N,0,7,2025-05-12,4520000,충청남도 아산시
01,메티케어요양원,충청남도,아산시,45200,충청남도 아산시 둔포면 윤보선로336번길 55-1,충청남도 아산시 둔포면 신항리 106-3,36.90211599,127.0196994,30,충청남도 아산시청,041-540-2737,충남아산경찰서,N,0,7,2025-05-12,4520000,충청남도 아산시
01,신휴2리 경로당,충청남도,아산시,45200,충청남도 아산시 음봉면 관용로261번길 6,충청남도 아산시 음봉면 신휴리 322-2,36.89037453,127.0615249,30,충청남도 아산시청,041-540-2737,충남아산경찰서,Y,1,7,2025-05-12,4520000,충청남도 아산시
01,염성1리 경로당,충청남도,아산시,45200,충청남도 아산시 염치읍 염치로 84,충청남도 아산시 염치읍 염성리 343,36.81496793,126.9805354,30,충청남도 아산시청,041-540-2737,충남아산경찰서,N,0,7,2025-05-12,4520000,충청남도 아산시
01,금성리 경로당,충청남도,아산시,45200,충청남도 아산시 인주면 인주로 63,충청남도 아산시 인주면 금성리 183-1,36.84177898,126.8728487,30,충청남도 아산시청,041-540-2737,충남아산경찰서,N,0,8,2025-05-12,4520000,충청남도 아산시
01,읍내2통 노인정,충청남도,아산시,45200,충청남도 아산시 온주길16번길 29-1,충청남도 아산시 읍내동 138-39,36.75979304,127.0194365,30,충청남도 아산시청,041-540-2737,충남아산경찰서,N,0,5,2025-05-12,4520000,충청남도 아산시
01,아산실버요양원,충청남도,아산시,45200,충청남도 아산시 송악면 외암로 759,충청남도 아산시 송악면 마곡리 165-1,36.70735048,127.0059236,30,충청남도 아산시청,041-540-2737,충남아산경찰서,N,0,12,2025-05-12,4520000,충청남도 아산시
01,봉재1리 장재경로당,충청남도,아산시,45200,충청남도 아산시 둔포면 봉신로 61,충청남도 아산시 둔포면 봉재리 207-5,36.88309615,127.0367266,30,충청남도 아산시청,041-540-2737,충남아산경찰서,N,0,7,2025-05-12,4520000,충청남도 아산시
1,오상2리 마을회관,경상북도,상주시,47250,경상북도 상주시 탑재길 131,경상북도 상주시 중동면 오상리 748-3,36.426048,128.248498,30,경상북도 상주시,054-537-7552,상주경찰서,N,,,2025-12-10,5110000,경상북도 상주시
1,이안2리 마을회관,경상북도,상주시,47250,경상북도 상주시 이안면 이안2길 35,경상북도 상주시 이안면 이안리 288-1,36.53927067,128.1823087,30,경상북도 상주시,054-537-7552,상주경찰서,N,,,2025-12-10,5110000,경상북도 상주시
1,안용리 마을회관,경상북도,상주시,47250,경상북도 상주시 이안면 안룡2길 3,경상북도 상주시 이안면 안용리 307,36.59391296,128.1312345,30,경상북도 상주시,054-537-7552,상주경찰서,N,,,2025-12-10,5110000,경상북도 상주시
1,달천리 마을회관,경상북도,상주시,47250,경상북도 상주시 화서면 달천2길 14,경상북도 상주시 화서면 달천리 69,36.43928721,127.9372845,30,경상북도 상주시,054-537-7552,상주경찰서,N,,,2025-12-10,5110000,경상북도 상주시
1,반곡1리 마을회관,경상북도,상주시,47250,경상북도 상주시 화동면 대미길 186,경상북도 상주시 화동면 반곡리 364-2,36.37383754,127.9401788,30,경상북도 상주시,054-537-7552,상주경찰서,N,,,2025-12-10,5110000,경상북도 상주시
1,정양리 마을회관,경상북도,상주시,47250,경상북도 상주시 모동면 정양길 19,경상북도 상주시 모동면 정양리 290-7,36.28220296,127.9548513,30,경상북도 상주시,054-537-7552,상주경찰서,N,,,2025-12-10,5110000,경상북도 상주시
1,고곡리 마을회관,경상북도,상주시,47250,경상북도 상주시 내서면 고곡4길 42,경상북도 상주시 내서면 고곡리 91,36.43387348,128.0595241,30,경상북도 상주시,054-537-7552,상주경찰서,N,,,2025-12-10,5110000,경상북도 상주시
1,신촌1리 마을회관,경상북도,상주시,47250,경상북도 상주시 외남면 신촌노은길 16-1,경상북도 상주시 외남면 신촌리 368,36.35086755,128.1823087,30,경상북도 상주시,054-537-7552,상주경찰서,N,,,2025-12-10,5110000,경상북도 상주시
1,오동1리 노인회관,경상북도,상주시,47250,경상북도 상주시 함창읍 모개낭4길 22,경상북도 상주시 함창읍 오동리 593,36.56711655,128.1823087,30,경상북도 상주시,054-537-7552,상주경찰서,N,,,2025-12-10,5110000,경상북도 상주시
1,반계리 경로당,경상북도,상주시,47250,경상북도 상주시 모동면 반계2길 11-2,경상북도 상주시 모동면 반계리 398-3,36.29143375,127.9803384,30,경상북도 상주시,054-537-7552,상주경찰서,N,,,2025-12-10,5110000,경상북도 상주시
1,흥각 경로당,경상북도,상주시,47250,경상북도 상주시 흥각길 37-4,경상북도 상주시 상주시 흥각동 529-5,36.38161058,128.1661512,30,경상북도 상주시,054-537-7552,상주경찰서,N,,,2025-12-10,5110000,경상북도 상주시
1,상오1리 경로당,경상북도,상주시,47250,경상북도 상주시 화북면 상오3길 2,경상북도 상주시 화북면 상오리 527-1,36.54317301,127.9208512,30,경상북도 상주시,054-537-7552,상주경찰서,N,,,2025-12-10,5110000,경상북도 상주시
1,삼덕리 경로당,경상북도,상주시,47250,경상북도 상주시 사벌국면 경천로 430,경상북도 상주시 사벌국면 삼덕리 680,36.44483015,128.228554,30,경상북도 상주시,054-537-7552,상주경찰서,N,,,2025-12-10,5110000,경상북도 상주시
1,노류1리 유정 경로당,경상북도,상주시,47250,경상북도 상주시 내서면 노류1길 22-3,경상북도 상주시 내서면 노류리 348,36.38469227,128.0333703,30,경상북도 상주시,054-537-7552,상주경찰서,N,,,2025-12-10,5110000,경상북도 상주시
1,고곡2리 경로당,경상북도,상주시,47250,경상북도 상주시 내서면 채릉산로 160-6,경상북도 상주시 내서면 고곡리 189-3,36.4222323,128.0595571,30,경상북도 상주시,054-537-7552,상주경찰서,N,,,2025-12-10,5110000,경상북도 상주시
1,호음당남 경로당,경상북도,상주시,47250,경상북도 상주시 모서면 백화로 158-14,경상북도 상주시 모서면 호음리 463-1,36.28989628,127.8639653,30,경상북도 상주시,054-537-7552,상주경찰서,N,,,2025-12-10,5110000,경상북도 상주시
1,덕고개 경로당,경상북도,상주시,47250,경상북도 상주시 공성면 오촌길 88,경상북도 상주시 공성면 용안리 661,36.29787378,128.1119431,30,경상북도 상주시,054-537-7552,상주경찰서,N,,,2025-12-10,5110000,경상북도 상주시
1,반곡2리 경로당,경상북도,상주시,47250,경상북도 상주시 화동면 반곡2길 6,경상북도 상주시 화동면 반곡리 526-10,36.38430735,127.9348288,30,경상북도 상주시,054-537-7552,상주경찰서,N,,,2025-12-10,5110000,경상북도 상주시
1,서만1리 경로당,경상북도,상주시,47250,경상북도 상주시 우산로 285,경상북도 상주시 외서면 봉강리 140-3,36.47081704,128.1377144,30,경상북도 상주시,054-537-7552,상주경찰서,N,,,2025-12-10,5110000,경상북도 상주시
1,용담 경로당,경상북도,상주시,47250,경상북도 상주시 낙동면 용포2길 17-6,경상북도 상주시 낙동면 용포리 503-1,36.32305322,128.2001063,30,경상북도 상주시,054-537-7552,상주경찰서,N,,,2025-12-10,5110000,경상북도 상주시
01,신곡1리 경로당,충청남도,아산시,45200,충청남도 아산시 신창면 서부북로295번길28,충청남도 아산시 신창면 신곡리 197,36.8139934386,126.9009255342,30,충청남도 아산시청,041-540-2737,충남아산경찰서,N,,,2025-05-12,4520000,충청남도 아산시
01,행목2리 경로당,충청남도,아산시,45200,충청남도 아산시 신창면 행목로192번길60,충청남도 아산시 신창면 행목리 133-1,36.7762939577,126.9569389024,30,충청남도 아산시청,041-540-2737,충남아산경찰서,N,,,2025-05-12,4520000,충청남도 아산시
01,수장2리 경로당,충청남도,아산시,45200,충청남도 아산시 신창면 수장로147번길 12,충청남도 아산시 신창면 수장리 233-3,36.8040204991,126.9636168241,30,충청남도 아산시청,041-540-2737,충남아산경찰서,N,,,2025-05-12,4520000,충청남도 아산시
01,용두3리 경로당,충청남도,아산시,45200,충청남도 아산시 탕정면 꾀꼴성길 90,충청남도 아산시 탕정면 용두리 115,36.81876361,127.0466149,30,충청남도 아산시청,041-540-2737,충남아산경찰서,N,,,2025-05-12,4520000,충청남도 아산시
1,비룡2통경로당,대전광역시,동구,30110,대전광역시 동구 비룡로 13 (비룡동),대전광역시 동구 비룡동 297-1,36.34834494,127.4720652,30,대전광역시 동구청,042-251-4885,대전광역시 동부경찰서,Y,2,5~8,2025-08-05,3640000,대전광역시 동구
1,하소동제2경로당,대전광역시,동구,30110,대전광역시 동구 산내로 284 (하소동),대전광역시 동구 하소동 421-2,36.21163127,127.4389855,30,대전광역시 동구청,042-251-4885,대전광역시 동부경찰서,Y,3,7,2025-08-05,3640000,대전광역시 동구
1,충정경로당,대전광역시,동구,30110,대전광역시 동구 충정로130번길 46-1 (가양동),대전광역시 동구 가양동 167-32,36.3443214,127.4510398,30,대전광역시 동구청,042-251-4885,대전광역시 동부경찰서,Y,2,7~8,2025-08-05,3640000,대전광역시 동구
1,삼괴동제2경로당,대전광역시,동구,30110,대전광역시 동구 산내로998번길 14-13 (삼괴동),대전광역시 동구 삼괴동 46-6,36.25711348,127.4798069,30,대전광역시 동구청,042-251-4885,대전광역시 동부경찰서,Y,4,4~7,2025-08-05,3640000,대전광역시 동구
1,신안동경로당,대전광역시,동구,30110,대전광역시 동구 부흥길 45 (신안동),대전광역시 동구 신안동 278-2,36.32922328,127.4370224,30,대전광역시 동구청,042-251-4885,대전광역시 동부경찰서,Y,2,4~6,2025-08-05,3640000,대전광역시 동구
1,현암경로당,대전광역시,동구,30110,대전광역시 동구 태전로153번길 36 (삼성동),대전광역시 동구 삼성동 335-5,36.34018159,127.418749,30,대전광역시 동구청,042-251-4885,대전광역시 동부경찰서,Y,1,6,2025-08-05,3640000,대전광역시 동구
1,모리경로당,대전광역시,동구,30110,대전광역시 동구 동부로85번길 39 (용운동),대전광역시 동구 용운동 398-8,36.32402394,127.4611061,30,대전광역시 동구청,042-251-4885,대전광역시 동부경찰서,Y,1,5~6,2025-08-05,3640000,대전광역시 동구
1,우송경로당,대전광역시,동구,30110,대전광역시 동구 갱이4길 14 (가양동),대전광역시 동구 가양동 358-31,36.33771284,127.443032,30,대전광역시 동구청,042-251-4885,대전광역시 동부경찰서,Y,1,6~8,2025-08-05,3640000,대전광역시 동구
1,용일경로당,대전광역시,동구,30110,대전광역시 동구 계족로437번길 32 (용전동),대전광역시 동구 용전동 177-12,36.35124803,127.430459,30,대전광역시 동구청,042-251-4885,대전광역시 동부경찰서,Y,3,4~7,2025-08-05,3640000,대전광역시 동구
1,하소동 제3경로당,대전광역시,동구,30110,대전광역시 동구 산내로 433-5 (하소동),대전광역시 동구 하소동 106-3,36.22364631,127.442535,30,대전광역시 동구청,042-251-4885,대전광역시 동부경찰서,N,,8,2025-08-05,3640000,대전광역시 동구
2,사랑의 집,대전광역시,동구,30110,대전광역시 동구 백룡로14번길 13 (자양동),대전광역시 동구 자양동61-1,36.3352221,127.4484391,30,대전광역시 동구청,042-251-4885,대전광역시 동부경찰서,N,,,2025-08-05,3640000,대전광역시 동구
1,성남동여자경로당,대전광역시,동구,30110,대전광역시 동구 계족로 354-1 (성남동),대전광역시 동구 성남동 166-21,36.3439124,127.4345436,30,대전광역시 동구청,042-251-4885,대전광역시 동부경찰서,Y,1,4~7,2025-08-05,3640000,대전광역시 동구
1,자양동경로당,대전광역시,동구,30110,대전광역시 동구 성동로 61-14 (자양동),대전광역시 동구 자양동 201-22,36.34092089,127.4509977,30,대전광역시 동구청,042-251-4885,대전광역시 동부경찰서,Y,4,4~8,2025-08-05,3640000,대전광역시 동구
1,주곡경로당,대전광역시,동구,30110,대전광역시 동구 동대전로104번길 41 (대동),대전광역시 동구 대동 61-19,36.3306491,127.4469329,30,대전광역시 동구청,042-251-4885,대전광역시 동부경찰서,N,,3~5,2025-08-05,3640000,대전광역시 동구
1,동부갱이경로당,대전광역시,동구,30110,대전광역시 동구 가양남로13번길 57 (가양동),대전광역시 동구 가양동 318-3,36.3421269,127.4447134,30,대전광역시 동구청,042-251-4885,대전광역시 동부경찰서,N,,8,2025-08-05,3640000,대전광역시 동구
1,광덕2리 하모산경로당,충청북도,증평군,43745,충청북도 증평군 도안면 원명로 123,충청북도 증평군 도안면 광덕리 270-1,36.82866368,127.6281051,30,충청북도 증평군,043-835-3823,괴산경찰서,N,0,8,2025-09-04,5570000,충청북도 증평군
1,연탄리2구 마을회관,충청북도,증평군,43745,충청북도 증평군 증평읍 초평로 1645,충청북도 증평군 증평읍 연탄리 748-1,36.79974384,127.5555822,30,충청북도 증평군,043-835-3823,괴산경찰서,N,0,8,2025-09-04,5570000,충청북도 증평군
1,대한노인회 증평군지회 증평읍분회,충청북도,증평군,43745,충청북도 증평군 증평읍 역전로 64,충청북도 증평군 증평읍 신동리 282,36.78088671,127.581389,30,충청북도 증평군,043-835-3823,괴산경찰서,N,0,8,2025-09-04,5570000,충청북도 증평군
1,증평군 보건복지타운,충청북도,증평군,43745,충청북도 증평군 증평읍 보건복지로 64,충청북도 증평군 증평읍 내성리 57,36.774691,127.5852415,30,충청북도 증평군,043-835-3823,괴산경찰서,N,0,7~15,2025-09-04,5570000,충청북도 증평군
01,남성1리 경로당,충청남도,아산시,45200,충청남도 아산시 신창면 서부북로 767,충청남도 아산시 신창면 남성리 423-1,36.7953106733,126.9463880584,30,충청남도 아산시청,041-540-2737,충남아산경찰서,N,,,2025-05-12,4520000,충청남도 아산시
01,석당리 경로당,충청남도,아산시,45200,충청남도 아산시 도고면 도고저수지길 268-11,충청남도 아산시 도고면 석당리 213-2,36.7474156855,126.9211536761,30,충청남도 아산시청,041-540-2737,충남아산경찰서,N,,,2025-05-12,4520000,충청남도 아산시
01,수철1리 경로당,충청남도,아산시,45200,충청남도 아산시 배방읍 수철남길22,충청남도 아산시 배방읍 수철리 230-1,36.72372218,127.0624958,30,충청남도 아산시청,041-540-2737,충남아산경찰서,N,,,2025-05-12,4520000,충청남도 아산시
01,모종1통 경로당,충청남도,아산시,45200,충청남도 아산시 모종북로62번길 22-6,충청남도 아산시 모종동 320-8,36.7867609205,127.0216576096,30,충청남도 아산시청,041-540-2737,충남아산경찰서,N,,,2025-05-12,4520000,충청남도 아산시
01,동화3리 경로당,충청남도,아산시,45200,충청남도 아산시 송악면 송악로400번길 129,충청남도 아산시 송악면 동화리 556-1,36.7136877415,126.9690566727,30,충청남도 아산시청,041-540-2737,충남아산경찰서,N,,,2025-05-12,4520000,충청남도 아산시
01,메리골드요양원(금원요양원),충청남도,아산시,45200,충청남도 아산시 배방읍 갈매길 42-25,충청남도 아산시 배방읍 갈매리 4-4,36.7660469263,127.0871534721,30,충청남도 아산시청,041-540-2737,충남아산경찰서,Y,,,2025-05-12,4520000,충청남도 아산시
01,역2리 경로당,충청남도,아산시,45200,충청남도 아산시 영인면 토정로 199,충청남도 아산시 영인면 역리 234-4,36.8758380083,126.9634121894,30,충청남도 아산시청,041-540-2737,충남아산경찰서,N,,,2025-05-12,4520000,충청남도 아산시
01,창용3리 경로당,충청남도,아산시,45200,충청남도 아산시 영인면 아산호로784번길23,충청남도 아산시 영인면 창용리 27-61,36.9116717818,126.9897975108,30,충청남도 아산시청,041-540-2737,충남아산경찰서,N,,,2025-05-12,4520000,충청남도 아산시
01,신유1리 경로당,충청남도,아산시,45200,충청남도 아산시 도고면 도고산로 433-10,충청남도 아산시 도고면 신유리 225,36.7382125505,126.9146457746,30,충청남도 아산시청,041-540-2737,충남아산경찰서,N,,,2025-05-12,4520000,충청남도 아산시
01,궁평1리 경로당,충청남도,아산시,45200,충청남도 아산시 선장면 삽교천로136번길25,충청남도 아산시 선장면 궁평리 34,36.8145065815,126.8570526288,30,충청남도 아산시청,041-540-2737,충남아산경찰서,N,,,2025-05-12,4520000,충청남도 아산시
01,대흥2리 경로당,충청남도,아산시,45200,충청남도 아산시 선장면 대흥길16번길 15-9,충청남도 아산시 선장면 대흥리 200-31,36.8104102005,126.8725678663,30,충청남도 아산시청,041-540-2737,충남아산경찰서,N,,,2025-05-12,4520000,충청남도 아산시
01,홍곳리 경로당,충청남도,아산시,45200,충청남도 아산시 선장면 서부북로105번길11,충청남도 아산시 선장면 홍곳리 68-2,36.8140435525,126.8824386739,30,충청남도 아산시청,041-540-2737,충남아산경찰서,N,,,2025-05-12,4520000,충청남도 아산시
01,가산2리 경로당,충청남도,아산시,45200,충청남도 아산시 선장면 가산북길 15-18,충청남도 아산시 선장면 가산리 46-2,36.8243693786,126.860758831,30,충청남도 아산시청,041-540-2737,충남아산경찰서,N,,,2025-05-12,4520000,충청남도 아산시
1,해석경로당,전라남도,함평군,46860,전라남도 함평군 손불면 석산로 267,전라남도 함평군 손불면 석창리 209번지,35.10751239,126.4455646,30,전라남도 함평군,061-320-1964,함평경찰서,N,0,300,2025-09-08,4960000,전라남도 함평군
1,죽림경로당,전라남도,함평군,46860,전라남도 함평군 손불면 죽암죽장길 104,전라남도 함평군 손불면 죽암리 422,35.1197638,126.4778356,30,전라남도 함평군,061-320-1964,함평경찰서,N,0,400,2025-09-08,4960000,전라남도 함평군
1,나막경로당,전라남도,함평군,46860,전라남도 함평군 대동면 나막길 50,전라남도 함평군 대동면 금곡리 727-5,35.0770372,126.5757377,30,전라남도 함평군,061-320-1964,함평경찰서,N,0,500,2025-09-08,4960000,전라남도 함평군
1,고양촌마을,전라남도,함평군,46860,전라남도 함평군 함평읍 고양촌길 45,전라남도 함평군 함평읍 대덕리 1032-4,35.08177045,126.5018154,30,전라남도 함평군,061-320-1964,함평경찰서,N,0,600,2025-09-08,4960000,전라남도 함평군
1,저수마을경로당,전라남도,함평군,46860,전라남도 함평군 손불면 신동길 112-24,전라남도 함평군 손불면 월천리 179-6,35.145619,126.414289,30,전라남도 함평군,061-320-1964,함평경찰서,N,0,300,2025-09-08,4960000,전라남도 함평군
1,엄다면 복지회관,전라남도,함평군,46860,전라남도 함평군 엄다면 엄다길 55,전라남도 함평군 엄다면 엄다리 803-5,35.010064,126.5162261,30,전라남도 함평군,061-320-1964,함평경찰서,N,0,700,2025-09-08,4960000,전라남도 함평군
1,신광노인복지센터,전라남도,함평군,46860,전라남도 함평군 신광면 신광중앙길 63,전라남도 함평군 신광면 백운리 376-2,35.152733,126.496122,30,전라남도 함평군,061-320-1964,함평경찰서,N,0,300,2025-09-08,4960000,전라남도 함평군
1,성애양로원,전라남도,함평군,46860,전라남도 함평군 함평읍 남일길 79,전라남도 함평군 함평읍 함평리 256,35.06559946,126.5122976,30,전라남도 함평군,061-320-1964,함평경찰서,N,0,300,2025-09-08,4960000,전라남도 함평군
1,함평노인복지회관,전라남도,함평군,46860,전라남도 함평군 함평읍 들샘길 36,전라남도 함평군 함평읍 내교리 174-16,35.06121348,126.5218262,30,전라남도 함평군,061-320-1964,함평경찰서,N,0,260,2025-09-08,4960000,전라남도 함평군
2,백석생활체육시설,경기도,고양시,41280,경기도 고양시 일산동구 일산로 136 (백석동),경기도 고양시 일산동구 백석동 1233,37.64871693,126.7948051,50,경기도 고양시청,031-8075-2967,일산동부경찰서,Y,1,25,2025-09-09,3940000,경기도 고양시
2,박애원,경기도,고양시,41280,경기도 고양시 일산동구 상지석길 441 (설문동),경기도 고양시 일산동구 설문동 701-1,37.72682151,126.7949398,50,경기도 고양시청,031-8075-2967,일산동부경찰서,Y,1,30,2025-09-09,3940000,경기도 고양시
2,고양시일산종합사회복지관,경기도,고양시,41280,경기도 고양시 일산서구 고양대로654 (일산동),경기도 고양시 일산서구 일산동 620-3,37.68451135,126.7685039,30,경기도 고양시청,031-8075-2967,일산서부경찰서,Y,1,20,2025-09-09,3940000,경기도 고양시
2,문촌9종합사회복지관,경기도,고양시,41280,경기도 고양시 일산서구 주엽로 156 (주엽동),경기도 고양시 일산서구 주엽동 23,37.67221575,126.760176,30,경기도 고양시청,031-8075-2967,일산서부경찰서,Y,1,20,2025-09-09,3940000,경기도 고양시
2,대화노인종합복지관,경기도,고양시,41280,경기도 고양시 일산서구 일산로 778 (대화동),경기도 고양시 일산서구 대화동 2237,37.67447522,126.7481578,30,경기도 고양시청,031-8075-2967,일산서부경찰서,Y,2,20,2025-09-09,3940000,경기도 고양시
2,일산노인종합복지관,경기도,고양시,41280,경기도 고양시 일산동구 호수로 731 (장항동),경기도 고양시 일산동구 장항동 906,37.66444706,126.7604422,50,경기도 고양시청,031-8075-2967,일산동부경찰서,Y,1,35,2025-09-09,3940000,경기도 고양시
2,고양어울림누리,경기도,고양시,41280,경기도 고양시 덕양구 어울림로 33 (성사동),경기도 고양시 덕양구 성사동 826,37.64905648,126.835368,30,경기도 고양시청,031-8075-2967,고양경찰서,Y,1,10,2025-09-09,3940000,경기도 고양시
2,향동종합사회복지관,경기도,고양시,41280,"경기도 고양시 덕양구 향기5로 55 (향동동, 고양향동엘에이치1단지)",경기도 고양시 덕양구 향동동 407 고양향동엘에이치1단지,37.60771794,126.8964441,30,경기도 고양시청,031-8075-2967,고양경찰서,Y,1,18,2025-09-09,3940000,경기도 고양시
2,덕양행신종합사회복지관,경기도,고양시,41280,경기도 고양시 덕양구 서정마을2로 13 (행신동),경기도 고양시 덕양구 행신동 1064-1,37.62138226,126.8471264,30,경기도 고양시청,031-8075-2967,고양경찰서,Y,1,23,2025-09-09,3940000,경기도 고양시
2,덕양노인종합복지관,경기도,고양시,41280,경기도 고양시 덕양구 어울림로 49 (화정동),경기도 고양시 덕양구 화정동 846,37.64849418,126.8368608,50,경기도 고양시청,031-8075-2967,고양경찰서,Y,1,30,2025-09-09,3940000,경기도 고양시
1,진죽3리경로당,충청남도,보령시,45100,충청남도 보령시 청소면 송덕신송길 98,충청남도 보령시 청소면 진죽리 941-4,36.45163947,126.5718899,30,충청남도 보령시,041-930-3981,충남보령경찰서,Y,1,8,2025-12-01,4510000,충청남도 보령시
1,풍계리경로당,충청남도,보령시,45100,충청남도 보령시 미산면 풍년동길 6,충청남도 보령시 미산면 풍계리 383-4,36.28717828,126.6692143,30,충청남도 보령시,041-930-3981,충남보령경찰서,Y,1,8,2025-12-01,4510000,충청남도 보령시
1,소황1리경로당,충청남도,보령시,45100,충청남도 보령시 웅천읍 소황4길 37,충청남도 보령시 웅천읍 소황리 951,36.22415152,126.5457941,30,충청남도 보령시,041-930-3981,충남보령경찰서,Y,1,8,2025-12-01,4510000,충청남도 보령시
1,대창4리경로당,충청남도,보령시,45100,충청남도 보령시 웅천읍 대창증산로 68,충청남도 보령시 웅천읍 대창리 250-1,36.22021421,126.6022492,30,충청남도 보령시,041-930-3981,충남보령경찰서,Y,1,8,2025-12-01,4510000,충청남도 보령시
1,야현2리경로당,충청남도,보령시,45100,충청남도 보령시 청소면 비야들길 56,충청남도 보령시 청소면 야현리 35-8,36.440512,126.5953594,30,충청남도 보령시,041-930-3981,충남보령경찰서,Y,1,8,2025-12-01,4510000,충청남도 보령시
1,하만1.2리경로당,충청남도,보령시,45100,충청남도 보령시 천북면 홍보로 504-16,충청남도 보령시 천북면 하만리 273,36.482108,126.5281652,30,충청남도 보령시,041-930-3981,충남보령경찰서,Y,1,8,2025-12-01,4510000,충청남도 보령시
1,수부1리경로당,충청남도,보령시,45100,충청남도 보령시 웅천읍 만수로 454-7,충청남도 보령시 웅천읍 수부리 878-2,36.26991259,126.6255549,30,충청남도 보령시,041-930-3981,충남보령경찰서,Y,1,8,2025-12-01,4510000,충청남도 보령시
1,의식경로당,충청남도,보령시,45100,충청남도 보령시 청소면 광천로 77,충청남도 보령시 청소면 죽림리 415-91,36.48300167,126.6147789,30,충청남도 보령시,041-930-3981,충남보령경찰서,Y,1,8,2025-12-01,4510000,충청남도 보령시
1,대천13통경로당,충청남도,보령시,45100,충청남도 보령시 구시4길 21-4(대천동),충청남도 보령시 대천동 300-43,36.3464242,126.5934313,30,충청남도 보령시,041-930-3981,충남보령경찰서,Y,1,8,2025-12-01,4510000,충청남도 보령시
01,성심요양원,경상북도,구미시,47190,경상북도 구미시 선산읍 선주로11길 16,경상북도 구미시 선산읍 노상리 82-3,36.24519196,128.296434,30,경상북도 구미시청,054-480-6275,구미경찰서,N,0,6~8,2025-09-09,5080000,경상북도 구미시
01,가산2리 경로당,경상북도,구미시,47190,경상북도 구미시 도개면 용산가산길 301,경상북도 구미시 도개면 가산리 153-6,36.3199559,128.2966236,30,경상북도 구미시청,054-480-6275,구미경찰서,N,0,6,2025-09-09,5080000,경상북도 구미시
01,문화마을 경로당,경상북도,구미시,47190,경상북도 구미시 무을면 송삼1길 12-4,경상북도 구미시 무을면 송삼리 806-1,36.261444,128.1977783,30,경상북도 구미시청,054-480-6275,구미경찰서,Y,1,10~12,2025-09-09,5080000,경상북도 구미시
01,원평2동 제2경로당,경상북도,구미시,47190,경상북도 구미시 구미중앙로 32,경상북도 구미시 원평동 60-51,36.13069179,128.326597,30,경상북도 구미시청,054-480-6275,구미경찰서,Y,1,20,2025-09-09,5080000,경상북도 구미시
01,덕촌1리노인회관,경상북도,구미시,47190,경상북도 구미시 옥성면 덕촌2길 36,경상북도 구미시 옥성면 덕촌리 582,36.2544068,128.2503793,30,경상북도 구미시청,054-480-6275,구미경찰서,Y,1,6,2025-09-09,5080000,경상북도 구미시
01,신림리 노인회관,경상북도,구미시,47190,경상북도 구미시 도개면 도군로 132,경상북도 구미시 도개면 신림리 454-6,36.28139038,128.3535571,30,경상북도 구미시청,054-480-6275,구미경찰서,Y,4,8~10,2025-09-09,5080000,경상북도 구미시
01,월림1리 경로당,경상북도,구미시,47190,경상북도 구미시 도개면 월림2길 102-1,경상북도 구미시 도개면 월림리 946-1,36.308475,128.3111911,30,경상북도 구미시청,054-480-6275,구미경찰서,Y,2,4~6,2025-09-09,5080000,경상북도 구미시
01,송산리 경로당,경상북도,구미시,47190,경상북도 구미시 산동읍 송백로 937,경상북도 구미시 산동읍 송산리 290-5,36.22092972,128.479755,30,경상북도 구미시청,054-480-6275,구미경찰서,Y,2,5,2025-09-09,5080000,경상북도 구미시
01,대망2리 노인회관,경상북도,구미시,47190,경상북도 구미시 고아읍 원대로 362,경상북도 구미시 고아읍 대망리 684-1,36.182694,128.316224,30,경상북도 구미시청,054-480-6275,구미경찰서,Y,1,8~10,2025-09-09,5080000,경상북도 구미시
01,이례1리 노인회관,경상북도,구미시,47190,경상북도 구미시 고아읍 이례로 90,경상북도 구미시 고아읍 이례리 488,36.2061352,128.325206,30,경상북도 구미시청,054-480-6275,구미경찰서,N,0,20,2025-09-09,5080000,경상북도 구미시
1,덕정6통마을회관,경기도,양주시,41630,경기도 양주시 화합로1325번길 352,경기도 양주시 덕정동 41-6,37.84916059,127.0704298,30,경기도 양주시 도로관리과,031-8082-6731,양주경찰서,N,0,6,2025-09-11,5590000,경기도 양주시
1,신암2리마을회관,경기도,양주시,41630,경기도 양주시 남면 감악산로489번길 46,경기도 양주시 남면 신암리 59-2,37.90499523,126.9612214,30,경기도 양주시 도로관리과,031-8082-6731,양주경찰서,N,0,6,2025-09-11,5590000,경기도 양주시
1,봉양4통마을회관,경기도,양주시,41630,경기도 양주시 칠봉산로168번길 75,경기도 양주시 봉양동 265,37.85090968,127.0838059,30,경기도 양주시 도로관리과,031-8082-6731,양주경찰서,N,0,6,2025-09-11,5590000,경기도 양주시
1,봉양3통마을회관,경기도,양주시,41630,경기도 양주시 평화로1970번길 91,경기도 양주시 봉양동 881-22,37.8614472,127.0628406,30,경기도 양주시 도로관리과,031-8082-6731,양주경찰서,N,0,3,2025-09-11,5590000,경기도 양주시
1,운암2리경로당,경기도,양주시,41630,경기도 양주시 은현면 운하로137번길 65,경기도 양주시 은현면 운암리 412-14,37.88166577,127.0113429,30,경기도 양주시 도로관리과,031-8082-6731,양주경찰서,N,0,3,2025-09-11,5590000,경기도 양주시
1,도하2리마을회관,경기도,양주시,41630,경기도 양주시 은현면 그루고개로371번길 218,경기도 양주시 은현면 도하리 432-7,37.84734595,127.0019189,30,경기도 양주시 도로관리과,031-8082-6731,양주경찰서,N,0,6,2025-09-11,5590000,경기도 양주시
1,갈산경로당,충청북도,괴산군,43760,충청북도 괴산군 칠성면 연풍로 110-1,,36.77674396,127.8919164,30,도로관리사업소,043-220-6033,충청북도 괴산경찰서,N,,,2025-12-18,4460000,충청북도 괴산군
1,고마3경로당,충청북도,괴산군,43760,충청북도 괴산군 소수면 원소로고마2길 14,,36.83721292,127.7260827,30,도로관리사업소,043-220-6033,충청북도 괴산경찰서,N,,,2025-12-18,4460000,충청북도 괴산군
1,추점노인정,충청북도,괴산군,43760,충청북도 괴산군 장연면 미선로추점3길 17-13,,36.85468441,127.951090,30,도로관리사업소,043-220-6033,충청북도 괴산경찰서,N,,,2025-12-18,4460000,충청북도 괴산군
1,원풍경로당,충청북도,괴산군,43760,충청북도 괴산군 연풍면 신풍길 19-13,,36.78714831,128.0156695,30,충청북도 괴산군청,043-830-3534,충청북도 괴산경찰서,N,,,2025-12-18,4460000,충청북도 괴산군
1,옥현1노인정,충청북도,괴산군,43760,충청북도 괴산군 소수면 옥현1길 1,,36.87311109,127.6951342,30,도로관리사업소,043-220-6033,충청북도 괴산경찰서,N,,,2025-12-18,4460000,충청북도 괴산군
1,수진1리노인정,충청북도,괴산군,43760,충청북도 괴산군 괴산읍 수진3길 7,,36.81433883,127.7877561,30,충청북도 괴산군청,043-830-3534,충청북도 괴산경찰서,N,,,2025-12-18,4460000,충청북도 괴산군
1,소암1리경로당,충청북도,괴산군,43760,충청북도 괴산군 소수면 원소로명덕2길 10,,36.84104096,127.7177957,30,도로관리사업소,043-220-6033,충청북도 괴산경찰서,N,,,2025-12-18,4460000,충청북도 괴산군
1,신기노인정,충청북도,괴산군,43760,충청북도 괴산군 괴산읍 관동로 514-1,,36.84491461,127.7974582,30,도로관리사업소,043-220-6033,충청북도 괴산경찰서,N,,,2025-12-18,4460000,충청북도 괴산군
1,동막경로당,충청남도,홍성군,44800,충청남도 홍성군 홍동면 홍동길 66,충청남도 홍성군 홍동면 구정리 233-2,36.562122,126.703239,30,충청남도 홍성군청,041-630-1446,충남홍성경찰서,N,0,5,2025-12-31,4600000,충청남도 홍성군
1,신촌경로당,충청남도,홍성군,44800,충청남도 홍성군 화양리 금북로 46,충청남도 홍성군 금마면 화양리 399-34,36.622237,126.713039,30,충청남도 홍성군청,041-630-1446,충남홍성경찰서,N,0,6,2025-12-31,4600000,충청남도 홍성군
1,내현경로당,충청남도,홍성군,44800,충청남도 홍성군 구항면 거북로 440,충청남도 홍성군 구항면 내현리 375-1,36.57052522,126.6092873,30,충청남도 홍성군청,041-630-1446,충남홍성경찰서,N,0,6,2025-12-31,4600000,충청남도 홍성군
1,목과경로당,충청남도,홍성군,44800,충청남도 홍성군 갈산면 백야로 390,충청남도 홍성군 갈산면 와리 95,36.58730101,126.5547518,30,충청남도 홍성군청,041-630-1446,충남홍성경찰서,N,0,6.5,2025-12-31,4600000,충청남도 홍성군
1,하리경로당,충청남도,홍성군,44800,충청남도 홍성군 서부면 서부서길 456,충청남도 홍성군 서부면 궁리 542-1,36.58982014,126.4601162,30,충청남도 홍성군청,041-630-1446,충남홍성경찰서,N,0,6.5,2025-12-31,4600000,충청남도 홍성군
1,수란경로당,충청남도,홍성군,44800,충청남도 홍성군 홍동면 광금북로114번길 13,충청남도 홍성군 홍동면 수란리 517,36.58151114,126.7221168,30,충청남도 홍성군청,041-630-1446,충남홍성경찰서,N,0,5,2025-12-31,4600000,충청남도 홍성군
1,소향1구경로당,충청남도,홍성군,44800,충청남도 홍성군 홍성읍 소향길 76-7,충청남도 홍성군 홍성읍 소향리 158-1,36.61089541,126.655408,30,충청남도 홍성군청,041-630-1446,충남홍성경찰서,N,0,6.5,2025-12-31,4600000,충청남도 홍성군
1,월실경로당,충청남도,홍성군,44800,충청남도 홍성군 은하면 은하로 316,충청남도 홍성군 은하면 대천리 273-4,36.53661571,126.5924314,30,충청남도 홍성군청,041-630-1446,충남홍성경찰서,N,0,6,2025-12-31,4600000,충청남도 홍성군
1,장촌경로당,충청남도,홍성군,44800,충청남도 홍성군 은하면 은하로406번길 156,충청남도 홍성군 은하면 장곡리 239-8,36.55123827,126.6063121,30,충청남도 홍성군청,041-630-1446,충남홍성경찰서,N,0,6.5,2025-12-31,4600000,충청남도 홍성군
1,덕진노인복지관,전북특별자치도,전주시 덕진구,52113,전북특별자치도 전주시 덕진구 송천중앙로 36,전북특별자치도 전주시 덕진구 덕진동2가 174,35.85001844,127.1205915,30,전북특별자치도 전주시청,063-281-5021,전주덕진경찰서,N,1,,2025-08-10,4641000,전북특별자치도 전주시
1,노송천노인복지관,전북특별자치도,전주시 완산구,52111,전북특별자치도 전주시 완산구 공북로 101,전북특별자치도 전주시 완산구 서노송동 651-18,35.82665337,127.143008,30,전북특별자치도 전주시청,063-281-5021,전주완산경찰서,N,2,,2025-08-10,4641000,전북특별자치도 전주시
1,꽃밭정이노인복지관,전북특별자치도,전주시 완산구,52111,전북특별자치도 전주시 완산구 평화14길 27-53,전북특별자치도 전주시 완산구 평화동2가 230-2,35.79138014,127.1348255,30,전북특별자치도 전주시청,063-281-5021,전주완산경찰서,Y,,,2025-08-10,4641000,전북특별자치도 전주시
1,기린봉노인복지관,전북특별자치도,전주시 완산구,52111,전북특별자치도 전주시 완산구 관선1길 60,전북특별자치도 전주시 완산구 남노송동 156-13,35.81904744,127.1572408,30,전북특별자치도 전주시청,063-281-5021,전주완산경찰서,Y,5,,2025-08-10,4641000,전북특별자치도 전주시
1,금암노인복지관 별관,전북특별자치도,전주시 덕진구,52113,전북특별자치도 전주시 덕진구 삼송1길 31,전북특별자치도 전주시 덕진구 금암동 628-48,35.84291334,127.134481,30,전북특별자치도 전주시청,063-281-5021,전주덕진경찰서,N,,,2025-08-10,4641000,전북특별자치도 전주시
1,금암노인복지관,전북특별자치도,전주시 덕진구,52113,전북특별자치도 전주시 덕진구 삼송5길 12,전북특별자치도 전주시 덕진구 금암동 1546-1,35.84330727,127.1372818,30,전북특별자치도 전주시청,063-281-5021,전주덕진경찰서,N,2,,2025-08-10,4641000,전북특별자치도 전주시
1,당곡경로당,충청남도,홍성군,44800,충청남도 홍성군 금마면 홍양길43번길 66,충청남도 홍성군 금마면 신곡리 188-13,36.60218415,126.7018762,30,충청남도 홍성군청,041-630-1446,충남홍성경찰서,N,0,6.5,2025-12-31,4600000,충청남도 홍성군
1,내기경로당,충청남도,홍성군,44800,충청남도 홍성군 금마면 충서로2036번길 32,충청남도 홍성군 금마면 죽림리 140,36.61679217,126.7125599,30,충청남도 홍성군청,041-630-1446,충남홍성경찰서,N,0,6.5,2025-12-31,4600000,충청남도 홍성군
1,가좌동경로당,충청남도,홍성군,44800,충청남도 홍성군 홍성읍 충서로1707번길 366-2,충청남도 홍성군 홍성읍 대교리 30-2,36.60577826,126.6772135,30,충청남도 홍성군청,041-630-1446,충남홍성경찰서,N,0,6.5,2025-12-31,4600000,충청남도 홍성군
1,사천경로당,충청남도,홍성군,44800,충청남도 홍성군 갈산면 갈산서길301번길 48,충청남도 홍성군 갈산면 기산리 196-6,36.62189536,126.521726,30,충청남도 홍성군청,041-630-1446,충남홍성경찰서,N,0,5,2025-12-31,4600000,충청남도 홍성군
1,청로노인복지센터,충청남도,홍성군,44800,충청남도 홍성군 홍성읍 구항길 337,충청남도 홍성군 홍성읍 월산리 796,36.58761006,126.6339964,30,충청남도 홍성군청,041-630-1446,충남홍성경찰서,N,0,7,2025-12-31,4600000,충청남도 홍성군
2,한누리,충청남도,홍성군,44800,충청남도 홍성군 결성면 산업로 186,충청남도 홍성군 결성면 성곡리 423-7,36.55718689,126.5583557,30,충청남도 홍성군청,041-630-1446,충남홍성경찰서,N,0,6,2025-12-31,4600000,충청남도 홍성군
1,동산경로당,충청남도,홍성군,44800,충청남도 홍성군 갈산면 동산1길 3,충청남도 홍성군 갈산면 동산리 401-5,36.59724081,126.5843168,30,충청남도 홍성군청,041-630-1458,충남홍성경찰서,N,0,5.5,2025-12-31,4600000,충청남도 홍성군
1,유송경로당,충청남도,홍성군,44800,충청남도 홍성군 은하면 은하로406번길 11,충청남도 홍성군 은하면 유송리 126-8,36.54486447,126.5931029,30,충청남도 홍성군청,041-630-1458,충남홍성경찰서,N,0,7,2025-12-31,4600000,충청남도 홍성군
1,신덕1리노인회관,충청남도,보령시,45100,충청남도 보령시 천북면 도덕재길 3,충청남도 보령시 천북면 신덕리 412-2,36.49528471,126.5760696,30,충청남도 보령시,041-930-3981,충남보령경찰서,Y,1,8,2025-12-01,4510000,충청남도 보령시
1,사호경로당,충청남도,보령시,45100,충청남도 보령시 천북면 선악골길 71,충청남도 보령시 천북면 사호리 134-2,36.479887,126.5130036,30,충청남도 보령시,041-930-3981,충남보령경찰서,Y,1,8,2025-12-01,4510000,충청남도 보령시
1,신평경로당,충청남도,보령시,45100,충청남도 보령시 천변북길 135,충청남도 보령시 대천동 618-7,36.35217014,126.601461,30,충청남도 보령시,041-930-3981,충남보령경찰서,Y,1,8,2025-12-01,4510000,충청남도 보령시
1,소성2리경로당,충청남도,보령시,45100,충청남도 보령시 오천면 소성안길 29,충청남도 보령시 오천면 소성리 929-2,36.43804534,126.5204117,30,충청남도 보령시,041-930-3981,충남보령경찰서,Y,1,8,2025-12-01,4510000,충청남도 보령시
1,소양1리경로당,충청남도,보령시,45100,충청남도 보령시 청라면 원모루길 401,충청남도 보령시 청라면 나원리 1120,36.39081178,126.6831053,30,충청남도 보령시,041-930-3981,충남보령경찰서,Y,1,8,2025-12-01,4510000,충청남도 보령시
1,내현2리경로당,충청남도,보령시,45100,충청남도 보령시 청라면 대청로 779,충청남도 보령시 청라면 내현리 896,36.38956565,126.6586472,30,충청남도 보령시,041-930-3981,충남보령경찰서,Y,1,8,2025-12-01,4510000,충청남도 보령시
1,증산3리경로당,충청남도,보령시,45100,충청남도 보령시 주산면 대창증산로 323,충청남도 보령시 주산면 증산리 339,36.20351993,126.5871844,30,충청남도 보령시,041-930-3981,충남보령경찰서,Y,1,8,2025-12-01,4510000,충청남도 보령시
1,소성1리경로당,충청남도,보령시,45100,충청남도 보령시 오천면 솟재길 279,충청남도 보령시 오천면 소성리 483,36.43630465,126.524183,30,충청남도 보령시,041-930-3981,충남보령경찰서,Y,1,8,2025-12-01,4510000,충청남도 보령시
1,대천16통노인회관,충청남도,보령시,45100,충청남도 보령시 구시11길 78-5,충청남도 보령시 대천동 1235-9,36.34683003,126.5882384,30,충청남도 보령시,041-930-3981,충남보령경찰서,Y,1,8,2025-12-01,4510000,충청남도 보령시
1,신대4리경로당,충청남도,보령시,45100,충청남도 보령시 주교면 창머리1길 21,충청남도 보령시 주교면 신대리 1220,36.3670403,126.579601,30,충청남도 보령시,041-930-3981,충남보령경찰서,Y,1,8,2025-12-01,4510000,충청남도 보령시
1,봉덕2리노인회관,충청남도,보령시,45100,충청남도 보령시 남포면 남포역전길 125,충청남도 보령시 남포면 봉덕리 633,36.31383676,126.594982,30,충청남도 보령시,041-930-3981,충남보령경찰서,Y,1,8,2025-12-01,4510000,충청남도 보령시
1,대로1리 경로당,충청남도,서산시,44210,충청남도 서산시 대산읍 가로림로 264,,36.946828,126.4031949,30,충청남도 서산시청,041-660-2735,서산경찰서,N,,,2025-04-23,4530000,충청남도 서산시
1,대산3리 경로당,충청남도,서산시,44210,충청남도 서산시 대산읍 가로림로 73-6,,36.9423588,126.4221778,30,충청남도 서산시청,041-660-2735,서산경찰서,N,,,2025-04-23,4530000,충청남도 서산시
1,월계2구경로당,충청남도,홍성군,44800,충청남도 홍성군 장곡면 장곡동길 594,충청남도 홍성군 장곡면 월계리 248-4,36.53359956,126.735082,30,충청남도 홍성군청,041-630-1458,충남홍성경찰서,N,0,7,2025-12-31,4600000,충청남도 홍성군
1,하담경로당,충청남도,홍성군,44800,충청남도 홍성군 광천읍 담산길 113,충청남도 홍성군 광천읍 담산리 228,36.49632354,126.6426721,30,충청남도 홍성군청,041-630-1458,충남홍성경찰서,N,0,7,2025-12-31,4600000,충청남도 홍성군
1,서문동경로당,충청남도,홍성군,44800,충청남도 홍성군 홍성읍 조양로75번길 26-3,충청남도 홍성군 홍성읍 오관리 750,36.60217941,126.6584054,30,충청남도 홍성군청,041-630-1458,충남홍성경찰서,N,0,7,2025-12-31,4600000,충청남도 홍성군
1,취생경로당,충청남도,홍성군,44800,충청남도 홍성군 갈산면 갈산서길475번길 6,충청남도 홍성군 갈산면 취생리 97-1,36.63739708,126.5316026,30,충청남도 홍성군청,041-630-1458,충남홍성경찰서,N,0,7,2025-12-31,4600000,충청남도 홍성군
1,산막경로당,충청남도,홍성군,44800,충청남도 홍성군 서부면 서부서길 262,충청남도 홍성군 서부면 궁리 234-2,36.5953887,126.4775067,30,충청남도 홍성군청,041-630-1457,충남홍성경찰서,N,0,6.5,2025-12-31,4600000,충청남도 홍성군
1,사랑의둥지,충청남도,홍성군,44800,충청남도 홍성군 결성면 만해로 422,충청남도 홍성군 결성면 교항리 32-4,36.56857425,126.5435011,30,충청남도 홍성군청,041-630-1456,충남홍성경찰서,N,0,6.5,2025-12-31,4600000,충청남도 홍성군
1,행복한집,충청남도,보령시,45100,충청남도 보령시 남포면 봉덕2길 14,충청남도 보령시 남포면 봉덕리 482-20,36.323368,126.6023006,30,충청남도 보령시,041-930-3981,충남보령경찰서,Y,1,8,2025-12-01,4510000,충청남도 보령시
1,교성3리노인회관,충청남도,보령시,45100,충청남도 보령시 오천면 도미항로 392,충청남도 보령시 오천면 교성리 1209-2,36.44950788,126.5528676,30,충청남도 보령시,041-930-3981,충남보령경찰서,Y,1,8,2025-12-01,4510000,충청남도 보령시
1,대야노인회관,충청남도,보령시,45100,충청남도 보령시 남포면 농장길 122-18,충청남도 보령시 남포면 봉덕리 62-3,36.31875326,126.5978515,30,충청남도 보령시,041-930-3981,충남보령경찰서,Y,1,8,2025-12-01,4510000,충청남도 보령시
1,두룡1리노인회관,충청남도,보령시,45100,충청남도 보령시 웅천읍 충서로 1284-5,충청남도 보령시 웅천읍 두룡리 128-7,36.26026606,126.5861116,30,충청남도 보령시,041-930-3981,충남보령경찰서,Y,1,8,2025-12-01,4510000,충청남도 보령시
1,황룡1리경로당,충청남도,보령시,45100,충청남도 보령시 청라면 넙티로 926-4,충청남도 보령시 청라면 황룡리 809-1,36.4136063,126.6490695,30,충청남도 보령시,041-930-3981,충남보령경찰서,Y,1,8,2025-12-01,4510000,충청남도 보령시
1,옥계1리노인회관,충청남도,보령시,45100,충청남도 보령시 청라면 죽성로 561,충청남도 보령시 청라면 옥계리 539-5,36.4052736,126.6350692,30,충청남도 보령시,041-930-3981,충남보령경찰서,Y,1,8,2025-12-01,4510000,충청남도 보령시
1,동문42통 경로당,충청남도,서산시,44210,충청남도 서산시 율지12길 20,,36.7835104313,126.4621879256,30,충청남도 서산시청,041-660-2735,서산경찰서,N,,,2025-04-23,4530000,충청남도 서산시
1,문양2리 경로당,충청남도,서산시,44210,충청남도 서산시 음암면 문양2길 81,,36.8245964224,126.5126101888,30,충청남도 서산시청,041-660-2735,서산경찰서,N,,,2025-04-23,4530000,충청남도 서산시
1,대산2리 경로당,충청남도,서산시,44210,충청남도 서산시 대산읍 수구물로 21,,36.9375627539,126.4306084360,30,충청남도 서산시청,041-660-2735,서산경찰서,N,,,2025-04-23,4530000,충청남도 서산시
1,갈산2통 마을회관,충청남도,서산시,44210,충청남도 서산시 갈산2길 6,,36.7877118725,126.4276711122,30,충청남도 서산시청,041-660-2735,서산경찰서,N,,,2025-04-23,4530000,충청남도 서산시
1,휴암리 회관,충청남도,서산시,44210,충청남도 서산시 해미면 용암휴암길 298,,36.70653434,126.5503325,30,충청남도 서산시청,041-660-2735,서산경찰서,N,,,2025-04-23,4530000,충청남도 서산시
1,양천1리 경로당,충청남도,서산시,44210,충청남도 서산시 고북면 문화마을2로 17,,36.65924699,126.5313016,30,충청남도 서산시청,041-660-2735,서산경찰서,N,,,2025-04-23,4530000,충청남도 서산시
1,기포1리 경로당,충청남도,서산시,44210,충청남도 서산시 고북면 기포1길 63-8,,36.6662046841,126.5230475,30,충청남도 서산시청,041-660-2735,서산경찰서,N,,,2025-04-23,4530000,충청남도 서산시
1,가좌1리 마을회관,충청남도,서산시,44210,충청남도 서산시 운산면 가재울1길 149,,36.79663522,126.5637347634,30,충청남도 서산시청,041-660-2735,서산경찰서,N,,,2025-04-23,4530000,충청남도 서산시
1,무장2리 마을회관,충청남도,서산시,44210,충청남도 서산시 지곡면 무장길 78-6,,36.85773415,126.4568326,30,충청남도 서산시청,041-660-2735,서산경찰서,N,,,2025-04-23,4530000,충청남도 서산시
1,석산경로당,충청남도,홍성군,44800,충청남도 홍성군 홍동면 팔괘1길 5,충청남도 홍성군 홍동면 팔괘리 305-1,36.57530583,126.6974823,30,충청남도 홍성군청,041-630-1455,충남홍성경찰서,N,0,7,2025-12-31,4600000,충청남도 홍성군
1,주봉경로당,충청남도,홍성군,44800,충청남도 홍성군 홍북읍 금북로 366,충청남도 홍성군 홍북읍 산수리 462-1,36.64962341,126.7218254,30,충청남도 홍성군청,041-630-1454,충남홍성경찰서,N,0,7,2025-12-31,4600000,충청남도 홍성군
1,안흥동경로당,충청남도,홍성군,44800,충청남도 홍성군 서부면 남당항로 15,충청남도 홍성군 서부면 신리 566-2,36.53257043,126.4901954,30,충청남도 홍성군청,041-630-1453,충남홍성경찰서,N,0,6.5,2025-12-31,4600000,충청남도 홍성군
1,상하중경로당,충청남도,홍성군,44800,충청남도 홍성군 홍동면 홍동길 197,충청남도 홍성군 홍동면 금평리 486,36.55197909,126.6999537,30,충청남도 홍성군청,041-630-1452,충남홍성경찰서,N,0,6.5,2025-12-31,4600000,충청남도 홍성군
1,두지동경로당,충청남도,홍성군,44800,충청남도 홍성군 결성면 산업로 388,충청남도 홍성군 결성면 용호리 51-3,36.57505328,126.558482,30,충청남도 홍성군청,041-630-1451,충남홍성경찰서,N,0,6.5,2025-12-31,4600000,충청남도 홍성군
1,상옹경로당,충청남도,홍성군,44800,충청남도 홍성군 광천읍 광천로 147-8,충청남도 홍성군 광천읍 옹암리 355-8,36.49029059,126.6169758,30,충청남도 홍성군청,041-630-1450,충남홍성경찰서,N,0,7,2025-12-31,4600000,충청남도 홍성군
1,속동경로당,충청남도,홍성군,44800,충청남도 홍성군 서부면 서부로43번길 226,충청남도 홍성군 서부면 상황리 457-6,36.57349395,126.4727629,30,충청남도 홍성군청,041-630-1449,충남홍성경찰서,N,0,7,2025-12-31,4600000,충청남도 홍성군
1,월산2리경로당,충청남도,홍성군,44800,충청남도 홍성군 백월로117번길 77,충청남도 홍성군 홍성읍 월산리 431-1,36.59635626,126.6391148,30,충청남도 홍성군청,041-630-1448,충남홍성경찰서,N,0,7,2025-12-31,4600000,충청남도 홍성군
1,역동경로당,충청남도,홍성군,44800,충청남도 홍성군 홍성읍 조양로232번길 11,충청남도 홍성군 홍성읍 고암리 571-6,36.59876607,126.6751301,30,충청남도 홍성군청,041-630-1447,충남홍성경찰서,N,0,7,2025-12-31,4600000,충청남도 홍성군
1,용두경로당,충청남도,홍성군,44800,충청남도 홍성군 광천읍 홍남로687번길 21-2,충청남도 홍성군 광천읍 신진리 409-33,36.504244,126.6262541,30,충청남도 홍성군청,041-630-1446,충남홍성경찰서,N,0,6.5,2025-12-31,4600000,충청남도 홍성군
1,장현경로당,충청남도,홍성군,44800,충청남도 홍성군 광천읍 광천로386번길 10,충청남도 홍성군 광천읍 신진리 393-1,36.5080994,126.625071,30,충청남도 홍성군청,041-630-1446,충남홍성경찰서,N,0,6.5,2025-12-31,4600000,충청남도 홍성군
1,서부게이트볼장,충청남도,홍성군,44800,충청남도 홍성군 서부면 서부로 569,충청남도 홍성군 서부면 이호리 311-4,36.5834296,126.5142696,30,충청남도 홍성군청,041-630-1446,충남홍성경찰서,N,0,7,2025-12-31,4600000,충청남도 홍성군
1,당곡경로당,충청남도,홍성군,44800,충청남도 홍성군 서부면 서부서길 183,충청남도 홍성군 서부면 궁리 134-4,36.594661,126.486291,30,충청남도 홍성군청,041-630-1446,충남홍성경찰서,N,0,6.5,2025-12-31,4600000,충청남도 홍성군
1,원당경로당,충청남도,홍성군,44800,충청남도 홍성군 서부면 서부서길 551-3,충청남도 홍성군 서부면 궁리 481,36.58532945,126.468621,30,충청남도 홍성군청,041-630-1446,충남홍성경찰서,N,0,6.5,2025-12-31,4600000,충청남도 홍성군
1,남문동경로당,충청남도,홍성군,44800,충청남도 홍성군 홍성읍 조양로10번길 76,충청남도 홍성군 홍성읍 오관리 443-11,36.597949,126.660595,30,충청남도 홍성군청,041-630-1446,충남홍성경찰서,N,0,6.5,2025-12-31,4600000,충청남도 홍성군
1,공수경로당,충청남도,홍성군,44800,충청남도 홍성군 광천읍 광금남로63번길 175,충청남도 홍성군 광천읍 월림리 642-1,36.53280697,126.652432,30,충청남도 홍성군청,041-630-1446,충남홍성경찰서,N,0,6,2025-12-31,4600000,충청남도 홍성군
1,고정경로당,충청남도,홍성군,44800,충청남도 홍성군 금마면 광금북로 233-21,충청남도 홍성군 금마면 용흥리 311,36.592028,126.726875,30,충청남도 홍성군청,041-630-1446,충남홍성경찰서,N,0,6.5,2025-12-31,4600000,충청남도 홍성군
1,외중경로당,충청남도,홍성군,44800,충청남도 홍성군 구항면 구항남길 456-15,충청남도 홍성군 구항면 태봉리 114-7,36.56189782,126.602459,30,충청남도 홍성군청,041-630-1446,충남홍성경찰서,N,0,6.5,2025-12-31,4600000,충청남도 홍성군
1,봉지경로당,충청남도,홍성군,44800,충청남도 홍성군 구항면 구성북로202번길 18-6,충청남도 홍성군 구항면 오봉리 263,36.60303335,126.608893,30,충청남도 홍성군청,041-630-1446,충남홍성경찰서,N,0,6.5,2025-12-31,4600000,충청남도 홍성군
1,와리경로당,충청남도,홍성군,44800,충청남도 홍성군 갈산면 백야로347번길 7,충청남도 홍성군 갈산면 와리 129-7,36.582975,126.554876,30,충청남도 홍성군청,041-630-1446,충남홍성경찰서,N,0,6.5,2025-12-31,4600000,충청남도 홍성군
1,갈오경로당,충청남도,홍성군,44800,충청남도 홍성군 갈산면 구성북로 372-12,충청남도 홍성군 갈산면 갈오리 43,36.614418,126.612771,30,충청남도 홍성군청,041-630-1446,충남홍성경찰서,N,0,6.5,2025-12-31,4600000,충청남도 홍성군
01,동암2리 마을회관,충청남도,아산시,45200,충청남도 아산시 음봉면 음봉로409번길9,충청남도 아산시 음봉면 동암리 610-9,36.84448673,127.0558168,30,충청남도 아산시청,041-540-2737,충남아산경찰서,N,,,2025-05-12,4520000,충청남도 아산시
01,초사1통 경로당,충청남도,아산시,45200,충청남도 아산시 신정로 227,충청남도 아산시 초사동 553-1,36.7445400782,126.9691720504,30,충청남도 아산시청,041-540-2737,충남아산경찰서,N,,,2025-05-12,4520000,충청남도 아산시
01,군덕1리 경로당,충청남도,아산시,45200,충청남도 아산시 선장면 선장로123,충청남도 아산시 선장면 군덕리 432-3,36.78991425,126.8610032,30,충청남도 아산시청,041-540-2737,충남아산경찰서,N,,,2025-05-12,4520000,충청남도 아산시
02,평안의집,경기도,시흥시,41390,경기도 시흥시 미산로127번길 10-8,경기도 시흥시 미산동 333-1,37.41821887,126.7937971,30,경기도 시흥시,031-310-3462,시흥경찰서,N,0,6,2025-08-25,4010000,경기도 시흥시
01,포4통 경로당,경기도,시흥시,41390,경기도 시흥시 신현로 21 (포동),경기도 시흥시 포동 4-11,37.4071548,126.7872329,30,경기도 시흥시,031-310-3462,시흥경찰서,N,0,6,2025-08-25,4010000,경기도 시흥시
01,논곡동경로당,경기도,시흥시,41390,경기도 시흥시 수인로2421번길 7,경기도 시흥시 논곡동 175-21,37.393773,126.8564075,30,경기도 시흥시,031-310-3462,시흥경찰서,N,0,10,2025-08-25,4010000,경기도 시흥시
01,포동1통 경로당,경기도,시흥시,41390,경기도 시흥시 새우개2길 36(포동),경기도 시흥시 포동 20-80,37.4030066,126.7733039,30,경기도 시흥시,031-310-3462,시흥경찰서,N,0,6,2025-08-25,4010000,경기도 시흥시
01,글라라의집,경기도,시흥시,41390,경기도 시흥시 동서로1051번안길 14(조남동),경기도 시흥시 조남동 174-27,37.38327051,126.8569063,30,경기도 시흥시,031-310-3462,시흥경찰서,N,0,6,2025-08-25,4010000,경기도 시흥시
01,대야12통 경로당,경기도,시흥시,41390,경기도 시흥시 복지로93번길 11(대야동),경기도 시흥시 대야동 444-13,37.44854854,126.7906163,30,경기도 시흥시,031-310-3462,시흥경찰서,N,0,6,2025-08-25,4010000,경기도 시흥시
01,하상1통 경로당,경기도,시흥시,41390,경기도 시흥시 하상로 14-9(하상동),경기도 시흥시 하상동 372,37.39183522,126.8138873,30,경기도 시흥시,031-310-3462,시흥경찰서,N,0,6,2025-08-25,4010000,경기도 시흥시
01,오이도 경로당,경기도,시흥시,41390,경기도 시흥시 오이도1길 30(정왕동),경기도 시흥시 정왕동 2040-1,37.34186447,126.690171,30,경기도 시흥시,031-310-3462,시흥경찰서,N,0,6,2025-08-25,4010000,경기도 시흥시
01,과림3통경로당,경기도,시흥시,41390,경기도 시흥시 금오로327번길 20(과림동),경기도 시흥시 과림동 635-1,37.43151835,126.834832,30,경기도 시흥시,031-310-3462,시흥경찰서,N,0,4,2025-08-25,4010000,경기도 시흥시
1,청용1리 경로당,충청북도,음성군,43770,충청북도 음성군 삼성면 대청로 217,,36.99661359,127.468153,40,충청북도 음성군청,043-871-3874,음성경찰서,Y,2,7,2025-12-26,4470000,충청북도 음성군
1,송학3리 은포3리 노인회관,충청남도,보령시,45100,충청남도 보령시 주교면 현육길 21,충청남도 보령시 주교면 송학리 781-1,36.37102195,126.5319794,30,충청남도 보령시,041-930-3981,충남보령경찰서,N,,8,2025-12-01,4510000,충청남도 보령시
1,주교3리 노인회관,충청남도,보령시,45100,충청남도 보령시 주교면 토정로 390,충청남도 보령시 주교면 주교리 1148,36.36826904,126.5551619,30,충청남도 보령시,041-930-3981,충남보령경찰서,N,,8,2025-12-01,4510000,충청남도 보령시
1,봉덕1리 경로당,충청남도,보령시,45100,충청남도 보령시 남포면 관동길 128,충청남도 보령시 남포면 봉덕리 485-432,36.31975211,126.6012373,30,충청남도 보령시,041-930-3981,충남보령경찰서,N,,8,2025-12-01,4510000,충청남도 보령시
1,금암1리 노인회관,충청남도,보령시,45100,충청남도 보령시 주산면 주산벚꽃로 32,충청남도 보령시 주산면 금암리 600-5,36.20236198,126.6352356,30,충청남도 보령시,041-930-3981,충남보령경찰서,N,,8,2025-12-01,4510000,충청남도 보령시
1,도화담1리 경로당,충청남도,보령시,45100,충청남도 보령시 주교면 보령북로 404,충청남도 보령시 주교면 관창리 402-8,36.37850693,126.5869793,30,충청남도 보령시,041-930-3981,충남보령경찰서,N,,8,2025-12-01,4510000,충청남도 보령시
1,수부3리 노인회관,충청남도,보령시,45100,충청남도 보령시 웅천읍 부당길 27,충청남도 보령시 웅천읍 수부리 586,36.26475645,126.617948,30,충청남도 보령시,041-930-3981,충남보령경찰서,Y,1,8,2025-12-01,4510000,충청남도 보령시
1,평2리 노인횐관,충청남도,보령시,45100,충청남도 보령시 웅천읍 하평2길 86,충청남도 보령시 웅천읍 평리 367-2,36.26479061,126.6286525,30,충청남도 보령시,041-930-3981,충남보령경찰서,Y,1,8,2025-12-01,4510000,충청남도 보령시
1,신죽3리 경로당,충청남도,보령시,45100,충청남도 보령시 천북면 삼산농현길 4,충청남도 보령시 천북면 신죽리 320-1,36.4930368,126.5912837,30,충청남도 보령시,041-930-3981,충남보령경찰서,Y,1,8,2025-12-01,4510000,충청남도 보령시
1,장현2리 경로당,충청남도,보령시,45100,충청남도 보령시 청라면 오서산길 277,충청남도 보령시 청라면 장현리 238-4,36.43639508,126.6747983,30,충청남도 보령시,041-930-3981,충남보령경찰서,Y,1,8,2025-12-01,4510000,충청남도 보령시
1,내현1리 경로당,충청남도,보령시,45100,충청남도 보령시 청라면 당안길 149,충청남도 보령시 청라면 내현리 406-1,36.40115678,126.6684732,30,충청남도 보령시,041-930-3981,충남보령경찰서,Y,1,8,2025-12-01,4510000,충청남도 보령시
1,재정1리 노인회관,충청남도,보령시,45100,충청남도 보령시 청소면 김좌진로 186,충청남도 보령시 청소면 재정리 76-5,36.45534825,126.6161837,30,충청남도 보령시,041-930-3981,충남보령경찰서,Y,1,8,2025-12-01,4510000,충청남도 보령시
1,주교2리 경로당,충청남도,보령시,45100,충청남도 보령시 주교면 배다리길 144-4,충청남도 보령시 주교면 주교리 474-5,36.38867297,126.5606963,30,충청남도 보령시,041-930-3981,충남보령경찰서,Y,1,8,2025-12-01,4510000,충청남도 보령시
1,화천 실버복지센터,강원특별자치도,화천군,42790,강원특별자치도 화천군 화천읍 산천어길 196,강원특별자치도 화천군 화천읍 신읍리 1818,38.11421554,127.702624,30,강원특별자치도 화천군,033-440-2487,화천경찰서,N,0,10,2025-09-16,4311000,강원특별자치도 화천군
1,원광보은의집,강원특별자치도,화천군,42790,강원특별자치도 화천군 하남면 춘화로 2601,강원특별자치도 화천군 하남면 거례리 14-3,38.04227287,127.7097993,30,강원특별자치도 화천군,033-440-2487,화천경찰서,N,0,11,2025-09-16,4311000,강원특별자치도 화천군
2,하늘채,인천광역시,남동구,28200,"인천광역시 남동구 장아산로200번길 8 (서창동, 하늘채) 하늘채",인천광역시 남동구 서창동 570-7 하늘채,37.43363686,126.7511585,30,인천광역시 남동구,032-453-2963,인천남동경찰서,Y,1,10,2025-09-17,3530000,인천광역시 남동구
1,만수6동경로당,인천광역시,남동구,28200,인천광역시 남동구 담방서로3번길 17 (만수동) 만수6동경로당,인천광역시 남동구 만수동 1087-2 만수6동경로당,37.44557844,126.7363537,30,인천광역시 남동구,032-453-2963,인천논현경찰서,N,0,8,2025-09-17,3530000,인천광역시 남동구
1,시영어린이공원(만수1동어린이공원),인천광역시,남동구,28200,"인천광역시 남동구 장승로6번길 17-3 (만수동, 성광주택) 만수동 1078-13",인천광역시 남동구 만수동 1078-19 성광주택 만수동 1078-13,37.44602072,126.7336051,30,인천광역시 남동구,032-453-2963,인천논현경찰서,Y,1,8,2025-09-17,3530000,인천광역시 남동구
1,소래산입구체육광장(만의골소공원),인천광역시,남동구,28200,인천광역시 남동구 만의골로189번길 5 (장수동) 장수동 45,인천광역시 남동구 장수동 129-12 장수동 45,37.4592439,126.7728953,30,인천광역시 남동구,032-453-2963,인천논현경찰서,N,0,20,2025-09-17,3530000,인천광역시 남동구
1,구세군남동평강의마을,인천광역시,남동구,28200,인천광역시 남동구 고잔로 20 (고잔동) 구세군남동평강의마을,인천광역시 남동구 고잔동 186 구세군남동평강의마을,37.39485988,126.7162922,30,인천광역시 남동구,032-453-2963,인천논현경찰서,N,0,10,2025-09-17,3530000,인천광역시 남동구
1,삼용2리 경로당,충청북도,음성군,43770,충청북도 음성군 원남면 덕생로 167-37,,36.896367,127.596522,30,충청북도 음성군청,043-871-3874,음성경찰서,Y,1,7,2025-12-26,4470000,충청북도 음성군
1,사정2리 경로당,충청북도,음성군,43770,충청북도 음성군 음성읍 사정길 78,,36.973449,127.630574,30,충청북도 음성군청,043-871-3874,음성경찰서,Y,1,7,2025-12-26,4470000,충청북도 음성군
1,용촌3리 경로당,충청북도,음성군,43770,충청북도 음성군 맹동면 덕금로 87번길 157,,36.92990907,127.5208362,30,충청북도 음성군청,043-871-3874,음성경찰서,Y,1,7,2025-12-26,4470000,충청북도 음성군
1,구계2리 경로당,충청북도,음성군,43770,충청북도 음성군 금왕읍 마루택길29번길 4-10,,37.02233267,127.5397299,30,충청북도 음성군청,043-871-3874,음성경찰서,Y,1,7,2025-12-26,4470000,충청북도 음성군
1,초천1리 경로당,충청북도,음성군,43770,충청북도 음성군 음성읍 초천로321번길 5,,36.9233015,127.6317065,30,충청북도 음성군청,043-871-3874,음성경찰서,N,0,7,2025-12-26,4470000,충청북도 음성군
1,덕정8리 경로당,충청북도,음성군,43770,충청북도 음성군 삼성면 삼문길 16-5,,37.015226,127.493647,30,충청북도 음성군청,043-871-3874,음성경찰서,Y,1,7,2025-12-26,4470000,충청북도 음성군
1,능산2리 경로당,충청북도,음성군,43770,충청북도 음성군 삼성면 덕호로 567-1,,37.04741011,127.5327804,30,충청북도 음성군청,043-871-3874,음성경찰서,Y,1,7,2025-12-26,4470000,충청북도 음성군
1,삼호1리 경로당,충청북도,음성군,43770,충청북도 음성군 대소면 쇠머리길6번길 16,,36.948414,127.4662792,30,충청북도 음성군청,043-871-3874,음성경찰서,Y,2,7,2025-12-26,4470000,충청북도 음성군
1,유포리 경로당,충청북도,음성군,43770,충청북도 음성군 금왕읍 초금로 559,,36.96533747,127.551621,30,충청북도 음성군청,043-871-3874,음성경찰서,Y,1,7,2025-12-26,4470000,충청북도 음성군
1,동음1리 경로당,충청북도,음성군,43770,충청북도 음성군 음성읍 동음로 189,,36.922851,127.6118385,30,충청북도 음성군청,043-871-3874,음성경찰서,Y,2,7,2025-12-26,4470000,충청북도 음성군
1,본성2리 경로당,충청북도,음성군,43770,충청북도 음성군 맹동면 덕금로 211번길 35-2,,36.92690187,127.5420463,30,충청북도 음성군청,043-871-3874,음성경찰서,N,0,7,2025-12-26,4470000,충청북도 음성군
1,주천2리 마을회관,충청북도,음성군,43770,충청북도 음성군 감곡면 음성로 2229,,37.079894,127.620527,30,충청북도 음성군청,043-871-3874,음성경찰서,Y,1,7,2025-12-26,4470000,충청북도 음성군
1,홍복양로원,충청북도,음성군,43770,충청북도 음성군 생극면 임곡길 91-8,,37.052766,127.5914996,30,충청북도 음성군청,043-871-3874,음성경찰서,Y,1,7,2025-12-26,4470000,충청북도 음성군
1,상평1리 경로당,충청북도,음성군,43770,충청북도 음성군 감곡면 감노로 319번길 9,,37.064718,127.647369,30,충청북도 음성군청,043-871-3874,음성경찰서,N,0,7,2025-12-26,4470000,충청북도 음성군
1,팔성3리 마을회관,충청북도,음성군,43770,충청북도 음성군 생극면 토끼실길 13번길 11-2,,37.036305,127.592965,30,충청북도 음성군청,043-871-3874,음성경찰서,N,0,7,2025-12-26,4470000,충청북도 음성군
1,선정3리 마을회관,충청북도,음성군,43770,충청북도 음성군 삼성면 선정로 1,,36.994619,127.499853,30,충청북도 음성군청,043-871-3874,음성경찰서,N,0,7,2025-12-26,4470000,충청북도 음성군
1,대정2리 경로당,충청북도,음성군,43770,충청북도 음성군 삼성면 대덕로 236번길 8-4,,37.024912,127.525255,30,충청북도 음성군청,043-871-3874,음성경찰서,N,0,7,2025-12-26,4470000,충청북도 음성군
01,오목2리 경로당,충청남도,아산시,45200,충청남도 아산시 신창면 서부남로675번길 1,,36.79385524,126.9313927,30,충청남도 아산시청,041-540-2737,충남아산경찰서,N,0,8,2025-05-12,4520000,충청남도 아산시
01,송촌리 경로당,충청남도,아산시,45200,충청남도 아산시 음봉면 음봉로 304,,36.84507737,127.0445933,30,충청남도 아산시청,041-540-2737,충남아산경찰서,N,0,8,2025-05-12,4520000,충청남도 아산시
01,중방리 경로당,충청남도,아산시,45200,충청남도 아산시 염치읍 현대로 86-3,충청남도 아산시 염치읍 중방리 36-1,36.8180431,126.9634913,30,충청남도 아산시청,041-540-2737,충남아산경찰서,N,0,8,2025-05-12,4520000,충청남도 아산시
01,대음2리 경로당,충청남도,아산시,45200,충청남도 아산시 인주면 아산만로 1231-8,,36.84332712,126.8618205,30,충청남도 아산시청,041-540-2737,충남아산경찰서,N,0,8,2025-05-12,4520000,충청남도 아산시
01,대음1리 경로당,충청남도,아산시,45200,충청남도 아산시 인주면 대음길 13-4,,36.84968989,126.8544082,30,충청남도 아산시청,041-540-2737,충남아산경찰서,N,0,8,2025-05-12,4520000,충청남도 아산시
01,백암2리 경로당,충청남도,아산시,45200,충청남도 아산시 염치읍 백암길116번길 7,,36.80417824,127.0344249,30,충청남도 아산시청,041-540-2737,충남아산경찰서,N,0,7,2025-05-12,4520000,충청남도 아산시
01,문방1리 경로당,충청남도,아산시,45200,충청남도 아산시 인주면 아산만로1578번길 12-1,,36.8650349,126.8728928,30,충청남도 아산시청,041-540-2737,충남아산경찰서,N,0,8,2025-05-12,4520000,충청남도 아산시
01,호산1리 경로당,충청남도,아산시,45200,충청남도 아산시 탕정면 탕정면로233번길 10-7,,36.81021391,127.0757912,30,충청남도 아산시청,041-540-2737,충남아산경찰서,Y,1,8,2025-05-12,4520000,충청남도 아산시
01,동화2리 경로당,충청남도,아산시,45200,충청남도 아산시 송악면 송악로453번길 6-4,충청남도 아산시 송악면 동화리 238-1,36.72258211,126.9799337,30,충청남도 아산시청,041-540-2737,충남아산경찰서,N,0,7,2025-05-12,4520000,충청남도 아산시
01,창암3리 경로당,충청남도,아산시,45200,충청남도 아산시 신창면 순천향로 336-2,충청남도 아산시 신창면 창암리 548,36.76064975,126.9634117,30,충청남도 아산시청,041-540-2737,충남아산경찰서,Y,1,8,2025-05-12,4520000,충청남도 아산시
01,문방2리 경로당,충청남도,아산시,45200,충청남도 아산시 인주면 아산만로1434번길 19-5,충청남도 아산시 인주면 문방리 445-11,36.85578552,126.861045,30,충청남도 아산시청,041-540-2737,충남아산경찰서,Y,1,8,2025-05-12,4520000,충청남도 아산시
1,전주보훈요양원,전북특별자치도,전주시 완산구,52111,전북특별자치도 전주시 완산구 쑥고개옛길 65,전북특별자치도 전주시 완산구 삼천동3가 921,35.79555093,127.0701408,30,전북특별자치도 전주시청,063-281-5021,전주완산경찰서,N,1,,2025-08-10,4641000,전북특별자치도 전주시
1,전북노인복지관,전북특별자치도,전주시 완산구,52111,전북특별자치도 전주시 완산구 감나무4길 29,전북특별자치도 전주시 완산구 서신동 788,35.83135195,127.1193409,30,전북특별자치도 전주시청,063-281-5021,전주완산경찰서,N,1,,2025-08-10,4641000,전북특별자치도 전주시
1,완산노인복지관,전북특별자치도,전주시 완산구,52111,전북특별자치도 전주시 완산구 곤지산1길 8,전북특별자치도 전주시 완산구 동완산동 52-2,35.81058889,127.145606,30,전북특별자치도 전주시청,063-281-5021,전주완산경찰서,N,,,2025-08-10,4641000,전북특별자치도 전주시
1,안골노인복지관,전북특별자치도,전주시 덕진구,52113,전북특별자치도 전주시 덕진구 안골1길 11,전북특별자치도 전주시 덕진구 인후동1가 764-5,35.83845377,127.1570472,30,전북특별자치도 전주시청,063-281-5021,전주덕진경찰서,Y,1,,2025-08-10,4641000,전북특별자치도 전주시
1,선덕효심원,전북특별자치도,전주시 완산구,52111,전북특별자치도 전주시 완산구 쑥고개옛길 137,전북특별자치도 전주시 완산구 삼천동3가 729-21,35.79486206,127.0788742,30,전북특별자치도 전주시청,063-281-5021,전주완산경찰서,N,,,2025-08-10,4641000,전북특별자치도 전주시
1,서원노인복지관,전북특별자치도,전주시 완산구,52111,전북특별자치도 전주시 완산구 따박골5길 36,전북특별자치도 전주시 완산구 중화산동2가 555-1,35.80893423,127.1272938,30,전북특별자치도 전주시청,063-281-5021,전주완산경찰서,N,,,2025-08-10,4641000,전북특별자치도 전주시
1,산성경로문화관,전북특별자치도,전주시 완산구,52111,전북특별자치도 전주시 완산구 황학4길 4,전북특별자치도 전주시 완산구 동서학동 849-125,35.80771136,127.1588977,30,전북특별자치도 전주시청,063-281-5021,전주완산경찰서,N,3,,2025-08-10,4641000,전북특별자치도 전주시
1,동암재활원,전북특별자치도,전주시 완산구,52111,전북특별자치도 전주시 완산구 천잠로 275,전북특별자치도 전주시 완산구 효자동3가 1215-5,35.81051203,127.0927681,30,전북특별자치도 전주시청,063-281-5021,전주완산경찰서,N,1,,2025-08-10,4641000,전북특별자치도 전주시
1,성락원,경상북도,경산시,47290,경상북도 경산시 정상지길 37,경상북도 경산시 신천동 327-2,35.81473008,128.7790407,30,경상북도 경산시청,053-810-6044,경산경찰서,N,0,6,2025-07-23,5130000,경상북도 경산시
1,조곡리 마을회관,경상북도,경산시,47290,경상북도 경산시 남산면 성산로 248,경상북도 경산시 남산면 조곡리 673,35.76918768,128.812108,30,경상북도 경산시청,053-810-6044,경산경찰서,N,0,8,2025-07-23,5130000,경상북도 경산시
1,신한리 경로당,경상북도,경산시,47290,경상북도 경산시 와촌면 새터길 63,경상북도 경산시 와촌면 신한리 221-1,35.95817549,128.7934465,30,경상북도 경산시청,053-810-6044,경산경찰서,N,0,7,2025-07-23,5130000,경상북도 경산시
1,어송2리 경로당,충청남도,서산시,44210,충청남도 서산시 팔봉면 어송6길 9-5,,36.78607505,126.3671373,30,충청남도 서산시청,041-660-2735,서산경찰서,N,,,2025-04-23,4530000,충청남도 서산시
1,양길2리 경로당,충청남도,서산시,44210,충청남도 서산시 팔봉면 팔봉산로 177,,36.824126,126.3673919,30,충청남도 서산시청,041-660-2735,서산경찰서,N,,,2025-04-23,4530000,충청남도 서산시
1,양길1리 경로당,충청남도,서산시,44210,충청남도 서산시 팔봉면 한월당로474,,36.8224116,126.3806184,30,충청남도 서산시청,041-660-2735,서산경찰서,N,,,2025-04-23,4530000,충청남도 서산시
1,월계1리 경로당,충청남도,서산시,44210,충청남도 서산시 부석면 흥천길 165,,36.731033,126.400294,30,충청남도 서산시청,041-660-2735,서산경찰서,N,,,2025-04-23,4530000,충청남도 서산시
1,지산3리 경로당,충청남도,서산시,44210,충청남도 서산시 부석면 인정로 588,,36.68793349,126.4252289,30,충청남도 서산시청,041-660-2735,서산경찰서,N,,,2025-04-23,4530000,충청남도 서산시
1,마룡리 경로당,충청남도,서산시,44210,충청남도 서산시 부석면 고잠1길 7,,36.65835089,126.3836582,30,충청남도 서산시청,041-660-2735,서산경찰서,N,,,2025-04-23,4530000,충청남도 서산시
1,창리경로당,충청남도,서산시,44210,충청남도 서산시 부석면 무학로 110,,36.6367143,126.3730129,30,충청남도 서산시청,041-660-2735,서산경찰서,N,,,2025-04-23,4530000,충청남도 서산시
1,취평2리 경로당,충청남도,서산시,44210,충청남도 서산시 부석면 취평 2길 18-25,,36.7138467,126.3936191,30,충청남도 서산시청,041-660-2735,서산경찰서,N,,,2025-04-23,4530000,충청남도 서산시
1,주공3단지 경로당,충청남도,서산시,44210,충청남도 서산시 석림동 서해로 3456,,36.7723991,126.4617174,30,충청남도 서산시청,041-660-2735,서산경찰서,Y,,,2025-04-23,4530000,충청남도 서산시
1,동문82통 경로당,충청남도,서산시,44210,충청남도 서산시 동문동 한마음15로 63-1,,36.7759508,126.4556324,30,충청남도 서산시청,041-660-2735,서산경찰서,Y,,,2025-04-23,4530000,충청남도 서산시
1,삼성동 사랑방경로당,대전광역시,동구,30110,대전광역시 동구 현암로30번길 27,대전광역시 동구 삼성동 377-38,36.3436737,127.4194126,30,대전광역시 동구청,042-251-4885,대전광역시 동부경찰서,Y,2,5~6,2025-08-05,3640000,대전광역시 동구
1,예람재활요양원,대전광역시,동구,30110,대전광역시 동구 보문로 4 (효동),대전광역시 동구 효동 253-1,36.31537292,127.4400893,30,대전광역시 동구청,042-251-4885,대전광역시 동부경찰서,Y,1,15~16,2025-08-05,3640000,대전광역시 동구
1,신하동경로당,대전광역시,동구,30110,대전광역시 동구 회남로 276 (신하동),대전광역시 동구 신하동 16-7,36.36896949,127.5072029,30,대전광역시 동구청,042-251-4885,대전광역시 동부경찰서,Y,4,4~7,2025-08-05,3640000,대전광역시 동구
1,소룡골경로당,대전광역시,동구,30110,대전광역시 동구 산내로 835번길 249,대전광역시 동구 삼괴동 636-1,36.2427103,127.4606916,30,대전광역시 동구청,042-251-4885,대전광역시 동부경찰서,Y,1,4,2025-08-05,3640000,대전광역시 동구
1,신방리 복지회관,경상북도,경산시,47290,경상북도 경산시 남천면 신방길 12,경상북도 경산시 남천면 신방리 448,35.75762577,128.7766299,30,경상북도 경산시청,053-810-6044,경산경찰서,N,0,8,2025-07-23,5130000,경상북도 경산시
1,송림리 마을회관,경상북도,경산시,47290,경상북도 경산시 용성면 송림1길 13,경상북도 경산시 용성면 송림리 532,35.79805411,128.9041876,30,경상북도 경산시청,053-810-6044,경산경찰서,N,0,8,2025-07-23,5130000,경상북도 경산시
1,대한리경로당,경상북도,경산시,47290,경상북도 경산시 와촌면 갓바위로 325,경상북도 경산시 와촌면 대한리 255,35.97429632,128.7701538,30,경상북도 경산시청,053-810-6044,경산경찰서,N,0,7,2025-07-23,5130000,경상북도 경산시
1,금곡2리마을회관,경상북도,경산시,47290,경상북도 경산시 남천면 관방로 1154,경상북도 경산시 남천면 금곡리 204,35.75845096,128.7491952,30,경상북도 경산시청,053-810-6044,경산경찰서,N,0,8,2025-07-23,5130000,경상북도 경산시
1,금구리마을회관,경상북도,경산시,47290,경상북도 경산시 압량읍 노선길 87,경상북도 경산시 압량읍 금구리 517-6,35.85574493,128.756257,30,경상북도 경산시청,053-810-6044,경산경찰서,N,0,8,2025-07-23,5130000,경상북도 경산시
1,경산시어르신복지센터,경상북도,경산시,47290,경상북도 경산시 하양읍 문화로 32,경상북도 경산시 하양읍 금락리 124,35.91180368,128.8138038,30,경상북도 경산시청,053-810-6044,경산경찰서,N,0,8,2025-07-23,5130000,경상북도 경산시
1,와촌면사무소,경상북도,경산시,47290,경상북도 경산시 와촌면 금송로 416,경상북도 경산시 와촌면 덕촌리 60,35.94624475,128.836851,40,경상북도 경산시청,053-810-6044,경산경찰서,N,0,15,2025-07-23,5130000,경상북도 경산시
1,부림한방병원,경상북도,경산시,47290,경상북도 경산시 와촌면 하양로 359,경상북도 경산시 와촌면 용천리 821,35.92302433,128.843314,40,경상북도 경산시청,053-810-6044,경산경찰서,N,0,15,2025-07-23,5130000,경상북도 경산시
1,곡란경로당,경상북도,경산시,47290,경상북도 경산시 용성면 운용로 809,경상북도 경산시 용성면 곡란리 477,35.77066523,128.8772733,30,경상북도 경산시청,053-810-6044,경산경찰서,N,0,8,2025-07-23,5130000,경상북도 경산시
1,대한노인회 용성면분회,경상북도,경산시,47290,경상북도 경산시 용성면 용성당리1길 12,경상북도 경산시 용성면 당리리 64-1,35.79404546,128.8755194,30,경상북도 경산시청,053-810-6044,경산경찰서,Y,4,8,2025-07-23,5130000,경상북도 경산시
1,경산시노인종합복지회관,경상북도,경산시,47290,경상북도 경산시 경청로222길 79,경상북도 경산시 백천동 146-7,35.80176044,128.7478064,30,경상북도 경산시청,053-810-6044,경산경찰서,Y,2,7,2025-07-23,5130000,경상북도 경산시
1,사호2리 경로당,충청남도,보령시,45100,충청남도 보령시 천북면 사호장은로 431-10,충청남도 보령시 천북면 사호리 641-1,36.49044298,126.4888162,30,충청남도 보령시,041-930-3981,충남보령경찰서,N,,8,2025-12-01,4510000,충청남도 보령시
1,장산2리 마을회관,충청남도,보령시,45100,충청남도 보령시 청라면 죽성로 259-10,충청남도 보령시 청라면 장산리 703-60,36.39037167,126.6191255,30,충청남도 보령시,041-930-3981,충남보령경찰서,N,,8,2025-12-01,4510000,충청남도 보령시
1,궁촌2통 경로당,충청남도,보령시,45100,충청남도 보령시 궁촌2길 17-2,충청남도 보령시 궁촌동 33-2,36.3421132,126.5954709,30,충청남도 보령시,041-930-3981,충남보령경찰서,N,,8,2025-12-01,4510000,충청남도 보령시
1,명천3통 경로당,충청남도,보령시,45100,충청남도 보령시 맷독3길 39,충청남도 보령시 명천동 924-1,36.32710483,126.6057194,30,충청남도 보령시,041-930-3981,충남보령경찰서,N,,8,2025-12-01,4510000,충청남도 보령시
1,명천4통 경로당,충청남도,보령시,45100,충청남도 보령시 흥덕굴안길 6,충청남도 보령시 명천동 522-1,36.33998792,126.6013309,30,충청남도 보령시,041-930-3981,충남보령경찰서,N,,8,2025-12-01,4510000,충청남도 보령시
1,학성2리 경로당,충청남도,보령시,45100,충청남도 보령시 천북면 하학로 605,충청남도 보령시 천북면 학성리 175-23,36.4440419,126.5016205,30,충청남도 보령시,041-930-3981,충남보령경찰서,N,,8,2025-12-01,4510000,충청남도 보령시
1,개화3리 경로당,충청남도,보령시,45100,충청남도 보령시 성주면 만수로 860-6,충청남도 보령시 성주면 개화리 508,36.29471771,126.6492699,30,충청남도 보령시,041-930-3981,충남보령경찰서,N,,8,2025-12-01,4510000,충청남도 보령시
1,고정1리 노인회관,충청남도,보령시,45100,충청남도 보령시 주교면 토정로 956,충청남도 보령시 주교면 고정리 333-1,36.38347037,126.5134958,30,충청남도 보령시,041-930-3981,충남보령경찰서,N,,8,2025-12-01,4510000,충청남도 보령시
1,수부2리 노인회관,충청남도,보령시,45100,충청남도 보령시 웅천읍수안1길 42-16,충청남도 보령시 웅천읍 수부리 801,36.25792418,126.6153339,30,충청남도 보령시,041-930-3981,충남보령경찰서,N,,8,2025-12-01,4510000,충청남도 보령시
1,음현리 노인회관,충청남도,보령시,45100,충청남도 보령시 청라면 은고개길 169,충청남도 보령시 청라면 음현리 257-3,36.41032154,126.6781805,30,충청남도 보령시,041-930-3981,충남보령경찰서,N,,8,2025-12-01,4510000,충청남도 보령시
1,성동2리 노인회관,충청남도,보령시,45100,충청남도 보령시 웅천읍 성동큰길 269,충청남도 보령시 웅천읍 성동리 379,36.25162605,126.6193948,30,충청남도 보령시,041-930-3981,충남보령경찰서,N,,8,2025-12-01,4510000,충청남도 보령시
1,성동3리 노인회관,충청남도,보령시,45100,충청남도 보령시 웅천읍 외성1길 2,충청남도 보령시 웅천읍 성동리 651-1,36.249099,126.6125937,30,충청남도 보령시,041-930-3981,충남보령경찰서,N,,8,2025-12-01,4510000,충청남도 보령시
1,성주7리 노인회관,충청남도,보령시,45100,충청남도 보령시 성주면 성주중앙길 36,충청남도 보령시 성주면 성주리 215-3,36.3334901,126.6506709,30,충청남도 보령시,041-930-3981,충남보령경찰서,N,,8,2025-12-01,4510000,충청남도 보령시
1,관당2리 노인회관,충청남도,보령시,45100,충청남도 보령시 웅천읍 무챙이2길 11-5,충청남도 보령시 웅천읍 관당리 777-6,36.24781421,126.5401032,30,충청남도 보령시,041-930-3981,충남보령경찰서,N,,8,2025-12-01,4510000,충청남도 보령시
1,충남정심원,충청남도,보령시,45100,충청남도 보령시 주교면 보령북로 404,충청남도 보령시 주교면 관창리 402-8,36.37850693,126.5869793,30,충청남도 보령시,041-930-3981,충남보령경찰서,Y,1,20,2025-12-01,4510000,충청남도 보령시
1,보령시립노인전문병원,충청남도,보령시,45100,충청남도 보령시 청라면 질재로 373,충청남도 보령시 청라면 장산리 828-2,36.40613539,126.609292,30,충청남도 보령시,041-930-3981,충남보령경찰서,N,,8,2025-12-01,4510000,충청남도 보령시
1,신송2리경로당,충청남도,보령시,45100,충청남도 보령시 청소면 송덕신송길 291,충청남도 보령시 청소면 신송리 420-1,36.46716222,126.5757149,30,충청남도 보령시,041-930-3981,충남보령경찰서,N,,8,2025-12-01,4510000,충청남도 보령시
1,장은4리경로당,충청남도,보령시,45100,충청남도 보령시 천북면 매향길 10,충청남도 보령시 천북면 장은리 75,36.49248941,126.5271237,30,충청남도 보령시,041-930-3981,충남보령경찰서,N,,8,2025-12-01,4510000,충청남도 보령시
1,장은3리경로당,충청남도,보령시,45100,충청남도 보령시 천북면 숨은개길 139-13,충청남도 보령시 천북면 장은리 1029,36.50934108,126.4995153,30,충청남도 보령시,041-930-3981,충남보령경찰서,N,,8,2025-12-01,4510000,충청남도 보령시
1,은포2리경로당,충청남도,보령시,45100,충청남도 보령시 외평길 133-2,충청남도 보령시 주교면 은포리 503-1,36.37861162,126.5481609,30,충청남도 보령시,041-930-3981,충남보령경찰서,N,,8,2025-12-01,4510000,충청남도 보령시
01,완주요양병원,전북특별자치도,완주군,35110,전북특별자치도 완주군 봉동읍 둔산3로 31-5,전북특별자치도 완주군 봉동읍 둔산리 933-2,35.9579375,127.1238989095,30,전북특별자치도 완주군,063-290-2806,완주경찰서,N,0,9,2025-08-17,4721000,전북특별자치도 완주군
1,양지노인복지관,전북특별자치도,전주시 완산구,52111,전북특별자치도 전주시 완산구 성지산로 55,전북특별자치도 전주시 완산구 효자동1가 567-1,35.8023199,127.1235309,30,전북특별자치도 전주시청,063-281-5021,전주완산경찰서,Y,1,,2025-08-10,4641000,전북특별자치도 전주시
1,성예전문요양원,전북특별자치도,전주시 완산구,52111,전북특별자치도 전주시 완산구 삼산길 74-16,전북특별자치도 전주시 완산구 삼천동3가 774-17,35.80165239,127.0778482,30,전북특별자치도 전주시청,063-281-5021,전주완산경찰서,N,,,2025-08-10,4641000,전북특별자치도 전주시
1,전주효자시니어클럽,전북특별자치도,전주시 완산구,52111,전북특별자치도 전주시 완산구 용머리로 36,전북특별자치도 전주시 완산구 효자동1가 454-1,35.80551485,127.1144693,30,전북특별자치도 전주시청,063-281-5021,전주완산경찰서,N,2,,2025-08-10,4641000,전북특별자치도 전주시
1,전주시니어클럽,전북특별자치도,전주시 완산구,52111,전북특별자치도 전주시 완산구 안행로 73,전북특별자치도 전주시 완산구 효자동1가 692-3,35.80303252,127.1351177,30,전북특별자치도 전주시청,063-281-5021,전주완산경찰서,Y,3,,2025-08-10,4641000,전북특별자치도 전주시
1,능산1리 마을회관,충청북도,음성군,43770,충청북도 음성군 삼성면 금율로 317번길 15,,37.03119326,127.536213,30,충청북도 음성군청,043-871-3874,음성경찰서,Y,1,7,2025-12-26,4470000,충청북도 음성군
1,삼정2리 마을회관,충청북도,음성군,43770,충청북도 음성군 대소면 한삼로 276번길 26,,36.95722243,127.499069,30,충청북도 음성군청,043-871-3874,음성경찰서,N,0,7,2025-12-26,4470000,충청북도 음성군
1,본성1리 경로당,충청북도,음성군,43770,충청북도 음성군 맹동면 덕금로 129-45,,36.92412952,127.5390144,30,충청북도 음성군청,043-871-3874,음성경찰서,Y,2,7,2025-12-26,4470000,충청북도 음성군
1,덕정리 경로당,충청북도,음성군,43770,충청북도 음성군 원남면 보덕로 301-8,,36.89337983,127.6348209,30,충청북도 음성군청,043-871-3874,음성경찰서,N,0,7,2025-12-26,4470000,충청북도 음성군
1,후미1리 경로당,충청북도,음성군,43770,충청북도 음성군 소이면 소이로 481,,36.919116,127.762644,30,충청북도 음성군청,043-871-3874,음성경찰서,N,0,7,2025-12-26,4470000,충청북도 음성군
1,대천28통 경로당,충청남도,보령시,45100,충청남도 보령시 토정로 40,충청남도 보령시 대천동 610-25,36.35645349,126.5782903,30,충청남도 보령시,041-930-3981,충남보령경찰서,N,,7,2025-12-01,4510000,충청남도 보령시
1,독정 경로당,충청남도,보령시,45100,충청남도 보령시 독정길 64-1,충청남도 보령시 죽정동 62-1,36.3769347,126.6215115,30,충청남도 보령시,041-930-3981,충남보령경찰서,N,,6,2025-12-01,4510000,충청남도 보령시
1,증산4리 경로당,충청남도,보령시,45100,충청남도 보령시 주산면 석현길 22-7,충청남도 보령시 주산면 증산리 141,36.18107225,126.5908558,30,충청남도 보령시,041-930-3981,충남보령경찰서,N,,3,2025-12-01,4510000,충청남도 보령시
1,풍산리 마을회관,충청남도,보령시,45100,충청남도 보령시 미산면 주정이길 66-4,충청남도 보령시 미산면 풍산리 330,36.19381173,126.6796231,30,충청남도 보령시,041-930-3981,충남보령경찰서,N,,6,2025-12-01,4510000,충청남도 보령시
1,죽림1리 경로당,충청남도,보령시,45100,충청남도 보령시 청소면 홍도원길 5,충청남도 보령시 청소면 죽림리 239-6,36.46748181,126.6181787,30,충청남도 보령시,041-930-3981,충남보령경찰서,N,,6,2025-12-01,4510000,충청남도 보령시
1,봉황 경로당,충청남도,보령시,45100,충청남도 보령시 미산면 봉성길 133,충청남도 보령시 미산면 봉성리 439-2,36.23872265,126.6939929,30,충청남도 보령시,041-930-3981,충남보령경찰서,N,,8,2025-12-01,4510000,충청남도 보령시
1,원산1리 경로당,충청남도,보령시,45100,충청남도 보령시 원산도1길 14,충청남도 보령시 오천면 원산도리 433-9,36.38128518,126.4335641,30,충청남도 보령시,041-930-3981,충남보령경찰서,N,,8,2025-12-01,4510000,충청남도 보령시
1,도화담2리 경로당,충청남도,보령시,45100,충청남도 보령시 미산면 도화담안길5,충청남도 보령시 미산면 도화담리 177-2,36.29388316,126.674523,30,충청남도 보령시,041-930-3981,충남보령경찰서,N,,8,2025-12-01,4510000,충청남도 보령시
1,명천2통 노인회관,충청남도,보령시,45100,충청남도 보령시 주공로 180,충청남도 보령시 명천동 31-5,36.33557971,126.6158573,30,충청남도 보령시,041-930-3981,충남보령경찰서,N,,8,2025-12-01,4510000,충청남도 보령시
1,효드림 데이케어센터,충청남도,보령시,45100,충청남도 보령시 남대천로 75,충청남도 보령시 대천동 297-7,36.34703465,126.5928814,30,충청남도 보령시,041-930-3981,충남보령경찰서,N,,8,2025-12-01,4510000,충청남도 보령시
1,진죽1리 경로당,충청남도,보령시,45100,충청남도 보령시 청소면 넙티로 5,충청남도 보령시 청소면 진죽리 393-19,36.44480128,126.5901665,30,충청남도 보령시,041-930-3981,충남보령경찰서,N,,8,2025-12-01,4510000,충청남도 보령시
1,각회2리 노인정,충청북도,음성군,43770,충청북도 음성군 금왕읍 각구실길 223번길 138-1,,37.00823329,127.5726851,30,충청북도 음성군청,043-871-3874,음성경찰서,N,0,7,2025-12-26,4470000,충청북도 음성군
1,읍내6리 마을회관,충청북도,음성군,43770,충청북도 음성군 음성읍 설성공원길 33,,36.93318534,127.690463,30,충청북도 음성군청,043-871-3874,음성경찰서,Y,1,7,2025-12-26,4470000,충청북도 음성군
1,삼생3리 경로당,충청북도,음성군,43770,충청북도 음성군 음성읍 덕생로 288번길 14-4,,36.90367942,127.6033058,30,충청북도 음성군청,043-871-3874,음성경찰서,Y,1,7,2025-12-26,4470000,충청북도 음성군
1,내곡리 경로당,충청북도,음성군,43770,충청북도 음성군 금왕읍 금율로2,,37.007029,127.541959,30,충청북도 음성군청,043-871-3874,음성경찰서,N,0,7,2025-12-26,4470000,충청북도 음성군
1,대사리 경로당,충청북도,음성군,43770,충청북도 음성군 삼성면 금일로 1282-1,,37.04283593,127.4751488,30,충청북도 음성군청,043-871-3874,음성경찰서,N,0,7,2025-12-26,4470000,충청북도 음성군
1,조촌2리 경로당,충청북도,음성군,43770,충청북도 음성군 원남면 원중로 417번길 3,,36.87547179,127.6089701,30,충청북도 음성군청,043-871-3874,음성경찰서,N,0,7,2025-12-26,4470000,충청북도 음성군
1,비산2리 마을회관,충청북도,음성군,43770,충청북도 음성군 소이면 비산로 33번길 9-2,,36.9408477,127.7450192,30,충청북도 음성군청,043-871-3874,음성경찰서,N,0,7,2025-12-26,4470000,충청북도 음성군
1,조촌1리 경로당,충청북도,음성군,43770,충청북도 음성군 원남면 원중로 296,,36.8770528,127.6207052,30,충청북도 음성군청,043-871-3874,음성경찰서,N,0,7,2025-12-26,4470000,충청북도 음성군
1,주봉3리 경로당,충청북도,음성군,43770,충청북도 음성군 원남면 주봉로 11,,36.87565152,127.6751102,30,충청북도 음성군청,043-871-3874,음성경찰서,N,0,7,2025-12-26,4470000,충청북도 음성군
1,사랑채 노인복지회관,경기도,의왕시,41430,경기도 의왕시 복지로 109,경기도 의왕시 내손동 849-2,37.3875292,126.981612,30,경기도 의왕시청,031-345-3314,의왕경찰서,Y,,12,2025-07-10,4030000,경기도 의왕시
1,아름채 노인복지회관,경기도,의왕시,41430,경기도 의왕시 문화공원로 47,경기도 의왕시 고천동 100,37.342712,126.9725044,30,경기도 의왕시청,031-345-3314,의왕경찰서,Y,,6,2025-07-10,4030000,경기도 의왕시
1,부산문현노인대학,부산광역시,남구,26290,부산광역시 남구 장고개로 79,,35.13216189,129.069893,30,부산광역시 남구청,051-607-4561,부산광역시 남부경찰서,Y,1,16~20,2025-12-15,3310000,부산광역시 남구
1,남구지회 부설 노인대학(구 오륙도실버아카데미),부산광역시,남구,26290,부산광역시 남구 용호로 201-1,,35.11418917,129.1112535,30,부산광역시 남구청,051-607-4561,부산광역시 남부경찰서,Y,1,16~20,2025-12-15,3310000,부산광역시 남구
1,남구노인복지관,부산광역시,남구,26290,부산광역시 남구 못골로 97-10,,35.1361763,129.0932569,30,부산광역시 남구청,051-607-4561,부산광역시 남부경찰서,Y,1,16~20,2025-12-15,3310000,부산광역시 남구
1,감만종합사회복지관,부산광역시,남구,26290,부산광역시 남구 우암로 84-1,,35.1184449,129.0813296,30,부산광역시 남구청,051-607-4561,부산광역시 남부경찰서,Y,1,16~20,2025-12-15,3310000,부산광역시 남구
1,남구 종합사회복지관,부산광역시,남구,26290,부산광역시 남구 동제당로 258,,35.12717015,129.0749089,30,부산광역시 남구청,051-607-4561,부산광역시 남부경찰서,Y,1,16~20,2025-12-15,3310000,부산광역시 남구
1,지게골 복지관,부산광역시,남구,26290,부산광역시 남구 지게골로 139-33,,35.1342628,129.0760367,30,부산광역시 남구청,051-607-4561,부산광역시 남부경찰서,Y,1,16~20,2025-12-15,3310000,부산광역시 남구
1,두밀리 경로당(마을회관),경기도,가평군,41820,경기도 가평군 가평읍 태봉두밀로 422-5,경기도 가평군 가평읍 두밀리 44-6번지,37.8163778,127.4560032,30,경기도 가평군청,031-580-2297,가평경찰서,N,0,,2025-05-23,4160000,경기도 가평군
1,신천1리 마을회관,경기도,가평군,41820,경기도 가평군 설악면 자잠로 11,경기도 가평군 설악면 신천리 472-7번지,37.67879791,127.4883081,30,경기도 가평군청,031-580-2297,가평경찰서,N,0,,2025-05-23,4160000,경기도 가평군
1,열린복지랜드 웰빙요양원,경기도,가평군,41820,경기도 가평군 설악면 유명로 1906-22,경기도 가평군 설악면 회곡리 6-2번지,37.68093299,127.4718204,50,경기도 가평군청,031-580-2297,가평경찰서,N,0,,2025-05-23,4160000,경기도 가평군
01,논산시 양촌면 모촌3리 경로당,충청남도,논산시,45400,충청남도 논산시 양촌면 대둔로174번길 2,충청남도 논산시 양촌면 모촌리 17,36.1643803,127.2234379,30,충청남도 논산시청,041-746-6275,충남논산경찰서,N,,,2025-12-01,4540000,충청남도 논산시
01,논산시 채운면 화정2리 경로당,충청남도,논산시,45400,충청남도 논산시 채운면 동안로 556,충청남도 논산시 채운면 화정리 26-7,36.1389116,127.0702204,30,충청남도 논산시청,041-746-6275,충남논산경찰서,N,,,2025-12-01,4540000,충청남도 논산시
01,논산시 참사랑노인요양원,충청남도,논산시,45400,충청남도 논산시 양촌면 황산벌로 748,충청남도 논산시 양촌면 모촌리 269-13,36.1511802,127.2136072,30,충청남도 논산시청,041-746-6275,충남논산경찰서,N,,,2025-12-01,4540000,충청남도 논산시
01,논산시 은진면 남산3리 경로당,충청남도,논산시,45400,충청남도 논산시 은진면 탑정로108번길 1,충청남도 논산시 은진면 남산리 588-3,36.1722496,127.0781485,30,충청남도 논산시청,041-746-6275,충남논산경찰서,N,,,2025-12-01,4540000,충청남도 논산시
01,논산시 연산면 어은2리 경로당,충청남도,논산시,45400,충청남도 논산시 연산면 선비로1001번길 4,충청남도 논산시 연산면 어은리 423,36.2712475,127.1744342,30,충청남도 논산시청,041-746-6275,충남논산경찰서,N,,,2025-12-01,4540000,충청남도 논산시
01,논산시 연무요양병원,충청남도,논산시,45400,충청남도 논산시 연무읍 동안로888번길 5,충청남도 논산시 연무읍 동산리 883-4,36.1326678,127.1028569,30,충청남도 논산시청,041-746-6275,충남논산경찰서,N,,,2025-12-01,4540000,충청남도 논산시
01,논산시 상월면 지경1리 경로당,충청남도,논산시,45400,충청남도 논산시 상월면 계룡산로 143,충청남도 논산시 상월면 지경리 213-2,36.3020541,127.1531397,30,충청남도 논산시청,041-746-6275,충남논산경찰서,N,,,2025-12-01,4540000,충청남도 논산시
01,논산시 벌곡면 수락2리 경로당,충청남도,논산시,45400,충청남도 논산시 벌곡면 수락계곡길 229,충청남도 논산시 벌곡면 수락리 120-9,36.1452376,127.3058372,30,충청남도 논산시청,041-746-6275,충남논산경찰서,N,,,2025-12-01,4540000,충청남도 논산시
01,논산시 벌곡면 대덕리 경로당,충청남도,논산시,45400,충청남도 논산시 벌곡면 만어길 5-2,충청남도 논산시 벌곡면 대덕리 292,36.1911938,127.2950048,30,충청남도 논산시청,041-746-6275,충남논산경찰서,N,,,2025-12-01,4540000,충청남도 논산시
01,논산시 벌곡면 검천리 경로당,충청남도,논산시,45400,충청남도 논산시 벌곡면 수락로 318,충청남도 논산시 벌곡면 검천리 65-7,36.1768322,127.2950354,30,충청남도 논산시청,041-746-6275,충남논산경찰서,N,,,2025-12-01,4540000,충청남도 논산시
01,논산시 노성면 죽림3리 경로당,충청남도,논산시,45400,충청남도 논산시 노성면 장마루로 948,충청남도 논산시 노성면 죽림리 338-18,36.2971698,127.0785668,30,충청남도 논산시청,041-746-6275,충남논산경찰서,N,,,2025-12-01,4540000,충청남도 논산시
01,논산시 가야곡면 삼전2리 경로당,충청남도,논산시,45400,충청남도 논산시 가야곡면 원앙로 163-3,충청남도 논산시 가야곡면 삼전리 341,36.0974349,127.1635665,30,충청남도 논산시청,041-746-6275,충남논산경찰서,N,,,2025-12-01,4540000,충청남도 논산시
01,논산시 가야곡면 삼전1리 경로당,충청남도,논산시,45400,충청남도 논산시 가야곡면 삼전길 14,충청남도 논산시 가야곡면 삼전리 534-4,36.1085622,127.1642204,30,충청남도 논산시청,041-746-6275,충남논산경찰서,N,,,2025-12-01,4540000,충청남도 논산시
01,논산시 가야곡면 병암1리 경로당,충청남도,논산시,45400,충청남도 논산시 가야곡면 덕은로 544,충청남도 논산시 가야곡면 병암리 304-1,36.1712423,127.1915250,30,충청남도 논산시청,041-746-6275,충남논산경찰서,N,,,2025-12-01,4540000,충청남도 논산시
01,논산시 가야곡면 두월2리 경로당,충청남도,논산시,45400,충청남도 논산시 가야곡면 원앙로903번길 12,충청남도 논산시 가야곡면 두월리 305-3,36.1559272,127.1439248,30,충청남도 논산시청,041-746-6275,충남논산경찰서,N,,,2025-12-01,4540000,충청남도 논산시
1,평라리 경로당,충청남도,보령시,45100,충청남도 보령시 미산면 자라실길 19,충청남도 보령시 미산면 평라리 25,36.24467902,126.6807619,30,충청남도 보령시,041-930-3981,충남보령경찰서,N,,7,2025-12-01,4510000,충청남도 보령시
1,향교마을 경로당,충청남도,보령시,45100,충청남도 보령시 주포면 향교말길 6,충청남도 보령시 주포면 보령리 121-2,36.41202147,126.592684,30,충청남도 보령시,041-930-3981,충남보령경찰서,N,,7,2025-12-01,4510000,충청남도 보령시
1,중곡1동제2경로당,서울특별시,광진구,11215,서울특별시 광진구 긴고랑로8길 51,서울특별시 광진구 중곡동 256-47,37.5611728,127.077924,30,서울특별시 광진구,02-450-7928,서울광진경찰서,Y,,,2025-07-28,3040000,서울특별시 광진구
1,구의경로당,서울특별시,광진구,11215,서울특별시 광진구 광나루로40길 6,,37.544537,127.0893848,30,서울특별시 광진구,02-450-7928,서울광진경찰서,Y,,,2025-07-28,3040000,서울특별시 광진구
1,국가유공자경로당,서울특별시,광진구,11215,서울특별시 광진구 강변역로 17,서울특별시 광진구 구의동 587-29,37.537978,127.091984,30,서울특별시 광진구,02-450-7928,서울광진경찰서,Y,,,2025-07-28,3040000,서울특별시 광진구
1,대원경로당,서울특별시,광진구,11215,서울특별시 광진구 긴고랑로36길 57-27,서울특별시 광진구 중곡동 85-28,37.5576274,127.0916686,30,서울특별시 광진구,02-450-7928,서울광진경찰서,Y,,,2025-07-28,3040000,서울특별시 광진구
1,광진종합사회복지관,서울특별시,광진구,11215,서울특별시 광진구 군자로 88 (군자동),서울특별시 광진구 군자동 364-15,37.5510964,127.0715984,30,서울특별시 광진구,02-450-7928,서울광진경찰서,Y,,,2025-07-28,3040000,서울특별시 광진구
1,용호종합사회복지관,부산광역시,남구,26290,부산광역시 남구 이기대공원로 7,,35.1245642,129.1134995,30,부산광역시 남구청,051-607-4561,부산광역시 남부경찰서,Y,1,16~20,2025-12-15,3310000,부산광역시 남구
1,원당3리경로당,경기도,연천군,41800,경기도 연천군 장남면 장백로45번길 9,경기도 연천군 장남면 원당리 1119-1,37.98896599,126.8675733,30,경기도 연천군청,031-839-2292,연천경찰서,N,,,2025-11-25,4140000,경기도 연천군
1,자작리경로당,경기도,연천군,41800,경기도 연천군 장남면 장남로 124,경기도 연천군 장남면 자작리 87-8,37.99133051,126.8638856,30,경기도 연천군청,031-839-2292,연천경찰서,N,,,2025-11-25,4140000,경기도 연천군
1,원당1리경로당,경기도,연천군,41800,경기도 연천군 장남면 장백로362번길 1,경기도 연천군 장남면 원당리 769-1,37.99056185,126.8818156,30,경기도 연천군청,031-839-2292,연천경찰서,N,,,2025-11-25,4140000,경기도 연천군
1,옥계3리경로당,경기도,연천군,41800,경기도 연천군 군남면 군중로 36-10,경기도 연천군 군남면 옥계리 493-2,38.12302021,127.0501134,30,경기도 연천군청,031-839-2292,연천경찰서,N,,,2025-11-25,4140000,경기도 연천군
1,두일3리경로당,경기도,연천군,41800,경기도 연천군 백학면 두일로 147,경기도 연천군 백학면 두일리 510-5,38.03049333,126.9130426,30,경기도 연천군청,031-839-2292,연천경찰서,N,,,2025-11-25,4140000,경기도 연천군
1,전곡시외버스터미널,경기도,연천군,41800,경기도 연천군 전곡읍 온골로 49,경기도 연천군 전곡읍 전곡리 474-2,38.02527901,127.0676966,30,경기도 연천군청,031-839-2292,연천경찰서,N,,,2025-11-25,4140000,경기도 연천군
1,옥계2리 경로당,경기도,연천군,41800,경기도 연천군 군남면 군남로 833,경기도 연천군 군남면 옥계리 616-1,38.11417463,127.0452031,30,경기도 연천군청,031-839-2292,연천경찰서,N,,8,2025-11-25,4140000,경기도 연천군
1,옥계1리 경로당,경기도,연천군,41800,경기도 연천군 군남면 옥계4길 18,경기도 연천군 군남면 옥계리 238-1,38.1225571,127.0544702,30,경기도 연천군청,031-839-2292,연천경찰서,N,,8,2025-11-25,4140000,경기도 연천군
1,현가리 경로당,경기도,연천군,41800,경기도 연천군 연천읍 연천로 334,경기도 연천군 연천읍 현가리 83-3,38.10669097,127.0758931,30,경기도 연천군청,031-839-2292,연천경찰서,N,,16,2025-11-25,4140000,경기도 연천군
1,신답리 경로당,경기도,연천군,41800,경기도 연천군 전곡읍 청연로 274,경기도 연천군 전곡읍 신답리 92-2,38.05246706,127.1090547,30,경기도 연천군청,031-839-2292,연천경찰서,N,,7~12,2025-11-25,4140000,경기도 연천군
1,우고리마을회관(경로당),경기도,양주시,41630,경기도 양주시 광적면 현석로 430,경기도 양주시 광적면 우고리 322-6,37.82903937,126.956215,30,경기도 양주시 도로관리과,031-8082-6731,양주경찰서,N,0,3,2025-09-11,5590000,경기도 양주시
1,효가동경로당,경기도,양주시,41630,경기도 양주시 광적면 부흥로618번길 90-64,경기도 양주시 광적면 우고리 22-6,37.81733903,126.965887,30,경기도 양주시 도로관리과,031-8082-6731,양주경찰서,N,0,3,2025-09-11,5590000,경기도 양주시
1,회암1통마을회관,경기도,양주시,41630,경기도 양주시 천보산로100번길 5,경기도 양주시 회암동 161-16,37.84790607,127.0979466,30,경기도 양주시 도로관리과,031-8082-6731,양주경찰서,N,0,3,2025-09-11,5590000,경기도 양주시
1,덕계할머니경로당,경기도,양주시,41630,경기도 양주시 평화로1475번길 97,경기도 양주시 덕계동 589,37.82273086,127.0437672,30,경기도 양주시 도로관리과,031-8082-6731,양주경찰서,N,0,3,2025-09-11,5590000,경기도 양주시
1,덕계남자경로당,경기도,양주시,41630,경기도 양주시 평화로1475번길 101-5,경기도 양주시 덕계동 590-4,37.82291655,127.0435162,30,경기도 양주시 도로관리과,031-8082-6731,양주경찰서,N,0,3,2025-09-11,5590000,경기도 양주시
1,나루터공동체,경기도,양주시,41630,경기도 양주시 삼숭로 134번길 49,경기도 양주시 삼숭동 395-2,37.8064875,127.0996197,30,경기도 양주시 도로관리과,031-8082-6731,양주경찰서,N,0,3,2025-09-11,5590000,경기도 양주시
1,남방4통마을회관,경기도,양주시,41630,경기도 양주시 외미로 20번길 27,경기도 양주시 남방동 206-43,37.76781242,127.0433038,30,경기도 양주시 도로관리과,031-8082-6731,양주경찰서,N,0,6,2025-09-11,5590000,경기도 양주시
1,도하1리 할머니 경로당,경기도,양주시,41630,경기도 양주시 은현면 그루고개로 490,경기도 양주시 은현면 도하리 129-3,37.85265215,127.0135351,30,경기도 양주시 도로관리과,031-8082-6731,양주경찰서,Y,1,6,2025-09-11,5590000,경기도 양주시
01,논산시 벌곡면 도산2리 경로당,충청남도,논산시,45400,충청남도 논산시 벌곡면 수락계곡길 20-4,충청남도 논산시 벌곡면 도산리 163-3,36.1618093,127.3135420,30,충청남도 논산시청,041-746-6275,충남논산경찰서,N,,,2025-12-01,4540000,충청남도 논산시
01,논산시 벌곡면 수락1리 경로당,충청남도,논산시,45400,충청남도 논산시 벌곡면 수락계곡2길 14,충청남도 논산시 벌곡면 수락리 36-8,36.1547651,127.3063686,30,충청남도 논산시청,041-746-6275,충남논산경찰서,N,,,2025-12-01,4540000,충청남도 논산시
01,논산시 가야곡면 조정리 경로당,충청남도,논산시,45400,충청남도 논산시 가야곡면 탑정로 1214-30,충청남도 논산시 가야곡면 조정리 205-4,36.1669438,127.1725405,30,충청남도 논산시청,041-746-6275,충남논산경찰서,N,,,2025-12-01,4540000,충청남도 논산시
01,논산시 노성면 구암리 경로당,충청남도,논산시,45400,충청남도 논산시 노성면 호월로 456,충청남도 논산시 노성면 구암리 189-7,36.3203341,127.1111095,30,충청남도 논산시청,041-746-6275,충남논산경찰서,N,,,2025-12-01,4540000,충청남도 논산시
01,논산시 연산면 어은1리 경로당,충청남도,논산시,45400,충청남도 논산시 연산면 선비로 865,충청남도 논산시 연산면 어은리 288-2,36.2597701,127.1775306,30,충청남도 논산시청,041-746-6275,충남논산경찰서,N,,,2025-12-01,4540000,충청남도 논산시
01,논산시 양촌면 도평3리 경로당,충청남도,논산시,45400,충청남도 논산시 양촌면 매죽헌로 1615-7,충청남도 논산시 양촌면 도평리 60-2,36.1347977,127.2290501,30,충청남도 논산시청,041-746-6275,충남논산경찰서,N,,,2025-12-01,4540000,충청남도 논산시
01,논산시 강경읍 동흥1리 경로당,충청남도,논산시,45400,충청남도 논산시 강경읍 계백로 229번길 53,충청남도 논산시 강경읍 동흥리 70-2,36.1648147,127.0189873,30,충청남도 논산시청,041-746-6275,충남논산경찰서,N,,,2025-12-01,4540000,충청남도 논산시
01,논산시 은진면 더큰사랑요양원,충청남도,논산시,45400,충청남도 논산시 은진면 대학로 182,충청남도 논산시 은진면 와야리 106-2,36.1847488,127.1154011,30,충청남도 논산시청,041-746-6275,충남논산경찰서,N,,,2025-12-01,4540000,충청남도 논산시
1,어은1리 경로당,충청남도,태안군,44825,충청남도 태안군 태안읍 진벌로 527,,36.8006266666,126.3227271,30,충청남도 태안군청,041-670-2717,충남태안경찰서,N,,,2025-02-27,4620000,충청남도 태안군
1,삭선5리 해송파크빌 경로당,충청남도,태안군,44825,충청남도 태안군 태안읍 원이로 302,,36.7835492165,126.2771466107,30,충청남도 태안군청,041-670-2717,충남태안경찰서,N,,,2025-02-27,4620000,충청남도 태안군
1,삭선2리 다목적회관,충청남도,태안군,44825,충청남도 태안군 태안읍 진벌로 11,,36.773707,126.282397,30,충청남도 태안군청,041-670-2717,충남태안경찰서,N,,,2025-02-27,4620000,충청남도 태안군
1,반계3리 사무소,충청남도,태안군,44825,충청남도 태안군 원북면 옥파로 200,,36.831907,126.242716,30,충청남도 태안군청,041-670-2717,충남태안경찰서,N,,,2025-02-27,4620000,충청남도 태안군
1,방갈리 복지회관,충청남도,태안군,44825,충청남도 태안군 원북면 발전로 76,,36.8800616,126.2157177,30,충청남도 태안군청,041-670-2717,충남태안경찰서,N,,,2025-02-27,4620000,충청남도 태안군
1,이곡1리 다목적회관,충청남도,태안군,44825,충청남도 태안군 원북면 샛말길 148,,36.8518150376,126.2360085,30,충청남도 태안군청,041-670-2717,충남태안경찰서,N,,,2025-02-27,4620000,충청남도 태안군
1,안기리1구 마을회관,충청남도,태안군,44825,충청남도 태안군 근흥면 근흥로 436,,36.7361450984,126.2411749,30,충청남도 태안군청,041-670-2717,충남태안경찰서,N,,,2025-02-27,4620000,충청남도 태안군
1,혜성아파트경로당,충청남도,태안군,44825,충청남도 태안군 태안읍 근흥로 64,,36.7562997920,126.2692567477,30,충청남도 태안군청,041-670-2717,충남태안경찰서,N,,,2025-02-27,4620000,충청남도 태안군
1,대기경로당,충청남도,태안군,44825,충청남도 태안군 원북면 원이로 509-4,,36.7965252,126.2621934,30,충청남도 태안군청,041-670-2717,충남태안경찰서,N,,,2025-02-27,4620000,충청남도 태안군
1,태안노인복지관,충청남도,태안군,44825,충청남도 태안군 태안읍 후곡로 79,,36.745996,126.301666,30,충청남도 태안군청,041-670-2717,충남태안경찰서,N,,,2025-02-27,4620000,충청남도 태안군
1,삭선4리 노인정,충청남도,태안군,44825,충청남도 태안군 태안읍 원이로 368,,36.786579,126.272537,30,충청남도 태안군청,041-670-2717,충남태안경찰서,N,,,2025-02-27,4620000,충청남도 태안군
1,북면 목동2리 경로당,경기도,가평군,41820,경기도 가평군 북면 멱골로 169-10,경기도 가평군 북면 목동리 570-3번지,37.90600746,127.5708372,30,경기도 가평군청,031-580-2297,가평경찰서,N,0,,2025-05-23,4160000,경기도 가평군
1,설악양지노인요양원,경기도,가평군,41820,경기도 가평군 설악면 유명로 2285,경기도 가평군 설악면 회곡리 527번지,37.70476577,127.4481534,30,경기도 가평군청,031-580-2297,가평경찰서,N,0,,2025-05-23,4160000,경기도 가평군
1,창의리 경로당,경기도,가평군,41820,경기도 가평군 설악면 한서로 153-5,경기도 가평군 설악면 창의리 112-3번지,37.66998637,127.5075937,30,경기도 가평군청,031-580-2297,가평경찰서,N,0,,2025-05-23,4160000,경기도 가평군
1,노병사의 집,경기도,가평군,41820,경기도 가평군 조종면 운악청계로491번길 106,경기도 가평군 조종면 신상리 518-5번지,37.85408249,127.3469647,30,경기도 가평군청,031-580-2297,가평경찰서,N,0,,2025-05-23,4160000,경기도 가평군
1,화악2리 경로당,경기도,가평군,41820,경기도 가평군 북면 화악산로 1136,경기도 가평군 북면 화악리 874-15번지,37.95324269,127.5315902,30,경기도 가평군청,031-580-2297,가평경찰서,N,0,,2025-05-23,4160000,경기도 가평군
1,제령리 경로당,경기도,가평군,41820,경기도 가평군 북면 가화로 1197-7,경기도 가평군 북면 제령리 13-1번지,37.89446922,127.5338264,30,경기도 가평군청,031-580-2297,가평경찰서,N,0,,2025-05-23,4160000,경기도 가평군
1,마장2리 송정마을 경로당,경기도,가평군,41820,경기도 가평군 가평읍 가화로 440-57,경기도 가평군 가평읍 마장리 394-2번지,37.85663144,127.5106198,30,경기도 가평군청,031-580-2297,가평경찰서,N,0,,2025-05-23,4160000,경기도 가평군
1,현6리 경로당(마을회관),경기도,가평군,41820,경기도 가평군 조종면 연인산로 18,경기도 가평군 조종면 현리 253-4번지,37.82202212,127.3515062,30,경기도 가평군청,031-580-2297,가평경찰서,N,0,,2025-05-23,4160000,경기도 가평군
1,덕현리 경로당(마을회관),경기도,가평군,41820,경기도 가평군 상면 청군로 454,경기도 가평군 상면 덕현리 365-2번지,37.76259094,127.3940636,30,경기도 가평군청,031-580-2297,가평경찰서,N,0,,2025-05-23,4160000,경기도 가평군
1,읍내7리 경로당(마을회관),경기도,가평군,41820,경기도 가평군 가평읍 신용길 10,경기도 가평군 가평읍 읍내리 376-8번지,37.82602937,127.5164216,30,경기도 가평군청,031-580-2297,가평경찰서,N,0,,2025-05-23,4160000,경기도 가평군
1,산유리 경로당(마을회관),경기도,가평군,41820,경기도 가평군 가평읍 호반로 1827,경기도 가평군 가평읍 산유리 209번지,37.75667515,127.5116857,30,경기도 가평군청,031-580-2297,가평경찰서,N,0,,2025-05-23,4160000,경기도 가평군
1,이화리 경로당(마을회관),경기도,가평군,41820,경기도 가평군 가평읍 호반로 2302,경기도 가평군 가평읍 이화리 437번지,37.7953563,127.5115796,30,경기도 가평군청,031-580-2297,가평경찰서,N,0,,2025-05-23,4160000,경기도 가평군
1,고성리 경로당,경기도,가평군,41820,경기도 가평군 청평면 말래골길 6,경기도 가평군 청평면 고성리 437-1번지,37.71589544,127.501268,30,경기도 가평군청,031-580-2297,가평경찰서,N,0,,2025-05-23,4160000,경기도 가평군
1,삼곶리 경로당,경기도,연천군,41800,경기도 연천군 중면 군중로 357-21,경기도 연천군 중면 삼곶리 195-1,38.13389491,127.0237852,30,경기도 연천군청,031-839-2292,연천경찰서,N,,7,2025-11-25,4140000,경기도 연천군
1,연천군종합복지관,경기도,연천군,41800,경기도 연천군 전곡읍 전영로 11,경기도 연천군 전곡읍 은대리 541-6,38.03063591,127.0670578,30,경기도 연천군청,031-839-2292,연천경찰서,N,,4~30,2025-11-25,4140000,경기도 연천군
1,학곡리경로당,경기도,연천군,41800,경기도 연천군 백학면 노아로 242,경기도 연천군 백학면 학곡리 260-6,37.98773261,126.9448442,30,경기도 연천군청,031-839-2292,연천경찰서,N,,9~10,2025-11-25,4140000,경기도 연천군
1,마전리경로당,경기도,연천군,41800,경기도 연천군 미산면 청정로 1313,경기도 연천군 미산면 마전리 196-1,38.0260698,126.9856247,30,경기도 연천군청,031-839-2292,연천경찰서,N,,8~9,2025-11-25,4140000,경기도 연천군
1,대전1리경로당,경기도,연천군,41800,경기도 연천군 청산면 청창로326번길 57,경기도 연천군 청산면 대전리 85-15,38.01350648,127.1023765,30,경기도 연천군청,031-839-2292,연천경찰서,N,,12~13,2025-11-25,4140000,경기도 연천군
1,선곡리경로당,경기도,연천군,41800,경기도 연천군 군남면 군남로 581,경기도 연천군 군남면 선곡리 513-1,38.09912754,127.024324,30,경기도 연천군청,031-839-2292,연천경찰서,N,,12~13,2025-11-25,4140000,경기도 연천군
1,송죽리 경로당,충청북도,보은군,43720,,충청북도 보은군 삼승면 송죽리 314-12,36.43680784,127.729318,30,충청북도 보은군청,043-540-3432,보은경찰서,N,0,8,2024-08-09,4420000,충청북도 보은군
1,법수리(강회) 경로당,충청북도,보은군,43720,,충청북도 보은군 회남면 법수리 9-3,36.430229,127.538279,30,충청북도 보은군청,043-540-3432,보은경찰서,N,0,8,2024-08-09,4420000,충청북도 보은군
1,금곡리 경로당,충청북도,보은군,43720,,충청북도 보은군 회남면 금곡리 115,36.45701812,127.5950324,30,충청북도 보은군청,043-540-3432,보은경찰서,N,0,8,2024-08-09,4420000,충청북도 보은군
1,성암리 경로당,충청북도,보은군,43720,,충청북도 보은군 내북면 성암리 104-1,36.58131878,127.674189,30,충청북도 보은군청,043-540-3432,보은경찰서,N,0,8,2024-08-09,4420000,충청북도 보은군
1,발산리 경로당,충청북도,보은군,43720,,충청북도 보은군 수한면 발산리 267-4,36.471552,127.697306,30,충청북도 보은군청,043-540-3432,보은경찰서,N,0,8,2024-08-09,4420000,충청북도 보은군
1,광촌리 경로당,충청북도,보은군,43720,,충청북도 보은군 수한면 광촌리 119-1,36.442007,127.6845246,30,충청북도 보은군청,043-540-3432,보은경찰서,N,0,8,2024-08-09,4420000,충청북도 보은군
1,별방2리 경로당,충청북도,단양군,43800,충청북도 단양군 영춘면 별방길 17,충청북도 단양군 영춘면 별방리 362-2,37.110380,128.412218,30,충청북도 단양군청,043-420-2896,단양경찰서,N,0,8,2025-07-08,4480000,충청북도 단양군
1,사이곡리 경로당,충청북도,단양군,43800,충청북도 단양군 영춘면 별방창원로 803,충청북도 단양군 영춘면 사이곡리 322-1,37.11958647,128.3961133,30,충청북도 단양군청,043-420-2896,단양경찰서,N,0,8,2025-07-08,4480000,충청북도 단양군
1,동대2리 경로당,충청북도,단양군,43800,충청북도 단양군 영춘면 배틀말길 8,충청북도 단양군 영춘면 동대리 184-3,37.073366,128.5466188,30,충청북도 단양군청,043-420-2896,단양경찰서,N,0,8,2025-07-08,4480000,충청북도 단양군
1,덕상리 경로당,충청북도,단양군,43800,충청북도 단양군 단양읍 덕상1길 6,충청북도 단양군 단양읍 덕상리 99,36.944569,128.335136,30,충청북도 단양군청,043-420-2896,단양경찰서,N,0,8,2025-07-08,4480000,충청북도 단양군
1,장발1리 경로당,충청북도,단양군,43800,충청북도 단양군 영춘면 장발선돌길 6,충청북도 단양군 영춘면 장발리 170-2,37.0836791,128.4241155,30,충청북도 단양군청,043-420-2896,단양경찰서,N,0,8,2025-07-08,4480000,충청북도 단양군
1,천동리 경로당,충청북도,단양군,43800,충청북도 단양군 단양읍 천동3길 18,충청북도 단양군 단양읍 천동리 220,36.970732,128.420906,30,충청북도 단양군청,043-420-2896,단양경찰서,N,0,8,2025-07-08,4480000,충청북도 단양군
1,사지원1리 경로당,충청북도,단양군,43800,충청북도 단양군 영춘면 사지원로 31,충청북도 단양군 영춘면 사지원리 605-7,37.08029397,128.4316881,30,충청북도 단양군청,043-420-2896,단양경찰서,N,0,8,2025-07-08,4480000,충청북도 단양군
1,직티리 경로당,충청북도,단양군,43800,충청북도 단양군 대강면 직티1길 57,충청북도 단양군 대강면 직티리 136-2,36.888673,128.340044,30,충청북도 단양군청,043-420-2896,단양경찰서,N,0,8,2025-07-08,4480000,충청북도 단양군
1,미노1리 경로당,충청북도,단양군,43800,충청북도 단양군 대강면 미노길 3,충청북도 단양군 대강면 미노리 390,36.872392,128.368274,30,충청북도 단양군청,043-420-2896,단양경찰서,N,0,8,2025-07-08,4480000,충청북도 단양군
1,사평2리 경로당,충청북도,단양군,43800,충청북도 단양군 가곡면 아평1길 7,충청북도 단양군 가곡면 사평리 578,37.015085,128.3864596,30,충청북도 단양군청,043-420-2896,단양경찰서,N,0,8,2025-07-08,4480000,충청북도 단양군
1,가전동 문화회관,충청북도,단양군,43800,충청북도 단양군 어상천면 석교7길 8-5,충청북도 단양군 어상천면 석교리 11,37.154923,128.3369038,30,충청북도 단양군청,043-420-2896,단양경찰서,N,0,8,2025-07-08,4480000,충청북도 단양군
1,상1리 경로당,충청북도,단양군,43800,충청북도 단양군 적성면 상리2길 4,충청북도 단양군 적성면 상리 297-3,36.97271854,128.2841384,30,충청북도 단양군청,043-420-2896,단양경찰서,N,0,8,2025-07-08,4480000,충청북도 단양군
1,동대1리 경로당,충청북도,단양군,43800,충청북도 단양군 영춘면 영부로 2531,충청북도 단양군 영춘면 동대리 802-11,37.073369,128.5210881,30,충청북도 단양군청,043-420-2896,단양경찰서,N,0,8,2025-07-08,4480000,충청북도 단양군
1,논현종합사회복지관,인천광역시,남동구,28200,인천광역시 남동구 호구포로 292 (논현동) 논현종합사회복지관,인천광역시 남동구 논현동 581-4 논현종합사회복지관,37.40816389,126.713242,30,인천광역시 남동구,032-453-2963,인천논현경찰서,N,0,5,2025-09-17,3530000,인천광역시 남동구
1,남촌노인복지회관,인천광역시,남동구,28200,인천광역시 남동구 남촌동로26번길 20 (남촌동) 남촌노인복지회관,인천광역시 남동구 남촌동 376-10 남촌커뮤니티센터 남촌노인복지회관,37.43295029,126.716032,30,인천광역시 남동구,032-453-2963,인천논현경찰서,N,0,10,2025-09-17,3530000,인천광역시 남동구
1,남동어울림체육관,인천광역시,남동구,28200,인천광역시 남동구 인주대로820번길 75 (수산동) 수산동 8-1,인천광역시 남동구 수산동 8-1 소래샛길 실내체육관 수산동 8-1,37.44582381,126.731003,30,인천광역시 남동구,032-453-2963,인천논현경찰서,N,0,8,2025-09-17,3530000,인천광역시 남동구
1,장수사거리공원,인천광역시,남동구,28200,인천광역시 남동구 장수로 9-5 (장수동) 장수동 807-1,인천광역시 남동구 장수동 807-2 장수동 807-1,37.45028649,126.7492693,30,인천광역시 남동구,032-453-2963,인천논현경찰서,N,0,8,2025-09-17,3530000,인천광역시 남동구
1,구룡어린이공원,인천광역시,남동구,28200,인천광역시 남동구 매소홀로 1100 (서창동) 서창동 550-4,인천광역시 남동구 서창동 550-6 서창동 550-4,37.43814007,126.7449855,30,인천광역시 남동구,032-453-2963,인천논현경찰서,N,0,30,2025-09-17,3530000,인천광역시 남동구
1,주적체육공원,인천광역시,남동구,28200,인천광역시 남동구 논고개로 253-2 (도림동) 도림동 412,인천광역시 남동구 도림동 346-6 도림동 412,37.4132908,126.7254766,30,인천광역시 남동구,032-453-2963,인천논현경찰서,N,0,8,2025-09-17,3530000,인천광역시 남동구
1,신남촌경로당,인천광역시,남동구,28200,인천광역시 남동구 남촌동로45번길 4 (남촌동) 신남촌경로당,인천광역시 남동구 남촌동 341-2 신남촌경로당,37.4315834,126.7138033,30,인천광역시 남동구,032-453-2963,인천논현경찰서,N,0,10,2025-09-17,3530000,인천광역시 남동구
1,물빛근린공원,인천광역시,남동구,28200,인천광역시 남동구 서창방산로 22 (서창동) 서창동 713,인천광역시 남동구 서창동 713 물빛근린공원 서창동 713,37.42150292,126.7472913,30,인천광역시 남동구,032-453-2963,인천논현경찰서,N,0,16,2025-09-17,3530000,인천광역시 남동구
2,동구 아름다운 복지관,대전광역시,동구,30110,대전광역시 동구 안골로 49,대전광역시 동구 구도동 402,36.2680088,127.472226,30,대전광역시 동구청,042-251-4885,대전광역시 동부경찰서,N,,7,2025-08-05,3640000,대전광역시 동구
1,성남주간보호센터,대전광역시,동구,30110,대전광역시 동구 계족로392번길 7,대전광역시 동구 성남동 503-14,36.3470282,127.4329793,30,대전광역시 동구청,042-251-4885,대전광역시 동부경찰서,Y,1,8,2025-08-05,3640000,대전광역시 동구
1,하1리경로당,충청북도,단양군,43800,충청북도 단양군 적성면 금수산로 939-8,충청북도 단양군 적성면 하리 367-4,36.961585,128.292043,30,충청북도 단양군청,043-420-2896,단양경찰서,N,0,8,2025-07-08,4480000,충청북도 단양군
1,괴평리마을회관,충청북도,단양군,43800,충청북도 단양군 대강면 괴평1길 7,충청북도 단양군 대강면 괴평리 214-2,36.9037838302,128.348915,30,충청북도 단양군청,043-420-2896,단양경찰서,N,0,8,2025-07-08,4480000,충청북도 단양군
1,삼곡1리경로당,충청북도,단양군,43800,충청북도 단양군 매포읍 삼곡길 78,충청북도 단양군 매포읍 삼곡리 92,37.074464,128.269995581,30,충청북도 단양군청,043-420-2896,단양경찰서,N,0,8,2025-07-08,4480000,충청북도 단양군
1,가평1리회관,충청북도,단양군,43800,충청북도 단양군 매포읍 가평길 84,충청북도 단양군 매포읍 가평리 277-1,37.07320918,128.2797159,30,충청북도 단양군청,043-420-2896,단양경찰서,N,0,8,2025-07-08,4480000,충청북도 단양군
1,사평3리 경로당,충청북도,단양군,43800,충청북도 단양군 가곡면 여울목2길 17,충청북도 단양군 가곡면 사평리 363-3,37.032568,128.393653,30,충청북도 단양군청,043-420-2896,단양경찰서,N,0,8,2025-07-08,4480000,충청북도 단양군
1,의풍2리 마을회관,충청북도,단양군,43800,충청북도 단양군 영춘면 의풍4길 12,충청북도 단양군 영춘면 의풍리 649-2,37.064378,128.614986,30,충청북도 단양군청,043-420-2896,단양경찰서,N,0,8,2025-07-08,4480000,충청북도 단양군
1,의풍1리 마을회관,충청북도,단양군,43800,충청북도 단양군 영춘면 의풍1길 10-1,충청북도 단양군 영춘면 의풍리 748-6,37.06848609,128.6091755,30,충청북도 단양군청,043-420-2896,단양경찰서,N,0,8,2025-07-08,4480000,충청북도 단양군
1,임현2리 마을회관,충청북도,단양군,43800,충청북도 단양군 어상천면 어상천로 768,충청북도 단양군 어상천면 임현리 128,37.091773,128.370624,30,충청북도 단양군청,043-420-2896,단양경찰서,N,0,8,2025-07-08,4480000,충청북도 단양군
1,하1리 노인회관,충청북도,단양군,43800,충청북도 단양군 영춘면 영춘4길 3,충청북도 단양군 영춘면 하리 313-1,37.077886,128.487547,30,충청북도 단양군청,043-420-2896,단양경찰서,N,0,8,2025-07-08,4480000,충청북도 단양군
1,오사리 마을회관,충청북도,단양군,43800,충청북도 단양군 영춘면 강변로 1004-5,충청북도 단양군 영춘면 오사리 73-5,37.101289,128.510339,30,충청북도 단양군청,043-420-2896,단양경찰서,N,0,8,2025-07-08,4480000,충청북도 단양군
1,평동2리 마을회관,충청북도,단양군,43800,충청북도 단양군 매포읍 평동4길 24-4,충청북도 단양군 매포읍 평동리 363,37.03129797,128.3028948,30,충청북도 단양군청,043-420-2896,단양경찰서,N,0,8,2025-07-08,4480000,충청북도 단양군
1,가산1리 마을회관,충청북도,단양군,43800,충청북도 단양군 단성면 상선암길 34-6,충청북도 단양군 단성면 가산리 737-9,36.872064,128.294790,30,충청북도 단양군청,043-420-2896,단양경찰서,N,0,8,2025-07-08,4480000,충청북도 단양군
1,연곡1리 경로당,충청북도,단양군,43800,충청북도 단양군 어상천면 매포어상천로 851-4,충청북도 단양군 어상천면 연곡리 875-9,37.091829,128.3241388,30,충청북도 단양군청,043-420-2896,단양경찰서,N,0,8,2025-07-08,4480000,충청북도 단양군
1,두음리 마을회관,충청북도,단양군,43800,충청북도 단양군 대강면 두음3길 3,충청북도 단양군 대강면 두음리 590-13,36.913179,128.3529376,30,충청북도 단양군청,043-420-2896,단양경찰서,N,0,8,2025-07-08,4480000,충청북도 단양군
1,상2리 노인회관,충청북도,단양군,43800,충청북도 단양군 영춘면 북벽2길 19,충청북도 단양군 영춘면 상리 66-3,37.08661395,128.4937711,30,충청북도 단양군청,043-420-2896,단양경찰서,N,0,8,2025-07-08,4480000,충청북도 단양군
1,다사랑노인요양원,충청북도,단양군,43800,충청북도 단양군 대강면 온천로 197,충청북도 단양군 대강면 황정리 193,36.881206635,128.3594371579,30,충청북도 단양군청,043-420-2896,단양경찰서,N,0,8,2025-07-08,4480000,충청북도 단양군
1,율곡리 경로당,충청북도,단양군,43800,충청북도 단양군 어상천면 어상천로 492-6,충청북도 단양군 어상천면 율곡리 300,37.069688,128.3782169,30,충청북도 단양군청,043-420-2896,단양경찰서,N,0,8,2025-07-08,4480000,충청북도 단양군
1,은빛마을양로원,충청북도,단양군,43800,충청북도 단양군 영춘면 영부로 2450,충청북도 단양군 영춘면 동대리 535,37.072877,128.530430,30,충청북도 단양군청,043-420-2896,단양경찰서,N,0,8,2025-07-08,4480000,충청북도 단양군
1,상진 노인보금자리,충청북도,단양군,43800,충청북도 단양군 단양읍 상진1길 6-5,충청북도 단양군 단양읍 상진리 95-13,36.982228,128.351873,30,충청북도 단양군청,043-420-2896,단양경찰서,N,0,8,2025-07-08,4480000,충청북도 단양군
1,대전리 마을회관,충청북도,단양군,43800,충청북도 단양군 어상천면 대전2길 20-3,충청북도 단양군 어상천면 대전리 647,37.128892,128.337691,30,충청북도 단양군청,043-420-2896,단양경찰서,N,0,8,2025-07-08,4480000,충청북도 단양군
1,가대리 보건진료소,충청북도,단양군,43800,충청북도 단양군 가곡면 가대궁골1길 20,충청북도 단양군 가곡면 가대리 755-7,37.04872983,128.3906352,30,충청북도 단양군청,043-420-2896,단양경찰서,N,0,8,2025-07-08,4480000,충청북도 단양군
1,각기리 보건진료소,충청북도,단양군,43800,충청북도 단양군 적성면 금수산로 3,충청북도 단양군 적성면 각기리 151-1,37.021042,128.2863974,30,충청북도 단양군청,043-420-2896,단양경찰서,N,0,8,2025-07-08,4480000,충청북도 단양군
1,장정리 경로당,충청북도,단양군,43800,충청북도 단양군 대강면 사동계곡로 3-20,충청북도 단양군 대강면 장정리 26-3,36.845927,128.3956187983,30,충청북도 단양군청,043-420-2896,단양경찰서,N,0,8,2025-07-08,4480000,충청북도 단양군
1,신하리 마을회관,경기도,가평군,41820,경기도 가평군 조종면 연인산로 159,경기도 가평군 조종면 신하리 308-1,37.83106548,127.3592203,30,경기도 가평군청,031-580-2297,가평경찰서,N,0,,2025-05-23,4160000,경기도 가평군
1,신상2리 마을회관,경기도,가평군,41820,경기도 가평군 조종면 운악청계로 365,경기도 가평군 조종면 신상리 170-7,37.84781107,127.3550988,30,경기도 가평군청,031-580-2297,가평경찰서,N,0,,2025-05-23,4160000,경기도 가평군
1,신상1리 마을회관,경기도,가평군,41820,경기도 가평군 조종면 운악청계로 253,경기도 가평군 조종면 신상리 335-8,37.83884408,127.3531203,30,경기도 가평군청,031-580-2297,가평경찰서,N,0,,2025-05-23,4160000,경기도 가평군
1,원흥리 마을회관,경기도,가평군,41820,경기도 가평군 상면 원흥길 59,경기도 가평군 상면 원흥리 469,37.81766974,127.3241258,30,경기도 가평군청,031-580-2297,가평경찰서,N,0,,2025-05-23,4160000,경기도 가평군
1,설악면 묵안1리 경로당,경기도,가평군,41820,경기도 가평군 설악면 묵안로 1025,경기도 가평군 설악면 묵안리 168-4,37.60055813,127.5362046,30,경기도 가평군청,031-580-2297,가평경찰서,N,0,,2025-05-23,4160000,경기도 가평군
1,상천4리 경로당,경기도,가평군,41820,경기도 가평군 청평면 상지로 64번길 3,경기도 가평군 청평면 상천리 1354-2,37.76909465,127.4586417,30,경기도 가평군청,031-580-2297,가평경찰서,N,0,,2025-05-23,4160000,경기도 가평군
1,상동리 노인회관(경로당),경기도,가평군,41820,경기도 가평군 상면 비룡로 1968,경기도 가평군 상면 상동리 113,37.79311167,127.3232364,30,경기도 가평군청,031-580-2297,가평경찰서,N,0,,2025-05-23,4160000,경기도 가평군
1,청평노인복지관,경기도,가평군,41820,경기도 가평군 청평면 은고개로 39,경기도 가평군 청평면 청평리 333-13,37.73920712,127.4243212,30,경기도 가평군청,031-580-2297,가평경찰서,N,0,,2025-05-23,4160000,경기도 가평군
1,율길1리 경로당,경기도,가평군,41820,경기도 가평군 상면 음지말로 6,경기도 가평군 상면 율길리 327번지,37.83152403,127.2912823,30,경기도 가평군청,031-580-2297,가평경찰서,N,0,,2025-05-23,4160000,경기도 가평군
1,북면 소법2리 경로당,경기도,가평군,41820,경기도 가평군 북면 화악산로 306,경기도 가평군 북면 소법리 170-4번지,37.906891,127.5636109,30,경기도 가평군청,031-580-2297,가평경찰서,N,0,,2025-05-23,4160000,경기도 가평군
1,운연경로당,인천광역시,남동구,28200,인천광역시 남동구 음실로 70 (운연동) 운연경로당,인천광역시 남동구 운연동 271-1 운연경로당,37.43728437,126.7667249,30,인천광역시 남동구,032-453-2963,인천논현경찰서,Y,1,10,2025-09-17,3530000,인천광역시 남동구
1,수산경로당,인천광역시,남동구,28200,인천광역시 남동구 구수골로 7 (수산동) 수산경로당,인천광역시 남동구 수산동 372 수산경로당,37.43269456,126.7312882,30,인천광역시 남동구,032-453-2963,인천논현경찰서,N,0,5,2025-09-17,3530000,인천광역시 남동구
1,소래경로당,인천광역시,남동구,28200,인천광역시 남동구 장도로 55 (논현동) 소래경로당,인천광역시 남동구 논현동 111-303 소래경로당,37.40070381,126.7374382,30,인천광역시 남동구,032-453-2963,인천논현경찰서,Y,1,15,2025-09-17,3530000,인천광역시 남동구
1,도림경로당,인천광역시,남동구,28200,인천광역시 남동구 도림로 24 (도림동) 도림동경로당,인천광역시 남동구 도림동 661-11 도림동경로당,37.41943059,126.7279741,30,인천광역시 남동구,032-453-2963,인천논현경찰서,Y,1,12,2025-09-17,3530000,인천광역시 남동구
1,고잔경로당,인천광역시,남동구,28200,인천광역시 남동구 앵고개로697번길 59 (고잔동) 고잔경로당,인천광역시 남동구 고잔동 310-6 고잔경로당,37.39158573,126.7151168,30,인천광역시 남동구,032-453-2963,인천논현경찰서,N,0,15,2025-09-17,3530000,인천광역시 남동구
1,장아공원,인천광역시,남동구,28200,인천광역시 남동구 장아산로 222 (서창동) 서창동 580-2,인천광역시 남동구 서창동 578-6 햇빛마을 서창동 580-2,37.43151822,126.7513167,30,인천광역시 남동구,032-453-2963,인천논현경찰서,N,0,10,2025-09-17,3530000,인천광역시 남동구
1,오름공원,인천광역시,남동구,28200,인천광역시 남동구 서창남순환로10번길 15-19 (서창동) 서창동 659,인천광역시 남동구 서창동 661-7 서창동 659,37.42523881,126.7521079,30,인천광역시 남동구,032-453-2963,인천논현경찰서,N,0,10,2025-09-17,3530000,인천광역시 남동구
1,소망의집,인천광역시,남동구,28200,인천광역시 남동구 논현고잔로88번길 35 (고잔동) 소망의집,인천광역시 남동구 고잔동 311-4 소망의집,37.39075148,126.7146336,30,인천광역시 남동구,032-453-2963,인천논현경찰서,N,0,10,2025-09-17,3530000,인천광역시 남동구
1,만수5동경로당,인천광역시,남동구,28200,인천광역시 남동구 구월말로58번길 61-2 (만수동) 만수5동경로당,인천광역시 남동구 만수동 945-13 만수5동경로당,37.45398862,126.7285895,30,인천광역시 남동구,032-453-2963,인천남동경찰서,Y,2,10,2025-09-17,3530000,인천광역시 남동구
1,구월4동경로당,인천광역시,남동구,28200,인천광역시 남동구 모래내로 26 (구월동) 구월4동경로당,인천광역시 남동구 구월동 349-753 구월4동경로당,37.45403584,126.7225906,30,인천광역시 남동구,032-453-2963,인천남동경찰서,Y,1,10,2025-09-17,3530000,인천광역시 남동구
1,구월2동경로당,인천광역시,남동구,28200,인천광역시 남동구 호구포로857번길 23 (구월동) 구월2동경로당,인천광역시 남동구 구월동 1246 구월2동경로당,37.45891399,126.7183356,50,인천광역시 남동구,032-453-2963,인천남동경찰서,N,0,35,2025-09-17,3530000,인천광역시 남동구
1,간석2동경로당,인천광역시,남동구,28200,인천광역시 남동구 석촌로14번길 63 (간석동) 간석2동경로당,인천광역시 남동구 간석동 135-3 간석2동성한경로당,37.46206756,126.7127087,30,인천광역시 남동구,032-453-2963,인천남동경찰서,N,0,6,2025-09-17,3530000,인천광역시 남동구
1,인천노인종합문화회관,인천광역시,남동구,28200,인천광역시 남동구 용천로205번길 21 (간석동) 인천노인종합문화회관,인천광역시 남동구 간석동 55-1 인천노인종합문화회관,37.46838242,126.7129366,30,인천광역시 남동구,032-453-2963,인천남동경찰서,Y,3,11,2025-09-17,3530000,인천광역시 남동구
1,성화은혜노인요양원,인천광역시,남동구,28200,인천광역시 남동구 서판로53번길 15 (만수동) 성화은혜노인요양원,인천광역시 남동구 만수동 839-8 성화은혜노인요양원,37.46467202,126.7258182,30,인천광역시 남동구,032-453-2963,인천남동경찰서,Y,1,10,2025-09-17,3530000,인천광역시 남동구
1,삼거리장수경로당,인천광역시,남동구,28200,인천광역시 남동구 경인로764번길 21 (간석동) 삼거리장수경로당,인천광역시 남동구 간석동 769-16 장수노인정 삼거리장수경로당,37.47750205,126.7116408,30,인천광역시 남동구,032-453-2963,인천남동경찰서,Y,1,6,2025-09-17,3530000,인천광역시 남동구
1,남동국민체육센터,인천광역시,남동구,28200,인천광역시 남동구 백범로124번길 94 (만수동) 만수동 15,인천광역시 남동구 만수동 15 남동국민체육센터 만수동 15,37.45790787,126.7363878,30,인천광역시 남동구,032-453-2963,인천남동경찰서,N,0,20,2025-09-17,3530000,인천광역시 남동구
1,남동구노인복지관,인천광역시,남동구,28200,인천광역시 남동구 문화서로62번길 13 (구월동) 남동구노인복지관,인천광역시 남동구 구월동 1114-12 남동구노인복지관 남동구노인복지관,37.45100956,126.6972481,30,인천광역시 남동구,032-453-2963,인천남동경찰서,Y,1,10,2025-09-17,3530000,인천광역시 남동구
1,초도노인요양원,인천광역시,남동구,28200,인천광역시 남동구 호구포로739번길 19 (구월동) 초도노인요양원,"인천광역시 남동구 구월동 1232 남부어린이집, 초도노인요양원 초도노인요양원",37.44821469,126.7173962,30,인천광역시 남동구,032-453-2963,인천남동경찰서,N,0,5,2025-09-17,3530000,인천광역시 남동구
1,성마을경로당,인천광역시,남동구,28200,인천광역시 남동구 인주대로604번길 45 (구월동) 성마을경로당,인천광역시 남동구 구월동 1152-14 성마을경로당 성마을경로당,37.44777658,126.7039363,30,인천광역시 남동구,032-453-2963,인천남동경찰서,Y,1,10,2025-09-17,3530000,인천광역시 남동구
1,대우재경로당,인천광역시,남동구,28200,인천광역시 남동구 구월남로94번길 3 (구월동) 대우재경로당,인천광역시 남동구 구월동 1092-43 대우재경로당 대우재경로당,37.45330097,126.6997905,30,인천광역시 남동구,032-453-2963,인천남동경찰서,N,0,4,2025-09-17,3530000,인천광역시 남동구
1,구월근린공원,인천광역시,남동구,28200,인천광역시 남동구 구월로 251 (구월동) 구월동 1246,인천광역시 남동구 구월동 1246 올림픽국민생활체육관 구월동 1246,37.45737534,126.7188991,30,인천광역시 남동구,032-453-2963,인천남동경찰서,Y,2,6,2025-09-17,3530000,인천광역시 남동구
1,예랑요양원,인천광역시,남동구,28200,인천광역시 남동구 구월말로4번길 9-23 (구월동) 예랑요양원,인천광역시 남동구 구월동 1313-1 예랑요양원,37.45034081,126.7248254,30,인천광역시 남동구,032-453-2963,인천남동경찰서,Y,1,10,2025-09-17,3530000,인천광역시 남동구
1,성현경로당,인천광역시,남동구,28200,인천광역시 남동구 구월말로100번길 5 (만수동) 성현경로당,인천광역시 남동구 만수동 895-9 성현경로당,37.4580174,126.7256856,30,인천광역시 남동구,032-453-2963,인천남동경찰서,Y,1,4,2025-09-17,3530000,인천광역시 남동구
1,나래효요양원,대전광역시,중구,30143,대전광역시 중구 문화로105번안길 10,대전광역시 중구 유천동 274-23,36.3128274,127.3967471,30,대전광역시 중구청,042-606-6857,대전광역시 중부경찰서,N,,8,2025-07-18,3650000,대전광역시 중구
1,대전기독교종합사회복지관,대전광역시,중구,30142,대전광역시 중구 보문산로 333번길 29,대전광역시 중구 문화동 27,36.31295943,127.4127168,30,대전광역시 중구청,042-606-6856,대전광역시 중부경찰서,N,,8,2025-07-18,3650000,대전광역시 중구
1,과례경로당,대전광역시,중구,30141,대전광역시 중구 보문산로 310번길 42,대전광역시 중구 문화동 76-3,36.309300,127.4117917,30,대전광역시 중구청,042-606-6855,대전광역시 중부경찰서,N,,8,2025-07-18,3650000,대전광역시 중구
1,중구 게이트볼장,대전광역시,중구,30140,대전광역시 중구 보문산로 345-10,대전광역시 중구 문화동 11-162,36.31377101,127.4149863,30,대전광역시 중구청,042-606-6854,대전광역시 중부경찰서,Y,1,5,2025-07-18,3650000,대전광역시 중구
01,신기2리 경로당,경상북도,영덕군,47770,경상북도 영덕군 창수면 영양창수로 2974,경상북도 영덕군 창수면 신기리 372-6,36.5527685859,129.3221742189,30,경상북도 영덕군청,054-730-5352,영덕경찰서,N,,,2025-05-12,5180000,경상북도 영덕군
01,축산2리 마을회관,경상북도,영덕군,47770,경상북도 영덕군 축산면 염장길 4,경상북도 영덕군 축산면 축산리 825,36.4986605440,129.4346034911,30,경상북도 영덕군청,054-730-5352,영덕경찰서,N,,,2025-05-12,5180000,경상북도 영덕군
01,대곡리 마을회관,경상북도,영덕군,47770,경상북도 영덕군 축산면 대곡길 268,경상북도 영덕군 축산면 대곡리 340,36.4875197572,129.3516478009,30,경상북도 영덕군청,054-730-5352,영덕경찰서,N,,,2025-05-12,5180000,경상북도 영덕군
01,하저리 마을회관,경상북도,영덕군,47770,경상북도 영덕군 강구면 하저길 423,경상북도 영덕군 강구면 하저리 396-5,36.3901348080,129.4067192623,30,경상북도 영덕군청,054-730-5352,영덕경찰서,N,,,2025-05-12,5180000,경상북도 영덕군
01,옥산2리 마을회관,경상북도,영덕군,47770,,경상북도 영덕군 달산면 옥산리 406-2,36.3521837597,129.2785840511,30,경상북도 영덕군청,054-730-5352,영덕경찰서,N,,,2025-05-12,5180000,경상북도 영덕군
01,사암1리 경로당,경상북도,영덕군,47770,경상북도 영덕군 남정면 사암길 50,경상북도 영덕군 남정면 사암리 84,36.3250288762,129.3299721539,30,경상북도 영덕군청,054-730-5352,영덕경찰서,N,,,2025-05-12,5180000,경상북도 영덕군
1,늘목간파리경로당,경기도,연천군,41800,경기도 연천군 전곡읍 양연로 465,경기도 연천군 전곡읍 늘목리 80-4,37.94832971,127.0030522,30,경기도 연천군청,031-839-2292,연천경찰서,N,,12~13,2025-11-25,4140000,경기도 연천군
1,노인복지관,경기도,연천군,41800,경기도 연천군 연천읍 문화로108번길 11,경기도 연천군 연천읍 옥산리 874,38.10350867,127.0789086,30,경기도 연천군청,031-839-2292,연천경찰서,N,,12~13,2025-11-25,4140000,경기도 연천군
1,삼거1리 경로당,경기도,연천군,41800,경기도 연천군 군남면 군남로 401,경기도 연천군 군남면 삼거리 400-32,38.08353571,127.0186317,30,경기도 연천군청,031-839-2292,연천경찰서,N,,10~12,2025-11-25,4140000,경기도 연천군
1,원당2리경로당,경기도,연천군,41800,경기도 연천군 장남면 원당로 15,경기도 연천군 장남면 원당리 580,37.9764755,126.8827969,30,경기도 연천군청,031-839-2292,연천경찰서,N,,10~12,2025-11-25,4140000,경기도 연천군
1,노인보호구역,경기도,연천군,41800,경기도 연천군 청산면 궁평천길 37,경기도 연천군 청산면 궁평리 175,38.02955791,127.1093896,30,경기도 연천군청,031-839-2292,연천경찰서,N,,12~13,2025-11-25,4140000,경기도 연천군
1,마송3리 경로당,충청북도,음성군,43770,충청북도 음성군 원남면 원소로 20-11,,36.88000614,127.6628417,30,충청북도 음성군청,043-871-3874,음성경찰서,N,0,7,2025-12-26,4470000,충청북도 음성군
1,월정리 경로당,충청북도,음성군,43770,충청북도 음성군 감곡면 감노로 528,,37.05814812,127.6698878,30,충청북도 음성군청,043-871-3874,음성경찰서,N,0,7,2025-12-26,4470000,충청북도 음성군
1,도신1리 경로당,충청북도,음성군,43770,충청북도 음성군 생극면 음성로 1404번길 14,,37.0133354,127.601365,30,충청북도 음성군청,043-871-3874,음성경찰서,N,0,7,2025-12-26,4470000,충청북도 음성군
1,초천2리 경로당,충청북도,음성군,43770,충청북도 음성군 음성읍 덕생로 818번길 27,,36.91783965,127.6539736,30,충청북도 음성군청,043-871-3874,음성경찰서,N,0,7,2025-12-26,4470000,충청북도 음성군
1,관성1리 경로당,충청북도,음성군,43770,충청북도 음성군 생극면 일생로 353,,37.03956397,127.5631459,30,충청북도 음성군청,043-871-3874,음성경찰서,N,0,7,2025-12-26,4470000,충청북도 음성군
1,삼생2리 경로당,충청북도,음성군,43770,충청북도 음성군 음성읍 덕생로 335,,36.90800732,127.6070504,30,충청북도 음성군청,043-871-3874,음성경찰서,N,0,7,2025-12-26,4470000,충청북도 음성군
1,충도1리 경로당,충청북도,음성군,43770,충청북도 음성군 소이면 충도로 603-3,,36.91950006,127.7332794,30,충청북도 음성군청,043-871-3874,음성경찰서,N,0,7,2025-12-26,4470000,충청북도 음성군
1,음성군 노인복지회관,충청북도,음성군,43770,충청북도 음성군 금왕읍 백야로 14,,36.98729452,127.5964128,30,충청북도 음성군청,043-871-3874,음성경찰서,N,0,7,2025-12-26,4470000,충청북도 음성군
2,광주카리타스근로시설,광주광역시,광산구,29200,광주광역시 광산구 지로길 7,광주광역시 광산구 지죽동 331-1,35.1415122071,126.763984662,30,광주광역시,062-613-4653,광주광역시광산경찰서,N,0,,2025-12-24,6290000,광주광역시
2,광주시각장애인복지관,광주광역시,남구,29155,광주광역시 남구 천변좌로382번길 6,광주광역시 남구 사동 19-4,35.1446175764,126.912574476,30,광주광역시,062-613-4653,광주광역시남부경찰서,N,0,,2025-12-24,6290000,광주광역시
2,광주북구장애인직업재활센터,광주광역시,북구,29170,광주광역시 북구 동문대로 238-8,광주광역시 북구 각화동 480-41,35.183032069,126.932463,30,광주광역시,062-613-4653,광주광역시북부경찰서,N,0,,2025-12-24,6290000,광주광역시
2,광주광역시동구장애인복지관,광주광역시,동구,29110,광주광역시 동구 백서로198번길7,광주광역시 동구 서석동 7-5,35.1457934824,126.9262479128,30,광주광역시,062-613-4653,광주광역시동부경찰서,N,0,,2025-12-24,6290000,광주광역시
2,광산구 장애인보호작업장,광주광역시,광산구,29200,광주광역시 광산구 고봉로 128,광주광역시 광산구 하남동 398-2,35.18499079,126.7939266,30,광주광역시,062-613-4653,광주광역시광산경찰서,N,0,,2025-12-24,6290000,광주광역시
1,함안군노인복지회관,경상남도,함안군,48730,경상남도 함안군 가야읍 중앙남길 67,경상남도 함안군 가야읍 말산리 100,35.27547022,128.4106009,30,경상남도 함안군청,055-580-2615,함안경찰서,Y,1,6,2025-05-07,5400000,경상남도 함안군
2,씨튼장애인직업재활센터,광주광역시,북구,29170,광주광역시 북구 앰코로 123,광주광역시 북구 오룡동 1-1,35.23193365,126.8497781,30,광주광역시,062-613-4653,광주광역시북부경찰서,Y,2,,2025-12-24,6290000,광주광역시
2,소망의집,광주광역시,광산구,29200,광주광역시 광산구 본동로 165-61,광주광역시 광산구 덕림동 16-1,35.17201665,126.680429,30,광주광역시,062-613-4653,광주광역시광산경찰서,N,0,,2025-12-24,6290000,광주광역시
2,어등재활원,광주광역시,광산구,29200,광주광역시 광산구 본동로 165-65,광주광역시 광산구 덕림동 15,35.17201665,126.6800079,30,광주광역시,062-613-4653,광주광역시광산경찰서,N,0,,2025-12-24,6290000,광주광역시
2,보람의집,광주광역시,광산구,29200,광주광역시 광산구 본동로 165-65,광주광역시 광산구 덕림동 15,35.17201665,126.6800079,30,광주광역시,062-613-4653,광주광역시광산경찰서,N,0,,2025-12-24,6290000,광주광역시
2,가교행복빌라,광주광역시,북구,29170,광주광역시 북구 하서로 600-11,광주광역시 북구 본촌동 485-5,35.22630715,126.8851689,30,광주광역시,062-613-4653,광주광역시북부경찰서,N,0,,2025-12-24,6290000,광주광역시
2,즐거운집,광주광역시,북구,29170,광주광역시 북구 월동로 82-4,광주광역시 북구 각화동 174-1,35.17801128,126.9377722,30,광주광역시,062-613-4653,광주광역시북부경찰서,N,0,,2025-12-24,6290000,광주광역시
2,광주작은예수의집,광주광역시,남구,29155,광주광역시 남구 금당로 32,광주광역시 남구 진월동 377-22,35.11977724,126.8962075,30,광주광역시,062-613-4653,광주광역시남부경찰서,Y,4,,2025-12-24,6290000,광주광역시
02,동막7리(대평)경로당,강원특별자치도,삼척시,51230,강원특별자치도 삼척시 근덕면 문의재로 3191,강원특별자치도 삼척시 근덕면 동막리 1593-1,37.30968567,129.1973379,30,강원도로관리사업소 태백지소,033-248-6890,삼척경찰서,N,,,2025-12-08,4241000,강원특별자치도 삼척시
02,교가6리(도원)경로당,강원특별자치도,삼척시,51230,강원특별자치도 삼척시 근덕면 미근로 1661,강원특별자치도 삼척시 근덕면 교가리 911-6,37.37602906,129.2151983,30,강원도로관리사업소 태백지소,033-248-6890,삼척경찰서,N,,,2025-12-08,4241000,강원특별자치도 삼척시
02,교가5리(무릉)경로당,강원특별자치도,삼척시,51230,강원특별자치도 삼척시 근덕면 미근로 1729-32,강원특별자치도 삼척시 근덕면 교가리 996,37.38043883,129.2196744,30,강원도로관리사업소 태백지소,033-248-6890,삼척경찰서,N,,,2025-12-08,4241000,강원특별자치도 삼척시
02,동막3리(성지새)경로당,강원특별자치도,삼척시,51230,강원특별자치도 삼척시 근덕면 성지1길 50,강원특별자치도 삼척시 근덕면 동막리 603-2,37.33688952,129.2406048,30,강원도로관리사업소 태백지소,033-248-6890,삼척경찰서,N,,,2025-12-08,4241000,강원특별자치도 삼척시
02,상맹방2리마을회관,강원특별자치도,삼척시,51230,강원특별자치도 삼척시 근덕면 심방금계길 212,강원특별자치도 삼척시 근덕면 상맹방리 316,37.39476292,129.2073024,20,강원특별자치도 삼척시청,033-570-3552,삼척경찰서,N,,,2025-12-08,4241000,강원특별자치도 삼척시
02,교곡1리(양지마을)경로당,강원특별자치도,삼척시,51230,강원특별자치도 삼척시 근덕면 교곡길 9,강원특별자치도 삼척시 근덕면 교곡리 256-8,37.36854007,129.2096208,30,강원도로관리사업소 태백지소,033-248-6890,삼척경찰서,N,,,2025-12-08,4241000,강원특별자치도 삼척시
02,상천기리마을회관,강원특별자치도,삼척시,51230,강원특별자치도 삼척시 노곡면 상천기길 32-7,강원특별자치도 삼척시 노곡면 상천기리 41,37.36409367,129.1098783,30,강원도로관리사업소 태백지소,033-248-6890,삼척경찰서,N,,,2025-12-08,4241000,강원특별자치도 삼척시
02,고자리마을회관,강원특별자치도,삼척시,51230,강원특별자치도 삼척시 노곡면 미근로 733,강원특별자치도 삼척시 노곡면 고자리 206-2,37.35477174,129.1511623,30,강원도로관리사업소 태백지소,033-248-6890,삼척경찰서,N,,,2025-12-08,4241000,강원특별자치도 삼척시
02,번천리경로당,강원특별자치도,삼척시,51230,강원특별자치도 삼척시 하장면 두타로 457,강원특별자치도 삼척시 하장면 번천리 131-2,37.36860069,128.9996907,30,강원도로관리사업소 태백지소,033-248-6890,삼척경찰서,N,,,2025-12-08,4241000,강원특별자치도 삼척시
2,인정재활관,인천광역시,서구,28260,인천광역시 서구 검단로 571,인천광역시 서구 마전동 242-11~417-6,37.6065694,126.6664372,30,인천광역시 서구,032-560-4858,인천서부경찰서,N,,,2025-11-10,3560000,인천광역시 서구
2,환영간호전문양로원,인천광역시,서구,28260,인천광역시 서구 경서로55번길 7,인천광역시 서구 경서동 738-8,37.55714817,126.6527963,30,인천광역시 서구,032-560-4858,인천서부경찰서,N,,,2025-11-10,3560000,인천광역시 서구
2,신현경로당,인천광역시,서구,28260,인천광역시 서구 염곡로,인천광역시 서구 신현동 78-2,37.51752129,126.6678722,30,인천광역시 서구,032-560-4858,인천서부경찰서,N,,,2025-11-10,3560000,인천광역시 서구
2,경서공원,인천광역시,서구,28260,인천광역시 서구 이화로,인천광역시 서구 경서동 996,37.55670473,126.6687993,30,인천광역시 서구,032-560-4858,인천서부경찰서,N,,,2025-11-10,3560000,인천광역시 서구
2,대촌공원,인천광역시,서구,28260,인천광역시 서구 대촌로,인천광역시 서구 오류동 1722-11,37.59558706,126.6336146,30,인천광역시 서구,032-560-4858,인천서부경찰서,N,,,2025-11-10,3560000,인천광역시 서구
2,별밭공동체,광주광역시,북구,29170,광주광역시 북구 금곡길 94,광주광역시 북구 금곡동 263-1,35.17018716,126.9984605,30,광주광역시,062-613-4653,광주광역시북부경찰서,Y,3,,2025-12-24,6290000,광주광역시
2,소화성가정,광주광역시,광산구,29200,광주광역시 광산구 노안삼도로 1373,광주광역시 광산구 삼거동 607-5,35.15923509,126.6698948,30,광주광역시,062-613-4653,광주광역시광산경찰서,N,0,,2025-12-24,6290000,광주광역시
2,백선바오로의집,광주광역시,광산구,29200,광주광역시 광산구 노안삼도로 1311-1,광주광역시 광산구 삼거동 313-1,35.15356394,126.671319,30,광주광역시,062-613-4653,광주광역시광산경찰서,Y,2,,2025-12-24,6290000,광주광역시
2,애일의집,광주광역시,광산구,29200,광주광역시 광산구 금동학동길 198,광주광역시 광산구 덕림동 729-1,35.18974257,126.6707354,30,광주광역시,062-613-4653,광주광역시광산경찰서,N,0,,2025-12-24,6290000,광주광역시
1,말바우시장,광주광역시,북구,29170,광주광역시 북구 서방로81번길 27,광주광역시 북구 우산동 190-2,35.1725165423,126.9224999227,30,광주광역시,062-613-4653,광주광역시북부경찰서,N,0,,2025-12-24,6290000,광주광역시
1,동산경로당,광주광역시,광산구,29200,광주광역시 광산구 동산길 87-1,광주광역시 광산구 동산동 411-4,35.1144265551,126.7218640372,30,광주광역시,062-613-4653,광주광역시광산경찰서,N,0,,2025-12-24,6290000,광주광역시
1,패밀리전문요양원,광주광역시,북구,29170,광주광역시 북구 생용길 16,광주광역시 북구 생용동 142,35.229585,126.901453,30,광주광역시,062-613-4653,광주광역시북부경찰서,N,0,,2025-12-24,6290000,광주광역시
1,용연실버빌,광주광역시,동구,29110,광주광역시 동구 선교로 197,광주광역시 동구 용연동 448-5,35.098326,126.963415,30,광주광역시,062-613-4653,광주광역시동부경찰서,N,0,,2025-12-24,6290000,광주광역시
1,교동경로당,광주광역시,동구,29110,광주광역시 동구 선교로 35,광주광역시 동구 선교동 410-13,35.090288,126.950876,30,광주광역시,062-613-4653,광주광역시동부경찰서,N,0,,2025-12-24,6290000,광주광역시
1,임곡요양원,광주광역시,광산구,29200,광주광역시 광산구 임곡로 51,광주광역시 광산구 임곡동 261,35.21748534,126.7518891,30,광주광역시,062-613-4653,광주광역시광산경찰서,N,0,,2025-12-24,6290000,광주광역시
1,서빛마루시니어센터,광주광역시,서구,29140,광주광역시 서구 풍암공원로 30,광주광역시 서구 풍암동 산 13,35.13101937,126.880611,30,광주광역시,062-613-4653,광주광역시서부경찰서,N,0,,2025-12-24,6290000,광주광역시
1,심청이네 시니어복지센터,광주광역시,광산구,29200,광주광역시 광산구 남동길 12,광주광역시 광산구 도산동 1297-1,35.1285467,126.7892343,30,광주광역시,062-613-4653,광주광역시광산경찰서,Y,4,,2025-12-24,6290000,광주광역시
1,소나무데이케이센터,광주광역시,북구,29170,광주광역시 북구 우치로228번길 36-11,광주광역시 북구 오치동 978-16,35.18574066,126.9078932,30,광주광역시,062-613-4653,광주광역시북부경찰서,Y,10,,2025-12-24,6290000,광주광역시
1,중촌경로당,광주광역시,서구,29140,광주광역시 서구 서창길 16-1,광주광역시 서구 서창동 427-37,35.10750358,126.8211701,30,광주광역시,062-613-4653,광주광역시서부경찰서,N,0,,2025-12-24,6290000,광주광역시
1,에덴실버타운,광주광역시,광산구,29200,광주광역시 광산구 노안삼도로 1323,광주광역시 광산구 삼거동 322-7,35.1545841,126.6721513,30,광주광역시,062-613-4653,광주광역시광산경찰서,Y,2,,2025-12-24,6290000,광주광역시
1,효정요양병원,광주광역시,광산구,29200,광주광역시 광산구 노안삼도로 1263,광주광역시 광산구 삼거동 252-1,35.15017852,126.6732454,30,광주광역시,062-613-4653,광주광역시광산경찰서,N,0,,2025-12-24,6290000,광주광역시
1,천수경로당,광주광역시,북구,29170,광주광역시 북구 서암대로274번길 51-3,광주광역시 북구 중흥동 747-32,35.16461272,126.9153662,30,광주광역시,062-613-4653,광주광역시북부경찰서,Y,5,,2025-12-24,6290000,광주광역시
1,강동어르신행복센터,대구광역시,동구,27140,대구광역시 동구 안심로 190,대구광역시 동구 신기동 339,35.86576021,128.7058229,30,대구광역시 동구,053-662-3593,대구동부경찰서,Y,1,5~9,2025-07-31,3420000,대구광역시 동구
1,SOS프란치스카의집,대구광역시,동구,27140,대구광역시 동구 방촌로1길 17,대구광역시 동구 검사동 913-1,35.88765371,128.657761,30,대구광역시 동구,053-662-3593,대구동부경찰서,Y,1,5~8,2025-07-31,3420000,대구광역시 동구
1,황촌2리 경로당,충청남도,태안군,44825,충청남도 태안군 원북면 옥파로 944,,36.8796949100,126.2037859,30,충청남도 태안군청,041-670-2717,충남태안경찰서,N,,,2025-02-27,4620000,충청남도 태안군
1,마산경로당,충청남도,태안군,44825,충청남도 태안군 원북면 마산길 174,,36.828668,126.2666314696,30,충청남도 태안군청,041-670-2717,충남태안경찰서,N,,,2025-02-27,4620000,충청남도 태안군
1,도내1리 마을회관,충청남도,태안군,44825,충청남도 태안군 태안읍 상도로 474,,36.7904291,126.3376517,30,충청남도 태안군청,041-670-2717,충남태안경찰서,N,,,2025-02-27,4620000,충청남도 태안군
1,백화노인복지회관,충청남도,태안군,44825,충청남도 태안군 태안읍 백화로 13,,36.7582462,126.2918799,30,충청남도 태안군청,041-670-2717,충남태안경찰서,N,,,2025-02-27,4620000,충청남도 태안군
1,당산4리 마을회관,충청남도,태안군,44825,충청남도 태안군 이원면 사관로 524,,36.8862582,126.3151405,30,충청남도 태안군청,041-670-2717,충남태안경찰서,N,,,2025-02-27,4620000,충청남도 태안군
1,당산1리 다목적회관,충청남도,태안군,44825,충청남도 태안군 이원면 원이로 1678-1,,36.8794233744,126.2881145,30,충청남도 태안군청,041-670-2717,충남태안경찰서,N,,,2025-02-27,4620000,충청남도 태안군
1,정당2리 마을회관,충청남도,태안군,44825,충청남도 태안군 안면읍 여수해길 6,,36.5451499837,126.3561019672,30,충청남도 태안군청,041-670-2717,충남태안경찰서,N,,,2025-02-27,4620000,충청남도 태안군
1,원용경로당,충청남도,태안군,44825,충청남도 태안군 근흥면 용도로 410,,36.7046462,126.2277583,30,충청남도 태안군청,041-670-2717,충남태안경찰서,N,,,2025-02-27,4620000,충청남도 태안군
1,삭선6리 마을회관,충청남도,태안군,44825,충청남도 태안군 태안읍 백교길 51,,36.7766181437,126.2764898712,30,충청남도 태안군청,041-670-2717,충남태안경찰서,N,,,2025-02-27,4620000,충청남도 태안군
1,정당1리 다목적회관,충청남도,태안군,44825,충청남도 태안군 안면읍 안면대로 2565,,36.5405285,126.3564220687,30,충청남도 태안군청,041-670-2717,충남태안경찰서,N,,,2025-02-27,4620000,충청남도 태안군
1,산후2리 다목적회관,충청남도,태안군,44825,충청남도 태안군 태안읍 진벌로 114,,36.7811687,126.289101,30,충청남도 태안군청,041-670-2717,충남태안경찰서,N,,,2025-02-27,4620000,충청남도 태안군
1,신두2리다목적회관,충청남도,태안군,44825,충청남도 태안군 원북면 신두로 324-1,,36.8316458154,126.2134859819,30,충청남도 태안군청,041-670-2717,충남태안경찰서,N,,,2025-02-27,4620000,충청남도 태안군
1,산후1리다목적회관,충청남도,태안군,44825,충청남도 태안군 태안읍 밤나무길 390,,36.7909294,126.2965841,30,충청남도 태안군청,041-670-2717,충남태안경찰서,N,,,2025-02-27,4620000,충청남도 태안군
01,김해보훈요양원,경상남도,김해시,48250,경상남도 김해시 진영읍 하계로 127,경상남도 김해시 진영읍 방동리 124,35.2861197,128.716101,30,경상남도 김해시청,055-330-4668,김해서부경찰서,N,,,2025-12-04,5350000,경상남도 김해시
01,장유회로당,경상남도,김해시,48250,경상남도 김해시 장유로307번길 10-2,경상남도 김해시 무계동 213-6,35.1996497,128.8164894,30,경상남도 김해시청,055-330-4668,김해서부경찰서,N,,,2025-12-04,5350000,경상남도 김해시
02,하월산리경로당,강원특별자치도,삼척시,51230,,강원특별자치도 삼척시 노곡면 하월산리 151-7,37.34882698,129.162075,30,강원도도로관리사업소태백지소,033-248-6890,삼척경찰서,N,,,2025-12-08,4241000,강원특별자치도 삼척시
02,동막4리경로당,강원특별자치도,삼척시,51230,,강원특별자치도 삼척시 근덕면 동막리 564-63,37.33972734,129.2396025,30,강원특별자치도 삼척시청,033-570-3494,삼척경찰서,N,,,2025-12-08,4241000,강원특별자치도 삼척시
02,노경리,강원특별자치도,삼척시,51230,,강원특별자치도 삼척시 원덕읍 노경리 411-1,37.15023864,129.3204642,30,강원도도로관리사업소태백지소,033-248-6890,삼척경찰서,N,,,2025-12-08,4241000,강원특별자치도 삼척시
02,기곡1리경로당,강원특별자치도,삼척시,51230,,강원특별자치도 삼척시 원덕읍 기곡리 747-2,37.14717809,129.2477297,30,강원도도로관리사업소태백지소,033-248-6890,삼척경찰서,N,,,2025-12-08,4241000,강원특별자치도 삼척시
02,도계읍긴리마을회관,강원특별자치도,삼척시,51230,,강원특별자치도 삼척시 도계읍 신리 543-16,37.18399448,129.1241963,30,강원도도로관리사업소태백지소,033-248-6890,삼척경찰서,N,,,2025-12-08,4241000,강원특별자치도 삼척시
02,가곡면 탕곡리 마을회관,강원특별자치도,삼척시,51230,강원특별자치도 삼척시 가곡면 가곡천로 1615,강원특별자치도 삼척시 가곡면 탕곡리 263-1,37.15144421,129.2182499,30,강원도로관리사업소 태백지소,033-248-6890,삼척경찰서,N,,,2025-12-08,4241000,강원특별자치도 삼척시
02,미로면 상정리 마을회관,강원특별자치도,삼척시,51230,강원특별자치도 삼척시 미로면 상정길 50-54,강원특별자치도 삼척시 미로면 상정리 51-1,37.3804519,129.0963746,30,강원특별자치도 삼척시청,033-570-3552,삼척경찰서,N,,,2025-12-08,4241000,강원특별자치도 삼척시
02,하장면 대전리 마을회관,강원특별자치도,삼척시,51230,강원특별자치도 삼척시 하장면 오두재로 8,강원특별자치도 삼척시 하장면 대전리 110-5,37.28238309,128.873696,30,강원도로관리사업소 태백지소,033-248-6890,삼척경찰서,N,,,2025-12-08,4241000,강원특별자치도 삼척시
02,하장면 숙암리 마을회관,강원특별자치도,삼척시,51230,강원특별자치도 삼척시 하장면 두타로 33,강원특별자치도 삼척시 하장면 숙암리 101-12,37.34323642,128.9725713,30,강원도로관리사업소 태백지소,033-248-6890,삼척경찰서,N,,,2025-12-08,4241000,강원특별자치도 삼척시
02,노곡면 하반천리 마을회관,강원특별자치도,삼척시,51230,강원특별자치도 삼척시 노곡면 하반천길 66,강원특별자치도 삼척시 노곡면 하반천리 51-5,37.35535936,129.1207535,30,강원도로관리사업소 태백지소,033-248-6890,삼척경찰서,N,,,2025-12-08,4241000,강원특별자치도 삼척시
02,노곡면 상반천리 마을회관,강원특별자치도,삼척시,51230,강원특별자치도 삼척시 노곡면 미근로 497,강원특별자치도 삼척시 노곡면 상반천리 70-2,37.35432605,129.1319855,30,강원도로관리사업소 태백지소,033-248-6890,삼척경찰서,N,,,2025-12-08,4241000,강원특별자치도 삼척시
02,노곡면 여삼리 마을회관,강원특별자치도,삼척시,51230,강원특별자치도 삼척시 노곡면 박걸남로 373,강원특별자치도 삼척시 노곡면 여삼리 187-7,37.3811117,129.141922,30,강원특별자치도 삼척시청,033-570-3552,삼척경찰서,N,,,2025-12-08,4241000,강원특별자치도 삼척시
01,밀알공동생활가정,전북특별자치도,장수군,45740,전북특별자치도 장수군 장수읍 군청길 28,전북특별자치도 장수군 장수읍 장수리 146-2,35.646337,127.5201356,30,전북특별자치도 장수군청,063-350-2570,장수경찰서,Y,5,7,2025-03-28,4751000,전북특별자치도 장수군
1,미사 노인복지관,경기도,하남시,41450,경기도 하남시 미사강변대로 100,경기도 하남시 풍산동 498,37.5591278,127.1885563,50,경기도 하남시청,031-5182-1343,하남경찰서,Y,5,35,2025-12-18,4040000,경기도 하남시
2,하남시장애인복지관,경기도,하남시,41450,경기도 하남시 미사강변남로 56,경기도 하남시 풍산동 산58-5,37.55976565,127.1881049,50,경기도 하남시청,031-5182-1343,하남경찰서,Y,5,35,2025-12-18,4040000,경기도 하남시
1,춘궁동노인복지회관,경기도,하남시,41450,경기도 하남시 서하남로 488,경기도 하남시 춘궁동 334-1,37.52198264,127.1940055,50,경기도 하남시청,031-5182-1343,하남경찰서,Y,4,25,2025-12-18,4040000,경기도 하남시
01,직천2리 경로당,경기도,파주시,41480,경기도 파주시 법원읍 만월로 647,경기도 파주시 법원읍 직천리 707-3,37.901952,126.915252,30,경기도 파주시청,031-940-5792,파주경찰서,N,,8,2025-12-18,4060000,경기도 파주시
01,뇌조3리 경로당,경기도,파주시,41480,경기도 파주시 조리읍 뇌조로 63,경기도 파주시 조리읍 뇌조리 389-7,37.75308046,126.809908,30,경기도 파주시청,031-940-5792,파주경찰서,N,,8,2025-12-18,4060000,경기도 파주시
01,금산2리 경로당,경기도,파주시,41480,경기도 파주시 탄현면 새오리로540번길32,경기도 파주시 탄현면 금산리 173-1,37.811142,126.7072247,30,경기도 파주시청,031-940-5792,파주경찰서,N,,8,2025-12-18,4060000,경기도 파주시
01,신촌동 새마을회관,경기도,파주시,41480,경기도 파주시 소라지로177번길 103,경기도 파주시 신촌동 208-2,37.73668143,126.6954766,30,경기도 파주시청,031-940-5792,파주경찰서,N,,4,2025-12-18,4060000,경기도 파주시
01,아동4통 마을회관,경기도,파주시,41480,경기도 파주시 학령로 102,경기도 파주시 아동동 46,37.75902158,126.7950116,30,경기도 파주시청,031-940-5792,파주경찰서,N,,15,2025-12-18,4060000,경기도 파주시
01,기산2리 마을회관,경기도,파주시,41480,경기도 파주시 광탄면 기산로177번길 35,경기도 파주시 광탄면 기산리 502-14,37.77606307,126.9194393,30,경기도 파주시청,031-940-5792,파주경찰서,N,,3,2025-12-18,4060000,경기도 파주시
01,뇌조2리 마을회관,경기도,파주시,41480,경기도 파주시 조리읍 전지미말길 36-12,경기도 파주시 조리읍 뇌조리 465-6,37.7666005,126.8194712,30,경기도 파주시청,031-940-5792,파주경찰서,N,,3.5,2025-12-18,4060000,경기도 파주시
01,내포5리 마을회관,경기도,파주시,41480,경기도 파주시 문산읍 방촌로1450번길 18,경기도 파주시 문산읍 내포리 569,37.84821363,126.7638314,30,경기도 파주시청,031-940-5792,파주경찰서,N,,3,2025-12-18,4060000,경기도 파주시
01,어유지1리 마을회관,경기도,파주시,41480,경기도 파주시 적성면 어삼로 29,경기도 파주시 적성면 어유지리 77-7,37.99434828,126.9907304,30,경기도 파주시청,031-940-5792,파주경찰서,N,,6,2025-12-18,4060000,경기도 파주시
01,한컴말랑말랑행복케어,경기도,파주시,41480,경기도 파주시 탄현면 헤이리로133번길 21,경기도 파주시 탄현면 법흥리 640-30,37.79614911,126.6938213,30,경기도 파주시청,031-940-5792,파주경찰서,N,,6,2025-12-18,4060000,경기도 파주시
01,금승리 경로당,경기도,파주시,41480,,경기도 파주시 탄현면 금승리 산 7-12,37.82271342,126.7463044,30,경기도 파주시청,031-940-5792,파주경찰서,N,,6,2025-12-18,4060000,경기도 파주시
01,오산1리 마을회관,경기도,파주시,41480,경기도 파주시 조리읍 등원로353번길 14-3,경기도 파주시 조리읍 오산리 136-9,37.7741985,126.8321499,30,경기도 파주시청,031-940-5792,파주경찰서,Y,1,1,2025-12-18,4060000,경기도 파주시
01,백석1리 경로당,경기도,파주시,41480,경기도 파주시 파주읍 정문로 554-1,경기도 파주시 파주읍 백석리 506,37.80574501,126.8191816,30,경기도 파주시청,031-940-5792,파주경찰서,N,,8,2025-12-18,4060000,경기도 파주시
01,마장4리 경로당,경기도,파주시,41480,경기도 파주시 광탄면 보광로 778,경기도 파주시 광탄면 마장리 23-21,37.77169824,126.8962594,30,경기도 파주시청,031-940-5792,파주경찰서,N,,8,2025-12-18,4060000,경기도 파주시
01,연다산2리 경로당,경기도,파주시,41480,경기도 파주시 거문이길 182,경기도 파주시 연다산동 319-6,37.74010933,126.7063418,30,경기도 파주시청,031-940-5792,파주경찰서,N,,6,2025-12-18,4060000,경기도 파주시
01,웅담2리 경로당,경기도,파주시,41480,경기도 파주시 법원읍 곰시길 186,경기도 파주시 법원읍 웅담리 320-8,37.90868874,126.8973408,30,경기도 파주시청,031-940-5792,파주경찰서,N,,10,2025-12-18,4060000,경기도 파주시
1,사창2리 경로당,충청남도,태안군,44825,충청남도 태안군 이원면 원이로 1189-6,,36.8480151472,126.277767,30,충청남도 태안군청,041-670-2717,충남태안경찰서,N,,,2025-02-27,4620000,충청남도 태안군
1,어은2리 경로당,충청남도,태안군,44825,충청남도 태안군 태안읍 어은길 7-9,,36.7990524828,126.310934,30,충청남도 태안군청,041-670-2717,충남태안경찰서,N,,,2025-02-27,4620000,충청남도 태안군
1,포지2리 다목적회관,충청남도,태안군,44825,충청남도 태안군 이원면 원이로 1404-7,,36.8637258276,126.2739201,30,충청남도 태안군청,041-670-2717,충남태안경찰서,N,,,2025-02-27,4620000,충청남도 태안군
1,중장4리 다목적회관,충청남도,태안군,44825,충청남도 태안군 안면읍 길우지길 332,,36.4667493,126.3729131,30,충청남도 태안군청,041-670-2717,충남태안경찰서,N,,,2025-02-27,4620000,충청남도 태안군
1,신두1리 마을회관,충청남도,태안군,44825,충청남도 태안군 원북면 신두로 197,,36.8316294,126.225063,30,충청남도 태안군청,041-670-2717,충남태안경찰서,N,,,2025-02-27,4620000,충청남도 태안군
1,내3리 마을회관,충청남도,태안군,44825,충청남도 태안군 이원면 원이로 2394,,36.9327759,126.3033364,30,충청남도 태안군청,041-670-2717,충남태안경찰서,N,,,2025-02-27,4620000,충청남도 태안군
1,창기2리 마을회관,충청남도,태안군,44825,충청남도 태안군 안면읍 황도로 193,,36.5902119,126.3429322,30,충청남도 태안군청,041-670-2717,충남태안경찰서,N,,,2025-02-27,4620000,충청남도 태안군
1,구립강암경로당,서울특별시,강동구,11740,서울특별시 강동구 상암로15길 38-15,서울특별시 강동구 암사동 492-20,37.5504623,127.1320644,30,서울특별시 강동구청,02-3425-5070,강동경찰서,Y,1,5~7,2023-08-18,3240000,서울특별시 강동구
1,쉼터경로당,서울특별시,강동구,11740,서울특별시 강동구 올림픽로89길 11-15,서울특별시 강동구 천호동 322-21,37.54676835,127.125446,30,서울특별시 강동구청,02-3425-5070,강동경찰서,Y,2,4,2023-08-18,3240000,서울특별시 강동구
1,강동노인종합복지관,서울특별시,강동구,11740,서울특별시 강동구 동남로71길 32-5,서울특별시 강동구 명일동 48-10,37.5522497,127.1546206,30,서울특별시 강동구청,02-3425-5070,강동경찰서,Y,1,18,2023-08-18,3240000,서울특별시 강동구
1,성안장수마을요양원,서울특별시,강동구,11740,서울특별시 강동구 구천면로68길 46,서울특별시 강동구 천호동 26-18,37.5485615,127.1426702,30,서울특별시 강동구청,02-3425-5070,강동경찰서,Y,1,3,2023-08-18,3240000,서울특별시 강동구
01,조제1리경로당,경상북도,영주시,47210,경상북도 영주시 문수면 조제로 61,경상북도 영주시 문수면 조제리 547-6,36.7186231,128.6012536,60,경상북도 영주시청,054-639-6844,영주경찰서,N,,8,2025-07-31,5090000,경상북도 영주시
01,갈산1리 노인회관,경상북도,영주시,47210,경상북도 영주시 장수면 용주로300번길 7,경상북도 영주시 장수면 갈산리 1007-37,36.77939805,128.5483655,30,경상북도 영주시청,054-639-6844,영주경찰서,N,,7,2025-07-31,5090000,경상북도 영주시
01,지천경로당,경상북도,영주시,47210,경상북도 영주시 지천로55번길 17-8,경상북도 영주시 휴천동 546,36.80482354,128.6181517,30,경상북도 영주시청,054-639-6844,영주경찰서,N,,5,2025-07-31,5090000,경상북도 영주시
01,가흥2동노인회관,경상북도,영주시,47210,경상북도 영주시 반지미로 364,경상북도 영주시 가흥동 642-7,36.82995003,128.6048939,30,경상북도 영주시청,054-639-6844,영주경찰서,Y,1,18,2025-07-31,5090000,경상북도 영주시
01,대한노인회영주시지회,경상북도,영주시,47210,경상북도 영주시 원당로 64,경상북도 영주시 휴천동 36-1,36.81992405,128.6220552,30,경상북도 영주시청,054-639-6844,영주경찰서,N,,18,2025-07-31,5090000,경상북도 영주시
1,대별여자경로당,대전광역시,동구,30110,대전광역시 동구 산서로 1604,대전광역시 동구 대별동 160-5,36.2862538,127.4591599,30,대전광역시 동구청,042-251-4885,대전광역시 동부경찰서,N,,4~6,2025-08-05,3640000,대전광역시 동구
1,대전시립요양원,대전광역시,동구,30110,대전광역시 동구 판암동 산33-2,대전광역시 동구 판암동 산33-2,36.3104205,127.4665799,30,대전광역시 동구청,042-251-4885,대전광역시 동부경찰서,N,,5~6,2025-08-05,3640000,대전광역시 동구
1,도황경로당,충청남도,태안군,44825,충청남도 태안군 근흥면 근흥로 916-22,,36.7057203,126.2097787,30,충청남도 태안군청,041-670-2717,충남태안경찰서,N,,,2025-02-27,4620000,충청남도 태안군
1,두야2리 경로당,충청남도,태안군,44825,충청남도 태안군 근흥면 근흥로 250-7,,36.7487412119,126.2522028969,30,충청남도 태안군청,041-670-2717,충남태안경찰서,N,,,2025-02-27,4620000,충청남도 태안군
1,승언8리 경로당,충청남도,태안군,44825,충청남도 태안군 안면읍 해안관광로 44-13,,36.5083151543,126.3384372,30,충청남도 태안군청,041-670-2717,충남태안경찰서,N,,,2025-02-27,4620000,충청남도 태안군
1,중장6리 경로당,충청남도,태안군,44825,충청남도 태안군 안면읍 병술만로 5-6,,36.4794125,126.3634578382,30,충청남도 태안군청,041-670-2717,충남태안경찰서,N,,,2025-02-27,4620000,충청남도 태안군
1,창기7리 경로당,충청남도,태안군,44825,충청남도 태안군 안면읍 수해길 378,,36.5970841341,126.3612226,30,충청남도 태안군청,041-670-2717,충남태안경찰서,N,,,2025-02-27,4620000,충청남도 태안군
1,동남경로당,충청남도,태안군,44825,충청남도 태안군 태안읍 송암로 609-17,,36.7390465639,126.3028789419,30,충청남도 태안군청,041-670-2717,충남태안경찰서,N,,,2025-02-27,4620000,충청남도 태안군
01,고창군종합사회복지관,전라북도,고창군,47800,전라북도 고창군 고창읍 전봉준로 88-15,전라북도 고창군 고창읍 율계리 114-4,35.4447415146,126.6836124981,30,전라북도 고창군청,063-560-2571,고창경찰서,Y,2,,2023-08-08,4781000,전북특별자치도 고창군
2,홀트강동복지관,서울특별시,강동구,11740,서울특별시 강동구 아리수로93길 41,서울특별시 강동구 강일동 665-3,37.5662349,127.1732711,30,서울특별시 강동구청,02-3425-5070,강동경찰서,N,,15~20,2023-08-18,3240000,서울특별시 강동구
2,사랑쉼터의 집,서울특별시,강동구,11740,서울특별시 강동구 상암로79길 24,서울특별시 강동구 상일동 473-1,37.5467303,127.1672648,30,서울특별시 강동구청,02-3425-5070,강동경찰서,Y,1,8~20,2023-08-18,3240000,서울특별시 강동구
2,암사재활원,서울특별시,강동구,11740,서울특별시 강동구 올림픽로 864,서울특별시 강동구 암사동 196-1,37.55796851,127.1314305,30,서울특별시 강동구청,02-3425-5070,강동경찰서,Y,1,20,2023-08-18,3240000,서울특별시 강동구
1,일자산 자연공원,서울특별시,강동구,11740,서울특별시 강동구 동남로 660,서울특별시 강동구 둔촌동 산140,37.53301963,127.1513563,30,서울특별시 강동구청,02-3425-5070,강동경찰서,Y,2,20,2023-08-18,3240000,서울특별시 강동구
1,회관경로당,대구광역시,동구,27140,대구광역시 동구 아양로50길 50-1,대구광역시 동구 효목동 120-1,35.88473595,128.6403601,30,대구광역시 동구,053-662-3593,대구동부경찰서,Y,2,8~10,2025-07-31,3420000,대구광역시 동구
1,대구동구노인회관,대구광역시,동구,27140,대구광역시 동구 동촌로 325,대구광역시 동구 신평동 783-11,35.87838933,128.6752174,50,대구광역시 동구,053-662-3593,대구동부경찰서,Y,1,33~35,2025-07-31,3420000,대구광역시 동구
2,빛나눔보호작업장,서울특별시,은평구,11380,서울특별시 은평구 수색로 390-31,,37.59109156,126.8852949,30,서울특별시 은평구청,02-351-7884,서울서부경찰서,Y,,4,2025-07-17,3110000,서울특별시 은평구
1,녹색경로당,서울특별시,은평구,11380,서울특별시 은평구 은평로11길 21,,37.60266792,126.9232558,30,서울특별시 은평구청,02-351-7884,서울서부경찰서,Y,,4,2025-07-17,3110000,서울특별시 은평구
1,여기소경로당,서울특별시,은평구,11380,서울특별시 은평구 의상봉길 8,,37.65315338,126.9397914,30,서울특별시 은평구청,02-351-7884,서울은평경찰서,Y,1,6,2025-07-17,3110000,서울특별시 은평구
1,구산경로당,서울특별시,은평구,11380,서울특별시 은평구 서오릉로21길 11-8,,37.61481318,126.907901,30,서울특별시 은평구청,02-351-7884,서울은평경찰서,Y,1,8,2025-07-17,3110000,서울특별시 은평구
1,대조노인복지관,서울특별시,은평구,11380,서울특별시 은평구 역말로9길 27,,37.613421,126.921921,30,서울특별시 은평구청,02-351-7884,서울은평경찰서,Y,2,8,2025-07-17,3110000,서울특별시 은평구
1,구산거북경로당,서울특별시,은평구,11380,서울특별시 은평구 연서로13길 29-7,,37.60973711,126.912743,30,서울특별시 은평구청,02-351-7884,서울은평경찰서,Y,1,6,2025-07-17,3110000,서울특별시 은평구
1,역촌노인복지관,서울특별시,은평구,11380,서울특별시 은평구 연서로3나길 11-30,,37.603304,126.911341,30,서울특별시 은평구청,02-351-7884,서울서부경찰서,Y,2,7,2025-07-17,3110000,서울특별시 은평구
1,신사노인복지관,서울특별시,은평구,11380,서울특별시 은평구 증산로15길 47,,37.59025708,126.9080583,30,서울특별시 은평구청,02-351-7884,서울서부경찰서,Y,1,12,2025-07-17,3110000,서울특별시 은평구
1,불광노인복지관,서울특별시,은평구,11380,서울특별시 은평구 연서로32길 17-11,,37.6194356,126.924885,30,서울특별시 은평구청,02-351-7884,서울은평경찰서,Y,1,8,2025-07-17,3110000,서울특별시 은평구
1,시립은평노인복지관,서울특별시,은평구,11380,서울특별시 은평구 연서로 415,,37.63225081,126.9299824,50,서울특별시 은평구청,02-351-7884,서울은평경찰서,Y,1,30,2025-07-17,3110000,서울특별시 은평구
1,응암노인복지관,서울특별시,은평구,11380,서울특별시 은평구 응암로21가길 5-1,,37.594546,126.916757,30,서울특별시 은평구청,02-351-7884,서울서부경찰서,Y,2,10,2025-07-17,3110000,서울특별시 은평구
1,갈현노인복지관,서울특별시,은평구,11380,서울특별시 은평구 통일로89길 12-6,,37.624874,126.9186635,30,서울특별시 은평구청,02-351-7884,서울은평경찰서,Y,2,6,2025-07-17,3110000,서울특별시 은평구
1,마산1리 경로당,충청남도,태안군,44825,충청남도 태안군 원북면 나루터길 15-1,,36.834256,126.273069,30,충청남도 태안군청,041-670-2717,충남태안경찰서,N,,,2025-02-27,4620000,충청남도 태안군
1,청산2리 경로당,충청남도,태안군,44825,충청남도 태안군 원북면 원이로 609,,36.8052042681,126.260295,30,충청남도 태안군청,041-670-2717,충남태안경찰서,N,,,2025-02-27,4620000,충청남도 태안군
01,대현경로당,경상남도,김해시,48250,경상남도 김해시 한림면 장방로 87,경상남도 김해시 한림면 가산리 608-3,35.3211549,128.7653823,30,경상남도 김해시청,055-330-4668,김해서부경찰서,N,,,2025-12-04,5350000,경상남도 김해시
01,어은경로당,경상남도,김해시,48250,경상남도 김해시 한림면 한림로252번길 58,경상남도 김해시 한림면 안하리 977-1,35.3145422,128.8141206,30,경상남도 김해시청,055-330-4668,김해서부경찰서,N,,,2025-12-04,5350000,경상남도 김해시
01,장유더샵아파트 경로당,경상남도,김해시,48250,경상남도 김해시 장유로288번길 13,경상남도 김해시 무계동 288-2,35.19930868,128.8138978,30,경상남도 김해시청,055-330-4668,김해서부경찰서,N,,,2025-12-04,5350000,경상남도 김해시
01,김해시립요양원,경상남도,김해시,48250,경상남도 김해시 대동면 대동로 62,경상남도 김해시 대동면 수안리 349-17,35.22419221,128.9326238,30,경상남도 김해시청,055-330-4668,김해중부경찰서,N,,,2025-12-04,5350000,경상남도 김해시
01,동부치매안심센터,경상남도,김해시,48250,경상남도 김해시 분성로727번길 8-33,경상남도 김해시 지내동 327-2,35.2300251,128.9224445,30,경상남도 김해시청,055-330-4668,김해중부경찰서,Y,1,,2025-12-04,5350000,경상남도 김해시
01,노인종합복지관,경상남도,김해시,48250,경상남도 김해시 김해대로 1902번길 12,경상남도 김해시 구산동 756,35.2563719,128.8647921,30,경상남도 김해시청,055-330-4668,김해중부경찰서,N,,,2025-12-04,5350000,경상남도 김해시
2,월계종합사회복지관,서울특별시,노원구,11350,서울특별시 노원구 초안산로1길 51,서울특별시 노원구 월계동 556,37.627251,127.0528348,30,서울특별시 노원구청,02-2116-4105,노원경찰서,N,,7,2024-07-22,3100000,서울특별시 노원구
1,공릉어르신복지센터,서울특별시,노원구,11350,서울특별시 노원구 공릉로 129,서울특별시 노원구 공릉동 334-6,37.6217199,127.0789563,30,서울특별시 노원구청,02-2116-4105,노원경찰서,N,,21,2024-07-22,3100000,서울특별시 노원구
1,시립노원노인종합복지관,서울특별시,노원구,11350,서울특별시 노원구 노원로16길 15,서울특별시 노원구 하계동 256,37.64344507,127.0733372,50,서울특별시 노원구청,02-2116-4105,노원경찰서,Y,1,9,2024-07-22,3100000,서울특별시 노원구
1,시립중계노인전문요양원,서울특별시,노원구,11350,서울특별시 노원구 섬밭로 313,서울특별시 노원구 중계동 501-1,37.64356179,127.0615891,30,서울특별시 노원구청,02-2116-4105,노원경찰서,Y,1,12~20,2024-07-22,3100000,서울특별시 노원구
1,하계실버센터,서울특별시,노원구,11350,서울특별시 노원구 한글비석로 4,서울특별시 노원구 하계동 357,37.6331949,127.0641907,60,서울특별시 노원구청,02-2116-4105,노원경찰서,Y,1,14~25,2024-07-22,3100000,서울특별시 노원구
2,홍파복지원,서울특별시,노원구,11350,서울특별시 노원구 동일로248길 30,서울특별시 노원구 상계동 1266,37.68048274,127.0569586,30,서울특별시 노원구청,02-2116-4105,노원경찰서,N,,9.6~14.6,2024-07-22,3100000,서울특별시 노원구
01,수산경로당,경상남도,거제시,48310,경상남도 거제시 동부면 수산2길 1,경상남도 거제시 동부면 학동리 105-1,34.77861992,128.652232,60,경상남도 거제시청,055-639-4563,거제경찰서,Y,2,8,2025-12-04,5370000,경상남도 거제시
01,황포경로당,경상남도,거제시,48310,경상남도 거제시 장목면 황포1길 113-2,경상남도 거제시 장목면 구영리 1080-43,35.02903652,128.676462,30,경상남도 거제시청,055-639-4563,거제경찰서,N,0,8,2025-12-04,5370000,경상남도 거제시
01,송진경로당,경상남도,거제시,48310,경상남도 거제시 장목면 거제북로 1458,경상남도 거제시 장목면 송진포리 750-9,35.009551,128.6846139,30,경상남도 거제시청,055-639-4563,거제경찰서,Y,2,8,2025-12-04,5370000,경상남도 거제시
01,삼거리경로당,경상남도,거제시,48310,경상남도 거제시 거제중앙로 1276,경상남도 거제시 삼거동 321-4,34.8430192,128.6482844,30,경상남도 거제시청,055-639-4563,거제경찰서,Y,2,6,2025-12-04,5370000,경상남도 거제시
01,산양경로당,경상남도,거제시,48310,경상남도 거제시 동부면 거제남서로 3111,경상남도 거제시 동부면 산양리 825-2,34.8255292,128.6055685,30,경상남도 거제시청,055-639-4563,거제경찰서,N,0,6,2025-12-04,5370000,경상남도 거제시
01,관포경로당,경상남도,거제시,48310,경상남도 거제시 장목면 관포길 17,경상남도 거제시 장목면 관포리 428,34.9921164,128.6936342,30,경상남도 거제시청,055-639-4563,거제경찰서,Y,2,6,2025-12-04,5370000,경상남도 거제시
01,고당경로당,경상남도,거제시,48310,경상남도 거제시 거제면 고당길 34,경상남도 거제시 거제면 법동리 537-3,34.83185072,128.522184,30,경상남도 거제시청,055-639-4563,거제경찰서,N,0,6.5,2025-12-04,5370000,경상남도 거제시
01,망양경로당,경상남도,거제시,48310,경상남도 거제시 일운면 거제대로 1889,경상남도 거제시 일운면 망치리 24-5,34.81564936,128.675753,30,경상남도 거제시청,055-639-4563,거제경찰서,Y,1,8,2025-12-04,5370000,경상남도 거제시
02,반야원,경상남도,거제시,48310,경상남도 거제시 동부면 율포로 555-20,경상남도 거제시 동부면 부춘리 322,34.8072868,128.599596,30,경상남도 거제시청,055-639-4563,거제경찰서,N,0,6,2025-12-04,5370000,경상남도 거제시
01,망치경로당,경상남도,거제시,48310,경상남도 거제시 일운면 망치2길 2-2,경상남도 거제시 일운면 망치리 341-1,34.812718,128.666298,30,경상남도 거제시청,055-639-4563,거제경찰서,Y,2,6.5,2025-12-04,5370000,경상남도 거제시
01,학산경로당,경상남도,거제시,48310,경상남도 거제시 둔덕면 거제남서로 5069-3,경상남도 거제시 둔덕면 학산리 150-16,34.859468,128.479756,30,경상남도 거제시청,055-639-4563,거제경찰서,N,0,6,2025-12-04,5370000,경상남도 거제시
01,상덕경로당,경상남도,거제시,48310,경상남도 거제시 덕포4길 3,경상남도 거제시 덕포동 547-3,34.910676,128.7025796,30,경상남도 거제시청,055-639-4563,거제경찰서,Y,1,6,2025-12-04,5370000,경상남도 거제시
01,다대경로당,경상남도,거제시,48310,경상남도 거제시 남부면 다대4길 16,경상남도 거제시 남부면 다대리 478,34.736861,128.629334,30,경상남도 거제시청,055-639-4563,거제경찰서,Y,2,6.5,2025-12-04,5370000,경상남도 거제시
01,사환경로당,경상남도,거제시,48310,경상남도 거제시 하청면 거제북로 621,경상남도 거제시 하청면 실전리 699-9,34.963325,128.6553584,30,경상남도 거제시청,055-639-4563,거제경찰서,Y,2,6.5,2025-12-04,5370000,경상남도 거제시
01,대금경로당,경상남도,거제시,48310,경상남도 거제시 장목면 옥포대첩로 1305-5,경상남도 거제시 장목면 대금리 257,34.9684596,128.700976,30,경상남도 거제시청,055-639-4563,거제경찰서,Y,2,6.5,2025-12-04,5370000,경상남도 거제시
01,양화경로당,경상남도,거제시,48310,경상남도 거제시 일운면 양화1길 15,경상남도 거제시 일운면 망치리 653,34.79553742,128.6634737,30,경상남도 거제시청,055-639-4563,거제경찰서,Y,1,6,2025-12-04,5370000,경상남도 거제시
01,동호경로당,경상남도,거제시,48310,경상남도 거제시 동부면 오송6길 25,경상남도 거제시 동부면 오송리 343,34.8103191,128.587668,30,경상남도 거제시청,055-639-4563,거제경찰서,N,0,6,2025-12-04,5370000,경상남도 거제시
01,신정경로당,경상남도,김해시,48250,경상남도 김해시 대동면 동남로41번길 149,경상남도 김해시 대동면 초정리 1020-1,35.2302837537,128.981530,30,경상남도 김해시청,055-330-4668,김해중부경찰서,N,,,2025-12-04,5350000,경상남도 김해시
01,안양경로당,경상남도,김해시,48250,경상남도 김해시 생림면 안양로 251번길 2,경상남도 김해시 생림면 안양리 308,35.37229714,128.8485328,30,경상남도 김해시청,055-330-4668,김해중부경찰서,N,,,2025-12-04,5350000,경상남도 김해시
01,안곡경로당,경상남도,김해시,48250,경상남도 김해시 한림면 안곡로492번길 35,경상남도 김해시 한림면 안곡리 103,35.3029229,128.8425698,30,경상남도 김해시청,055-330-4668,김해서부경찰서,N,,,2025-12-04,5350000,경상남도 김해시
1,구병리 경로당,충청북도,보은군,43720,,충청북도 보은군 속리산면 구병리 299-2,36.480121,127.8705253,30,충청북도 보은군청,043-540-3432,보은경찰서,N,0,8,2024-08-09,4420000,충청북도 보은군
1,중판1리 경로당,충청북도,보은군,43720,,충청북도 보은군 속리산면 중판리 375-100,36.51893751,127.794223,30,충청북도 보은군청,043-540-3432,보은경찰서,N,0,8,2024-08-09,4420000,충청북도 보은군
01,문지리 경로당,경기도,파주시,41480,경기도 파주시 탄현면 방촌로955번길 12-3,경기도 파주시 탄현면 문지리 209-1,37.82352416,126.7265474,30,경기도 파주시청,031-940-5792,파주경찰서,N,,10,2025-12-18,4060000,경기도 파주시
01,맥금12통 경로당,경기도,파주시,41480,경기도 파주시 장터고개길 17,경기도 파주시 맥금동 115-10,37.77308379,126.7325643,30,경기도 파주시청,031-940-5792,파주경찰서,Y,1,5~20,2025-12-18,4060000,경기도 파주시
01,대원3리 경로당,경기도,파주시,41480,경기도 파주시 조리읍 문원길 260-12,경기도 파주시 조리읍 대원리 253,37.72588325,126.8137897,30,경기도 파주시청,031-940-5792,파주경찰서,N,,10,2025-12-18,4060000,경기도 파주시
01,문발1동 경로당,경기도,파주시,41480,경기도 파주시 교하로863번길 34,경기도 파주시 문발동 82,37.72554584,126.7013639,30,경기도 파주시청,031-940-5792,파주경찰서,N,,10,2025-12-18,4060000,경기도 파주시
01,구읍1리 경로당,경기도,파주시,41480,경기도 파주시 적성면 구읍로 108,경기도 파주시 적성면 구읍리 281-8,37.97521886,126.9321318,30,경기도 파주시청,031-940-5792,파주경찰서,N,,10,2025-12-18,4060000,경기도 파주시
01,가월리 경로당,경기도,파주시,41480,경기도 파주시 적성면 달빛길 81,경기도 파주시 적성면 가월리 116-4,37.97785371,126.9164172,30,경기도 파주시청,031-940-5792,파주경찰서,N,,7,2025-12-18,4060000,경기도 파주시
01,오금1리 경로당,경기도,파주시,41480,,경기도 파주시 탄현면 오금리 404-2,37.82489779,126.7080136,30,경기도 파주시청,031-940-5792,파주경찰서,N,,5~7,2025-12-18,4060000,경기도 파주시
01,봉암1리 경로당,경기도,파주시,41480,경기도 파주시 파주읍 주라위1길 10,경기도 파주시 파주읍 봉암리 509-3,37.8160925,126.7960063,30,경기도 파주시청,031-940-5792,파주경찰서,N,,8,2025-12-18,4060000,경기도 파주시
01,파주5리 경로당,경기도,파주시,41480,경기도 파주시 파주읍 우계로 86-8,경기도 파주시 파주읍 파주리 418-3,37.83428698,126.8175733,30,경기도 파주시청,031-940-5792,파주경찰서,N,,8,2025-12-18,4060000,경기도 파주시
01,가야3리 경로당,경기도,파주시,41480,경기도 파주시 법원읍 자운서원로9번길 21,경기도 파주시 법원읍 가야리 54-64,37.85056769,126.8693914,30,경기도 파주시청,031-940-5792,파주경찰서,N,,10,2025-12-18,4060000,경기도 파주시
01,가야2리 경로당,경기도,파주시,41480,경기도 파주시 법원읍 사임당로743번길 31-7,경기도 파주시 법원읍 가야리 171-4,37.85099755,126.8628359,30,경기도 파주시청,031-940-5792,파주경찰서,N,,10,2025-12-18,4060000,경기도 파주시
01,장산1리 경로당,경기도,파주시,41480,경기도 파주시 문산읍 장산로 200,경기도 파주시 문산읍 장산리 323-13,37.89998964,126.7766333,30,경기도 파주시청,031-940-5792,파주경찰서,N,,7,2025-12-18,4060000,경기도 파주시
01,운천2리 경로당,경기도,파주시,41480,경기도 파주시 문산읍 충의로 65,경기도 파주시 문산읍 운천리 271,37.88301391,126.7767527,30,경기도 파주시청,031-940-5792,파주경찰서,N,,8,2025-12-18,4060000,경기도 파주시
01,우양의집,경기도,파주시,41480,경기도 파주시 하지석길 267-74,경기도 파주시 하지석동 267,37.76105373,126.7508784,30,경기도 파주시청,031-940-5792,파주경찰서,N,,4,2025-12-18,4060000,경기도 파주시
01,동패1통 경로당,경기도,파주시,41480,경기도 파주시 교하로 456,경기도 파주시 동패동 1345,37.70514497,126.7284424,30,경기도 파주시청,031-940-5792,파주경찰서,N,,10,2025-12-18,4060000,경기도 파주시
01,하지석리 경로당,경기도,파주시,41480,경기도 파주시 하지석길 261,경기도 파주시 하지석동 229-8,37.75994383,126.748120,30,경기도 파주시청,031-940-5792,파주경찰서,N,,5,2025-12-18,4060000,경기도 파주시
01,송촌리 경로당,경기도,파주시,41480,경기도 파주시 소라지로 332,경기도 파주시 송촌동 225-11,37.75084194,126.6896875,30,경기도 파주시청,031-940-5792,파주경찰서,N,,6,2025-12-18,4060000,경기도 파주시
01,오도2리 경로당,경기도,파주시,41480,경기도 파주시 오도로130번길 8,경기도 파주시 오도동 280-1,37.7507943,126.7181753,30,경기도 파주시청,031-940-5792,파주경찰서,N,,5~6,2025-12-18,4060000,경기도 파주시
01,오도1리 경로당,경기도,파주시,41480,경기도 파주시 운정로 102,경기도 파주시 상지석동 560-11,37.72140272,126.7770745,30,경기도 파주시청,031-940-5792,파주경찰서,N,,6,2025-12-18,4060000,경기도 파주시
01,상지석4리 경로당,경기도,파주시,41480,경기도 파주시 운정로 102,경기도 파주시 상지석동 560-11,37.72140272,126.7770745,30,경기도 파주시청,031-940-5792,파주경찰서,N,,8,2025-12-18,4060000,경기도 파주시
01,용미4리 경로당,경기도,파주시,41480,경기도 파주시 광탄면 장지산로 43,경기도 파주시 광탄면 용미리 186-9,37.74043498,126.8863023,30,경기도 파주시청,031-940-5792,파주경찰서,N,,8,2025-12-18,4060000,경기도 파주시
01,마장3리 경로당,경기도,파주시,41480,경기도 파주시 광탄면 보광로920번길 7,경기도 파주시 광탄면 마장리 125-1,37.77721806,126.8823284,30,경기도 파주시청,031-940-5792,파주경찰서,N,,8,2025-12-18,4060000,경기도 파주시
01,영장2리 경로당,경기도,파주시,41480,경기도 파주시 광탄면 보광로 570,경기도 파주시 광탄면 영장리 101-6,37.75837392,126.9089742,30,경기도 파주시청,031-940-5792,파주경찰서,N,,8,2025-12-18,4060000,경기도 파주시
01,기산1리 경로당,경기도,파주시,41480,경기도 파주시 광탄면 기산로177번길 35,경기도 파주시 광탄면 기산리 502-14,37.77606307,126.9194393,30,경기도 파주시청,031-940-5792,파주경찰서,N,,8,2025-12-18,4060000,경기도 파주시
02,양평군 노인복지관,경기도,양평군,41830,경기도 양평군 양평읍 양평대교길4번길 5,경기도 양평군 양평읍 양근리 272-2번지,37.48790119,127.4912342,30,경기도 양평군청,031-770-3755,양평경찰서,Y,02,13,2023-11-29,4170000,경기도 양평군
01,양평종합사회복지관,경기도,양평군,41830,경기도 양평군 용문면 용문역길 67,경기도 양평군 용문면 다문리 793-8번지,37.48055357,127.5892491,30,경기도 양평군청,031-770-3755,양평경찰서,Y,01,12,2023-11-29,4170000,경기도 양평군
01,금파1리 경로당,경기도,파주시,41480,경기도 파주시 파평면 청송로 188,경기도 파주시 파평면 금파리 296-17,37.92135861,126.8398226,30,경기도 파주시청,031-940-5792,파주경찰서,Y,1,10,2025-12-18,4060000,경기도 파주시
01,덕은5리 경로당,경기도,파주시,41480,경기도 파주시 월롱면 휴암로 194,경기도 파주시 월롱면 덕은리 417-1,37.80870122,126.7825522,30,경기도 파주시청,031-940-5792,파주경찰서,N,,8,2025-12-18,4060000,경기도 파주시
01,장곡2리 경로당,경기도,파주시,41480,경기도 파주시 조리읍 명봉산로 70,경기도 파주시 조리읍 장곡리 701,37.73439232,126.8429656,30,경기도 파주시청,031-940-5792,파주경찰서,N,,8,2025-12-18,4060000,경기도 파주시
01,부곡1리 경로당,경기도,파주시,41480,경기도 파주시 파주읍 정문로 696,경기도 파주시 파주읍 부곡리 340-2,37.81814305,126.819157,30,경기도 파주시청,031-940-5792,파주경찰서,N,,10,2025-12-18,4060000,경기도 파주시
01,창만4리 경로당,경기도,파주시,41480,경기도 파주시 광탄면 만장산로 356,경기도 파주시 광탄면 창만리 193-4,37.79839611,126.8738374,30,경기도 파주시청,031-940-5792,파주경찰서,N,,10,2025-12-18,4060000,경기도 파주시
01,진인노인요양원,경기도,파주시,41480,경기도 파주시 파평면 청송로 386-14,경기도 파주시 파평면 눌노리 167-7,37.93069488,126.855638,30,경기도 파주시청,031-940-5792,파주경찰서,N,,10,2025-12-18,4060000,경기도 파주시
01,낙하리 경로당,경기도,파주시,41480,경기도 파주시 탄현면 동오리길 143,경기도 파주시 탄현면 낙하리 221-6,37.83738609,126.7379388,30,경기도 파주시청,031-940-5792,파주경찰서,N,,6,2025-12-18,4060000,경기도 파주시
1,두음리 경로당(지방도),충청북도,단양군,43800,충청북도 단양군 대강면 두음길 98,충청북도 단양군 대강면 두음리 430-5,36.907548,128.359618,30,충청북도 단양군청,043-420-2896,단양경찰서,N,0,8,2025-07-08,4480000,충청북도 단양군
1,상원곡리 경로당,충청북도,단양군,43800,충청북도 단양군 적성면 적성로 769,충청북도 단양군 적성면 상원곡리 78-1,37.046565,128.237203,30,충청북도 단양군청,043-420-2896,단양경찰서,N,0,8,2025-07-08,4480000,충청북도 단양군
1,단양노인장애인복지회관,충청북도,단양군,43800,충청북도 단양군 단양읍 별곡5길 5,충청북도 단양군 단양읍 별곡리 319,36.9853004325,128.368679,30,충청북도 단양군청,043-420-2896,단양경찰서,N,0,8,2025-07-08,4480000,충청북도 단양군
01,황등권 노인종합복지관,전북특별자치도,익산시,52140,전북특별자치도 익산시 황등면 황등8길 6,전북특별자치도 익산시 황등면 황등리 917-3,36.00474674,126.9439148,40,전북특별자치도 익산시,063-859-5694,익산경찰서,Y,1,,2025-07-29,4681000,전북특별자치도 익산시
01,남부권 노인종합복지간,전북특별자치도,익산시,52140,전북특별자치도 익산시 목천로 328,전북특별자치도 익산시 인화동2가 227,35.92687786,126.9569004,40,전북특별자치도 익산시,063-859-5694,익산경찰서,Y,1,,2025-07-29,4681000,전북특별자치도 익산시
01,모현동 노인종합복지관,전북특별자치도,익산시,52140,전북특별자치도 익산시 동서로 103,전북특별자치도 익산시 모현동2가 64-5,35.95692794,126.9456795,40,전북특별자치도 익산시,063-859-5694,익산경찰서,Y,1,,2025-07-29,4681000,전북특별자치도 익산시
1,"봉암, 평촌, 수동경로당",충청북도,영동군,43740,충청북도 영동군 학산면 평촌2길 9,,36.1137213,127.7166287,30,충청북도 영동군,043-740-3543,영동경찰서,N,,6~8,2025-01-09,4440000,충청북도 영동군
1,원금계경로당,충청북도,영동군,43740,충청북도 영동군 황간면 원금계2길 9,,36.269831,127.8621469,30,충청북도 영동군,043-740-3543,영동경찰서,N,,6~8,2025-01-09,4440000,충청북도 영동군
1,원동리경로당,충청북도,영동군,43740,충청북도 영동군 양강면 학산영동로 550,,36.12594283,127.7335722,30,충청북도 영동군,043-740-3543,영동경찰서,N,,6~8,2025-01-09,4440000,충청북도 영동군
1,죽산리경로당,충청북도,영동군,43740,충청북도 영동군 양산면 죽산3길 15,,36.15370424,127.6856085,30,충청북도 영동군,043-740-3543,영동경찰서,N,,6~8,2025-01-09,4440000,충청북도 영동군
1,입석경로당,충청북도,영동군,43740,충청북도 영동군 학산면 입석길 23,,36.09899324,127.6910371,30,충청북도 영동군,043-740-3543,영동경찰서,N,,6~8,2025-01-09,4440000,충청북도 영동군
1,용암1리 경로당,충청북도,영동군,43740,충청북도 영동군 황간면 상용암3길 8,,36.23933022,127.8661468,30,충청북도 영동군,043-740-3543,영동경찰서,N,,6~8,2025-01-09,4440000,충청북도 영동군
1,원촌리 경로당,충청북도,영동군,43740,,충청북도 영동군 매곡면 수원리 589-1,36.17005133,127.9185036,30,충청북도 영동군,043-740-3543,영동경찰서,N,,6~8,2025-01-09,4440000,충청북도 영동군
1,범화리 경로당,충청북도,영동군,43740,,충청북도 영동군 학산면 범화리 677-2,36.09378338,127.7183988,30,충청북도 영동군,043-740-3543,영동경찰서,N,,6~8,2025-01-09,4440000,충청북도 영동군
1,관리 경로당,충청북도,영동군,43740,충청북도 영동군 추풍령면 관리1길 16,,36.21657271,127.9927967,30,충청북도 영동군,043-740-3543,영동경찰서,N,,6~8,2025-01-09,4440000,충청북도 영동군
1,묵정리 경로당,충청북도,영동군,43740,충청북도 영동군 양강면 학산영동로 349,,36.12821947,127.7115893,30,충청북도 영동군,043-740-3543,영동경찰서,N,,6~8,2025-01-09,4440000,충청북도 영동군
1,순양 경로당,충청북도,영동군,43740,충청북도 영동군 학산면 지내원당로 289,,36.10475437,127.6699258,30,충청북도 영동군,043-740-3543,영동경찰서,N,,6~8,2025-01-09,4440000,충청북도 영동군
1,기호리 경로당,충청북도,영동군,43740,충청북도 영동군 심천면 양산심천로 791,,36.18260011,127.7041504,30,충청북도 영동군,043-740-3543,영동경찰서,N,,6~8,2025-01-09,4440000,충청북도 영동군
1,용당리 경로당,충청북도,영동군,43740,충청북도 영동군 심천면 용당로 113-1,,36.22439251,127.7294126,30,충청북도 영동군,043-740-3543,영동경찰서,N,,6~8,2025-01-09,4440000,충청북도 영동군
1,구수동 경로당,충청북도,영동군,43740,충청북도 영동군 영동읍 구수로 179,,36.20484842,127.7850107,30,충청북도 영동군,043-740-3543,영동경찰서,N,,6~8,2025-01-09,4440000,충청북도 영동군
1,구교리 회관 경로당,충청북도,영동군,43740,충청북도 영동군 영동읍 대학로 25-1,,36.18013542,127.779531,30,충청북도 영동군,043-740-3543,영동경찰서,N,,6~8,2025-01-09,4440000,충청북도 영동군
1,동정리 경로당,충청북도,영동군,43740,충청북도 영동군 영동읍 동정로 73,,36.17399189,127.7894181,30,충청북도 영동군,043-740-3543,영동경찰서,N,,6~8,2025-01-09,4440000,충청북도 영동군
1,수두리경로당,충청북도,영동군,43740,충청북도 영동군 양산면 수두2길 34(지방도 68호),,36.1295369,127.6598484,30,충청북도 영동군,043-740-3543,영동경찰서,N,,6~8,2025-01-09,4440000,충청북도 영동군
1,죽촌마을회관,충청북도,영동군,43740,충청북도 영동군 학산면 죽촌리길 15(지방도 505호),,36.07463313,127.6547985,30,충청북도 영동군,043-740-3543,영동경찰서,N,,6~8,2025-01-09,4440000,충청북도 영동군
1,초강종합복지회관,충청북도,영동군,43740,충청북도 영동군 심천면 초강로 88,,36.21572373,127.7158587,30,충청북도 영동군,043-740-3543,영동경찰서,N,,6~8,2025-01-09,4440000,충청북도 영동군
1,영동제일요양병원,충청북도,영동군,43740,충청북도 영동군 양강면 양정죽촌로 53-12,,36.16016019,127.7697902,30,충청북도 영동군,043-740-3543,영동경찰서,N,,6~8,2025-01-09,4440000,충청북도 영동군
1,영동군 노인장애인복지관,충청북도,영동군,43740,충청북도 영동군 영동읍 반곡동길 13,,36.16847861,127.7752458,30,충청북도 영동군,043-740-3543,영동경찰서,N,,6~8,2025-01-09,4440000,충청북도 영동군
1,북구태봉생활체육관,광주광역시,북구,29170,광주광역시 북구 서암대로132번길 11-10,광주광역시 북구 신안동 234-10,35.16913885,126.8990808,30,광주광역시,062-613-4653,광주광역시북부경찰서,Y,10,,2025-12-24,6290000,광주광역시
1,우산경로당,광주광역시,북구,29170,광주광역시 북구 서방로81번길 88,광주광역시 북구 우산동 203-1,35.1743539,126.9245434,30,광주광역시,062-613-4653,광주광역시북부경찰서,Y,9,,2025-12-24,6290000,광주광역시
1,말바우경로당,광주광역시,북구,29170,광주광역시 북구 동문대로85번길 62,광주광역시 북구 우산동 185-23,35.17288295,126.9202938,30,광주광역시,062-613-4653,광주광역시북부경찰서,Y,2,,2025-12-24,6290000,광주광역시
1,양호경로당,광주광역시,서구,29140,광주광역시 서구 구성로33번길 3,광주광역시 서구 양동 245-18,35.15254405,126.9014085,30,광주광역시,062-613-4653,광주광역시서부경찰서,Y,10,,2025-12-24,6290000,광주광역시
1,상이군경회 경로당,광주광역시,동구,29110,광주광역시 동구 구성로204번길 6-1,광주광역시 동구 대인동 69-1,35.1531344,126.915051,30,광주광역시,062-613-4653,광주광역시동부경찰서,Y,4,,2025-12-24,6290000,광주광역시
1,월산2동경로당,광주광역시,남구,29155,광주광역시 남구 월산로68번길 16-1,광주광역시 남구 월산동 142-6,35.1439273,126.9006303,30,광주광역시,062-613-4653,광주광역시남부경찰서,Y,3,,2025-12-24,6290000,광주광역시
1,명은노인전문요양원,광주광역시,광산구,29200,광주광역시 광산구 삼본로 14-13,광주광역시 광산구 덕림동 802-3,35.19375357,126.6702353,30,광주광역시,062-613-4653,광주광역시광산경찰서,N,0,,2025-12-24,6290000,광주광역시
1,바라밀실버하우스노인전문요양원,광주광역시,광산구,29200,광주광역시 광산구 구촌반촌길 108-1,광주광역시 광산구 신창동 1067-9,35.18693184,126.8447348,30,광주광역시,062-613-4653,광주광역시광산경찰서,N,0,,2025-12-24,6290000,광주광역시
1,장수실버그린노인전문요양원,광주광역시,광산구,29200,광주광역시 광산구 송암길 27,광주광역시 광산구 삼거동 594-2,35.16467594,126.6660801,30,광주광역시,062-613-4653,광주광역시광산경찰서,Y,3,,2025-12-24,6290000,광주광역시
1,효사랑주월의집,광주광역시,남구,29155,광주광역시 남구 금화로376번길 20,광주광역시 남구 주월동 715,35.13991162,126.8878931,30,광주광역시,062-613-4653,광주광역시남부경찰서,Y,7,,2025-12-24,6290000,광주광역시
1,마산경로당,광주광역시,서구,29140,광주광역시 서구 눌재로 573,광주광역시 서구 벽진동 633-3,35.12820209,126.8307921,30,광주광역시,062-613-4653,광주광역시서부경찰서,N,0,,2025-12-24,6290000,광주광역시
1,해오름노인전문요양원,광주광역시,광산구,29200,광주광역시 광산구 본동로 522,광주광역시 광산구 양산동 316-1,35.19982063,126.6817544,30,광주광역시,062-613-4653,광주광역시광산경찰서,N,0,,2025-12-24,6290000,광주광역시
1,아리랑요양원,광주광역시,남구,29155,광주광역시 남구 복수마을안길 3-4,광주광역시 남구 이장동 589,35.09035199,126.8564169,30,광주광역시,062-613-4653,광주광역시남부경찰서,N,0,,2025-12-24,6290000,광주광역시
1,서창게이트볼장,광주광역시,서구,29140,광주광역시 서구 서창둑길 18,광주광역시 서구 서창동 1044-8,35.10961636,126.8213398,30,광주광역시,062-613-4653,광주광역시서부경찰서,Y,5,,2025-12-24,6290000,광주광역시
1,한빛노인전문 요양원,광주광역시,광산구,29200,광주광역시 광산구 대산로 19-11,광주광역시 광산구 대산동 177,35.13614597,126.6728946,30,광주광역시,062-613-4653,광주광역시광산경찰서,N,0,,2025-12-24,6290000,광주광역시
1,동명전문요양원,광주광역시,서구,29140,광주광역시 서구 송암로143번길 21,광주광역시 서구 풍암동 산 119-1,35.11263381,126.8675966,30,광주광역시,062-613-4653,광주광역시서부경찰서,Y,3,,2025-12-24,6290000,광주광역시
1,송정게이트볼장,광주광역시,광산구,29200,광주광역시 광산구 용보로 11,광주광역시 광산구 송정동 554-1,35.13726584,126.8005801,30,광주광역시,062-613-4653,광주광역시광산경찰서,Y,1,,2025-12-24,6290000,광주광역시
1,운남대교 게이트볼장,광주광역시,광산구,29200,광주광역시 광산구 풍영철길로 127,광주광역시 광산구 운남동 517-27,35.17065851,126.8196943,30,광주광역시,062-613-4653,광주광역시광산경찰서,N,0,,2025-12-24,6290000,광주광역시
1,송산유원지,광주광역시,광산구,29200,광주광역시 광산구 박호등임로 41,광주광역시 광산구 서봉동 575-1,35.15822898,126.7379791,30,광주광역시,062-613-4653,광주광역시광산경찰서,Y,11,,2025-12-24,6290000,광주광역시
1,쉼터요양원,광주광역시,북구,29170,광주광역시 북구 석곡로 171,광주광역시 북구 청풍동 842-4,35.17655892,126.9622222,30,광주광역시,062-613-4653,광주광역시북부경찰서,N,0,,2025-12-24,6290000,광주광역시
1,빛고을종합사회복지관,광주광역시,동구,29110,광주광역시 동구 천변좌로 656,광주광역시 동구 용산동 산 3,35.1256308,126.9295742,30,광주광역시,062-613-4653,광주광역시동부경찰서,N,0,,2025-12-24,6290000,광주광역시
1,응암공원,광주광역시,광산구,29200,광주광역시 광산구 임방울대로 673-12,광주광역시 광산구 월계동 760-1,35.21689594,126.8320336,30,광주광역시,062-613-4653,광주광역시광산경찰서,Y,12,,2025-12-24,6290000,광주광역시
1,죽전리 경로당,충청북도,보은군,43720,충청북도 보은군 보은읍 보은로 51,충청북도 보은군 보은읍 죽전리 162-22,36.47912571,127.7197604,30,충청북도 보은군청,043-540-3443,보은경찰서,N,0,8,2024-08-09,4420000,충청북도 보은군
1,"보은군 노인, 장애인복지관",충청북도,보은군,43720,,충청북도 보은군 보은읍 이평리 107,36.4883642443,127.7239233233,30,충청북도 보은군청,043-540-3443,보은경찰서,N,0,8,2024-08-09,4420000,충청북도 보은군
01,율포리 경로당,경기도,파주시,41480,경기도 파주시 적성면 율곡로2536번길 13,경기도 파주시 적성면 율포리 158-2,37.97792825,126.9567662,30,경기도 파주시청,031-940-5792,파주경찰서,Y,1,10,2025-12-18,4060000,경기도 파주시
01,성동리 경로당,경기도,파주시,41480,경기도 파주시 탄현면 새오리로 71,경기도 파주시 탄현면 성동리 82-5,37.79067603,126.6852964,30,경기도 파주시청,031-940-5792,파주경찰서,N,,7,2025-12-18,4060000,경기도 파주시
01,도내4리 경로당,경기도,파주시,41480,경기도 파주시 월롱면 외도감길 3,경기도 파주시 월롱면 도내리 258-1,37.78845542,126.8209527,30,경기도 파주시청,031-940-5792,파주경찰서,N,,8,2025-12-18,4060000,경기도 파주시
01,덕천리 경로당,경기도,파주시,41480,경기도 파주시 파평면 청송로610번길 11,경기도 파주시 파평면 덕천리 111-44,37.94040611,126.8764637,30,경기도 파주시청,031-940-5792,파주경찰서,Y,1,10,2025-12-18,4060000,경기도 파주시
01,대동리 경로당,경기도,파주시,41480,경기도 파주시 탄현면 새오리로 325,경기도 파주시 탄현면 대동리 716,37.81115411,126.6901784,30,경기도 파주시청,031-940-5792,파주경찰서,N,,8,2025-12-18,4060000,경기도 파주시
01,금파2리 경로당,경기도,파주시,41480,경기도 파주시 파평면 금마루4길 8,경기도 파주시 파평면 금파리 398-16,37.93038554,126.8348458,30,경기도 파주시청,031-940-5792,파주경찰서,N,,10,2025-12-18,4060000,경기도 파주시
01,영장1리 경로당,경기도,파주시,41480,경기도 파주시 광탄면 기산로 94,경기도 파주시 광탄면 영장리 244-9,37.77551356,126.9084479,30,경기도 파주시청,031-940-5792,파주경찰서,N,,8,2025-12-18,4060000,경기도 파주시
01,율곡4리 경로당,경기도,파주시,41480,경기도 파주시 파평면 장승배기로 184,경기도 파주시 파평면 율곡리 279-3,37.88125939,126.8150412,30,경기도 파주시청,031-940-5792,파주경찰서,N,,8,2025-12-18,4060000,경기도 파주시
01,도내3리 경로당,경기도,파주시,41480,경기도 파주시 월롱면 정문로 478,경기도 파주시 월롱면 도내리 438-4,37.7990848,126.8183265,30,경기도 파주시청,031-940-5792,파주경찰서,N,,10,2025-12-18,4060000,경기도 파주시
01,금곡2리 경로당,경기도,파주시,41480,경기도 파주시 법원읍 술이홀로 1319,경기도 파주시 법원읍 금곡리 336-21,37.88516719,126.8777732,30,경기도 파주시청,031-940-5792,파주경찰서,N,,8,2025-12-18,4060000,경기도 파주시
01,검전리 경로당,경기도,파주시,41480,경기도 파주시 광탄면 혜음로 1442-5,경기도 파주시 광탄면 방축리 351-4,37.8094924,126.8494356,30,경기도 파주시청,031-940-5792,파주경찰서,N,,8,2025-12-18,4060000,경기도 파주시
1,법주리 경로당,충청북도,보은군,43720,,충청북도 보은군 내북면 법주리 173-5,36.552672,127.634312,30,충청북도 보은군청,043-540-3432,보은경찰서,N,0,8,2024-08-09,4420000,충청북도 보은군
1,하장리 경로당,충청북도,보은군,43720,,충청북도 보은군 탄부면 하장리 170,36.433336,127.797484,30,충청북도 보은군청,043-540-3432,보은경찰서,N,0,8,2024-08-09,4420000,충청북도 보은군
1,분저리 경로당,충청북도,보은군,43720,,충청북도 보은군 회남면 분저리 189-3,36.42362408,127.574652,30,충청북도 보은군청,043-540-3432,보은경찰서,N,0,8,2024-08-09,4420000,충청북도 보은군
1,법수2리 경로당,충청북도,보은군,43720,,충청북도 보은군 회남면 법수리 129,36.42287755,127.532648,30,충청북도 보은군청,043-540-3432,보은경찰서,N,0,8,2024-08-09,4420000,충청북도 보은군
1,신곡리 경로당,충청북도,보은군,43720,,충청북도 보은군 회남면 신곡리 144-4,36.440443,127.568767,30,충청북도 보은군청,043-540-3432,보은경찰서,N,0,8,2024-08-09,4420000,충청북도 보은군
1,율산1리 경로당,충청북도,보은군,43720,,충청북도 보은군 수한면 율산리 45-1,36.487421,127.6536032,30,충청북도 보은군청,043-540-3432,보은경찰서,N,0,8,2024-08-09,4420000,충청북도 보은군
1,장선리 경로당,충청북도,보은군,43720,충청북도 보은군 수한면 장선1길 2,,36.44719085,127.649676,30,충청북도 보은군청,043-540-3432,보은경찰서,N,0,8,2024-08-09,4420000,충청북도 보은군
1,은운리 경로당,충청북도,보은군,43720,충청북도 보은군 회남면 안내회남로 733,,36.40428256,127.604249,30,충청북도 보은군청,043-540-3432,보은경찰서,N,0,8,2024-08-09,4420000,충청북도 보은군
1,눌곡리 경로당,충청북도,보은군,43720,충청북도 보은군 회인면 눌곡길 16-1,,36.483804,127.598623,30,충청북도 보은군청,043-540-3432,보은경찰서,N,0,8,2024-08-09,4420000,충청북도 보은군
1,원평리 경로당,충청북도,보은군,43720,충청북도 보은군 산외면 원평2길 9,,36.584637,127.742634,30,충청북도 보은군청,043-540-3432,보은경찰서,N,0,8,2024-08-09,4420000,충청북도 보은군
1,창리 경로당,충청북도,보은군,43720,충청북도 보은군 내북면 내북산외로 11-3,,36.577301,127.663519,30,충청북도 보은군청,043-540-3432,보은경찰서,N,0,8,2024-08-09,4420000,충청북도 보은군
1,중앙2리 경로당,충청북도,보은군,43720,충청북도 보은군 회인면 회인로5길 14-2,,36.492901,127.596137,30,충청북도 보은군청,043-540-3432,보은경찰서,N,0,8,2024-08-09,4420000,충청북도 보은군
1,"원남, 판동리 경로당",충청북도,보은군,43720,충청북도 보은군 삼승면 원남로1길 45,,36.39845514,127.734526,30,충청북도 보은군청,043-540-3432,보은경찰서,N,0,8,2024-08-09,4420000,충청북도 보은군
1,상판리 경로당,충청북도,보은군,43720,충청북도 보은군 속리산면 법주사로 9-4,충청북도 보은군 속리산면 상판리 155-3,36.51266116,127.8097244,30,충청북도 보은군청,043-540-3432,보은경찰서,N,0,8,2024-08-09,4420000,충청북도 보은군
1,북암2리 경로당,충청북도,보은군,43720,충청북도 보은군 속리산면 북암2길 5,,36.545015,127.788436,30,충청북도 보은군청,043-540-3432,보은경찰서,N,0,8,2024-08-09,4420000,충청북도 보은군
1,중초1리 경로당,충청북도,보은군,43720,충청북도 보은군 보은읍 중초1길 30,,36.51899457,127.685817,30,충청북도 보은군청,043-540-3432,보은경찰서,N,0,8,2024-08-09,4420000,충청북도 보은군
1,신송1리경로당,충청남도,보령시,45100,충청남도 보령시 청소면 송덕신송길 496-4,충청남도 보령시 청소면 신송리 110,36.459057,126.5880519,30,충청남도 보령시,041-930-3981,충남보령경찰서,Y,1,8,2025-12-01,4510000,충청남도 보령시
1,성연1리경로당,충청남도,보령시,45100,충청남도 보령시 청소면 넙티로 464,충청남도 보령시 청소면 성연리 335,36.44891506,126.6350458,30,충청남도 보령시,041-930-3981,충남보령경찰서,Y,1,8,2025-12-01,4510000,충청남도 보령시
1,용수리경로당,충청남도,보령시,45100,충청남도 보령시 미산면 판미로 1262-4,충청남도 보령시 미산면 용수리 1-2,36.27221446,126.6809676,30,충청남도 보령시,041-930-3981,충남보령경찰서,Y,1,8,2025-12-01,4510000,충청남도 보령시
1,삼계리노인회관,충청남도,보령시,45100,충청남도 보령시 미산면 소삼계길 5,충청남도 보령시 미산면 삼계리 254-1,36.20402569,126.6739223,30,충청남도 보령시,041-930-3981,충남보령경찰서,Y,1,8,2025-12-01,4510000,충청남도 보령시
1,장현1리경로당,충청남도,보령시,45100,충청남도 보령시 청라면 오서산길 83-6,충청남도 보령시 청라면 장현리 850-1,36.4229006,126.665972,30,충청남도 보령시,041-930-3981,충남보령경찰서,Y,1,8,2025-12-01,4510000,충청남도 보령시
1,황룡1리경로당,충청남도,보령시,45100,충청남도 보령시 청라면돌모루길 18-7,충청남도 보령시 청라면 황룡리 1235,36.4240916,126.6468351,30,충청남도 보령시,041-930-3981,충남보령경찰서,Y,1,8,2025-12-01,4510000,충청남도 보령시
1,성주4리경로당,충청남도,보령시,45100,충청남도 보령시 성주면 청성로 406,충청남도 보령시 성주면 성주리 265-358,36.34859578,126.6577611,30,충청남도 보령시,041-930-3981,충남보령경찰서,Y,1,8,2025-12-01,4510000,충청남도 보령시
1,오포2리경로당,충청남도,보령시,45100,충청남도 보령시 오천면 오천중앙로 525,충청남도 보령시 오천면 오포리 645-1,36.40611842,126.5220808,30,충청남도 보령시,041-930-3981,충남보령경찰서,Y,1,8,2025-12-01,4510000,충청남도 보령시
1,하만3리경로당,충청남도,보령시,45100,충청남도 보령시 천북면 홍보로 312-1,충청남도 보령시 천북면 하만리 710,36.46537879,126.5248376,30,충청남도 보령시,041-930-3981,충남보령경찰서,Y,1,8,2025-12-01,4510000,충청남도 보령시
1,보령요양원,충청남도,보령시,45100,충청남도 보령시 남포면 보령남로 207,충청남도 보령시 남포면 창동리 558,36.32643499,126.6038403,30,충청남도 보령시,041-930-3981,충남보령경찰서,Y,1,20,2025-12-01,4510000,충청남도 보령시
1,소송리경로당,충청남도,보령시,45100,충청남도 보령시 남포면 효방길 1,충청남도 보령시 남포면 소송리 197-1,36.3041411,126.5847998,30,충청남도 보령시,041-930-3981,충남보령경찰서,Y,1,8,2025-12-01,4510000,충청남도 보령시
1,정전1리노인회관,충청남도,보령시,45100,충청남도 보령시 청소면 넙티로 166,충청남도 보령시 청소면 정전리 325-2,36.44232776,126.6072663,30,충청남도 보령시,041-930-3981,충남보령경찰서,Y,1,8,2025-12-01,4510000,충청남도 보령시
1,동부경로당,충청남도,보령시,45100,충청남도 보령시 남포면창동3길 42,충청남도 보령시 남포면 창동리 641-9,36.31722524,126.6077922,30,충청남도 보령시,041-930-3981,충남보령경찰서,Y,1,8,2025-12-01,4510000,충청남도 보령시
1,신산리경로당,충청남도,보령시,45100,충청남도 보령시 청라면 죽성로 1083,충청남도 보령시 청라면 신산리 268,36.4271115,126.6842996,30,충청남도 보령시,041-930-3981,충남보령경찰서,Y,1,8,2025-12-01,4510000,충청남도 보령시
1,봉덕1리경로당,충청남도,보령시,45100,충청남도 보령시 남포면 고루머리길 39-30,충청남도 보령시 남포면 봉덕리 474-3,36.326217,126.594347,30,충청남도 보령시,041-930-3981,충남보령경찰서,Y,1,8,2025-12-01,4510000,충청남도 보령시
1,내평리경로당,충청남도,보령시,45100,충청남도 보령시 미산면 내평봉성길 16,충청남도 보령시 미산면 내평리 287,36.2099606,126.6772486,30,충청남도 보령시,041-930-3981,충남보령경찰서,Y,1,8,2025-12-01,4510000,충청남도 보령시
1,영보2리노인회관,충청남도,보령시,45100,충청남도 보령시 오천면 오천해안로 527,충청남도 보령시 오천면 영보리 665,36.4230219,126.5029529,30,충청남도 보령시,041-930-3981,충남보령경찰서,Y,1,8,2025-12-01,4510000,충청남도 보령시
1,장은1리경로당,충청남도,보령시,45100,충청남도 보령시 천북면 홍보로 765-34,충청남도 보령시 천북면 장은리 375-3,36.50353329,126.517543,30,충청남도 보령시,041-930-3981,충남보령경찰서,Y,1,8,2025-12-01,4510000,충청남도 보령시
1,죽청1리노인회관,충청남도,보령시,45100,충청남도 보령시 웅천읍 죽청로64,충청남도 보령시 웅천읍 죽청리211-2,36.24040338,126.5538835,30,충청남도 보령시,041-930-3981,충남보령경찰서,Y,1,8,2025-12-01,4510000,충청남도 보령시
1,보령노인종합복지관,충청남도,보령시,45100,충청남도 보령시 대천로 113(죽정동),충청남도 보령시 죽정동 703-1,36.35604971,126.6038988,30,충청남도 보령시,041-930-3981,충남보령경찰서,Y,1,20,2025-12-01,4510000,충청남도 보령시
01,용산마을경로당,경상남도,거제시,48310,경상남도 거제시 상동3길 24-11,경상남도 거제시 상동동 194-1,34.8663584679,128.635650,30,경상남도 거제시청,055-639-4563,거제경찰서,N,0,3,2025-12-04,5370000,경상남도 거제시
01,가배경로당,경상남도,거제시,48310,경상남도 거제시 동부면 가배2길 20,경상남도 거제시 동부면 가배리 255,34.7849210534,128.570347,30,경상남도 거제시청,055-639-4563,거제경찰서,Y,2,6,2025-12-04,5370000,경상남도 거제시
01,부춘경로당,경상남도,거제시,48310,경상남도 거제시 동부면 부춘1길 18-4,경상남도 거제시 동부면 부춘리 548,34.8069745432,128.6075183046,30,경상남도 거제시청,055-639-4563,거제경찰서,Y,2,6,2025-12-04,5370000,경상남도 거제시
01,옥동경로당,경상남도,거제시,48310,경상남도 거제시 둔덕면 청마로 631,경상남도 거제시 둔덕면 상둔리 236-1,34.8722030137,128.541795,30,경상남도 거제시청,055-639-4563,거제경찰서,N,0,6,2025-12-04,5370000,경상남도 거제시
01,언양경로당,경상남도,거제시,48310,경상남도 거제시 사등면 언양2길 26,경상남도 거제시 사등면 사등리 1470-6,34.8964812808,128.546119,30,경상남도 거제시청,055-639-4563,거제경찰서,Y,2,6,2025-12-04,5370000,경상남도 거제시
01,호세요양원,인천광역시,강화군,35700,인천광역시 강화군 불은면 고려왕릉로 376,인천광역시 강화군 불은면 두운리 342-4,37.67416587,126.4779458,30,인천광역시 강화군청,032-930-3366,인천강화경찰서,N,,6,2025-04-17,3570000,인천광역시 강화군
01,백산강화실버홈,인천광역시,강화군,35700,인천광역시 강화군 불은면 강화동로 618,인천광역시 강화군 불은면 두운리 124-1,37.6900876,126.477066,30,인천광역시 강화군청,032-930-3366,인천강화경찰서,N,,6,2025-04-17,3570000,인천광역시 강화군
01,장흥1리 마을회관,인천광역시,강화군,35700,인천광역시 강화군 길상면 길상로 185-4,인천광역시 강화군 길상면 장흥리 364-37,37.63384343,126.504026,30,인천광역시 강화군청,032-930-3366,인천강화경찰서,N,,,2025-04-17,3570000,인천광역시 강화군
01,오상2리 경로당,인천광역시,강화군,35700,인천광역시 강화군 내가면 황청포구로 96,인천광역시 강화군 내가면 오상리 1255-14,37.72839474,126.3772569,30,인천광역시 강화군청,032-930-3366,인천강화경찰서,N,,,2025-04-17,3570000,인천광역시 강화군
01,창1리 경로당,인천광역시,강화군,35700,인천광역시 강화군 선원면 고식이길 80,인천광역시 강화군 선원면 창리 100-4,37.73166104,126.4974473,30,인천광역시 강화군청,032-930-3366,인천강화경찰서,N,,,2025-04-17,3570000,인천광역시 강화군
01,금월1리 마을회관,인천광역시,강화군,35700,인천광역시 강화군 선원면 대문고개로 34,인천광역시 강화군 선원면 금월리 233-4,37.71380744,126.4849149,30,인천광역시 강화군청,032-930-3366,인천강화경찰서,N,,,2025-04-17,3570000,인천광역시 강화군
01,조산리 마을회관,인천광역시,강화군,35700,인천광역시 강화군 양도면 강화남로 523,인천광역시 강화군 양도면 조산리 564-1,37.65294939,126.4352968,30,인천광역시 강화군청,032-930-3366,인천강화경찰서,N,,,2025-04-17,3570000,인천광역시 강화군
01,남산1리경로당,인천광역시,강화군,35700,인천광역시 강화군 강화읍 부조고개길 34,인천광역시 강화군 강화읍 남산리 142,37.74137191,126.4863568,30,인천광역시 강화군청,032-930-3366,인천강화경찰서,N,,,2025-04-17,3570000,인천광역시 강화군
01,성경경로당,인천광역시,강화군,35700,인천광역시 강화군 하점면 강화서로 894-1,인천광역시 강화군 하점면 이강리 412,37.7711885,126.3909295,30,인천광역시 강화군청,032-930-3366,인천강화경찰서,N,,6,2025-04-17,3570000,인천광역시 강화군
01,강화요양병원,인천광역시,강화군,35700,인천광역시 강화군 길상면 강화동로 181,인천광역시 강화군 길상면 길직리 1065-22,37.65542824,126.4919706,30,인천광역시 강화군청,032-930-3366,인천강화경찰서,N,,6,2025-04-17,3570000,인천광역시 강화군
01,강화군 노인문화센터,인천광역시,강화군,35700,인천광역시 강화군 길상면 마니산로 36,인천광역시 강화군 길상면 온수리 470-39,37.6425401,126.4871851,30,인천광역시 강화군청,032-930-3366,인천강화경찰서,N,,12,2025-04-17,3570000,인천광역시 강화군
01,덕성리 마을회관,인천광역시,강화군,35700,인천광역시 강화군 불은면 덕진로129번길16,인천광역시 강화군 불은면 덕성리 733-2,37.65022908,126.5135378,30,인천광역시 강화군청,032-930-3366,인천강화경찰서,N,,6,2025-04-17,3570000,인천광역시 강화군
01,인산1리 호곡경로당,인천광역시,강화군,35700,인천광역시 강화군 양도면 중앙로 881,인천광역시 강화군 양도면 인산리 365-3,37.69671317,126.4222532,30,인천광역시 강화군청,032-930-3366,인천강화경찰서,N,,6,2025-04-17,3570000,인천광역시 강화군
01,선두1리 마을회관,인천광역시,강화군,35700,인천광역시 강화군 길상면 마니산로179번길 4,인천광역시 강화군 길상면 선두리 237-2,37.63520325,126.4737582,30,인천광역시 강화군청,032-930-3366,인천강화경찰서,N,,6,2025-04-17,3570000,인천광역시 강화군
01,오두리 경로당,인천광역시,강화군,35700,인천광역시 강화군 불은면 불은남로 293-1,인천광역시 강화군 불은면 오두리 312-4,37.67582988,126.5114049,30,인천광역시 강화군청,032-930-3366,인천강화경찰서,N,,6,2025-04-17,3570000,인천광역시 강화군
01,강화군 요양원,인천광역시,강화군,35700,인천광역시 강화군 길상면 길상로 272,인천광역시 강화군 길상면 온수리 605-23,37.63559539,126.4951277,30,인천광역시 강화군청,032-930-3366,인천강화경찰서,N,,6,2025-04-17,3570000,인천광역시 강화군
01,문산리노인회관,인천광역시,강화군,35700,인천광역시 강화군 화도면 마니산로 566,인천광역시 강화군 화도면 문산리 417-2,37.63208777,126.4334481,30,인천광역시 강화군청,032-930-3366,인천강화경찰서,N,,6,2025-04-17,3570000,인천광역시 강화군
01,도장2리 하록경로당,인천광역시,강화군,35700,인천광역시 강화군 양도면 강화남로 411,인천광역시 강화군 양도면 도장리 1310-8,37.64837424,126.4453594,30,인천광역시 강화군청,032-930-3366,인천강화경찰서,N,,6,2025-04-17,3570000,인천광역시 강화군
01,신정1리노인회관,인천광역시,강화군,35700,인천광역시 강화군 선원면 선원사지로 133,인천광역시 강화군 선원면 신정리 555-4,37.72268845,126.5002448,30,인천광역시 강화군청,032-930-3366,인천강화경찰서,N,,6,2025-04-17,3570000,인천광역시 강화군
01,강화희망요양병원,인천광역시,강화군,35700,인천광역시 강화군 송해면 강화대로 743,인천광역시 강화군 송해면 하도리 301-3,37.76338181,126.4605733,30,인천광역시 강화군청,032-930-3366,인천강화경찰서,N,,6,2025-04-17,3570000,인천광역시 강화군
01,금빛마을양로원,인천광역시,강화군,35700,인천광역시 강화군 불은면 강화동로 262,인천광역시 강화군 불은면 신현리 30-17,37.66288497,126.493953,30,인천광역시 강화군청,032-930-3366,인천강화경찰서,N,,6,2025-04-17,3570000,인천광역시 강화군
02,색동원,인천광역시,강화군,35700,인천광역시 강화군 길상면 장촌길 31,인천광역시 강화군 길상면 길직리 835-27,37.649339,126.4894241,30,인천광역시 강화군청,032-930-3366,인천강화경찰서,N,,4,2025-04-17,3570000,인천광역시 강화군
01,바다의별요양원,인천광역시,강화군,35700,인천광역시 강화군 선원면 시리미로 42,인천광역시 강화군 선원면 선행리 176-4,37.72485681,126.4744732,30,인천광역시 강화군청,032-930-3366,인천강화경찰서,N,,6,2025-04-17,3570000,인천광역시 강화군
01,석포리노인회관,인천광역시,강화군,35700,인천광역시 강화군 삼산면 삼산남로 111,인천광역시 강화군 삼산면 석포리 318-1,37.68477056,126.3645488,30,인천광역시 강화군청,032-930-3366,인천강화경찰서,N,,6,2025-04-17,3570000,인천광역시 강화군
01,강화노인복지관,인천광역시,강화군,35700,인천광역시 강화군 강화읍 중앙로 17-16,인천광역시 강화군 강화읍 남산리 223-1,37.74032225,126.4912094,30,인천광역시 강화군청,032-930-3366,인천강화경찰서,N,,12,2025-04-17,3570000,인천광역시 강화군
1,효성비전노인복지센터,인천광역시,계양구,28245,인천광역시 계양구 아나지로 75,,37.525581,126.699717,50,인천광역시 계양구,032-450-6818,계양경찰서,N,,,2025-05-01,3550000,인천광역시 계양구
1,효성2동 구립경로당,인천광역시,계양구,28245,인천광역시 계양구 마장로 522,,37.524782,126.705257,30,인천광역시 계양구,032-450-6818,계양경찰서,Y,,,2025-05-01,3550000,인천광역시 계양구
1,효성2동 구립경로당,인천광역시,계양구,28245,인천광역시 계양구 마장로 522,,37.524782,126.705257,50,인천광역시 계양구,032-450-6818,계양경찰서,Y,,,2025-05-01,3550000,인천광역시 계양구
1,효누리요양원,인천광역시,계양구,28245,인천광역시 계양구 장제로 708,,37.531084,126.734271,30,인천광역시 계양구,032-450-6818,계양경찰서,Y,,,2025-05-01,3550000,인천광역시 계양구
1,효누리요양원,인천광역시,계양구,28245,인천광역시 계양구 장제로 708,,37.531084,126.734271,50,인천광역시 계양구,032-450-6818,계양경찰서,Y,,,2025-05-01,3550000,인천광역시 계양구
1,우리누리요양원,인천광역시,계양구,28245,인천광역시 계양구 장제로 732,,37.533150,126.734244,30,인천광역시 계양구,032-450-6818,계양경찰서,Y,,,2025-05-01,3550000,인천광역시 계양구
1,진요양원,인천광역시,계양구,28245,인천광역시 계양구 오조산로 53,,37.535589,126.738279,50,인천광역시 계양구,032-450-6818,계양경찰서,N,,,2025-05-01,3550000,인천광역시 계양구
1,작전2동 구립경로당,인천광역시,계양구,28245,인천광역시 계양구 계산로 126번길33,,37.534369,126.726115,30,인천광역시 계양구,032-450-6818,계양경찰서,Y,,,2025-05-01,3550000,인천광역시 계양구
1,임학경로당,인천광역시,계양구,28245,인천광역시 계양구 화산로 3,,37.548332,126.733413,30,인천광역시 계양구,032-450-6818,계양경찰서,Y,,,2025-05-01,3550000,인천광역시 계양구
1,동양노인문화센터,인천광역시,계양구,28245,인천광역시 계양구 동양로 74-29,,37.557061,126.753333,30,인천광역시 계양구,032-450-6818,계양경찰서,N,,,2025-05-01,3550000,인천광역시 계양구
1,계양노인전문요양원,인천광역시,계양구,28245,인천광역시 계양구 아나지로 517,,37.526032,126.750287,50,인천광역시 계양구,032-450-6818,계양경찰서,Y,,,2025-05-01,3550000,인천광역시 계양구
1,효성노인문화센터,인천광역시,계양구,28245,인천광역시 계양구 봉오대로 516,,37.529597,126.706116,30,인천광역시 계양구,032-450-6818,계양경찰서,Y,,,2025-05-01,3550000,인천광역시 계양구
1,효성노인문화센터,인천광역시,계양구,28245,인천광역시 계양구 봉오대로 516,,37.529597,126.706116,50,인천광역시 계양구,032-450-6818,계양경찰서,Y,,,2025-05-01,3550000,인천광역시 계양구
1,계산노인문화센터,인천광역시,계양구,28245,인천광역시 계양구 경명대로 980,,37.543676,126.715608,30,인천광역시 계양구,032-450-6818,계양경찰서,N,,,2025-05-01,3550000,인천광역시 계양구
1,계산노인문화센터,인천광역시,계양구,28245,인천광역시 계양구 경명대로 980,,37.543676,126.715608,50,인천광역시 계양구,032-450-6818,계양경찰서,N,,,2025-05-01,3550000,인천광역시 계양구
1,작전노인대학,인천광역시,계양구,28245,인천광역시 계양구 주부토로 368,,37.527017,126.730093,30,인천광역시 계양구,032-450-6818,계양경찰서,Y,,,2025-05-01,3550000,인천광역시 계양구
1,이촌경로당,인천광역시,계양구,28245,인천광역시 계양구 봉오대로531번길 27,,37.533116,126.707375,30,인천광역시 계양구,032-450-6818,계양경찰서,Y,,,2025-05-01,3550000,인천광역시 계양구
1,가사2리 경로당,충청남도,서산시,44210,충청남도 서산시 부석면 강경벌로 462,,36.75182905,126.3732447,30,충청남도 서산시청,041-660-2735,서산경찰서,N,,,2025-04-23,4530000,충청남도 서산시
1,화수2리 경로당,충청남도,서산시,44210,충청남도 서산시 인지면 화수2길 91,,36.76443616,126.4098328,30,충청남도 서산시청,041-660-2735,서산경찰서,N,,,2025-04-23,4530000,충청남도 서산시
1,차2리 경로당,충청남도,서산시,44210,충청남도 서산시 인지면 차리강수길 242,,36.7736945278,126.395572,30,충청남도 서산시청,041-660-2735,서산경찰서,N,,,2025-04-23,4530000,충청남도 서산시
1,야당1리 경로당,충청남도,서산시,44210,충청남도 서산시 인지면 야당1길 64,,36.74813352,126.4283589,30,충청남도 서산시청,041-660-2735,서산경찰서,N,,,2025-04-23,4530000,충청남도 서산시
1,유계2리 경로당,충청남도,서산시,44210,충청남도 서산시 음암면 한다리길 20,,36.73904616,126.5185631,30,충청남도 서산시청,041-660-2735,서산경찰서,N,,,2025-04-23,4530000,충청남도 서산시
1,용장1리 경로당,충청남도,서산시,44210,충청남도 서산시 운산면 장벌5로 16,,36.8098065452,126.5826030138,30,충청남도 서산시청,041-660-2735,서산경찰서,N,,,2025-04-23,4530000,충청남도 서산시
1,운산2리 경로당,충청남도,서산시,44210,충청남도 서산시 대산읍 운산리길 223,,36.966028,126.452748,30,충청남도 서산시청,041-660-2735,서산경찰서,N,,,2025-04-23,4530000,충청남도 서산시
1,해성리 경로당,충청남도,서산시,44210,충청남도 서산시 성연면 도덕길 58,,36.856648,126.4836589,30,충청남도 서산시청,041-660-2735,서산경찰서,N,,,2025-04-23,4530000,충청남도 서산시
1,도성1리 경로당,충청남도,서산시,44210,충청남도 서산시 지곡면 도성로 238,,36.87963071,126.4172954,30,충청남도 서산시청,041-660-2735,서산경찰서,N,,,2025-04-23,4530000,충청남도 서산시
1,차1리 경로당,충청남도,서산시,44210,충청남도 서산시 인지면 차동길 232,,36.78119191,126.3931214,30,충청남도 서산시청,041-660-2735,서산경찰서,N,,,2025-04-23,4530000,충청남도 서산시
1,화수1리 경로당,충청남도,서산시,44210,충청남도 서산시 인지면 화수1길 8,,36.7720211,126.4115925,30,충청남도 서산시청,041-660-2735,서산경찰서,N,,,2025-04-23,4530000,충청남도 서산시
1,거성1리 경로당,충청남도,서산시,44210,충청남도 서산시 운산면 홍안벌로 678,,36.76477686,126.5470604,30,충청남도 서산시청,041-660-2735,서산경찰서,N,,,2025-04-23,4530000,충청남도 서산시
1,성1리 마을회관,충청남도,서산시,44210,충청남도 서산시 인지면 차성길 90,,36.78223991,126.4036009,30,충청남도 서산시청,041-660-2735,서산경찰서,N,,,2025-04-23,4530000,충청남도 서산시
1,동문35통 경로당,충청남도,서산시,44210,충청남도 서산시 서령로 107,,36.79104574,126.4591105,30,충청남도 서산시청,041-660-2735,서산경찰서,N,,,2025-04-23,4530000,충청남도 서산시
1,동문1통 경로당,충청남도,서산시,44210,충청남도 서산시 대사동1로 39-1,,36.78547199,126.4531827,30,충청남도 서산시청,041-660-2735,서산경찰서,N,,,2025-04-23,4530000,충청남도 서산시
1,갈산3통 경로당,충청남도,서산시,44210,충청남도 서산시 갈산1길 117,,36.79925934,126.435035,30,충청남도 서산시청,041-660-2735,서산경찰서,N,,,2025-04-23,4530000,충청남도 서산시
1,신송1리 경로회관,충청남도,서산시,44210,충청남도 서산시 고북면 새솔1길 12,,36.653854,126.531308,30,충청남도 서산시청,041-660-2735,서산경찰서,N,,,2025-04-23,4530000,충청남도 서산시
1,읍내3리 경로당,충청남도,서산시,44210,충청남도 서산시 해미면 동문3길 6,,36.7117227,126.552039,30,충청남도 서산시청,041-660-2735,서산경찰서,N,,,2025-04-23,4530000,충청남도 서산시
1,거성3리 경로당,충청남도,서산시,44210,충청남도 서산시 운산면 홍안벌로 489,,36.757663,126.531742,30,충청남도 서산시청,041-660-2735,서산경찰서,N,,,2025-04-23,4530000,충청남도 서산시
1,오사2리 생동노인회관,충청남도,서산시,44210,충청남도 서산시 성연면 생동사동길 27,,36.83459142,126.438365,30,충청남도 서산시청,041-660-2735,서산경찰서,N,,,2025-04-23,4530000,충청남도 서산시
1,무장3리 경로당,충청남도,서산시,44210,충청남도 서산시 지곡면 무장부사동길 11-3,,36.84501814,126.457038,30,충청남도 서산시청,041-660-2735,서산경찰서,N,,,2025-04-23,4530000,충청남도 서산시
1,호1리 경로당,충청남도,서산시,44210,충청남도 서산시 팔봉면 범머리길 361,,36.85651975,126.3383308,30,충청남도 서산시청,041-660-2735,서산경찰서,N,,,2025-04-23,4530000,충청남도 서산시
01,갈현1리 경로당,경기도,파주시,41480,경기도 파주시 탄현면 평화로 589,경기도 파주시 탄현면 갈현리 322-40,37.7733662,126.7193331,30,경기도 파주시청,031-940-5792,파주경찰서,N,,8~20,2025-12-18,4060000,경기도 파주시
01,발랑리 경로당,경기도,파주시,41480,경기도 파주시 광탄면 부흥로 402,경기도 파주시 광탄면 발랑리 469-8,37.80383268,126.8916721,30,경기도 파주시청,031-940-5792,파주경찰서,N,,8,2025-12-18,4060000,경기도 파주시
01,파주시 노인복지관,경기도,파주시,41480,경기도 파주시 가나무로 130,경기도 파주시 금릉동 428,37.7538401,126.7798134,30,경기도 파주시청,031-940-5792,파주경찰서,N,,24,2025-12-18,4060000,경기도 파주시
1,문정노인종합복지관,서울특별시,송파구,11710,서울특별시 송파구 송이로37길 11,서울특별시 송파구 문정동 656-4,37.487312,127.134445,30,서울특별시 송파구,02-2147-3130,송파경찰서,N,0,6~8,2025-11-20,3230000,서울특별시 송파구
1,대갈리 경로당,경기도,안성시,41550,,경기도 안성시 고삼면 대갈리 425-1,37.06526554,127.2472263,30,경기도 안성시,031-678-2812,안성경찰서,N,,7,2025-11-20,4080000,경기도 안성시
1,밝은집 요양원,경기도,안성시,41550,,경기도 안성시 보개면 신안리 112-1,37.05628783,127.3151879,30,경기도 안성시,031-678-2812,안성경찰서,N,,7,2025-11-20,4080000,경기도 안성시
1,대근 경로당,경기도,안성시,41550,,경기도 안성시 죽산면 두교리 159-6,37.01461456,127.437352,30,경기도 안성시,031-678-2812,안성경찰서,N,,7,2025-11-20,4080000,경기도 안성시
1,응봉 경로당,경기도,안성시,41550,,경기도 안성시 원곡면 반제리 80-1,37.01962397,127.1689972,30,경기도 안성시,031-678-2812,안성경찰서,N,,4,2025-11-20,4080000,경기도 안성시
1,웰니스데이케어,경기도,안성시,41550,,경기도 안성시 계동 158-2,36.98605825,127.2664489,30,경기도 안성시,031-678-2812,안성경찰서,N,,6,2025-11-20,4080000,경기도 안성시
1,봉지곡 경로당,경기도,안성시,41550,,경기도 안성시 고삼면 쌍지리 810-3,37.10059414,127.2937829,30,경기도 안성시,031-678-2812,안성경찰서,N,,7,2025-11-20,4080000,경기도 안성시
1,인처동 경로당,경기도,안성시,41550,,경기도 안성시 서운면 인리 207-2,36.94566709,127.2679788,30,경기도 안성시,031-678-2812,안성경찰서,N,,4,2025-11-20,4080000,경기도 안성시
01,검은돌경로당,경기도,의정부시,41150,경기도 의정부시 송산로939번길 61-10,경기도 의정부시 산곡동 581-18,37.7131615,127.1022459,30,경기도 의정부시,031-828-4842,의정부경찰서,N,,3~5,2025-06-30,3820000,경기도 의정부시
01,신곡노인종합복지관,경기도,의정부시,41150,경기도 의정부시 금신로297번길 38 (신곡동),경기도 의정부시 신곡동 129,37.7431863,127.0635237,30,경기도 의정부시,031-828-4842,의정부경찰서,N,,8~10,2025-06-30,3820000,경기도 의정부시
01,나눔의 샘,경기도,의정부시,41150,경기도 의정부시 오목로 134 (민락동),경기도 의정부시 민락동 543,37.7392213,127.0946501,30,경기도 의정부시,031-828-4842,의정부경찰서,N,,10,2025-06-30,3820000,경기도 의정부시
01,대한노인회의정부지회,경기도,의정부시,41150,경기도 의정부시 태평로74번길 23-11 (의정부동),경기도 의정부시 의정부동 30-6,37.739634,127.0530733,30,경기도 의정부시,031-828-4842,의정부경찰서,N,,8,2025-06-30,3820000,경기도 의정부시
01,의정부노인복지관,경기도,의정부시,41150,경기도 의정부시 경의로85번길 16-12 (의정부동),경기도 의정부시 의정부동 580-3,37.7336721,127.0456047,30,경기도 의정부시,031-828-4842,의정부경찰서,N,,8,2025-06-30,3820000,경기도 의정부시
01,송산노인복지회관,경기도,의정부시,41150,경기도 의정부시 용민로 99 (민락동),경기도 의정부시 민락동 736-2,37.7388894,127.0887653,30,경기도 의정부시,031-828-4842,의정부경찰서,N,,22~25,2025-06-30,3820000,경기도 의정부시
2,송파장애인직업재활지원센터,서울특별시,송파구,11710,서울특별시 송파구 양산로 5,서울특별시 송파구 거여동 289-4,37.489733,127.142671,30,서울특별시 송파구,02-2147-3130,송파경찰서,N,0,20~30,2025-11-20,3230000,서울특별시 송파구
2,임마누엘집,서울특별시,송파구,11710,서울특별시 송파구 양산로10길 26,서울특별시 송파구 거여동 251-40,37.49145857,127.1466671,30,서울특별시 송파구,02-2147-3130,송파경찰서,N,0,6.3~14.8,2025-11-20,3230000,서울특별시 송파구
2,신아재활원,서울특별시,송파구,11710,서울특별시 송파구 양산로8길 17,서울특별시 송파구 거여동 251-23,37.49147067,127.1454754,30,서울특별시 송파구,02-2147-3130,송파경찰서,N,0,6.3~14.8,2025-11-20,3230000,서울특별시 송파구
1,벌말경로당,서울특별시,송파구,11710,서울특별시 송파구 동남로28길 23,서울특별시 송파구 오금동 132,37.501659,127.140294,30,서울특별시 송파구,02-2147-3130,송파경찰서,N,0,5.65~7.85,2025-11-20,3230000,서울특별시 송파구
1,상야동경로당,인천광역시,계양구,28245,인천광역시 계양구 벌말로565번길 15-16,,37.578227,126.776603,30,인천광역시 계양구,032-450-6818,계양경찰서,Y,,,2025-05-01,3550000,인천광역시 계양구
1,나솔채양로원,인천광역시,계양구,28245,인천광역시 계양구 솔고개길 19,,37.552686,126.750449,30,인천광역시 계양구,032-450-6818,계양경찰서,Y,,,2025-05-01,3550000,인천광역시 계양구
1,까치마을경로당,인천광역시,계양구,28245,인천광역시 계양구 효서로354번길 6,,37.527406,126.735520,30,인천광역시 계양구,032-450-6818,계양경찰서,Y,,,2025-05-01,3550000,인천광역시 계양구
1,계산1동 중앙경로당,인천광역시,계양구,28245,인천광역시 계양구 계산천동로19번길 9,,37.539122,126.725312,30,인천광역시 계양구,032-450-6818,계양경찰서,Y,,,2025-05-01,3550000,인천광역시 계양구
1,영산요양원,인천광역시,계양구,28245,인천광역시 계양구 장제로946번길 7,,37.549708,126.743524,30,인천광역시 계양구,032-450-6818,계양경찰서,Y,,,2025-05-01,3550000,인천광역시 계양구
1,선주지동경로당,인천광역시,계양구,28245,인천광역시 계양구 선주로34번길 16,,37.579092,126.744853,30,인천광역시 계양구,032-450-6818,계양경찰서,Y,,,2025-05-01,3550000,인천광역시 계양구
1,효성비전노인복지센터,인천광역시,계양구,28245,인천광역시 계양구 아나지로 75,,37.525581,126.699717,30,인천광역시 계양구,032-450-6818,계양경찰서,Y,,,2025-05-01,3550000,인천광역시 계양구
1,첨단전천후게이트볼장,광주광역시,광산구,29200,광주광역시 광산구 첨단강변로 76,광주광역시 광산구 산월동 819-8,35.21330441,126.8525076,30,광주광역시,062-613-4653,광주광역시광산경찰서,Y,10,,2025-12-24,6290000,광주광역시
1,행복나루노인복지관,광주광역시,광산구,29200,광주광역시 광산구 송정로52번길 20,광주광역시 광산구 도산동 925-1,35.13485872,126.795151,30,광주광역시,062-613-4653,광주광역시광산경찰서,Y,4,,2025-12-24,6290000,광주광역시
1,서림노인대학,광주광역시,북구,29170,광주광역시 북구 경양로 7,광주광역시 북구 임동 100-12,35.16174281,126.893556,30,광주광역시,062-613-4653,광주광역시북부경찰서,Y,2,,2025-12-24,6290000,광주광역시
1,참빛노인대학,광주광역시,북구,29170,광주광역시 북구 북문대로159번길 22,광주광역시 북구 운암동 1062-1,35.18261137,126.8708321,30,광주광역시,062-613-4653,광주광역시북부경찰서,Y,4,,2025-12-24,6290000,광주광역시
1,성요셉요양원,광주광역시,남구,29155,광주광역시 남구 입하2안길 20-22,광주광역시 남구 임암동 323,35.10671349,126.8697926,30,광주광역시,062-613-4653,광주광역시남부경찰서,Y,2,,2025-12-24,6290000,광주광역시
1,인화경로당,광주광역시,서구,29140,광주광역시 서구 광천효광길 7,광주광역시 서구 광천동 680-1,35.16784318,126.8795802,30,광주광역시,062-613-4653,광주광역시서부경찰서,Y,6,,2025-12-24,6290000,광주광역시
1,푸름공원,광주광역시,서구,29140,광주광역시 서구 금화로115번길 52,광주광역시 서구 금호동 743-1,35.13720801,126.861032,30,광주광역시,062-613-4653,광주광역시서부경찰서,Y,6,,2025-12-24,6290000,광주광역시
1,쌍학공원,광주광역시,서구,29140,광주광역시 서구 화정로85번길 26,광주광역시 서구 쌍촌동 1205,35.14717048,126.8666378,30,광주광역시,062-613-4653,광주광역시서부경찰서,Y,7,,2025-12-24,6290000,광주광역시
1,서석경로당,광주광역시,동구,29110,광주광역시 동구 백서로 191-2,광주광역시 동구 서석동 20-17,35.14532108,126.9247772,30,광주광역시,062-613-4653,광주광역시동부경찰서,Y,5,,2025-12-24,6290000,광주광역시
1,하나비젼실버홈,광주광역시,동구,29110,광주광역시 동구 구성로194번길 15-19,광주광역시 동구 대인동 113,35.15254629,126.9154722,30,광주광역시,062-613-4653,광주광역시동부경찰서,Y,4,,2025-12-24,6290000,광주광역시
1,효령노인복지타운,광주광역시,북구,29170,광주광역시 북구 하서로 950,광주광역시 북구 효령동 476-1,35.24065096,126.9122243,30,광주광역시,062-613-4653,광주광역시북부경찰서,Y,4,,2025-12-24,6290000,광주광역시
1,새순노인대학,광주광역시,북구,29170,광주광역시 북구 모룡대길 34,광주광역시 북구 일곡동 46-25,35.21631664,126.8975829,30,광주광역시,062-613-4653,광주광역시북부경찰서,Y,2,,2025-12-24,6290000,광주광역시
1,베데스다요양원,광주광역시,서구,29140,광주광역시 서구 회재유통길 64,광주광역시 서구 매월동 623,35.11311698,126.8524082,30,광주광역시,062-613-4653,광주광역시서부경찰서,Y,3,,2025-12-24,6290000,광주광역시
1,세실리아요양원,광주광역시,서구,29140,광주광역시 서구 죽봉대로120번길 20-4,광주광역시 서구 광천동 10-8,35.16309809,126.8855454,30,광주광역시,062-613-4653,광주광역시서부경찰서,Y,3,,2025-12-24,6290000,광주광역시
1,북구노인복지센타,광주광역시,북구,29170,광주광역시 북구 대천로 86,광주광역시 북구 문흥동 1009-1,35.1849167,126.9166857,30,광주광역시,062-613-4653,광주광역시북부경찰서,Y,8,,2025-12-24,6290000,광주광역시
1,광주공원노인복지관,광주광역시,남구,29155,광주광역시 남구 서오층석탑2길 17,광주광역시 남구 구동 16-48,35.14747532,126.9079211,30,광주광역시,062-613-4653,광주광역시남부경찰서,Y,3,,2025-12-24,6290000,광주광역시
1,남구실버타운,광주광역시,남구,29155,광주광역시 남구 대남대로 139번길 8,광주광역시 남구 봉선동 1124-6,35.13308636,126.9098716,30,광주광역시,062-613-4653,광주광역시남부경찰서,Y,1,,2025-12-24,6290000,광주광역시
1,시온요양원,광주광역시,남구,29155,광주광역시 남구 군분로 56번길7,광주광역시 남구 월산동 1034-2,35.1390545,126.8937209,30,광주광역시,062-613-4653,광주광역시남부경찰서,Y,1,,2025-12-24,6290000,광주광역시
1,남구노인복지관,광주광역시,남구,29155,광주광역시 남구 대남대로308번길 32,광주광역시 남구 월산동 614-4,35.14169021,126.8970677,30,광주광역시,062-613-4653,광주광역시남부경찰서,Y,2,,2025-12-24,6290000,광주광역시
1,새몰경로당,광주광역시,서구,29140,광주광역시 서구 천변우하로 301,광주광역시 서구 유촌동 168-9,35.16597345,126.8544151,30,광주광역시,062-613-4653,광주광역시서부경찰서,Y,2,,2025-12-24,6290000,광주광역시
1,광주보훈요양원,광주광역시,광산구,29200,광주광역시 광산구 첨단월봉로 85,광주광역시 광산구 산월동 887-2,35.20730004,126.8478355,30,광주광역시,062-613-4653,광주광역시광산경찰서,Y,2,,2025-12-24,6290000,광주광역시
1,동구노인종합복지관,광주광역시,동구,29110,광주광역시 동구 동명로20번길 10,광주광역시 동구 동명동 154-44,35.15048382,126.924369,30,광주광역시,062-613-4653,광주광역시동부경찰서,Y,4,,2025-12-24,6290000,광주광역시
1,북구노인복지관,광주광역시,북구,29170,광주광역시 북구 군왕로130번길 30,광주광역시 북구 두암동 456-9,35.17235896,126.9343608,30,광주광역시,062-613-4653,광주광역시북부경찰서,Y,3,,2025-12-24,6290000,광주광역시
1,빛고을노인건강타운,광주광역시,남구,29155,광주광역시 남구 덕남길 7,광주광역시 남구 노대동 592,35.09941963,126.8959145,30,광주광역시,062-613-4653,광주광역시남부경찰서,Y,8,,2025-12-24,6290000,광주광역시
1,서구노인복지관,광주광역시,서구,29140,광주광역시 서구 군분2로 55,광주광역시 서구 화정동 23-231,35.15797172,126.8806161,30,광주광역시,062-613-4653,광주광역시서부경찰서,Y,3,,2025-12-24,6290000,광주광역시
1,더불어락노인복지관,광주광역시,광산구,29200,광주광역시 광산구 목련로 156,광주광역시 광산구 운남동 799-1,35.17144137,126.8159402,30,광주광역시,062-613-4653,광주광역시서부경찰서,Y,2,,2025-12-24,6290000,광주광역시
2,하나원,제주특별자치도,제주시,50110,제주특별자치도 제주시 조천읍 와선로 4-4,제주특별자치도 제주시 조천읍 와산리 1052,33.49050371,126.6815144,30,제주특별자치도 자치경찰단,064-710-6277,제주동부경찰서,N,,,2025-12-24,6500000,제주특별자치도
2,지적발달장애인복지협회 서귀포지부,제주특별자치도,서귀포시,50130,제주특별자치도 서귀포시 남원읍 위미상원북로 24번길 104,제주특별자치도 서귀포시 남원읍 위미리 2184-5,33.28819845,126.6651178,30,제주특별자치도 자치경찰단,064-710-6277,서귀포경찰서,N,,,2025-12-24,6500000,제주특별자치도
2,제주시 동백주간활동센터,제주특별자치도,제주시,50110,제주특별자치도 제주시 조천읍 북촌12길 76-5,제주특별자치도 제주시 조천읍 북촌리 195,33.54294926,126.7018065,30,제주특별자치도 자치경찰단,064-710-6277,제주동부경찰서,N,,,2025-12-24,6500000,제주특별자치도
2,탐라장애인복지관,제주특별자치도,제주시,50110,제주특별자치도 제주시 광양4길 32,제주특별자치도 제주시 이도일동 1660,33.501412,126.5251149,30,제주특별자치도 자치경찰단,064-710-6277,제주동부경찰서,N,,,2025-12-24,6500000,제주특별자치도
2,서귀포시 장애인복지관,제주특별자치도,서귀포시,50130,제주특별자치도 서귀포시 인정오름로 24,제주특별자치도 서귀포시 토평동 1919-3,33.28691527,126.5845854,30,제주특별자치도 자치경찰단,064-710-6277,서귀포경찰서,N,,,2025-12-24,6500000,제주특별자치도
2,유진단기거주시설,제주특별자치도,제주시,50110,제주특별자치도 제주시 해안마을2길 7-10,제주특별자치도 제주시 해안동 2402-9,33.46111529,126.4512508,30,제주특별자치도 자치경찰단,064-710-6277,제주서부경찰서,N,,,2025-12-24,6500000,제주특별자치도
2,믿음의 집,제주특별자치도,제주시,50110,제주특별자치도 제주시 한림읍 명월로 190-7,제주특별자치도 제주시 한림읍 명월리 1254,33.37778095,126.271981,30,제주특별자치도 자치경찰단,064-710-6277,제주서부경찰서,N,,,2025-12-24,6500000,제주특별자치도
2,선도원 벧엘,제주특별자치도,제주시,50110,제주특별자치도 제주시 한림읍 명월남길 58-1,제주특별자치도 제주시 한림읍 명월리 144,33.36903603,126.2809064,30,제주특별자치도 자치경찰단,064-710-6277,제주서부경찰서,N,,,2025-12-24,6500000,제주특별자치도
2,케어하우스,제주특별자치도,제주시,50110,제주특별자치도 제주시 첨단로 202,제주특별자치도 제주시 영평동 2166,33.45410345,126.5708829,30,제주특별자치도 자치경찰단,064-710-6277,제주동부경찰서,N,,,2025-12-24,6500000,제주특별자치도
2,제주장애인요양원,제주특별자치도,제주시,50110,제주특별자치도 제주시 첨단로 202,제주특별자치도 제주시 영평동 2166,33.45410345,126.5708829,30,제주특별자치도 자치경찰단,064-710-6277,제주동부경찰서,N,,,2025-12-24,6500000,제주특별자치도
2,아가의집,제주특별자치도,제주시,50110,제주특별자치도 제주시 조천읍 함와로 267-5,제주특별자치도 제주시 조천읍 함덕리 20-2,33.51631905,126.6789479,30,제주특별자치도 자치경찰단,064-710-6277,제주동부경찰서,N,,,2025-12-24,6500000,제주특별자치도
2,제주도 농아복지관,제주특별자치도,제주시,50110,제주특별자치도 제주시 우령서로 16길 19,제주특별자치도 제주시 외도일동 1633,33.48488627,126.4256544,30,제주특별자치도 자치경찰단,064-710-6277,제주서부경찰서,N,,,2025-12-24,6500000,제주특별자치도
1,영풍노인정,서울특별시,송파구,11710,서울특별시 송파구 오금로51길 20,서울특별시 송파구 거여동 11,37.497044,127.140984,30,서울특별시 송파구,02-2147-3130,송파경찰서,N,0,9.9,2025-11-20,3230000,서울특별시 송파구
1,연화경로당,서울특별시,송파구,11710,서울특별시 송파구 송파대로14길 7,서울특별시 송파구 문정동 67-17,37.483644,127.125013,30,서울특별시 송파구,02-2147-3130,송파경찰서,N,0,7.65~7.85,2025-11-20,3230000,서울특별시 송파구
1,잔버들경로당,서울특별시,송파구,11710,서울특별시 송파구 새말로15길 17-5,서울특별시 송파구 문정동 92,37.485499,127.129095,30,서울특별시 송파구,02-2147-3130,송파경찰서,N,0,5.65~7.7,2025-11-20,3230000,서울특별시 송파구
1,신천경로당,서울특별시,송파구,11710,서울특별시 송파구 석촌호수로12길 1-17,서울특별시 송파구 잠실동 209-4,37.50842617,127.086542,30,서울특별시 송파구,02-2147-3130,송파경찰서,N,0,5.25~5.6,2025-11-20,3230000,서울특별시 송파구
1,오봉산경로당,서울특별시,송파구,11710,서울특별시 송파구 석촌호수로20길 13,서울특별시 송파구 석촌동 162,37.506128,127.1023085,30,서울특별시 송파구,02-2147-3130,송파경찰서,N,0,5.1~5.3,2025-11-20,3230000,서울특별시 송파구
1,석촌경로당,서울특별시,송파구,11710,서울특별시 송파구 백제고분로40길 13-16,서울특별시 송파구 석촌동 289-2,37.50355423,127.1074469,30,서울특별시 송파구,02-2147-3130,송파경찰서,N,0,5.5,2025-11-20,3230000,서울특별시 송파구
1,마천제일경로당,서울특별시,송파구,11710,서울특별시 송파구 마천로65길 12,서울특별시 송파구 마천동 324-2,37.49245034,127.1555138,30,서울특별시 송파구,02-2147-3130,송파경찰서,N,0,4,2025-11-20,3230000,서울특별시 송파구
1,거여경로당,서울특별시,송파구,11710,서울특별시 송파구 오금로 476-12,서울특별시 송파구 거여동 555-3,37.49370934,127.1417493,30,서울특별시 송파구,02-2147-3130,송파경찰서,N,0,3.0~4.0,2025-11-20,3230000,서울특별시 송파구
1,샛팽이경로당,서울특별시,송파구,11710,서울특별시 송파구 오금로42길 15,서울특별시 송파구 가락동 170-6,37.49678488,127.1339108,30,서울특별시 송파구,02-2147-3130,송파경찰서,N,0,5.4~7.7,2025-11-20,3230000,서울특별시 송파구
1,장지경로당,서울특별시,송파구,11710,서울특별시 송파구 새말로10길 3-16,서울특별시 송파구 문정동 81,37.48247913,127.1283115,30,서울특별시 송파구,02-2147-3130,송파경찰서,N,0,5.3~7.6,2025-11-20,3230000,서울특별시 송파구
1,개롱경로당,서울특별시,송파구,11710,서울특별시 송파구 동남로14길 17-46,서울특별시 송파구 가락동 198,37.49315757,127.1332211,30,서울특별시 송파구,02-2147-3130,송파경찰서,N,0,5.85~7.85,2025-11-20,3230000,서울특별시 송파구
1,왕천경로당,서울특별시,송파구,11710,서울특별시 송파구 양재대로71길 20-10,서울특별시 송파구 방이동 189,37.5112112,127.1250604,30,서울특별시 송파구,02-2147-3130,송파경찰서,N,0,5.0~6.0,2025-11-20,3230000,서울특별시 송파구
2,서구노인복지관,인천광역시,서구,28260,인천광역시 서구 신석로121번길 10 (석남동) 서구노인복지관,인천광역시 서구 석남동 484,37.51076336,126.6760543,30,인천광역시 서구,032-560-4858,인천서부경찰서,N,,,2025-11-10,3560000,인천광역시 서구
2,가족사랑요양원,인천광역시,서구,28260,인천광역시 서구 신석로112번길 24 (석남동) 가족사랑요양원,인천광역시 서구 석남동 505-15,37.50774075,126.674145,30,인천광역시 서구,032-560-4858,인천서부경찰서,N,,,2025-11-10,3560000,인천광역시 서구
2,지구촌요양원,인천광역시,서구,28260,"인천광역시 서구 검단로 505 (마전동, 이지화인프라자) 지구촌요양원",인천광역시 서구 마전동 932-1,37.60330621,126.6601901,30,인천광역시 서구,032-560-4858,인천서부경찰서,N,,,2025-11-10,3560000,인천광역시 서구
2,시온휴요양원,인천광역시,서구,28260,인천광역시 서구 심곡로 53 (심곡동) 시온휴요양원,인천광역시 서구 심곡동 254-9,37.54230579,126.6756626,30,인천광역시 서구,032-560-4858,인천서부경찰서,N,,,2025-11-10,3560000,인천광역시 서구
2,반딧불요양원,인천광역시,서구,28260,인천광역시 서구 가정로 186-3 (석남동),인천광역시 서구 석남동 577-65,37.50139989,126.6722656,30,인천광역시 서구,032-560-4858,인천서부경찰서,N,,,2025-11-10,3560000,인천광역시 서구
2,두드림요양원,인천광역시,서구,28260,인천광역시 서구 심곡로 78 (심곡동) 두드림요양원,인천광역시 서구 심곡동 305-3,37.54186664,126.678232,30,인천광역시 서구,032-560-4858,인천서부경찰서,N,,,2025-11-10,3560000,인천광역시 서구
2,굿모닝요양원,인천광역시,서구,28260,인천광역시 서구 건지로334번길 3 (가좌동) 굿모닝요양원,인천광역시 서구 가좌동 184-2,37.49777373,126.6792002,30,인천광역시 서구,032-560-4858,인천서부경찰서,N,,,2025-11-10,3560000,인천광역시 서구
2,신생요양원,인천광역시,서구,28260,인천광역시 서구 드림로 284-4 (백석동) 신생요양원,인천광역시 서구 백석동 86-11,37.58312518,126.6706201,30,인천광역시 서구,032-560-4858,인천서부경찰서,N,,,2025-11-10,3560000,인천광역시 서구
01,하동군노인장애인종합복지관,경상남도,하동군,12119,경상남도 하동군 하동읍 중앙로 89,경상남도 하동군 하동읍 읍내리 987-1,35.07210552,127.743045,30,경상남도 하동군청,055-880-2524,하동경찰서,Y,1,6,2024-11-14,5440000,경상남도 하동군
2,행복드림요양원,인천광역시,서구,28260,인천광역시 서구 연희로39번길 16,인천광역시 서구 연희동 743-14,37.5479377,126.6724408,30,인천광역시 서구,032-560-4858,인천서부경찰서,N,,,2025-11-10,3560000,인천광역시 서구
2,아름다운요양원,인천광역시,서구,28260,인천광역시 서구 가정로 230,인천광역시 서구 석남동 539-8,37.50522592,126.672503,30,인천광역시 서구,032-560-4858,인천서부경찰서,N,,,2025-11-10,3560000,인천광역시 서구
2,간호사랑요양원,인천광역시,서구,28260,인천광역시 서구 탁옥로 37,인천광역시 서구 심곡동 246,37.544136,126.6736678,30,인천광역시 서구,032-560-4858,인천서부경찰서,N,,,2025-11-10,3560000,인천광역시 서구
2,인천가톨릭학원마리스텔라,인천광역시,서구,28260,인천광역시 서구 심곡로100번길 31 (심곡동) 마리스텔라,인천광역시 서구 심곡동 365,37.54227375,126.6855042,30,인천광역시 서구,032-560-4858,인천서부경찰서,N,,,2025-11-10,3560000,인천광역시 서구
2,서부어르신주야간보호센터,인천광역시,서구,28260,인천광역시 서구 염곡로 472 (가정동) 서부어르신주야간보호센터,인천광역시 서구 가정동 619-3,37.52682888,126.6697338,30,인천광역시 서구,032-560-4858,인천서부경찰서,N,,,2025-11-10,3560000,인천광역시 서구
2,태화인천노인복지센터,인천광역시,서구,28260,인천광역시 서구 심곡로124번길 10 (심곡동) 태화인천노인복지센터,인천광역시 서구 심곡동 14-5,37.54415409,126.6826937,30,인천광역시 서구,032-560-4858,인천서부경찰서,N,,6,2025-11-10,3560000,인천광역시 서구
2,연희노인문화센터,인천광역시,서구,28260,인천광역시 서구 승학로 263 (심곡동) 연희노인문화센터,인천광역시 서구 심곡동 325-1,37.54622175,126.6721276,30,인천광역시 서구,032-560-4858,인천서부경찰서,N,,8,2025-11-10,3560000,인천광역시 서구
1,동문81통 경로당,충청남도,서산시,44210,충청남도 서산시 동문동 효행4로 7-2,,36.7782111,126.454494,30,충청남도 서산시청,041-660-2735,서산경찰서,N,,,2025-04-23,4530000,충청남도 서산시
1,동문71통 경로당,충청남도,서산시,44210,충청남도 서산시 동문동 한마음2로 43-9,,36.7775097,126.4566798,30,충청남도 서산시청,041-660-2735,서산경찰서,N,,,2025-04-23,4530000,충청남도 서산시
1,동문43통 경로당,충청남도,서산시,44210,충청남도 서산시 동문동 율지13로 37,,36.781631,126.462367,30,충청남도 서산시청,041-660-2735,서산경찰서,N,,,2025-04-23,4530000,충청남도 서산시
1,억대리 경로당,충청남도,서산시,44210,충청남도 서산시 해미면 덕지천로 859-3,,36.7265236,126.519376,30,충청남도 서산시청,041-660-2735,서산경찰서,N,,,2025-04-23,4530000,충청남도 서산시
1,저성리 경로당,충청남도,서산시,44210,충청남도 서산시 해미면 저성길 128-10,,36.70553941,126.5232971,30,충청남도 서산시청,041-660-2735,서산경찰서,N,,,2025-04-23,4530000,충청남도 서산시
1,오학리 경로당,충청남도,서산시,44210,충청남도 서산시 해미면 백학1길 48,,36.7217537,126.5523227,30,충청남도 서산시청,041-660-2735,서산경찰서,N,,,2025-04-23,4530000,충청남도 서산시
1,황락리 경로당,충청남도,서산시,44210,충청남도 서산시 해미면 황락1길 103-8,,36.71317294,126.5575048,30,충청남도 서산시청,041-660-2735,서산경찰서,N,,,2025-04-23,4530000,충청남도 서산시
1,반양1리 경로당,충청남도,서산시,44210,충청남도 서산시 해미면 관터로 26,,36.7196313,126.5401628,30,충청남도 서산시청,041-660-2735,서산경찰서,N,,,2025-04-23,4530000,충청남도 서산시
1,귀밀리 경로당,충청남도,서산시,44210,충청남도 서산시 운산면 덕지천로 731,,36.730003,126.506405,30,충청남도 서산시청,041-660-2735,서산경찰서,N,,,2025-04-23,4530000,충청남도 서산시
1,갈산3리 경로당,충청남도,서산시,44210,충청남도 서산시 운산면 무태울1길 5,,36.79702318,126.5774205,30,충청남도 서산시청,041-660-2735,서산경찰서,N,,,2025-04-23,4530000,충청남도 서산시
1,수평1리 경로당,충청남도,서산시,44210,충청남도 서산시 운산면 장생동로 502,,36.80291202,126.6151855,30,충청남도 서산시청,041-660-2735,서산경찰서,N,,,2025-04-23,4530000,충청남도 서산시
1,태백노인회관,강원특별자치도,태백시,42190,강원특별자치도 태백시 광장로 45,강원특별자치도 태백시 황지동 274-755,37.17964182,128.9877862,40,강원특별자치도 태백시청,033-550-2058,태백경찰서,N,0,10,2025-04-17,4221000,강원특별자치도 태백시
1,동대문장애인종합복지관,서울특별시,동대문구,11230,서울특별시 동대문구 청계천로 521,서울특별시 동대문구 용두동 255-69,37.57181572,127.0340525,30,서울특별시 동대문구,02-2127-4887,서울동대문경찰서,N,0,15,2025-04-17,3050000,서울특별시 동대문구
1,시립동대문실버케어센터,서울특별시,동대문구,11230,서울특별시 동대문구 황물로 12,서울특별시 동대문구 답십리동 553-1,37.57590494,127.044825,30,서울특별시 동대문구,02-2127-4887,서울동대문경찰서,N,0,6,2025-04-17,3050000,서울특별시 동대문구
1,은천노인종합복지센터,서울특별시,동대문구,11230,서울특별시 동대문구 장한로24길 21,서울특별시 동대문구 장안동 344-7,37.570683,127.0722082,30,서울특별시 동대문구,02-2127-4887,서울동대문경찰서,N,0,6,2025-04-17,3050000,서울특별시 동대문구
1,경동요양병원,서울특별시,동대문구,11230,서울특별시 동대문구 약령시로 124,서울특별시 동대문구 청량리동 689,37.58294153,127.0437706,30,서울특별시 동대문구,02-2127-4887,서울동대문경찰서,N,0,20,2025-04-17,3050000,서울특별시 동대문구
1,장평경노당,서울특별시,동대문구,11230,서울특별시 동대문구 한천로28길 27,서울특별시 동대문구 장안동 143-26,37.57325201,127.0684601,30,서울특별시 동대문구,02-2127-4887,서울동대문경찰서,N,0,7,2025-04-17,3050000,서울특별시 동대문구
1,사)대한노인회,서울특별시,동대문구,11230,서울특별시 동대문구 사가정로 98,서울특별시 동대문구 전농동 295-495,37.57637482,127.0563417,40,서울특별시 동대문구,02-2127-4887,서울동대문경찰서,N,0,20,2025-04-17,3050000,서울특별시 동대문구
1,행복마을경노당,서울특별시,동대문구,11230,서울특별시 동대문구 고산자로56길 53,서울특별시 동대문구 제기동 122-444,37.59000925,127.0387016,30,서울특별시 동대문구,02-2127-4887,서울동대문경찰서,N,0,6,2025-04-17,3050000,서울특별시 동대문구
1,중산경노당,서울특별시,동대문구,11230,서울특별시 동대문구 답십리로48길 54,서울특별시 동대문구 답십리동 36-31,37.57035699,127.0576174,30,서울특별시 동대문구,02-2127-4887,서울동대문경찰서,Y,1,6,2025-04-17,3050000,서울특별시 동대문구
1,동대문노인종합복지관,서울특별시,동대문구,11230,서울특별시 동대문구 제기로33길 25,서울특별시 동대문구 청량리동 11-1,37.58723704,127.0500258,30,서울특별시 동대문구,02-2127-4887,서울동대문경찰서,Y,1,6,2025-04-17,3050000,서울특별시 동대문구
2,송향원,제주특별자치도,제주시,50110,제주특별자치도 제주시 애월읍 하소로 747-42,제주특별자치도 제주시 애월읍 유수암리 1329-3,33.42082025,126.3983483,30,제주특별자치도 자치경찰단,064-710-6277,제주서부경찰서,N,,,2025-12-24,6500000,제주특별자치도
2,송죽원,제주특별자치도,제주시,50110,제주특별자치도 제주시 애월읍 하소로 747-23,제주특별자치도 제주시 애월읍 유수암리 1329,33.42013272,126.3978513,30,제주특별자치도 자치경찰단,064-710-6277,제주서부경찰서,N,,,2025-12-24,6500000,제주특별자치도
2,마리아의 집,제주특별자치도,제주시,50110,제주특별자치도 제주시 애월읍 하광로 77,제주특별자치도 제주시 애월읍 하귀1리 107-6,33.48149816,126.4172274,30,제주특별자치도 자치경찰단,064-710-6277,제주서부경찰서,N,,,2025-12-24,6500000,제주특별자치도
2,창암재활원,제주특별자치도,제주시,50110,제주특별자치도 제주시 애월읍 산록서로 482-34,제주특별자치도 제주시 애월읍 유수암리 119,33.406683,126.4160621,30,제주특별자치도 자치경찰단,064-710-6277,제주서부경찰서,N,,,2025-12-24,6500000,제주특별자치도
2,승담단기거주시설,제주특별자치도,제주시,50110,제주특별자치도 제주시 한림읍 명월로 139,제주특별자치도 제주시 한림읍 명월리 1522,33.38171088,126.2696751,30,제주특별자치도 자치경찰단,064-710-6277,제주서부경찰서,N,,,2025-12-24,6500000,제주특별자치도
2,제주애덕의 집,제주특별자치도,제주시,50110,제주특별자치도 제주시 기와5길 87,제주특별자치도 제주시 화북이동 5625-5,33.49013508,126.5580728,30,제주특별자치도 자치경찰단,064-710-6277,제주동부경찰서,N,,,2025-12-24,6500000,제주특별자치도
2,가롤로의 집,제주특별자치도,제주시,50110,제주특별자치도 제주시 기와5길 87,제주특별자치도 제주시 화북이동 5625-5,33.49013508,126.5580728,30,제주특별자치도 자치경찰단,064-710-6277,제주동부경찰서,N,,,2025-12-24,6500000,제주특별자치도
2,사랑의 집,제주특별자치도,제주시,50110,제주특별자치도 제주시 기와5길 115,제주특별자치도 제주시 화북이동 5617-9,33.4880977,126.5587424,30,제주특별자치도 자치경찰단,064-710-6277,제주동부경찰서,N,,,2025-12-24,6500000,제주특별자치도
2,제주특별자치도 장애인복지관,제주특별자치도,제주시,50110,제주특별자치도 제주시 516로 3120,제주특별자치도 제주시 아라일동 396-1,33.45254923,126.5530075,50,제주특별자치도 자치경찰단,064-710-6277,제주동부경찰서,N,,,2025-12-24,6500000,제주특별자치도
2,정혜재활원,제주특별자치도,서귀포시,50130,제주특별자치도 서귀포시 인정오름로85번길 41,제주특별자치도 서귀포시 토평동 2895,33.28467656,126.5814771,30,제주특별자치도 자치경찰단,064-710-6277,서귀포경찰서,N,,,2025-12-24,6500000,제주특별자치도
2,자광원,제주특별자치도,서귀포시,50130,제주특별자치도 서귀포시 이어도로343번길 101,제주특별자치도 서귀포시 대포동 1146-1,33.24751764,126.4484693,30,제주특별자치도 자치경찰단,064-710-6277,서귀포경찰서,N,,,2025-12-24,6500000,제주특별자치도
2,작은예수의집,제주특별자치도,서귀포시,50130,제주특별자치도 서귀포시 속골로 24,제주특별자치도 서귀포시 호근동 1586-4,33.24199075,126.5296296,30,제주특별자치도 자치경찰단,064-710-6277,서귀포경찰서,N,,,2025-12-24,6500000,제주특별자치도
2,평화의 마을,제주특별자치도,서귀포시,50130,제주특별자치도 서귀포시 대정읍 중산간서로 2195-12,제주특별자치도 서귀포시 대정읍 구억리 308,33.27906011,126.2925742,30,제주특별자치도 자치경찰단,064-710-6277,서귀포경찰서,N,,,2025-12-24,6500000,제주특별자치도
2,단기거주시설 행복나눔,제주특별자치도,서귀포시,50130,제주특별자치도 서귀포시 남원읍 위미대성로 19-9,제주특별자치도 서귀포시 남원읍 위미리 2083-2,33.27989195,126.667551,30,제주특별자치도 자치경찰단,064-710-6277,서귀포경찰서,N,,,2025-12-24,6500000,제주특별자치도
2,성자현,제주특별자치도,서귀포시,50130,제주특별자치도 서귀포시 남원읍 남위남성로 111,제주특별자치도 서귀포시 남원읍 남원리 2086-1,33.28776888,126.6988308,30,제주특별자치도 자치경찰단,064-710-6277,서귀포경찰서,N,,,2025-12-24,6500000,제주특별자치도
1,남원2리 경로당,제주특별자치도,서귀포시,50130,제주특별자치도 서귀포시 남원읍 남한로 173,제주특별자치도 서귀포시 남원읍 남원리 1014-1,33.29290757,126.7099493,30,제주특별자치도 자치경찰단,064-710-6277,서귀포경찰서,N,,,2025-12-24,6500000,제주특별자치도
1,북촌리 경로당,제주특별자치도,제주시,50110,제주특별자치도 제주시 조천읍 북촌7길 22,제주특별자치도 제주시 조천읍 북촌리 1271,33.54969623,126.6933853,30,제주특별자치도 자치경찰단,064-710-6277,제주동부경찰서,N,,,2025-12-24,6500000,제주특별자치도
1,한장동 경로당,제주특별자치도,제주시,50110,제주특별자치도 제주시 한경면 한장중길 27,제주특별자치도 제주시 한경면 고산리 3801-3,33.28969546,126.1666624,50,제주특별자치도 자치경찰단,064-710-6277,제주서부경찰서,N,,,2025-12-24,6500000,제주특별자치도
1,고산2리 경로당,제주특별자치도,제주시,50110,제주특별자치도 제주시 한경면 고락로 90,제주특별자치도 제주시 한경면 고산리 1931,33.30202442,126.1890109,50,제주특별자치도 자치경찰단,064-710-6277,제주서부경찰서,N,,,2025-12-24,6500000,제주특별자치도
1,칠곡 화촌마을,경상남도,의령군,53900,경상남도 의령군 칠곡면 자굴산로 57,경상남도 의령군 칠곡면 외조리 239-10,35.3460269,128.194498,30,경상남도 의령군청,055-570-3614,의령경찰서,Y,2,8,2025-04-11,5390000,경상남도 의령군
1,가례 괴진마을,경상남도,의령군,53900,경상남도 의령군 가례면 가례로 363-3,경상남도 의령군 가례면 괴진리 371-1,35.35279092,128.242177,30,경상남도 의령군청,055-570-3614,의령경찰서,Y,2,8,2025-04-11,5390000,경상남도 의령군
1,가례마을 복지회관,경상남도,의령군,53900,경상남도 의령군 가례면 의병로 40,경상남도 의령군 가례면 가례리 322-1,35.3236976,128.2421222,30,경상남도 의령군청,055-570-3614,의령경찰서,Y,2,8,2025-04-11,5390000,경상남도 의령군
1,상사미경로당,강원특별자치도,태백시,42190,강원특별자치도 태백시 삼밭길 4-11,강원특별자치도 태백시 상사미동 239-1,37.27653113,128.9913801,40,강원특별자치도 태백시청,033-550-2058,태백경찰서,N,0,6,2025-04-17,4221000,강원특별자치도 태백시
1,오두리 경로당,경기도,안성시,41550,,경기도 안성시 보개면 오두리 188-3,37.0443134,127.3109848,30,경기도 안성시,031-678-2812,안성경찰서,N,,7,2025-11-20,4080000,경기도 안성시
1,하가마을회관,경기도,안성시,41550,,경기도 안성시 고삼면 가유리 245-1,37.08774009,127.2597123,30,경기도 안성시,031-678-2812,안성경찰서,N,,7,2025-11-20,4080000,경기도 안성시
1,상삼 경로당,경기도,안성시,41550,,경기도 안성시 죽산면 두현리 395-3,37.07629131,127.4057075,30,경기도 안성시,031-678-2812,안성경찰서,N,,7,2025-11-20,4080000,경기도 안성시
1,한평 경로당,경기도,안성시,41550,,경기도 안성시 죽산면 매산리 517-19,37.1031371,127.4331729,30,경기도 안성시,031-678-2812,안성경찰서,N,,3,2025-11-20,4080000,경기도 안성시
1,능북 경로당,경기도,안성시,41550,,경기도 안성시 죽산면 장능리 403-8,37.06360207,127.3942516,30,경기도 안성시,031-678-2812,안성경찰서,N,,7,2025-11-20,4080000,경기도 안성시
1,매곡 경로당,경기도,안성시,41550,,경기도 안성시 죽산면 죽산리 356-3,37.08041999,127.424237,30,경기도 안성시,031-678-2812,안성경찰서,N,,5,2025-11-20,4080000,경기도 안성시
1,한실 경로당,경기도,안성시,41550,,경기도 안성시 죽산면 용설리 408-1,37.04845705,127.4406856,30,경기도 안성시,031-678-2812,안성경찰서,N,,7,2025-11-20,4080000,경기도 안성시
1,두평 경로당,경기도,안성시,41550,,경기도 안성시 죽산면 두현리 576,37.06701526,127.4040958,30,경기도 안성시,031-678-2812,안성경찰서,N,,7,2025-11-20,4080000,경기도 안성시
1,상모산 경로당,경기도,안성시,41550,,경기도 안성시 대덕면 모산리 51-2,37.0399971,127.2407888,30,경기도 안성시,031-678-2812,안성경찰서,N,,3,2025-11-20,4080000,경기도 안성시
1,대농 경로당,경기도,안성시,41550,,경기도 안성시 대덕면 대농리 137-6,37.06739718,127.2701527,30,경기도 안성시,031-678-2812,안성경찰서,N,,7,2025-11-20,4080000,경기도 안성시
1,보두 경로당,경기도,안성시,41550,,경기도 안성시 대덕면 보동리 553,37.05827971,127.2382651,30,경기도 안성시,031-678-2812,안성경찰서,N,,7,2025-11-20,4080000,경기도 안성시
1,마현 경로당,경기도,안성시,41550,,경기도 안성시 대덕면 소현리 115-9,37.03319655,127.2541893,30,경기도 안성시,031-678-2812,안성경찰서,N,,7,2025-11-20,4080000,경기도 안성시
1,늑동 경로당,경기도,안성시,41550,,경기도 안성시 미양면 계륵리 산73-6,36.98399554,127.2520447,30,경기도 안성시,031-678-2812,안성경찰서,N,,7,2025-11-20,4080000,경기도 안성시
1,현지 경로당,경기도,안성시,41550,,경기도 안성시 금광면 오흥리 746-2,37.0011388,127.3389045,30,경기도 안성시,031-678-2812,안성경찰서,N,,7,2025-11-20,4080000,경기도 안성시
1,상용두 경로당,경기도,안성시,41550,,경기도 안성시 공도읍 용두리 722-1,37.00806399,127.166408,30,경기도 안성시,031-678-2812,안성경찰서,N,,7,2025-11-20,4080000,경기도 안성시
1,원마산 마을회관,경기도,안성시,41550,경기도 안성시 미양면 마산2길 6,경기도 안성시 미양면 마산리 385-6,36.97129304,127.217626,30,경기도 안성시,031-678-2812,안성경찰서,N,,4,2025-11-20,4080000,경기도 안성시
1,신건지동 마을회관,경기도,안성시,41550,경기도 안성시 개내교1길 12 (신건지동),경기도 안성시 신건지동 148-4,37.01417784,127.253777,30,경기도 안성시,031-678-2812,안성경찰서,N,,5,2025-11-20,4080000,경기도 안성시
1,금석동 경로당,경기도,안성시,41550,경기도 안성시 금석길 66-1,경기도 안성시 금석동 42,37.0310779,127.2692195,30,경기도 안성시,031-678-2812,안성경찰서,N,,4,2025-11-20,4080000,경기도 안성시
1,외평 마을회관,경기도,안성시,41550,경기도 안성시 대덕면 박가루길 4,경기도 안성시 대덕면 죽리 211,36.99426624,127.2231783,30,경기도 안성시,031-678-2812,안성경찰서,N,,4,2025-11-20,4080000,경기도 안성시
1,하송산 경로당,경기도,안성시,41550,경기도 안성시 서운면 하송산길 23,경기도 안성시 서운면 송산리 342-4,36.9387648,127.237418,30,경기도 안성시,031-678-2812,안성경찰서,N,,4,2025-11-20,4080000,경기도 안성시
1,풍정경로당,경기도,안성시,41550,경기도 안성시 보개면 시드물길 28-8,경기도 안성시 보개면 남풍리 988-1,37.07998375,127.310632,30,경기도 안성시,031-678-2812,안성경찰서,N,,4,2025-11-20,4080000,경기도 안성시
1,진등 경로당,경기도,안성시,41550,경기도 안성시 공도읍 원승두길 11,경기도 안성시 공도읍 승두리 598-86,36.99671446,127.1543426,30,경기도 안성시,031-678-2812,안성경찰서,N,,6,2025-11-20,4080000,경기도 안성시
1,상마정 경로당,경기도,안성시,41550,경기도 안성시 공도읍 상마정길 31-12,경기도 안성시 공도읍 마정리 355-13,37.02044709,127.201086,30,경기도 안성시,031-678-2812,안성경찰서,N,,4,2025-11-20,4080000,경기도 안성시
01,귀락마을 경로당,경기도,의정부시,41150,경기도 의정부시 민락로560번길 36-20,경기도 의정부시 자일동 62-12,37.77003292,127.1175793,30,경기도 의정부시,031-828-4842,의정부경찰서,N,,3~5,2025-06-30,3820000,경기도 의정부시
01,행복한요양원,경기도,의정부시,41150,경기도 의정부시 송산로1181번길 70-31,경기도 의정부시 용현동141,37.7280369,127.081632,30,경기도 의정부시,031-828-4842,의정부경찰서,N,,4,2025-06-30,3820000,경기도 의정부시
1,도하1리 할아버지 경로당,경기도,양주시,41630,경기도 양주시 은현면 그루고개로 490,경기도 양주시 은현면 도하리 129-3,37.85265215,127.0135351,30,경기도 양주시 도로관리과,031-8082-6731,양주경찰서,Y,1,6,2025-09-11,5590000,경기도 양주시
1,하패1리 경로당,경기도,양주시,41630,경기도 양주시 은현면 운하로 433번길 11,경기도 양주시 은현면 하패리 349,37.88834652,127.0364052,30,경기도 양주시 도로관리과,031-8082-6731,양주경찰서,Y,1,5,2025-09-11,5590000,경기도 양주시
1,가업1리 경로당,경기도,양주시,41630,경기도 양주시 백석읍 양주산성로 760,경기도 양주시 백석읍 가업리 249,37.78719341,126.9726221,30,경기도 양주시 도로관리과,031-8082-6731,양주경찰서,N,0,6,2025-09-11,5590000,경기도 양주시
1,방성1리마을회관,경기도,양주시,41630,경기도 양주시 백석읍 고릉말로 50,경기도 양주시 백석읍 방성리 238-2,37.80056325,126.9995776,50,경기도 양주시 도로관리과,031-8082-6731,양주경찰서,Y,3,14,2025-09-11,5590000,경기도 양주시
1,참좋은이웃 노인요양공동생활가정,경기도,양주시,41630,경기도 양주시 백석읍 양주산성로 800번길 87-15,경기도 양주시 백석읍 가업리 520-2,37.79354662,126.9710575,30,경기도 양주시 도로관리과,031-8082-6731,양주경찰서,N,0,6,2025-09-11,5590000,경기도 양주시
1,양주노블케어요양원,경기도,양주시,41630,경기도 양주시 은현면 화합로 969번길 185-105,경기도 양주시 은현면 용암리 640,37.86857971,127.0364455,30,경기도 양주시 도로관리과,031-8082-6731,양주경찰서,N,0,4,2025-09-11,5590000,경기도 양주시
1,홍죽2리마을회관,경기도,양주시,41630,경기도 양주시 백석읍 월암로 82,경기도 양주시 백석읍 홍죽리 416-27,37.8016975,126.956125,30,경기도 양주시 도로관리과,031-8082-6731,양주경찰서,Y,1,6,2025-09-11,5590000,경기도 양주시
1,광적노인회,경기도,양주시,41630,경기도 양주시 광적면 가래비길 114,경기도 양주시 광적면 가납리 850-4,37.82524485,126.9842027,30,경기도 양주시 도로관리과,031-8082-6731,양주경찰서,Y,1,8,2025-09-11,5590000,경기도 양주시
1,선암1리마을회관,경기도,양주시,41630,경기도 양주시 은현면 은현로 46,경기도 양주시 은현면 선암리 511-1,37.87313096,127.0236862,30,경기도 양주시 도로관리과,031-8082-6731,양주경찰서,Y,1,14,2025-09-11,5590000,경기도 양주시
1,운니경로당,서울특별시,종로구,13200,서울특별시 종로구 삼일대로32길 51,서울특별시 종로구 운니동60,37.575606,126.989815,30,서울특별시 종로구청,02-2148-3275,서울종로경찰서,Y,5,8,2023-01-18,3000000,서울특별시 종로구
1,종모광장공원 동측,서울특별시,종로구,15700,서울특별시 종로구 동순라길 8,서울특별시 종로구 인의동167,37.57120673,126.9966494,30,서울특별시 종로구청,02-2148-3275,서울혜화경찰서,N,,12~16,2023-01-18,3000000,서울특별시 종로구
1,락희거리,서울특별시,종로구,13700,서울특별시 종로구 종로17길 40,서울특별시 종로구 낙원동 221,37.572046,126.9883315,30,서울특별시 종로구청,02-2148-3275,서울종로경찰서,Y,1,10~12,2023-01-18,3000000,서울특별시 종로구
1,종로노인종합복지관 무악센터,서울특별시,종로구,18700,서울특별시 종로구 통일로16길8-3,서울특별시 종로구 무악동 60-2,37.57632393,126.957367,30,서울특별시 종로구청,02-2148-3275,서울종로경찰서,Y,2,5~6,2023-01-18,3000000,서울특별시 종로구
1,서울노인복지센터,서울특별시,종로구,13400,서울특별시 종로구 삼일대로467,서울특별시 종로구 경운동 90-3,37.575911,126.985854,50,서울특별시 종로구청,02-2148-3275,서울종로경찰서,Y,5,40,2023-01-18,3000000,서울특별시 종로구
1,구립종로노인종합복지관,서울특별시,종로구,16500,서울특별시 종로구 율곡로19길 17-8,서울특별시 종로구 이화동 25-1,37.576639,127.006031,30,서울특별시 종로구청,02-2148-3275,서울혜화경찰서,Y,2,8~12,2023-01-18,3000000,서울특별시 종로구
1,가사1통 경로당,경기도,안성시,41550,경기도 안성시 보개원삼로 105,경기도 안성시 가사동 92-1,37.01311871,127.286125,30,경기도 안성시,031-678-2812,안성경찰서,N,,6,2025-11-20,4080000,경기도 안성시
1,소동산경로당,경기도,안성시,41550,경기도 안성시 대덕면 소동산길 47,경기도 안성시 대덕면 보동리 436-5,37.05044053,127.2401297,30,경기도 안성시,031-678-2812,안성경찰서,N,,4,2025-11-20,4080000,경기도 안성시
1,적가경로당,경기도,안성시,41550,경기도 안성시 보개면 절가리안길 2,경기도 안성시 보개면 적가리 327-2,37.05048225,127.2969383,30,경기도 안성시,031-678-2812,안성경찰서,N,,6,2025-11-20,4080000,경기도 안성시
1,치재경로당,경기도,안성시,41550,경기도 안성시 보개면 고삼호수로 503-5,경기도 안성시 보개면 북가현리 878-6,37.10139227,127.304093,30,경기도 안성시,031-678-2812,안성경찰서,N,,6,2025-11-20,4080000,경기도 안성시
1,안성성모요양원,경기도,안성시,41550,경기도 안성시 공도읍 기업단지로 14,경기도 안성시 공도읍 용두리 275-78,36.9994622,127.162022,30,경기도 안성시,031-678-2812,안성경찰서,N,,6,2025-11-20,4080000,경기도 안성시
1,반제리 경로당,경기도,안성시,41550,경기도 안성시 원곡면 원당로 236-34,경기도 안성시 원곡면 반제리 293-1번지,37.02801876,127.1620305,30,경기도 안성시,031-678-2812,안성경찰서,Y,1,4,2025-11-20,4080000,경기도 안성시
1,하개정 경로당,경기도,안성시,41550,경기도 안성시 미양면 하개정길 191,경기도 안성시 미양면 개정리 509-29번지,36.96451185,127.1812875,30,경기도 안성시,031-678-2812,안성경찰서,N,,4,2025-11-20,4080000,경기도 안성시
1,명목2리 경로당,경기도,안성시,41550,경기도 안성시 양성면 명삼길 141,경기도 안성시 양성면 명목리 159-3번지,37.03122367,127.197076,30,경기도 안성시,031-678-2812,안성경찰서,N,,4,2025-11-20,4080000,경기도 안성시
1,푸른경로당,대전광역시,중구,30140,대전광역시 중구 동서대로1440번길 34,대전광역시 중구 선화동 162-1,36.3349335,127.4167671,30,대전광역시 중구청,042-606-6854,대전광역시 중부경찰서,Y,1,8,2025-07-18,3650000,대전광역시 중구
1,방축골경로당,대전광역시,중구,30140,대전광역시 중구 목동로8번길 54-1,대전광역시 중구 목동 5-17,36.3338292,127.4119199,30,대전광역시 중구청,042-606-6854,대전광역시 중부경찰서,N,,10,2025-07-18,3650000,대전광역시 중구
1,효문화관리원,대전광역시,중구,30140,대전광역시 중구 뿌리공원로 47,대전광역시 중구 안영동 71-2,36.28533721,127.3844931,40,대전광역시 중구청,042-606-6854,대전광역시 중부경찰서,N,,16,2025-07-18,3650000,대전광역시 중구
1,중촌사회복지관,대전광역시,중구,30140,대전광역시 중구 대전천서로 695,대전광역시 중구 중촌동 128-1,36.34486592,127.410512,40,대전광역시 중구청,042-606-6854,대전광역시 중부경찰서,N,,24,2025-07-18,3650000,대전광역시 중구
1,시 노인복지관,대전광역시,중구,30140,대전광역시 중구 테미로 26,대전광역시 중구 대흥동 311-1,36.32073636,127.4208495,30,대전광역시 중구청,042-606-6854,대전광역시 중부경찰서,N,,15,2025-07-18,3650000,대전광역시 중구
1,서부노인복지관,울산광역시,울주군,31710,울산광역시 울주군 삼남읍 서향교2길 50,울산광역시 울주군 삼남읍 교동리 1085-3,35.5564881072,129.1132069747,30,울산광역시 울주군청,052-204-2543,울산울주경찰서,N,,,2024-10-11,3730000,울산광역시 울주군
1,중방경로당,울산광역시,울주군,31710,울산광역시 울주군 삼남읍 방기6길 18,울산광역시 울주군 상남읍 방기리 1155-2,35.508664,129.0835920745,30,울산광역시 울주군청,052-204-2543,울산울주경찰서,N,,,2024-10-11,3730000,울산광역시 울주군
1,영신노인복지센터,울산광역시,울주군,31710,울산광역시 울주군 범서읍 관문로 324-2,울산광역시 울주군 범서읍 두산리 1271,35.61223554,129.2803955,30,울산광역시 울주군청,052-204-2543,울산울주경찰서,N,,,2024-10-11,3730000,울산광역시 울주군
1,청량분회경로당 및 신덕하1구경로당,울산광역시,울주군,31710,울산광역시 울주군 청량읍 덕하로 253,울산광역시 울주군 청량읍 상남리-15,35.493437,129.305497,30,울산광역시 울주군청,052-204-2543,울산울주경찰서,N,,,2024-10-11,3730000,울산광역시 울주군
1,동문경로당,울산광역시,울주군,31710,울산광역시 울주군 웅촌면 웅촌로 378,울산광역시 울주군 옹촌면 곡천리 252-11,35.46465405,129.2098301,30,울산광역시 울주군청,052-204-2543,울산울주경찰서,N,,,2024-10-11,3730000,울산광역시 울주군
1,남부노인복지관,울산광역시,울주군,31710,울산광역시 울주군 온양읍 온양로 256-6,울산광역시 울주군 옹양읍 발리 279-2,35.40711761,129.2979468,30,울산광역시 울주군청,052-204-2543,울산울주경찰서,N,,,2024-10-11,3730000,울산광역시 울주군
01,길명2리경로당,경기도,포천시,41650,경기도 포천시 일동면 정자골길 2,경기도 포천시 일동면 길명리 500-8,37.9373293,127.281935,30,경기도 포천시청,031-538-3458,포천경찰서,N,0,8,2025-06-23,5600000,경기도 포천시
01,직두1리경로당,경기도,포천시,41650,경기도 포천시 군내면 청군로 3140,경기도 포천시 군내면 직두리 776-36,37.87840102,127.2280008,30,경기도 포천시청,031-538-3458,포천경찰서,N,0,8,2025-06-23,5600000,경기도 포천시
01,금주4리경로당,경기도,포천시,41650,경기도 포천시 영중면 영일로 97,경기도 포천시 영중면 금주리 1039-6,37.96632211,127.2609202,30,경기도 포천시청,031-538-3458,포천경찰서,N,0,8,2025-06-23,5600000,경기도 포천시
01,가양경로당,경기도,포천시,41650,경기도 포천시 창수면 가영로 147-1,경기도 포천시 창수면 가양리 465,37.97932977,127.1991411,30,경기도 포천시청,031-538-3458,포천경찰서,N,0,7,2025-06-23,5600000,경기도 포천시
01,평촌 경로당,경기도,포천시,41650,경기도 포천시 원동교길 158,경기도 포천시 동교동 591-1,37.84792674,127.131747,30,경기도 포천시청,031-538-3458,포천경찰서,N,0,8,2025-06-23,5600000,경기도 포천시
01,지현4리 경로당,경기도,포천시,41650,경기도 포천시 화현면 봉화로 826-4,경기도 포천시 화현면 지현리 683-8,37.91952408,127.267203,30,경기도 포천시청,031-538-3458,포천경찰서,N,0,7,2025-06-23,5600000,경기도 포천시
01,주원3리 경로당,경기도,포천시,41650,경기도 포천시 창수면 옥수로 323,경기도 포천시 창수면 주원리 434-1,38.009302,127.183609,30,경기도 포천시청,031-538-3458,포천경찰서,N,0,7,2025-06-23,5600000,경기도 포천시
01,파발막 경로당,경기도,포천시,41650,경기도 포천시 자작로 14,경기도 포천시 자작동 218-6,37.86880819,127.175144,30,경기도 포천시청,031-538-3458,포천경찰서,N,0,7~9,2025-06-23,5600000,경기도 포천시
01,유동2리 경로당,경기도,포천시,41650,경기도 포천시 일동면 벌판마을길 5-5,경기도 포천시 일동면 유동리 236-10,37.9349099,127.3081286,30,경기도 포천시청,031-538-3458,포천경찰서,N,0,7,2025-06-23,5600000,경기도 포천시
01,화대2리 경로당,경기도,포천시,41650,경기도 포천시 일동면 사기막길 3,경기도 포천시 일동면 화대리 646-10,37.96703126,127.330052,30,경기도 포천시청,031-538-3458,포천경찰서,N,0,8,2025-06-23,5600000,경기도 포천시
01,화현3리 경로당,경기도,포천시,41650,경기도 포천시 화현면 화동로 482-12,경기도 포천시 화현면 화현리 463-2,37.9092397,127.3086173,30,경기도 포천시청,031-538-3458,포천경찰서,N,0,7,2025-06-23,5600000,경기도 포천시
01,오가3리 경로당,경기도,포천시,41650,경기도 포천시 창수면 창동로 110,경기도 포천시 창수면 오가리 456-6,38.0274425,127.1922603,30,경기도 포천시청,031-538-3458,포천경찰서,N,0,7,2025-06-23,5600000,경기도 포천시
01,포천시노인복지관,경기도,포천시,41650,경기도 포천시 군내면 청성로 5,경기도 포천시 군내면 하성북리 520-1,37.90492731,127.2120329,30,경기도 포천시청,031-538-3458,포천경찰서,N,0,13,2025-06-23,5600000,경기도 포천시
01,지현1리마을회관,경기도,포천시,41650,경기도 포천시 화현면 봉화로 778,경기도 포천시 화현면 지현리 502-4,37.91532662,127.2684394,30,경기도 포천시청,031-538-3458,포천경찰서,N,0,6,2025-06-23,5600000,경기도 포천시
01,운천5리마을회관,경기도,포천시,41650,경기도 포천시 영북면 산정호수로 26,경기도 포천시 영북면 운천리 267-3,38.07841821,127.2783895,30,경기도 포천시청,031-538-3458,포천경찰서,N,0,6,2025-06-23,5600000,경기도 포천시
01,인천2리 경로당,경상북도,영덕군,47770,경상북도 영덕군 창수면 오서로 1480,경상북도 영덕군 창수면 인천리 213-9,36.6380169734,129.2837371411,30,경상북도 영덕군청,054-730-5352,영덕경찰서,N,,,2025-05-12,5180000,경상북도 영덕군
01,구례요양병원,전라남도,구례군,48700,전라남도 구례군 구레읍 동편제길 4,전라남도 구례군 구례읍 봉북리 1444,35.215601921,127.4631820466,30,전라남도 구례군청,061-780-2741,구례경찰서,N,,10,2025-06-26,4870000,전라남도 구례군
1,성암노인복지센터,강원특별자치도,속초시,42210,강원특별자치도 속초시 청호로 10-1,강원특별자치도 속초시 조양동 1435-1,38.19150661,128.599459,30,강원특별자치도 속초시,033-639-2019,속초경찰서,N,,12,2025-07-02,4231000,강원특별자치도 속초시
1,속초시노인종합복지관,강원특별자치도,속초시,42210,강원특별자치도 속초시 수복로 42,강원특별자치도 속초시 교동 979,38.19649142,128.5759723,30,강원특별자치도 속초시,033-639-2019,속초경찰서,N,,25,2025-07-02,4231000,강원특별자치도 속초시
1,반야노인요양원,강원특별자치도,속초시,42210,강원특별자치도 속초시 싸리재길 195,강원특별자치도 속초시 노학동 455-9,38.18258194,128.5614725,30,강원특별자치도 속초시,033-639-2019,속초경찰서,N,,4,2025-07-02,4231000,강원특별자치도 속초시
1,고산1리 경로당,제주특별자치도,제주시,50110,제주특별자치도 제주시 한경면 고산로 2길 22-21,제주특별자치도 제주시 한경면 고산리 2885-9,33.30220722,126.182427,50,제주특별자치도 자치경찰단,064-710-6277,제주서부경찰서,N,,,2025-12-24,6500000,제주특별자치도
1,강구동 경로당,제주특별자치도,제주시,50110,제주특별자치도 제주시 한림읍 강구로 92,제주특별자치도 제주시 한림읍 한림리 191-7,33.40863994,126.2774811,30,제주특별자치도 자치경찰단,064-710-6277,제주서부경찰서,N,,,2025-12-24,6500000,제주특별자치도
1,명월상동 경로당,제주특별자치도,제주시,50110,제주특별자치도 제주시 한림읍 중산간서로 4495-1,제주특별자치도 제주시 한림읍 명월리 409,33.37305215,126.2838942,50,제주특별자치도 자치경찰단,064-710-6277,제주서부경찰서,N,,,2025-12-24,6500000,제주특별자치도
1,제주양로원,제주특별자치도,제주시,50110,제주특별자치도 제주시 장군내길 68-1,제주특별자치도 제주시 도평동 1026,33.47349977,126.4481073,30,제주특별자치도 자치경찰단,064-710-6277,제주동부경찰서,N,,,2025-12-24,6500000,제주특별자치도
1,광령3리 경로당,제주특별자치도,제주시,50110,제주특별자치도 제주시 애월읍 광령자종길 1,제주특별자치도 제주시 애월읍 광령리 3798-9,33.46402276,126.4232692,30,제주특별자치도 자치경찰단,064-710-6277,제주서부경찰서,N,,,2025-12-24,6500000,제주특별자치도
1,하귀2리 경로당,제주특별자치도,제주시,50110,제주특별자치도 제주시 애월읍 하귀로23길 19,제주특별자치도 제주시 애월읍 하귀2리 1893-5,33.47864724,126.4030384,30,제주특별자치도 자치경찰단,064-710-6277,제주서부경찰서,N,,,2025-12-24,6500000,제주특별자치도
1,수망리 경로당,제주특별자치도,서귀포시,50130,제주특별자치도 서귀포시 남원읍 남조로 578-3,제주특별자치도 서귀포시 남원읍 수망리 309-5,33.32901652,126.7128005,30,제주특별자치도 자치경찰단,064-710-6277,서귀포경찰서,N,,,2025-12-24,6500000,제주특별자치도
1,난산리 경로당,제주특별자치도,서귀포시,50130,제주특별자치도 서귀포시 성산읍 난산로 26,제주특별자치도 서귀포시 성산읍 난산리 324-1,33.40103642,126.872228,30,제주특별자치도 자치경찰단,064-710-6277,서귀포경찰서,N,,,2025-12-24,6500000,제주특별자치도
1,아라요양병원,제주특별자치도,제주시,50110,제주특별자치도 제주시 한북로 309,제주특별자치도 제주시 아라일동 1960-5,33.45652998,126.5468752,30,제주특별자치도 자치경찰단,064-710-6277,제주동부경찰서,N,,,2025-12-24,6500000,제주특별자치도
1,오등상동 경로당,제주특별자치도,제주시,50110,제주특별자치도 제주시 한북로 233,제주특별자치도 제주시 오등동 264-1,33.45957731,126.5398757,30,제주특별자치도 자치경찰단,064-710-6277,제주동부경찰서,N,,,2025-12-24,6500000,제주특별자치도
1,수당리 경로당,충청남도,서산시,44210,충청남도 서산시 운산면 장생동로 707,,36.8136108,126.5973866,30,충청남도 서산시청,041-660-2735,서산경찰서,N,,,2025-04-23,4530000,충청남도 서산시
1,갈산1리 4리 경로당,충청남도,서산시,44210,충청남도 서산시 운산면 운암로 932,,36.8126088,126.5713242,30,충청남도 서산시청,041-660-2735,서산경찰서,N,,,2025-04-23,4530000,충청남도 서산시
1,원평리 경로당,충청남도,서산시,44210,충청남도 서산시 운산면 원평1로 3,,36.7664003,126.6311828,30,충청남도 서산시청,041-660-2735,서산경찰서,N,,,2025-04-23,4530000,충청남도 서산시
1,여미리 경로당,충청남도,서산시,44210,충청남도 서산시 운산면 이문안길 64,,36.823351,126.5740665,30,충청남도 서산시청,041-660-2735,서산경찰서,N,,,2025-04-23,4530000,충청남도 서산시
1,팔중리 경로당,충청남도,서산시,44210,충청남도 서산시 운산면 팔중길 38,,36.7937076,126.636725,30,충청남도 서산시청,041-660-2735,서산경찰서,N,,,2025-04-23,4530000,충청남도 서산시
1,고산리 경로당,충청남도,서산시,44210,충청남도 서산시 운산면 장생동로 215-3,,36.78661387,126.628329,30,충청남도 서산시청,041-660-2735,서산경찰서,N,,,2025-04-23,4530000,충청남도 서산시
1,부장2리 4리 경로당,충청남도,서산시,44210,충청남도 서산시 음암면 음암로 479-3,,36.783134,126.5239107,30,충청남도 서산시청,041-660-2735,서산경찰서,N,,,2025-04-23,4530000,충청남도 서산시
1,우리마을APT 경로당,충청남도,서산시,44210,충청남도 서산시 음암면 상홍2길 126-28,,36.7929455,126.5058551,30,충청남도 서산시청,041-660-2735,서산경찰서,N,,,2025-04-23,4530000,충청남도 서산시
1,부산2리 경로당,충청남도,서산시,44210,충청남도 서산시 음암면 서령로 383,,36.80680392,126.482418,30,충청남도 서산시청,041-660-2735,서산경찰서,N,,,2025-04-23,4530000,충청남도 서산시
1,부산1리 경로당,충청남도,서산시,44210,충청남도 서산시 음암면 서령로 457,,36.8116567,126.4874541,30,충청남도 서산시청,041-660-2735,서산경찰서,N,,,2025-04-23,4530000,충청남도 서산시
1,율목1리 경로당,충청남도,서산시,44210,충청남도 서산시 음암면 서령로 532,,36.8168185,126.4925831,30,충청남도 서산시청,041-660-2735,서산경찰서,N,,,2025-04-23,4530000,충청남도 서산시
1,도당4리 개나리 아파트 경로당,충청남도,서산시,44210,충청남도 서산시 음암면 석동로 36,,36.80177195,126.5151185,30,충청남도 서산시청,041-660-2735,서산경찰서,N,,,2025-04-23,4530000,충청남도 서산시
1,도당1리 경로당,충청남도,서산시,44210,충청남도 서산시 음암면 도당로 253,,36.81700789,126.5302744,30,충청남도 서산시청,041-660-2735,서산경찰서,N,,,2025-04-23,4530000,충청남도 서산시
1,평2리 경로당,충청남도,서산시,44210,충청남도 서산시 성연면 신당1로 27-6,,36.8390208,126.4700275,30,충청남도 서산시청,041-660-2735,서산경찰서,N,,,2025-04-23,4530000,충청남도 서산시
1,일람1리 경로당,충청남도,서산시,44210,충청남도 서산시 성연면 사연동로 124,,36.811392,126.448352,30,충청남도 서산시청,041-660-2735,서산경찰서,N,,,2025-04-23,4530000,충청남도 서산시
1,고남1리 경로당,충청남도,서산시,44210,충청남도 서산시 성연면 한월당로 870,,36.81660563,126.4120436,30,충청남도 서산시청,041-660-2735,서산경찰서,N,,,2025-04-23,4530000,충청남도 서산시
1,방기경로당,울산광역시,울주군,31710,울산광역시 울주군 삼남읍 방기2길 1,울산광역시 울주군 삼남읍 방기리 1155-134,35.5033745977,129.0910099199,30,울산광역시 울주군청,052-204-2543,울산울주경찰서,N,,,2024-10-11,3730000,울산광역시 울주군
1,마산경로당,울산광역시,울주군,31710,울산광역시 울주군 삼남읍 마산길 54,울산광역시 울주군 삼남읍 신화리 1392-3,35.5368604294,129.118766,30,울산광역시 울주군청,052-204-2543,울산울주경찰서,N,,,2024-10-11,3730000,울산광역시 울주군
1,중리경로당,울산광역시,울주군,31710,울산광역시 울주군 두동면 밀굼중리길 3,울산광역시 울주군 두동면 구미리 781-1,35.668716,129.208463,30,울산광역시 울주군청,052-204-2543,울산울주경찰서,N,,,2024-10-11,3730000,울산광역시 울주군
1,상월평경로당,울산광역시,울주군,31710,울산광역시 울주군 두동면 상월평2길 1,울산광역시 울주군 두동면 월평리 620-4,35.68870178,129.2247485,30,울산광역시 울주군청,052-204-2543,울산울주경찰서,N,,,2024-10-11,3730000,울산광역시 울주군
1,대현경로당,울산광역시,울주군,31710,울산광역시 울주군 두동면 천전대현로 41,울산광역시 울주군 두동면 천전리 1210-30,35.61715132,129.1543732,30,울산광역시 울주군청,052-204-2543,울산울주경찰서,N,,,2024-10-11,3730000,울산광역시 울주군
1,반용경로당,울산광역시,울주군,31710,울산광역시 울주군 범서읍 척과로 170,울산광역시 울주군 범서읍 척과리 490-6,35.621207,129.268858,30,울산광역시 울주군청,052-204-2543,울산울주경찰서,N,,,2024-10-11,3730000,울산광역시 울주군
1,송정경로당,울산광역시,울주군,31710,울산광역시 울주군 두서면 구량차리로 44,울산광역시 울주군 두서면 구량리 193,35.61801023,129.1443973,30,울산광역시 울주군청,052-204-2543,울산울주경찰서,N,,,2024-10-11,3730000,울산광역시 울주군
1,다개경로당,울산광역시,울주군,31710,울산광역시 울주군 언양읍 찻골로 3,울산광역시 울주군 언양읍 다개리 261-1,35.613384,129.1227253,30,울산광역시 울주군청,052-204-2543,울산울주경찰서,N,,,2024-10-11,3730000,울산광역시 울주군
1,상북분회경로당,울산광역시,울주군,31710,울산광역시 울주군 상북면 상북로 296,울산광역시 울주군 상북면 산전리 549-1,35.59127852,129.0895308,30,울산광역시 울주군청,052-204-2543,울산울주경찰서,N,,,2024-10-11,3730000,울산광역시 울주군
1,거리경로당,울산광역시,울주군,31710,울산광역시 울주군 상북면 거리로 116,울산광역시 울주군 상북면 거리353-1,35.590173,129.076475,30,울산광역시 울주군청,052-204-2543,울산울주경찰서,N,,,2024-10-11,3730000,울산광역시 울주군
1,대복경로당,울산광역시,울주군,31710,울산광역시 울주군 웅촌면 삼동로 1633,울산광역시 울주군 웅촌면 대복리 406-4,35.48829074,129.213737,30,울산광역시 울주군청,052-204-2543,울산울주경찰서,N,,,2024-10-11,3730000,울산광역시 울주군
1,태화2리경로당,울산광역시,울주군,31710,울산광역시 울주군 온양읍 태화8길 32,울산광역시 울주군 온양읍 운화리 45-20,35.414024,129.279747,30,울산광역시 울주군청,052-204-2543,울산울주경찰서,N,,,2024-10-11,3730000,울산광역시 울주군
1,덕정경로당,울산광역시,울주군,31710,울산광역시 울주군 청량읍 덕정4길 3,울산광역시 울주군 청량읍 덕하리 391-2,35.487929,129.296621,30,울산광역시 울주군청,052-204-2543,울산울주경찰서,N,,,2024-10-11,3730000,울산광역시 울주군
1,상당경로당,대전광역시,중구,30140,대전광역시 중구 산서로 81-68,대전광역시 중구 사정동 344-3,36.294624,127.3899814,30,대전광역시 중구청,042-606-6854,대전광역시 중부경찰서,Y,2,12,2025-07-18,3650000,대전광역시 중구
1,육교경로당,대전광역시,중구,30140,대전광역시 중구 유천로34번길66,대전광역시 중구 유천동 138-5,36.316393,127.402006,30,대전광역시 중구청,042-606-6854,대전광역시 중부경찰서,Y,2,9,2025-07-18,3650000,대전광역시 중구
1,창명마을회관,대전광역시,중구,30140,대전광역시 중구 대둔산로184번길 17,대전광역시 중구 안영동 694,36.28658038,127.3795899,30,대전광역시 중구청,042-606-6854,대전광역시 중부경찰서,N,,8,2025-07-18,3650000,대전광역시 중구
1,동산경로당,대전광역시,중구,30140,대전광역시 중구 문화로 163번길 9,대전광역시 중구 문화동 375-5,36.3146419,127.4032845,30,대전광역시 중구청,042-606-6854,대전광역시 중부경찰서,N,,10,2025-07-18,3650000,대전광역시 중구
1,성베드로노인요양원,대전광역시,중구,30140,대전광역시 중구 충무로 163-1,대전광역시 중구 문창동 55-11,36.3208546,127.4344314,50,대전광역시 중구청,042-606-6854,대전광역시 중부경찰서,N,,35,2025-07-18,3650000,대전광역시 중구
1,평화가득함요양원,대전광역시,중구,30140,대전광역시 중구 오류로 111,대전광역시 중구 오류동 190-10,36.3297111,127.4013476,30,대전광역시 중구청,042-606-6854,대전광역시 중부경찰서,N,,25,2025-07-18,3650000,대전광역시 중구
1,늘사랑요양원,대전광역시,중구,30140,대전광역시 중구 성산로28,대전광역시 중구 안영동 648-9,36.29202426,127.378942,30,대전광역시 중구청,042-606-6854,대전광역시 중부경찰서,N,,20,2025-07-18,3650000,대전광역시 중구
1,범골요양원,대전광역시,중구,30140,대전광역시 중구 범골로 99,대전광역시 중구 호동 147-3,36.30006334,127.440844,30,대전광역시 중구청,042-606-6854,대전광역시 중부경찰서,N,,4,2025-07-18,3650000,대전광역시 중구
1,현암경로당,대전광역시,중구,30140,대전광역시 중구 대둔산로31번길 61,대전광역시 중구 안영동 167,36.273695,127.378689,30,대전광역시 중구청,042-606-6854,대전광역시 중부경찰서,N,,4,2025-07-18,3650000,대전광역시 중구
1,호산나공동체,대전광역시,중구,30140,대전광역시 중구 계룡로815번길 6,대전광역시 중구 용두동 35-1,36.3273479,127.4072784,30,대전광역시 중구청,042-606-6854,대전광역시 중부경찰서,N,,8,2025-07-18,3650000,대전광역시 중구
1,선화3경로당,대전광역시,중구,30140,대전광역시 중구 선화로97번길 29-3,대전광역시 중구 선화동 190-32,36.3304528,127.417187,30,대전광역시 중구청,042-606-6854,대전광역시 중부경찰서,N,,8,2025-07-18,3650000,대전광역시 중구
1,칠석경로당,대전광역시,중구,30140,대전광역시 중구 부용로41번길 37,대전광역시 중구 부사동 422-36,36.3103112,127.4328298,30,대전광역시 중구청,042-606-6854,대전광역시 중부경찰서,N,,6,2025-07-18,3650000,대전광역시 중구
1,청란경로당,대전광역시,중구,30140,대전광역시 중구 부용로34번길 19,대전광역시 중구 부사동 582,36.31011368,127.4298706,30,대전광역시 중구청,042-606-6854,대전광역시 중부경찰서,N,,6,2025-07-18,3650000,대전광역시 중구
1,보문경로당,대전광역시,중구,30140,대전광역시 중구 보문로89번길 36,대전광역시 중구 부사동 233,36.3120181,127.4303564,30,대전광역시 중구청,042-606-6854,대전광역시 중부경찰서,N,,6,2025-07-18,3650000,대전광역시 중구
1,부사경로당,대전광역시,중구,30140,대전광역시 중구 사득로75번길 58,대전광역시 중구 부사동 155-15,36.3117562,127.4355732,30,대전광역시 중구청,042-606-6854,대전광역시 중부경찰서,N,,8,2025-07-18,3650000,대전광역시 중구
1,송리경로당,대전광역시,중구,30140,대전광역시 중구 보문산로171번길 33,대전광역시 중구 문화동 569-4,36.3072392,127.398968,30,대전광역시 중구청,042-606-6854,대전광역시 중부경찰서,Y,1,8,2025-07-18,3650000,대전광역시 중구
1,천근경로당,대전광역시,중구,30140,대전광역시 중구 천근로46번길 28,대전광역시 중구 문화동 485-7,36.30830237,127.4045299,30,대전광역시 중구청,042-606-6854,대전광역시 중부경찰서,Y,1,8,2025-07-18,3650000,대전광역시 중구
1,대사공원경로당,대전광역시,중구,30140,대전광역시 중구 보문산공원로497번길 14,대전광역시 중구 대사동 200-16,36.3128382,127.4211678,30,대전광역시 중구청,042-606-6854,대전광역시 중부경찰서,Y,1,20,2025-07-18,3650000,대전광역시 중구
1,옥계경로당,대전광역시,중구,30140,대전광역시 중구 모암로7번길 170,대전광역시 중구 옥계동 154-5,36.2972509,127.4548833,30,대전광역시 중구청,042-606-6854,대전광역시 중부경찰서,N,,8,2025-07-18,3650000,대전광역시 중구
1,태평1경로당,대전광역시,중구,30140,대전광역시 중구 유천로132번길 64,대전광역시 중구 태평동 266-3,36.3249041,127.3988703,30,대전광역시 중구청,042-606-6854,대전광역시 중부경찰서,Y,1,10,2025-07-18,3650000,대전광역시 중구
1,은혜양로원,대전광역시,중구,30140,대전광역시 중구 단재로 471,대전광역시 중구 어남동 85,36.213345,127.4138182,30,대전광역시 중구청,042-606-6854,대전광역시 중부경찰서,N,,15,2025-07-18,3650000,대전광역시 중구
1,원대경로당,대전광역시,중구,30140,대전광역시 중구 보문산로122번안길 44,대전광역시 중구 산성동 299-28,36.304774,127.3914287,30,대전광역시 중구청,042-606-6854,대전광역시 중부경찰서,Y,2,6,2025-07-18,3650000,대전광역시 중구
1,남부경로당,대전광역시,중구,30140,대전광역시 중구 용두로38번길 18,대전광역시 중구 용두동 93-10,36.32771312,127.4089521,30,대전광역시 중구청,042-606-6854,대전광역시 중부경찰서,N,,8,2025-07-18,3650000,대전광역시 중구
1,문석경로당,대전광역시,중구,30140,대전광역시 중구 보문로19번길 42,대전광역시 중구 문창동 385-4,36.3127124,127.4393959,30,대전광역시 중구청,042-606-6854,대전광역시 중부경찰서,N,,6,2025-07-18,3650000,대전광역시 중구
1,석교경로당,대전광역시,중구,30140,대전광역시 중구 돌다리로7번길 52,대전광역시 중구 석교동 98-3,36.3074662,127.4445946,30,대전광역시 중구청,042-606-6854,대전광역시 중부경찰서,Y,1,8,2025-07-18,3650000,대전광역시 중구
01,신리2리 마을회관,경상북도,영덕군,47770,경상북도 영덕군 창수면 신리길 8-29,경상북도 영덕군 창수면 신리리 321-2,36.5760005641,129.2752472462,30,경상북도 영덕군청,054-730-5352,영덕경찰서,N,,,2025-05-12,5180000,경상북도 영덕군
01,축산1리 마을회관,경상북도,영덕군,47770,경상북도 영덕군 축산면 축산항길 9,경상북도 영덕군 축산면 축산리 107-5,36.5077188767,129.4446437677,30,경상북도 영덕군청,054-730-5352,영덕경찰서,N,,,2025-05-12,5180000,경상북도 영덕군
01,남석1리 마을회관,경상북도,영덕군,47770,경상북도 영덕군 영덕읍 강변길 224,경상북도 영덕군 영덕읍 남석리 323-21,36.4119558981,129.3654103983,30,경상북도 영덕군청,054-730-5352,영덕경찰서,N,,,2025-05-12,5180000,경상북도 영덕군
01,도천리 경로당,경상북도,영덕군,47770,경상북도 영덕군 남정면 도천1길 20-1,경상북도 영덕군 남정면 도천리 158,36.3100497584,129.3529964061,30,경상북도 영덕군청,054-730-5352,영덕경찰서,N,,,2025-05-12,5180000,경상북도 영덕군
01,대지1리 마을회관,경상북도,영덕군,47770,경상북도 영덕군 달산면 대지1길 31-3,경상북도 영덕군 달산면 대지리 351,36.3977286725,129.3030477307,30,경상북도 영덕군청,054-730-5352,영덕경찰서,N,,,2025-05-12,5180000,경상북도 영덕군
01,금호1리 마을회관,경상북도,영덕군,47770,경상북도 영덕군 강구면 금호길 62-8,경상북도 영덕군 강구면 금호리 700-111,36.3736244388,129.3871586759,30,경상북도 영덕군청,054-730-5352,영덕경찰서,N,,,2025-05-12,5180000,경상북도 영덕군
01,원구2리 마을회관,경상북도,영덕군,47770,경상북도 영덕군 영해면 창수영해로 198,경상북도 영덕군 영해면 원구리 721-4,36.5411963027,129.3650449442,30,경상북도 영덕군청,054-730-5352,영덕경찰서,N,,,2025-05-12,5180000,경상북도 영덕군
01,달산면 노인복지회관,경상북도,영덕군,47770,경상북도 영덕군 달산면 팔각산로 1833,경상북도 영덕군 달산면 대지리 463-3,36.3992554700,129.3031205532,30,경상북도 영덕군청,054-730-5352,영덕경찰서,N,,,2025-05-12,5180000,경상북도 영덕군
01,강구면 노인복지회관,경상북도,영덕군,47770,경상북도 영덕군 강구면 강구시장길 49,경상북도 영덕군 강구면 오포리 333-20,36.3599725610,129.3771029529,30,경상북도 영덕군청,054-730-5352,영덕경찰서,N,,,2025-05-12,5180000,경상북도 영덕군
01,도천리 마을회관,경상북도,영덕군,47770,경상북도 영덕군 남정면 산정로 351,경상북도 영덕군 남정면 도천리 116-6,36.3091473266,129.3515839321,30,경상북도 영덕군청,054-730-5352,영덕경찰서,N,,,2025-05-12,5180000,경상북도 영덕군
01,영덕군 노인복지회관,경상북도,영덕군,47770,경상북도 영덕군 영덕읍 군청길 132,경상북도 영덕군 영덕읍 남석리 229,36.4135042907,129.3653042172,30,경상북도 영덕군청,054-730-5352,영덕경찰서,N,,,2025-05-12,5180000,경상북도 영덕군
1,상정경로당,울산광역시,울주군,31710,울산광역시 울주군 청량읍 삼정로 427,울산광역시 울주군 청량읍 삼정리 145-1,35.49435923,129.266263,30,울산광역시 울주군청,052-204-2543,울산울주경찰서,N,,,2024-10-11,3730000,울산광역시 울주군
1,두현경로당,울산광역시,울주군,31710,울산광역시 울주군 청량읍 청량천변로 125,울산광역시 울주군 청량읍 문죽리 890-1,35.52660571,129.260508,30,울산광역시 울주군청,052-204-2543,울산울주경찰서,N,,,2024-10-11,3730000,울산광역시 울주군
1,어음상리경로당,울산광역시,울주군,31710,울산광역시 울주군 언양읍 언양로 77,울산광역시 울주군 언양읍 어음리 216-1,35.5603909554,129.1356012520,30,울산광역시 울주군청,052-204-2543,울산울주경찰서,N,,,2024-10-11,3730000,울산광역시 울주군
1,신화경로당,울산광역시,울주군,31710,울산광역시 울주군 언양읍 신화1길 1,울산광역시 울주군 언양읍 직동리 1121-2,35.58862589,129.127035,30,울산광역시 울주군청,052-204-2543,울산울주경찰서,N,,,2024-10-11,3730000,울산광역시 울주군
1,구수경로당,울산광역시,울주군,31710,울산광역시 울주군 언양읍 구수길 59,울산광역시 울주군 언양읍 구수리 746,35.54437653,129.1512111,30,울산광역시 울주군청,052-204-2543,울산울주경찰서,N,,,2024-10-11,3730000,울산광역시 울주군
1,온곡1구경로당,울산광역시,울주군,31710,울산광역시 울주군 서생면 무학길 19,울산광역시 울주군 서셩면 화신리 1207-3,35.347371,129.294851,30,울산광역시 울주군청,052-204-2543,울산울주경찰서,N,,,2024-10-11,3730000,울산광역시 울주군
1,송정경로당,울산광역시,울주군,31710,울산광역시 울주군 두서면 구량차리로 44,울산광역시 울주군 두서면 구량리 193,35.61801142,129.1443963,30,울산광역시 울주군청,052-204-2543,울산울주경찰서,N,,,2024-10-11,3730000,울산광역시 울주군
1,서생경로당,울산광역시,울주군,31710,울산광역시 울주군 서생면 약수터길 14,울산광역시 울주군 서생면 서생리 353,35.38425194,129.3396562,30,울산광역시 울주군청,052-204-2543,울산울주경찰서,N,,,2024-10-11,3730000,울산광역시 울주군
1,왕방경로당,울산광역시,울주군,31710,울산광역시 울주군 삼동면 왕방길 1,울산광역시 울주군 삼동면 하잠리 739-3,35.515496,129.159057,30,울산광역시 울주군청,052-204-2543,울산울주경찰서,N,,,2024-10-11,3730000,울산광역시 울주군
1,향교경로당,울산광역시,울주군,31710,울산광역시 울주군 삼남읍 서상평길 15-3,울산광역시 울주군 삼남읍 교동리 1583-8,35.5601443856,129.1149851131,30,울산광역시 울주군청,052-204-2543,울산울주경찰서,N,,,2024-10-11,3730000,울산광역시 울주군
1,신복경로당,울산광역시,울주군,31710,울산광역시 울주군 삼남읍 신복길 6,울산광역시 울주군 삼남읍 상천리 164-30,35.5320633637,129.116452,30,울산광역시 울주군청,052-204-2543,울산울주경찰서,N,,,2024-10-11,3730000,울산광역시 울주군
1,상방경로당,울산광역시,울주군,31710,울산광역시 울주군 삼남읍 방기8길 29,울산광역시 울주군 삼남읍 방기리 956-7,35.510402,129.0803661281,30,울산광역시 울주군청,052-204-2543,울산울주경찰서,N,,,2024-10-11,3730000,울산광역시 울주군
1,귀덕3리 경로당,제주특별자치도,제주시,50110,제주특별자치도 제주시 한림읍 한수풀로 337,제주특별자치도 제주시 한림읍 귀덕리 2074,33.41923723,126.2962884,30,제주특별자치도 자치경찰단,064-710-6277,제주서부경찰서,N,,,2025-12-24,6500000,제주특별자치도
1,대림리 경로당,제주특별자치도,제주시,50110,제주특별자치도 제주시 한림읍 한수풀로 180,제주특별자치도 제주시 한림읍 대림리 765-1,33.42233755,126.2812298,30,제주특별자치도 자치경찰단,064-710-6277,제주서부경찰서,N,,,2025-12-24,6500000,제주특별자치도
1,한수리 노인복지회관,제주특별자치도,제주시,50110,제주특별자치도 제주시 한림읍 한림로 741,제주특별자치도 제주시 한림읍 한수리 885-1,33.42112642,126.2633814,30,제주특별자치도 자치경찰단,064-710-6277,제주서부경찰서,N,,,2025-12-24,6500000,제주특별자치도
1,협재리 경로당,제주특별자치도,제주시,50110,제주특별자치도 제주시 한림읍 한림로 400-7,제주특별자치도 제주시 한림읍 협재리 1560-1,33.39761867,126.2459073,30,제주특별자치도 자치경찰단,064-710-6277,제주서부경찰서,N,,,2025-12-24,6500000,제주특별자치도
1,상대리경로당,제주특별자치도,제주시,50110,제주특별자치도 제주시 한림읍 중산간서로 4960,제주특별자치도 제주시 한림읍 상대리 2720-3,33.40781955,126.2939659,30,제주특별자치도 자치경찰단,064-710-6277,제주서부경찰서,N,,,2025-12-24,6500000,제주특별자치도
1,월림리 경로당,제주특별자치도,제주시,50110,제주특별자치도 제주시 한림읍 중산간서로 3876,제주특별자치도 제주시 한림읍 월림리 2351-1,33.34977321,126.2567852,30,제주특별자치도 자치경찰단,064-710-6277,제주서부경찰서,N,,,2025-12-24,6500000,제주특별자치도
1,한림3리 경로당,제주특별자치도,제주시,50110,제주특별자치도 제주시 한림읍 장원길 87,제주특별자치도 제주시 한림읍 한림리 89-1,33.41282755,126.2842305,30,제주특별자치도 자치경찰단,064-710-6277,제주서부경찰서,N,,,2025-12-24,6500000,제주특별자치도
1,월령리사무소,제주특별자치도,제주시,50110,제주특별자치도 제주시 한림읍 월령1길 11,제주특별자치도 제주시 한림읍 월령리 424-1,33.37598134,126.2156491,50,제주특별자치도 자치경찰단,064-710-6277,제주서부경찰서,N,,,2025-12-24,6500000,제주특별자치도
1,옹포리 경로당,제주특별자치도,제주시,50110,제주특별자치도 제주시 한림읍 월계로 21,제주특별자치도 제주시 한림읍 옹포리 117-1,33.40356781,126.2558094,50,제주특별자치도 자치경찰단,064-710-6277,제주서부경찰서,N,,,2025-12-24,6500000,제주특별자치도
1,수원리 경로당,제주특별자치도,제주시,50110,제주특별자치도 제주시 한림읍 수원9길 2,제주특별자치도 제주시 한림읍 수원리 277-16,33.42747279,126.2705844,30,제주특별자치도 자치경찰단,064-710-6277,제주서부경찰서,N,,,2025-12-24,6500000,제주특별자치도
1,성이시돌요양원,제주특별자치도,제주시,50110,제주특별자치도 제주시 한림읍 산록남로 60,제주특별자치도 제주시 한림읍 금악리 109,33.34427751,126.3225092,30,제주특별자치도 자치경찰단,064-710-6277,제주서부경찰서,N,,,2025-12-24,6500000,제주특별자치도
2,서곶공원,인천광역시,서구,28260,인천광역시 서구 간촌로 39번길,인천광역시 서구 연희동 산41-2,37.5483592,126.6784405,30,인천광역시 서구,032-560-4858,인천서부경찰서,N,,,2025-11-10,3560000,인천광역시 서구
2,검단노인복지회관,인천광역시,서구,28260,인천광역시 서구 검단로502번길 15-1,인천광역시 서구 가정동 519-21,37.60223975,126.6609564,30,인천광역시 서구,032-560-4858,인천서부경찰서,N,,,2025-11-10,3560000,인천광역시 서구
2,가정1동경로당,인천광역시,서구,28260,인천광역시 서구 가경주로20번길 1,인천광역시 서구 가정동 519-21,37.51511594,126.6736412,30,인천광역시 서구,032-560-4858,인천서부경찰서,N,,,2025-11-10,3560000,인천광역시 서구
2,경서동경로당,인천광역시,서구,28260,인천광역시 서구 경서로55번길 7,인천광역시 서구 경서동 744-13,37.55714817,126.652795,30,인천광역시 서구,032-560-4858,인천서부경찰서,N,,,2025-11-10,3560000,인천광역시 서구
2,검단경로당,인천광역시,서구,28260,인천광역시 서구 완정로165번안길 12,인천광역시 서구 왕길동 670-9,37.60047242,126.6587199,30,인천광역시 서구,032-560-4858,인천서부경찰서,N,,,2025-11-10,3560000,인천광역시 서구
2,방현경로당,인천광역시,서구,28260,인천광역시 서구 검단로 487번길 18,인천광역시 서구 마전동 928-14,37.60386585,126.659359,30,인천광역시 서구,032-560-4858,인천서부경찰서,N,,,2025-11-10,3560000,인천광역시 서구
2,가좌노인문화센터,인천광역시,서구,28260,인천광역시 서구 장고개로 387,인천광역시 서구 가좌동 2-3,37.49558957,126.691261,30,인천광역시 서구,032-560-4858,인천서부경찰서,N,,,2025-11-10,3560000,인천광역시 서구
1,동외동 만수경로당(마을회관),전라남도,순천시,46150,전라남도 순천시 환선로 53,전라남도 순천시 동외동 209-7,34.960115,127.487258,30,전라남도 순천시,061-749-6357,순천경찰서,Y,1,8,2025-05-19,4820000,전라남도 순천시
1,조례노인복지센터,전라남도,순천시,46150,전라남도 순천시 신월큰길 54,전라남도 순천시 조례동 1666,34.9612969,127.5160932,30,전라남도 순천시,061-749-6357,순천경찰서,N,0,15,2025-05-19,4820000,전라남도 순천시
1,인제노인복지센터,전라남도,순천시,46150,전라남도 순천시 저전길 84,전라남도 순천시 인제동 101-6,34.94634798,127.4846998,30,전라남도 순천시,061-749-6357,순천경찰서,N,0,8,2025-05-19,4820000,전라남도 순천시
1,남부종합복지관,전라남도,순천시,46150,전라남도 순천시 장평로 60,전라남도 순천시 풍덕동 1264,34.94514679,127.496090,30,전라남도 순천시,061-749-6357,순천경찰서,N,0,8,2025-05-19,4820000,전라남도 순천시
1,노인회관,전라남도,순천시,46150,전라남도 순천시 장천안길 8,전라남도 순천시 장천동 79-5,34.94884537,127.4865872,30,전라남도 순천시,061-749-6357,순천경찰서,N,0,15,2025-05-19,4820000,전라남도 순천시
1,동부종합복지관,전라남도,순천시,46150,전라남도 순천시 장선배기길 18(조례동),전라남도 순천시 조례동 1600-1,34.9527592,127.524488,30,전라남도 순천시,061-749-6357,순천경찰서,Y,2,15,2025-05-19,4820000,전라남도 순천시
1,노인종합복지관(용당),전라남도,순천시,46150,전라남도 순천시 용당신흥길 66,전라남도 순천시 용당동 532-1,34.96807084,127.4901032,30,전라남도 순천시,061-749-6357,순천경찰서,Y,2,10,2025-05-19,4820000,전라남도 순천시
1,방이경로당,서울특별시,송파구,11710,서울특별시 송파구 가락로39길 11,서울특별시 송파구 방이동 139,37.51190928,127.1177082,30,서울특별시 송파구,02-2147-3130,송파경찰서,N,0,3.0~5.0,2025-11-20,3230000,서울특별시 송파구
1,마천경로당,서울특별시,송파구,11710,서울특별시 송파구 성내천로38길 4,서울특별시 송파구 마천동 200-35,37.49779349,127.1536523,30,서울특별시 송파구,02-2147-3130,송파경찰서,N,0,5,2025-11-20,3230000,서울특별시 송파구
1,거여새마을경로당,서울특별시,송파구,11710,서울특별시 송파구 오금로62길 13-3,서울특별시 송파구 거여동 29,37.4921999,127.1467477,30,서울특별시 송파구,02-2147-3130,송파경찰서,N,0,5.6~7.5,2025-11-20,3230000,서울특별시 송파구
1,오금경로당,서울특별시,송파구,11710,서울특별시 송파구 성내천로10길 4,서울특별시 송파구 오금동 61-6,37.50207742,127.136241,30,서울특별시 송파구,02-2147-3130,송파경찰서,N,0,7.9~16.8,2025-11-20,3230000,서울특별시 송파구
1,풍납제1경로당,서울특별시,송파구,11710,서울특별시 송파구 풍성로 67,서울특별시 송파구 풍납동 493-17,37.53360364,127.1200076,30,서울특별시 송파구,02-2147-3130,송파경찰서,N,0,8~12,2025-11-20,3230000,서울특별시 송파구
1,돌마리경로당,서울특별시,송파구,11710,서울특별시 송파구 가락로7길 4,서울특별시 송파구 석촌동 258,37.50061906,127.1032629,30,서울특별시 송파구,02-2147-3130,송파경찰서,N,0,3~4,2025-11-20,3230000,서울특별시 송파구
01,어진샘노인종합복지회관,부산광역시,해운대구,26350,부산광역시 해운대구 재반로12번길 16,,35.17966921,129.1275323,30,부산광역시 해운대구청,051-749-4514,부산광역시 해운대경찰서,N,,,2025-12-08,3330000,부산광역시 해운대구
01,면류관노인대학,부산광역시,해운대구,26350,부산광역시 해운대구 재반로112번길 10,,35.188376,129.1274941,30,부산광역시 해운대구청,051-749-4514,부산광역시 해운대경찰서,N,,,2025-12-08,3330000,부산광역시 해운대구
1,광명노인종합복지관,경기도,광명시,41210,경기도 광명시 소하로 25,경기도 광명시 소하동 1291,37.45222183,126.8849707,30,경기도 광명시청,02-2680-2598,광명경찰서,N,,,2025-12-11,3900000,경기도 광명시
1,광명노인요양센터,경기도,광명시,41210,경기도 광명시 오리로 613,경기도 광명시 하안동 230,37.4554118,126.8781663,60,경기도 광명시청,02-2680-2598,광명경찰서,N,,,2025-12-11,3900000,경기도 광명시
1,광덕1리마을회관,경상북도,김천시,50600,경상북도 김천시 감문면 가척1길 6,경상북도 김천시 감문면 광덕리 906-1,36.23672887,128.1997451,60,경상북도 김천시청,054-420-6661,김천경찰서,N,,,2025-12-05,5060000,경상북도 김천시
1,월명성모의집,경상북도,김천시,50600,경상북도 김천시 남면 주천로1448-16,경상북도 김천시 남면 월명리 222-9,36.05195689,128.2709749,60,경상북도 김천시청,054-420-6661,김천경찰서,N,,,2025-12-05,5060000,경상북도 김천시
1,화전1리마을회관,경상북도,김천시,50600,경상북도 김천시 대덕면 화전1길73,경상북도 김천시 대덕면 화전리 820,35.8973945,127.9435244,60,경상북도 김천시청,054-420-6661,김천경찰서,N,,,2025-12-05,5060000,경상북도 김천시
1,교전경로당,경상북도,김천시,50600,경상북도 김천시 감문면 문화로252-1,경상북도 김천시 감문면 남곡리 251-1,36.21069538,128.1412928,60,경상북도 김천시청,054-420-6661,김천경찰서,N,,,2025-12-05,5060000,경상북도 김천시
1,문무리경로당,경상북도,김천시,50600,경상북도 김천시 감문면 문무2길4,경상북도 김천시 감문면 문무리 641,36.23239851,128.1240046,60,경상북도 김천시청,054-420-6661,김천경찰서,N,,,2025-12-05,5060000,경상북도 김천시
1,새터경로당,경상북도,김천시,50600,경상북도 김천시 아포읍 포아로386-2,경상북도 김천시 아포읍 예리 산51-6,36.18228929,128.2729234,60,경상북도 김천시청,054-420-6661,김천경찰서,N,,,2025-12-05,5060000,경상북도 김천시
1,노곡리경로당,경상북도,김천시,50600,경상북도 김천시 농소면 노곡길73,경상북도 김천시 농소면 노곡리 522,36.06977628,128.205844,60,경상북도 김천시청,054-420-6661,김천경찰서,N,,,2025-12-05,5060000,경상북도 김천시
1,입석리경로당,경상북도,김천시,50600,경상북도 김천시 농소면 입석길48,경상북도 김천시 농소면 입석리 1416-7,36.09105898,128.1846231,30,경상북도 김천시청,054-420-6661,김천경찰서,N,,,2025-12-05,5060000,경상북도 김천시
1,송지리 노인회관,경상북도,상주시,47250,경상북도 상주시 신상송지길 99,경상북도 상주시 외남면 송지리 206-2,36.359808,128.079457,30,경상북도 상주시,054-537-7552,상주경찰서,N,,,2025-12-10,5110000,경상북도 상주시
1,안용2리 마을회관,경상북도,상주시,47250,경상북도 상주시 양범안룡길 360,경상북도 상주시 이안면 안용리 454-2,36.594001,128.120355,30,경상북도 상주시,054-537-7552,상주경찰서,N,,,2025-12-10,5110000,경상북도 상주시
1,우산2리 마을회관,경상북도,상주시,47250,경상북도 상주시 우산2길 23-21,경상북도 상주시 외서면 우산리 208-9,36.465546,128.063052,30,경상북도 상주시,054-537-7552,상주경찰서,N,,,2025-12-10,5110000,경상북도 상주시
1,평지1리 마을회관,경상북도,상주시,47250,경상북도 상주시 평지길 70,경상북도 상주시 내서면 평지리 610,36.396457,128.022267,30,경상북도 상주시,054-537-7552,상주경찰서,N,,,2025-12-10,5110000,경상북도 상주시
1,서만2리 마을회관,경상북도,상주시,47250,경상북도 상주시 서만4길 2,경상북도 상주시 내서면 서만리 201-2,36.450265,128.1823087,30,경상북도 상주시,054-537-7552,상주경찰서,N,,,2025-12-10,5110000,경상북도 상주시
1,지산1리 마을회관,경상북도,상주시,47250,경상북도 상주시 낙운로 238,경상북도 상주시 모서면 지산리 118-4,36.345456,127.950894,30,경상북도 상주시,054-537-7552,상주경찰서,N,,,2025-12-10,5110000,경상북도 상주시
1,구잠1리 마을회관,경상북도,상주시,47250,경상북도 상주시 낙운로 238,경상북도 상주시 낙동면 구잠리 659-1,36.372841,128.276258,30,경상북도 상주시,054-537-7552,상주경찰서,N,,,2025-12-10,5110000,경상북도 상주시
1,간상1~2리 마을회관,경상북도,상주시,47250,경상북도 상주시 간상1길 22,경상북도 상주시 중동면 간상리 899-2,36.417795,128.1823087,30,경상북도 상주시,054-537-7552,상주경찰서,N,,,2025-12-10,5110000,경상북도 상주시
01,와촌리 경로당,충청남도,청양군,44790,충청남도 청양군 정산면 새울길321-15,충청남도 청양군 정산면 와촌리 148-1,36.39343843,126.9284613,30,충청남도 청양군,041-940-2984,청양경찰서,Y,1,6.5,2025-12-04,4590000,충청남도 청양군
01,작천리 경로당,충청남도,청양군,44790,충청남도 청양군 대치면 까치내로 689,충청남도 청양군 대치면 작천리 54-1,36.39410299,126.8605508,30,충청남도 청양군,041-940-2984,청양경찰서,Y,1,13,2025-12-04,4590000,충청남도 청양군
01,구룡1리 경로당,충청남도,청양군,44790,충청남도 청양군 남양면 구용길 394-7,충청남도 청양군 남양면 구룡리 157,36.40421253,126.770762,30,충청남도 청양군,041-940-2984,청양경찰서,Y,1,8.5,2025-12-04,4590000,충청남도 청양군
01,흥산2리 경로당,충청남도,청양군,44790,충청남도 청양군 남양면 만수로 1237,충청남도 청양군 남양면 흥산리 289-18,36.3764455,126.7509063,30,충청남도 청양군,041-940-2984,청양경찰서,Y,1,8,2025-12-04,4590000,충청남도 청양군
01,금정1리 경로당,충청남도,청양군,44790,충청남도 청양군 남양면 만수로 1832,충청남도 청양군 남양면 금정리 356-2,36.411659,126.796233,30,충청남도 청양군,041-940-2984,청양경찰서,Y,1,8.5,2025-12-04,4590000,충청남도 청양군
01,강정리 경로당,충청남도,청양군,44790,충청남도 청양군 비봉면 록평용당로 680-1,충청남도 청양군 비봉면 강정리 277-5,36.51443131,126.776146,30,충청남도 청양군,041-940-2984,청양경찰서,Y,2,8,2025-12-04,4590000,충청남도 청양군
01,낙지리 경로당,충청남도,청양군,44790,충청남도 청양군 장평면 까치내로 310-7,충청남도 청양군 장평면 락지리 263-1,36.36598593,126.8824717,30,충청남도 청양군,041-940-2984,청양경찰서,N,0,8.5,2025-12-04,4590000,충청남도 청양군
01,대봉1리 경로당,충청남도,청양군,44790,충청남도 청양군 남양면 구용길 240,충청남도 청양군 남양면 대봉리 197-2,36.397774,126.783961,30,충청남도 청양군,041-940-2984,청양경찰서,Y,1,8.5,2025-12-04,4590000,충청남도 청양군
01,금정2리 경로당,충청남도,청양군,44790,충청남도 청양군 남양면 만수로 1888,충청남도 청양군 남양면 금정리 66-1,36.41550153,126.800399,30,충청남도 청양군,041-940-2984,청양경찰서,Y,2,8.5,2025-12-04,4590000,충청남도 청양군
01,청양군 노인복지관,충청남도,청양군,44790,충청남도 청양군 청양읍 칠갑산로2길 4,충청남도 청양군 청양읍 읍내리 188-5,36.45085926,126.800135,30,충청남도 청양군,041-940-2984,청양경찰서,Y,7,14,2025-12-04,4590000,충청남도 청양군
01,청양군 노인요양원,충청남도,청양군,44790,충청남도 청양군 운곡면 청신로 1341-4,충청남도 청양군 운곡면 광암리 633-2,36.56519729,126.854474,30,충청남도 청양군,041-940-2984,청양경찰서,Y,1,8.5,2025-12-04,4590000,충청남도 청양군
1,개금사회복지관 경로당,부산광역시,부산진구,26230,부산광역시 부산진구 백양관문로77번길 140,,35.16412643,129.0249944,30,부산광역시 부산진구,051-605-4552,부산진경찰서,N,,,2025-12-11,3290000,부산광역시 부산진구
1,부산진구노인복지관 신암분관,부산광역시,부산진구,26230,부산광역시 부산진구 신암로135번길 35,,35.1514588,129.0484067,30,부산광역시 부산진구,051-605-4552,부산진경찰서,N,,,2025-12-11,3290000,부산광역시 부산진구
1,부산진구노인복지관,부산광역시,부산진구,26230,부산광역시 부산진구 전포대로300번길 6,,35.1640492,129.0658461,30,부산광역시 부산진구,051-605-4552,부산진경찰서,Y,,,2025-12-11,3290000,부산광역시 부산진구
1,대한노인회 부산진구지회 부설 노인대학,부산광역시,부산진구,26230,부산광역시 부산진구 백양순환로110번길 5,,35.16978518,129.0394194,30,부산광역시 부산진구,051-605-4552,부산진경찰서,Y,,,2025-12-11,3290000,부산광역시 부산진구
1,관음노인대학,부산광역시,부산진구,26230,부산광역시 부산진구 백양관문로77번길 140,,35.16412643,129.0249944,30,부산광역시 부산진구,051-605-4552,부산진경찰서,N,,,2025-12-11,3290000,부산광역시 부산진구
1,부산광역시 다사랑 복합문화예술회관,부산광역시,부산진구,26230,부산광역시 부산진구 대학로 60,,35.15044055,129.0344066,30,부산광역시 부산진구,051-605-4552,부산진경찰서,Y,,,2025-12-11,3290000,부산광역시 부산진구
01,장산노인복지관,부산광역시,해운대구,26350,부산광역시 해운대구 좌동로 126,,35.17379449,129.178782,30,부산광역시 해운대구청,051-749-4514,부산광역시 해운대경찰서,N,,,2025-12-08,3330000,부산광역시 해운대구
01,은하재가노인복지센타,부산광역시,해운대구,26350,부산광역시 해운대구 반송로 832,,35.227771,129.147058,30,부산광역시 해운대구청,051-749-4514,부산광역시 해운대경찰서,N,,,2025-12-08,3330000,부산광역시 해운대구
01,영화어르신의집,부산광역시,해운대구,26350,부산광역시 해운대구 재송2로90번길 25,,35.191738,129.1340975,30,부산광역시 해운대구청,051-749-4514,부산광역시 해운대경찰서,N,,,2025-12-08,3330000,부산광역시 해운대구
01,영진종합사회복지관,부산광역시,해운대구,26350,부산광역시 해운대구 반여로 165,,35.20575951,129.1263373,30,부산광역시 해운대구청,051-749-4514,부산광역시 해운대경찰서,N,,,2025-12-08,3330000,부산광역시 해운대구
1,향교,대구광역시,중구,34101,대구광역시 중구 명륜로 110,대구광역시 중구 남산동 735-12,35.8599407,128.5962585,40,대구광역시 중구청,053-661-3175,대구광역시 중부경찰서,Y,2,8~20,2025-07-02,3410000,대구광역시 중구
1,경상감영공원,대구광역시,중구,34100,대구광역시 중구 경상감영길 99,대구광역시 중구 포정동 21,35.87267548,128.5916854,30,대구광역시 중구청,053-661-3174,대구광역시 중부경찰서,Y,1,6~10,2025-07-02,3410000,대구광역시 중구
1,달성공원,대구광역시,중구,34100,대구광역시 중구 달성공원로 35,대구광역시 중구 달성동 294-3,35.87339884,128.5759201,30,대구광역시 중구청,053-661-3174,대구광역시 중부경찰서,Y,2,15~20,2025-07-02,3410000,대구광역시 중구
1,질신1리 경로당,충청북도,보은군,43720,,충청북도 보은군 수한면 질신리 185-1,36.444469,127.669143,30,충청북도 보은군청,043-540-3432,보은경찰서,N,0,8,2024-08-09,4420000,충청북도 보은군
1,소계리 경로당,충청북도,보은군,43720,,충청북도 보은군 수한면 소계리 126-1,36.452957,127.697928,30,충청북도 보은군청,043-540-3432,보은경찰서,N,0,8,2024-08-09,4420000,충청북도 보은군
1,장안1리 경로당,충청북도,보은군,43720,,충청북도 보은군 장안면 장안리 42-1,36.473556,127.791733,30,충청북도 보은군청,043-540-3432,보은경찰서,N,0,8,2024-08-09,4420000,충청북도 보은군
1,갈티리 경로당,충청북도,보은군,43720,,충청북도 보은군 회인면 갈티리 54-7,36.52000901,127.625615,30,충청북도 보은군청,043-540-3432,보은경찰서,N,0,8,2024-08-09,4420000,충청북도 보은군
1,신대리 경로당,충청북도,보은군,43720,,충청북도 보은군 회인면 신대리 131-9,36.466981,127.5916052,30,충청북도 보은군청,043-540-3432,보은경찰서,N,0,8,2024-08-09,4420000,충청북도 보은군
1,산책하는요양원,전라남도,목포시,46110,,전라남도 목포시 상동 383-5,34.8120837,126.4118574,30,전라남도 목포시,061-270-3683,목포경찰서,N,,4,2025-06-25,4800000,전라남도 목포시
1,하당노인복지회관,전라남도,목포시,46110,전라남도 목포시 입암로20번길 25,전라남도 목포시 상동 942,34.79969282,126.4189142,30,전라남도 목포시,061-270-3683,목포경찰서,N,,10,2025-06-25,4800000,전라남도 목포시
1,하나노인복지회관,전라남도,목포시,46110,전라남도 목포시 해안로229번길 9-1,전라남도 목포시 영해동1가 11-1,34.78618131,126.3858987,30,전라남도 목포시,061-270-3683,목포경찰서,N,,12,2025-06-25,4800000,전라남도 목포시
1,이랜드복지관,전라남도,목포시,46110,전라남도 목포시 용당로161번길 14,전라남도 목포시 용당동 947-180,34.80185116,126.3992256,30,전라남도 목포시,061-270-3683,목포경찰서,N,,12,2025-06-25,4800000,전라남도 목포시
1,목포노인복지회관,전라남도,목포시,46110,전라남도 목포시 호남로67번길 7,전라남도 목포시 호남동 9-3,34.79477628,126.3862705,30,전라남도 목포시,061-270-3683,목포경찰서,N,,8,2025-06-25,4800000,전라남도 목포시
1,필산경로당,경기도,안성시,41550,경기도 안성시 미양면 서변2길 6,경기도 안성시 미양면 양변리 316-4번지,36.95391375,127.2401077,30,경기도 안성시,031-678-2812,안성경찰서,N,,4,2025-11-20,4080000,경기도 안성시
1,서변경로당,경기도,안성시,41550,경기도 안성시 미양면 서변2길 6,경기도 안성시 미양면 양변리 316-4번지,36.95391375,127.2401077,30,경기도 안성시,031-678-2812,안성경찰서,N,,4,2025-11-20,4080000,경기도 안성시
1,꽃뫼마을경로당,경기도,안성시,41550,경기도 안성시 고삼면 이전봉산길 235,경기도 안성시 고삼면 봉산리 296-3번지,37.07400205,127.288906,30,경기도 안성시,031-678-2812,안성경찰서,N,,4,2025-11-20,4080000,경기도 안성시
1,쌍지1구경로당,경기도,안성시,41550,경기도 안성시 고삼면 쌍지길 213,경기도 안성시 고삼면 쌍지리 230-2번지,37.115886,127.2850512,30,경기도 안성시,031-678-2812,안성경찰서,N,,4,2025-11-20,4080000,경기도 안성시
1,견내경로당,경기도,안성시,41550,경기도 안성시 대덕면 한사울길 68,경기도 안성시 대덕면 삼한리 452-5번지,37.058115,127.272823,30,경기도 안성시,031-678-2812,안성경찰서,N,,4,2025-11-20,4080000,경기도 안성시
1,개리촌경로당,경기도,안성시,41550,경기도 안성시 미양면 개정길 87,경기도 안성시 미양면 개정리 231-2번지,36.955539,127.194517,30,경기도 안성시,031-678-2812,안성경찰서,N,,4,2025-11-20,4080000,경기도 안성시
1,영동경로당,경기도,안성시,41550,경기도 안성시 중앙로420번길 3,경기도 안성시 영동 531번지,37.006669,127.273328,30,경기도 안성시,031-678-2812,안성경찰서,N,,4,2025-11-20,4080000,경기도 안성시
1,중동경로당,경기도,안성시,41550,경기도 안성시 서운면 바우덕이로 93,경기도 안성시 서운면 인리 8-2번지,36.94673277,127.269029,30,경기도 안성시,031-678-2812,안성경찰서,N,,4,2025-11-20,4080000,경기도 안성시
1,상장경로당,경기도,안성시,41550,경기도 안성시 삼죽면 상삼로 154,경기도 안성시 삼죽면 내장리 183-9번지,37.08507578,127.4036608,30,경기도 안성시,031-678-2812,안성경찰서,N,,4,2025-11-20,4080000,경기도 안성시
1,가사2통 경로당,경기도,안성시,41550,경기도 안성시 가사길 16,경기도 안성시 가사동 119-4번지,37.00944475,127.2834882,30,경기도 안성시,031-678-2812,안성경찰서,N,,4,2025-11-20,4080000,경기도 안성시
1,미륵당 경로당,경기도,안성시,41550,경기도 안성시 죽산면 미륵당길 16,경기도 안성시 죽산면 매산리 379-4번지,37.08575104,127.4356745,30,경기도 안성시,031-678-2812,안성경찰서,N,,4,2025-11-20,4080000,경기도 안성시
1,덕현 경로당,경기도,안성시,41550,경기도 안성시 일죽면 덕현길 81,경기도 안성시 일죽면 신흥리 399-12번지,37.12608742,127.4788808,30,경기도 안성시,031-678-2812,안성경찰서,N,,4,2025-11-20,4080000,경기도 안성시
1,무어산 경로당,경기도,안성시,41550,경기도 안성시 대덕면 무어산길 145,경기도 안성시 대덕면 무능리 55-2번지,37.05443083,127.226627,30,경기도 안성시,031-678-2812,안성경찰서,N,,4,2025-11-20,4080000,경기도 안성시
1,용현 경로당,경기도,안성시,41550,경기도 안성시 대덕면 미륵로 38,경기도 안성시 대덕면 진현리 361-3번지,37.05240285,127.2623687,30,경기도 안성시,031-678-2812,안성경찰서,N,,4,2025-11-20,4080000,경기도 안성시
1,외가천리 경로당,경기도,안성시,41550,경기도 안성시 원곡면 가천중앙1길 34,경기도 안성시 원곡면 외가천리 229-2번지,37.03827929,127.1294569,30,경기도 안성시,031-678-2812,안성경찰서,N,,4,2025-11-20,4080000,경기도 안성시
1,명월리 경로당,제주특별자치도,제주시,50110,제주특별자치도 제주시 한림읍 명월로 102,제주특별자치도 제주시 한림읍 명월리 1616-2,33.38430347,126.2672836,30,제주특별자치도 자치경찰단,064-710-6277,제주서부경찰서,N,,,2025-12-24,6500000,제주특별자치도
1,한림2리 경로당,제주특별자치도,제주시,50110,제주특별자치도 제주시 한림읍 명랑로 37-4,제주특별자치도 제주시 한림읍 한림리 1013-4,33.41457466,126.2689267,30,제주특별자치도 자치경찰단,064-710-6277,제주서부경찰서,N,,,2025-12-24,6500000,제주특별자치도
1,금능리 경로당,제주특별자치도,제주시,50110,제주특별자치도 제주시 한림읍 금능길 39,제주특별자치도 제주시 한림읍 금능리 1368,33.38796074,126.227319,30,제주특별자치도 자치경찰단,064-710-6277,제주서부경찰서,N,,,2025-12-24,6500000,제주특별자치도
1,조수1리 경로당,제주특별자치도,제주시,50110,제주특별자치도 제주시 한경면 홍수암로 565,제주특별자치도 제주시 한경면 조수리 418,33.33729681,126.2284264,30,제주특별자치도 자치경찰단,064-710-6277,제주서부경찰서,N,,,2025-12-24,6500000,제주특별자치도
1,저지리 경로당,제주특별자치도,제주시,50110,제주특별자치도 제주시 한경면 중산간서로 3675,제주특별자치도 제주시 한경면 저지리 1863-1,33.3327001,126.2558494,30,제주특별자치도 자치경찰단,064-710-6277,제주서부경찰서,N,,,2025-12-24,6500000,제주특별자치도
1,산양리 복지회관,제주특별자치도,제주시,50110,제주특별자치도 제주시 한경면 중산간서로 3169,제주특별자치도 제주시 한경면 청수리 3256-3,33.29404257,126.2329185,30,제주특별자치도 자치경찰단,064-710-6277,제주서부경찰서,N,,,2025-12-24,6500000,제주특별자치도
1,용당리 경로당,제주특별자치도,제주시,50110,제주특별자치도 제주시 한경면 일주서로 4117,제주특별자치도 제주시 한경면 용수리 1052,33.3339089,126.1811543,50,제주특별자치도 자치경찰단,064-710-6277,제주서부경찰서,N,,,2025-12-24,6500000,제주특별자치도
1,수동마을회관,제주특별자치도,제주시,50110,제주특별자치도 제주시 한경면 용금로 529,제주특별자치도 제주시 한경면 저지리 1198,33.33721193,126.2363404,30,제주특별자치도 자치경찰단,064-710-6277,제주서부경찰서,N,,,2025-12-24,6500000,제주특별자치도
1,신창상동 경로당,제주특별자치도,제주시,50110,제주특별자치도 제주시 한경면 신한로 41,제주특별자치도 제주시 한경면 신창리 169-1,33.34864452,126.1870722,30,제주특별자치도 자치경찰단,064-710-6277,제주서부경찰서,N,,,2025-12-24,6500000,제주특별자치도
1,한원리 경로당,제주특별자치도,제주시,50110,제주특별자치도 제주시 한경면 신한로 185,제주특별자치도 제주시 한경면 두모리 1498-1,33.33861008,126.1962557,30,제주특별자치도 자치경찰단,064-710-6277,제주서부경찰서,N,,,2025-12-24,6500000,제주특별자치도
1,낙천리 경로당,제주특별자치도,제주시,50110,제주특별자치도 제주시 한경면 낙수로 117,제주특별자치도 제주시 한경면 낙천리 1927,33.32662215,126.2275933,30,제주특별자치도 자치경찰단,064-710-6277,제주서부경찰서,N,,,2025-12-24,6500000,제주특별자치도
1,성지요양원,제주특별자치도,제주시,50110,제주특별자치도 제주시 통물길 122,제주특별자치도 제주시 외도일동 132-1,33.48253799,126.4378471,30,제주특별자치도 자치경찰단,064-710-6277,제주서부경찰서,N,,,2025-12-24,6500000,제주특별자치도
1,은빛마을노인복지센터,제주특별자치도,제주시,50110,제주특별자치도 제주시 조천읍 함덕20길 42,제주특별자치도 제주시 조천읍 함덕리 1422-6,33.53824806,126.6669219,30,제주특별자치도 자치경찰단,064-710-6277,제주동부경찰서,N,,,2025-12-24,6500000,제주특별자치도
1,대흘1리 경로당,제주특별자치도,제주시,50110,제주특별자치도 제주시 조천읍 중산간동로 643,제주특별자치도 제주시 조천읍 대흘리 2237-1,33.49868642,126.6542542,30,제주특별자치도 자치경찰단,064-710-6277,제주동부경찰서,N,,,2025-12-24,6500000,제주특별자치도
01,중묵리 노인회관,충청남도,청양군,44790,충청남도 청양군 비봉면 중묵운곡로 39,충청남도 청양군 비봉면 중묵리 547-2,36.489887,126.7939707,30,충청남도 청양군,041-940-2984,청양경찰서,Y,1,6.5,2025-12-04,4590000,충청남도 청양군
01,지천리 노인회관,충청남도,청양군,44790,충청남도 청양군 장평면 지천로 1241-6,충청남도 청양군 장평면 지천리 162-2,36.388236,126.860528,30,충청남도 청양군,041-940-2984,청양경찰서,Y,1,6.5,2025-12-04,4590000,충청남도 청양군
01,해남리 노인회관,충청남도,청양군,44790,충청남도 청양군 정산면 해남골길 36-1,충청남도 청양군 정산면 해남리 239-2,36.43962125,126.9550299,30,충청남도 청양군,041-940-2984,청양경찰서,N,0,6.5,2025-12-04,4590000,충청남도 청양군
01,역촌1리 노인회관,충청남도,청양군,44790,충청남도 청양군 정산면 애티길 79,충청남도 청양군 정산면 역촌리 537-5,36.414933,126.9545452,30,충청남도 청양군,041-940-2984,청양경찰서,Y,2,6.5,2025-12-04,4590000,충청남도 청양군
01,이화리 노인회관,충청남도,청양군,44790,충청남도 청양군 대치면 광승길 11,충청남도 청양군 대치면 이화리 169,36.46649421,126.8790892,30,충청남도 청양군,041-940-2984,청양경찰서,Y,1,6.5~12,2025-12-04,4590000,충청남도 청양군
01,광금리 노인회관,충청남도,청양군,44790,충청남도 청양군 대치면 까치내로 1256,충청남도 청양군 대치면 광금리 232-4,36.423184,126.8296334,30,충청남도 청양군,041-940-2984,청양경찰서,Y,2,6.5,2025-12-04,4590000,충청남도 청양군
01,광금리1반 노인회관,충청남도,청양군,44790,충청남도 청양군 대치면 까치내로 1257,충청남도 청양군 대치면 광금리 226-3,36.42336851,126.829316,30,충청남도 청양군,041-940-2984,청양경찰서,Y,1,6.5,2025-12-04,4590000,충청남도 청양군
01,수석리 노인회관,충청남도,청양군,44790,충청남도 청양군 대치면 청산로420,충청남도 청양군 대치면 수석리 350-1,36.470199,126.828736,30,충청남도 청양군,041-940-2984,청양경찰서,Y,1,6.5,2025-12-04,4590000,충청남도 청양군
01,마치1리 경로당,충청남도,청양군,44790,충청남도 청양군 정산면 마치길185,충청남도 청양군 정산면 마치리 153,36.438252,126.914711,30,충청남도 청양군,041-940-2984,청양경찰서,Y,2,8,2025-12-04,4590000,충청남도 청양군
01,구룡3리 경로당,충청남도,청양군,44790,충청남도 청양군 남양면 구용길477,충청남도 청양군 남양면 구룡리 318-29,36.407488,126.762828,30,충청남도 청양군,041-940-2984,청양경찰서,Y,1,8,2025-12-04,4590000,충청남도 청양군
01,정좌1리 경로당,충청남도,청양군,44790,충청남도 청양군 청양읍 갓골길15-4,충청남도 청양군 청양읍 정좌리 275-3,36.429059,126.784456,30,충청남도 청양군,041-940-2984,청양경찰서,Y,1,8,2025-12-04,4590000,충청남도 청양군
1,선흘1리 경로당,제주특별자치도,제주시,50110,제주특별자치도 제주시 조천읍 중산간동로 1280,제주특별자치도 제주시 조천읍 선흘리 1207-2,33.5113721,126.705107,30,제주특별자치도 자치경찰단,064-710-6277,제주동부경찰서,N,,,2025-12-24,6500000,제주특별자치도
1,신흥리 경로당,제주특별자치도,제주시,50110,제주특별자치도 제주시 조천읍 신흥로 40,제주특별자치도 제주시 조천읍 신흥리 144-1,33.54707037,126.652311,30,제주특별자치도 자치경찰단,064-710-6277,제주동부경찰서,N,,,2025-12-24,6500000,제주특별자치도
1,조천리 경로당,제주특별자치도,제주시,50110,제주특별자치도 제주시 조천읍 신북로 262,제주특별자치도 제주시 조천읍 조천리 1220,33.53814693,126.6399665,30,제주특별자치도 자치경찰단,064-710-6277,제주동부경찰서,N,,,2025-12-24,6500000,제주특별자치도
1,월평동 경로당,제주특별자치도,제주시,50110,제주특별자치도 제주시 월평5길 2,제주특별자치도 제주시 월평동 1039-1,33.47005247,126.5753825,30,제주특별자치도 자치경찰단,064-710-6277,제주동부경찰서,N,,,2025-12-24,6500000,제주특별자치도
1,혜주원 요양원,제주특별자치도,제주시,50110,제주특별자치도 제주시 월평4길 24,제주특별자치도 제주시 월평동 921-4,33.46763428,126.5731466,30,제주특별자치도 자치경찰단,064-710-6277,제주동부경찰서,N,,,2025-12-24,6500000,제주특별자치도
1,월성경로당,제주특별자치도,제주시,50110,제주특별자치도 제주시 월성로 30,제주특별자치도 제주시 용담이동 2746-1,33.50154005,126.5049883,30,제주특별자치도 자치경찰단,064-710-6277,제주서부경찰서,N,,,2025-12-24,6500000,제주특별자치도
1,월산마을 경로당,제주특별자치도,제주시,50110,제주특별자치도 제주시 월산남길 5,제주특별자치도 제주시 노형동 3375-1,33.47271908,126.4643848,30,제주특별자치도 자치경찰단,064-710-6277,제주서부경찰서,N,,,2025-12-24,6500000,제주특별자치도
1,제광원,제주특별자치도,제주시,50110,제주특별자치도 제주시 오라남로 57-10,제주특별자치도 제주시 오라이동 269,33.45541596,126.5136982,30,제주특별자치도 자치경찰단,064-710-6277,제주동부경찰서,N,,,2025-12-24,6500000,제주특별자치도
1,영평하동 경로당,제주특별자치도,제주시,50110,제주특별자치도 제주시 영강길 142,제주특별자치도 제주시 영평동 893-3,33.48630822,126.5738944,30,제주특별자치도 자치경찰단,064-710-6277,제주동부경찰서,N,,,2025-12-24,6500000,제주특별자치도
1,광령2리 복지회관,제주특별자치도,제주시,50110,제주특별자치도 제주시 애월읍 하광로 471,제주특별자치도 제주시 애월읍 광령리 3068-1,33.44932043,126.4294917,30,제주특별자치도 자치경찰단,064-710-6277,제주서부경찰서,N,,,2025-12-24,6500000,제주특별자치도
1,내개산경로당,경기도,안성시,41550,경기도 안성시 금광면 내개산길 29,경기도 안성시 금광면 개산리 464번지,36.979262,127.299236,30,경기도 안성시,031-678-2812,안성경찰서,N,,4,2025-11-20,4080000,경기도 안성시
1,신가(남)경로당,경기도,안성시,41550,경기도 안성시 고삼면 고삼호수로 14,경기도 안성시 고삼면 가유리 323-7번지,37.08273676,127.261834,30,경기도 안성시,031-678-2812,안성경찰서,N,,4,2025-11-20,4080000,경기도 안성시
1,문기경로당,경기도,안성시,41550,경기도 안성시 공도읍 문터길 37,경기도 안성시 공도읍 마정리 440-16번지,37.011251,127.196183,30,경기도 안성시,031-678-2812,안성경찰서,N,,4,2025-11-20,4080000,경기도 안성시
1,서운면 서운경로당,경기도,안성시,41550,경기도 안성시 서운면 솔뫼로 235-6,경기도 안성시 서운면 신촌리 9-2번지,36.94320312,127.2579106,30,경기도 안성시,031-678-2812,안성경찰서,N,,4,2025-11-20,4080000,경기도 안성시
1,미양면 신기리경로당,경기도,안성시,41550,경기도 안성시 미양면 신기길 3,경기도 안성시 미양면 신기리 250-1번지,36.99290187,127.2404733,30,경기도 안성시,031-678-2812,안성경찰서,N,,4,2025-11-20,4080000,경기도 안성시
1,안성시 노인복지관,경기도,안성시,41550,경기도 안성시 장기로 109,경기도 안성시 낙원동 68-24번지,37.00434382,127.2750992,30,경기도 안성시,031-678-2812,안성경찰서,N,,4,2025-11-20,4080000,경기도 안성시
1,가현2통 경로당,경기도,안성시,41550,경기도 안성시 가현길 4,경기도 안성시 가현동 147-1번지,37.00385453,127.2835202,30,경기도 안성시,031-678-2812,안성경찰서,N,,4,2025-11-20,4080000,경기도 안성시
1,상촌경로당,경기도,안성시,41550,경기도 안성시 금광면 배티로 209,경기도 안성시 금광면 상중리 392-4번지,36.94767258,127.3152649,30,경기도 안성시,031-678-2812,안성경찰서,N,,4,2025-11-20,4080000,경기도 안성시
1,모리 경로당,충청북도,영동군,43740,충청북도 영동군 학산면 모리1길 38,,36.1118496,127.6476194,30,충청북도 영동군,043-740-3543,영동경찰서,N,,6~8,2025-01-09,4440000,충청북도 영동군
1,상촌리 경로당,충청북도,영동군,43740,,충청북도 영동군 용화면 조동리 231,36.05545681,127.8193102,30,충청북도 영동군,043-740-3543,영동경찰서,N,,6~8,2025-01-09,4440000,충청북도 영동군
1,누교리 경로당,충청북도,영동군,43740,충청북도 영동군 양산면 누교길 8,,36.15929651,127.6336302,30,충청북도 영동군,043-740-3543,영동경찰서,N,,6~8,2025-01-09,4440000,충청북도 영동군
1,마포리 경로당,충청북도,영동군,43740,충청북도 영동군 양강면 마포2길 6,,36.1210912,127.700003,30,충청북도 영동군,043-740-3543,영동경찰서,N,,6~8,2025-01-09,4440000,충청북도 영동군
1,내동경로당,충청북도,영동군,43740,충청북도 영동군 매곡면 민주지산로 3758,,36.20464356,127.9309312,30,충청북도 영동군,043-740-3543,영동경찰서,N,,6~8,2025-01-09,4440000,충청북도 영동군
1,도덕경로당,충청북도,영동군,43740,충청북도 영동군 학산면 도덕리 2길 20,,36.07808204,127.7244905,30,충청북도 영동군,043-740-3543,영동경찰서,N,,6~8,2025-01-09,4440000,충청북도 영동군
1,용산경로당,충청북도,영동군,43740,충청북도 영동군 학산면 용산리1길 7-1,,36.07976886,127.6545753,30,충청북도 영동군,043-740-3543,영동경찰서,N,,6~8,2025-01-09,4440000,충청북도 영동군
1,자계리경로당,충청북도,영동군,43740,충청북도 영동군 용화면 자계길 18,,36.04914266,127.7435791,30,충청북도 영동군,043-740-3543,영동경찰서,N,,6~8,2025-01-09,4440000,충청북도 영동군
1,신암3동 경로당,대구광역시,동구,27140,대구광역시 동구 아양로8길 10-1,대구광역시 동구 신암동 169-11,35.88105463,128.6188893,30,대구광역시 동구,053-662-3593,대구동부경찰서,N,,8,2025-07-31,3420000,대구광역시 동구
1,팔공노인복지관,대구광역시,동구,27140,대구광역시 동구 동북로 393,대구광역시 동구 신암동 132-2,35.8874666,128.6309747,30,대구광역시 동구,053-662-3593,대구동부경찰서,N,,8~35,2025-07-31,3420000,대구광역시 동구
1,지저동경로당,대구광역시,동구,27140,대구광역시 동구 해동로2길 34,대구광역시 동구 지저동 711-2,35.89644511,128.6365532,30,대구광역시 동구,053-662-3593,대구동부경찰서,N,,8,2025-07-31,3420000,대구광역시 동구
1,월천경로당,대구광역시,동구,27140,대구광역시 동구 부동길 45,대구광역시 동구 부동 548-13,35.88964231,128.6835527,30,대구광역시 동구,053-662-3593,대구동부경찰서,Y,1,4~8,2025-07-31,3420000,대구광역시 동구
1,부동경로당,대구광역시,동구,27140,대구광역시 동구 부동길 183,대구광역시 동구 부동 70-1,35.89035868,128.697106,20,대구광역시 동구,053-662-3593,대구동부경찰서,Y,2,3~5,2025-07-31,3420000,대구광역시 동구
1,백안경로당,대구광역시,동구,27140,대구광역시 동구 팔공로207길 47,대구광역시 동구 백안동 492,35.95564728,128.6932769,30,대구광역시 동구,053-662-3593,대구동부경찰서,N,,4~7,2025-07-31,3420000,대구광역시 동구
1,동구노인종합복지관,대구광역시,동구,27140,대구광역시 동구 공항로31길 9-6,대구광역시 동구 불로동 948,35.9019806,128.6300679,30,대구광역시 동구,053-662-3593,대구동부경찰서,N,,4~8,2025-07-31,3420000,대구광역시 동구
1,송파구노인회관,서울특별시,송파구,11710,서울특별시 송파구 송파대로38길 1,서울특별시 송파구 송파동 97-41,37.50071537,127.1118765,30,서울특별시 송파구,02-2147-3130,송파경찰서,Y,1,8~9,2025-11-20,3230000,서울특별시 송파구
1,남천경로당,서울특별시,송파구,11710,서울특별시 송파구 성내천로33가길 16,서울특별시 송파구 마천동 산1-5,37.50000763,127.1545444,30,서울특별시 송파구,02-2147-3130,송파경찰서,Y,2,4,2025-11-20,3230000,서울특별시 송파구
1,송파노인요양센터,서울특별시,송파구,11710,서울특별시 송파구 충민로 184,서울특별시 송파구 장지동 850-2,37.48578447,127.1341609,30,서울특별시 송파구,02-2147-3130,송파경찰서,N,0,25,2025-11-20,3230000,서울특별시 송파구
1,송파노인종합복지관,서울특별시,송파구,11710,서울특별시 송파구 삼학사로 11,서울특별시 송파구 삼전동 172-1,37.4976895,127.0958118,30,서울특별시 송파구,02-2147-3130,송파경찰서,Y,1,10,2025-11-20,3230000,서울특별시 송파구
1,가야2리 마을회관,경기도,여주시,41670,경기도 여주시 강천면 강천로 643,경기도 여주시 강천면 가야리 280-3,37.2588924988,127.6940137911,30,경기도 여주시청,031-887-2623,여주경찰서,Y,1,8,2025-12-22,5700000,경기도 여주시
1,지내리 마을회관,경기도,여주시,41670,경기도 여주시 북내면 지내길 25,경기도 여주시 북내면 지내리 402-4,37.313132224,127.6869156962,30,경기도 여주시청,031-887-2623,여주경찰서,Y,1,7,2025-12-22,5700000,경기도 여주시
1,상구2리 마을회관,경기도,여주시,41670,경기도 여주시 대신면 상구2길 1,경기도 여주시 대신면 상구리 343-1,37.3731452432,127.6415843277,30,경기도 여주시청,031-887-2623,여주경찰서,N,0,7,2025-12-22,5700000,경기도 여주시
01,구룡리 노인회관,충청남도,청양군,44790,충청남도 청양군 장평면 항촌길 85,충청남도 청양군 장평면 구룡리 143-4,36.33220369,126.8644035,30,충청남도 청양군,041-940-2984,청양경찰서,Y,1,6.5,2025-12-04,4590000,충청남도 청양군
01,흥산1리 노인회관,충청남도,청양군,44790,충청남도 청양군 남양면 거북미길 40,충청남도 청양군 남양면 흥산리 95-5,36.38110727,126.758364,30,충청남도 청양군,041-940-2984,청양경찰서,Y,1,6.5,2025-12-04,4590000,충청남도 청양군
01,신왕1리 노인회관,충청남도,청양군,44790,충청남도 청양군 남양면 구봉로 571-1,충청남도 청양군 남양면 신왕리 163-3,36.40283211,126.749323,30,충청남도 청양군,041-940-2984,청양경찰서,Y,1,6.5,2025-12-04,4590000,충청남도 청양군
01,봉암2리 노인회관,충청남도,청양군,44790,충청남도 청양군 남양면 조고실길 43,충청남도 청양군 남양면 봉암리 440-2,36.41893974,126.768122,30,충청남도 청양군,041-940-2984,청양경찰서,Y,1,6.5,2025-12-04,4590000,충청남도 청양군
01,백금1리 노인회관,충청남도,청양군,44790,충청남도 청양군 남양면 도토실길 19-20,충청남도 청양군 남양면 백금리 66-3,36.39850868,126.745225,30,충청남도 청양군,041-940-2984,청양경찰서,Y,1,6.5,2025-12-04,4590000,충청남도 청양군
01,군량리 노인회관,충청남도,청양군,44790,충청남도 청양군 청양읍 식물원길 577,충청남도 청양군 청양읍 군량리 125-4,36.44383251,126.7809133,30,충청남도 청양군,041-940-2984,청양경찰서,Y,1,6.5,2025-12-04,4590000,충청남도 청양군
2,여운포리 노인회관,강원특별자치도,양양군,43510,,강원특별자치도 양양군 손양면 여운포리 51,38.038100,128.696900,30,강원특별자치도 양양군청,033-670-2171,속초경찰서,Y,2,8,2025-06-26,4351000,강원특별자치도 양양군
1,정다운마을,강원특별자치도,양양군,43510,강원특별자치도 양양군 서면 구룡령로 3080-14,,38.055507,128.565955,30,강원특별자치도 양양군청,033-670-2171,속초경찰서,N,,10,2025-06-26,4351000,강원특별자치도 양양군
1,군서면 동계마을회관,전라남도,영암군,46830,전라남도 영암군 군서면 동계길 6,전라남도 영암군 군서면 동구림리 256-5,34.762159,126.625868,30,전라남도 영암군청,061-470-2489,영암경찰서,Y,4,5~9,2024-11-19,4940000,전라남도 영암군
1,영암군 노인복지관,전라남도,영암군,46830,전라남도 영암군 영암읍 오리정길 38,전라남도 영암군 영암읍 춘양리 517,34.7946584,126.7045493,30,전라남도 영암군청,061-470-2489,영암경찰서,Y,2,6~10,2024-11-19,4940000,전라남도 영암군
1,군서면 복지회관,전라남도,영암군,46830,전라남도 영암군 군서면 왕인로 762,전라남도 영암군 군서면 월곡리 753-2,34.7795757,126.6504457,30,전라남도 영암군청,061-470-2489,영암경찰서,N,0,8,2024-11-19,4940000,전라남도 영암군
1,영암읍 복지회관,전라남도,영암군,46830,전라남도 영암군 영암읍 열무정로 21-3,전라남도 영암군 영암읍 서남리 7-1,34.79907696,126.699096,30,전라남도 영암군청,061-470-2489,영암경찰서,N,0,6~9,2024-11-19,4940000,전라남도 영암군
1,원당리 경로당,충청북도,영동군,43740,충청북도 영동군 양산면 원당2길 5,,36.11591891,127.684893,30,충청북도 영동군,043-740-3543,영동경찰서,N,,6~8,2025-01-09,4440000,충청북도 영동군
1,용암2리 경로당,충청북도,영동군,43740,,충청북도 영동군 황간면 용암리 608-2,36.25409924,127.8624179,30,충청북도 영동군,043-740-3543,영동경찰서,N,,6~8,2025-01-09,4440000,충청북도 영동군
1,봉곡리 경로당,충청북도,영동군,43740,충청북도 영동군 양산면 봉곡2길 3-10,,36.13136272,127.6840442,30,충청북도 영동군,043-740-3543,영동경찰서,N,,6~8,2025-01-09,4440000,충청북도 영동군
1,단구리 경로당,충청북도,영동군,43740,충청북도 영동군 심천면 단전2길 8,,36.24610596,127.7485565,30,충청북도 영동군,043-740-3543,영동경찰서,N,,6~8,2025-01-09,4440000,충청북도 영동군
1,용화리 경로당,충청북도,영동군,43740,,충청북도 영동군 용화면 용화리 706-2,36.02122223,127.7658384,30,충청북도 영동군,043-740-3543,영동경찰서,N,,6~8,2025-01-09,4440000,충청북도 영동군
1,상신안 경로당,충청북도,영동군,43740,충청북도 영동군 추풍령면 신안로 488,,36.2476912,128.0165644,30,충청북도 영동군,043-740-3543,영동경찰서,N,,6~8,2025-01-09,4440000,충청북도 영동군
1,삼하리마을회관,경기도,양주시,41630,경기도 양주시 장흥면 일영로 375,경기도 양주시 장흥면 삼하리 107-1,37.67808908,126.9228748,50,경기도 양주시 도로관리과,031-8082-6731,양주경찰서,Y,1,14,2025-09-11,5590000,경기도 양주시
1,비암2리장수마을회관,경기도,양주시,41630,경기도 양주시 광적면 부흥로 21번길 5,경기도 양주시 광적면 비암리 743-5,37.80557267,126.9126952,30,경기도 양주시 도로관리과,031-8082-6731,양주경찰서,Y,1,6,2025-09-11,5590000,경기도 양주시
1,양천어르신종합복지관,서울특별시,양천구,11470,서울특별시 양천구 목동로3길 106,서울특별시 양천구 신정동 325-3,37.510414,126.858611,50,서울특별시 양천구,02-2620-3708,서울양천경찰서,Y,1,30,2025-08-14,3140000,서울특별시 양천구
1,밝은내어르신복지센터,서울특별시,양천구,11470,서울특별시 양천구 지양로14길 17,서울특별시 양천구 신월동 915-4,37.520098,126.8473652,30,서울특별시 양천구,02-2620-3708,서울양천경찰서,Y,1,6,2025-08-14,3140000,서울특별시 양천구
1,오금어르신사랑방,서울특별시,양천구,11470,서울특별시 양천구 목동남로2길 50-5,서울특별시 양천구 신정동 190-2,37.50633189,126.863764,30,서울특별시 양천구,02-2620-3708,서울양천경찰서,Y,1,7,2025-08-14,3140000,서울특별시 양천구
1,오솔길근린공원,서울특별시,양천구,11470,서울특별시 양천구 남부순환로72길 16,서울특별시 양천구 신월동 977,37.52021411,126.8360571,30,서울특별시 양천구,02-2620-3708,서울양천경찰서,N,0,20,2025-08-14,3140000,서울특별시 양천구
1,장수공원,서울특별시,양천구,11470,서울특별시 양천구 중앙로 49길,서울특별시 양천구 신월동 893,37.52233679,126.8512043,50,서울특별시 양천구,02-2620-3708,서울양천경찰서,Y,2,30,2025-08-14,3140000,서울특별시 양천구
1,구립양천어르신요양센터,서울특별시,양천구,11470,서울특별시 양천구 신월로 26,서울특별시 양천구 신정동 1321-7,37.512911,126.8270743,50,서울특별시 양천구,02-2620-3708,서울양천경찰서,N,0,20,2025-08-14,3140000,서울특별시 양천구
1,금실경로당,서울특별시,양천구,11470,서울특별시 양천구 지양로 21,서울특별시 양천구 신월동 985,37.518431,126.837175,30,서울특별시 양천구,02-2620-3708,서울양천경찰서,Y,1,15,2025-08-14,3140000,서울특별시 양천구
1,인천광역시중구장애인종합복지관 영종분소,인천광역시,중구,28110,,인천광역시 중구 운서동 2508-133,37.49618251,126.4728676,30,인천광역시 중구청,032-760-7798,인천중부경찰서,N,,6~8,2025-09-09,3490000,인천광역시 중구
1,영종요양원,인천광역시,중구,28110,인천광역시 중구 백운로185번길 10-16,인천광역시 중구 운남동 603-32,37.50371352,126.5365657,30,인천광역시 중구청,032-760-7798,인천중부경찰서,N,,15~20,2025-09-09,3490000,인천광역시 중구
1,희망나무요양원,인천광역시,중구,28110,인천광역시 중구 논골길 49,인천광역시 중구 운북동 168-24,37.51276633,126.5376137,30,인천광역시 중구청,032-760-7798,인천중부경찰서,N,,8~25,2025-09-09,3490000,인천광역시 중구
1,신포경로당,인천광역시,중구,28110,인천광역시 중구 우현로20번길 43,인천광역시 중구 답동 63-1,37.46822614,126.628654,30,인천광역시 중구청,032-760-7553,인천중부경찰서,Y,2,6~8,2025-09-09,3490000,인천광역시 중구
1,인현전동경로당,인천광역시,중구,28110,인천광역시 중구 홍예문로 79,인천광역시 중구 전동 17-14,37.47658003,126.6281383,30,인천광역시 중구청,032-760-7553,인천중부경찰서,Y,2,6~8,2025-09-09,3490000,인천광역시 중구
1,해송노인요양원,인천광역시,중구,28110,인천광역시 중구 백운로 494,인천광역시 중구 운북동 752-80,37.51584509,126.5103311,30,인천광역시 중구청,032-760-7798,인천중부경찰서,Y,3,10,2025-09-09,3490000,인천광역시 중구
1,예지 요양원,인천광역시,중구,28110,인천광역시 중구 개항로 82,인천광역시 중구 경동 187-3,37.47169324,126.6318184,30,인천광역시 중구청,032-760-7553,인천중부경찰서,Y,2,14,2025-09-09,3490000,인천광역시 중구
1,중구 노인복지회관,인천광역시,중구,28110,인천광역시 중구 제물량로80번길 3-24,인천광역시 중구 신흥동2가 23,37.46782494,126.6338603,30,인천광역시 중구청,032-760-7553,인천중부경찰서,Y,1,6~25,2025-09-09,3490000,인천광역시 중구
02,곡성삼강원,전라남도,곡성군,48600,전라남도 곡성군 곡성읍 중앙로 33,전라남도 곡성군 곡성읍 죽동리 6-2,35.27877916,127.287006,30,전라남도 곡성군,061-360-2671,곡성경찰서,N,,,2024-12-13,4860000,전라남도 곡성군
01,목사동면 노인분회,전라남도,곡성군,48600,전라남도 곡성군 목사동면 주목로 756,전라남도 곡성군 목사동면 평리 257-4,35.12033975,127.3003896,30,전라남도 곡성군,061-360-2671,곡성경찰서,N,,,2024-12-13,4860000,전라남도 곡성군
1,신대경로당,충청남도,홍성군,44800,충청남도 홍성군 광천읍 오서길 50,충청남도 홍성군 광천읍 광천리 270-15,36.500944,126.631103,30,충청남도 홍성군청,041-630-1446,충남홍성경찰서,N,0,8,2025-12-31,4600000,충청남도 홍성군
1,어사경로당,충청남도,홍성군,44800,충청남도 홍성군 서부면 남당항로367,충청남도 홍성군 서부면 어사리 491-14,36.55193944,126.4676472,30,충청남도 홍성군청,041-630-1446,충남홍성경찰서,N,0,8,2025-12-31,4600000,충청남도 홍성군
1,상황경로당,충청남도,홍성군,44800,충청남도 홍성군 서부면 상호길 1,충청남도 홍성군 서부면 상황리 280-4,36.58186584,126.4794019,30,충청남도 홍성군청,041-630-1446,충남홍성경찰서,N,0,6,2025-12-31,4600000,충청남도 홍성군
1,동곡경로당,충청남도,홍성군,44800,충청남도 홍성군 홍동면 홍동길 435,충청남도 홍성군 홍동면 문당리 37-7,36.54240172,126.7087635,30,충청남도 홍성군청,041-630-1446,충남홍성경찰서,N,0,6,2025-12-31,4600000,충청남도 홍성군
1,종현경로당,충청남도,홍성군,44800,충청남도 홍성군 홍동면 월현3길 115,충청남도 홍성군 홍동면 월현리 556-2,36.55693907,126.6739659,30,충청남도 홍성군청,041-630-1446,충남홍성경찰서,N,0,6,2025-12-31,4600000,충청남도 홍성군
1,대평경로당,충청남도,홍성군,44800,충청남도 홍성군 광천읍 홍남동로 147-4,충청남도 홍성군 광천읍 대평리 189-18,36.5161926,126.6597174,30,충청남도 홍성군청,041-630-1446,충남홍성경찰서,N,0,8,2025-12-31,4600000,충청남도 홍성군
1,죽림경로당,충청남도,홍성군,44800,충청남도 홍성군 광천읍 광금남로123번길 16,충청남도 홍성군 광천읍 월림리 133-8,36.52301286,126.6523409,30,충청남도 홍성군청,041-630-1446,충남홍성경찰서,N,0,6,2025-12-31,4600000,충청남도 홍성군
1,원성곡경로당,충청남도,홍성군,44800,충청남도 홍성군 결성면 구성남로219번길 13,충청남도 홍성군 결성면 성곡리 259-1,36.54170933,126.5565407,30,충청남도 홍성군청,041-630-1446,충남홍성경찰서,N,0,6.5,2025-12-31,4600000,충청남도 홍성군
1,가정경로당,충청남도,홍성군,44800,충청남도 홍성군 광천읍 가정길 124-16,충청남도 홍성군 광천읍 가정리 45,36.49753175,126.656022,30,충청남도 홍성군청,041-630-1446,충남홍성경찰서,N,0,6.5,2025-12-31,4600000,충청남도 홍성군
1,동촌 경로당,경기도,안성시,41550,,경기도 안성시 서운면 동촌리 191-1,36.94447885,127.251813,30,경기도 안성시,031-678-2812,안성경찰서,N,,4.5,2025-11-20,4080000,경기도 안성시
1,신흥경로당,경기도,안성시,41550,경기도 안성시 장기로60번길 33-3,경기도 안성시 신흥동 422-4번지,37.00301027,127.2690508,30,경기도 안성시,031-678-2812,안성경찰서,N,,4,2025-11-20,4080000,경기도 안성시
1,난촌마을경로당,경기도,안성시,41550,경기도 안성시 공도읍 난촌길 81,경기도 안성시 공도읍 승두리 229-1번지,36.98721184,127.1698841,30,경기도 안성시,031-678-2812,안성경찰서,N,,4,2025-11-20,4080000,경기도 안성시
1,광천경로당,경기도,안성시,41550,경기도 안성시 일죽면 금일로 267-3,경기도 안성시 일죽면 화봉리 466-5번지,37.07589734,127.4744038,30,경기도 안성시,031-678-2812,안성경찰서,N,,4,2025-11-20,4080000,경기도 안성시
1,죽산 서부마을 경로당,경기도,안성시,41550,경기도 안성시 죽산면 죽산초교길 32,경기도 안성시 죽산면 죽산리 415-9번지,37.07669214,127.4202614,30,경기도 안성시,031-678-2812,안성경찰서,N,,4,2025-11-20,4080000,경기도 안성시
1,당북경로당,경기도,안성시,41550,경기도 안성시 죽산면 용설로 236,경기도 안성시 죽산면 용설리 600-3번지,37.0625959,127.4441467,30,경기도 안성시,031-678-2812,안성경찰서,N,,4,2025-11-20,4080000,경기도 안성시
1,혜성원,경기도,안성시,41550,경기도 안성시 양성면 양성로 581,경기도 안성시 양성면 장서리 337번지,37.10466794,127.2105281,30,경기도 안성시,031-678-2812,안성경찰서,N,,4,2025-11-20,4080000,경기도 안성시
01,강장2리 경로당,충청남도,아산시,45200,충청남도 아산시 송악면 도송로 314,충청남도 아산시 송악면 강장리 443-2,36.71394002,126.9498855,30,충청남도 아산시청,041-540-2737,충남아산경찰서,N,0,8,2025-05-12,4520000,충청남도 아산시
01,신2통 경로당,충청남도,아산시,45200,충청남도 아산시 신동안길 23,충청남도 아산시 신동 389-1,36.78571456,127.0323015,30,충청남도 아산시청,041-540-2737,충남아산경찰서,N,0,5,2025-05-12,4520000,충청남도 아산시
01,산양2리 경로당,충청남도,아산시,45200,충청남도 아산시 염치읍 현대로 509-1,,36.8252495,126.9195906,30,충청남도 아산시청,041-540-2737,충남아산경찰서,N,0,8,2025-05-12,4520000,충청남도 아산시
01,소동1리 경로당,충청남도,아산시,45200,충청남도 아산시 음봉면 연암율금로203번길 6-6,충청남도 아산시 음봉면 소동리 236-4,36.86704057,127.0485937,30,충청남도 아산시청,041-540-2737,충남아산경찰서,N,0,8,2025-05-12,4520000,충청남도 아산시
01,산동1리 경로당,충청남도,아산시,45200,충청남도 아산시 음봉면 월산로261번길 9,충청남도 아산시 음봉면 산동리 805-7,36.85083816,127.0972561,30,충청남도 아산시청,041-540-2737,충남아산경찰서,N,0,8,2025-05-12,4520000,충청남도 아산시
01,완도제일교회(제일노인대학),전라남도,완도군,49900,전라남도 완도군 완도읍 청해진남로23번길 9,전라남도 완도군 완도읍 군내리 782-98 제일교회,34.31296743,126.757227,30,전라남도 완도군청,061-550-5773,완도경찰서,Y,,,2024-08-16,4990000,전라남도 완도군
01,완도경로종합복지회관,전라남도,완도군,49900,전라남도 완도군 완도읍 청해진남로38-1,전라남도 완도군 완도읍 군내리 776 완도군종합복지회관,34.31239598,126.7550095,30,전라남도 완도군청,061-550-5773,완도경찰서,Y,,,2024-08-16,4990000,전라남도 완도군
01,내초리노인회관,충청남도,청양군,44790,충청남도 청양군 정산면 새울길 206-4,충청남도 청양군 정산면 내초리 79,36.39638356,126.917439,30,충청남도 청양군,041-940-2984,청양경찰서,Y,1,6.5,2025-12-04,4590000,충청남도 청양군
01,신덕리 노인회관,충청남도,청양군,44790,충청남도 청양군 정산면 신덕길 233-34,충청남도 청양군 정산면 신덕리 195-1,36.39923312,126.9317913,30,충청남도 청양군,041-940-2984,청양경찰서,N,0,6.5,2025-12-04,4590000,충청남도 청양군
01,신왕2리 노인회관,충청남도,청양군,44790,충청남도 청양군 남양면 구봉로 340,충청남도 청양군 남양면 신왕리 716-6,36.408485,126.731495,30,충청남도 청양군,041-940-2984,청양경찰서,Y,1,6.5,2025-12-04,4590000,충청남도 청양군
01,화강리 노인회관,충청남도,청양군,44790,충청남도 청양군 화성면 멀뫼통골길 107,충청남도 청양군 화성면 화강리 197-5,36.43000164,126.704124,30,충청남도 청양군,041-940-2984,청양경찰서,Y,2,6.5,2025-12-04,4590000,충청남도 청양군
01,잔다리 노인회관,충청남도,청양군,44790,충청남도 청양군 화성면 잔다리길 32,충청남도 청양군 화성면 장계리 330-3,36.41994794,126.711371,30,충청남도 청양군,041-940-2984,청양경찰서,N,0,6.5,2025-12-04,4590000,충청남도 청양군
01,오룡리 노인회관,충청남도,청양군,44790,충청남도 청양군 대치면 광산로 286,충청남도 청양군 대치면 오룡리 111-1,36.45123586,126.879241,30,충청남도 청양군,041-940-2984,청양경찰서,Y,1,6.5,2025-12-04,4590000,충청남도 청양군
01,송곡 경로당,충청남도,청양군,44790,충청남도 청양군 대치면 가파로 157,충청남도 청양군 대치면 농소리 198-6,36.483288,126.8504504,30,충청남도 청양군,041-940-2984,청양경찰서,Y,2,6.5,2025-12-04,4590000,충청남도 청양군
01,온직3리 마을회관,충청남도,청양군,44790,충청남도 청양군 남양면 충절로 82-2,충청남도 청양군 남양면 온직리 889-1,36.36086916,126.7921587,30,충청남도 청양군,041-940-2984,청양경찰서,Y,3,8.5,2025-12-04,4590000,충청남도 청양군
01,동강리 마을회관,충청남도,청양군,44790,충청남도 청양군 청남면 가경자길45,충청남도 청양군 청남면 동강리 641-9,36.3446482,126.969615,30,충청남도 청양군,041-940-2984,청양경찰서,Y,1,8.5,2025-12-04,4590000,충청남도 청양군
01,상장2리 노인회관,충청남도,청양군,44790,충청남도 청양군 청남면 큰마을길 33,충청남도 청양군 청남면 상장리 689,36.35107648,126.9236072,30,충청남도 청양군,041-940-2984,청양경찰서,Y,1,8.5,2025-12-04,4590000,충청남도 청양군
01,대흥2리 마을회관,충청남도,청양군,44790,충청남도 청양군 청남면 금강변로 53,충청남도 청양군 청남면 대흥리 411-1,36.3417829,126.9029241,30,충청남도 청양군,041-940-2984,청양경찰서,Y,1,8.5,2025-12-04,4590000,충청남도 청양군
01,방한1리 경로당,충청남도,청양군,44790,충청남도 청양군 비봉면 작은한술길 31-1,충청남도 청양군 비봉면 방한리 147-4,36.475884,126.751176,30,충청남도 청양군,041-940-2984,청양경찰서,Y,2,6.5,2025-12-04,4590000,충청남도 청양군
01,북상경로당,충청남도,청양군,44790,충청남도 청양군 운곡면 청신로 583,충청남도 청양군 운곡면 효제리 10-4,36.49932066,126.833377,30,충청남도 청양군,041-940-2984,청양경찰서,N,0,6.5,2025-12-04,4590000,충청남도 청양군
1,장성경로당,울산광역시,울주군,31710,울산광역시 울주군 상북면 석남로 899-7,울산광역시 울주군 상북면 궁근정리 455-1,35.61246117,129.074394,30,울산광역시 울주군청,052-204-2543,울산울주경찰서,N,,,2024-10-11,3730000,울산광역시 울주군
1,울산실버대학,울산광역시,울주군,31710,울산광역시 울주군 언양읍 공촌3길 6-7,울산광역시 울주군 언양읍 반송리 653-1,35.55095963,129.1653827,30,울산광역시 울주군청,052-204-2543,울산울주경찰서,N,,,2024-10-11,3730000,울산광역시 울주군
1,상평2리경로당,울산광역시,울주군,31710,울산광역시 울주군 삼남읍 남상평3길 36-17,울산광역시 울주군 언양읍 교동리 1564-10,35.561344,129.1173887260,30,울산광역시 울주군청,052-204-2543,울산울주경찰서,N,,,2024-10-11,3730000,울산광역시 울주군
1,동부3리경로당,울산광역시,울주군,31710,울산광역시 울주군 언양읍 반구대로 859,울산광역시 울주군 언양읍 동부리 251-14,35.566647,129.127788,30,울산광역시 울주군청,052-204-2543,울산울주경찰서,N,,,2024-10-11,3730000,울산광역시 울주군
1,평리경로당,울산광역시,울주군,31710,울산광역시 울주군 언양읍 평리다개로 51,울산광역시 울주군 언양읍 평리 117-1,35.60390254,129.1345603,30,울산광역시 울주군청,052-204-2543,울산울주경찰서,N,,,2024-10-11,3730000,울산광역시 울주군
1,중리경로당,울산광역시,울주군,31710,울산광역시 울주군 두동면 밀굼중리길 3,울산광역시 울주군 두동면 구미리 781-1,35.668716,129.2084134,30,울산광역시 울주군청,052-204-2543,울산울주경찰서,N,,,2024-10-11,3730000,울산광역시 울주군
1,사촌마을경로당,울산광역시,울주군,31710,울산광역시 울주군 삼동면 삼동로 749,울산광역시 울주군 삼동면 하잠리 822-1,35.520909,129.156697,30,울산광역시 울주군청,052-204-2543,울산울주경찰서,N,,,2024-10-11,3730000,울산광역시 울주군
1,내외양경로당,울산광역시,울주군,31710,울산광역시 울주군 삼동면 삼동로 467,울산광역시 울주군 삼동면 모은리 290-2,35.50596524,129.135909,30,울산광역시 울주군청,052-204-2543,울산울주경찰서,N,,,2024-10-11,3730000,울산광역시 울주군
1,대밀마을회관,울산광역시,울주군,31710,울산광역시 울주군 두동면 대밀2길 6,울산광역시 울주군 두동면 구미리 677-3,35.65502238,129.201777,30,울산광역시 울주군청,052-204-2543,울산울주경찰서,N,,,2024-10-11,3730000,울산광역시 울주군
1,온양경로당,울산광역시,울주군,31710,울산광역시 울주군 온양읍 태화9길 43,울산광역시 울주군 온양읍 운화리 47-8,35.4137527,129.2811298,30,울산광역시 울주군청,052-204-2543,울산울주경찰서,N,,,2024-10-11,3730000,울산광역시 울주군
1,중평마을회관,울산광역시,울주군,31710,울산광역시 울주군 삼남읍 중평강변길 29,울산광역시 울주군 삼남읍 교동리 1499-176,35.562028,129.1229259192,30,울산광역시 울주군청,052-204-2543,울산울주경찰서,N,,,2024-10-11,3730000,울산광역시 울주군
1,청량덕하교회부설,울산광역시,울주군,31710,울산광역시 울주군 청량읍 대동1길 8,울산광역시 울주군 청량읍 상남리 559-2,35.49010912,129.304943,30,울산광역시 울주군청,052-204-2543,울산울주경찰서,N,,,2024-10-11,3730000,울산광역시 울주군
1,행복한실버홈,울산광역시,울주군,31710,울산광역시 울주군 삼남읍 상평강변길 29,울산광역시 울주군 삼남읍 교동리 314-2,35.563331,129.1186975510,30,울산광역시 울주군청,052-204-2543,울산울주경찰서,N,,,2024-10-11,3730000,울산광역시 울주군
1,신온2리 경로당,울산광역시,울주군,31710,울산광역시 울주군 온산읍 신온2길 9-15,울산광역시 울주군 온산읍 덕신리 279-11,35.43220728,129.3111329,30,울산광역시 울주군청,052-204-2543,울산울주경찰서,N,,,2024-10-11,3730000,울산광역시 울주군
01,효제1리 노인회관,충청남도,청양군,44790,충청남도 청양군 운곡면 아들바위길 15,충청남도 청양군 운곡면 효제리 87-16,36.4944164,126.8304447,30,충청남도 청양군,041-940-2984,청양경찰서,N,0,6.5,2025-12-04,4590000,충청남도 청양군
01,후덕리 승주동 경로당,충청남도,청양군,44790,충청남도 청양군 운곡면 승주동길 10-2,충청남도 청양군 운곡면 후덕리 814-3,36.51164769,126.840845,30,충청남도 청양군,041-940-2984,청양경찰서,N,0,6.5,2025-12-04,4590000,충청남도 청양군
01,장승2리 마을회관,충청남도,청양군,44790,충청남도 청양군 청양읍 신대동길 32,충청남도 청양군 청양읍 장승리 280-3,36.45370443,126.7717427,30,충청남도 청양군,041-940-2984,청양경찰서,Y,1,6.5,2025-12-04,4590000,충청남도 청양군
01,왕진2리 노인회관,충청남도,청양군,44790,충청남도 청양군 청남면 솔뫼길 3,충청남도 청양군 청남면 왕진리 565,36.33264329,126.9421191,30,충청남도 청양군,041-940-2984,청양경찰서,Y,1,6.5,2025-12-04,4590000,충청남도 청양군
01,중추리 노인회관,충청남도,청양군,44790,충청남도 청양군 장평면 물왕골길 8,충청남도 청양군 장평면 중추리 612-43,36.35082174,126.8915892,30,충청남도 청양군,041-940-2984,청양경찰서,N,0,6.5,2025-12-04,4590000,충청남도 청양군
01,양사2리 마을회관,충청남도,청양군,44790,충청남도 청양군 비봉면 양사길 144,충청남도 청양군 비봉면 양사리 502,36.49562082,126.765973,30,충청남도 청양군,041-940-2984,청양경찰서,N,0,6.5,2025-12-04,4590000,충청남도 청양군
01,락지리 대사천 노인회관,충청남도,청양군,44790,충청남도 청양군 장평면 낙지미당로 81-1,충청남도 청양군 장평면 락지리 35,36.37309166,126.8846542,30,충청남도 청양군,041-940-2984,청양경찰서,N,0,8.5,2025-12-04,4590000,충청남도 청양군
01,형산리 마을회관,충청남도,청양군,44790,충청남도 청양군 대치면 청산로 1101,충청남도 청양군 대치면 형산리 192-1,36.46361963,126.8964712,30,충청남도 청양군,041-940-2984,청양경찰서,Y,1,8.5,2025-12-04,4590000,충청남도 청양군
01,중묵리 내덕경로당,충청남도,청양군,44790,충청남도 청양군 비봉면 중묵운곡로 212-5,충청남도 청양군 비봉면 중묵리 658-2,36.49622686,126.8109191,30,충청남도 청양군,041-940-2984,청양경찰서,N,0,8.5,2025-12-04,4590000,충청남도 청양군
01,화암리 노인회관,충청남도,청양군,44790,충청남도 청양군 화성면 산당로 415,충청남도 청양군 화성면 화암리 366-12,36.45636011,126.7046322,30,충청남도 청양군,041-940-2984,청양경찰서,Y,1,8.5,2025-12-04,4590000,충청남도 청양군
01,창암4리 경로당,충청남도,아산시,45200,,충청남도 아산시 신창면 창암리 138-1,36.76451505,126.9554387,30,충청남도 아산시청,041-540-2737,충남아산경찰서,Y,1,8,2025-05-12,4520000,충청남도 아산시
01,행목1리 경로당,충청남도,아산시,45200,,충청남도 아산시 신창면 행목리 274-21,36.77507978,126.952262,30,충청남도 아산시청,041-540-2737,충남아산경찰서,Y,1,8,2025-05-12,4520000,충청남도 아산시
01,신언4리 경로당,충청남도,아산시,45200,충청남도 아산시 도고면 아산만로265번길 23-8,충청남도 아산시 도고면 신언리 283-5,36.76835108,126.8634702,30,충청남도 아산시청,041-540-2737,충남아산경찰서,Y,1,8,2025-05-12,4520000,충청남도 아산시
01,석두1리 경로당,충청남도,아산시,45200,충청남도 아산시 염치읍 염치로201번길 29,,36.81412209,126.9946249,30,충청남도 아산시청,041-540-2737,충남아산경찰서,Y,1,8,2025-05-12,4520000,충청남도 아산시
01,신언1리 경로당,충청남도,아산시,45200,충청남도 아산시 도고면 아산만로139번길 14,,36.75556967,126.8659721,30,충청남도 아산시청,041-540-2737,충남아산경찰서,Y,1,8,2025-05-12,4520000,충청남도 아산시
01,신동2리 경로당,충청남도,아산시,45200,충청남도 아산시 선장면 부엉산길 164,,36.79690755,126.8832463,30,충청남도 아산시청,041-540-2737,충남아산경찰서,N,0,25,2025-05-12,4520000,충청남도 아산시
01,남성2리 경로당,충청남도,아산시,45200,충청남도 아산시 신창면 남성길 79,,36.78855839,126.9504055,30,충청남도 아산시청,041-540-2737,충남아산경찰서,N,0,8,2025-05-12,4520000,충청남도 아산시
01,창암2리 경로당,충청남도,아산시,45200,충청남도 아산시 신창면 신정호길 278-4,,36.76070212,126.9661918,30,충청남도 아산시청,041-540-2737,충남아산경찰서,N,0,8,2025-05-12,4520000,충청남도 아산시
01,가덕1리 경로당,충청남도,아산시,45200,충청남도 아산시 신창면 가덕길 14,충청남도 아산시 신창면 가덕리 162-1,36.81432264,126.9256894,30,충청남도 아산시청,041-540-2737,충남아산경찰서,N,0,8,2025-05-12,4520000,충청남도 아산시
01,도흥2리 경로당,충청남도,아산시,45200,충청남도 아산시 인주면 현대로664번길 15,,36.82958462,126.904467,30,충청남도 아산시청,041-540-2737,충남아산경찰서,Y,1,8,2025-05-12,4520000,충청남도 아산시
01,해암3리 경로당,충청남도,아산시,45200,충청남도 아산시 인주면 현대로 911-9,,36.83629365,126.8820925,30,충청남도 아산시청,041-540-2737,충남아산경찰서,N,0,8,2025-05-12,4520000,충청남도 아산시
01,신법2리 경로당,충청남도,아산시,45200,,충청남도 아산시 둔포면 신법리 455-1,36.9227064,127.0113592,30,충청남도 아산시청,041-540-2737,충남아산경찰서,N,0,8,2025-05-12,4520000,충청남도 아산시
01,강청리 경로당,충청남도,아산시,45200,충청남도 아산시 염치읍 강청리길 26,,36.82562492,126.9364473,30,충청남도 아산시청,041-540-2737,충남아산경찰서,N,0,8,2025-05-12,4520000,충청남도 아산시
01,월랑2리 경로당,충청남도,아산시,45200,충청남도 아산시 음봉면 월랑길 17,,36.84331162,127.0799239,30,충청남도 아산시청,041-540-2737,충남아산경찰서,N,0,8,2025-05-12,4520000,충청남도 아산시
01,신정1리 경로당,충청남도,아산시,45200,,충청남도 아산시 음봉면 신정리 94-2,36.87057569,127.0258576,30,충청남도 아산시청,041-540-2737,충남아산경찰서,N,0,8,2025-05-12,4520000,충청남도 아산시
2,수연재활원,울산광역시,울주군,31710,울산광역시 울주군 웅촌면 대복동천로 206-2,울산광역시 울주군 웅촌면 통천리 807-3,35.46983572,129.2392756,30,울산광역시 울주군청,052-204-2543,울산울주경찰서,N,,,2024-10-11,3730000,울산광역시 울주군
1,하가리사무소,제주특별자치도,제주시,50110,제주특별자치도 제주시 애월읍 하가로 143,제주특별자치도 제주시 애월읍 하가리 1439-2,33.45692052,126.3498796,30,제주특별자치도 자치경찰단,064-710-6277,제주서부경찰서,N,,,2025-12-24,6500000,제주특별자치도
1,곽지리 경로당,제주특별자치도,제주시,50110,제주특별자치도 제주시 애월읍 천덕로 38-9,제주특별자치도 제주시 애월읍 곽지리 1995,33.44509169,126.3085639,30,제주특별자치도 자치경찰단,064-710-6277,제주서부경찰서,N,,,2025-12-24,6500000,제주특별자치도
1,중엄 노인회관,제주특별자치도,제주시,50110,제주특별자치도 제주시 애월읍 중엄3길 5,제주특별자치도 제주시 애월읍 신엄리 789,33.47398757,126.3726992,30,제주특별자치도 자치경찰단,064-710-6277,제주서부경찰서,N,,,2025-12-24,6500000,제주특별자치도
1,금성리 노인회관,제주특별자치도,제주시,50110,제주특별자치도 제주시 애월읍 일주서로 5936,제주특별자치도 제주시 애월읍 금성리 601-2,33.44389199,126.3003101,50,제주특별자치도 자치경찰단,064-710-6277,제주서부경찰서,N,,,2025-12-24,6500000,제주특별자치도
1,유수암리 경로당,제주특별자치도,제주시,50110,제주특별자치도 제주시 애월읍 유수암평화길 14,제주특별자치도 제주시 애월읍 유수암리 1892-1,33.44136311,126.402755,30,제주특별자치도 자치경찰단,064-710-6277,제주서부경찰서,N,,,2025-12-24,6500000,제주특별자치도
1,어음2리 경로당,제주특별자치도,제주시,50110,제주특별자치도 제주시 애월읍 어음10길 33,제주특별자치도 제주시 애월읍 어음리 2960-5,33.40112917,126.336890,30,제주특별자치도 자치경찰단,064-710-6277,제주서부경찰서,N,,,2025-12-24,6500000,제주특별자치도
1,어음1리 복지회관,제주특별자치도,제주시,50110,제주특별자치도 제주시 애월읍 어림비로 184,제주특별자치도 제주시 애월읍 어음리 3648-1,33.41698657,126.3304594,30,제주특별자치도 자치경찰단,064-710-6277,제주서부경찰서,N,,,2025-12-24,6500000,제주특별자치도
01,신문리 경로당,충청남도,아산시,45200,충청남도 아산시 선장면 신문길 3,충청남도 아산시 선장면 신문리 58-3,36.82535831,126.8530136,30,충청남도 아산시청,041-540-2737,충남아산경찰서,N,0,4,2025-05-12,4520000,충청남도 아산시
01,관암1리 경로당,충청남도,아산시,45200,충청남도 아산시 인주면 관암길 80,충청남도 아산시 인주면 관암리 122-25,36.86114235,126.8910784,30,충청남도 아산시청,041-540-2737,충남아산경찰서,N,0,6.5,2025-05-12,4520000,충청남도 아산시
01,실옥3통 경로당,충청남도,아산시,45200,,충청남도 아산시 실옥동 436-1,36.7904024614,126.987439863,30,충청남도 아산시청,041-540-2737,충남아산경찰서,N,0,5.5,2025-05-12,4520000,충청남도 아산시
01,수장1리 경로당,충청남도,아산시,45200,충청남도 아산시 신창면 수장로 169,충청남도 아산시 신창면 수장리 195-5,36.8058476,126.9639483,30,충청남도 아산시청,041-540-2737,충남아산경찰서,N,0,6.5,2025-05-12,4520000,충청남도 아산시
01,대흥1리 경로당,충청남도,아산시,45200,,충청남도 아산시 선장면 대흥리 245-5,36.81279317,126.8703522,30,충청남도 아산시청,041-540-2737,충남아산경찰서,N,0,6.5,2025-05-12,4520000,충청남도 아산시
1,공수2리 경로당,충청북도,영동군,43740,충청북도 영동군 매곡면 공수1길 4,,36.16187737,127.9714731,30,충청북도 영동군,043-740-3543,영동경찰서,N,,6~8,2025-01-09,4440000,충청북도 영동군
1,남양동,충청북도,영동군,43740,,충청북도 영동군 매곡면 옥전리 523-2,36.18964694,127.9483036,30,충청북도 영동군,043-740-3543,영동경찰서,N,,6~8,2025-01-09,4440000,충청북도 영동군
1,지봉리 경로당,충청북도,영동군,43740,,충청북도 영동군 추풍령면 지봉리 213-1,36.23049138,128.0007144,30,충청북도 영동군,043-740-3543,영동경찰서,N,,6~8,2025-01-09,4440000,충청북도 영동군
1,덕진리 경로당,충청북도,영동군,43740,,충청북도 영동군 용산면 백자전리 385-1,36.2765297800,127.8414071,30,충청북도 영동군,043-740-3543,영동경찰서,N,,6~8,2025-01-09,4440000,충청북도 영동군
1,원촌리 경로당,충청북도,영동군,43740,,충청북도 영동군 황간면 원촌리 117-1,36.23401906,127.8941321,30,충청북도 영동군,043-740-3543,영동경찰서,N,,6~8,2025-01-09,4440000,충청북도 영동군
1,평촌리 경로당,충청북도,영동군,43740,,충청북도 영동군 용화면 조동리 524-5,36.04845342,127.8147292,30,충청북도 영동군,043-740-3543,영동경찰서,N,,6~8,2025-01-09,4440000,충청북도 영동군
1,몬띠노인요양원,강원도,철원군,42780,강원도 철원군 서면 자등로 140,강원도 철원군 서면 자등리 1689-2,38.12806676,127.404283,30,철원군청,033-450-5366,철원경찰서,N,,6,2022-09-28,4301000,강원특별자치도 철원군
1,관전리 경로당,강원도,철원군,42780,강원도 철원군 철원읍 금강산로 362,강원도 철원군 철원읍 관전리 143-2,38.24805171,127.2055567,30,철원군청,033-450-5366,철원경찰서,N,,6,2022-09-28,4301000,강원특별자치도 철원군
1,잠곡2리 경로당,강원도,철원군,42780,강원도 철원군 근남면 하오재로 1298,강원도 철원군 근남면 잠곡리 산 50,38.17925543,127.4647024,30,철원군청,033-450-5366,철원경찰서,Y,1,6,2022-09-28,4301000,강원특별자치도 철원군
1,장흥4리 경로당,강원도,철원군,42780,강원도 철원군 동송읍 도덕탄길 5,강원도 철원군 동송읍 장흥리 63-228,38.1916628,127.2758483,30,철원군청,033-450-5366,철원경찰서,N,,6,2022-09-28,4301000,강원특별자치도 철원군
1,생창리 경로당,강원도,철원군,42780,강원도 철원군 김화읍 생창길 481-1,강원도 철원군 김화읍 생창리 85-7,38.28113176,127.4513734,30,철원군청,033-450-5366,철원경찰서,N,,6,2022-09-28,4301000,강원특별자치도 철원군
1,상노2리 경로당,강원도,철원군,42780,강원도 철원군 동송읍 상노로 227-5,강원도 철원군 동송읍 상노리 563-1,38.15516173,127.2235113,30,철원군청,033-450-5366,철원경찰서,N,,6,2022-09-28,4301000,강원특별자치도 철원군
1,철원노인전문요양원,강원도,철원군,42780,강원도 철원군 갈말읍 동온동길 177,강원도 철원군 갈말읍 군탄리 1305-53,38.13982594,127.2881461,30,철원군청,033-450-5366,철원경찰서,N,,6,2022-09-28,4301000,강원특별자치도 철원군
1,에덴의 집,강원도,철원군,42780,강원도 철원군 갈말읍 태봉대교길 225-1,강원도 철원군 갈말읍 상사리 1268,38.20834324,127.2769265,30,철원군청,033-450-5366,철원경찰서,N,,6,2022-09-28,4301000,강원특별자치도 철원군
1,상귀리 경로당,제주특별자치도,제주시,50110,제주특별자치도 제주시 애월읍 애조로 234,제주특별자치도 제주시 애월읍 상귀리 526-5,33.47294428,126.4084427,50,제주특별자치도 자치경찰단,064-710-6277,제주서부경찰서,N,,,2025-12-24,6500000,제주특별자치도
1,가문동 경로당,제주특별자치도,제주시,50110,제주특별자치도 제주시 애월읍 애월해안로 945-1,제주특별자치도 제주시 애월읍 하귀2리 2617-4,33.48366812,126.396305,30,제주특별자치도 자치경찰단,064-710-6277,제주서부경찰서,N,,,2025-12-24,6500000,제주특별자치도
1,애월리경로당,제주특별자치도,제주시,50110,제주특별자치도 제주시 애월읍 애월남길 5,제주특별자치도 제주시 애월읍 애월리 1486-1,33.46136787,126.3181929,30,제주특별자치도 자치경찰단,064-710-6277,제주서부경찰서,N,,,2025-12-24,6500000,제주특별자치도
1,용흥리경로당,제주특별자치도,제주시,50110,제주특별자치도 제주시 애월읍 신용로 142,제주특별자치도 제주시 애월읍 신엄리 1818-1,33.45895861,126.3692976,30,제주특별자치도 자치경찰단,064-710-6277,제주서부경찰서,N,,,2025-12-24,6500000,제주특별자치도
1,신엄리경로당,제주특별자치도,제주시,50110,제주특별자치도 제주시 애월읍 신엄9길 24,제주특별자치도 제주시 애월읍 신엄리 1063,33.47397426,126.3674537,30,제주특별자치도 자치경찰단,064-710-6277,제주서부경찰서,N,,,2025-12-24,6500000,제주특별자치도
1,상가리 경로당,제주특별자치도,제주시,50110,제주특별자치도 제주시 애월읍 상가중길 23,제주특별자치도 제주시 애월읍 상가리 1196-1,33.44968949,126.3453688,30,제주특별자치도 자치경찰단,064-710-6277,제주서부경찰서,N,,,2025-12-24,6500000,제주특별자치도
1,납읍리 경로당,제주특별자치도,제주시,50110,제주특별자치도 제주시 애월읍 납읍로2길3,제주특별자치도 제주시 애월읍 납읍리 1605-1,33.43829073,126.331165,30,제주특별자치도 자치경찰단,064-710-6277,제주서부경찰서,N,,,2025-12-24,6500000,제주특별자치도
1,고성2리 경로당,제주특별자치도,제주시,50110,제주특별자치도 제주시 애월읍 고성남1길 1,제주특별자치도 제주시 애월읍 고성리 136-1,33.43562561,126.4252462,30,제주특별자치도 자치경찰단,064-710-6277,제주서부경찰서,N,,,2025-12-24,6500000,제주특별자치도
1,고내리 경로당,제주특별자치도,제주시,50110,제주특별자치도 제주시 애월읍 고내로 9길 22,제주특별자치도 제주시 애월읍 고내리 1076,33.46536161,126.338340,30,제주특별자치도 자치경찰단,064-710-6277,제주서부경찰서,N,,,2025-12-24,6500000,제주특별자치도
1,오등동 경로당,제주특별자치도,제주시,50110,제주특별자치도 제주시 아연로 443,제주특별자치도 제주시 오등동 611-1,33.47518199,126.5275597,30,제주특별자치도 자치경찰단,064-710-6277,제주동부경찰서,N,,,2025-12-24,6500000,제주특별자치도
1,용강동 경로당,제주특별자치도,제주시,50110,제주특별자치도 제주시 아봉로 549,제주특별자치도 제주시 용강동 1276-1,33.47709021,126.5858684,30,제주특별자치도 자치경찰단,064-710-6277,제주동부경찰서,N,,,2025-12-24,6500000,제주특별자치도
1,영평상동 마을회관,제주특별자치도,제주시,50110,제주특별자치도 제주시 아봉로 248,제주특별자치도 제주시 영평동 1882-4,33.47646134,126.5681129,30,제주특별자치도 자치경찰단,064-710-6277,제주동부경찰서,N,,,2025-12-24,6500000,제주특별자치도
1,아라 요양원,제주특별자치도,제주시,50110,제주특별자치도 제주시 아란서길 92,제주특별자치도 제주시 아라일동 2088,33.47013074,126.5385086,30,제주특별자치도 자치경찰단,064-710-6277,제주동부경찰서,N,,,2025-12-24,6500000,제주특별자치도
1,소길리 경로당,제주특별자치도,제주시,50110,제주특별자치도 제주시 애월읍 소길2길 52,제주특별자치도 제주시 애월읍 소길리 676-1,33.43809523,126.3798202,30,제주특별자치도 자치경찰단,064-710-6277,제주서부경찰서,N,,,2025-12-24,6500000,제주특별자치도
1,제주도립요양원,제주특별자치도,제주시,50110,제주특별자치도 제주시 산천단남길 10,제주특별자치도 제주시 아라일동 4-17,33.44489118,126.5608469,30,제주특별자치도 자치경찰단,064-710-6277,제주동부경찰서,N,,,2025-12-24,6500000,제주특별자치도
1,명신마을 경로당,제주특별자치도,제주시,50110,제주특별자치도 제주시 명신1길 19,제주특별자치도 제주시 용담이동 707-6,33.50003101,126.5009065,30,제주특별자치도 자치경찰단,064-710-6277,제주동부경찰서,N,,,2025-12-24,6500000,제주특별자치도
1,귀덕1리 경로당,제주특별자치도,제주시,50110,제주특별자치도 제주시 한림읍 귀덕로 97-4,제주특별자치도 제주시 한림읍 귀덕리 735-18,33.43636252,126.2981313,30,제주특별자치도 자치경찰단,064-710-6277,제주서부경찰서,N,,,2025-12-24,6500000,제주특별자치도
1,상한동 복지회관,제주특별자치도,제주시,50110,제주특별자치도 제주시 구좌읍 한동로 64,제주특별자치도 제주시 구좌읍 한동리 947,33.53480165,126.8233205,30,제주특별자치도 자치경찰단,064-710-6277,제주동부경찰서,N,,,2025-12-24,6500000,제주특별자치도
1,하도리 경로당,제주특별자치도,제주시,50110,제주특별자치도 제주시 구좌읍 일주동로 3425,제주특별자치도 제주시 구좌읍 하도리 1318-1,33.51766239,126.8836615,30,제주특별자치도 자치경찰단,064-710-6277,제주동부경찰서,N,,,2025-12-24,6500000,제주특별자치도
1,평대리동동 경로당,제주특별자치도,제주시,50110,제주특별자치도 제주시 구좌읍 일주동로 3080,제주특별자치도 제주시 구좌읍 평대리 362,33.5243484,126.8487004,50,제주특별자치도 자치경찰단,064-710-6277,제주동부경찰서,N,,,2025-12-24,6500000,제주특별자치도
1,평대리 경로당,제주특별자치도,제주시,50110,제주특별자치도 제주시 구좌읍 일주동로 3007,제주특별자치도 제주시 구좌읍 평대리 733,33.52838728,126.842760,50,제주특별자치도 자치경찰단,064-710-6277,제주동부경찰서,N,,,2025-12-24,6500000,제주특별자치도
1,세화요양원,제주특별자치도,제주시,50110,제주특별자치도 제주시 구좌읍 세화서길 7-1,제주특별자치도 제주시 구좌읍 세화리 1558-1,33.52197875,126.8528362,30,제주특별자치도 자치경찰단,064-710-6277,제주동부경찰서,N,,,2025-12-24,6500000,제주특별자치도
1,제주시노인복지회관,제주특별자치도,제주시,50110,제주특별자치도 제주시 광양13길 57,제주특별자치도 제주시 이도이동 1128-2,33.5013832,126.5357373,30,제주특별자치도 자치경찰단,064-710-6277,제주동부경찰서,N,,,2025-12-24,6500000,제주특별자치도
1,청수리 경로당,제주특별자치도,제주시,50110,제주특별자치도 제주시 한경면 대한로 1036,제주특별자치도 제주시 한경면 청수리 1571,33.31756503,126.2476737,30,제주특별자치도 자치경찰단,064-710-6277,제주서부경찰서,N,,,2025-12-24,6500000,제주특별자치도
01,본의1리 마을회관,충청남도,청양군,44790,충청남도 청양군 목면 본의길 112,충청남도 청양군 목면 본의리 266-3,36.42765442,126.9973671,30,충청남도 청양군,041-940-2984,청양경찰서,N,0,6.5,2025-12-04,4590000,충청남도 청양군
01,탄정리 마을회관,충청남도,청양군,44790,충청남도 청양군 대치면 칠갑산로 458-64,충청남도 청양군 대치면 탄정리 228-4,36.44499479,126.8256185,30,충청남도 청양군,041-940-2984,청양경찰서,Y,1,6.5,2025-12-04,4590000,충청남도 청양군
01,후덕동 노인회관,충청남도,청양군,44790,충청남도 청양군 운곡면 후덕동길 50,충청남도 청양군 운곡면 후덕리 729,36.5128749,126.8344867,30,충청남도 청양군,041-940-2984,청양경찰서,Y,1,6.5,2025-12-04,4590000,충청남도 청양군
01,정좌3리 경로당,충청남도,청양군,44790,충청남도 청양군 청양읍 등지미길 185-23,충청남도 청양군 청양읍 정좌리 500-5,36.42216441,126.782762,30,충청남도 청양군,041-940-2984,청양경찰서,Y,1,6.5,2025-12-04,4590000,충청남도 청양군
01,벽천2리 경로당,충청남도,청양군,44790,충청남도 청양군 청양읍 돌담불길 19,충청남도 청양군 청양읍 벽천리 434-1,36.43609408,126.792447,30,충청남도 청양군,041-940-2984,청양경찰서,N,0,8.5,2025-12-04,4590000,충청남도 청양군
01,적누2리 경로당,충청남도,청양군,44790,충청남도 청양군 청양읍 충절로 872-7,충청남도 청양군 청양읍 적누리 296-3,36.42397272,126.7961949,30,충청남도 청양군,041-940-2984,청양경찰서,N,0,8.5,2025-12-04,4590000,충청남도 청양군
01,신원2리 마을회관,충청남도,청양군,44790,충청남도 청양군 비봉면 용천신원로 293,충청남도 청양군 비봉면 신원리 779-1,36.48541249,126.7725458,30,충청남도 청양군,041-940-2984,청양경찰서,Y,1,6.5,2025-12-04,4590000,충청남도 청양군
01,구재리 마을회관,충청남도,청양군,44790,충청남도 청양군 화성면 구숫골길 70,충청남도 청양군 화성면 구재리 192,36.4331442,126.7221018,30,충청남도 청양군,041-940-2984,청양경찰서,N,0,6.5,2025-12-04,4590000,충청남도 청양군
01,온직1리 마을회관,충청남도,청양군,44790,충청남도 청양군 남양면 턱골길 8,충청남도 청양군 남양면 온직리 282-4,36.38867581,126.8110289,30,충청남도 청양군,041-940-2984,청양경찰서,Y,1,6.5,2025-12-04,4590000,충청남도 청양군
01,중산리 마을회관,충청남도,청양군,44790,충청남도 청양군 청남면 중뫼안길 72-32,충청남도 청양군 청남면 중산리 364-3,36.33890343,126.9538929,30,충청남도 청양군,041-940-2984,청양경찰서,Y,1,6.5,2025-12-04,4590000,충청남도 청양군
01,천내2리 마을회관,충청남도,청양군,44790,충청남도 청양군 청남면 와헌길 13,충청남도 청양군 청남면 천내리 471,36.35328345,126.9831703,30,충청남도 청양군,041-940-2984,청양경찰서,N,0,6.5,2025-12-04,4590000,충청남도 청양군
01,위라1리 마을회관,충청남도,청양군,44790,충청남도 청양군 운곡면 방축길 76-4,충청남도 청양군 운곡면 위라리 327-1,36.48932092,126.8365336,30,충청남도 청양군,041-940-2984,청양경찰서,Y,1,6.5,2025-12-04,4590000,충청남도 청양군
1,하남1리 경로당,강원특별자치도,인제군,51810,강원특별자치도 인제군 상남면 내린천로 3303,강원특별자치도 인제군 상남면 하남리 398-5,37.917535,128.291241,30,강원특별자치도 인제군,033-460-4212,인제경찰서,N,0,6,2025-06-18,4331000,강원특별자치도 인제군
1,서원1리 마을회관,경기도,여주시,41670,경기도 여주시 북내면 여양3로 49-8,경기도 여주시 북내면 서원리 305,37.397595652,127.6861318861,30,경기도 여주시청,031-887-2623,여주경찰서,Y,1,7,2025-12-22,5700000,경기도 여주시
1,능현2통 마을회관,경기도,여주시,41670,경기도 여주시 능현2길 93-7,경기도 여주시 능현동 307-82,37.2652911084,127.6567748275,30,경기도 여주시청,031-887-2623,여주경찰서,N,0,8,2025-12-22,5700000,경기도 여주시
1,보통2리 마을회관,경기도,여주시,41670,경기도 여주시 대신면 여양로 1625,경기도 여주시 대신면 보통리 248-2,37.379690692,127.5716443846,30,경기도 여주시청,031-887-2623,여주경찰서,Y,1,17,2025-12-22,5700000,경기도 여주시
1,장풍2리 마을회관,경기도,여주시,41670,경기도 여주시 대신면 장풍길 4,경기도 여주시 대신면 장풍리 634-2,37.3687787522,127.6045405909,30,경기도 여주시청,031-887-2623,여주경찰서,N,0,7,2025-12-22,5700000,경기도 여주시
1,신근2리 마을회관,경기도,여주시,41670,경기도 여주시 흥천면 흥천로 125,경기도 여주시 흥천면 신근리 325-6,37.3098509556,127.5549955654,30,경기도 여주시청,031-887-2623,여주경찰서,N,0,10,2025-12-22,5700000,경기도 여주시
1,심석2리 마을회관,경기도,여주시,41670,경기도 여주시 가남읍 흑석로 59-1,경기도 여주시 가남읍 심석리 148-1,37.1954480674,127.5627425183,30,경기도 여주시청,031-887-2623,여주경찰서,N,0,6,2025-12-22,5700000,경기도 여주시
1,상활2리 마을회관,경기도,여주시,41670,경기도 여주시 가남읍 상활2길 66,경기도 여주시 가남읍 상활리 375,37.235899592,127.5277169977,30,경기도 여주시청,031-887-2623,여주경찰서,N,0,6,2025-12-22,5700000,경기도 여주시
1,이포2리 마을회관,경기도,여주시,41670,경기도 여주시 금사면 서원길 2-36,경기도 여주시 금사면 이포리 205-3,37.393446933,127.5322168229,30,경기도 여주시청,031-887-2623,여주경찰서,N,0,6,2025-12-22,5700000,경기도 여주시
1,가업통 마을회관,경기도,여주시,41670,경기도 여주시 웅골로 321,경기도 여주시 가업동 59-2,37.2753256613,127.6163229151,30,경기도 여주시청,031-887-2623,여주경찰서,N,0,14,2025-12-22,5700000,경기도 여주시
1,멱곡1통 마을회관,경기도,여주시,41670,경기도 여주시 멱곡2길 38,경기도 여주시 멱곡동 23-2,37.251483464,127.6734311395,30,경기도 여주시청,031-887-2623,여주경찰서,Y,4,6,2025-12-22,5700000,경기도 여주시
1,장풍1리 마을회관,경기도,여주시,41670,경기도 여주시 대신면 대신로 654,경기도 여주시 대신면 장풍리 51,37.388756566,127.6273468572,30,경기도 여주시청,031-887-2623,여주경찰서,N,0,6,2025-12-22,5700000,경기도 여주시
1,대당2리 마을회관,경기도,여주시,41670,경기도 여주시 흥천면 부흥로 248,경기도 여주시 흥천면 대당리 402-4,37.3142403668,127.535024586,30,경기도 여주시청,031-887-2623,여주경찰서,Y,2,8,2025-12-22,5700000,경기도 여주시
1,하다리 복지회관,경기도,여주시,41670,경기도 여주시 흥천면 남산로 428-5,경기도 여주시 흥천면 하다리 98-1,37.3431119338,127.5332406641,30,경기도 여주시청,031-887-2623,여주경찰서,N,0,6,2025-12-22,5700000,경기도 여주시
1,계신리 노인회관,경기도,여주시,41670,경기도 여주시 흥천면 부처울길 60,경기도 여주시 흥천면 계신리 202-3,37.372310228,127.5391208817,30,경기도 여주시청,031-887-2623,여주경찰서,N,0,8,2025-12-22,5700000,경기도 여주시
1,내양3리 마을회관,경기도,여주시,41670,경기도 여주시 세종대왕면 능북로 57,경기도 여주시 세종대왕면 백석리 618-3,37.3336660866,127.5798451556,30,경기도 여주시청,031-887-2623,여주경찰서,N,0,6,2025-12-22,5700000,경기도 여주시
01,곡성읍 사회복지회관,전라남도,곡성군,48600,전라남도 곡성군 곡성읍 읍내14길 14,전라남도 곡성군 곡성읍 읍내리 261-9,35.28029911,127.2963574,30,전라남도 곡성군,061-360-2671,곡성경찰서,N,,,2024-12-13,4860000,전라남도 곡성군
01,순창군장애인노인종합복지관,전라북도,순창군,47700,전라북도 순창군 순창읍 순창5길 11-4,전라북도 순창군 순창읍 남계리 626,35.37300979,127.1409587,30,전라북도 순창군,063-650-1283,순창경찰서,Y,1,4,2022-06-15,4771000,전북특별자치도 순창군
1,오지2리 경로당,강원도,철원군,42780,강원도 철원군 동송읍 오지1길 13,강원도 철원군 동송읍 오지리 699-20,38.18427271,127.2343009,30,철원군청,033-450-5366,철원경찰서,N,,6,2022-09-28,4301000,강원특별자치도 철원군
1,하천리 경로당,제주특별자치도,서귀포시,50130,제주특별자치도 서귀포시 표선면 하천로 59,제주특별자치도 서귀포시 표선면 하천리 461-7,33.34652161,126.8409597,30,제주특별자치도 자치경찰단,064-710-6277,서귀포경찰서,N,,,2025-12-24,6500000,제주특별자치도
1,토산2리 경로당,제주특별자치도,서귀포시,50130,제주특별자치도 서귀포시 표선면 토산중앙로 16번길 1,제주특별자치도 서귀포시 표선면 토산리 537-3,33.30887497,126.7797207,30,제주특별자치도 자치경찰단,064-710-6277,서귀포경찰서,N,,,2025-12-24,6500000,제주특별자치도
1,토산1리 경로당,제주특별자치도,서귀포시,50130,제주특별자치도 서귀포시 표선면 중산간동로 5503,제주특별자치도 서귀포시 표선면 토산리 934-1,33.33007912,126.770276,30,제주특별자치도 자치경찰단,064-710-6277,서귀포경찰서,N,,,2025-12-24,6500000,제주특별자치도
1,세화2리 경로당,제주특별자치도,서귀포시,50130,제주특별자치도 서귀포시 표선면 세화로26번길 33,제주특별자치도 서귀포시 표선면 세화리 1510,33.30733925,126.8012319,50,제주특별자치도 자치경찰단,064-710-6277,서귀포경찰서,N,,,2025-12-24,6500000,제주특별자치도
1,세화3리 경로당,제주특별자치도,서귀포시,50130,제주특별자치도 서귀포시 표선면 세화로 168,제주특별자치도 서귀포시 표선면 세화리 1652-3,33.31884954,126.7901576,30,제주특별자치도 자치경찰단,064-710-6277,서귀포경찰서,N,,,2025-12-24,6500000,제주특별자치도
1,세화1리 경로당,제주특별자치도,서귀포시,50130,제주특별자치도 서귀포시 표선면 세성로 302,제주특별자치도 서귀포시 표선면 세화리 1123-3,33.33212223,126.7979944,30,제주특별자치도 자치경찰단,064-710-6277,서귀포경찰서,N,,,2025-12-24,6500000,제주특별자치도
1,성읍1리 경로당,제주특별자치도,서귀포시,50130,제주특별자치도 서귀포시 표선면 성읍정의현로 88-3,제주특별자치도 서귀포시 표선면 성읍리 592,33.39067664,126.8009997,30,제주특별자치도 자치경찰단,064-710-6277,서귀포경찰서,N,,,2025-12-24,6500000,제주특별자치도
1,토평동 경로당,제주특별자치도,서귀포시,50130,제주특별자치도 서귀포시 토평로 69,제주특별자치도 서귀포시 토평동 1482-1,33.27222446,126.5895613,30,제주특별자치도 자치경찰단,064-710-6277,서귀포경찰서,N,,,2025-12-24,6500000,제주특별자치도
1,평안전문요양원,제주특별자치도,서귀포시,50130,제주특별자치도 서귀포시 토평로 172,제주특별자치도 서귀포시 토평동 1702-1,33.28156163,126.5887717,50,제주특별자치도 자치경찰단,064-710-6277,서귀포경찰서,N,,,2025-12-24,6500000,제주특별자치도
1,서귀포노인복지관,제주특별자치도,서귀포시,50130,제주특별자치도 서귀포시 태평로537번길 40-9,제주특별자치도 서귀포시 동홍동 646-1,33.25398806,126.570696,30,제주특별자치도 자치경찰단,064-710-6277,서귀포경찰서,N,,,2025-12-24,6500000,제주특별자치도
1,동홍5통 경로당,제주특별자치도,서귀포시,50130,제주특별자치도 서귀포시 태평로 549,제주특별자치도 서귀포시 동홍동 139-1,33.25291833,126.5746497,30,제주특별자치도 자치경찰단,064-710-6277,서귀포경찰서,N,,,2025-12-24,6500000,제주특별자치도
1,회수마을 경로당,제주특별자치도,서귀포시,50130,제주특별자치도 서귀포시 중산간서로 654,제주특별자치도 서귀포시 회수동 377,33.26330312,126.4453363,50,제주특별자치도 자치경찰단,064-710-6277,서귀포경찰서,N,,,2025-12-24,6500000,제주특별자치도
1,동홍2통 경로당,제주특별자치도,서귀포시,50130,제주특별자치도 서귀포시 중산간동로7920번길 10,제주특별자치도 서귀포시 동홍동 1080-1,33.26629604,126.5697394,30,제주특별자치도 자치경찰단,064-710-6277,서귀포경찰서,N,,,2025-12-24,6500000,제주특별자치도
1,상예2동 복지회관,제주특별자치도,서귀포시,50130,제주특별자치도 서귀포시 존제로15번길 2,제주특별자치도 서귀포시 상예동 4647-5,33.2657205,126.3769628,50,제주특별자치도 자치경찰단,064-710-6277,서귀포경찰서,N,,,2025-12-24,6500000,제주특별자치도
1,제일 요양원,제주특별자치도,서귀포시,50130,제주특별자치도 서귀포시 정방연로 52-8,제주특별자치도 서귀포시 토평동 808,33.25229322,126.5778468,30,제주특별자치도 자치경찰단,064-710-6277,서귀포경찰서,N,,,2025-12-24,6500000,제주특별자치도
1,중문요양원,제주특별자치도,서귀포시,50130,제주특별자치도 서귀포시 일주서로728번길 74,제주특별자치도 서귀포시 중문동 1197-3,33.26225125,126.4341233,50,제주특별자치도 자치경찰단,064-710-6277,서귀포경찰서,N,,,2025-12-24,6500000,제주특별자치도
1,중문노인복지타운,제주특별자치도,서귀포시,50130,제주특별자치도 서귀포시 일주서로 670번길 4,제주특별자치도 서귀포시 회수동 656-4,33.25497165,126.4384798,50,제주특별자치도 자치경찰단,064-710-6277,서귀포경찰서,N,,,2025-12-24,6500000,제주특별자치도
1,동하동경로당,제주특별자치도,서귀포시,50130,제주특별자치도 서귀포시 안덕면 화순중앙로123번길 29,제주특별자치도 서귀포시 안덕면 화순리 744-1,33.24057235,126.3381875,30,제주특별자치도 자치경찰단,064-710-6277,서귀포경찰서,N,,,2025-12-24,6500000,제주특별자치도
1,동광효도마을 요양원,제주특별자치도,서귀포시,50130,제주특별자치도 서귀포시 안덕면 한창로 619,제주특별자치도 서귀포시 안덕면 동광리 928-4,33.31188678,126.3388667,30,제주특별자치도 자치경찰단,064-710-6277,서귀포경찰서,N,,,2025-12-24,6500000,제주특별자치도
1,상창리 경로당,제주특별자치도,서귀포시,50130,제주특별자치도 서귀포시 안덕면 한창로 102,제주특별자치도 서귀포시 안덕면 상창리 648-1,33.27227724,126.3660489,50,제주특별자치도 자치경찰단,064-710-6277,서귀포경찰서,N,,,2025-12-24,6500000,제주특별자치도
1,서광동리 경로당,제주특별자치도,서귀포시,50130,제주특별자치도 서귀포시 안덕면 중산간서로 1789,제주특별자치도 서귀포시 안덕면 서광리 75-6,33.28604514,126.3311202,30,제주특별자치도 자치경찰단,064-710-6277,서귀포경찰서,N,,,2025-12-24,6500000,제주특별자치도
1,서광서리경로당,제주특별자치도,서귀포시,50130,제주특별자치도 서귀포시 안덕면 서광남로 144-5,제주특별자치도 서귀포시 안덕면 서광리 2162-3,33.28511928,126.3020155,30,제주특별자치도 자치경찰단,064-710-6277,서귀포경찰서,N,,,2025-12-24,6500000,제주특별자치도
1,광평리 경로당,제주특별자치도,서귀포시,50130,제주특별자치도 서귀포시 안덕면 광평로 41,제주특별자치도 서귀포시 안덕면 광평리 195-2,33.32958733,126.3812427,40,제주특별자치도 자치경찰단,064-710-6277,서귀포경찰서,N,,,2025-12-24,6500000,제주특별자치도
1,감산리 사무소,제주특별자치도,서귀포시,50130,제주특별자치도 서귀포시 안덕면 감산중로 29,제주특별자치도 서귀포시 안덕면 감산리 286,33.25947527,126.3538893,50,제주특별자치도 자치경찰단,064-710-6277,서귀포경찰서,N,,,2025-12-24,6500000,제주특별자치도
1,신흥1리 사무소,제주특별자치도,서귀포시,50130,제주특별자치도 서귀포시 남원읍 신흥로 32-10,제주특별자치도 서귀포시 남원읍 신흥리 212-1,33.30457123,126.7675999,30,제주특별자치도 자치경찰단,064-710-6277,서귀포경찰서,N,,,2025-12-24,6500000,제주특별자치도
1,삼달2리 경로당,제주특별자치도,서귀포시,50130,제주특별자치도 서귀포시 성산읍 일주동로 5252,제주특별자치도 서귀포시 성산읍 삼달리 29-2,33.36940843,126.8687192,50,제주특별자치도 자치경찰단,064-710-6277,서귀포경찰서,N,,,2025-12-24,6500000,제주특별자치도
1,오조리사무소,제주특별자치도,서귀포시,50130,제주특별자치도 서귀포시 성산읍 오조로 85,제주특별자치도 서귀포시 성산읍 오조리 155-1,33.46148582,126.914987,30,제주특별자치도 자치경찰단,064-710-6277,서귀포경찰서,N,,,2025-12-24,6500000,제주특별자치도
1,신풍리 사무소,제주특별자치도,서귀포시,50130,제주특별자치도 서귀포시 성산읍 신풍상동로 4,제주특별자치도 서귀포시 성산읍 신풍리 723,33.36139893,126.8352691,30,제주특별자치도 자치경찰단,064-710-6277,서귀포경찰서,N,,,2025-12-24,6500000,제주특별자치도
1,신천리 경로당,제주특별자치도,서귀포시,50130,제주특별자치도 서귀포시 성산읍 신천로 26,제주특별자치도 서귀포시 성산읍 신천리 266-3,33.3443728,126.8522237,30,제주특별자치도 자치경찰단,064-710-6277,서귀포경찰서,N,,,2025-12-24,6500000,제주특별자치도
1,수산2리경로당,제주특별자치도,서귀포시,50130,제주특별자치도 서귀포시 성산읍 수산서남로 79번길 154,제주특별자치도 서귀포시 성산읍 수산리 2432-1,33.4421837,126.8634756,30,제주특별자치도 자치경찰단,064-710-6277,서귀포경찰서,N,,,2025-12-24,6500000,제주특별자치도
1,수산1리경로당,제주특별자치도,서귀포시,50130,제주특별자치도 서귀포시 성산읍 수산서남로 26,제주특별자치도 서귀포시 성산읍 수산리 1199-1,33.44675167,126.8825851,30,제주특별자치도 자치경찰단,064-710-6277,서귀포경찰서,N,,,2025-12-24,6500000,제주특별자치도
01,횡천 경로당,충청남도,청양군,44790,충청남도 청양군 대치면 비끼내길 275,충청남도 청양군 대치면 시전리 107-5,36.484209,126.8749071845,30,충청남도 청양군,041-940-2984,청양경찰서,N,0,5,2025-12-04,4590000,충청남도 청양군
01,주정2리 마을회관,충청남도,청양군,44790,충청남도 청양군 대치면 주전로 185,충청남도 청양군 대치면 주정리 81-3,36.4589466897,126.8340151268,30,충청남도 청양군,041-940-2984,청양경찰서,N,0,8.5,2025-12-04,4590000,충청남도 청양군
01,청양군 사회복지관,충청남도,청양군,44790,충청남도 청양군 청양읍 칠갑산로 316,충청남도 청양군 청양읍 교월리 113-3,36.451228,126.8112324838,30,충청남도 청양군,041-940-2984,청양경찰서,Y,1,21,2025-12-04,4590000,충청남도 청양군
01,위라2리 경로당,충청남도,청양군,44790,충청남도 청양군 운곡면 어슬티길 9,충청남도 청양군 운곡면 위라리 660-1,36.4827154661,126.8246947226,30,충청남도 청양군,041-940-2984,청양경찰서,Y,1,10,2025-12-04,4590000,충청남도 청양군
01,영양1리 경로당,충청남도,청양군,44790,충청남도 청양군 운곡면 영양리 406-1,충청남도 청양군 운곡면 영양리 406-1,36.535926,126.849277,50,충청남도 청양군,041-940-2984,청양경찰서,N,0,10,2025-12-04,4590000,충청남도 청양군
01,마치2리 마을회관,충청남도,청양군,44790,충청남도 청양군 정산면 칠갑산로 1348-24,충청남도 청양군 정산면 마치리 430-4,36.423071,126.907938,30,충청남도 청양군,041-940-2984,청양경찰서,Y,1,10,2025-12-04,4590000,충청남도 청양군
01,중리여성 노인회관,충청남도,청양군,44790,충청남도 청양군 운곡면 추광길 183,충청남도 청양군 운곡면 추광리 224-1,36.5509333821,126.868674,30,충청남도 청양군,041-940-2984,청양경찰서,N,0,5,2025-12-04,4590000,충청남도 청양군
01,야광 마을회관,충청남도,청양군,44790,충청남도 청양군 운곡면 야광길 132,충청남도 청양군 운곡면 추광리 41-2,36.557079,126.878066,30,충청남도 청양군,041-940-2984,청양경찰서,N,0,8,2025-12-04,4590000,충청남도 청양군
01,사점리 마을회관,충청남도,청양군,44790,충청남도 청양군 비봉면 충절로 1889,충청남도 청양군 비봉면 사점리 487-5,36.511276,126.790792,30,충청남도 청양군,041-940-2984,청양경찰서,N,0,11.15,2025-12-04,4590000,충청남도 청양군
01,목면 분회경로당,충청남도,청양군,44790,충청남도 청양군 목면 안심길 177-4,충청남도 청양군 목면 안심리 255-5,36.424052,127.008735,30,충청남도 청양군,041-940-2984,청양경찰서,Y,1,8.9,2025-12-04,4590000,충청남도 청양군
01,용천리 윗마을 경로당,충청남도,청양군,44790,충청남도 청양군 비봉면 용천신원로 70,충청남도 청양군 비봉면 용천리 407-3,36.48325306,126.7516692,30,충청남도 청양군,041-940-2984,청양경찰서,N,0,8.5,2025-12-04,4590000,충청남도 청양군
01,원통노인회관,충청남도,청양군,44790,충청남도 청양군 화성면 원통길 39-4,충청남도 청양군 화성면 신정리 619,36.45022614,126.7365223,40,충청남도 청양군,041-940-2984,청양경찰서,N,0,6.5,2025-12-04,4590000,충청남도 청양군
01,중묵리 외덕경로당,충청남도,청양군,44790,충청남도 청양군 비봉면 중묵운곡로 247-23,충청남도 청양군 비봉면 중묵리 102-1,36.49961889,126.8138323,30,충청남도 청양군,041-940-2984,청양경찰서,Y,3,8.5,2025-12-04,4590000,충청남도 청양군
01,세정경로당,충청남도,청양군,44790,충청남도 청양군 비봉면 충절로 2138-17,충청남도 청양군 비봉면 장재리 365-1,36.53157492,126.7801647,30,충청남도 청양군,041-940-2984,청양경찰서,Y,1,6.5,2025-12-04,4590000,충청남도 청양군
01,대한노인회 청남분회관,충청남도,청양군,44790,충청남도 청양군 청남면 명덕로 188-1,충청남도 청양군 청남면 청소리 191,36.3529114,126.9527515,30,충청남도 청양군,041-940-2984,청양경찰서,Y,3,6.5,2025-12-04,4590000,충청남도 청양군
01,상장1리 마을회관,충청남도,청양군,44790,충청남도 청양군 청남면 막골길 98-9,충청남도 청양군 청남면 상장리 116-1,36.35761036,126.9368101,30,충청남도 청양군,041-940-2984,청양경찰서,Y,1,6.5,2025-12-04,4590000,충청남도 청양군
01,인양리 마을회관,충청남도,청양군,44790,충청남도 청양군 청남면 서편길 8-3,충청남도 청양군 청남면 인양리 413-3,36.33026529,126.9255962,30,충청남도 청양군,041-940-2984,청양경찰서,N,0,8.5,2025-12-04,4590000,충청남도 청양군
1,삼달1리 경로당,제주특별자치도,서귀포시,50130,제주특별자치도 서귀포시 성산읍 삼달로 209,제주특별자치도 서귀포시 성산읍 삼달리 724-1,33.37409847,126.8472648,30,제주특별자치도 자치경찰단,064-710-6277,서귀포경찰서,N,,,2025-12-24,6500000,제주특별자치도
1,성산읍노인복지회관,제주특별자치도,서귀포시,50130,제주특별자치도 서귀포시 성산읍 산성효자로 67,제주특별자치도 서귀포시 성산읍 고성리 1549-1,33.44839048,126.9063725,30,제주특별자치도 자치경찰단,064-710-6277,서귀포경찰서,N,,,2025-12-24,6500000,제주특별자치도
1,한마음 요양원,제주특별자치도,서귀포시,50130,제주특별자치도 서귀포시 성산읍 고성오조로 15,제주특별자치도 서귀포시 성산읍 고성리 1003-3,33.44543655,126.9134733,30,제주특별자치도 자치경찰단,064-710-6277,서귀포경찰서,N,,,2025-12-24,6500000,제주특별자치도
1,성산LH경로당,제주특별자치도,서귀포시,50130,제주특별자치도 서귀포시 성산읍 고성동서로 33,제주특별자치도 서귀포시 성산읍 고성리 1142,33.45033032,126.9108064,30,제주특별자치도 자치경찰단,064-710-6277,서귀포경찰서,N,,,2025-12-24,6500000,제주특별자치도
1,서호요양원,제주특별자치도,서귀포시,50130,제주특별자치도 서귀포시 서호호근로238번길 10,제주특별자치도 서귀포시 서호동 551,33.2679407,126.5207794,30,제주특별자치도 자치경찰단,064-710-6277,서귀포경찰서,N,,,2025-12-24,6500000,제주특별자치도
1,서귀포시 노인복지지원센터,제주특별자치도,서귀포시,50130,제주특별자치도 서귀포시 서호남로 29,제주특별자치도 서귀포시 서호동 1604,33.25115977,126.5154808,30,제주특별자치도 자치경찰단,064-710-6277,서귀포경찰서,N,,,2025-12-24,6500000,제주특별자치도
1,서귀포시노인복지관,제주특별자치도,서귀포시,50130,제주특별자치도 서귀포시 서호남로 19-42,제주특별자치도 서귀포시 서호동 1601,33.25406553,126.5173415,30,제주특별자치도 자치경찰단,064-710-6277,서귀포경찰서,N,,,2025-12-24,6500000,제주특별자치도
1,천지동 경로당,제주특별자치도,서귀포시,50130,제주특별자치도 서귀포시 서문로 37,제주특별자치도 서귀포시 서귀동 321-5,33.24959972,126.5584091,50,제주특별자치도 자치경찰단,064-710-6277,서귀포경찰서,N,,,2025-12-24,6500000,제주특별자치도
1,기로회 요양원,제주특별자치도,서귀포시,50130,제주특별자치도 서귀포시 상효로 74-8,제주특별자치도 서귀포시 상효동 787,33.26627653,126.5984605,30,제주특별자치도 자치경찰단,064-710-6277,서귀포경찰서,N,,,2025-12-24,6500000,제주특별자치도
1,동홍동 7통 경로당,제주특별자치도,서귀포시,50130,제주특별자치도 서귀포시 동홍중앙로 30,제주특별자치도 서귀포시 동홍동 119,33.25304804,126.5720882,30,제주특별자치도 자치경찰단,064-710-6277,서귀포경찰서,N,,,2025-12-24,6500000,제주특별자치도
1,정방동경로당,제주특별자치도,서귀포시,50130,제주특별자치도 서귀포시 동부로12번길 15-4,제주특별자치도 서귀포시 서귀동 234-13,33.24686998,126.5706519,50,제주특별자치도 자치경찰단,064-710-6277,서귀포경찰서,N,,,2025-12-24,6500000,제주특별자치도
1,인성리경로당,제주특별자치도,서귀포시,50130,제주특별자치도 서귀포시 대정읍 향교로75번길 60,제주특별자치도 서귀포시 대정읍 인성리 283-5,33.24779863,126.2804402,30,제주특별자치도 자치경찰단,064-710-6277,서귀포경찰서,N,,,2025-12-24,6500000,제주특별자치도
1,하모3리 경로당,제주특별자치도,서귀포시,50130,제주특별자치도 서귀포시 대정읍 하모상가로 9,제주특별자치도 서귀포시 대정읍 하모리 1076-1,33.22177088,126.2497533,30,제주특별자치도 자치경찰단,064-710-6277,서귀포경찰서,N,,,2025-12-24,6500000,제주특별자치도
1,신평리 경로당,제주특별자치도,서귀포시,50130,제주특별자치도 서귀포시 대정읍 중산간서로 2610,제주특별자치도 서귀포시 대정읍 신평리 367-3,33.26530291,126.2591082,30,제주특별자치도 자치경찰단,064-710-6277,서귀포경찰서,N,,,2025-12-24,6500000,제주특별자치도
1,구억리 경로당,제주특별자치도,서귀포시,50130,제주특별자치도 서귀포시 대정읍 중산간서로 2362,제주특별자치도 서귀포시 대정읍 구억리 993-1,33.27426474,126.2801851,30,제주특별자치도 자치경찰단,064-710-6277,서귀포경찰서,N,,,2025-12-24,6500000,제주특별자치도
1,좌기동경로당,제주특별자치도,서귀포시,50130,제주특별자치도 서귀포시 대정읍 암반수마농로 534,제주특별자치도 서귀포시 대정읍 무릉리 1264-1,33.27365471,126.2330798,30,제주특별자치도 자치경찰단,064-710-6277,서귀포경찰서,N,,,2025-12-24,6500000,제주특별자치도
1,무릉1리 경로당,제주특별자치도,서귀포시,50130,제주특별자치도 서귀포시 대정읍 서삼중로 81,제주특별자치도 서귀포시 대정읍 무릉리 2928-3,33.27013877,126.2029867,30,제주특별자치도 자치경찰단,064-710-6277,서귀포경찰서,N,,,2025-12-24,6500000,제주특별자치도
1,상모1리사무소,제주특별자치도,서귀포시,50130,제주특별자치도 서귀포시 대정읍 상모인성로 18,제주특별자치도 서귀포시 대정읍 상모리 2652-2,33.22637138,126.2694824,30,제주특별자치도 자치경찰단,064-710-6277,서귀포경찰서,N,,,2025-12-24,6500000,제주특별자치도
1,동일1리 복지회관,제주특별자치도,서귀포시,50130,제주특별자치도 서귀포시 대정읍 동일하모로 96,제주특별자치도 서귀포시 대정읍 동일리 2852-2,33.22838318,126.2423984,30,제주특별자치도 자치경찰단,064-710-6277,서귀포경찰서,N,,,2025-12-24,6500000,제주특별자치도
1,신도2리경로당,제주특별자치도,서귀포시,50130,제주특별자치도 서귀포시 대정읍 도원로 43,제주특별자치도 서귀포시 대정읍 신도리 2609-9,33.27759617,126.174754,30,제주특별자치도 자치경찰단,064-710-6277,서귀포경찰서,N,,,2025-12-24,6500000,제주특별자치도
1,신도1리경로당,제주특별자치도,서귀포시,50130,제주특별자치도 서귀포시 대정읍 도원로 217,제주특별자치도 서귀포시 대정읍 신도리 1381-11,33.27843281,126.1917484,30,제주특별자치도 자치경찰단,064-710-6277,서귀포경찰서,N,,,2025-12-24,6500000,제주특별자치도
1,하례1리 경로당,제주특별자치도,서귀포시,50130,제주특별자치도 서귀포시 남원읍 하신로187번길 29,제주특별자치도 서귀포시 남원읍 하례리 612,33.26916923,126.6273652,30,제주특별자치도 자치경찰단,064-710-6277,서귀포경찰서,N,,,2025-12-24,6500000,제주특별자치도
1,태흥1리 경로당,제주특별자치도,서귀포시,50130,제주특별자치도 서귀포시 남원읍 태위로 817,제주특별자치도 서귀포시 남원읍 태흥리 1235-1,33.28343767,126.7331437,30,제주특별자치도 자치경찰단,064-710-6277,서귀포경찰서,N,,,2025-12-24,6500000,제주특별자치도
1,신흥2리 복지타운,제주특별자치도,서귀포시,50130,제주특별자치도 서귀포시 남원읍 중산간동로 5807,제주특별자치도 서귀포시 남원읍 신흥리 1756-1,33.32113695,126.7456047,30,제주특별자치도 자치경찰단,064-710-6277,서귀포경찰서,N,,,2025-12-24,6500000,제주특별자치도
1,위미리 자미성,제주특별자치도,서귀포시,50130,제주특별자치도 서귀포시 남원읍 자배오름로139번길 157,제주특별자치도 서귀포시 남원읍 위미리 2506,33.29124864,126.6617827,30,제주특별자치도 자치경찰단,064-710-6277,서귀포경찰서,N,,,2025-12-24,6500000,제주특별자치도
1,서귀포 공립 요양원,제주특별자치도,서귀포시,50130,제주특별자치도 서귀포시 남원읍 일주동로 7166,제주특별자치도 서귀포시 남원읍 남원리 1251-1,33.28294771,126.7153749,50,제주특별자치도 자치경찰단,064-710-6277,서귀포경찰서,N,,,2025-12-24,6500000,제주특별자치도
1,태흥3리 경로당,제주특별자치도,서귀포시,50130,제주특별자치도 서귀포시 남원읍 삼덕로 3,제주특별자치도 서귀포시 남원읍 태흥리 119-3,33.29359181,126.7584735,50,제주특별자치도 자치경찰단,064-710-6277,서귀포경찰서,N,,,2025-12-24,6500000,제주특별자치도
1,서귀포시 동부 노인복지회관,제주특별자치도,서귀포시,50130,제주특별자치도 서귀포시 남원읍 남한로 67,제주특별자치도 서귀포시 남원읍 남원리 1229-1,33.28426547,126.7148724,30,제주특별자치도 자치경찰단,064-710-6277,서귀포경찰서,N,,,2025-12-24,6500000,제주특별자치도
1,한남리 경로당,제주특별자치도,서귀포시,50130,제주특별자치도 서귀포시 남원읍 남한로 431,제주특별자치도 서귀포시 남원읍 한남리 359-2,33.31185254,126.6951669,30,제주특별자치도 자치경찰단,064-710-6277,서귀포경찰서,N,,,2025-12-24,6500000,제주특별자치도
1,신례2리 경로당,제주특별자치도,서귀포시,50130,제주특별자치도 서귀포시 남원읍 공천포로 69-1,제주특별자치도 서귀포시 남원읍 신례리 87-1,33.26508879,126.6407776,50,제주특별자치도 자치경찰단,064-710-6277,서귀포경찰서,N,,,2025-12-24,6500000,제주특별자치도
1,장승경로당,전북특별자치도,남원시,45190,전북특별자치도 남원시 산성길 1-14,전북특별자치도 남원시 향교동 708-10,35.41824301,127.375943,30,전북특별자치도 남원시청,063-620-6985,남원경찰서,N,,,2025-12-24,4701000,전북특별자치도 남원시
1,보은의 집,전북특별자치도,남원시,45190,전북특별자치도 남원시 문오로 439,전북특별자치도 남원시 어현동 657-17,35.3802518,127.3843938,30,전북특별자치도 남원시청,063-620-6985,남원경찰서,N,,,2025-12-24,4701000,전북특별자치도 남원시
1,섬기는재가노인복지센터,전북특별자치도,남원시,45190,전북특별자치도 남원시 광천남길 400,전북특별자치도 남원시 왕정동118-3,35.40877334,127.3719389,30,전북특별자치도 남원시청,063-620-6985,남원경찰서,N,,,2025-12-24,4701000,전북특별자치도 남원시
1,남원사랑노인재가복지센터,전북특별자치도,남원시,45190,전북특별자치도 남원시 광천북길 231-13,전북특별자치도 남원시 왕정동 236-6,35.41154261,127.3705676,30,전북특별자치도 남원시청,063-620-6985,남원경찰서,N,,,2025-12-24,4701000,전북특별자치도 남원시
1,남원동북노인복지센터,전북특별자치도,남원시,45190,전북특별자치도 남원시 네마실3길 12-1,전북특별자치도 남원시 향교동 363-1,35.41818982,127.3853682,50,전북특별자치도 남원시청,063-620-6985,남원경찰서,N,,,2025-12-24,4701000,전북특별자치도 남원시
1,광덕원,전북특별자치도,남원시,45190,전북특별자치도 남원시 대강면 가덕광암길 137,전북특별자치도 남원시 대강면 생암리 257-1,35.332499,127.201357,30,전북특별자치도 남원시청,063-620-6985,남원경찰서,N,,,2025-12-24,4701000,전북특별자치도 남원시
1,경애원,전북특별자치도,남원시,45190,전북특별자치도 남원시 인월면 인월중군길 113,전북특별자치도 남원시 인월면 인월리 72-2,35.451420,127.603952,30,전북특별자치도 남원시청,063-620-6985,남원경찰서,N,,,2025-12-24,4701000,전북특별자치도 남원시
1,행복의 집,전북특별자치도,남원시,45190,전북특별자치도 남원시 보산로 342,전북특별자치도 남원시 갈치동 393-2,35.465844,127.409909,30,전북특별자치도 남원시청,063-620-6985,남원경찰서,N,,,2025-12-24,4701000,전북특별자치도 남원시
1,율목종합사회복지관,경기도,안양시,41170,경기도 안양시 만안구 병목안로130번길 166,경기도 안양시 만안구 안양동 970-1,37.393120,126.908437,30,경기도 안양시청,031-8045-5328,안양만안경찰서,Y,,,2025-12-24,3830000,경기도 안양시
1,안양8동경로당,경기도,안양시,41170,경기도 안양시 만안구 냉천로 25,경기도 안양시 만안구 안양동 459-7,37.383860,126.928029,30,경기도 안양시청,031-8045-5328,안양만안경찰서,N,,,2025-12-24,3830000,경기도 안양시
1,구장터경로당,경기도,안양시,41170,경기도 안양시 동안구 흥안대로94번길 23,경기도 안양시 동안구 호계동 970-12,37.368479,126.956052,30,경기도 안양시청,031-8045-5328,안양동안경찰서,Y,,,2025-12-24,3830000,경기도 안양시
1,상남3리 경로당,강원특별자치도,인제군,51810,강원특별자치도 인제군 상남면 자포대길 13,강원특별자치도 인제군 상남면 상남리 1509-4,37.8452398974,128.2416598016,30,강원특별자치도 인제군,033-460-4212,인제경찰서,N,0,6,2025-06-18,4331000,강원특별자치도 인제군
1,가리산리 경로당,강원특별자치도,인제군,51810,강원특별자치도 인제군 인제읍 한석산로 1560,강원특별자치도 인제군 인제읍 가리산리 241-1,38.0667083487,128.3268477822,30,강원특별자치도 인제군,033-460-4212,인제경찰서,N,0,6,2025-06-18,4331000,강원특별자치도 인제군
1,서화1리 경로당,강원특별자치도,인제군,51810,강원특별자치도 인제군 서화면 금강로 1663,강원특별자치도 인제군 서화면 서화리 796-12,38.243410,128.207452294,30,강원특별자치도 인제군,033-460-4212,인제경찰서,N,0,6,2025-06-18,4331000,강원특별자치도 인제군
1,월학3리 경로당,강원특별자치도,인제군,51810,강원특별자치도 인제군 북면 금강로 769,강원특별자치도 인제군 북면 월학리 781-4,38.172820,128.205581,30,강원특별자치도 인제군,033-460-4212,인제경찰서,N,0,6,2025-06-18,4331000,강원특별자치도 인제군
1,월학2리 경로당,강원특별자치도,인제군,51810,강원특별자치도 인제군 북면 금강로 585-6,강원특별자치도 인제군 북면 월학리 546-5,38.158295,128.2057051662,30,강원특별자치도 인제군,033-460-4212,인제경찰서,N,0,6~8,2025-06-18,4331000,강원특별자치도 인제군
1,내비산경로당,경기도,안양시,41170,경기도 안양시 동안구 평촌대로411번길 26,경기도 안양시 동안구 비산동 1016,37.407755,126.948796,30,경기도 안양시청,031-8045-5328,안양동안경찰서,Y,,,2025-12-24,3830000,경기도 안양시
1,동비산경로당,경기도,안양시,41170,경기도 안양시 동안구 관악대로263번길 20,경기도 안양시 동안구 비산동 1051,37.403128,126.952062,30,경기도 안양시청,031-8045-5328,안양동안경찰서,Y,,,2025-12-24,3830000,경기도 안양시
1,안양시노인종합복지관,경기도,안양시,41170,경기도 안양시 동안구 경수대로665번길 74-30,경기도 안양시 동안구 호계동 314-7,37.379903,126.950932,30,경기도 안양시청,031-8045-5328,안양동안경찰서,Y,,,2025-12-24,3830000,경기도 안양시
1,만안구노인복지회관,경기도,안양시,41170,경기도 안양시 만안구 냉천로153번길 15,경기도 안양시 만안구 안양동 707-139,37.393704,126.921481,30,경기도 안양시청,031-8045-5328,안양만안경찰서,N,,,2025-12-24,3830000,경기도 안양시
1,동안노인복지회관,경기도,안양시,41170,경기도 안양시 동안구 동안로 151,경기도 안양시 동안구 비산동 1106,37.391462,126.949627,30,경기도 안양시청,031-8045-5328,안양동안경찰서,Y,,,2025-12-24,3830000,경기도 안양시
1,성삼경로당,서울특별시,성동구,11200,서울특별시 성동구 광나루로2길 35,서울특별시 성동구 성수동2가 299-240,37.54822203,127.0552459,30,서울특별시 성동구청,02-2286-5114,성동경찰서,N,,,2025-12-23,3030000,서울특별시 성동구
1,왕십리제일경로당,서울특별시,성동구,11200,서울특별시 성동구 왕십리로33가길 16,서울특별시 성동구 하왕십리동 891-47,37.56424422,127.0277715,30,서울특별시 성동구청,02-2286-5114,성동경찰서,Y,1,,2025-12-23,3030000,서울특별시 성동구
1,동부노인전문요양센터,서울특별시,성동구,11200,서울특별시 성동구 마장로23길 12,서울특별시 성동구 홍익동 16-1,37.56763063,127.0329614,30,서울특별시 성동구청,02-2286-5114,성동경찰서,Y,1,,2025-12-23,3030000,서울특별시 성동구
1,성동노인종합복지관,서울특별시,성동구,11200,서울특별시 성동구 마조로 77,서울특별시 성동구 마장동 798-1,37.56478448,127.041241,30,서울특별시 성동구청,02-2286-5114,성동경찰서,Y,3,,2025-12-23,3030000,서울특별시 성동구
1,종현경로당,경기도,안산시 단원구,41273,경기도 안산시 단원구 대선로 134,경기도 안산시 단원구 대부북동 1364-2,37.260075,126.569839,30,경기도 안산시 단원구 도로교통과,031-481-6295,경기안산단원경찰서,N,0,6.5,2025-12-19,3930000,경기도 안산시
1,안산화정요양원,경기도,안산시 단원구,41273,경기도 안산시 단원구 꽃우물길 83,경기도 안산시 단원구 화정동 568-3,37.35740593,126.8219681,30,경기도 안산시 단원구 도로교통과,031-481-6295,경기안산단원경찰서,Y,1,6.5,2025-12-19,3930000,경기도 안산시
2,아름다운 동행,경기도,안산시 단원구,41273,경기도 안산시 단원구 화정천동로6길 15-1,경기도 안산시 단원구 와동 793-17,37.346517,126.820638,30,경기도 안산시 단원구 도로교통과,031-481-6295,경기안산단원경찰서,Y,1,15,2025-12-19,3930000,경기도 안산시
1,거동 경로당,경상북도,상주시,47250,경상북도 상주시 거동1길 5,경상북도 상주시 거동동 123,36.384661,128.1771124,30,경상북도 상주시,054-537-7552,상주경찰서,N,,6,2025-12-10,5110000,경상북도 상주시
1,우물1리 경로당,경상북도,상주시,47250,경상북도 상주시 중동면 중동단밀로 81,경상북도 상주시 중동면 우물리 690-1,36.4106937,128.3164032,30,경상북도 상주시,054-537-7552,상주경찰서,N,,6,2025-12-10,5110000,경상북도 상주시
1,예의1리 경로당,경상북도,상주시,47250,경상북도 상주시 외서면 예의4길 26-12,경상북도 상주시 외서면 예의리 67-4,36.488214,128.003691,30,경상북도 상주시,054-537-7552,상주경찰서,N,,9,2025-12-10,5110000,경상북도 상주시
1,봉강리(새마) 경로당,경상북도,상주시,47250,경상북도 상주시 외서면 봉강1길 12,경상북도 상주시 외서면 봉강리 296,36.47222618,128.1294596,30,경상북도 상주시,054-537-7552,상주경찰서,N,,7,2025-12-10,5110000,경상북도 상주시
1,상촌2리 백두점 경로당,경상북도,상주시,47250,경상북도 상주시 낙동면 백두점길 47-1,경상북도 상주시 낙동면 화산리 42-3,36.388218,128.256878,30,경상북도 상주시,054-537-7552,상주경찰서,N,,8,2025-12-10,5110000,경상북도 상주시
1,수봉1리 경로당,경상북도,상주시,47250,경상북도 상주시 모동면 중화로 178,경상북도 상주시 모동면 수봉리 284-1,36.28764808,127.943962,30,경상북도 상주시,054-537-7552,상주경찰서,N,,6,2025-12-10,5110000,경상북도 상주시
1,신오리 경로당,경상북도,상주시,47250,경상북도 상주시 낙동면 신오2길 8,경상북도 상주시 낙동면 신오리 899-1,36.328101,128.2138935,30,경상북도 상주시,054-537-7552,상주경찰서,N,,7,2025-12-10,5110000,경상북도 상주시
1,평천1리(빙고개) 경로당,경상북도,상주시,47250,경상북도 상주시 공성면 상무로 154,경상북도 상주시 공성면 평천리 1055-44,36.285657,128.115961,30,경상북도 상주시,054-537-7552,상주경찰서,N,,7,2025-12-10,5110000,경상북도 상주시
01,사랑스러운 노인전문요양원,경기도,시흥시,41390,경기도 시흥시 수인로3465번길 21(신천동),경기도 시흥시 신천동 586-40,37.44144902,126.7746385,30,경기도 시흥시,031-310-3462,시흥경찰서,N,0,4,2025-08-25,4010000,경기도 시흥시
01,도창2통 경로당,경기도,시흥시,41390,경기도 시흥시 매화로116번길 9(도창동),경기도 시흥시 도창동 343-1,37.40862738,126.814361,30,경기도 시흥시,031-310-3462,시흥경찰서,N,0,6,2025-08-25,4010000,경기도 시흥시
01,엘림양로원,경기도,시흥시,41390,경기도 시흥시 도두머리길 2(도창동),경기도 시흥시 도창동 408-2,37.4092512,126.8145732,30,경기도 시흥시,031-310-3462,시흥경찰서,N,0,6,2025-08-25,4010000,경기도 시흥시
01,시흥시노인종합복지관,경기도,시흥시,41390,경기도 시흥시 장현능곡로 214(능곡동),경기도 시흥시 능곡동 765,37.36865998,126.8133007,30,경기도 시흥시,031-310-3462,시흥경찰서,N,0,20,2025-08-25,4010000,경기도 시흥시
1,단원구노인복지관,경기도,안산시 단원구,41273,경기도 안산시 단원구 선부광장1로 134,경기도 안산시 단원구 선부동 1077-9,37.332269,126.810584,30,경기도 안산시 단원구 도로교통과,031-481-6295,경기안산단원경찰서,Y,2,10,2025-12-19,3930000,경기도 안산시
1,아너스요양병원,경기도,안산시 단원구,41273,경기도 안산시 단원구 원포공원1로 49,경기도 안산시 단원구 초지동 743-4,37.302409,126.812303,30,경기도 안산시 단원구 도로교통과,031-481-6295,경기안산단원경찰서,N,0,8,2025-12-19,3930000,경기도 안산시
1,서안산노인전문병원,경기도,안산시 단원구,41273,경기도 안산시 단원구 원포공원로 54,경기도 안산시 단원구 초지동 742,37.303308,126.809893,30,경기도 안산시 단원구 도로교통과,031-481-6295,경기안산단원경찰서,N,0,8,2025-12-19,3930000,경기도 안산시
1,홀곶경로당,경기도,안산시 단원구,41273,경기도 안산시 단원구 대남로 544,경기도 안산시 단원구 대부남동 775-1,37.211047,126.554056,30,경기도 안산시 단원구 도로교통과,031-481-6295,경기안산단원경찰서,Y,1,8,2025-12-19,3930000,경기도 안산시
1,남동노인정,경기도,안산시 단원구,41273,경기도 안산시 단원구 대남로 137,경기도 안산시 단원구 대부남동 376-25,37.231084,126.582031,30,경기도 안산시 단원구 도로교통과,031-481-6295,경기안산단원경찰서,N,0,8,2025-12-19,3930000,경기도 안산시
1,사랑의 선녀수녀회 평화의집,경기도,안산시 단원구,41273,경기도 안산시 단원구 평화길 8,경기도 안산시 단원구 고잔동 656-25,37.32755906,126.819403,30,경기도 안산시 단원구 도로교통과,031-481-6295,경기안산단원경찰서,Y,2,8,2025-12-19,3930000,경기도 안산시
2,불로경로당,인천광역시,서구,28260,인천광역시 서구 검단로763번안길 21 (불로동) 불로경로당,인천광역시 서구 불로동 767-13,37.61444931,126.6830099,30,인천광역시 서구,032-560-4858,인천서부경찰서,N,,,2025-11-10,3560000,인천광역시 서구
2,낙원요양원,인천광역시,서구,28260,인천광역시 서구 완정로10번길 6-7 (마전동) 낙원요양원,인천광역시 서구 마전동 1009-4,37.59487164,126.6737991,30,인천광역시 서구,032-560-4858,인천서부경찰서,N,,,2025-11-10,3560000,인천광역시 서구
2,검암경로당,인천광역시,서구,28260,인천광역시 서구 승학로 551 (검암동) 2층,인천광역시 서구 검암동 506-1,37.56656215,126.6807142,30,인천광역시 서구,032-560-4858,인천서부경찰서,N,,,2025-11-10,3560000,인천광역시 서구
2,새말공원,인천광역시,서구,28260,"인천광역시 서구 서곶로255번길 12 (심곡동, 상산빌라) 새말공원",인천광역시 서구 심곡동 260-8,37.54050983,126.6753673,30,인천광역시 서구,032-560-4858,인천서부경찰서,N,,,2025-11-10,3560000,인천광역시 서구
2,계명공원,인천광역시,서구,28260,인천광역시 서구 연희로46번길 6 (연희동) 계명공원,인천광역시 서구 연희동 735-2,37.54952377,126.6720153,30,인천광역시 서구,032-560-4858,인천서부경찰서,N,,,2025-11-10,3560000,인천광역시 서구
2,건지공원,인천광역시,서구,28260,인천광역시 서구 건지로334번길 47 (가좌동) 건지공원,인천광역시 서구 가좌동 198-11,37.49399764,126.6794013,30,인천광역시 서구,032-560-4858,인천서부경찰서,N,,,2025-11-10,3560000,인천광역시 서구
2,갈매공원,인천광역시,서구,28260,인천광역시 서구 경명대로683번길 6-7 (공촌동) 갈매공원,인천광역시 서구 공촌동 304,37.55267952,126.6849923,30,인천광역시 서구,032-560-4858,인천서부경찰서,N,,,2025-11-10,3560000,인천광역시 서구
2,가정공원,인천광역시,서구,28260,인천광역시 서구 가정로 404 (가정동) 가정공원,인천광역시 서구 가정동 494,37.5209728,126.673514,30,인천광역시 서구,032-560-4858,인천서부경찰서,N,,,2025-11-10,3560000,인천광역시 서구
01,수정리 경로당,충청남도,청양군,44790,충청남도 청양군 화성면 텃골길 3,충청남도 청양군 화성면 수정리 232-1,36.4678288746,126.7171925345,30,충청남도 청양군,041-940-2984,청양경찰서,N,0,6.5,2025-12-04,4590000,충청남도 청양군
01,물안이 경로당,충청남도,청양군,44790,충청남도 청양군 화성면 물안이길 1,충청남도 청양군 화성면 수정리 774-4,36.464828,126.7075956882,30,충청남도 청양군,041-940-2984,청양경찰서,N,0,6.5,2025-12-04,4590000,충청남도 청양군
01,"지곡2리 마을회관, 경로당",충청남도,청양군,44790,충청남도 청양군 목면 칠갑산로 2253-6,충청남도 청양군 목면 지곡리 111-1,36.4029670911,126.9829154638,30,충청남도 청양군,041-940-2984,청양경찰서,N,0,6.5,2025-12-04,4590000,충청남도 청양군
01,시전리 마을회관,충청남도,청양군,44790,충청남도 청양군 대치면 청산로 690-26,충청남도 청양군 대치면 시전리 286-6,36.4668114726,126.850899,30,충청남도 청양군,041-940-2984,청양경찰서,N,0,5,2025-12-04,4590000,충청남도 청양군
01,대봉2리 마을회관,충청남도,청양군,44790,충청남도 청양군 남양면 솟골길 77,충청남도 청양군 남양면 대봉리 618-11,36.392339,126.772284,30,충청남도 청양군,041-940-2984,청양경찰서,N,0,5,2025-12-04,4590000,충청남도 청양군
01,록평1리 마을회관 및 경로당,충청남도,청양군,44790,충청남도 청양군 비봉면 상록길 28,충청남도 청양군 비봉면 록평리 184-5,36.519926,126.788825,30,충청남도 청양군,041-940-2984,청양경찰서,N,0,5,2025-12-04,4590000,충청남도 청양군
01,록평2리 마을회관,충청남도,청양군,44790,충청남도 청양군 비봉면 무한천길 108-83,충청남도 청양군 비봉면 록평리 392-4,36.5240239944,126.772076,30,충청남도 청양군,041-940-2984,청양경찰서,N,0,5,2025-12-04,4590000,충청남도 청양군
01,록평2리 노인회관,충청남도,청양군,44790,충청남도 청양군 비봉면 무한천길 50,충청남도 청양군 비봉면 록평리 291,36.5224212108,126.779299,30,충청남도 청양군,041-940-2984,청양경찰서,N,0,5,2025-12-04,4590000,충청남도 청양군
01,화산 마을회관,충청남도,청양군,44790,충청남도 청양군 장평면 화산로 335,충청남도 청양군 장평면 화산리 123-1,36.3574669836,126.8623071358,30,충청남도 청양군,041-940-2984,청양경찰서,N,0,8.5,2025-12-04,4590000,충청남도 청양군
01,화산리 마을회관 노인정,충청남도,청양군,44790,충청남도 청양군 장평면 화산로 315,충청남도 청양군 장평면 화산리 303-5,36.3548267479,126.861099,30,충청남도 청양군,041-940-2984,청양경찰서,N,0,8.5,2025-12-04,4590000,충청남도 청양군
01,미당2리 마을회관,충청남도,청양군,44790,충청남도 청양군 장평면 낙지미당로 411,충청남도 청양군 장평면 미당리 443-5,36.372707,126.919989,30,충청남도 청양군,041-940-2984,청양경찰서,N,0,8.5,2025-12-04,4590000,충청남도 청양군
2,빛과 둥지 비전센터 및  LN빛과둥지,경기도,안산시 상록구,41271,"경기도 안산시 상록구 시낭공원안길 19 ,22",경기도 안산시 상록구 부곡동 714-11,37.336819,126.858433,30,경기도 안산시 상록구 경제교통과,031-481-5579,경기안산상록경찰서,Y,2,4.5,2025-12-19,3930000,경기도 안산시
2,안산 평화의 집,경기도,안산시 상록구,41271,경기도 안산시 상록구 고목로3길8,경기도 안산시 상록구 본오동 982-7,37.283462,126.859928,30,경기도 안산시 상록구 경제교통과,031-481-5579,경기안산상록경찰서,Y,2,6.5,2025-12-19,3930000,경기도 안산시
1,안산시립노인전문병원,경기도,안산시 상록구,41271,경기도 안산시 상록구 차돌배기로 24,경기도 안산시 상록구 사동 1586,37.299674,126.846138,30,경기도 안산시 상록구 경제교통과,031-481-5579,경기안산상록경찰서,Y,2,14,2025-12-19,3930000,경기도 안산시
1,효누리주간보호센터,경기도,안산시 상록구,41271,경기도 안산시 상록구 성호로 303,경기도 안산시 상록구 부곡동 711,37.32864894,126.858676,30,경기도 안산시 상록구 경제교통과,031-481-5579,경기안산상록경찰서,Y,2,14,2025-12-19,3930000,경기도 안산시
1,상록노인복지회관,경기도,안산시 상록구,41271,경기도 안산시 상록구 고잔로 162,경기도 안산시 상록구 성포동 589,37.318487,126.844302,30,경기도 안산시 상록구 경제교통과,031-481-5579,경기안산상록경찰서,Y,3,14,2025-12-19,3930000,경기도 안산시
1,지산2리 경로당,경상북도,상주시,47250,경상북도 상주시 모서면 지산보미로 1,경상북도 상주시 모서면 지산리 396-6,36.347003,127.938194,30,경상북도 상주시,054-537-7552,상주경찰서,N,,7,2025-12-10,5110000,경상북도 상주시
1,백학1리 목과 경로당,경상북도,상주시,47250,경상북도 상주시 모서면 백학1길 14-12,경상북도 상주시 모서면 백학리 585-1,36.31614186,127.8847959,30,경상북도 상주시,054-537-7552,상주경찰서,N,,6,2025-12-10,5110000,경상북도 상주시
1,호음1리 경로당,경상북도,상주시,47250,경상북도 상주시 모서면 백화로 223,경상북도 상주시 모서면 호음리 479,36.295631,127.8649899,30,경상북도 상주시,054-537-7552,상주경찰서,N,,6,2025-12-10,5110000,경상북도 상주시
1,상판1리 경로당,경상북도,상주시,47250,경상북도 상주시 모동면 상판2길 19,경상북도 상주시 모동면 상판리 459,36.29948144,128.0024452,30,경상북도 상주시,054-537-7552,상주경찰서,N,,9,2025-12-10,5110000,경상북도 상주시
1,옥산2리 경로당,경상북도,상주시,47250,경상북도 상주시 공성면 옥산4길 21,경상북도 상주시 공성면 옥산리 177-12,36.28555661,128.092965,30,경상북도 상주시,054-537-7552,상주경찰서,N,,7,2025-12-10,5110000,경상북도 상주시
1,죽암1리 중리 경로당,경상북도,상주시,47250,경상북도 상주시 중동면 덕암로 249-4,경상북도 상주시 중동면 죽암리 775-4,36.42095422,128.2585157,30,경상북도 상주시,054-537-7552,상주경찰서,N,,8,2025-12-10,5110000,경상북도 상주시
1,두릉리 경로당,경상북도,상주시,47250,경상북도 상주시 사벌국면 두릉1길 11,경상북도 상주시 사벌국면 두릉리 308-8,36.491241,128.1889741,30,경상북도 상주시,054-537-7552,상주경찰서,N,,6,2025-12-10,5110000,경상북도 상주시
1,원흥3리 경로당,경상북도,상주시,47250,경상북도 상주시 사벌국면 원흥2길 5,경상북도 상주시 사벌국면 원흥리 638-27,36.468135,128.1846062,30,경상북도 상주시,054-537-7552,상주경찰서,N,,7,2025-12-10,5110000,경상북도 상주시
1,지천 경로당,경상북도,상주시,47250,경상북도 상주시 지천2길 29,경상북도 상주시 지천동 523-6,36.361529,128.152839,30,경상북도 상주시,054-537-7552,상주경찰서,N,,7,2025-12-10,5110000,경상북도 상주시
1,번도2리 마을회관,경기도,여주시,41670,경기도 여주시 세종대왕면 번머리길 26-1,경기도 여주시 세종대왕면 번도리 614-8,37.3068058731,127.5731167418,30,경기도 여주시청,031-887-2623,여주경찰서,Y,7,8,2025-12-22,5700000,경기도 여주시
1,광대2리 마을회관,경기도,여주시,41670,경기도 여주시 세종대왕면 광대3길 1,경기도 여주시 세종대왕면 광대리 86-2,37.2636640727,127.5810452277,30,경기도 여주시청,031-887-2623,여주경찰서,Y,5,8,2025-12-22,5700000,경기도 여주시
1,광대1리 마을회관,경기도,여주시,41670,경기도 여주시 세종대왕면 광대1길 5,경기도 여주시 세종대왕면 광대리 317-6,37.263188063,127.5746212345,30,경기도 여주시청,031-887-2623,여주경찰서,N,0,8,2025-12-22,5700000,경기도 여주시
1,매류2리 노인정,경기도,여주시,41670,경기도 여주시 세종대왕면 양화로 631,경기도 여주시 세종대왕면 매류리 326-15,37.2760366825,127.5596196407,30,경기도 여주시청,031-887-2623,여주경찰서,N,0,6,2025-12-22,5700000,경기도 여주시
1,우만동 마을회관,경기도,여주시,41670,경기도 여주시 주내로 578,경기도 여주시 우만동 126-25,37.256432477,127.6756553575,30,경기도 여주시청,031-887-2623,여주경찰서,Y,2,6,2025-12-22,5700000,경기도 여주시
1,삼합1리 마을회관,경기도,여주시,41670,경기도 여주시 점동면 점동로 616-3,경기도 여주시 점동면 삼합리 472-1,37.2015543853,127.7248751674,30,경기도 여주시청,031-887-2623,여주경찰서,Y,1,6,2025-12-22,5700000,경기도 여주시
1,상백1리 마을회관,경기도,여주시,41670,경기도 여주시 흥천면 능북로 464,경기도 여주시 흥천면 상백리 208-8,37.3586439534,127.5568247542,30,경기도 여주시청,031-887-2623,여주경찰서,Y,1,6,2025-12-22,5700000,경기도 여주시
1,동산노인복지관,경기도,안산시 상록구,41271,경기도 안산시 상록구 석호공원로 8,경기도 안산시 상록구 사동 1584-1,37.301487,126.843865,30,경기도 안산시 상록구 경제교통과,031-481-5579,경기안산상록경찰서,Y,2,14,2025-12-19,3930000,경기도 안산시
1,기장군노인복지관,부산광역시,기장군,34000,부산광역시 기장군 기장읍 대청로22번길 61,부산광역시 기장군 기장읍 대라리 186-8,35.23509591,129.2126008,30,부산광역시 기장군,051-709-2484,기장경찰서,Y,1,,2025-12-22,3400000,부산광역시 기장군
1,철마노인대학,부산광역시,기장군,34000,부산광역시 기장군 철마면 개좌로 822,부산광역시 기장군 철마면 장전리 279-1,35.27356351,129.1500877,30,부산광역시 기장군,051-709-2484,기장경찰서,Y,1,,2025-12-22,3400000,부산광역시 기장군
1,정관노인복지관,부산광역시,기장군,34000,부산광역시 기장군 정관읍 정관중앙로 83-14,부산광역시 기장군 정관읍 용수리 1314-2,35.32475583,129.1790842,30,부산광역시 기장군,051-709-2484,기장경찰서,Y,2,,2025-12-22,3400000,부산광역시 기장군
1,일광노인복지관,부산광역시,기장군,34000,부산광역시 기장군 일광면 이천8길 13,부산광역시 기장군 일광면 이천리 930-2,35.26754064,129.2367356,30,부산광역시 기장군,051-709-2484,기장경찰서,Y,4,,2025-12-22,3400000,부산광역시 기장군
1,송암노인요양원,부산광역시,기장군,34000,부산광역시 기장군 기장읍 배산로56번길 26-16,부산광역시 기장군 기장읍 서부리 412,35.24954504,129.2102633,30,부산광역시 기장군,051-709-2484,기장경찰서,N,0,,2025-12-22,3400000,부산광역시 기장군
1,기장실버홈,부산광역시,기장군,34000,부산광역시 기장군 정관읍 곰내길 574,부산광역시 기장군 정관읍 매학리 525-25,35.31518468,129.1699541,30,부산광역시 기장군,051-709-2484,기장경찰서,Y,1,,2025-12-22,3400000,부산광역시 기장군
01,오산시니어클럽,경기도,오산시,41370,경기도 오산시 경기대로636번길13,경기도 오산시 내삼미동 496-2,37.179243,127.0570647,30,경기도 오산시청,031-8036-6797,오산경찰서,N,0,4,2025-12-22,4000000,경기도 오산시
01,오산노인종합복지관,경기도,오산시,41370,경기도 오산시 수청로192,경기도 오산시 금암동 512,37.17775181,127.044835,30,경기도 오산시청,031-8036-6797,오산경찰서,N,0,9,2025-12-22,4000000,경기도 오산시
01,남부종합사회복지관,경기도,오산시,41370,경기도 오산시 오산로132번길 28-5,경기도 오산시 원동 404-10,37.13856495,127.0723635,30,경기도 오산시청,031-8036-6797,오산경찰서,N,0,6~14,2025-12-22,4000000,경기도 오산시
01,오산 노인전문병원,경기도,오산시,41370,경기도 오산시 가장산업동로 69-27,경기도 오산시 궐동 543,37.16503394,127.0441077,30,경기도 오산시청,031-8036-6797,오산경찰서,N,0,5,2025-12-22,4000000,경기도 오산시
1,문방2리경로당,충청북도,괴산군,43760,,충청북도 괴산군 청안면 문방리 482,36.74573795,127.648085,30,도로관리사업소,043-220-6033,충청북도 괴산경찰서,N,,,2025-12-18,4460000,충청북도 괴산군
1,문법3경로당,충청북도,괴산군,43760,,충청북도 괴산군 문광면 문법리132-2,36.78705746,127.7600603,30,충청북도 괴산군청,043-830-3534,충청북도 괴산경찰서,N,,,2025-12-18,4460000,충청북도 괴산군
1,문법1경로당,충청북도,괴산군,43760,,충청북도 괴산군 문광면 문법리 616-9,36.79217635,127.7567721,30,충청북도 괴산군청,043-830-3534,충청북도 괴산경찰서,N,,,2025-12-18,4460000,충청북도 괴산군
1,사담리경로당,충청북도,괴산군,43760,,충청북도 괴산군 청천면 사담리 36-8,36.62581952,127.8071558,30,도로관리사업소,043-220-6033,충청북도 괴산경찰서,N,,,2025-12-18,4460000,충청북도 괴산군
1,하문경로당,충청북도,괴산군,43760,충청북도 괴산군 불정면 하문로1길 18-3,,36.87153379,127.8765936,30,도로관리사업소,043-220-6033,충청북도 괴산경찰서,N,,,2025-12-18,4460000,충청북도 괴산군
1,몽촌리경로당,충청북도,괴산군,43760,충청북도 괴산군 소수면 원소로몽촌1길 15,,36.85111361,127.6939856,30,도로관리사업소,043-220-6033,충청북도 괴산경찰서,N,,,2025-12-18,4460000,충청북도 괴산군
1,부흥3경로당,충청북도,괴산군,43760,충청북도 괴산군 청안면 금평로부흥1길 13,,36.69803266,127.7379777,30,도로관리사업소,043-220-6033,충청북도 괴산경찰서,N,,,2025-12-18,4460000,충청북도 괴산군
1,장암4리 로당,충청북도,괴산군,43760,충청북도 괴산군 청안면 장암로1길 4-1,,36.7496251523,127.7192699161,30,도로관리사업소,043-220-6033,충청북도 괴산경찰서,N,,,2025-12-18,4460000,충청북도 괴산군
1,금평2경로당,충청북도,괴산군,43760,충청북도 괴산군 청천면 금평삼거리길 8,,36.67472083,127.7570241,30,도로관리사업소,043-220-6033,충청북도 괴산경찰서,N,,,2025-12-18,4460000,충청북도 괴산군
1,송동경로당,충청북도,괴산군,43760,충청북도 괴산군 장연면 송덕길 36-1,,36.78995326,127.9276064,30,도로관리사업소,043-220-6033,충청북도 괴산경찰서,N,,,2025-12-18,4460000,충청북도 괴산군
1,이평리경로당,충청북도,괴산군,43760,충청북도 괴산군 청천면 문장로 2946,,36.66260785,127.8737765,30,도로관리사업소,043-220-6033,충청북도 괴산경찰서,N,,,2025-12-18,4460000,충청북도 괴산군
1,화양2리경로당,충청북도,괴산군,43760,,충청북도 괴산군 화양리 101-16,36.68318353,127.7935014,30,도로관리사업소,043-220-6033,충청북도 괴산경찰서,N,,,2025-12-18,4460000,충청북도 괴산군
1,하관평경로당,충청북도,괴산군,43760,,충청북도 괴산군 청천면 관평리 458,36.69392591,127.8931922,30,도로관리사업소,043-220-6033,충청북도 괴산경찰서,N,,,2025-12-18,4460000,충청북도 괴산군
1,삼송4리경로당,충청북도,괴산군,43760,충청북도 괴산군 청천면 선유동1길 21,,36.67669278,127.8697074,30,도로관리사업소,043-220-6033,충청북도 괴산경찰서,N,,,2025-12-18,4460000,충청북도 괴산군
1,하미전경로당,충청북도,괴산군,43760,충청북도 괴산군 감물면 광전2길 6,,36.83053806,127.8749375,30,도로관리사업소,043-220-6033,충청북도 괴산경찰서,N,,,2025-12-18,4460000,충청북도 괴산군
1,고마2리경로당,충청북도,괴산군,43760,,충청북도 괴산군 소수면 고마리 429,36.828154972,127.7403651292,30,도로관리사업소,043-220-6033,충청북도 괴산경찰서,N,,,2025-12-18,4460000,충청북도 괴산군
1,지경경로당,충청북도,괴산군,43760,,충청북도 괴산군 청천면 지경리 220-1,36.74461865,127.7251917,30,도로관리사업소,043-220-6033,충청북도 괴산경찰서,N,,,2025-12-18,4460000,충청북도 괴산군
1,매전경로당,충청북도,괴산군,43760,충청북도 괴산군 감물면 맹이재로 295,,36.80982699,127.8739965,30,도로관리사업소,043-220-6033,충청북도 괴산경찰서,N,,,2025-12-18,4460000,충청북도 괴산군
1,운곡1(홍동)경로당,충청북도,괴산군,43760,충청북도 괴산군 청안면 문당길 12,,36.74492934,127.6931385819,30,도로관리사업소,043-220-6033,충청북도 괴산경찰서,N,,,2025-12-18,4460000,충청북도 괴산군
1,백봉1리경로당,충청북도,괴산군,43760,충청북도 괴산군 청안면 질마로삼봉2길 4-2,,36.7332480715,127.7134789625,30,도로관리사업소,043-220-6033,충청북도 괴산경찰서,N,,,2025-12-18,4460000,충청북도 괴산군
1,방성1리경로당,충청북도,괴산군,43760,충청북도 괴산군 문광면 도경로여생이길 8-2,,36.74762252,127.755526,30,도로관리사업소,043-220-6033,충청북도 괴산경찰서,N,,,2025-12-18,4460000,충청북도 괴산군
1,안촌경로당,충청북도,괴산군,43760,충청북도 괴산군 불정면 삼방안촌길 6,,36.92510807,127.7951037,30,도로관리사업소,043-220-6033,충청북도 괴산경찰서,N,,,2025-12-18,4460000,충청북도 괴산군
1,광진리경로당,충청북도,괴산군,43760,충청북도 괴산군 장연면 충민로광진2길 21,,36.87062826,127.929085,30,도로관리사업소,043-220-6033,충청북도 괴산경찰서,N,,,2025-12-18,4460000,충청북도 괴산군
1,계담경로당,충청북도,괴산군,43760,충청북도 괴산군 감물면 감물로이담5길 8,,36.86965354,127.8644992,30,도로관리사업소,043-220-6033,충청북도 괴산경찰서,N,,,2025-12-18,4460000,충청북도 괴산군
1,외쌍경로당,충청북도,괴산군,43760,충청북도 괴산군 칠성면 연풍로59,,36.77705303,127.8868966,30,도로관리사업소,043-220-6033,충청북도 괴산경찰서,N,,,2025-12-18,4460000,충청북도 괴산군
1,고읍경로당,충청북도,괴산군,43760,,충청북도 괴산군 칠성면 갈읍리27-2,36.79935978,127.8637682,30,도로관리사업소,043-220-6033,충청북도 괴산경찰서,N,,,2025-12-18,4460000,충청북도 괴산군
1,태성경로당,충청북도,괴산군,43760,,충청북도 괴산군 칠성면 태성리383-11,36.78190556,127.9057834,30,도로관리사업소,043-220-6033,충청북도 괴산경찰서,N,,,2025-12-18,4460000,충청북도 괴산군
1,여사왕경로당,충청북도,괴산군,43760,,충청북도 괴산군청천면 여사왕리302-2,36.74013211,127.7658057,30,도로관리사업소,043-220-6033,충청북도 괴산경찰서,N,,,2025-12-18,4460000,충청북도 괴산군
1,원이담경로당,충청북도,괴산군,43760,충청북도 괴산군감물면 잉어수1길3,,36.86980573,127.8695757,30,도로관리사업소,043-220-6033,충청북도 괴산경찰서,N,,,2025-12-18,4460000,충청북도 괴산군
1,광지실경로당,충청북도,괴산군,43760,충청북도 괴산군 감물면 광전5길 51,,36.82716545,127.8819942,30,도로관리사업소,043-220-6033,충청북도 괴산경찰서,N,,,2025-12-18,4460000,충청북도 괴산군
2,가평군 장애인복지관,경기도,가평군,41820,경기도 가평군 가평읍 석봉로 191번길 65-19,경기도 가평군 가평읍 읍내리 861,37.83113084,127.5016428,30,경기도 가평군청,031-580-2297,가평경찰서,N,0,,2025-05-23,4160000,경기도 가평군
1,우목골 경로당,경기도,가평군,41820,경기도 가평군 조종면 명지산로 152,경기도 가평군 조종면 상판리 270-7,37.8868467,127.3657187,30,경기도 가평군청,031-580-2297,가평경찰서,N,0,,2025-05-23,4160000,경기도 가평군
1,현2리 경로당,경기도,가평군,41820,경기도 가평군 조종면 안곡로 1,경기도 가평군 조종면 현리 41-2,37.82761188,127.3472203,30,경기도 가평군청,031-580-2297,가평경찰서,N,0,,2025-05-23,4160000,경기도 가평군
1,행현2리 마을회관,경기도,가평군,41820,경기도 가평군 상면 수목원로 136,경기도 가평군 상면 행현리 362-1,37.76600438,127.362959,30,경기도 가평군청,031-580-2297,가평경찰서,N,0,,2025-05-23,4160000,경기도 가평군
1,도대2리 경로당,경기도,가평군,41820,경기도 가평군 북면 가화로 2462,경기도 가평군 북면 도대리 393-15,37.95956119,127.4723969,30,경기도 가평군청,031-580-2297,가평경찰서,N,0,,2025-05-23,4160000,경기도 가평군
1,가일1리 마을회관,경기도,가평군,41820,경기도 가평군 설악면 유명산길 19-1,경기도 가평군 설악면 가일리 193-2,37.59998479,127.4930711,30,경기도 가평군청,031-580-2297,가평경찰서,N,0,,2025-05-23,4160000,경기도 가평군
1,엄소리 경로당,경기도,가평군,41820,경기도 가평군 설악면 묵안로 182,경기도 가평군 설악면 엄소리 205-9,37.64812793,127.4971646,30,경기도 가평군청,031-580-2297,가평경찰서,N,0,,2025-05-23,4160000,경기도 가평군
1,현 5리 마을회관,경기도,가평군,41820,경기도 가평군 조종면 청군로 1347-6,경기도 가평군 조종면 현리 201-14,37.82262646,127.3418573,30,경기도 가평군청,031-580-2297,가평경찰서,N,0,,2025-05-23,4160000,경기도 가평군
1,달전1리 마을회관,경기도,가평군,41820,경기도 가평군 가평읍 북한강변로 1127-1,경기도 가평군 가평읍 달전리 312-1,37.81121336,127.5200955,30,경기도 가평군청,031-580-2297,가평경찰서,Y,1,,2025-05-23,4160000,경기도 가평군
1,도대1리 마을회관,경기도,가평군,41820,경기도 가평군 북면 대촌들길 2,경기도 가평군 북면 도대리 154-4,37.92432781,127.4941574,30,경기도 가평군청,031-580-2297,가평경찰서,N,0,,2025-05-23,4160000,경기도 가평군
1,화악1리 마을회관,경기도,가평군,41820,경기도 가평군 북면 화악지암길 8,경기도 가평군 북면 화악리 472-9,37.92566433,127.5674474,30,경기도 가평군청,031-580-2297,가평경찰서,N,0,,2025-05-23,4160000,경기도 가평군
1,천남2리 마을회관,경기도,여주시,41670,경기도 여주시 대신면 현남길 270,경기도 여주시 대신면 천남리 475-1,37.3358489122,127.6212172202,30,경기도 여주시청,031-887-2623,여주경찰서,N,0,6,2025-12-22,5700000,경기도 여주시
1,도롱리 마을회관,경기도,여주시,41670,경기도 여주시 대신면 대신2로 251,경기도 여주시 대신면 도롱리 176-1,37.3976978648,127.5924711211,30,경기도 여주시청,031-887-2623,여주경찰서,N,0,6,2025-12-22,5700000,경기도 여주시
1,가양동 제1경로당,대전광역시,동구,30110,대전광역시 동구 합내로 7-6 (가양동),대전광역시 동구 가양동 531-35,36.34377936,127.4403783,30,대전광역시 동구청,042-251-4885,대전광역시 동부경찰서,N,,4~8,2025-08-05,3640000,대전광역시 동구
1,동구정다운어르신복지관,대전광역시,동구,30110,대전광역시 동구 충정로 53-30 (가양동),대전광역시 동구 가양동 13-1,36.34648067,127.4563412,30,대전광역시 동구청,042-251-4885,대전광역시 동부경찰서,Y,1,6~8,2025-08-05,3640000,대전광역시 동구
1,행복한 어르신 복지관,대전광역시,동구,30110,대전광역시 동구 동부로 23 (판암동),대전광역시 동구 판암동 518-3,36.31941664,127.4563881,30,대전광역시 동구청,042-251-4885,대전광역시 동부경찰서,Y,2,13,2025-08-05,3640000,대전광역시 동구