통계연도,구명,동명,세대수,인구수,남자인구수,여자인구수,행정동코드
stats_yr,sigungu_nm,epmndn_nm,hshld_cnt,popl_cnt,popl_cnt_m,popl_cnt_f,admdong_cd
1991,강서구,계,121174,408676,205712,202964,1150000000
2008,중랑구,계,171183,432845,216344,216501,1126000000
1993,구로구,계,229870,724230,371238,352992,1153000000
2003,강북구,계,129543,362094,180321,181773,1130500000
2020,서대문구,충현동,10414,21229,10208,11021,1141056500
2000,구로구,계,135896,404786,206330,198456,1153000000
1994,노원구,계,182015,589582,292659,296923,1135000000
1999,도봉구,계,119418,376133,188468,187665,1132000000
1999,마포구,염리동,7985,21172,10495,10677,1144061000
2005,구로구,계,154397,427119,216633,210486,1153000000
2018,마포구,계,172505,386359,182573,203786,1144000000
2023,강서구,계,274084,568826,272338,296488,1150000000
2008,중구,계,58174,138811,69284,69527,1114000000
2011,서대문구,충현동,9858,21728,10741,10987,1141056500
2004,금천구,계,96632,266047,135963,130084,1154500000
2014,영등포구,기타,,1,,1,0000000000
2006,강서구,화곡본동,13729,35696,17677,18019,1150059000
2020,성북구,계,195396,447056,214658,232398,1129000000
2020,송파구,거여1동,5652,13077,6615,6462,1171053100
2021,계,계,4426007,9736027,4721977,5014050,1100000000
2021,종로구,계,73494,153789,74186,79603,1111000000
2021,종로구,사직동,4696,9636,4353,5283,1111053000
2021,종로구,삼청동,1229,2739,1302,1437,1111054000
2021,종로구,부암동,4265,9782,4686,5096,1111055000
2021,종로구,평창동,7509,18329,8542,9787,1111056000
2021,종로구,무악동,3069,8297,3856,4441,1111057000
2021,종로구,교남동,4458,10203,4716,5487,1111058000
2021,종로구,가회동,1991,4194,1939,2255,1111060000
2021,종로구,종로1.2.3.4가동,5247,8595,4956,3639,1111061500
2021,종로구,종로5.6가동,3385,5476,2922,2554,1111063000
2021,종로구,이화동,4298,7705,3598,4107,1111064000
2021,종로구,혜화동,9187,18960,8761,10199,1111065000
2021,종로구,창신1동,2823,5631,3006,2625,1111067000
2021,종로구,창신2동,4043,9051,4631,4420,1111068000
2021,종로구,창신3동,2798,6733,3341,3392,1111069000
2021,종로구,숭인1동,2970,6106,2916,3190,1111070000
2021,종로구,숭인2동,6285,10175,5031,5144,1111071000
2021,종로구,청운효자동,5241,12177,5630,6547,1111051500
2021,중구,계,63519,131787,64083,67704,1114000000
2021,중구,소공동,1296,3367,1708,1659,1114052000
2021,중구,회현동,2748,5432,2822,2610,1114054000
2021,중구,명동,1539,3742,1678,2064,1114055000
2021,중구,필동,2479,4679,2354,2325,1114057000
2021,중구,장충동,2750,5301,2678,2623,1114058000
2021,중구,광희동,3390,6340,3236,3104,1114059000
2021,중구,을지로동,1345,1914,1130,784,1114060500
2021,중구,신당5동,5387,10708,5198,5510,1114065000
2021,중구,황학동,7088,13444,6377,7067,1114067000
2021,중구,중림동,5671,12351,6140,6211,1114068000
2021,중구,신당동,4729,9095,4400,4695,1114061500
2021,중구,다산동,6886,14274,6912,7362,1114062500
2021,중구,약수동,7834,16889,7861,9028,1114063500
2021,중구,청구동,6287,13818,6552,7266,1114064500
2021,중구,동화동,4090,10433,5037,5396,1114066500
2021,용산구,계,111036,237285,115085,122200,1117000000
2021,용산구,후암동,8465,17308,8444,8864,1117051000
2021,용산구,용산2가동,5247,10775,5280,5495,1117052000
2021,용산구,남영동,5189,7825,4717,3108,1117053000
2021,용산구,원효로1동,8105,16577,7917,8660,1117056000
2021,용산구,원효로2동,5985,13875,6526,7349,1117057000
2021,용산구,효창동,4375,10156,4801,5355,1117058000
2021,용산구,용문동,5377,11985,5726,6259,1117059000
2021,용산구,이촌1동,9542,26632,12532,14100,1117063000
2021,용산구,이촌2동,3693,8374,3916,4458,1117064000
2021,용산구,이태원1동,3628,8126,4232,3894,1117065000
2021,용산구,이태원2동,4918,10604,4982,5622,1117066000
2021,용산구,서빙고동,5322,13912,6679,7233,1117069000
2021,용산구,보광동,7427,14708,7531,7177,1117070000
2021,용산구,청파동,11080,20076,9319,10757,1117055500
2021,용산구,한강로동,11713,23411,11214,12197,1117062500
2021,용산구,한남동,10970,22941,11269,11672,1117068500
2021,성동구,계,134233,292672,142259,150413,1120000000
2021,성동구,왕십리2동,7411,16819,8115,8704,1120052000
2021,성동구,마장동,10968,22991,11273,11718,1120054000
2021,성동구,사근동,7945,13505,6737,6768,1120055000
2021,성동구,행당1동,6468,14193,6819,7374,1120056000
2021,성동구,행당2동,9220,23376,10943,12433,1120057000
2021,성동구,응봉동,6063,15458,7374,8084,1120058000
2021,성동구,금호1가동,6552,15315,7293,8022,1120059000
2021,성동구,금호4가동,6370,14452,6866,7586,1120062000
2021,성동구,성수1가1동,7784,16814,8417,8397,1120065000
2021,성동구,성수1가2동,6175,12874,6309,6565,1120066000
2021,성동구,성수2가1동,8163,16279,8479,7800,1120067000
2021,성동구,성수2가3동,5554,10985,5540,5445,1120069000
2021,성동구,송정동,5600,10915,5748,5167,1120072000
2021,성동구,용답동,7075,12568,6430,6138,1120079000
2023,강동구,계,203734,463318,226237,237081,1174000000
2021,성동구,왕십리도선동,11867,26910,12755,14155,1120053500
2021,성동구,금호2.3가동,10118,22909,10895,12014,1120061500
2021,성동구,옥수동,10900,26309,12266,14043,1120064500
2021,광진구,계,167949,352627,169317,183310,1121500000
2021,광진구,화양동,17777,26034,12009,14025,1121571000
2021,광진구,군자동,11323,21500,10571,10929,1121573000
2021,광진구,중곡1동,8378,15862,7667,8195,1121574000
2021,광진구,중곡2동,10645,21739,10217,11522,1121575000
2021,광진구,중곡3동,8461,16357,8077,8280,1121576000
2021,광진구,중곡4동,13174,28954,14127,14827,1121577000
2021,광진구,능동,6401,11619,5363,6256,1121578000
2021,광진구,구의1동,12154,22139,10533,11606,1121585000
2021,광진구,구의2동,11593,27008,13003,14005,1121586000
2021,광진구,구의3동,12156,28891,13664,15227,1121587000
2021,광진구,광장동,11910,34834,16861,17973,1121581000
2021,광진구,자양1동,11911,23134,11180,11954,1121582000
2021,광진구,자양2동,11014,24930,12072,12858,1121583000
2021,광진구,자양3동,11093,28330,13525,14805,1121584000
2021,광진구,자양4동,9959,21296,10448,10848,1121584700
1999,중구,계,47969,129061,64853,64208,1114000000
2021,동대문구,계,168219,352006,172162,179844,1123000000
2021,동대문구,전농1동,14863,29699,14816,14883,1123056000
2021,동대문구,전농2동,7642,18876,9059,9817,1123057000
2021,동대문구,답십리1동,13089,29373,14149,15224,1123060000
2021,동대문구,답십리2동,12656,28595,13904,14691,1123061000
2021,동대문구,장안1동,18428,38794,19152,19642,1123065000
2021,동대문구,장안2동,14056,32791,16332,16459,1123066000
2021,동대문구,회기동,6549,12727,5821,6906,1123071000
2021,동대문구,휘경1동,7624,16105,7354,8751,1123072000
2021,동대문구,휘경2동,12114,24847,12306,12541,1123073000
2021,동대문구,이문1동,10418,20870,10070,10800,1123074000
2021,동대문구,이문2동,8744,20417,9857,10560,1123075000
2021,동대문구,청량리동,9675,19280,9546,9734,1123070500
2021,동대문구,용신동,18938,33055,16468,16587,1123053600
2021,동대문구,제기동,13423,26577,13328,13249,1123054500
2021,중랑구,계,185712,391885,192903,198982,1126000000
2021,중랑구,면목2동,12180,24405,12134,12271,1126052000
2021,중랑구,면목4동,9137,19308,9583,9725,1126054000
2021,중랑구,면목5동,6439,14897,7458,7439,1126055000
2021,중랑구,면목7동,10600,22070,11062,11008,1126057000
2021,중랑구,상봉1동,10266,24190,11773,12417,1126058000
2021,중랑구,상봉2동,12269,20647,9919,10728,1126059000
2021,중랑구,중화1동,9085,19784,9691,10093,1126060000
2021,중랑구,중화2동,13631,25315,12966,12349,1126061000
2021,중랑구,묵1동,14854,34636,16701,17935,1126062000
2021,중랑구,묵2동,9259,18946,9261,9685,1126063000
2021,중랑구,망우3동,8238,16698,8347,8351,1126066000
2021,중랑구,신내1동,14704,38649,18711,19938,1126068000
2021,중랑구,신내2동,9033,20529,9763,10766,1126069000
2021,중랑구,면목본동,17660,34188,16864,17324,1126056500
2021,중랑구,면목3.8동,12668,25154,12444,12710,1126057500
2021,중랑구,망우본동,15689,32469,16226,16243,1126065500
2021,성북구,계,195017,440142,211150,228992,1129000000
2021,성북구,돈암1동,6114,14791,6903,7888,1129058000
2021,성북구,돈암2동,8594,23913,11324,12589,1129059000
2021,성북구,안암동,9385,16527,8025,8502,1129060000
2021,성북구,보문동,7739,15766,7591,8175,1129061000
2021,성북구,정릉1동,7369,18377,8801,9576,1129062000
2021,성북구,정릉2동,9902,23268,11205,12063,1129063000
2021,성북구,정릉3동,7879,16210,7948,8262,1129064000
2021,성북구,정릉4동,10860,25322,12105,13217,1129065000
2021,성북구,길음1동,12519,35615,16914,18701,1129066000
2021,성북구,길음2동,6905,16780,8038,8742,1129068500
2021,성북구,월곡1동,10854,26525,12779,13746,1129071500
2021,성북구,월곡2동,9617,19896,9564,10332,1129072500
2021,성북구,장위1동,10777,24511,11981,12530,1129076000
2021,성북구,장위2동,6716,13953,6870,7083,1129077000
2021,성북구,장위3동,6499,15980,7864,8116,1129078000
2021,성북구,성북동,8225,17026,7922,9104,1129052500
2021,성북구,삼선동,11531,23413,11108,12305,1129055500
2021,성북구,동선동,9534,16115,6684,9431,1129057500
2021,성북구,종암동,17149,40325,19805,20520,1129070500
2021,성북구,석관동,16849,35829,17719,18110,1129081000
2021,강북구,계,144536,302563,146984,155579,1130500000
2021,강북구,번1동,10279,18717,9404,9313,1130559500
2021,강북구,번2동,7597,15932,7690,8242,1130560300
2021,강북구,번3동,7478,16905,7903,9002,1130560800
2021,강북구,수유1동,10419,20849,10273,10576,1130561500
2021,강북구,수유2동,9866,21421,10217,11204,1130562500
2021,강북구,수유3동,12921,23393,11615,11778,1130563000
2021,강북구,삼양동,11126,23802,11843,11959,1130553400
2021,강북구,미아동,11687,21997,10538,11459,1130553500
2021,강북구,송중동,13975,30035,14405,15630,1130554500
2021,강북구,송천동,13549,26801,13261,13540,1130555500
2021,강북구,삼각산동,11577,31470,15100,16370,1130557500
2021,강북구,우이동,9613,20678,9985,10693,1130564500
2021,강북구,인수동,14449,30563,14750,15813,1130566000
2021,도봉구,계,138656,319373,155221,164152,1132000000
2021,도봉구,쌍문1동,9407,21658,10387,11271,1132066000
2021,도봉구,쌍문2동,8594,18864,9014,9850,1132067000
2021,도봉구,쌍문3동,7890,16768,8108,8660,1132068000
2021,도봉구,쌍문4동,7099,18643,8802,9841,1132068100
2021,도봉구,방학1동,12938,28912,14331,14581,1132069000
2021,도봉구,방학2동,9418,19867,10010,9857,1132070000
2021,도봉구,방학3동,9992,27110,13158,13952,1132071000
2021,도봉구,창1동,10957,24827,11775,13052,1132051100
2021,도봉구,창2동,12613,29337,14273,15064,1132051200
2021,도봉구,창3동,6544,13923,6952,6971,1132051300
2021,도봉구,창4동,10699,26583,12790,13793,1132051400
2021,도봉구,창5동,10245,24709,11782,12927,1132051500
2021,도봉구,도봉1동,10385,21210,10681,10529,1132052100
2021,도봉구,도봉2동,11875,26962,13158,13804,1132052200
2021,노원구,계,217378,514946,247813,267133,1135000000
2021,노원구,월계1동,10228,22240,11487,10753,1135056000
2021,노원구,월계2동,11944,26704,12842,13862,1135057000
2021,노원구,월계3동,12991,30069,14343,15726,1135058000
2021,노원구,공릉1동,18190,37277,18173,19104,1135059500
2021,노원구,공릉2동,17045,41004,19979,21025,1135060000
2021,노원구,하계1동,11491,27036,12954,14082,1135061100
2021,노원구,하계2동,8211,22034,10500,11534,1135061200
2021,노원구,중계본동,8383,24009,11679,12330,1135061900
2021,노원구,중계1동,8956,26877,13041,13836,1135062100
2021,노원구,중계4동,8343,19975,9598,10377,1135062400
2021,노원구,상계1동,15601,38275,18504,19771,1135063000
2021,노원구,상계2동,8657,20143,9962,10181,1135064000
2021,노원구,상계5동,10926,24077,11654,12423,1135067000
2021,노원구,상계8동,9219,22598,10829,11769,1135070000
2021,노원구,상계9동,8378,20529,9683,10846,1135071000
2021,노원구,상계10동,7653,18731,8678,10053,1135072000
2021,노원구,중계2.3동,15269,34326,15735,18591,1135062500
2021,노원구,상계3.4동,11999,26268,13034,13234,1135066500
2021,노원구,상계6.7동,13894,32774,15138,17636,1135069500
2021,은평구,계,214711,477173,228024,249149,1138000000
2021,은평구,녹번동,17601,37164,17602,19562,1138051000
2021,은평구,불광1동,17756,38777,18280,20497,1138052000
2021,은평구,불광2동,13989,27798,13430,14368,1138053000
2021,은평구,갈현1동,10787,22077,10762,11315,1138055100
2021,은평구,갈현2동,12650,28547,13501,15046,1138055200
2021,은평구,구산동,13325,32464,15884,16580,1138056000
2021,은평구,대조동,14546,27204,12628,14576,1138057000
2021,은평구,응암1동,14952,33287,15749,17538,1138058000
2021,은평구,응암2동,11263,28107,13629,14478,1138059000
2021,은평구,응암3동,12494,24637,11968,12669,1138060000
2021,은평구,신사1동,11896,27231,13104,14127,1138063100
2021,은평구,신사2동,8976,20330,10135,10195,1138063200
2021,은평구,증산동,6768,15034,7331,7703,1138064000
2021,은평구,수색동,5360,12752,6278,6474,1138065000
2021,은평구,진관동,21526,56012,26285,29727,1138069000
2021,은평구,역촌동,20822,45752,21458,24294,1138062500
2021,서대문구,계,143647,315659,149507,166152,1141000000
2021,서대문구,천연동,7749,17359,8248,9111,1141052000
2021,서대문구,홍제1동,10409,23929,11196,12733,1141062000
2021,서대문구,홍제2동,5805,13801,6514,7287,1141065500
2021,서대문구,홍제3동,7046,15478,7470,8008,1141064000
2021,서대문구,홍은1동,9731,22933,11051,11882,1141066000
2021,서대문구,홍은2동,12316,27222,13078,14144,1141068500
2021,서대문구,남가좌1동,5673,15627,7480,8147,1141069000
2021,서대문구,남가좌2동,13344,30807,14772,16035,1141070000
2021,서대문구,북가좌1동,6908,18121,8720,9401,1141071000
2021,서대문구,북가좌2동,14584,31893,15549,16344,1141072000
2021,서대문구,충현동,10263,20760,9996,10764,1141056500
2021,서대문구,북아현동,7209,16236,7766,8470,1141055500
2021,서대문구,신촌동,14010,23759,9777,13982,1141058500
2021,서대문구,연희동,18600,37734,17890,19844,1141061500
2021,마포구,계,179861,378686,177233,201453,1144000000
2021,마포구,용강동,9393,22038,10458,11580,1144059000
2021,마포구,대흥동,8673,15848,7453,8395,1144060000
2021,마포구,염리동,7754,17657,8351,9306,1144061000
2021,마포구,신수동,9976,22834,11089,11745,1144063000
2021,마포구,서교동,15381,26549,11918,14631,1144066000
2021,마포구,합정동,9508,17649,8154,9495,1144068000
2021,마포구,망원1동,10325,20351,9519,10832,1144069000
2021,마포구,망원2동,8464,18764,8807,9957,1144070000
2021,마포구,연남동,8641,15899,7434,8465,1144071000
2021,마포구,성산1동,9398,19246,9051,10195,1144072000
2021,마포구,성산2동,19231,39909,17987,21922,1144073000
2021,마포구,상암동,12717,31473,14929,16544,1144074000
2021,마포구,도화동,9305,21391,10199,11192,1144058500
2021,마포구,서강동,12165,25600,12075,13525,1144065500
2021,마포구,공덕동,18507,37792,17767,20025,1144056500
2021,마포구,아현동,10423,25686,12042,13644,1144055500
2021,양천구,계,181404,450487,220537,229950,1147000000
2021,양천구,목1동,10403,30883,14846,16037,1147051000
2021,양천구,목2동,13396,30139,14651,15488,1147052000
2021,양천구,목3동,10027,21977,10478,11499,1147053000
2021,양천구,목4동,10152,25544,12470,13074,1147054000
2021,양천구,목5동,13465,41308,20484,20824,1147055000
2021,양천구,신월1동,10232,20693,10589,10104,1147056000
2021,양천구,신월2동,8465,20819,10158,10661,1147057000
2021,양천구,신월3동,7909,15372,8098,7274,1147058000
2021,양천구,신월4동,6890,18012,8785,9227,1147059000
2021,양천구,신월5동,6470,14750,7311,7439,1147060000
2021,양천구,신월6동,5356,13945,6811,7134,1147061000
2021,양천구,신월7동,9219,19917,9714,10203,1147061100
2021,양천구,신정1동,7103,20487,9978,10509,1147062000
2021,양천구,신정2동,7010,19596,9615,9981,1147063000
2021,양천구,신정3동,19369,49979,24303,25676,1147064000
2021,양천구,신정4동,16180,33343,16205,17138,1147065000
2021,양천구,신정6동,8265,24552,11948,12604,1147067000
2021,양천구,신정7동,11493,29171,14093,15078,1147068000
2021,강서구,계,271175,579768,278720,301048,1150000000
2021,강서구,염창동,16309,41764,20212,21552,1150051000
2021,강서구,등촌1동,13600,24436,11309,13127,1150052000
2021,강서구,등촌2동,8668,20423,9955,10468,1150053000
2021,강서구,등촌3동,15012,30714,14549,16165,1150053500
2021,강서구,화곡본동,17267,34612,16743,17869,1150059000
2021,강서구,화곡1동,27678,52770,25577,27193,1150054000
2021,강서구,화곡2동,8187,18096,8765,9331,1150055000
2021,강서구,화곡3동,9657,21661,10348,11313,1150056000
2021,강서구,화곡4동,9748,20820,10165,10655,1150057000
2021,강서구,화곡6동,12586,25096,12106,12990,1150059100
2021,강서구,화곡8동,11814,24789,11931,12858,1150059300
2021,강서구,가양1동,20536,34395,15735,18660,1150060300
2021,강서구,가양2동,8055,14109,6640,7469,1150060400
2021,강서구,가양3동,7903,15138,7018,8120,1150060500
2021,강서구,발산1동,13446,36572,17279,19293,1150061100
2021,강서구,공항동,14081,31483,15912,15571,1150062000
2021,강서구,방화1동,17256,43181,21041,22140,1150063000
2021,강서구,방화2동,11994,23656,11696,11960,1150064000
2021,강서구,방화3동,11278,22924,11106,11818,1150064100
2021,강서구,우장산동,16100,43129,20633,22496,1150061500
2021,구로구,계,180929,421163,208873,212290,1153000000
2021,구로구,신도림동,13730,36342,17661,18681,1153051000
2021,구로구,구로1동,8343,21166,10362,10804,1153052000
2021,구로구,구로2동,12608,31164,16069,15095,1153053000
2021,구로구,구로3동,13338,25157,12930,12227,1153054000
2021,구로구,구로4동,10630,23745,11814,11931,1153055000
2021,구로구,구로5동,15130,31822,15570,16252,1153056000
2021,구로구,고척1동,9462,22657,11283,11374,1153072000
2021,구로구,고척2동,11508,27092,13418,13674,1153073000
2021,구로구,개봉1동,14926,34560,17238,17322,1153074000
2021,구로구,개봉2동,12575,31314,15237,16077,1153075000
2021,구로구,개봉3동,8824,20590,10011,10579,1153076000
2021,구로구,오류1동,12092,23155,11242,11913,1153077000
2021,구로구,오류2동,15586,39026,18783,20243,1153078000
2021,구로구,수궁동,10034,23806,11740,12066,1153079000
2021,구로구,가리봉동,5999,13091,7447,5644,1153059500
2021,구로구,항동,6144,16476,8068,8408,1153080000
2021,금천구,계,117595,244891,124110,120781,1154500000
2021,금천구,가산동,16824,26179,14306,11873,1154551000
2021,금천구,독산1동,23295,46698,23968,22730,1154561000
2021,금천구,독산2동,9519,20175,10245,9930,1154562000
2021,금천구,독산3동,12718,27595,14044,13551,1154563000
2021,금천구,독산4동,7668,16778,8441,8337,1154564000
2021,금천구,시흥1동,16104,34533,17220,17313,1154567000
2021,금천구,시흥2동,8255,21351,10263,11088,1154568000
2021,금천구,시흥3동,4736,10951,5437,5514,1154569000
2021,금천구,시흥4동,9129,20916,10353,10563,1154570000
2021,금천구,시흥5동,9347,19715,9833,9882,1154571000
2021,영등포구,계,187020,400908,198740,202168,1156000000
2021,영등포구,여의도동,13460,33420,15701,17719,1156054000
2021,영등포구,당산1동,10792,20648,10111,10537,1156055000
2021,영등포구,당산2동,18858,37911,17762,20149,1156056000
2021,영등포구,양평1동,9666,18487,9003,9484,1156061000
2021,영등포구,양평2동,10662,22499,11039,11460,1156062000
2021,영등포구,신길1동,10599,18755,9579,9176,1156063000
2021,영등포구,신길3동,7650,17575,8737,8838,1156065000
2021,영등포구,신길4동,5746,13089,6548,6541,1156066000
2021,영등포구,신길5동,4803,11701,5749,5952,1156067000
2021,영등포구,신길6동,9118,19869,9729,10140,1156068000
2021,영등포구,신길7동,7900,20158,10050,10108,1156069000
2021,영등포구,대림1동,7123,17067,8650,8417,1156070000
2021,영등포구,대림2동,6879,18162,9357,8805,1156071000
2021,영등포구,대림3동,10411,25876,13080,12796,1156072000
2021,영등포구,영등포본동,10460,23152,11907,11245,1156051500
2021,영등포구,영등포동,20390,29901,15676,14225,1156053500
2021,영등포구,도림동,9372,19826,10006,9820,1156058500
2021,영등포구,문래동,13131,32812,16056,16756,1156060500
2021,동작구,계,184812,394364,190241,204123,1159000000
2021,동작구,노량진1동,16187,32298,16180,16118,1159051000
2021,동작구,노량진2동,6969,11550,5952,5598,1159052000
2021,동작구,상도1동,21389,45485,21898,23587,1159053000
2021,동작구,상도2동,12590,28362,13631,14731,1159054000
2021,동작구,상도3동,12009,24846,11840,13006,1159055000
2021,동작구,상도4동,14095,28914,13997,14917,1159056000
2021,동작구,사당1동,13492,23321,11108,12213,1159062000
2021,동작구,사당2동,12200,28147,13465,14682,1159063000
2021,동작구,사당3동,10472,24548,11893,12655,1159064000
2021,동작구,사당4동,7155,14301,6851,7450,1159065000
2021,동작구,사당5동,6621,14558,6995,7563,1159065100
2021,동작구,대방동,17267,38338,18190,20148,1159066000
2021,동작구,신대방1동,10225,24999,12057,12942,1159067000
2021,동작구,신대방2동,10076,21404,10219,11185,1159068000
2021,동작구,흑석동,14065,33293,15965,17328,1159060500
2021,관악구,계,276597,499449,250058,249391,1162000000
2021,관악구,남현동,9683,18274,8795,9479,1162063000
2021,관악구,보라매동,12941,24918,12254,12664,1162052500
2021,관악구,청림동,6450,15214,7394,7820,1162054500
2021,관악구,행운동,17656,29413,14214,15199,1162057500
2021,관악구,낙성대동,11239,17434,8705,8729,1162058500
2021,관악구,중앙동,9801,15487,7418,8069,1162061500
2021,관악구,인헌동,14410,26154,12691,13463,1162062500
2021,관악구,서원동,14333,23278,11996,11282,1162064500
2021,관악구,신원동,10967,18675,9403,9272,1162065500
2021,관악구,서림동,14355,23689,12957,10732,1162066500
2021,관악구,신사동,13955,24838,12445,12393,1162068500
2021,관악구,신림동,17985,23128,12137,10991,1162069500
2021,관악구,난향동,6289,15420,7537,7883,1162071500
2021,관악구,조원동,10774,18786,9476,9310,1162072500
2021,관악구,대학동,16164,24921,14721,10200,1162073500
2021,관악구,은천동,16056,33631,16355,17276,1162060500
2021,관악구,성현동,12332,29394,14168,15226,1162056500
2021,관악구,청룡동,23354,36482,17501,18981,1162059500
2021,관악구,난곡동,13116,27216,13638,13578,1162077500
2021,관악구,삼성동,10453,22041,11028,11013,1162074500
2021,관악구,미성동,14284,31056,15225,15831,1162076500
2021,서초구,계,170244,416167,198914,217253,1165000000
2021,서초구,서초1동,9378,20711,9985,10726,1165051000
2021,서초구,서초2동,11390,26595,12710,13885,1165052000
2021,서초구,서초3동,15260,32769,15731,17038,1165053000
2021,서초구,서초4동,10896,31089,15145,15944,1165053100
2021,서초구,잠원동,10739,26946,12954,13992,1165054000
2021,서초구,반포본동,826,2000,952,1048,1165055000
2021,서초구,반포1동,15029,34815,16926,17889,1165056000
2021,서초구,반포2동,4981,15801,7540,8261,1165057000
2021,서초구,반포3동,7710,22245,10564,11681,1165058000
2021,서초구,반포4동,7209,19807,9334,10473,1165058100
2021,서초구,방배본동,8001,21083,9762,11321,1165059000
2021,서초구,방배1동,7541,16980,7936,9044,1165060000
2021,서초구,방배2동,8365,19474,9134,10340,1165061000
2021,서초구,방배3동,7118,18861,9118,9743,1165062000
2021,서초구,방배4동,9741,23817,10834,12983,1165062100
2021,서초구,양재1동,17916,43408,20715,22693,1165065100
2021,서초구,양재2동,10894,22144,11049,11095,1165065200
2021,서초구,내곡동,7250,17622,8525,9097,1165066000
2021,강남구,계,234233,537800,257280,280520,1168000000
2021,강남구,신사동,7035,16213,7527,8686,1168051000
2021,강남구,논현1동,14033,22702,10665,12037,1168052100
2021,강남구,논현2동,11414,21331,9959,11372,1168053100
2021,강남구,삼성1동,5483,13136,6494,6642,1168058000
2021,강남구,삼성2동,13555,30692,14710,15982,1168059000
2021,강남구,대치1동,7264,24199,12174,12025,1168060000
2021,강남구,대치2동,12851,36663,18572,18091,1168061000
2021,강남구,대치4동,10164,20079,9465,10614,1168063000
2021,강남구,역삼1동,24243,36590,17692,18898,1168064000
2021,강남구,역삼2동,15507,36378,17061,19317,1168065000
2021,강남구,도곡1동,8524,21539,10204,11335,1168065500
2021,강남구,도곡2동,11664,33261,15461,17800,1168065600
2021,강남구,개포1동,2572,6489,3155,3334,1168066000
2021,강남구,개포2동,9683,27945,13556,14389,1168067000
2021,강남구,개포4동,10024,23870,11547,12323,1168069000
2021,강남구,일원본동,8058,23291,11496,11795,1168072000
2021,강남구,일원1동,7390,15214,7438,7776,1168073000
2021,강남구,일원2동,7471,17585,8501,9084,1168074000
2021,강남구,수서동,7800,14870,6732,8138,1168075000
2021,강남구,세곡동,17961,43396,20496,22900,1168070000
2021,강남구,압구정동,10265,26446,12267,14179,1168054500
2021,강남구,청담동,11272,25911,12108,13803,1168056500
2021,송파구,계,282417,663965,319895,344070,1171000000
2021,송파구,풍납1동,5985,13451,6575,6876,1171051000
2021,송파구,풍납2동,10976,24953,11857,13096,1171052000
2021,송파구,거여1동,5647,12614,6361,6253,1171053100
2021,송파구,거여2동,8150,18806,9242,9564,1171053200
2021,송파구,마천1동,8814,19071,9724,9347,1171054000
2021,송파구,마천2동,8741,18866,9603,9263,1171055000
2021,송파구,방이1동,6229,15766,7596,8170,1171056100
2021,송파구,방이2동,15258,27015,12552,14463,1171056200
2021,송파구,오륜동,5929,18079,8833,9246,1171056600
2021,송파구,오금동,15640,38654,18741,19913,1171057000
2021,송파구,송파1동,12261,24176,11290,12886,1171058000
2021,송파구,송파2동,7209,19283,9298,9985,1171059000
2021,송파구,석촌동,16917,32169,15325,16844,1171060000
2021,송파구,삼전동,16080,30695,14395,16300,1171061000
2021,송파구,가락본동,11833,26523,13142,13381,1171062000
2021,송파구,가락1동,9786,27365,13248,14117,1171063100
2021,송파구,가락2동,12429,32406,15902,16504,1171063200
2021,송파구,문정1동,8494,20198,9994,10204,1171064100
2021,송파구,문정2동,15731,29072,13346,15726,1171064200
2021,송파구,장지동,12141,29693,14350,15343,1171064600
2021,송파구,잠실본동,15442,28439,13476,14963,1171065000
2021,송파구,잠실2동,11613,35145,16819,18326,1171067000
2021,송파구,잠실3동,11912,34475,16413,18062,1171068000
2021,송파구,잠실4동,7277,21376,10259,11117,1171069000
2021,송파구,잠실6동,5889,16905,8019,8886,1171071000
2021,송파구,잠실7동,3383,9564,4462,5102,1171072000
2021,송파구,위례동,12651,39206,19073,20133,1171064700
2021,강동구,계,201613,466472,228682,237790,1174000000
2021,강동구,강일동,12857,32982,15801,17181,1174051500
2021,강동구,명일1동,10117,25941,12621,13320,1174053000
2021,강동구,명일2동,6511,17568,8603,8965,1174054000
2021,강동구,고덕1동,8343,24417,12427,11990,1174055000
2021,강동구,고덕2동,8781,22329,11259,11070,1174056000
2021,강동구,암사1동,15964,34782,17237,17545,1174057000
2021,강동구,암사2동,6353,15252,7385,7867,1174058000
2021,강동구,암사3동,6267,17947,8789,9158,1174059000
2021,강동구,천호1동,12917,26973,13200,13773,1174060000
2021,강동구,천호2동,17473,33753,16563,17190,1174061000
2021,강동구,천호3동,14368,27000,13132,13868,1174062000
2021,강동구,성내1동,8352,20045,9665,10380,1174064000
2021,강동구,성내2동,12810,24106,11901,12205,1174065000
2021,강동구,성내3동,10670,23346,11436,11910,1174066000
2021,강동구,둔촌1동,82,144,80,64,1174069000
2021,강동구,둔촌2동,10488,24785,12199,12586,1174070000
2021,강동구,길동,21820,45973,22405,23568,1174068500
2021,강동구,상일1동,13496,38929,19197,19732,1174052500
2021,강동구,상일2동,3944,10200,4782,5418,1174052600
1991,계,계,3330317,10904527,5485353,5419174,1100000000
1991,종로구,계,78169,236806,119127,117679,1111000000
1991,중구,계,61495,184142,93312,90830,1114000000
1991,용산구,계,96696,294341,147914,146427,1117000000
1991,성동구,계,244272,789014,401375,387639,1120000000
1991,동대문구,계,149914,479776,242828,236948,1123000000
1991,중랑구,계,132908,450728,227075,223653,1126000000
1991,성북구,계,165634,542532,273509,269023,1129000000
1991,도봉구,계,221001,744880,373908,370972,1132000000
1991,노원구,계,161450,525500,263000,262500,1135000000
1991,은평구,계,147331,495530,245477,250053,1138000000
1991,서대문구,계,127136,392586,196281,196305,1141000000
1991,마포구,계,140847,442271,220887,221384,1144000000
1991,양천구,계,150598,508001,255927,252074,1147000000
1991,구로구,계,228191,747623,381977,365646,1153000000
1991,영등포구,계,141789,462359,233772,228587,1156000000
1991,동작구,계,133178,429173,216432,212741,1159000000
1991,관악구,계,177430,588638,298078,290560,1162000000
1991,서초구,계,125754,420783,208731,212052,1165000000
1991,강남구,계,150682,517218,258052,259166,1168000000
1991,송파구,계,207969,688121,342060,346061,1171000000
1991,강동구,계,166699,555829,279919,275910,1174000000
2008,계,계,4097562,10456034,5184732,5271302,1100000000
2008,종로구,계,74660,179754,89725,90029,1111000000
2008,종로구,사직동,4400,10451,4941,5510,1111053000
2008,종로구,삼청동,1684,3801,1850,1951,1111054000
2008,종로구,부암동,4607,11933,5904,6029,1111055000
2008,종로구,평창동,7068,19757,9620,10137,1111056000
2008,종로구,무악동,3161,8693,4224,4469,1111057000
2008,종로구,교남동,4394,9407,4595,4812,1111058000
2008,종로구,가회동,2510,6044,2910,3134,1111060000
2008,종로구,종로1.2.3.4가동,4437,8645,4852,3793,1111061500
2008,종로구,종로5.6가동,3014,6839,3613,3226,1111063000
2008,종로구,이화동,4539,10495,5074,5421,1111064000
2008,종로구,혜화동,5609,13087,6383,6704,1111065000
2008,종로구,명륜3가동,3748,7434,4013,3421,1111066000
2008,종로구,창신1동,3501,8570,4371,4199,1111067000
2008,종로구,창신2동,5111,12344,6257,6087,1111068000
2008,종로구,창신3동,3160,8739,4409,4330,1111069000
2008,종로구,숭인1동,3098,7965,3941,4024,1111070000
2008,종로구,숭인2동,4247,8880,4592,4288,1111071000
2008,종로구,청운효자동,6372,16670,8176,8494,1111051500
2008,중구,소공동,556,1730,930,800,1114052000
2008,중구,회현동,2647,5271,2916,2355,1114054000
2008,중구,명동,1324,3427,1602,1825,1114055000
2008,중구,필동,2292,5084,2664,2420,1114057000
2008,중구,장충동,2929,6281,3113,3168,1114058000
2008,중구,광희동,2716,6023,3198,2825,1114059000
2008,중구,을지로동,1199,1963,1161,802,1114060500
2008,중구,신당1동,4023,10376,5209,5167,1114061000
2008,중구,신당2동,7237,17277,8505,8772,1114062000
2008,중구,신당3동,8147,20277,9809,10468,1114063000
2008,중구,신당4동,6489,16607,8014,8593,1114064000
2008,중구,신당5동,3822,8725,4375,4350,1114065000
2008,중구,신당6동,3917,10305,5071,5234,1114066000
2008,중구,황학동,5287,12270,6193,6077,1114067000
2008,중구,중림동,5589,13195,6524,6671,1114068000
2008,용산구,계,106966,251043,123551,127492,1117000000
2008,용산구,후암동,8922,20808,10365,10443,1117051000
2008,용산구,용산2가동,5939,14185,7105,7080,1117052000
2008,용산구,남영동,4546,7988,4557,3431,1117053000
2008,용산구,원효로1동,4639,10538,5304,5234,1117056000
2008,용산구,원효로2동,6232,16491,7907,8584,1117057000
2008,용산구,효창동,4197,10835,5347,5488,1117058000
2008,용산구,용문동,4770,12846,6331,6515,1117059000
2008,용산구,이촌1동,9865,28897,13767,15130,1117063000
2008,용산구,이촌2동,4417,10601,5077,5524,1117064000
2008,용산구,이태원1동,4277,10358,5093,5265,1117065000
2008,용산구,이태원2동,5208,11637,5540,6097,1117066000
2008,용산구,서빙고동,4833,11875,5785,6090,1117069000
2008,용산구,보광동,8980,19454,9512,9942,1117070000
2008,용산구,청파동,11293,24268,11802,12466,1117055500
2008,용산구,한강로동,7333,15377,7759,7618,1117062500
2008,용산구,한남동,11515,24885,12300,12585,1117068500
2008,성동구,계,128658,322679,161744,160935,1120000000
2008,성동구,왕십리2동,7447,19128,9487,9641,1120052000
2008,성동구,마장동,10103,26587,13394,13193,1120054000
2008,성동구,사근동,5476,12014,6442,5572,1120055000
2008,성동구,행당1동,7790,18438,9082,9356,1120056000
2008,성동구,행당2동,8943,25406,12277,13129,1120057000
2008,성동구,응봉동,6525,17785,8534,9251,1120058000
2008,성동구,금호1가동,6814,17706,8626,9080,1120059000
2008,성동구,금호4가동,6510,15846,7843,8003,1120062000
2008,성동구,성수1가1동,7448,19368,9950,9418,1120065000
2008,성동구,성수1가2동,8253,19703,9968,9735,1120066000
2008,성동구,성수2가1동,8404,21151,10962,10189,1120067000
2008,성동구,성수2가3동,5166,12427,6381,6046,1120069000
2008,성동구,송정동,5505,12470,6600,5870,1120072000
2008,성동구,용답동,7492,18218,9390,8828,1120079000
2008,성동구,왕십리도선동,6436,15790,7986,7804,1120053500
2008,성동구,금호2.3가동,9564,23827,11643,12184,1120061500
2008,성동구,옥수동,10782,26815,13179,13636,1120064500
2008,광진구,계,155676,387254,191676,195578,1121500000
2008,광진구,화양동,11898,23695,11656,12039,1121571000
2008,광진구,군자동,9943,22500,11308,11192,1121573000
2008,광진구,중곡1동,7437,17728,8738,8990,1121574000
2008,광진구,중곡2동,9205,23061,11337,11724,1121575000
2008,광진구,중곡3동,8304,20223,10158,10065,1121576000
2008,광진구,중곡4동,12288,32503,16147,16356,1121577000
2008,광진구,능동,4997,10978,5336,5642,1121578000
2008,광진구,구의1동,10822,24356,11810,12546,1121585000
2008,광진구,구의2동,10351,26785,13298,13487,1121586000
2008,광진구,구의3동,11465,30122,14667,15455,1121587000
2008,광진구,광장동,12201,36464,17772,18692,1121581000
2008,광진구,자양1동,11002,26456,13097,13359,1121582000
2008,광진구,자양2동,11422,29398,14812,14586,1121583000
2008,광진구,자양3동,11456,32199,16002,16197,1121584000
2008,광진구,자양4동,12885,30786,15538,15248,1121584700
2008,동대문구,계,156267,381663,191888,189775,1123000000
2008,동대문구,신설동,4125,9674,4982,4692,1123051000
2008,동대문구,제기1동,5878,13896,7057,6839,1123054000
2008,동대문구,제기2동,7149,16509,8391,8118,1123055000
2008,동대문구,전농1동,4856,11673,5940,5733,1123056000
2008,동대문구,전농2동,8825,19356,10057,9299,1123057000
2008,동대문구,전농3동,7124,19561,9687,9874,1123058000
2008,동대문구,답십리1동,4544,11587,5789,5798,1123060000
2008,동대문구,답십리2동,5731,15755,7837,7918,1123061000
2008,동대문구,답십리3동,6567,15712,7975,7737,1123062000
2008,동대문구,답십리4동,5877,15671,7798,7873,1123063000
2008,동대문구,장안1동,7763,19129,9708,9421,1123065000
2008,동대문구,장안2동,6593,17943,9134,8809,1123066000
2008,동대문구,장안3동,6456,18132,9016,9116,1123067000
2008,동대문구,장안4동,5983,15074,7562,7512,1123068000
2008,동대문구,회기동,5528,12024,5872,6152,1123071000
2008,동대문구,휘경1동,8179,18531,9219,9312,1123072000
2008,동대문구,휘경2동,9722,24926,12251,12675,1123073000
2008,동대문구,이문1동,6642,15771,7843,7928,1123074000
2008,동대문구,이문2동,9486,19898,9961,9937,1123075000
2008,동대문구,이문3동,9030,24392,12118,12274,1123076000
2008,동대문구,용두동,9399,20226,10556,9670,1123053500
2008,동대문구,청량리동,10810,26223,13135,13088,1123070500
2008,중랑구,면목2동,11880,28980,14625,14355,1126052000
2008,중랑구,면목4동,10130,24060,11724,12336,1126054000
2008,중랑구,면목5동,6243,15054,7650,7404,1126055000
2008,중랑구,면목7동,10690,26961,13467,13494,1126057000
2008,중랑구,상봉1동,9403,26799,13297,13502,1126058000
2008,중랑구,상봉2동,8805,19185,9718,9467,1126059000
2008,중랑구,중화1동,8155,22688,11300,11388,1126060000
2008,중랑구,중화2동,14662,32887,16765,16122,1126061000
2008,중랑구,묵1동,12753,35031,17311,17720,1126062000
2008,중랑구,묵2동,8234,20495,10350,10145,1126063000
2008,중랑구,망우3동,8324,20457,10320,10137,1126066000
2008,중랑구,신내1동,9973,29110,14495,14615,1126068000
2008,중랑구,신내2동,9442,26400,12945,13455,1126069000
2008,중랑구,면목본동,15739,38781,19289,19492,1126056500
2008,중랑구,면목3.8동,12692,30908,15537,15371,1126057500
2008,중랑구,망우본동,14058,35049,17551,17498,1126065500
2008,성북구,계,190713,481419,238344,243075,1129000000
2008,성북구,돈암1동,6686,18036,8741,9295,1129058000
2008,성북구,돈암2동,8636,24842,12103,12739,1129059000
2008,성북구,안암동,8643,18854,9635,9219,1129060000
2008,성북구,보문동,7646,17735,8838,8897,1129061000
2008,성북구,정릉1동,6867,19272,9192,10080,1129062000
2008,성북구,정릉2동,9519,24725,12296,12429,1129063000
2008,성북구,정릉3동,8157,19240,9633,9607,1129064000
2008,성북구,정릉4동,10738,28254,13969,14285,1129065000
2008,성북구,길음1동,10198,28909,14079,14830,1129066000
2008,성북구,길음2동,9018,21122,10342,10780,1129068500
2008,성북구,월곡1동,10502,28117,13987,14130,1129071500
2008,성북구,월곡2동,8469,22214,11020,11194,1129072500
2008,성북구,장위1동,10776,28276,14085,14191,1129076000
2008,성북구,장위2동,9902,24677,12468,12209,1129077000
2008,성북구,장위3동,7945,19272,9906,9366,1129078000
2008,성북구,성북동,8302,20045,9719,10326,1129052500
2008,성북구,삼선동,11598,27430,13445,13985,1129055500
2008,성북구,동선동,7373,15633,7261,8372,1129057500
2008,성북구,종암동,14610,36870,18599,18271,1129070500
2008,성북구,석관동,15128,37896,19026,18870,1129081000
2008,강북구,계,136300,345754,171180,174574,1130500000
2008,강북구,번1동,8570,20389,10035,10354,1130559500
2008,강북구,번2동,8200,21171,10483,10688,1130560300
2008,강북구,번3동,7824,22334,10813,11521,1130560800
2008,강북구,수유1동,9560,23852,11995,11857,1130561500
2008,강북구,수유2동,9070,23620,11644,11976,1130562500
2008,강북구,수유3동,10569,24437,12118,12319,1130563000
2008,강북구,삼양동,13326,33821,16915,16906,1130553400
2008,강북구,미아동,10355,25245,12630,12615,1130553500
2008,강북구,송중동,14388,36753,17935,18818,1130554500
2008,강북구,송천동,13839,33314,16577,16737,1130555500
2008,강북구,삼각산동,8440,24635,12182,12453,1130557500
2008,강북구,우이동,8622,21864,11001,10863,1130564500
2008,강북구,인수동,13537,34319,16852,17467,1130566000
2008,도봉구,계,139733,376698,186476,190222,1132000000
2008,도봉구,쌍문1동,8955,23732,11693,12039,1132066000
2008,도봉구,쌍문2동,8296,21781,10745,11036,1132067000
2008,도봉구,쌍문3동,7359,19091,9374,9717,1132068000
2008,도봉구,쌍문4동,7580,22231,10818,11413,1132068100
2008,도봉구,방학1동,11960,33448,16693,16755,1132069000
2008,도봉구,방학2동,9876,25098,12711,12387,1132070000
2008,도봉구,방학3동,11008,33088,16340,16748,1132071000
2008,도봉구,창1동,11143,29892,14610,15282,1132051100
2008,도봉구,창2동,12255,31937,15772,16165,1132051200
2008,도봉구,창3동,6702,16805,8489,8316,1132051300
2008,도봉구,창4동,11446,31630,15382,16248,1132051400
2008,도봉구,창5동,10265,28917,14232,14685,1132051500
2008,도봉구,도봉1동,10699,26128,13225,12903,1132052100
2008,도봉구,도봉2동,12189,32920,16392,16528,1132052200
2008,노원구,계,225065,620808,304068,316740,1135000000
2008,노원구,월계1동,6944,19475,9683,9792,1135056000
2008,노원구,월계2동,10677,28070,13645,14425,1135057000
2008,노원구,월계3동,9787,27695,13682,14013,1135058000
2008,노원구,월계4동,8770,20640,10309,10331,1135058100
2008,노원구,공릉2동,16610,47194,23449,23745,1135060000
2008,노원구,하계1동,11490,31829,15410,16419,1135061100
2008,노원구,하계2동,8906,26888,13125,13763,1135061200
2008,노원구,중계본동,10202,31418,15514,15904,1135061900
2008,노원구,중계1동,9997,31860,15647,16213,1135062100
2008,노원구,중계2동,6578,18860,9035,9825,1135062200
2008,노원구,중계3동,9256,25078,11835,13243,1135062300
2008,노원구,중계4동,8593,24615,11966,12649,1135062400
2008,노원구,상계1동,14330,41126,20394,20732,1135063000
2008,노원구,상계2동,8392,22854,11327,11527,1135064000
2008,노원구,상계5동,9356,25128,12314,12814,1135067000
2008,노원구,상계8동,9492,27556,13379,14177,1135070000
2008,노원구,상계9동,9312,26058,12743,13315,1135071000
2008,노원구,상계10동,8226,21589,10295,11294,1135072000
2008,노원구,공릉1.3동,16360,42041,20650,21391,1135060500
2008,노원구,상계3.4동,16966,42371,21393,20978,1135066500
2008,노원구,상계6.7동,14821,38463,18273,20190,1135069500
2008,은평구,계,182762,463364,228740,234624,1138000000
2008,은평구,녹번동,15583,36907,18012,18895,1138051000
2008,은평구,불광1동,14807,36353,17780,18573,1138052000
2008,은평구,불광2동,13458,32583,16153,16430,1138053000
2008,은평구,갈현1동,10798,27489,13585,13904,1138055100
2008,은평구,갈현2동,10621,27892,13572,14320,1138055200
2008,은평구,구산동,11268,33072,17074,15998,1138056000
2008,은평구,대조동,13316,31952,15360,16592,1138057000
2008,은평구,응암1동,13749,33993,16641,17352,1138058000
2008,은평구,응암2동,9178,21533,10736,10797,1138059000
2008,은평구,응암3동,11606,28204,14031,14173,1138060000
2008,은평구,신사1동,10278,27770,13677,14093,1138063100
2008,은평구,신사2동,9326,24642,12553,12089,1138063200
2008,은평구,증산동,8645,22327,11137,11190,1138064000
2008,은평구,수색동,8482,21189,10522,10667,1138065000
2008,은평구,진관동,3730,10841,5338,5503,1138069000
2008,은평구,역촌동,17917,46617,22569,24048,1138062500
2008,서대문구,계,138295,340731,166432,174299,1141000000
2008,서대문구,천연동,7820,19132,9358,9774,1141052000
2008,서대문구,홍제1동,11489,29233,14109,15124,1141062000
2008,서대문구,홍제2동,6079,16325,7888,8437,1141065500
2008,서대문구,홍제3동,8348,20950,10231,10719,1141064000
2008,서대문구,홍은1동,11186,29452,14586,14866,1141066000
2008,서대문구,홍은2동,11468,29667,14602,15065,1141068500
2008,서대문구,남가좌1동,3244,7451,3783,3668,1141069000
2008,서대문구,남가좌2동,12488,31360,15425,15935,1141070000
2008,서대문구,북가좌1동,4534,11764,5896,5868,1141071000
2008,서대문구,북가좌2동,13181,34478,17025,17453,1141072000
2008,서대문구,충현동,10678,24393,12106,12287,1141056500
2008,서대문구,북아현동,9100,20657,9942,10715,1141055500
2008,서대문구,신촌동,10234,21301,9658,11643,1141058500
2008,서대문구,연희동,18446,44568,21823,22745,1141061500
2008,마포구,계,165978,393241,192243,200998,1144000000
2008,마포구,용강동,9079,22337,10887,11450,1144059000
2008,마포구,대흥동,9163,17409,8510,8899,1144060000
2008,마포구,염리동,8397,19397,9477,9920,1144061000
2008,마포구,신수동,9533,22944,11450,11494,1144063000
2008,마포구,서교동,15961,30586,14397,16189,1144066000
2008,마포구,합정동,9329,21740,10659,11081,1144068000
2008,마포구,망원1동,10236,25127,12418,12709,1144069000
2008,마포구,망원2동,8384,21578,10609,10969,1144070000
2008,마포구,연남동,8882,20823,10123,10700,1144071000
2008,마포구,성산1동,8328,20710,10197,10513,1144072000
2008,마포구,성산2동,15564,41494,20227,21267,1144073000
2008,마포구,상암동,7807,21694,10809,10885,1144074000
2008,마포구,도화동,9065,23713,11525,12188,1144058500
2008,마포구,서강동,11985,26926,13030,13896,1144065500
2008,마포구,공덕동,16233,38445,18927,19518,1144056500
2008,마포구,아현동,8032,18318,8998,9320,1144055500
2008,양천구,계,183002,507899,253061,254838,1147000000
2008,양천구,목1동,10394,31997,15685,16312,1147051000
2008,양천구,목2동,12112,32320,16029,16291,1147052000
2008,양천구,목3동,9356,23772,11744,12028,1147053000
2008,양천구,목4동,10549,29626,14843,14783,1147054000
2008,양천구,목5동,14881,47681,23631,24050,1147055000
2008,양천구,신월1동,10101,25266,12923,12343,1147056000
2008,양천구,신월2동,8794,23703,11873,11830,1147057000
2008,양천구,신월3동,7779,18552,9510,9042,1147058000
2008,양천구,신월4동,6478,18570,9322,9248,1147059000
2008,양천구,신월5동,5951,15626,7773,7853,1147060000
2008,양천구,신월6동,6053,15576,7868,7708,1147061000
2008,양천구,신월7동,9635,26558,13324,13234,1147061100
2008,양천구,신정1동,8724,25627,12653,12974,1147062000
2008,양천구,신정2동,7539,23446,11669,11777,1147063000
2008,양천구,신정3동,19018,50643,25152,25491,1147064000
2008,양천구,신정4동,15117,36803,18342,18461,1147065000
2008,양천구,신정6동,8861,28141,13857,14284,1147067000
2008,양천구,신정7동,11660,33992,16863,17129,1147068000
2008,강서구,계,223026,583545,288063,295482,1150000000
2008,강서구,염창동,14134,42053,20840,21213,1150051000
2008,강서구,등촌1동,8364,21644,10819,10825,1150052000
2008,강서구,등촌2동,8334,23035,11552,11483,1150053000
2008,강서구,등촌3동,14782,38947,18653,20294,1150053500
2008,강서구,화곡본동,14653,35965,17692,18273,1150059000
2008,강서구,화곡1동,20296,51983,25741,26242,1150054000
2008,강서구,화곡2동,8057,20827,10341,10486,1150055000
2008,강서구,화곡3동,8842,24369,11966,12403,1150056000
2008,강서구,화곡4동,9285,23060,11481,11579,1150057000
2008,강서구,화곡6동,9671,24819,12225,12594,1150059100
2008,강서구,화곡8동,10898,27598,13596,14002,1150059300
2008,강서구,가양1동,7810,22295,11326,10969,1150060300
2008,강서구,가양2동,7982,19040,9226,9814,1150060400
2008,강서구,가양3동,7765,20058,9681,10377,1150060500
2008,강서구,발산1동,11301,32143,15619,16524,1150061100
2008,강서구,공항동,9723,22604,11666,10938,1150062000
2008,강서구,방화1동,12056,31993,16134,15859,1150063000
2008,강서구,방화2동,11064,26860,13320,13540,1150064000
2008,강서구,방화3동,11635,28601,13874,14727,1150064100
2008,강서구,우장산동,16374,45651,22311,23340,1150061500
2008,구로구,계,165750,448696,226732,221964,1153000000
2008,구로구,신도림동,12853,37004,18396,18608,1153051000
2008,구로구,구로1동,8007,28113,14107,14006,1153052000
2008,구로구,구로2동,15367,39337,20059,19278,1153053000
2008,구로구,구로3동,12091,27478,13928,13550,1153054000
2008,구로구,구로4동,11659,30807,15361,15446,1153055000
2008,구로구,구로5동,12540,34617,17477,17140,1153056000
2008,구로구,고척1동,9717,27028,13692,13336,1153072000
2008,구로구,고척2동,10878,28644,14612,14032,1153073000
2008,구로구,개봉1동,14785,38736,19517,19219,1153074000
2008,구로구,개봉2동,13010,36451,18097,18354,1153075000
2008,구로구,개봉3동,8491,22944,11420,11524,1153076000
2008,구로구,오류1동,8119,21690,10909,10781,1153077000
2008,구로구,오류2동,11511,30236,15427,14809,1153078000
2008,구로구,수궁동,8418,22363,11308,11055,1153079000
2008,구로구,가리봉동,8304,23248,12422,10826,1153059500
2008,금천구,계,100138,265244,135337,129907,1154500000
2008,금천구,가산동,9359,24428,13438,10990,1154551000
2008,금천구,독산1동,12648,36360,18671,17689,1154561000
2008,금천구,독산2동,10030,24955,12669,12286,1154562000
2008,금천구,독산3동,12584,32516,16397,16119,1154563000
2008,금천구,독산4동,8360,20761,10569,10192,1154564000
2008,금천구,시흥1동,13325,34516,17502,17014,1154567000
2008,금천구,시흥2동,8827,26053,12997,13056,1154568000
2008,금천구,시흥3동,4889,13276,6741,6535,1154569000
2008,금천구,시흥4동,10016,26257,13218,13039,1154570000
2008,금천구,시흥5동,10100,26122,13135,12987,1154571000
2008,영등포구,계,168187,443537,223825,219712,1156000000
2008,영등포구,여의도동,12342,33941,16543,17398,1156054000
2008,영등포구,당산1동,8860,20936,10573,10363,1156055000
2008,영등포구,당산2동,12697,33493,16538,16955,1156056000
2008,영등포구,양평1동,6874,17300,8763,8537,1156061000
2008,영등포구,양평2동,7983,21924,11170,10754,1156062000
2008,영등포구,신길1동,9723,26620,13421,13199,1156063000
2008,영등포구,신길3동,8149,20995,10568,10427,1156065000
2008,영등포구,신길4동,5829,14767,7447,7320,1156066000
2008,영등포구,신길5동,7768,20030,10157,9873,1156067000
2008,영등포구,신길6동,9745,26016,12957,13059,1156068000
2008,영등포구,신길7동,7538,20344,10196,10148,1156069000
2008,영등포구,대림1동,7687,20970,10583,10387,1156070000
2008,영등포구,대림2동,8712,27705,14016,13689,1156071000
2008,영등포구,대림3동,12273,33951,17122,16829,1156072000
2008,영등포구,영등포본동,11105,28360,14392,13968,1156051500
2008,영등포구,영등포동,9431,19169,10624,8545,1156053500
2008,영등포구,도림동,9792,24923,12659,12264,1156058500
2008,영등포구,문래동,11679,32093,16096,15997,1156060500
2008,동작구,계,163742,410934,202654,208280,1159000000
2008,동작구,노량진1동,13998,35006,17546,17460,1159051000
2008,동작구,노량진2동,8009,18033,8956,9077,1159052000
2008,동작구,상도1동,16506,40003,19653,20350,1159053000
2008,동작구,상도2동,10649,25910,12744,13166,1159054000
2008,동작구,상도3동,9626,24295,11957,12338,1159055000
2008,동작구,상도4동,11852,30076,14960,15116,1159056000
2008,동작구,사당1동,10488,23536,11376,12160,1159062000
2008,동작구,사당2동,12394,31822,15576,16246,1159063000
2008,동작구,사당3동,10054,26013,12948,13065,1159064000
2008,동작구,사당4동,6066,14853,7291,7562,1159065000
2008,동작구,사당5동,6420,16088,8040,8048,1159065100
2008,동작구,대방동,14614,39788,19508,20280,1159066000
2008,동작구,신대방1동,10162,29976,14788,15188,1159067000
2008,동작구,신대방2동,7924,20919,10212,10707,1159068000
2008,동작구,흑석동,14980,34616,17099,17517,1159060500
2008,관악구,계,241511,551873,279975,271898,1162000000
2008,관악구,남현동,7889,18029,8842,9187,1162063000
2008,관악구,보라매동,11483,27560,13768,13792,1162052500
2008,관악구,청림동,6848,17772,8765,9007,1162054500
2008,관악구,행운동,14864,30706,15376,15330,1162057500
2008,관악구,낙성대동,9545,18297,9455,8842,1162058500
2008,관악구,중앙동,7044,15056,7540,7516,1162061500
2008,관악구,인헌동,13321,29440,14675,14765,1162062500
2008,관악구,서원동,12162,28402,14195,14207,1162064500
2008,관악구,신원동,9512,21530,10624,10906,1162065500
2008,관악구,서림동,13122,25352,13894,11458,1162066500
2008,관악구,신사동,11968,27930,13972,13958,1162068500
2008,관악구,신림동,10423,17811,8828,8983,1162069500
2008,관악구,난향동,6778,18298,9102,9196,1162071500
2008,관악구,조원동,8217,19887,10011,9876,1162072500
2008,관악구,대학동,13415,23345,13889,9456,1162073500
2008,관악구,은천동,14892,40454,20178,20276,1162060500
2008,관악구,성현동,12913,35685,17749,17936,1162056500
2008,관악구,청룡동,17489,35342,17756,17586,1162059500
2008,관악구,난곡동,13201,33136,16946,16190,1162077500
2008,관악구,삼성동,12774,32032,16252,15780,1162074500
2008,관악구,미성동,13651,35809,18158,17651,1162076500
2008,서초구,계,159907,412065,200313,211752,1165000000
2008,서초구,서초1동,8679,21915,10685,11230,1165051000
2008,서초구,서초2동,8814,23277,11410,11867,1165052000
2008,서초구,서초3동,12162,31257,15708,15549,1165053000
2008,서초구,서초4동,9848,28416,13838,14578,1165053100
2008,서초구,잠원동,15264,37717,18057,19660,1165054000
2008,서초구,반포본동,4567,14304,6749,7555,1165055000
2008,서초구,반포1동,9825,19500,9322,10178,1165056000
2008,서초구,반포2동,4513,13332,6411,6921,1165057000
2008,서초구,반포3동,8760,24554,11821,12733,1165058000
2008,서초구,반포4동,7580,20888,10106,10782,1165058100
2008,서초구,방배본동,7733,21370,10140,11230,1165059000
2008,서초구,방배1동,6616,16536,7973,8563,1165060000
2008,서초구,방배2동,11420,28958,14058,14900,1165061000
2008,서초구,방배3동,9553,26238,12886,13352,1165062000
2008,서초구,방배4동,10146,25947,12305,13642,1165062100
2008,서초구,양재1동,11272,27529,13410,14119,1165065100
2008,서초구,양재2동,10503,23664,11904,11760,1165065200
2008,서초구,내곡동,2652,6663,3530,3133,1165066000
2008,강남구,계,227533,565624,272953,292671,1168000000
2008,강남구,신사동,8763,21623,10162,11461,1168051000
2008,강남구,논현1동,15051,27882,12944,14938,1168052100
2008,강남구,논현2동,11445,24083,11437,12646,1168053100
2008,강남구,압구정1동,6329,17211,8192,9019,1168054000
2008,강남구,압구정2동,4909,12094,5658,6436,1168055000
2008,강남구,청담1동,6623,18428,8934,9494,1168056000
2008,강남구,청담2동,5535,12920,6184,6736,1168057000
2008,강남구,삼성1동,5985,16301,8355,7946,1168058000
2008,강남구,삼성2동,11631,26626,12752,13874,1168059000
2008,강남구,대치1동,7855,26912,13286,13626,1168060000
2008,강남구,대치2동,8306,26927,13614,13313,1168061000
2008,강남구,대치3동,6479,18199,9279,8920,1168062000
2008,강남구,대치4동,10637,22224,10476,11748,1168063000
2008,강남구,역삼1동,20822,36964,17682,19282,1168064000
2008,강남구,역삼2동,13392,31543,14839,16704,1168065000
2008,강남구,도곡1동,8158,22418,10870,11548,1168065500
2008,강남구,도곡2동,12044,33987,16227,17760,1168065600
2008,강남구,개포1동,8139,22577,10927,11650,1168066000
2008,강남구,개포2동,7776,19424,9325,10099,1168067000
2008,강남구,개포3동,5367,16602,7973,8629,1168068000
2008,강남구,개포4동,9729,24378,11968,12410,1168069000
2008,강남구,일원본동,7731,23357,11435,11922,1168072000
2008,강남구,일원1동,7706,19612,9706,9906,1168073000
2008,강남구,일원2동,7406,20119,9786,10333,1168074000
2008,강남구,수서동,7686,17950,8225,9725,1168075000
2008,강남구,세곡동,2029,5263,2717,2546,1168070000
2008,송파구,계,256104,676580,332704,343876,1171000000
2008,송파구,풍납1동,8362,21420,10554,10866,1171051000
2008,송파구,풍납2동,11518,29926,14587,15339,1171052000
2008,송파구,거여1동,5998,16597,8420,8177,1171053100
2008,송파구,거여2동,11771,30694,15516,15178,1171053200
2008,송파구,마천1동,8030,20021,10199,9822,1171054000
2008,송파구,마천2동,8874,23881,12138,11743,1171055000
2008,송파구,방이1동,6218,18014,8894,9120,1171056100
2008,송파구,방이2동,11207,26087,12817,13270,1171056200
2008,송파구,오륜동,6450,21303,10390,10913,1171056600
2008,송파구,오금동,14391,39468,19717,19751,1171057000
2008,송파구,송파1동,11647,28539,13801,14738,1171058000
2008,송파구,송파2동,7282,21522,10639,10883,1171059000
2008,송파구,석촌동,16044,36892,18155,18737,1171060000
2008,송파구,삼전동,15632,35497,17073,18424,1171061000
2008,송파구,가락본동,11593,30689,15292,15397,1171062000
2008,송파구,가락1동,6543,16169,7940,8229,1171063100
2008,송파구,가락2동,12569,36505,18076,18429,1171063200
2008,송파구,문정1동,8437,23293,11452,11841,1171064100
2008,송파구,문정2동,5637,16799,8251,8548,1171064200
2008,송파구,장지동,12708,34072,16765,17307,1171064600
2008,송파구,잠실본동,14356,32272,15346,16926,1171065000
2008,송파구,잠실2동,9234,25553,12407,13146,1171067000
2008,송파구,잠실3동,12932,37400,18141,19259,1171068000
2008,송파구,잠실4동,9283,26096,12775,13321,1171069000
2008,송파구,잠실6동,5876,17124,8253,8871,1171071000
2008,송파구,잠실7동,3512,10747,5106,5641,1171072000
2008,강동구,계,178232,473973,237420,236553,1174000000
2008,강동구,강일동,241,533,297,236,1174051500
2008,강동구,상일동,10120,29825,14974,14851,1174052000
2008,강동구,명일1동,10215,29496,14561,14935,1174053000
2008,강동구,명일2동,6080,19333,9702,9631,1174054000
2008,강동구,고덕1동,7331,21409,10790,10619,1174055000
2008,강동구,고덕2동,7257,20113,10249,9864,1174056000
2008,강동구,암사1동,16033,40423,20240,20183,1174057000
2008,강동구,암사2동,5960,16289,8099,8190,1174058000
2008,강동구,암사3동,5576,16541,8223,8318,1174059000
2008,강동구,천호1동,13036,33988,17000,16988,1174060000
2008,강동구,천호2동,16505,39330,19804,19526,1174061000
2008,강동구,천호3동,13357,29737,14953,14784,1174062000
2008,강동구,성내1동,7830,21499,10753,10746,1174064000
2008,강동구,성내2동,11970,27864,13837,14027,1174065000
2008,강동구,성내3동,10070,25420,12736,12684,1174066000
2008,강동구,둔촌1동,6768,21489,11157,10332,1174069000
2008,강동구,둔촌2동,10034,27834,13817,14017,1174070000
2008,강동구,길동,19849,52850,26228,26622,1174068500
2011,계,계,4192752,10528774,5208492,5320282,1100000000
2011,종로구,계,76688,177419,88107,89312,1111000000
2011,종로구,사직동,4646,10602,4963,5639,1111053000
2011,종로구,삼청동,1606,3590,1747,1843,1111054000
2011,종로구,부암동,4611,11596,5735,5861,1111055000
2011,종로구,평창동,7381,19996,9586,10410,1111056000
2011,종로구,무악동,3271,8635,4139,4496,1111057000
2011,종로구,교남동,4473,9250,4577,4673,1111058000
2011,종로구,가회동,2469,5686,2725,2961,1111060000
2011,종로구,종로1.2.3.4가동,5213,9210,5215,3995,1111061500
2011,종로구,종로5.6가동,3140,6501,3469,3032,1111063000
2011,종로구,이화동,4551,9820,4708,5112,1111064000
2011,종로구,혜화동,5827,13006,6274,6732,1111065000
2011,종로구,명륜3가동,3496,7271,3710,3561,1111066000
2011,종로구,창신1동,3611,8386,4333,4053,1111067000
2011,종로구,창신2동,5055,12231,6170,6061,1111068000
2011,종로구,창신3동,3147,8644,4292,4352,1111069000
2011,종로구,숭인1동,3297,8040,4007,4033,1111070000
2011,종로구,숭인2동,4834,9531,5005,4526,1111071000
2011,종로구,청운효자동,6060,15424,7452,7972,1111051500
2011,중구,계,61475,141567,71137,70430,1114000000
2011,중구,소공동,696,1726,955,771,1114052000
2011,중구,회현동,3476,6485,3538,2947,1114054000
2011,중구,명동,1702,4099,1955,2144,1114055000
2011,중구,필동,2435,5234,2770,2464,1114057000
2011,중구,장충동,2930,6084,3099,2985,1114058000
2011,중구,광희동,3125,6662,3493,3169,1114059000
2011,중구,을지로동,1405,2145,1312,833,1114060500
2011,중구,신당1동,4126,10026,5080,4946,1114061000
2011,중구,신당2동,7302,17007,8402,8605,1114062000
2011,중구,신당3동,8012,19742,9512,10230,1114063000
2011,중구,신당4동,6510,16147,7788,8359,1114064000
2011,중구,신당5동,4286,9683,4875,4808,1114065000
2011,중구,신당6동,3847,10281,5028,5253,1114066000
2011,중구,황학동,5887,13464,6863,6601,1114067000
2011,중구,중림동,5736,12782,6467,6315,1114068000
2011,용산구,계,112617,259288,126735,132553,1117000000
2011,용산구,후암동,9188,20746,10361,10385,1117051000
2011,용산구,용산2가동,6179,14192,6970,7222,1117052000
2011,용산구,남영동,5148,8344,4892,3452,1117053000
2011,용산구,원효로1동,5674,12814,6401,6413,1117056000
2011,용산구,원효로2동,6093,16040,7660,8380,1117057000
2011,용산구,효창동,4532,11536,5651,5885,1117058000
2011,용산구,용문동,5232,13479,6611,6868,1117059000
2011,용산구,이촌1동,9997,28617,13533,15084,1117063000
2011,용산구,이촌2동,4381,10537,5053,5484,1117064000
2011,용산구,이태원1동,4503,10382,4938,5444,1117065000
2011,용산구,이태원2동,5428,11826,5587,6239,1117066000
2011,용산구,서빙고동,5608,14574,7033,7541,1117069000
2011,용산구,보광동,8707,18737,9112,9625,1117070000
2011,용산구,청파동,11748,24667,11838,12829,1117055500
2011,용산구,한강로동,7903,16549,8324,8225,1117062500
2011,용산구,한남동,12296,26248,12771,13477,1117068500
2011,성동구,계,126148,308767,154511,154256,1120000000
2011,성동구,왕십리2동,7076,17661,8743,8918,1120052000
2011,성동구,마장동,10248,26043,13057,12986,1120054000
2011,성동구,사근동,5872,11722,6173,5549,1120055000
2011,성동구,행당1동,7573,18298,8979,9319,1120056000
2011,성동구,행당2동,9687,27084,12992,14092,1120057000
2011,성동구,응봉동,6585,17641,8486,9155,1120058000
2011,성동구,금호1가동,6318,16255,7949,8306,1120059000
2011,성동구,금호4가동,6267,15204,7493,7711,1120062000
2011,성동구,성수1가1동,7453,18940,9741,9199,1120065000
2011,성동구,성수1가2동,8122,19047,9631,9416,1120066000
2011,성동구,성수2가1동,9230,22061,11428,10633,1120067000
2011,성동구,성수2가3동,5339,12282,6404,5878,1120069000
2011,성동구,송정동,5691,12952,6805,6147,1120072000
2011,성동구,용답동,7723,17995,9439,8556,1120079000
2011,성동구,왕십리도선동,5726,13202,6555,6647,1120053500
2011,성동구,금호2.3가동,8229,20234,9828,10406,1120061500
2011,성동구,옥수동,9009,22146,10808,11338,1120064500
2011,광진구,계,158472,386673,190867,195806,1121500000
2011,광진구,화양동,12754,24238,11861,12377,1121571000
2011,광진구,군자동,10155,22314,11309,11005,1121573000
2011,광진구,중곡1동,7690,17509,8683,8826,1121574000
2011,광진구,중곡2동,9607,23190,11397,11793,1121575000
2011,광진구,중곡3동,8258,19391,9738,9653,1121576000
2011,광진구,중곡4동,12622,32162,15975,16187,1121577000
2011,광진구,능동,5531,11328,5374,5954,1121578000
2011,광진구,구의1동,10883,23963,11555,12408,1121585000
2011,광진구,구의2동,10730,27274,13501,13773,1121586000
2011,광진구,구의3동,11561,30410,14795,15615,1121587000
2011,광진구,광장동,11575,35652,17434,18218,1121581000
2011,광진구,자양1동,11232,27707,13680,14027,1121582000
2011,광진구,자양2동,11614,29497,14748,14749,1121583000
2011,광진구,자양3동,11694,32443,15922,16521,1121584000
2011,광진구,자양4동,12566,29595,14895,14700,1121584700
2011,동대문구,계,157823,378534,189538,188996,1123000000
2011,동대문구,전농1동,12888,27915,14359,13556,1123056000
2011,동대문구,전농2동,7774,21688,10572,11116,1123057000
2011,동대문구,답십리1동,8849,21123,10599,10524,1123060000
2011,동대문구,답십리2동,12277,32629,16191,16438,1123061000
2011,동대문구,장안1동,14731,38142,19193,18949,1123065000
2011,동대문구,장안2동,12958,33121,16747,16374,1123066000
2011,동대문구,회기동,5769,12673,6029,6644,1123071000
2011,동대문구,휘경1동,8135,18212,9023,9189,1123072000
2011,동대문구,휘경2동,10181,25314,12439,12875,1123073000
2011,동대문구,이문1동,15544,34413,17051,17362,1123074000
2011,동대문구,이문2동,8809,23888,11855,12033,1123075000
2011,동대문구,청량리동,10846,25648,12851,12797,1123070500
2011,동대문구,용신동,16016,34032,17565,16467,1123053600
2011,동대문구,제기동,13046,29736,15064,14672,1123054500
2011,중랑구,계,175115,428672,214258,214414,1126000000
2011,중랑구,면목2동,12233,29071,14689,14382,1126052000
2011,중랑구,면목4동,10134,23507,11607,11900,1126054000
2011,중랑구,면목5동,6208,14540,7443,7097,1126055000
2011,중랑구,면목7동,10804,26336,13099,13237,1126057000
2011,중랑구,상봉1동,9369,26267,12969,13298,1126058000
2011,중랑구,상봉2동,9131,18886,9618,9268,1126059000
2011,중랑구,중화1동,8327,22129,11001,11128,1126060000
2011,중랑구,중화2동,14657,31747,16302,15445,1126061000
2011,중랑구,묵1동,13546,36080,17771,18309,1126062000
2011,중랑구,묵2동,8449,20284,10111,10173,1126063000
2011,중랑구,망우3동,8382,19719,9899,9820,1126066000
2011,중랑구,신내1동,11060,32513,16101,16412,1126068000
2011,중랑구,신내2동,9333,25532,12488,13044,1126069000
2011,중랑구,면목본동,16210,37519,18690,18829,1126056500
2011,중랑구,면목3.8동,12785,30005,15020,14985,1126057500
2011,중랑구,망우본동,14487,34537,17450,17087,1126065500
2011,성북구,계,199398,494422,243639,250783,1129000000
2011,성북구,돈암1동,6340,16891,8160,8731,1129058000
2011,성북구,돈암2동,8221,24140,11704,12436,1129059000
2011,성북구,안암동,8845,18521,9322,9199,1129060000
2011,성북구,보문동,6893,14969,7422,7547,1129061000
2011,성북구,정릉1동,7710,21170,10214,10956,1129062000
2011,성북구,정릉2동,9678,24806,12291,12515,1129063000
2011,성북구,정릉3동,7989,18651,9311,9340,1129064000
2011,성북구,정릉4동,10933,28253,13898,14355,1129065000
2011,성북구,길음1동,12974,37481,18301,19180,1129066000
2011,성북구,길음2동,9028,20670,10189,10481,1129068500
2011,성북구,월곡1동,11076,29408,14566,14842,1129071500
2011,성북구,월곡2동,8752,21823,10766,11057,1129072500
2011,성북구,장위1동,10556,27060,13440,13620,1129076000
2011,성북구,장위2동,9563,23412,11825,11587,1129077000
2011,성북구,장위3동,8057,19718,10073,9645,1129078000
2011,성북구,성북동,8718,19868,9518,10350,1129052500
2011,성북구,삼선동,12272,28027,13709,14318,1129055500
2011,성북구,동선동,8292,16641,7529,9112,1129057500
2011,성북구,종암동,17495,43981,21845,22136,1129070500
2011,성북구,석관동,16006,38932,19556,19376,1129081000
2011,강북구,계,142527,348740,172309,176431,1130500000
2011,강북구,번1동,9568,21171,10488,10683,1130559500
2011,강북구,번2동,8066,20196,9934,10262,1130560300
2011,강북구,번3동,7853,21515,10390,11125,1130560800
2011,강북구,수유1동,9981,23975,12077,11898,1130561500
2011,강북구,수유2동,9295,23687,11660,12027,1130562500
2011,강북구,수유3동,11035,24260,12069,12191,1130563000
2011,강북구,삼양동,13254,32276,16154,16122,1130553400
2011,강북구,미아동,10557,25501,12573,12928,1130553500
2011,강북구,송중동,14577,35378,17265,18113,1130554500
2011,강북구,송천동,14266,32668,16357,16311,1130555500
2011,강북구,삼각산동,11328,32396,15889,16507,1130557500
2011,강북구,우이동,8873,21819,10844,10975,1130564500
2011,강북구,인수동,13874,33898,16609,17289,1130566000
2011,도봉구,계,139348,367949,181911,186038,1132000000
2011,도봉구,쌍문1동,8664,22720,11073,11647,1132066000
2011,도봉구,쌍문2동,8599,21951,10793,11158,1132067000
2011,도봉구,쌍문3동,7622,18832,9218,9614,1132068000
2011,도봉구,쌍문4동,7589,21937,10637,11300,1132068100
2011,도봉구,방학1동,12391,32489,16263,16226,1132069000
2011,도봉구,방학2동,9802,24327,12323,12004,1132070000
2011,도봉구,방학3동,10957,32518,15985,16533,1132071000
2011,도봉구,창1동,10960,28945,14121,14824,1132051100
2011,도봉구,창2동,12022,31831,15754,16077,1132051200
2011,도봉구,창3동,6653,16166,8136,8030,1132051300
2011,도봉구,창4동,11303,31280,15211,16069,1132051400
2011,도봉구,창5동,10117,28106,13863,14243,1132051500
2011,도봉구,도봉1동,10661,25119,12789,12330,1132052100
2011,도봉구,도봉2동,12008,31728,15745,15983,1132052200
2011,노원구,계,225104,608062,297308,310754,1135000000
2011,노원구,월계1동,9635,24338,12407,11931,1135056000
2011,노원구,월계2동,12461,31251,15269,15982,1135057000
2011,노원구,월계3동,13746,36549,17787,18762,1135058000
2011,노원구,공릉1동,16525,40805,20112,20693,1135059500
2011,노원구,공릉2동,17085,46907,23236,23671,1135060000
2011,노원구,하계1동,11423,31164,15118,16046,1135061100
2011,노원구,하계2동,8799,26177,12768,13409,1135061200
2011,노원구,중계본동,10080,30614,15121,15493,1135061900
2011,노원구,중계1동,9568,30808,15124,15684,1135062100
2011,노원구,중계4동,8354,22909,11227,11682,1135062400
2011,노원구,상계1동,15722,44746,22097,22649,1135063000
2011,노원구,상계2동,8728,23072,11431,11641,1135064000
2011,노원구,상계5동,9609,24621,12043,12578,1135067000
2011,노원구,상계8동,9638,27476,13202,14274,1135070000
2011,노원구,상계9동,8991,25208,12277,12931,1135071000
2011,노원구,상계10동,7942,20925,9908,11017,1135072000
2011,노원구,중계2.3동,15707,42732,20148,22584,1135062500
2011,노원구,상계3.4동,16621,40208,20269,19939,1135066500
2011,노원구,상계6.7동,14470,37552,17764,19788,1135069500
2011,은평구,계,197582,498350,244730,253620,1138000000
2011,은평구,녹번동,14773,34158,16571,17587,1138051000
2011,은평구,불광1동,16646,42143,20583,21560,1138052000
2011,은평구,불광2동,13377,30931,15236,15695,1138053000
2011,은평구,갈현1동,11010,26913,13259,13654,1138055100
2011,은평구,갈현2동,10950,28502,13784,14718,1138055200
2011,은평구,구산동,12159,34136,17537,16599,1138056000
2011,은평구,대조동,13772,31857,15311,16546,1138057000
2011,은평구,응암1동,13553,32647,15967,16680,1138058000
2011,은평구,응암2동,8644,19853,9876,9977,1138059000
2011,은평구,응암3동,11971,27896,13785,14111,1138060000
2011,은평구,신사1동,10788,28309,13862,14447,1138063100
2011,은평구,신사2동,9140,23684,11903,11781,1138063200
2011,은평구,증산동,8441,21597,10807,10790,1138064000
2011,은평구,수색동,8159,20375,10185,10190,1138065000
2011,은평구,진관동,15151,46424,22377,24047,1138069000
2011,은평구,역촌동,19048,48925,23687,25238,1138062500
2011,서대문구,계,134730,324529,158160,166369,1141000000
2011,서대문구,천연동,8568,20578,10044,10534,1141052000
2011,서대문구,홍제1동,11564,28441,13752,14689,1141062000
2011,서대문구,홍제2동,6249,16301,7805,8496,1141065500
2011,서대문구,홍제3동,8509,20739,10151,10588,1141064000
2011,서대문구,홍은1동,10553,27043,13286,13757,1141066000
2011,서대문구,홍은2동,12061,30495,15088,15407,1141068500
2011,서대문구,남가좌1동,2019,4502,2267,2235,1141069000
2011,서대문구,남가좌2동,12908,31505,15479,16026,1141070000
2011,서대문구,북가좌1동,4031,10525,5275,5250,1141071000
2011,서대문구,북가좌2동,13704,35049,17280,17769,1141072000
2011,서대문구,북아현동,5264,11899,5720,6179,1141055500
2011,서대문구,신촌동,10522,21565,9723,11842,1141058500
2011,서대문구,연희동,18920,44159,21549,22610,1141061500
2011,마포구,계,168640,398627,193539,205088,1144000000
2011,마포구,용강동,7955,19656,9461,10195,1144059000
2011,마포구,대흥동,8430,16088,7750,8338,1144060000
2011,마포구,염리동,8338,18764,9265,9499,1144061000
2011,마포구,신수동,9803,23744,11713,12031,1144063000
2011,마포구,서교동,15467,29098,13560,15538,1144066000
2011,마포구,합정동,9390,21129,10310,10819,1144068000
2011,마포구,망원1동,10700,24867,12181,12686,1144069000
2011,마포구,망원2동,8344,21729,10597,11132,1144070000
2011,마포구,연남동,9015,20471,9897,10574,1144071000
2011,마포구,성산1동,8825,21212,10350,10862,1144072000
2011,마포구,성산2동,15659,41482,20121,21361,1144073000
2011,마포구,상암동,11282,33462,16441,17021,1144074000
2011,마포구,도화동,9445,23994,11615,12379,1144058500
2011,마포구,서강동,11633,25961,12454,13507,1144065500
2011,마포구,공덕동,16114,37330,18290,19040,1144056500
2011,마포구,아현동,8240,19640,9534,10106,1144055500
2011,양천구,계,182677,505605,251346,254259,1147000000
2011,양천구,목1동,10736,33607,16384,17223,1147051000
2011,양천구,목2동,12183,31845,15778,16067,1147052000
2011,양천구,목3동,9213,23386,11529,11857,1147053000
2011,양천구,목4동,10105,28949,14474,14475,1147054000
2011,양천구,목5동,14339,46119,22991,23128,1147055000
2011,양천구,신월1동,10453,25467,13051,12416,1147056000
2011,양천구,신월2동,7673,20653,10283,10370,1147057000
2011,양천구,신월3동,8216,18728,9681,9047,1147058000
2011,양천구,신월4동,6834,19342,9634,9708,1147059000
2011,양천구,신월5동,6212,16249,8041,8208,1147060000
2011,양천구,신월6동,5289,13488,6843,6645,1147061000
2011,양천구,신월7동,9608,25618,12781,12837,1147061100
2011,양천구,신정1동,7354,22812,11252,11560,1147062000
2011,양천구,신정2동,7475,22895,11376,11519,1147063000
2011,양천구,신정3동,20884,57849,28622,29227,1147064000
2011,양천구,신정4동,15760,37572,18552,19020,1147065000
2011,양천구,신정6동,8572,27448,13423,14025,1147067000
2011,양천구,신정7동,11771,33578,16651,16927,1147068000
2011,강서구,계,223490,575846,283662,292184,1150000000
2011,강서구,염창동,14376,42677,21047,21630,1150051000
2011,강서구,등촌1동,9205,22275,11038,11237,1150052000
2011,강서구,등촌2동,8117,22559,11330,11229,1150053000
2011,강서구,등촌3동,14721,37752,18062,19690,1150053500
2011,강서구,화곡본동,14739,36839,18150,18689,1150059000
2011,강서구,화곡1동,21640,52639,26102,26537,1150054000
2011,강서구,화곡2동,8083,20696,10217,10479,1150055000
2011,강서구,화곡3동,9026,24332,11864,12468,1150056000
2011,강서구,화곡4동,9541,23299,11582,11717,1150057000
2011,강서구,화곡6동,9827,25250,12498,12752,1150059100
2011,강서구,화곡8동,10905,27792,13605,14187,1150059300
2011,강서구,가양1동,7421,21008,10563,10445,1150060300
2011,강서구,가양2동,8011,18230,8772,9458,1150060400
2011,강서구,가양3동,7935,19182,9224,9958,1150060500
2011,강서구,발산1동,11380,33411,16121,17290,1150061100
2011,강서구,공항동,9953,22494,11774,10720,1150062000
2011,강서구,방화1동,11799,31373,15790,15583,1150063000
2011,강서구,방화2동,11055,26198,12969,13229,1150064000
2011,강서구,방화3동,11474,27750,13469,14281,1150064100
2011,강서구,우장산동,14282,40090,19485,20605,1150061500
2011,구로구,계,171064,458908,232056,226852,1153000000
2011,구로구,신도림동,13138,38114,18899,19215,1153051000
2011,구로구,구로1동,7957,28139,14255,13884,1153052000
2011,구로구,구로2동,15183,39310,20194,19116,1153053000
2011,구로구,구로3동,13631,28461,14512,13949,1153054000
2011,구로구,구로4동,11827,29767,15050,14717,1153055000
2011,구로구,구로5동,12766,34961,17678,17283,1153056000
2011,구로구,고척1동,9728,26211,13199,13012,1153072000
2011,구로구,고척2동,11965,31593,16022,15571,1153073000
2011,구로구,개봉1동,13617,35449,17838,17611,1153074000
2011,구로구,개봉2동,12687,35078,17320,17758,1153075000
2011,구로구,개봉3동,8319,22178,11076,11102,1153076000
2011,구로구,오류1동,8521,21521,10806,10715,1153077000
2011,구로구,오류2동,14019,39146,19621,19525,1153078000
2011,구로구,수궁동,9839,26096,13128,12968,1153079000
2011,구로구,가리봉동,7867,22884,12458,10426,1153059500
2011,금천구,계,103600,264256,135604,128652,1154500000
2011,금천구,가산동,10862,25138,14121,11017,1154551000
2011,금천구,독산1동,13904,37654,19723,17931,1154561000
2011,금천구,독산2동,10010,24500,12424,12076,1154562000
2011,금천구,독산3동,12778,31867,16193,15674,1154563000
2011,금천구,독산4동,8335,20363,10417,9946,1154564000
2011,금천구,시흥1동,14454,37177,18898,18279,1154567000
2011,금천구,시흥2동,8839,25367,12554,12813,1154568000
2011,금천구,시흥3동,4879,12800,6460,6340,1154569000
2011,금천구,시흥4동,9639,24781,12464,12317,1154570000
2011,금천구,시흥5동,9900,24609,12350,12259,1154571000
2011,영등포구,계,168850,439555,221913,217642,1156000000
2011,영등포구,여의도동,12686,34696,16651,18045,1156054000
2011,영등포구,당산1동,9488,21873,10945,10928,1156055000
2011,영등포구,당산2동,13918,34619,16948,17671,1156056000
2011,영등포구,양평1동,7292,17689,8891,8798,1156061000
2011,영등포구,양평2동,8703,22512,11432,11080,1156062000
2011,영등포구,신길1동,10030,25662,12988,12674,1156063000
2011,영등포구,신길3동,7329,18655,9391,9264,1156065000
2011,영등포구,신길4동,5654,14286,7220,7066,1156066000
2011,영등포구,신길5동,7402,21646,10990,10656,1156067000
2011,영등포구,신길6동,9842,25572,12762,12810,1156068000
2011,영등포구,신길7동,6203,16725,8389,8336,1156069000
2011,영등포구,대림1동,7425,21780,11078,10702,1156070000
2011,영등포구,대림2동,8226,26166,13220,12946,1156071000
2011,영등포구,대림3동,11848,32603,16543,16060,1156072000
2011,영등포구,영등포본동,11104,28599,14625,13974,1156051500
2011,영등포구,영등포동,10508,21058,11890,9168,1156053500
2011,영등포구,도림동,8861,22570,11526,11044,1156058500
2011,영등포구,문래동,12331,32844,16424,16420,1156060500
2011,동작구,계,167099,413658,203341,210317,1159000000
2011,동작구,노량진1동,14219,34935,17518,17417,1159051000
2011,동작구,노량진2동,7824,17196,8544,8652,1159052000
2011,동작구,상도1동,17182,40706,20043,20663,1159053000
2011,동작구,상도2동,11031,26397,12900,13497,1159054000
2011,동작구,상도3동,10073,25143,12385,12758,1159055000
2011,동작구,상도4동,11909,30193,15020,15173,1159056000
2011,동작구,사당1동,10882,24559,11806,12753,1159062000
2011,동작구,사당2동,12167,30262,14841,15421,1159063000
2011,동작구,사당3동,10265,25923,12762,13161,1159064000
2011,동작구,사당4동,6325,15400,7532,7868,1159065000
2011,동작구,사당5동,6438,15879,7876,8003,1159065100
2011,동작구,대방동,15536,40862,19879,20983,1159066000
2011,동작구,신대방1동,10168,29920,14699,15221,1159067000
2011,동작구,신대방2동,8220,21330,10450,10880,1159068000
2011,동작구,흑석동,14860,34953,17086,17867,1159060500
2011,관악구,계,246979,546350,276675,269675,1162000000
2011,관악구,남현동,8087,18294,8859,9435,1162063000
2011,관악구,보라매동,11682,30321,15028,15293,1162052500
2011,관악구,청림동,6706,17532,8647,8885,1162054500
2011,관악구,행운동,15395,30402,15059,15343,1162057500
2011,관악구,낙성대동,9824,18260,9404,8856,1162058500
2011,관악구,중앙동,7452,15244,7563,7681,1162061500
2011,관악구,인헌동,13085,28730,14368,14362,1162062500
2011,관악구,서원동,12419,24558,12440,12118,1162064500
2011,관악구,신원동,9474,20331,10075,10256,1162065500
2011,관악구,서림동,13328,24969,13687,11282,1162066500
2011,관악구,신사동,12211,25942,13032,12910,1162068500
2011,관악구,신림동,12738,27969,13736,14233,1162069500
2011,관악구,난향동,6783,18055,9041,9014,1162071500
2011,관악구,조원동,9105,18931,9636,9295,1162072500
2011,관악구,대학동,13928,23354,13919,9435,1162073500
2011,관악구,은천동,14965,37326,18560,18766,1162060500
2011,관악구,성현동,12855,35118,17334,17784,1162056500
2011,관악구,청룡동,17768,34567,17335,17232,1162059500
2011,관악구,난곡동,12948,31554,16096,15458,1162077500
2011,관악구,삼성동,12325,30179,15275,14904,1162074500
2011,관악구,미성동,13901,34714,17581,17133,1162076500
2011,서초구,계,168988,439012,212636,226376,1165000000
2011,서초구,서초1동,8926,21866,10644,11222,1165051000
2011,서초구,서초2동,9000,23820,11774,12046,1165052000
2011,서초구,서초3동,12579,31556,15797,15759,1165053000
2011,서초구,서초4동,10733,31089,15161,15928,1165053100
2011,서초구,잠원동,14841,37475,17923,19552,1165054000
2011,서초구,반포본동,4514,13648,6460,7188,1165055000
2011,서초구,반포1동,14818,33923,16216,17707,1165056000
2011,서초구,반포2동,7428,22681,10783,11898,1165057000
2011,서초구,반포3동,8593,24543,11739,12804,1165058000
2011,서초구,반포4동,7471,21128,10119,11009,1165058100
2011,서초구,방배본동,8218,22474,10650,11824,1165059000
2011,서초구,방배1동,6878,17280,8303,8977,1165060000
2011,서초구,방배2동,11095,27957,13537,14420,1165061000
2011,서초구,방배3동,9839,26426,12892,13534,1165062000
2011,서초구,방배4동,10027,26269,12322,13947,1165062100
2011,서초구,양재1동,11078,27145,13154,13991,1165065100
2011,서초구,양재2동,10416,23647,11949,11698,1165065200
2011,서초구,내곡동,2534,6085,3213,2872,1165066000
2011,강남구,계,231983,573003,275906,297097,1168000000
2011,강남구,신사동,8858,20870,9812,11058,1168051000
2011,강남구,논현1동,15562,27622,12984,14638,1168052100
2011,강남구,논현2동,11066,23204,10907,12297,1168053100
2011,강남구,삼성1동,5935,16421,8316,8105,1168058000
2011,강남구,삼성2동,14330,32806,15760,17046,1168059000
2011,강남구,대치1동,6286,21460,10610,10850,1168060000
2011,강남구,대치2동,14264,43727,22122,21605,1168061000
2011,강남구,대치4동,10624,22454,10664,11790,1168063000
2011,강남구,역삼1동,20673,37023,17748,19275,1168064000
2011,강남구,역삼2동,14397,35002,16576,18426,1168065000
2011,강남구,도곡1동,8488,23372,11208,12164,1168065500
2011,강남구,도곡2동,11808,34679,16423,18256,1168065600
2011,강남구,개포1동,9042,23764,11438,12326,1168066000
2011,강남구,개포2동,12750,35330,17012,18318,1168067000
2011,강남구,개포4동,9916,24280,11983,12297,1168069000
2011,강남구,일원본동,7683,23334,11363,11971,1168072000
2011,강남구,일원1동,7687,19094,9327,9767,1168073000
2011,강남구,일원2동,7426,19631,9658,9973,1168074000
2011,강남구,수서동,7627,17304,7926,9378,1168075000
2011,강남구,세곡동,3655,10382,5097,5285,1168070000
2011,강남구,압구정동,11312,29694,13851,15843,1168054500
2011,강남구,청담동,12594,31550,15121,16429,1168056500
2011,송파구,계,261963,690466,338344,352122,1171000000
2011,송파구,풍납1동,8042,20540,10092,10448,1171051000
2011,송파구,풍납2동,11084,28896,14017,14879,1171052000
2011,송파구,거여1동,5951,16178,8227,7951,1171053100
2011,송파구,거여2동,11337,28891,14712,14179,1171053200
2011,송파구,마천1동,9651,24688,12372,12316,1171054000
2011,송파구,마천2동,8849,22984,11721,11263,1171055000
2011,송파구,방이1동,6187,17650,8684,8966,1171056100
2011,송파구,방이2동,11582,26004,12804,13200,1171056200
2011,송파구,오륜동,6194,20610,10030,10580,1171056600
2011,송파구,오금동,14237,39098,19396,19702,1171057000
2011,송파구,송파1동,11619,27824,13294,14530,1171058000
2011,송파구,송파2동,6980,20693,10106,10587,1171059000
2011,송파구,석촌동,15617,35890,17481,18409,1171060000
2011,송파구,삼전동,15958,35411,16983,18428,1171061000
2011,송파구,가락본동,11649,30103,15094,15009,1171062000
2011,송파구,가락1동,6350,15589,7663,7926,1171063100
2011,송파구,가락2동,12642,36380,18025,18355,1171063200
2011,송파구,문정1동,8348,22893,11298,11595,1171064100
2011,송파구,문정2동,5425,16119,7872,8247,1171064200
2011,송파구,장지동,13868,37620,18514,19106,1171064600
2011,송파구,잠실본동,14173,31427,15037,16390,1171065000
2011,송파구,잠실2동,12764,37177,17791,19386,1171067000
2011,송파구,잠실3동,12855,37627,18076,19551,1171068000
2011,송파구,잠실4동,11164,31743,15519,16224,1171069000
2011,송파구,잠실6동,5890,17572,8429,9143,1171071000
2011,송파구,잠실7동,3547,10859,5107,5752,1171072000
2011,강동구,계,190392,500516,250260,250256,1174000000
2011,강동구,강일동,10817,34047,16580,17467,1174051500
2011,강동구,상일동,9922,28103,14104,13999,1174052000
2011,강동구,명일1동,10211,28878,14198,14680,1174053000
2011,강동구,명일2동,6031,18948,9582,9366,1174054000
2011,강동구,고덕1동,8209,23313,11773,11540,1174055000
2011,강동구,고덕2동,7084,18373,9446,8927,1174056000
2011,강동구,암사1동,16011,39467,19706,19761,1174057000
2011,강동구,암사2동,6148,16382,8086,8296,1174058000
2011,강동구,암사3동,6224,19241,9447,9794,1174059000
2011,강동구,천호1동,13033,32575,16315,16260,1174060000
2011,강동구,천호2동,17095,38532,19401,19131,1174061000
2011,강동구,천호3동,12571,27270,13817,13453,1174062000
2011,강동구,성내1동,7492,20685,10275,10410,1174064000
2011,강동구,성내2동,12184,27129,13504,13625,1174065000
2011,강동구,성내3동,10296,25609,12838,12771,1174066000
2011,강동구,둔촌1동,6498,20442,10544,9898,1174069000
2011,강동구,둔촌2동,10774,29793,14824,14969,1174070000
2011,강동구,길동,19792,51729,25820,25909,1174068500
1995,계,계,3448124,10595943,5326022,5269921,1100000000
1995,종로구,계,72488,204733,102852,101881,1111000000
1995,중구,계,53096,145646,73608,72038,1114000000
1995,용산구,계,93163,260993,130403,130590,1117000000
1995,성동구,계,113262,342648,174128,168520,1120000000
1995,광진구,계,129613,391148,198273,192875,1121500000
1995,동대문구,계,141352,420069,212978,207091,1123000000
1995,중랑구,계,142869,454951,229048,225903,1126000000
1995,성북구,계,163304,497614,251559,246055,1129000000
1995,강북구,계,124571,395078,197924,197154,1130500000
1995,도봉구,계,117150,374271,188030,186241,1132000000
1995,노원구,계,185912,599462,297320,302142,1135000000
1995,은평구,계,161512,503272,249383,253889,1138000000
1995,서대문구,계,125996,371449,185556,185893,1141000000
1995,마포구,계,136891,400409,199823,200586,1144000000
1995,양천구,계,150868,487130,245734,241396,1147000000
1995,강서구,계,165058,523606,261503,262103,1150000000
1995,구로구,계,124797,383224,196935,186289,1153000000
1995,금천구,계,94341,284609,146001,138608,1154500000
1995,영등포구,계,140305,417914,211982,205932,1156000000
1995,동작구,계,145265,436684,220287,216397,1159000000
1995,관악구,계,183849,558462,283658,274804,1162000000
1995,서초구,계,131800,407887,202273,205614,1165000000
1995,강남구,계,179387,559032,277480,281552,1168000000
1995,송파구,계,212400,669042,333328,335714,1171000000
1995,강동구,계,158875,506610,255956,250654,1174000000
1993,계,계,3430528,10925464,5496638,5428826,1100000000
1993,종로구,계,74952,222423,111786,110637,1111000000
1993,중구,계,57566,167383,84721,82662,1114000000
1993,용산구,계,94248,276439,138562,137877,1117000000
1993,성동구,계,245399,767976,390698,377278,1120000000
1993,동대문구,계,148308,459000,232465,226535,1123000000
1993,중랑구,계,140153,460157,232055,228102,1126000000
1993,성북구,계,163286,514240,260126,254114,1129000000
1993,도봉구,계,238014,780472,392106,388366,1132000000
1993,노원구,계,180152,588188,292198,295990,1135000000
1993,은평구,계,157781,512196,253810,258386,1138000000
1993,서대문구,계,123155,381905,190864,191041,1141000000
1993,마포구,계,138755,422406,211254,211152,1144000000
1993,양천구,계,150976,499848,252251,247597,1147000000
1993,강서구,계,144770,474434,237793,236641,1150000000
1993,영등포구,계,143124,445221,225568,219653,1156000000
1993,동작구,계,141571,440361,222150,218211,1159000000
1993,관악구,계,186324,590442,299756,290686,1162000000
1993,서초구,계,127335,410719,203981,206738,1165000000
1993,강남구,계,170433,566379,281304,285075,1168000000
1993,송파구,계,210844,685260,341403,343857,1171000000
1993,강동구,계,163512,535785,270549,265236,1174000000
2010,계,계,4224181,10575447,5236742,5338705,1100000000
2010,종로구,계,77621,179362,89252,90110,1111000000
2010,종로구,사직동,4699,10668,5073,5595,1111053000
2010,종로구,삼청동,1659,3706,1810,1896,1111054000
2010,종로구,부암동,4630,11648,5751,5897,1111055000
2010,종로구,평창동,7342,19921,9573,10348,1111056000
2010,종로구,무악동,3293,8754,4202,4552,1111057000
2010,종로구,교남동,4459,9324,4590,4734,1111058000
2010,종로구,가회동,2535,5857,2812,3045,1111060000
2010,종로구,종로1.2.3.4가동,5289,9155,5225,3930,1111061500
2010,종로구,종로5.6가동,3147,6640,3519,3121,1111063000
2010,종로구,이화동,4552,9991,4819,5172,1111064000
2010,종로구,혜화동,5785,12996,6270,6726,1111065000
2010,종로구,명륜3가동,3556,7221,3750,3471,1111066000
2010,종로구,창신1동,3760,8664,4417,4247,1111067000
2010,종로구,창신2동,5239,12365,6253,6112,1111068000
2010,종로구,창신3동,3233,8790,4385,4405,1111069000
2010,종로구,숭인1동,3327,8216,4097,4119,1111070000
2010,종로구,숭인2동,4880,9554,4981,4573,1111071000
2010,종로구,청운효자동,6236,15892,7725,8167,1111051500
2010,중구,계,61468,141200,70908,70292,1114000000
2010,중구,소공동,677,1658,914,744,1114052000
2010,중구,회현동,3419,6394,3539,2855,1114054000
2010,중구,명동,1727,4140,1969,2171,1114055000
2010,중구,필동,2396,5241,2754,2487,1114057000
2010,중구,장충동,2972,6200,3108,3092,1114058000
2010,중구,광희동,3160,6813,3592,3221,1114059000
2010,중구,을지로동,1398,2123,1306,817,1114060500
2010,중구,신당1동,4243,10326,5189,5137,1114061000
2010,중구,신당2동,7414,17143,8426,8717,1114062000
2010,중구,신당3동,8056,19893,9620,10273,1114063000
2010,중구,신당4동,6648,16373,7884,8489,1114064000
2010,중구,신당5동,3841,8470,4298,4172,1114065000
2010,중구,신당6동,3732,9804,4826,4978,1114066000
2010,중구,황학동,5984,13541,6893,6648,1114067000
2010,중구,중림동,5801,13081,6590,6491,1114068000
2010,용산구,계,113204,257143,125832,131311,1117000000
2010,용산구,후암동,9266,20907,10428,10479,1117051000
2010,용산구,용산2가동,6277,14340,7054,7286,1117052000
2010,용산구,남영동,5163,8442,4925,3517,1117053000
2010,용산구,원효로1동,5149,11254,5644,5610,1117056000
2010,용산구,원효로2동,6314,16436,7848,8588,1117057000
2010,용산구,효창동,4541,11532,5602,5930,1117058000
2010,용산구,용문동,5260,13603,6689,6914,1117059000
2010,용산구,이촌1동,10227,28935,13654,15281,1117063000
2010,용산구,이촌2동,4460,10665,5122,5543,1117064000
2010,용산구,이태원1동,4623,10685,5097,5588,1117065000
2010,용산구,이태원2동,5494,11817,5628,6189,1117066000
2010,용산구,서빙고동,4973,11927,5748,6179,1117069000
2010,용산구,보광동,9056,19336,9404,9932,1117070000
2010,용산구,청파동,11953,24895,12071,12824,1117055500
2010,용산구,한강로동,8186,16929,8504,8425,1117062500
2010,용산구,한남동,12262,25440,12414,13026,1117068500
2010,성동구,계,129644,316892,158771,158121,1120000000
2010,성동구,왕십리2동,7711,19161,9539,9622,1120052000
2010,성동구,마장동,10358,26341,13241,13100,1120054000
2010,성동구,사근동,5798,11629,6117,5512,1120055000
2010,성동구,행당1동,7719,18578,9146,9432,1120056000
2010,성동구,행당2동,9292,26060,12529,13531,1120057000
2010,성동구,응봉동,6628,17670,8497,9173,1120058000
2010,성동구,금호1가동,6293,16218,7909,8309,1120059000
2010,성동구,금호4가동,6505,15550,7645,7905,1120062000
2010,성동구,성수1가1동,7487,19041,9807,9234,1120065000
2010,성동구,성수1가2동,8301,19323,9840,9483,1120066000
2010,성동구,성수2가1동,9353,22408,11615,10793,1120067000
2010,성동구,성수2가3동,5400,12467,6465,6002,1120069000
2010,성동구,송정동,5809,13072,6871,6201,1120072000
2010,성동구,용답동,7714,18050,9434,8616,1120079000
2010,성동구,왕십리도선동,5765,13504,6734,6770,1120053500
2010,성동구,금호2.3가동,9434,22954,11183,11771,1120061500
2010,성동구,옥수동,10077,24866,12199,12667,1120064500
2010,광진구,계,159675,388775,192053,196722,1121500000
2010,광진구,화양동,12806,24387,11954,12433,1121571000
2010,광진구,군자동,10271,22670,11458,11212,1121573000
2010,광진구,중곡1동,7795,17795,8772,9023,1121574000
2010,광진구,중곡2동,9592,23207,11437,11770,1121575000
2010,광진구,중곡3동,8394,19906,9947,9959,1121576000
2010,광진구,중곡4동,12688,32347,16078,16269,1121577000
2010,광진구,능동,5420,11173,5321,5852,1121578000
2010,광진구,구의1동,10932,24150,11641,12509,1121585000
2010,광진구,구의2동,10690,27158,13440,13718,1121586000
2010,광진구,구의3동,11677,30611,14843,15768,1121587000
2010,광진구,광장동,11734,35801,17463,18338,1121581000
2010,광진구,자양1동,11285,27484,13622,13862,1121582000
2010,광진구,자양2동,11761,29673,14883,14790,1121583000
2010,광진구,자양3동,11752,32717,16155,16562,1121584000
2010,광진구,자양4동,12878,29696,15039,14657,1121584700
2010,동대문구,계,158485,379343,190317,189026,1123000000
2010,동대문구,전농1동,13087,28861,14884,13977,1123056000
2010,동대문구,전농2동,7360,20246,9932,10314,1123057000
2010,동대문구,답십리1동,9023,21399,10766,10633,1123060000
2010,동대문구,답십리2동,12344,32853,16284,16569,1123061000
2010,동대문구,장안1동,14735,37804,19052,18752,1123065000
2010,동대문구,장안2동,13031,33188,16786,16402,1123066000
2010,동대문구,회기동,5567,12183,5820,6363,1123071000
2010,동대문구,휘경1동,8243,18372,9122,9250,1123072000
2010,동대문구,휘경2동,9861,24411,12049,12362,1123073000
2010,동대문구,이문1동,16097,35114,17465,17649,1123074000
2010,동대문구,이문2동,8928,24531,12083,12448,1123075000
2010,동대문구,청량리동,11091,26081,13108,12973,1123070500
2010,동대문구,용신동,16105,34512,17877,16635,1123053600
2010,동대문구,제기동,13013,29788,15089,14699,1123054500
2010,중랑구,계,176096,432302,216255,216047,1126000000
2010,중랑구,면목2동,12360,29536,14950,14586,1126052000
2010,중랑구,면목4동,10323,23804,11724,12080,1126054000
2010,중랑구,면목5동,6356,14764,7563,7201,1126055000
2010,중랑구,면목7동,10893,26701,13305,13396,1126057000
2010,중랑구,상봉1동,9430,26446,13081,13365,1126058000
2010,중랑구,상봉2동,9068,19006,9615,9391,1126059000
2010,중랑구,중화1동,8398,22486,11177,11309,1126060000
2010,중랑구,중화2동,14859,32147,16525,15622,1126061000
2010,중랑구,묵1동,13209,35076,17290,17786,1126062000
2010,중랑구,묵2동,8521,20534,10323,10211,1126063000
2010,중랑구,망우3동,8405,19935,10037,9898,1126066000
2010,중랑구,신내1동,11150,32769,16229,16540,1126068000
2010,중랑구,신내2동,9393,25749,12609,13140,1126069000
2010,중랑구,면목본동,16163,37897,18905,18992,1126056500
2010,중랑구,면목3.8동,12975,30535,15306,15229,1126057500
2010,중랑구,망우본동,14593,34917,17616,17301,1126065500
2010,성북구,계,201489,497692,245659,252033,1129000000
2010,성북구,돈암1동,6529,17240,8336,8904,1129058000
2010,성북구,돈암2동,8442,24527,11920,12607,1129059000
2010,성북구,안암동,8811,18591,9402,9189,1129060000
2010,성북구,보문동,7428,16487,8234,8253,1129061000
2010,성북구,정릉1동,7720,21401,10228,11173,1129062000
2010,성북구,정릉2동,9821,25131,12457,12674,1129063000
2010,성북구,정릉3동,8232,18909,9455,9454,1129064000
2010,성북구,정릉4동,11069,28451,14009,14442,1129065000
2010,성북구,길음1동,12934,36642,17868,18774,1129066000
2010,성북구,길음2동,9065,20628,10152,10476,1129068500
2010,성북구,월곡1동,11224,29368,14626,14742,1129071500
2010,성북구,월곡2동,8698,21799,10747,11052,1129072500
2010,성북구,장위1동,10844,27593,13774,13819,1129076000
2010,성북구,장위2동,9863,24159,12208,11951,1129077000
2010,성북구,장위3동,8380,20283,10398,9885,1129078000
2010,성북구,성북동,8656,19953,9586,10367,1129052500
2010,성북구,삼선동,12242,27999,13637,14362,1129055500
2010,성북구,동선동,8107,16299,7447,8852,1129057500
2010,성북구,종암동,17412,43371,21620,21751,1129070500
2010,성북구,석관동,16012,38861,19555,19306,1129081000
2010,강북구,계,142711,350007,173373,176634,1130500000
2010,강북구,번1동,9357,21233,10483,10750,1130559500
2010,강북구,번2동,8277,20722,10217,10505,1130560300
2010,강북구,번3동,7910,21776,10570,11206,1130560800
2010,강북구,수유1동,9987,24012,12051,11961,1130561500
2010,강북구,수유2동,9341,23915,11821,12094,1130562500
2010,강북구,수유3동,11036,24344,12095,12249,1130563000
2010,강북구,삼양동,13678,33296,16649,16647,1130553400
2010,강북구,미아동,10501,24967,12519,12448,1130553500
2010,강북구,송중동,14697,35907,17509,18398,1130554500
2010,강북구,송천동,14364,33145,16612,16533,1130555500
2010,강북구,삼각산동,10778,30654,15102,15552,1130557500
2010,강북구,우이동,8929,22023,11052,10971,1130564500
2010,강북구,인수동,13856,34013,16693,17320,1130566000
2010,도봉구,계,140603,370734,183283,187451,1132000000
2010,도봉구,쌍문1동,8742,22851,11200,11651,1132066000
2010,도봉구,쌍문2동,8467,21785,10725,11060,1132067000
2010,도봉구,쌍문3동,7505,18823,9201,9622,1132068000
2010,도봉구,쌍문4동,7640,22037,10668,11369,1132068100
2010,도봉구,방학1동,12461,32894,16465,16429,1132069000
2010,도봉구,방학2동,9960,24805,12532,12273,1132070000
2010,도봉구,방학3동,10993,32721,16102,16619,1132071000
2010,도봉구,창1동,11205,29430,14366,15064,1132051100
2010,도봉구,창2동,12222,31716,15685,16031,1132051200
2010,도봉구,창3동,6824,16627,8396,8231,1132051300
2010,도봉구,창4동,11443,31369,15221,16148,1132051400
2010,도봉구,창5동,10246,28458,14018,14440,1132051500
2010,도봉구,도봉1동,10773,25355,12850,12505,1132052100
2010,도봉구,도봉2동,12122,31863,15854,16009,1132052200
2010,노원구,계,228022,615425,301141,314284,1135000000
2010,노원구,월계1동,9763,24907,12641,12266,1135056000
2010,노원구,월계2동,12637,31767,15567,16200,1135057000
2010,노원구,월계3동,13878,36853,17993,18860,1135058000
2010,노원구,공릉2동,17000,46946,23330,23616,1135060000
2010,노원구,하계1동,11503,31414,15298,16116,1135061100
2010,노원구,하계2동,8886,26437,12909,13528,1135061200
2010,노원구,중계본동,10308,31124,15384,15740,1135061900
2010,노원구,중계1동,9800,31221,15308,15913,1135062100
2010,노원구,중계4동,8571,23452,11458,11994,1135062400
2010,노원구,상계1동,15896,44905,22200,22705,1135063000
2010,노원구,상계2동,8692,23283,11568,11715,1135064000
2010,노원구,상계5동,9616,24879,12200,12679,1135067000
2010,노원구,상계8동,9822,27713,13299,14414,1135070000
2010,노원구,상계9동,9139,25479,12408,13071,1135071000
2010,노원구,상계10동,8087,21134,10027,11107,1135072000
2010,노원구,중계2.3동,15827,43092,20365,22727,1135062500
2010,노원구,공릉1.3동,16763,41498,20403,21095,1135060500
2010,노원구,상계3.4동,17140,41279,20784,20495,1135066500
2010,노원구,상계6.7동,14694,38042,17999,20043,1135069500
2010,은평구,계,196390,492925,242564,250361,1138000000
2010,은평구,녹번동,15822,36539,17805,18734,1138051000
2010,은평구,불광1동,15807,39064,19171,19893,1138052000
2010,은평구,불광2동,13460,31351,15387,15964,1138053000
2010,은평구,갈현1동,11008,27042,13392,13650,1138055100
2010,은평구,갈현2동,10870,28248,13680,14568,1138055200
2010,은평구,구산동,12007,33947,17508,16439,1138056000
2010,은평구,대조동,13691,31881,15328,16553,1138057000
2010,은평구,응암1동,13685,33131,16212,16919,1138058000
2010,은평구,응암2동,8881,20155,10017,10138,1138059000
2010,은평구,응암3동,11936,28045,13875,14170,1138060000
2010,은평구,신사1동,10611,28027,13797,14230,1138063100
2010,은평구,신사2동,9256,23892,12090,11802,1138063200
2010,은평구,증산동,8637,22135,10997,11138,1138064000
2010,은평구,수색동,8395,20930,10466,10464,1138065000
2010,은평구,진관동,13691,41238,19951,21287,1138069000
2010,은평구,역촌동,18633,47300,22888,24412,1138062500
2010,서대문구,계,138473,333871,162823,171048,1141000000
2010,서대문구,천연동,8637,20842,10174,10668,1141052000
2010,서대문구,홍제1동,11702,28845,13897,14948,1141062000
2010,서대문구,홍제2동,6278,16427,7907,8520,1141065500
2010,서대문구,홍제3동,8593,20908,10211,10697,1141064000
2010,서대문구,홍은1동,10780,27470,13470,14000,1141066000
2010,서대문구,홍은2동,11970,30380,15013,15367,1141068500
2010,서대문구,남가좌1동,2127,4729,2367,2362,1141069000
2010,서대문구,남가좌2동,12948,31921,15682,16239,1141070000
2010,서대문구,북가좌1동,4146,10756,5419,5337,1141071000
2010,서대문구,북가좌2동,13806,35394,17465,17929,1141072000
2010,서대문구,충현동,10998,24370,12083,12287,1141056500
2010,서대문구,북아현동,7122,15997,7694,8303,1141055500
2010,서대문구,신촌동,10404,21459,9714,11745,1141058500
2010,서대문구,연희동,18962,44373,21727,22646,1141061500
2010,마포구,계,170531,400464,195145,205319,1144000000
2010,마포구,용강동,8738,21549,10429,11120,1144059000
2010,마포구,대흥동,8620,16181,7879,8302,1144060000
2010,마포구,염리동,8501,18908,9341,9567,1144061000
2010,마포구,신수동,9950,23859,11796,12063,1144063000
2010,마포구,서교동,15834,29760,13967,15793,1144066000
2010,마포구,합정동,9440,21507,10533,10974,1144068000
2010,마포구,망원1동,10770,25114,12325,12789,1144069000
2010,마포구,망원2동,8520,21907,10688,11219,1144070000
2010,마포구,연남동,9079,20777,10060,10717,1144071000
2010,마포구,성산1동,8736,21019,10291,10728,1144072000
2010,마포구,성산2동,15839,41880,20382,21498,1144073000
2010,마포구,상암동,10619,30964,15271,15693,1144074000
2010,마포구,도화동,9563,24017,11674,12343,1144058500
2010,마포구,서강동,12490,27870,13413,14457,1144065500
2010,마포구,공덕동,16040,36995,18271,18724,1144056500
2010,마포구,아현동,7792,18157,8825,9332,1144055500
2010,양천구,계,183718,505223,251368,253855,1147000000
2010,양천구,목1동,10948,33967,16579,17388,1147051000
2010,양천구,목2동,12268,32254,15995,16259,1147052000
2010,양천구,목3동,9314,23576,11647,11929,1147053000
2010,양천구,목4동,10327,29308,14670,14638,1147054000
2010,양천구,목5동,14575,46647,23173,23474,1147055000
2010,양천구,신월1동,10394,25458,13053,12405,1147056000
2010,양천구,신월2동,7932,21121,10594,10527,1147057000
2010,양천구,신월3동,8233,19028,9762,9266,1147058000
2010,양천구,신월4동,6848,19324,9666,9658,1147059000
2010,양천구,신월5동,6291,16447,8130,8317,1147060000
2010,양천구,신월6동,5672,14549,7350,7199,1147061000
2010,양천구,신월7동,9828,26488,13270,13218,1147061100
2010,양천구,신정1동,8620,25612,12618,12994,1147062000
2010,양천구,신정2동,7549,23165,11521,11644,1147063000
2010,양천구,신정3동,18582,49366,24500,24866,1147064000
2010,양천구,신정4동,15734,37271,18424,18847,1147065000
2010,양천구,신정6동,8664,27555,13492,14063,1147067000
2010,양천구,신정7동,11939,34087,16924,17163,1147068000
2010,강서구,계,225313,580506,286324,294182,1150000000
2010,강서구,염창동,14472,42912,21259,21653,1150051000
2010,강서구,등촌1동,8770,21771,10783,10988,1150052000
2010,강서구,등촌2동,8252,22781,11450,11331,1150053000
2010,강서구,등촌3동,14835,38157,18268,19889,1150053500
2010,강서구,화곡본동,14931,36755,18107,18648,1150059000
2010,강서구,화곡1동,21710,53298,26431,26867,1150054000
2010,강서구,화곡2동,8231,21063,10387,10676,1150055000
2010,강서구,화곡3동,8977,24305,11858,12447,1150056000
2010,강서구,화곡4동,9553,23284,11620,11664,1150057000
2010,강서구,화곡6동,9886,25284,12547,12737,1150059100
2010,강서구,화곡8동,11170,27888,13709,14179,1150059300
2010,강서구,가양1동,7588,21369,10759,10610,1150060300
2010,강서구,가양2동,8046,18492,8917,9575,1150060400
2010,강서구,가양3동,7907,19459,9402,10057,1150060500
2010,강서구,발산1동,11745,33861,16388,17473,1150061100
2010,강서구,공항동,10001,22657,11812,10845,1150062000
2010,강서구,방화1동,12027,31986,16090,15896,1150063000
2010,강서구,방화2동,11187,26583,13171,13412,1150064000
2010,강서구,방화3동,11577,28080,13636,14444,1150064100
2010,강서구,우장산동,14448,40521,19730,20791,1150061500
2010,구로구,계,170317,452667,229189,223478,1153000000
2010,구로구,신도림동,12947,37302,18524,18778,1153051000
2010,구로구,구로1동,7992,29950,15147,14803,1153052000
2010,구로구,구로2동,15613,38654,19804,18850,1153053000
2010,구로구,구로3동,13431,28333,14388,13945,1153054000
2010,구로구,구로4동,12038,30043,15143,14900,1153055000
2010,구로구,구로5동,12688,34048,17238,16810,1153056000
2010,구로구,고척1동,9923,26739,13481,13258,1153072000
2010,구로구,고척2동,12100,31706,16123,15583,1153073000
2010,구로구,개봉1동,14558,37600,18992,18608,1153074000
2010,구로구,개봉2동,12952,35670,17653,18017,1153075000
2010,구로구,개봉3동,8438,22474,11224,11250,1153076000
2010,구로구,오류1동,8337,21643,10846,10797,1153077000
2010,구로구,오류2동,11233,29613,15008,14605,1153078000
2010,구로구,수궁동,9726,25688,12947,12741,1153079000
2010,구로구,가리봉동,8341,23204,12671,10533,1153059500
2010,금천구,계,103412,264544,135717,128827,1154500000
2010,금천구,가산동,10588,25184,14054,11130,1154551000
2010,금천구,독산1동,13713,37956,19742,18214,1154561000
2010,금천구,독산2동,10119,24825,12595,12230,1154562000
2010,금천구,독산3동,12992,32079,16314,15765,1154563000
2010,금천구,독산4동,8560,20676,10568,10108,1154564000
2010,금천구,시흥1동,13659,34578,17569,17009,1154567000
2010,금천구,시흥2동,8934,25737,12849,12888,1154568000
2010,금천구,시흥3동,4884,12924,6549,6375,1154569000
2010,금천구,시흥4동,9894,25291,12749,12542,1154570000
2010,금천구,시흥5동,10069,25294,12728,12566,1154571000
2010,영등포구,계,171791,445648,225127,220521,1156000000
2010,영등포구,여의도동,12826,34978,16851,18127,1156054000
2010,영등포구,당산1동,9590,22115,11102,11013,1156055000
2010,영등포구,당산2동,13473,34188,16826,17362,1156056000
2010,영등포구,양평1동,7045,17331,8752,8579,1156061000
2010,영등포구,양평2동,8187,22094,11248,10846,1156062000
2010,영등포구,신길1동,10169,26767,13564,13203,1156063000
2010,영등포구,신길3동,8183,20595,10308,10287,1156065000
2010,영등포구,신길4동,5811,14551,7365,7186,1156066000
2010,영등포구,신길5동,7682,21610,10961,10649,1156067000
2010,영등포구,신길6동,10326,26396,13229,13167,1156068000
2010,영등포구,신길7동,7421,19876,9943,9933,1156069000
2010,영등포구,대림1동,7491,21475,10957,10518,1156070000
2010,영등포구,대림2동,8801,26339,13253,13086,1156071000
2010,영등포구,대림3동,12083,32771,16651,16120,1156072000
2010,영등포구,영등포본동,11312,29051,14810,14241,1156051500
2010,영등포구,영등포동,10252,20076,11301,8775,1156053500
2010,영등포구,도림동,9054,22778,11640,11138,1156058500
2010,영등포구,문래동,12085,32657,16366,16291,1156060500
2010,동작구,계,167887,413814,203608,210206,1159000000
2010,동작구,노량진1동,14270,34898,17524,17374,1159051000
2010,동작구,노량진2동,8211,17729,8803,8926,1159052000
2010,동작구,상도1동,17097,40625,19999,20626,1159053000
2010,동작구,상도2동,11293,26915,13151,13764,1159054000
2010,동작구,상도3동,10024,25095,12353,12742,1159055000
2010,동작구,상도4동,12065,30399,15153,15246,1159056000
2010,동작구,사당1동,10843,24377,11716,12661,1159062000
2010,동작구,사당2동,12490,31019,15179,15840,1159063000
2010,동작구,사당3동,10217,25517,12560,12957,1159064000
2010,동작구,사당4동,6438,15516,7612,7904,1159065000
2010,동작구,사당5동,6493,15924,7938,7986,1159065100
2010,동작구,대방동,15397,40939,20018,20921,1159066000
2010,동작구,신대방1동,10289,29976,14768,15208,1159067000
2010,동작구,신대방2동,8125,21133,10332,10801,1159068000
2010,동작구,흑석동,14635,33752,16502,17250,1159060500
2010,관악구,계,247588,549736,278445,271291,1162000000
2010,관악구,남현동,7950,18026,8710,9316,1162063000
2010,관악구,보라매동,11688,30162,14984,15178,1162052500
2010,관악구,청림동,6764,17383,8588,8795,1162054500
2010,관악구,행운동,15263,30382,15109,15273,1162057500
2010,관악구,낙성대동,9782,18281,9446,8835,1162058500
2010,관악구,중앙동,7501,15248,7545,7703,1162061500
2010,관악구,인헌동,13111,29010,14430,14580,1162062500
2010,관악구,서원동,12418,27588,13826,13762,1162064500
2010,관악구,신원동,9597,20978,10377,10601,1162065500
2010,관악구,서림동,13238,24903,13650,11253,1162066500
2010,관악구,신사동,12394,27530,13804,13726,1162068500
2010,관악구,신림동,12126,21265,10545,10720,1162069500
2010,관악구,난향동,6913,18323,9180,9143,1162071500
2010,관악구,조원동,9016,19891,10042,9849,1162072500
2010,관악구,대학동,13926,23455,14000,9455,1162073500
2010,관악구,은천동,15190,38464,19131,19333,1162060500
2010,관악구,성현동,12940,35444,17497,17947,1162056500
2010,관악구,청룡동,18007,34976,17569,17407,1162059500
2010,관악구,난곡동,13156,32167,16459,15708,1162077500
2010,관악구,삼성동,12680,30926,15661,15265,1162074500
2010,관악구,미성동,13928,35334,17892,17442,1162076500
2010,서초구,계,170882,440021,213200,226821,1165000000
2010,서초구,서초1동,8989,21671,10538,11133,1165051000
2010,서초구,서초2동,9194,23996,11891,12105,1165052000
2010,서초구,서초3동,12688,31709,15852,15857,1165053000
2010,서초구,서초4동,10976,31664,15449,16215,1165053100
2010,서초구,잠원동,15231,37639,17976,19663,1165054000
2010,서초구,반포본동,4608,13650,6465,7185,1165055000
2010,서초구,반포1동,14395,32225,15327,16898,1165056000
2010,서초구,반포2동,7297,22063,10485,11578,1165057000
2010,서초구,반포3동,8695,24705,11873,12832,1165058000
2010,서초구,반포4동,7610,21431,10271,11160,1165058100
2010,서초구,방배본동,8107,22248,10536,11712,1165059000
2010,서초구,방배1동,7013,17483,8426,9057,1165060000
2010,서초구,방배2동,11371,28542,13834,14708,1165061000
2010,서초구,방배3동,9949,26770,13099,13671,1165062000
2010,서초구,방배4동,10415,26859,12610,14249,1165062100
2010,서초구,양재1동,11060,26834,12960,13874,1165065100
2010,서초구,양재2동,10586,24082,12186,11896,1165065200
2010,서초구,내곡동,2698,6450,3422,3028,1165066000
2010,강남구,계,234345,577070,277932,299138,1168000000
2010,강남구,신사동,9045,21323,10011,11312,1168051000
2010,강남구,논현1동,15889,28338,13319,15019,1168052100
2010,강남구,논현2동,11523,24078,11340,12738,1168053100
2010,강남구,삼성1동,6076,16623,8450,8173,1168058000
2010,강남구,삼성2동,14470,32736,15736,17000,1168059000
2010,강남구,대치1동,7874,26825,13186,13639,1168060000
2010,강남구,대치2동,14849,45167,22992,22175,1168061000
2010,강남구,대치4동,10506,22323,10523,11800,1168063000
2010,강남구,역삼1동,21067,37109,17709,19400,1168064000
2010,강남구,역삼2동,14579,34948,16516,18432,1168065000
2010,강남구,도곡1동,8160,22273,10700,11573,1168065500
2010,강남구,도곡2동,11890,34668,16446,18222,1168065600
2010,강남구,개포1동,8161,22338,10692,11646,1168066000
2010,강남구,개포2동,12993,35992,17312,18680,1168067000
2010,강남구,개포4동,10153,24727,12123,12604,1168069000
2010,강남구,일원본동,7829,23531,11420,12111,1168072000
2010,강남구,일원1동,7839,19421,9523,9898,1168073000
2010,강남구,일원2동,7441,19834,9750,10084,1168074000
2010,강남구,수서동,7725,17651,8078,9573,1168075000
2010,강남구,세곡동,2046,5193,2678,2515,1168070000
2010,강남구,압구정동,11426,29811,13915,15896,1168054500
2010,강남구,청담동,12804,32161,15513,16648,1168056500
2010,송파구,계,264364,693144,339868,353276,1171000000
2010,송파구,풍납1동,8283,20927,10310,10617,1171051000
2010,송파구,풍납2동,11340,29363,14295,15068,1171052000
2010,송파구,거여1동,6027,16423,8310,8113,1171053100
2010,송파구,거여2동,11624,29739,15117,14622,1171053200
2010,송파구,마천1동,8221,19813,10021,9792,1171054000
2010,송파구,마천2동,9118,23676,12090,11586,1171055000
2010,송파구,방이1동,6202,17776,8728,9048,1171056100
2010,송파구,방이2동,11572,26267,12921,13346,1171056200
2010,송파구,오륜동,6257,20706,10076,10630,1171056600
2010,송파구,오금동,14450,39725,19771,19954,1171057000
2010,송파구,송파1동,11790,28276,13513,14763,1171058000
2010,송파구,송파2동,7039,20771,10185,10586,1171059000
2010,송파구,석촌동,16001,36435,17744,18691,1171060000
2010,송파구,삼전동,16147,35799,17189,18610,1171061000
2010,송파구,가락본동,11744,30377,15224,15153,1171062000
2010,송파구,가락1동,6426,15785,7779,8006,1171063100
2010,송파구,가락2동,12823,36772,18202,18570,1171063200
2010,송파구,문정1동,8537,23160,11410,11750,1171064100
2010,송파구,문정2동,5484,16323,7975,8348,1171064200
2010,송파구,장지동,13924,37579,18511,19068,1171064600
2010,송파구,잠실본동,14521,32189,15305,16884,1171065000
2010,송파구,잠실2동,12942,36960,17740,19220,1171067000
2010,송파구,잠실3동,13116,37973,18260,19713,1171068000
2010,송파구,잠실4동,11208,31620,15458,16162,1171069000
2010,송파구,잠실6동,6003,17758,8536,9222,1171071000
2010,송파구,잠실7동,3565,10952,5198,5754,1171072000
2010,강동구,계,190152,496939,248588,248351,1174000000
2010,강동구,강일동,7332,21636,10600,11036,1174051500
2010,강동구,상일동,10058,28904,14488,14416,1174052000
2010,강동구,명일1동,10335,29124,14320,14804,1174053000
2010,강동구,명일2동,6071,19139,9674,9465,1174054000
2010,강동구,고덕1동,8390,23991,12006,11985,1174055000
2010,강동구,고덕2동,7126,18840,9667,9173,1174056000
2010,강동구,암사1동,16320,40183,20150,20033,1174057000
2010,강동구,암사2동,6170,16519,8145,8374,1174058000
2010,강동구,암사3동,6409,19392,9547,9845,1174059000
2010,강동구,천호1동,13248,33358,16778,16580,1174060000
2010,강동구,천호2동,17455,39458,19860,19598,1174061000
2010,강동구,천호3동,12780,27768,14016,13752,1174062000
2010,강동구,성내1동,7904,21901,10889,11012,1174064000
2010,강동구,성내2동,12335,27514,13687,13827,1174065000
2010,강동구,성내3동,10354,25666,12860,12806,1174066000
2010,강동구,둔촌1동,6605,20759,10717,10042,1174069000
2010,강동구,둔촌2동,11020,30132,14932,15200,1174070000
2010,강동구,길동,20240,52655,26252,26403,1174068500
1998,계,계,3458511,10321496,5173556,5147940,1100000000
1998,종로구,계,69668,190619,95645,94974,1111000000
1998,종로구,청운동,2247,6498,3284,3214,1111051000
1998,종로구,효자동,4278,12196,6036,6160,1111052000
1998,종로구,사직동,3791,9695,4763,4932,1111053000
1998,종로구,삼청동,2160,5781,2872,2909,1111054000
1998,종로구,부암동,4603,13242,6614,6628,1111055000
1998,종로구,평창동,6300,19408,9405,10003,1111056000
1998,종로구,무악동,1779,5081,2523,2558,1111057000
1998,종로구,교남동,3612,9393,4618,4775,1111058000
1998,종로구,가회동,2720,7470,3704,3766,1111060000
1998,종로구,종로1.2.3.4가동,3946,8576,4426,4150,1111061500
1998,종로구,종로5.6가동,3116,8864,4549,4315,1111063000
1998,종로구,이화동,4559,12595,6219,6376,1111064000
1998,종로구,혜화동,4678,12201,6092,6109,1111065000
1998,종로구,명륜3가동,3406,8180,4308,3872,1111066000
1998,종로구,창신1동,3078,7736,4019,3717,1111067000
1998,종로구,창신2동,5142,14699,7495,7204,1111068000
1998,종로구,창신3동,3469,10845,5470,5375,1111069000
1998,종로구,숭인1동,3111,8890,4568,4322,1111070000
1998,종로구,숭인2동,3673,9269,4680,4589,1111071000
1998,중구,계,46072,125050,63028,62022,1114000000
1998,중구,소공동,675,1976,1052,924,1114052000
1998,중구,회현동,3239,7995,4133,3862,1114054000
1998,중구,명동,1223,3403,1547,1856,1114055000
1998,중구,필동,2027,5109,2641,2468,1114057000
1998,중구,장충동,2486,6545,3266,3279,1114058000
1998,중구,광희동,2925,7107,3626,3481,1114059000
1998,중구,을지로동,1036,2282,1213,1069,1114060500
1998,중구,신당1동,4073,10976,5583,5393,1114061000
1998,중구,신당2동,5872,16733,8317,8416,1114062000
1998,중구,신당3동,2547,7088,3518,3570,1114063000
1998,중구,신당4동,2162,6296,3158,3138,1114064000
1998,중구,신당5동,4776,13103,6617,6486,1114065000
1998,중구,신당6동,4587,13261,6618,6643,1114066000
1998,중구,황학동,4091,11380,5818,5562,1114067000
1998,중구,중림동,4353,11796,5921,5875,1114068000
1998,용산구,계,88418,246613,122746,123867,1117000000
1998,용산구,후암동,7292,20257,10131,10126,1117051000
1998,용산구,용산2가동,5399,16018,7915,8103,1117052000
1998,용산구,남영동,3216,7342,3870,3472,1117053000
1998,용산구,청파1동,6766,19373,9848,9525,1117054000
1998,용산구,청파2동,3618,8590,4151,4439,1117055000
1998,용산구,원효로1동,2900,7836,3940,3896,1117056000
1998,용산구,원효로2동,3886,11116,5526,5590,1117057000
1998,용산구,효창동,3988,11840,5967,5873,1117058000
1998,용산구,용문동,2933,8378,4216,4162,1117059000
1998,용산구,한강로1동,1976,5198,2609,2589,1117060000
1998,용산구,한강로2동,2674,6704,3408,3296,1117061000
1998,용산구,한강로3동,2494,6640,3411,3229,1117062000
1998,용산구,이촌1동,7192,21973,10762,11211,1117063000
1998,용산구,이촌2동,3353,9712,4826,4886,1117064000
1998,용산구,이태원1동,3708,10154,4941,5213,1117065000
1998,용산구,이태원2동,5171,14843,7248,7595,1117066000
1998,용산구,한남1동,5280,14373,7208,7165,1117067000
1998,용산구,한남2동,4018,10358,5083,5275,1117068000
1998,용산구,서빙고동,4466,13961,6945,7016,1117069000
1998,용산구,보광동,8088,21947,10741,11206,1117070000
1998,성동구,계,110157,323230,163630,159600,1120000000
1998,성동구,왕십리1동,5262,15669,7925,7744,1120051000
1998,성동구,왕십리2동,5970,17877,9031,8846,1120052000
1998,성동구,도선동,3870,11065,5547,5518,1120053000
1998,성동구,마장동,8831,26520,13390,13130,1120054000
1998,성동구,사근동,4865,13643,7036,6607,1120055000
1998,성동구,행당1동,5794,16966,8462,8504,1120056000
1998,성동구,행당2동,2968,9163,4590,4573,1120057000
1998,성동구,응봉동,4532,14257,7036,7221,1120058000
1998,성동구,금호1가동,3665,11330,5706,5624,1120059000
1998,성동구,금호2가동,4844,14404,7215,7189,1120060000
1998,성동구,금호3가동,6368,19017,9527,9490,1120061000
1998,성동구,금호4가동,4253,12941,6506,6435,1120062000
1998,성동구,옥수1동,5041,14732,7436,7296,1120063000
1998,성동구,옥수2동,5142,15069,7252,7817,1120064000
1998,성동구,성수1가1동,6599,19540,10052,9488,1120065000
1998,성동구,성수1가2동,7124,20351,10390,9961,1120066000
1998,성동구,성수2가1동,8052,23282,12072,11210,1120067000
1998,성동구,성수2가3동,3993,10998,5797,5201,1120069000
1998,성동구,송정동,5405,14725,7581,7144,1120072000
1998,성동구,용답동,7579,21681,11079,10602,1120079000
1998,광진구,계,136557,397325,200123,197202,1121500000
1998,광진구,노유1동,6451,18952,9648,9304,1121584500
1998,광진구,노유2동,7651,23909,12042,11867,1121584600
1998,광진구,화양동,7663,23102,11686,11416,1121571000
1998,광진구,군자동,10598,33074,16578,16496,1121573000
1998,광진구,중곡1동,4180,11824,5914,5910,1121574000
1998,광진구,중곡2동,9300,25013,12379,12634,1121575000
1998,광진구,중곡3동,8746,26169,13143,13026,1121576000
1998,광진구,중곡4동,9752,28859,14416,14443,1121577000
1998,광진구,능동,9835,30878,15331,15547,1121578000
1998,광진구,구의1동,9848,28109,14288,13821,1121585000
1998,광진구,구의2동,10036,30737,15417,15320,1121586000
1998,광진구,구의3동,10236,30894,15632,15262,1121587000
1998,광진구,광장동,5588,14859,7608,7251,1121581000
1998,광진구,자양1동,6412,18407,9502,8905,1121582000
1998,광진구,자양2동,11048,26694,13386,13308,1121583000
1998,광진구,자양3동,9213,25845,13153,12692,1121584000
1998,동대문구,계,132854,378953,192035,186918,1123000000
1998,동대문구,신설동,3456,9700,4934,4766,1123051000
1998,동대문구,용두1동,5877,15395,7848,7547,1123052000
1998,동대문구,용두2동,4272,11496,5918,5578,1123053000
1998,동대문구,제기1동,4590,12564,6388,6176,1123054000
1998,동대문구,제기2동,5367,13982,7197,6785,1123055000
1998,동대문구,전농1동,5888,17141,8823,8318,1123056000
1998,동대문구,전농2동,2940,7998,4082,3916,1123057000
1998,동대문구,전농3동,4499,14069,7009,7060,1123058000
1998,동대문구,전농4동,5649,16517,8306,8211,1123059000
1998,동대문구,답십리1동,3958,12167,6178,5989,1123060000
1998,동대문구,답십리2동,2847,8669,4410,4259,1123061000
1998,동대문구,답십리3동,2837,8570,4324,4246,1123062000
1998,동대문구,답십리4동,4701,14143,7246,6897,1123063000
1998,동대문구,답십리5동,4005,11838,6042,5796,1123064000
1998,동대문구,장안1동,6914,20522,10336,10186,1123065000
1998,동대문구,장안2동,5756,17117,8741,8376,1123066000
1998,동대문구,장안3동,6328,18557,9468,9089,1123067000
1998,동대문구,장안4동,5860,18198,9189,9009,1123068000
1998,동대문구,청량리1동,5521,16988,8565,8423,1123069000
1998,동대문구,청량리2동,3734,10244,5196,5048,1123070000
1998,동대문구,회기동,5017,13009,6467,6542,1123071000
1998,동대문구,휘경1동,6639,17220,8703,8517,1123072000
1998,동대문구,휘경2동,6698,19586,9726,9860,1123073000
1998,동대문구,이문1동,6149,16493,8272,8221,1123074000
1998,동대문구,이문2동,8016,21274,10761,10513,1123075000
1998,동대문구,이문3동,5336,15496,7906,7590,1123076000
1998,중랑구,계,152846,467538,234830,232708,1126000000
1998,중랑구,면목1동,8562,25551,12871,12680,1126051000
1998,중랑구,면목2동,11058,32951,16695,16256,1126052000
1998,중랑구,면목3동,7200,21476,10794,10682,1126053000
1998,중랑구,면목4동,8713,26042,12980,13062,1126054000
1998,중랑구,면목5동,5697,17465,8809,8656,1126055000
1998,중랑구,면목6동,6010,18308,9257,9051,1126056000
1998,중랑구,면목7동,9483,29078,14674,14404,1126057000
1998,중랑구,면목8동,4962,15421,7778,7643,1126057100
1998,중랑구,상봉1동,7359,22841,11363,11478,1126058000
1998,중랑구,상봉2동,6914,19646,9904,9742,1126059000
1998,중랑구,중화1동,7471,23752,11955,11797,1126060000
1998,중랑구,중화2동,8328,23429,11893,11536,1126061000
1998,중랑구,중화3동,5706,17007,8643,8364,1126061100
1998,중랑구,묵1동,10118,32119,16020,16099,1126062000
1998,중랑구,묵2동,6924,21233,10604,10629,1126063000
1998,중랑구,망우1동,9158,27854,13923,13931,1126064000
1998,중랑구,망우2동,3811,11242,5622,5620,1126065000
1998,중랑구,망우3동,7655,23599,11764,11835,1126066000
1998,중랑구,신내1동,8572,28203,14173,14030,1126068000
1998,중랑구,신내2동,9145,30321,15108,15213,1126069000
1998,성북구,계,162931,481101,242069,239032,1129000000
1998,성북구,성북1동,2626,7810,3872,3938,1129051000
1998,성북구,성북2동,3248,9837,4952,4885,1129052000
1998,성북구,동소문동,4243,12504,6124,6380,1129053000
1998,성북구,삼선1동,4816,13442,6712,6730,1129054000
1998,성북구,삼선2동,5647,16147,8011,8136,1129055000
1998,성북구,동선1동,2983,7844,3713,4131,1129056000
1998,성북구,동선2동,2968,8242,4063,4179,1129057000
1998,성북구,돈암1동,3317,9873,4935,4938,1129058000
1998,성북구,돈암2동,4304,13265,6592,6673,1129059000
1998,성북구,안암동,7433,19293,9880,9413,1129060000
1998,성북구,보문동,6975,19503,9710,9793,1129061000
1998,성북구,정릉1동,5894,18164,8911,9253,1129062000
1998,성북구,정릉2동,6701,19934,10126,9808,1129063000
1998,성북구,정릉3동,7303,21153,10594,10559,1129064000
1998,성북구,정릉4동,6314,18622,9361,9261,1129065000
1998,성북구,길음1동,4649,13200,6607,6593,1129066000
1998,성북구,길음2동,6449,19666,10007,9659,1129068500
1998,성북구,길음3동,5384,15350,7723,7627,1129068000
1998,성북구,종암1동,7234,21414,10826,10588,1129069000
1998,성북구,종암2동,6618,19504,9926,9578,1129070000
1998,성북구,월곡1동,5956,17785,8924,8861,1129071500
1998,성북구,월곡2동,3787,11256,5740,5516,1129072500
1998,성북구,월곡3동,2634,7514,3907,3607,1129073500
1998,성북구,월곡4동,2428,7429,3879,3550,1129074500
1998,성북구,상월곡동,2517,7958,4008,3950,1129075000
1998,성북구,장위1동,9142,28676,14320,14356,1129076000
1998,성북구,장위2동,8297,25959,13075,12884,1129077000
1998,성북구,장위3동,7428,22446,11522,10924,1129078000
1998,성북구,석관1동,10510,32283,16435,15848,1129079000
1998,성북구,석관2동,5126,15028,7614,7414,1129080000
1998,강북구,계,117701,361424,180463,180961,1130500000
1998,강북구,미아1동,3739,11747,6024,5723,1130553100
1998,강북구,미아2동,6359,19347,9844,9503,1130553200
1998,강북구,미아3동,9271,27688,14000,13688,1130553300
1998,강북구,미아4동,6927,20384,10007,10377,1130554000
1998,강북구,미아5동,6796,20472,10348,10124,1130555000
1998,강북구,미아6.7동,4361,13366,6739,6627,1130556500
1998,강북구,미아8동,6356,19626,9776,9850,1130558000
1998,강북구,미아9동,6442,20408,10090,10318,1130558100
1998,강북구,번1동,8123,23186,11554,11632,1130559500
1998,강북구,번2동,7814,25102,12579,12523,1130560300
1998,강북구,번3동,6582,22944,10863,12081,1130560800
1998,강북구,수유1동,8716,26470,13393,13077,1130561500
1998,강북구,수유2동,7741,24427,12228,12199,1130562500
1998,강북구,수유3동,9332,27292,13576,13716,1130563000
1998,강북구,수유4동,7162,21860,10899,10961,1130564000
1998,강북구,수유5동,6382,19545,9797,9748,1130565000
1998,강북구,수유6동,5598,17560,8746,8814,1130565100
1998,도봉구,계,119744,381602,191276,190326,1132000000
1998,도봉구,쌍문1동,8308,26326,13268,13058,1132066000
1998,도봉구,쌍문2동,7347,22891,11448,11443,1132067000
1998,도봉구,쌍문3동,6445,19801,9827,9974,1132068000
1998,도봉구,쌍문4동,7549,24686,12164,12522,1132068100
1998,도봉구,방학1동,8779,26565,13550,13015,1132069000
1998,도봉구,방학2동,9319,29489,14857,14632,1132070000
1998,도봉구,방학3동,6760,21905,10782,11123,1132071000
1998,도봉구,방학4동,4159,14668,7375,7293,1132072000
1998,도봉구,창1동,10041,32161,16009,16152,1132051100
1998,도봉구,창2동,8944,27891,13980,13911,1132051200
1998,도봉구,창3동,6371,20026,10149,9877,1132051300
1998,도봉구,창4동,9976,31348,15500,15848,1132051400
1998,도봉구,창5동,6082,21039,10523,10516,1132051500
1998,도봉구,도봉1동,9637,30255,15378,14877,1132052100
1998,도봉구,도봉2동,10027,32551,16466,16085,1132052200
1998,노원구,계,186639,595891,295026,300865,1135000000
1998,노원구,월계1동,4629,14013,7046,6967,1135056000
1998,노원구,월계2동,9466,28715,14032,14683,1135057000
1998,노원구,월계3동,6459,20765,10353,10412,1135058000
1998,노원구,월계4동,8183,24951,12305,12646,1135058100
1998,노원구,공릉1동,6469,19735,10054,9681,1135059500
1998,노원구,공릉2동,8229,26461,13313,13148,1135060000
1998,노원구,공릉3동,5868,18485,9086,9399,1135060100
1998,노원구,하계1동,11071,33669,16063,17606,1135061100
1998,노원구,하계2동,8787,29429,14451,14978,1135061200
1998,노원구,중계본동,8447,28173,14094,14079,1135061900
1998,노원구,중계1동,7542,25799,12890,12909,1135062100
1998,노원구,중계2동,6184,19823,9639,10184,1135062200
1998,노원구,중계3동,8959,29823,14374,15449,1135062300
1998,노원구,중계4동,7836,25576,12658,12918,1135062400
1998,노원구,상계1동,9808,32990,16576,16414,1135063000
1998,노원구,상계2동,6640,20610,10392,10218,1135064000
1998,노원구,상계3동,5704,16948,8567,8381,1135065000
1998,노원구,상계4동,6301,19227,9814,9413,1135066000
1998,노원구,상계5동,9062,29116,14560,14556,1135067000
1998,노원구,상계6동,7877,24665,12040,12625,1135068000
1998,노원구,상계7동,6542,19450,9432,10018,1135069000
1998,노원구,상계8동,9352,32605,16164,16441,1135070000
1998,노원구,상계9동,9205,30057,14993,15064,1135071000
1998,노원구,상계10동,8019,24806,12130,12676,1135072000
1998,은평구,계,159865,480974,238713,242261,1138000000
1998,은평구,녹번동,12880,36642,18072,18570,1138051000
1998,은평구,불광1동,11362,33616,16719,16897,1138052000
1998,은평구,불광2동,7444,22014,10897,11117,1138053000
1998,은평구,불광3동,8244,24529,12144,12385,1138054000
1998,은평구,갈현1동,8984,27640,13684,13956,1138055100
1998,은평구,갈현2동,8134,25372,12322,13050,1138055200
1998,은평구,구산동,9089,28282,13921,14361,1138056000
1998,은평구,대조동,11251,32573,15867,16706,1138057000
1998,은평구,응암1동,10188,29971,14813,15158,1138058000
1998,은평구,응암2동,7049,21178,10573,10605,1138059000
1998,은평구,응암3동,7492,22453,11298,11155,1138060000
1998,은평구,응암4동,7150,21562,10834,10728,1138068000
1998,은평구,역촌1동,7352,22134,10843,11291,1138061000
1998,은평구,역촌2동,6433,19924,9806,10118,1138062000
1998,은평구,신사1동,7958,24974,12353,12621,1138063100
1998,은평구,신사2동,7919,25243,12768,12475,1138063200
1998,은평구,증산동,6402,19930,10079,9851,1138064000
1998,은평구,수색동,6234,18812,9546,9266,1138065000
1998,은평구,진관내동,4158,11866,5967,5899,1138066000
1998,은평구,진관외동,4142,12259,6207,6052,1138067000
1998,서대문구,계,126787,366726,182269,184457,1141000000
1998,서대문구,충정로동,3500,9398,4700,4698,1141051000
1998,서대문구,천연동,7433,20673,10285,10388,1141052000
1998,서대문구,북아현1동,4335,11656,5763,5893,1141054000
1998,서대문구,북아현2동,3033,8352,4142,4210,1141055000
1998,서대문구,북아현3동,5572,16135,8017,8118,1141056000
1998,서대문구,대신동,3578,9123,4278,4845,1141057000
1998,서대문구,창천동,4866,12282,6049,6233,1141058000
1998,서대문구,연희1동,5650,16041,7925,8116,1141059000
1998,서대문구,연희2동,4284,13163,6543,6620,1141060000
1998,서대문구,연희3동,5362,14005,6889,7116,1141061000
1998,서대문구,홍제1동,5516,15823,7719,8104,1141062000
1998,서대문구,홍제2동,4537,13171,6573,6598,1141065500
1998,서대문구,홍제3동,7136,20591,10328,10263,1141064000
1998,서대문구,홍제4동,5568,16796,8283,8513,1141065000
1998,서대문구,홍은1동,3816,11992,5981,6011,1141066000
1998,서대문구,홍은2동,7286,22038,11068,10970,1141068500
1998,서대문구,홍은3동,10050,30252,15038,15214,1141068000
1998,서대문구,남가좌1동,7123,20152,10115,10037,1141069000
1998,서대문구,남가좌2동,10004,29829,14876,14953,1141070000
1998,서대문구,북가좌1동,7084,21384,10730,10654,1141071000
1998,서대문구,북가좌2동,11054,33870,16967,16903,1141072000
1998,마포구,계,137955,386880,192069,194811,1144000000
1998,마포구,아현1동,6083,17009,8606,8403,1144051000
1998,마포구,아현2동,4152,11406,5584,5822,1144052000
1998,마포구,아현3동,3752,10229,5085,5144,1144053000
1998,마포구,공덕1동,4427,12431,6164,6267,1144054000
1998,마포구,공덕2동,4126,11127,5558,5569,1144055000
1998,마포구,신공덕동,2726,7691,3872,3819,1144056000
1998,마포구,도화1동,3828,11222,5500,5722,1144057000
1998,마포구,도화2동,3914,11046,5418,5628,1144058000
1998,마포구,용강동,4138,11217,5630,5587,1144059000
1998,마포구,대흥동,3919,10423,5166,5257,1144060000
1998,마포구,염리동,7849,21164,10478,10686,1144061000
1998,마포구,노고산동,4170,10005,4887,5118,1144062000
1998,마포구,신수동,7265,21253,10687,10566,1144063000
1998,마포구,창전동,4822,13107,6509,6598,1144064000
1998,마포구,상수동,4929,13780,6816,6964,1144065000
1998,마포구,서교동,7273,18615,9027,9588,1144066000
1998,마포구,동교동,5849,13996,6756,7240,1144067000
1998,마포구,합정동,8145,23679,11668,12011,1144068000
1998,마포구,망원1동,8757,25700,12934,12766,1144069000
1998,마포구,망원2동,6918,21319,10675,10644,1144070000
1998,마포구,연남동,7180,20230,10064,10166,1144071000
1998,마포구,성산1동,6855,19622,9770,9852,1144072000
1998,마포구,성산2동,13187,39999,19713,20286,1144073000
1998,마포구,상암동,3691,10610,5502,5108,1144074000
1998,양천구,계,152339,484907,244244,240663,1147000000
1998,양천구,목1동,7249,23516,11749,11767,1147051000
1998,양천구,목2동,10182,31149,15672,15477,1147052000
1998,양천구,목3동,7697,23044,11535,11509,1147053000
1998,양천구,목4동,8583,26169,13194,12975,1147054000
1998,양천구,목5동,5616,19368,9704,9664,1147055000
1998,양천구,목6동,7176,25220,12723,12497,1147055100
1998,양천구,신월1동,9263,28405,14315,14090,1147056000
1998,양천구,신월2동,8268,26386,13452,12934,1147057000
1998,양천구,신월3동,7552,23271,11728,11543,1147058000
1998,양천구,신월4동,5688,18623,9506,9117,1147059000
1998,양천구,신월5동,5572,16741,8607,8134,1147060000
1998,양천구,신월6동,5307,16751,8452,8299,1147061000
1998,양천구,신월7동,9864,31746,15975,15771,1147061100
1998,양천구,신정1동,8771,27982,13940,14042,1147062000
1998,양천구,신정2동,6636,22916,11506,11410,1147063000
1998,양천구,신정3동,8800,26122,13200,12922,1147064000
1998,양천구,신정4동,5963,18154,9157,8997,1147065000
1998,양천구,신정5동,6659,20058,10119,9939,1147066000
1998,양천구,신정6동,7622,26262,12967,13295,1147067000
1998,양천구,신정7동,9871,33024,16743,16281,1147068000
1998,강서구,계,168867,517881,257979,259902,1150000000
1998,강서구,염창동,9383,30167,15211,14956,1150051000
1998,강서구,등촌1동,4695,14626,7459,7167,1150052000
1998,강서구,등촌2동,5315,16492,8275,8217,1150053000
1998,강서구,등촌3동,13451,41953,20282,21671,1150053500
1998,강서구,화곡본동,9296,28308,14148,14160,1150059000
1998,강서구,화곡1동,7267,21369,10753,10616,1150054000
1998,강서구,화곡2동,6304,19552,9773,9779,1150055000
1998,강서구,화곡3동,5723,17794,8828,8966,1150056000
1998,강서구,화곡4동,7456,23232,11731,11501,1150057000
1998,강서구,화곡5동,8244,25631,12667,12964,1150058000
1998,강서구,화곡6동,6476,19138,9472,9666,1150059100
1998,강서구,화곡7동,9071,27266,13674,13592,1150059200
1998,강서구,화곡8동,7449,23503,11758,11745,1150059300
1998,강서구,가양1동,6469,20811,10577,10234,1150060300
1998,강서구,가양2동,7092,22140,10764,11376,1150060400
1998,강서구,가양3동,6652,20678,10208,10470,1150060500
1998,강서구,발산1동,4930,15462,7611,7851,1150061100
1998,강서구,발산2동,5583,16771,8178,8593,1150061200
1998,강서구,공항동,8534,23945,12282,11663,1150062000
1998,강서구,방화1동,9400,28653,14508,14145,1150063000
1998,강서구,방화2동,9754,28650,14160,14490,1150064000
1998,강서구,방화3동,10323,31740,15660,16080,1150064100
1998,구로구,계,127187,381794,195131,186663,1153000000
1998,구로구,신도림동,3907,12381,6353,6028,1153051000
1998,구로구,구로1동,7059,23748,11883,11865,1153052000
1998,구로구,구로2동,7703,21773,11202,10571,1153053000
1998,구로구,구로3동,8724,25336,12893,12443,1153054000
1998,구로구,구로4동,4642,13767,6976,6791,1153055000
1998,구로구,구로5동,8525,24127,12467,11660,1153056000
1998,구로구,구로6동,5792,16560,8439,8121,1153057000
1998,구로구,구로본동,7383,21052,10820,10232,1153056500
1998,구로구,가리봉1동,5440,12581,6797,5784,1153058000
1998,구로구,가리봉2동,2727,6855,3658,3197,1153059000
1998,구로구,고척1동,7818,24828,12621,12207,1153072000
1998,구로구,고척2동,9512,30070,15434,14636,1153073000
1998,구로구,개봉1동,6257,19653,10096,9557,1153074000
1998,구로구,개봉2동,7136,22478,11316,11162,1153075000
1998,구로구,개봉3동,6015,18865,9448,9417,1153076000
1998,구로구,개봉본동,4920,14501,7388,7113,1153076500
1998,구로구,오류1동,6618,20204,10255,9949,1153077000
1998,구로구,오류2동,9021,27917,14157,13760,1153078000
1998,구로구,수궁동,7988,25098,12928,12170,1153079000
1998,금천구,계,91842,273712,140008,133704,1154500000
1998,금천구,가산동,8877,23198,12330,10868,1154551000
1998,금천구,독산1동,11323,34360,17672,16688,1154561000
1998,금천구,독산2동,9763,29008,14692,14316,1154562000
1998,금천구,독산3동,5977,17552,8984,8568,1154563000
1998,금천구,독산4동,7689,22686,11678,11008,1154564000
1998,금천구,독산본동,6627,18257,9294,8963,1154565000
1998,금천구,시흥1동,5843,18402,9383,9019,1154567000
1998,금천구,시흥2동,3339,11276,5621,5655,1154568000
1998,금천구,시흥3동,4891,14921,7614,7307,1154569000
1998,금천구,시흥4동,9125,28446,14495,13951,1154570000
1998,금천구,시흥5동,9274,28925,14721,14204,1154571000
1998,금천구,시흥본동,9114,26681,13524,13157,1154566000
1998,영등포구,계,139414,406019,205372,200647,1156000000
1998,영등포구,영등포1동,3193,8445,4339,4106,1156051000
1998,영등포구,영등포2동,2279,5687,3036,2651,1156052000
1998,영등포구,영등포3동,3193,8857,4481,4376,1156053000
1998,영등포구,여의도동,10209,32149,15801,16348,1156054000
1998,영등포구,당산1동,7311,21584,10524,11060,1156055000
1998,영등포구,당산2동,8276,24631,12382,12249,1156056000
1998,영등포구,도림1동,3814,10498,5400,5098,1156057000
1998,영등포구,도림2동,4467,12608,6534,6074,1156058000
1998,영등포구,문래1동,2143,6506,3306,3200,1156059000
1998,영등포구,문래2동,3847,12376,6395,5981,1156060000
1998,영등포구,양평1동,4876,14889,7660,7229,1156061000
1998,영등포구,양평2동,4941,15225,7860,7365,1156062000
1998,영등포구,신길1동,8991,24531,12285,12246,1156063000
1998,영등포구,신길2동,4590,12696,6383,6313,1156064000
1998,영등포구,신길3동,8384,24824,12418,12406,1156065000
1998,영등포구,신길4동,4613,13421,6733,6688,1156066000
1998,영등포구,신길5동,7738,22472,11471,11001,1156067000
1998,영등포구,신길6동,10278,30408,15352,15056,1156068000
1998,영등포구,신길7동,6967,20636,10461,10175,1156069000
1998,영등포구,대림1동,7622,21813,11042,10771,1156070000
1998,영등포구,대림2동,9377,25275,12949,12326,1156071000
1998,영등포구,대림3동,12305,36488,18560,17928,1156072000
1998,동작구,계,145440,425942,214410,211532,1159000000
1998,동작구,노량진1동,6402,17878,9042,8836,1159051000
1998,동작구,노량진2동,8078,22035,11147,10888,1159052000
1998,동작구,상도1동,5434,16455,8208,8247,1159053000
1998,동작구,상도2동,8866,26004,12965,13039,1159054000
1998,동작구,상도3동,7666,23299,11794,11505,1159055000
1998,동작구,상도4동,10605,33062,16667,16395,1159056000
1998,동작구,상도5동,7016,20643,10383,10260,1159056100
1998,동작구,본동,5249,14519,7360,7159,1159057000
1998,동작구,흑석1동,6485,16713,8548,8165,1159058000
1998,동작구,흑석2동,5234,15376,7635,7741,1159059000
1998,동작구,흑석3동,4302,12335,6269,6066,1159060000
1998,동작구,동작동,7447,21790,10940,10850,1159061000
1998,동작구,사당1동,9476,26233,13131,13102,1159062000
1998,동작구,사당2동,4794,14369,7178,7191,1159063000
1998,동작구,사당3동,10202,31249,15717,15532,1159064000
1998,동작구,사당4동,5539,17068,8618,8450,1159065000
1998,동작구,사당5동,4668,14141,7200,6941,1159065100
1998,동작구,대방동,12386,37250,18703,18547,1159066000
1998,동작구,신대방1동,9088,25960,13044,12916,1159067000
1998,동작구,신대방2동,6503,19563,9861,9702,1159068000
1998,관악구,계,181105,526742,267808,258934,1162000000
1998,관악구,봉천본동,3595,10472,5339,5133,1162051000
1998,관악구,봉천1동,9527,29460,14773,14687,1162052000
1998,관악구,봉천2동,2630,8478,4293,4185,1162053000
1998,관악구,봉천3동,6395,19498,9864,9634,1162054000
1998,관악구,봉천4동,6387,17062,8612,8450,1162055000
1998,관악구,봉천5동,1980,6415,3293,3122,1162056000
1998,관악구,봉천6동,8889,25057,12728,12329,1162057000
1998,관악구,봉천7동,5988,16736,8515,8221,1162058000
1998,관악구,봉천8동,6872,20061,10134,9927,1162059000
1998,관악구,봉천9동,4037,12985,6662,6323,1162060000
1998,관악구,봉천10동,5306,16029,8100,7929,1162061000
1998,관악구,봉천11동,9173,28108,14123,13985,1162062000
1998,관악구,남현동,6239,17788,8943,8845,1162063000
1998,관악구,신림본동,9355,26030,13074,12956,1162064000
1998,관악구,신림1동,8716,25275,12655,12620,1162065000
1998,관악구,신림2동,10145,27573,14363,13210,1162066000
1998,관악구,신림3동,6706,21197,10870,10327,1162067000
1998,관악구,신림4동,10758,30339,15194,15145,1162068000
1998,관악구,신림5동,6633,17083,8485,8598,1162069000
1998,관악구,신림6동,4183,12160,6230,5930,1162070000
1998,관악구,신림7동,5613,16608,8520,8088,1162071000
1998,관악구,신림8동,8597,24379,12363,12016,1162072000
1998,관악구,신림9동,10763,26173,14326,11847,1162073000
1998,관악구,신림10동,4913,16004,8061,7943,1162074000
1998,관악구,신림11동,5196,15884,8028,7856,1162075000
1998,관악구,신림12동,6681,21716,11017,10699,1162076000
1998,관악구,신림13동,5828,18172,9243,8929,1162077000
1998,서초구,계,137470,404765,200242,204523,1165000000
1998,서초구,서초1동,5727,16726,8410,8316,1165051000
1998,서초구,서초2동,6883,21270,10718,10552,1165052000
1998,서초구,서초3동,8417,23692,12302,11390,1165053000
1998,서초구,서초4동,8552,27391,13622,13769,1165053100
1998,서초구,잠원동,13521,36262,17355,18907,1165054000
1998,서초구,반포본동,4384,14541,6859,7682,1165055000
1998,서초구,반포1동,11171,28771,13938,14833,1165056000
1998,서초구,반포2동,6133,19679,9564,10115,1165057000
1998,서초구,반포3동,6753,21058,10249,10809,1165058000
1998,서초구,반포4동,6142,19303,9591,9712,1165058100
1998,서초구,방배본동,6158,18774,9119,9655,1165059000
1998,서초구,방배1동,6194,18280,9093,9187,1165060000
1998,서초구,방배2동,10583,32315,15959,16356,1165061000
1998,서초구,방배3동,8625,27236,13660,13576,1165062000
1998,서초구,방배4동,6461,19595,9573,10022,1165062100
1998,서초구,양재1동,10185,29028,14442,14586,1165065100
1998,서초구,양재2동,8668,21895,11156,10739,1165065200
1998,서초구,내곡동,2913,8949,4632,4317,1165066000
1998,강남구,계,188690,554858,273673,281185,1168000000
1998,강남구,신사동,8490,23898,11601,12297,1168051000
1998,강남구,논현1동,11292,26519,12693,13826,1168052100
1998,강남구,논현2동,8461,23023,11390,11633,1168053100
1998,강남구,압구정1동,6780,20385,10144,10241,1168054000
1998,강남구,압구정2동,5048,14585,7080,7505,1168055000
1998,강남구,청담1동,6536,19687,9865,9822,1168056000
1998,강남구,청담2동,5008,13459,6609,6850,1168057000
1998,강남구,삼성1동,4717,14568,7527,7041,1168058000
1998,강남구,삼성2동,8949,25548,13059,12489,1168059000
1998,강남구,대치1동,6145,21515,10645,10870,1168060000
1998,강남구,대치2동,8213,28953,14294,14659,1168061000
1998,강남구,대치3동,5263,16266,8319,7947,1168062000
1998,강남구,대치4동,6328,17352,8578,8774,1168063000
1998,강남구,역삼1동,13069,31734,15834,15900,1168064000
1998,강남구,역삼2동,10588,30652,14808,15844,1168065000
1998,강남구,도곡1동,7060,21280,10496,10784,1168065500
1998,강남구,도곡2동,6077,17574,8554,9020,1168065600
1998,강남구,개포1동,7829,25077,12273,12804,1168066000
1998,강남구,개포2동,7081,21214,10417,10797,1168067000
1998,강남구,개포3동,5664,19028,9520,9508,1168068000
1998,강남구,개포4동,8377,23484,11581,11903,1168069000
1998,강남구,일원본동,7453,25260,12604,12656,1168072000
1998,강남구,일원1동,7491,22864,11284,11580,1168073000
1998,강남구,일원2동,6976,22246,10765,11481,1168074000
1998,강남구,수서동,7409,21527,10010,11517,1168075000
1998,강남구,세곡동,2386,7160,3723,3437,1168070000
1998,송파구,계,220138,671406,334022,337384,1171000000
1998,송파구,풍납1동,8560,25746,12852,12894,1171051000
1998,송파구,풍납2동,10202,31432,15698,15734,1171052000
1998,송파구,거여1동,5152,16550,8405,8145,1171053100
1998,송파구,거여2동,10333,31498,15998,15500,1171053200
1998,송파구,마천1동,7623,23377,11915,11462,1171054000
1998,송파구,마천2동,7983,25739,13136,12603,1171055000
1998,송파구,방이1동,5397,16663,8316,8347,1171056100
1998,송파구,방이2동,8464,24670,12284,12386,1171056200
1998,송파구,오륜동,6321,22925,11170,11755,1171056600
1998,송파구,오금동,12698,40018,19982,20036,1171057000
1998,송파구,송파1동,8833,25987,12900,13087,1171058000
1998,송파구,송파2동,6502,21100,10426,10674,1171059000
1998,송파구,석촌동,11736,32192,16103,16089,1171060000
1998,송파구,삼전동,11856,33245,16462,16783,1171061000
1998,송파구,가락본동,8510,25592,12901,12691,1171062000
1998,송파구,가락1동,7561,23106,11553,11553,1171063100
1998,송파구,가락2동,11606,37114,18557,18557,1171063200
1998,송파구,문정1동,6691,20521,10240,10281,1171064100
1998,송파구,문정2동,5234,17882,8862,9020,1171064200
1998,송파구,장지동,7133,21394,10774,10620,1171064600
1998,송파구,잠실본동,10878,30278,14725,15553,1171065000
1998,송파구,잠실1동,5950,15293,7456,7837,1171066000
1998,송파구,잠실2동,4968,14432,7064,7368,1171067000
1998,송파구,잠실3동,6433,19587,9563,10024,1171068000
1998,송파구,잠실4동,10290,30726,15168,15558,1171069000
1998,송파구,잠실5동,4552,15691,7715,7976,1171070000
1998,송파구,잠실6동,5024,16403,7943,8460,1171071000
1998,송파구,잠실7동,3648,12245,5854,6391,1171072000
1998,강동구,계,157825,489544,246745,242799,1174000000
1998,강동구,강일동,1916,5811,3040,2771,1174051500
1998,강동구,상일동,10215,34079,17207,16872,1174052000
1998,강동구,명일1동,9825,31541,15652,15889,1174053000
1998,강동구,명일2동,5971,20990,10577,10413,1174054000
1998,강동구,고덕1동,8632,27925,14241,13684,1174055000
1998,강동구,고덕2동,7301,23197,11833,11364,1174056000
1998,강동구,암사1동,8487,25119,12707,12412,1174057000
1998,강동구,암사2동,2088,6426,3216,3210,1174058000
1998,강동구,암사3동,5336,16317,8228,8089,1174059000
1998,강동구,암사4동,5570,17375,8771,8604,1174059100
1998,강동구,천호1동,11300,33776,17057,16719,1174060000
1998,강동구,천호2동,6418,18645,9399,9246,1174061000
1998,강동구,천호3동,10360,29953,15083,14870,1174062000
1998,강동구,천호4동,7991,23651,11936,11715,1174063000
1998,강동구,성내1동,5022,15589,7833,7756,1174064000
1998,강동구,성내2동,10388,30137,15118,15019,1174065000
1998,강동구,성내3동,7975,23698,11870,11828,1174066000
1998,강동구,길1동,7482,22703,11336,11367,1174067000
1998,강동구,길2동,8928,28395,14173,14222,1174068000
1998,강동구,둔촌1동,6962,23591,12018,11573,1174069000
1998,강동구,둔촌2동,9658,30626,15450,15176,1174070000
2004,계,계,3780305,10287847,5128752,5159095,1100000000
2004,종로구,계,70408,178574,89574,89000,1111000000
2004,종로구,청운동,1763,5281,2746,2535,1111051000
2004,종로구,효자동,4561,12266,5906,6360,1111052000
2004,종로구,사직동,3626,8659,4183,4476,1111053000
2004,종로구,삼청동,1833,4583,2239,2344,1111054000
2004,종로구,부암동,4620,12722,6441,6281,1111055000
2004,종로구,평창동,6761,20170,9838,10332,1111056000
2004,종로구,무악동,2794,7818,3783,4035,1111057000
2004,종로구,교남동,4161,9330,4530,4800,1111058000
2004,종로구,가회동,2620,6595,3196,3399,1111060000
2004,종로구,종로1.2.3.4가동,3845,7373,4023,3350,1111061500
2004,종로구,종로5.6가동,2819,7250,3749,3501,1111063000
2004,종로구,이화동,4472,10984,5431,5553,1111064000
2004,종로구,혜화동,5113,12177,5978,6199,1111065000
2004,종로구,명륜3가동,3428,7085,3836,3249,1111066000
2004,종로구,창신1동,3342,7959,4138,3821,1111067000
2004,종로구,창신2동,4536,12264,6224,6040,1111068000
2004,종로구,창신3동,3042,9039,4548,4491,1111069000
2004,종로구,숭인1동,3202,8184,4211,3973,1111070000
2004,종로구,숭인2동,3870,8835,4574,4261,1111071000
2004,중구,계,54419,136585,68000,68585,1114000000
2004,중구,소공동,469,1371,714,657,1114052000
2004,중구,회현동,2802,5670,3030,2640,1114054000
2004,중구,명동,1422,3686,1629,2057,1114055000
2004,중구,필동,2204,5156,2643,2513,1114057000
2004,중구,장충동,2876,6274,3115,3159,1114058000
2004,중구,광희동,2413,5478,2799,2679,1114059000
2004,중구,을지로동,1028,1918,1080,838,1114060500
2004,중구,신당1동,3734,9574,4723,4851,1114061000
2004,중구,신당2동,6618,17046,8449,8597,1114062000
2004,중구,신당3동,7686,20298,9939,10359,1114063000
2004,중구,신당4동,6081,16818,8203,8615,1114064000
2004,중구,신당5동,4615,11264,5696,5568,1114065000
2004,중구,신당6동,4176,11428,5603,5825,1114066000
2004,중구,황학동,3251,7804,4009,3795,1114067000
2004,중구,중림동,5044,12800,6368,6432,1114068000
2004,용산구,계,94788,239070,118215,120855,1117000000
2004,용산구,후암동,7744,19631,9813,9818,1117051000
2004,용산구,용산2가동,5179,14104,7013,7091,1117052000
2004,용산구,남영동,3916,7475,4206,3269,1117053000
2004,용산구,청파1동,6517,17115,8688,8427,1117054000
2004,용산구,청파2동,3581,7645,3490,4155,1117055000
2004,용산구,원효로1동,2711,6446,3282,3164,1117056000
2004,용산구,원효로2동,5628,15490,7594,7896,1117057000
2004,용산구,효창동,3988,10658,5343,5315,1117058000
2004,용산구,용문동,4869,13492,6714,6778,1117059000
2004,용산구,한강로1동,1929,4195,2179,2016,1117060000
2004,용산구,한강로2동,1940,3986,2092,1894,1117061000
2004,용산구,한강로3동,2438,5712,2945,2767,1117062000
2004,용산구,이촌1동,9469,28134,13455,14679,1117063000
2004,용산구,이촌2동,3577,9441,4617,4824,1117064000
2004,용산구,이태원1동,3952,9910,4829,5081,1117065000
2004,용산구,이태원2동,4570,11533,5570,5963,1117066000
2004,용산구,한남1동,5928,14323,7078,7245,1117067000
2004,용산구,한남2동,4200,8833,4253,4580,1117068000
2004,용산구,서빙고동,4365,11509,5604,5905,1117069000
2004,용산구,보광동,8287,19438,9450,9988,1117070000
2004,성동구,계,128964,343992,173076,170916,1120000000
2004,성동구,왕십리1동,5570,14735,7470,7265,1120051000
2004,성동구,왕십리2동,6283,17409,8664,8745,1120052000
2004,성동구,도선동,3657,9208,4579,4629,1120053000
2004,성동구,마장동,9127,25424,12892,12532,1120054000
2004,성동구,사근동,4942,11648,6133,5515,1120055000
2004,성동구,행당1동,7455,18641,9274,9367,1120056000
2004,성동구,행당2동,9714,28733,14012,14721,1120057000
2004,성동구,응봉동,6276,17994,8794,9200,1120058000
2004,성동구,금호1가동,6742,18712,9278,9434,1120059000
2004,성동구,금호2가동,5099,12964,6418,6546,1120060000
2004,성동구,금호3가동,5661,15177,7422,7755,1120061000
2004,성동구,금호4가동,5432,14475,7155,7320,1120062000
2004,성동구,옥수1동,4864,12083,6237,5846,1120063000
2004,성동구,옥수2동,6625,17970,8645,9325,1120064000
2004,성동구,성수1가1동,7858,21397,11059,10338,1120065000
2004,성동구,성수1가2동,7902,20307,10354,9953,1120066000
2004,성동구,성수2가1동,7908,21195,11042,10153,1120067000
2004,성동구,성수2가3동,5197,13724,7086,6638,1120069000
2004,성동구,송정동,5667,14064,7277,6787,1120072000
2004,성동구,용답동,6985,18132,9285,8847,1120079000
2004,광진구,계,145430,384681,192198,192483,1121500000
2004,광진구,노유1동,5402,12458,6320,6138,1121584500
2004,광진구,노유2동,5267,13550,7005,6545,1121584600
2004,광진구,화양동,11332,23164,11517,11647,1121571000
2004,광진구,군자동,9476,22962,11639,11323,1121573000
2004,광진구,중곡1동,6991,18092,9072,9020,1121574000
2004,광진구,중곡2동,8575,23555,11637,11918,1121575000
2004,광진구,중곡3동,7942,21203,10611,10592,1121576000
2004,광진구,중곡4동,11964,34067,16899,17168,1121577000
2004,광진구,능동,4613,11108,5532,5576,1121578000
2004,광진구,구의1동,9905,24019,11822,12197,1121585000
2004,광진구,구의2동,9801,26878,13464,13414,1121586000
2004,광진구,구의3동,10777,30305,14958,15347,1121587000
2004,광진구,광장동,11375,35596,17521,18075,1121581000
2004,광진구,자양1동,10248,25654,12831,12823,1121582000
2004,광진구,자양2동,10783,30393,15323,15070,1121583000
2004,광진구,자양3동,10979,31677,16047,15630,1121584000
2004,동대문구,계,148168,383896,193487,190409,1123000000
2004,동대문구,신설동,3729,9313,4795,4518,1123051000
2004,동대문구,용두1동,5689,12598,6641,5957,1123052000
2004,동대문구,용두2동,4429,10480,5437,5043,1123053000
2004,동대문구,제기1동,5857,14740,7433,7307,1123054000
2004,동대문구,제기2동,6651,15910,8185,7725,1123055000
2004,동대문구,전농1동,5641,14348,7242,7106,1123056000
2004,동대문구,전농2동,3283,7208,3779,3429,1123057000
2004,동대문구,전농3동,7696,22718,11235,11483,1123058000
2004,동대문구,전농4동,5526,14133,7127,7006,1123059000
2004,동대문구,답십리1동,4478,11909,5960,5949,1123060000
2004,동대문구,답십리2동,5636,16592,8331,8261,1123061000
2004,동대문구,답십리3동,2797,7806,3942,3864,1123062000
2004,동대문구,답십리4동,5284,15276,7618,7658,1123063000
2004,동대문구,답십리5동,3978,10129,5231,4898,1123064000
2004,동대문구,장안1동,7118,18609,9499,9110,1123065000
2004,동대문구,장안2동,2724,7350,3831,3519,1123066000
2004,동대문구,장안3동,5641,16573,8386,8187,1123067000
2004,동대문구,장안4동,5846,15980,8100,7880,1123068000
2004,동대문구,청량리1동,5683,15846,7951,7895,1123069000
2004,동대문구,청량리2동,4543,10888,5491,5397,1123070000
2004,동대문구,회기동,5291,12169,5930,6239,1123071000
2004,동대문구,휘경1동,7674,18194,9091,9103,1123072000
2004,동대문구,휘경2동,9113,25190,12471,12719,1123073000
2004,동대문구,이문1동,6449,15231,7496,7735,1123074000
2004,동대문구,이문2동,8989,20386,10135,10251,1123075000
2004,동대문구,이문3동,8423,24320,12150,12170,1123076000
2004,중랑구,계,158283,436063,218049,218014,1126000000
2004,중랑구,면목1동,8507,22497,11138,11359,1126051000
2004,중랑구,면목2동,11156,30096,15041,15055,1126052000
2004,중랑구,면목3동,7257,18664,9349,9315,1126053000
2004,중랑구,면목4동,9628,24278,11817,12461,1126054000
2004,중랑구,면목5동,5802,15694,7935,7759,1126055000
2004,중랑구,면목6동,5919,16023,8063,7960,1126056000
2004,중랑구,면목7동,9746,27191,13614,13577,1126057000
2004,중랑구,면목8동,4711,13192,6663,6529,1126057100
2004,중랑구,상봉1동,8379,25264,12565,12699,1126058000
2004,중랑구,상봉2동,7994,19539,9833,9706,1126059000
2004,중랑구,중화1동,7750,22744,11361,11383,1126060000
2004,중랑구,중화2동,7793,19078,9735,9343,1126061000
2004,중랑구,중화3동,5734,14671,7393,7278,1126061100
2004,중랑구,묵1동,11692,34966,17293,17673,1126062000
2004,중랑구,묵2동,8026,21856,11007,10849,1126063000
2004,중랑구,망우1동,8283,22280,11209,11071,1126064000
2004,중랑구,망우2동,3842,10058,5088,4970,1126065000
2004,중랑구,망우3동,7688,21004,10493,10511,1126066000
2004,중랑구,신내1동,9200,29006,14601,14405,1126068000
2004,중랑구,신내2동,9176,27962,13851,14111,1126069000
2004,성북구,계,169704,455041,226983,228058,1129000000
2004,성북구,성북1동,3046,8289,4030,4259,1129051000
2004,성북구,성북2동,3081,8036,3961,4075,1129052000
2004,성북구,동소문동,4269,12208,5915,6293,1129053000
2004,성북구,삼선1동,4771,11797,5821,5976,1129054000
2004,성북구,삼선2동,4763,12142,5940,6202,1129055000
2004,성북구,동선1동,3526,7423,3367,4056,1129056000
2004,성북구,동선2동,3458,8688,4192,4496,1129057000
2004,성북구,돈암1동,6289,18049,8900,9149,1129058000
2004,성북구,돈암2동,3920,11639,5736,5903,1129059000
2004,성북구,안암동,7537,16857,8703,8154,1129060000
2004,성북구,보문동,7141,18080,8957,9123,1129061000
2004,성북구,정릉1동,7542,21544,10449,11095,1129062000
2004,성북구,정릉2동,7821,21622,10832,10790,1129063000
2004,성북구,정릉3동,7591,19935,10059,9876,1129064000
2004,성북구,정릉4동,8785,24260,12075,12185,1129065000
2004,성북구,길음1동,4016,10951,5396,5555,1129066000
2004,성북구,길음2동,2290,6215,3149,3066,1129068500
2004,성북구,길음3동,7359,19085,9423,9662,1129068000
2004,성북구,종암1동,7388,19978,10106,9872,1129069000
2004,성북구,종암2동,7247,19694,9924,9770,1129070000
2004,성북구,월곡1동,6063,15899,8022,7877,1129071500
2004,성북구,월곡2동,3184,8256,4168,4088,1129072500
2004,성북구,월곡3동,722,1621,853,768,1129073500
2004,성북구,월곡4동,3059,9771,4871,4900,1129074500
2004,성북구,상월곡동,4012,11800,5921,5879,1129075000
2004,성북구,장위1동,9845,27792,13967,13825,1129076000
2004,성북구,장위2동,8725,24140,12233,11907,1129077000
2004,성북구,장위3동,6675,17463,8921,8542,1129078000
2004,성북구,석관1동,10697,29280,14771,14509,1129079000
2004,성북구,석관2동,4882,12527,6321,6206,1129080000
2004,강북구,계,131995,362275,180142,182133,1130500000
2004,강북구,미아1동,5567,15761,7827,7934,1130553100
2004,강북구,미아2동,6232,16101,8273,7828,1130553200
2004,강북구,미아3동,9580,25641,12897,12744,1130553300
2004,강북구,미아4동,7267,19497,9621,9876,1130554000
2004,강북구,미아5동,6289,16251,8118,8133,1130555000
2004,강북구,미아6.7동,11747,33368,16706,16662,1130556500
2004,강북구,미아8동,6513,17115,8535,8580,1130558000
2004,강북구,미아9동,6635,19049,9433,9616,1130558100
2004,강북구,번1동,8178,21182,10394,10788,1130559500
2004,강북구,번2동,7844,22686,11310,11376,1130560300
2004,강북구,번3동,7445,23281,11283,11998,1130560800
2004,강북구,수유1동,8962,24467,12323,12144,1130561500
2004,강북구,수유2동,8798,24817,12277,12540,1130562500
2004,강북구,수유3동,9822,24897,12274,12623,1130563000
2004,강북구,수유4동,8234,22523,11261,11262,1130564000
2004,강북구,수유5동,6997,19047,9417,9630,1130565000
2004,강북구,수유6동,5885,16592,8193,8399,1130565100
2004,도봉구,계,131129,383611,190892,192719,1132000000
2004,도봉구,쌍문1동,8248,23481,11740,11741,1132066000
2004,도봉구,쌍문2동,7981,22259,11100,11159,1132067000
2004,도봉구,쌍문3동,6975,19451,9540,9911,1132068000
2004,도봉구,쌍문4동,7211,23062,11310,11752,1132068100
2004,도봉구,방학1동,11738,33681,16958,16723,1132069000
2004,도봉구,방학2동,9224,26092,13186,12906,1132070000
2004,도봉구,방학3동,6440,19959,9787,10172,1132071000
2004,도봉구,방학4동,3913,13558,6809,6749,1132072000
2004,도봉구,창1동,10626,31366,15351,16015,1132051100
2004,도봉구,창2동,10913,31481,15717,15764,1132051200
2004,도봉구,창3동,6237,17442,8793,8649,1132051300
2004,도봉구,창4동,10912,32824,16052,16772,1132051400
2004,도봉구,창5동,9284,27927,13857,14070,1132051500
2004,도봉구,도봉1동,10512,28408,14400,14008,1132052100
2004,도봉구,도봉2동,10915,32620,16292,16328,1132052200
2004,노원구,계,212531,630555,311108,319447,1135000000
2004,노원구,월계1동,6061,17689,8765,8924,1135056000
2004,노원구,월계2동,9145,25879,12700,13179,1135057000
2004,노원구,월계3동,9371,28496,14183,14313,1135058000
2004,노원구,월계4동,7727,19959,9978,9981,1135058100
2004,노원구,공릉1동,7415,19895,10024,9871,1135059500
2004,노원구,공릉2동,15949,48481,24282,24199,1135060000
2004,노원구,공릉3동,8063,23001,11197,11804,1135060100
2004,노원구,하계1동,11216,32928,16033,16895,1135061100
2004,노원구,하계2동,8729,27897,13810,14087,1135061200
2004,노원구,중계본동,9108,29983,14858,15125,1135061900
2004,노원구,중계1동,9698,32294,15915,16379,1135062100
2004,노원구,중계2동,5887,18092,8804,9288,1135062200
2004,노원구,중계3동,8983,26200,12521,13679,1135062300
2004,노원구,중계4동,7950,24451,11986,12465,1135062400
2004,노원구,상계1동,14797,44412,22175,22237,1135063000
2004,노원구,상계2동,7603,22035,11024,11011,1135064000
2004,노원구,상계3동,9582,27071,13472,13599,1135065000
2004,노원구,상계4동,5859,16363,8343,8020,1135066000
2004,노원구,상계5동,9260,26277,13009,13268,1135067000
2004,노원구,상계6동,7620,22680,10981,11699,1135068000
2004,노원구,상계7동,6513,17327,8230,9097,1135069000
2004,노원구,상계8동,9386,30083,14829,15254,1135070000
2004,노원구,상계9동,8911,27106,13435,13671,1135071000
2004,노원구,상계10동,7698,21956,10554,11402,1135072000
2004,은평구,계,177305,480320,238149,242171,1138000000
2004,은평구,녹번동,13845,36412,17931,18481,1138051000
2004,은평구,불광1동,11845,31171,15337,15834,1138052000
2004,은평구,불광2동,7912,20788,10261,10527,1138053000
2004,은평구,불광3동,8795,23094,11398,11696,1138054000
2004,은평구,갈현1동,10060,27702,13679,14023,1138055100
2004,은평구,갈현2동,9771,27601,13432,14169,1138055200
2004,은평구,구산동,10612,31622,16083,15539,1138056000
2004,은평구,대조동,12253,32066,15522,16544,1138057000
2004,은평구,응암1동,11623,30676,15155,15521,1138058000
2004,은평구,응암2동,7429,19560,9785,9775,1138059000
2004,은평구,응암3동,7698,20162,10055,10107,1138060000
2004,은평구,응암4동,7146,18965,9414,9551,1138068000
2004,은평구,역촌1동,8996,24544,11942,12602,1138061000
2004,은평구,역촌2동,7279,20770,10178,10592,1138062000
2004,은평구,신사1동,9396,27269,13415,13854,1138063100
2004,은평구,신사2동,8601,24302,12313,11989,1138063200
2004,은평구,증산동,7418,21228,10743,10485,1138064000
2004,은평구,수색동,8225,22109,11103,11006,1138065000
2004,은평구,진관내동,3706,8640,4416,4224,1138066000
2004,은평구,진관외동,4695,11639,5987,5652,1138067000
2004,서대문구,계,136146,358186,176266,181920,1141000000
2004,서대문구,충정로동,3733,8615,4401,4214,1141051000
2004,서대문구,천연동,7482,19188,9428,9760,1141052000
2004,서대문구,북아현1동,4110,9869,4696,5173,1141054000
2004,서대문구,북아현2동,4040,10075,4846,5229,1141055000
2004,서대문구,북아현3동,5716,14945,7404,7541,1141056000
2004,서대문구,대신동,3937,8820,3954,4866,1141057000
2004,서대문구,창천동,5886,12495,6020,6475,1141058000
2004,서대문구,연희1동,5949,16201,7943,8258,1141059000
2004,서대문구,연희2동,4142,11180,5538,5642,1141060000
2004,서대문구,연희3동,7383,16751,8232,8519,1141061000
2004,서대문구,홍제1동,6011,16313,7949,8364,1141062000
2004,서대문구,홍제2동,4927,13362,6556,6806,1141065500
2004,서대문구,홍제3동,7713,21420,10472,10948,1141064000
2004,서대문구,홍제4동,5657,16338,8019,8319,1141065000
2004,서대문구,홍은1동,3679,11190,5451,5739,1141066000
2004,서대문구,홍은2동,7367,20261,10127,10134,1141068500
2004,서대문구,홍은3동,10756,29422,14530,14892,1141068000
2004,서대문구,남가좌1동,6723,16211,8050,8161,1141069000
2004,서대문구,남가좌2동,12071,32871,16416,16455,1141070000
2004,서대문구,북가좌1동,7046,19479,9751,9728,1141071000
2004,서대문구,북가좌2동,11818,33180,16483,16697,1141072000
2004,마포구,계,153994,388111,191313,196798,1144000000
2004,마포구,아현1동,5783,14151,7102,7049,1144051000
2004,마포구,아현2동,4189,9772,4848,4924,1144052000
2004,마포구,아현3동,3845,9053,4430,4623,1144053000
2004,마포구,공덕1동,5243,13345,6558,6787,1144054000
2004,마포구,공덕2동,4601,11346,5641,5705,1144055000
2004,마포구,신공덕동,4243,11316,5618,5698,1144056000
2004,마포구,도화1동,3617,10281,4921,5360,1144057000
2004,마포구,도화2동,4668,12739,6203,6536,1144058000
2004,마포구,용강동,4758,11836,5838,5998,1144059000
2004,마포구,대흥동,6077,15637,7792,7845,1144060000
2004,마포구,염리동,8758,21384,10524,10860,1144061000
2004,마포구,노고산동,4908,9270,4454,4816,1144062000
2004,마포구,신수동,7631,19868,9861,10007,1144063000
2004,마포구,창전동,4598,11190,5452,5738,1144064000
2004,마포구,상수동,5453,12469,6144,6325,1144065000
2004,마포구,서교동,8508,18807,9063,9744,1144066000
2004,마포구,동교동,6813,13199,6200,6999,1144067000
2004,마포구,합정동,8615,22842,11427,11415,1144068000
2004,마포구,망원1동,9526,25527,12751,12776,1144069000
2004,마포구,망원2동,7562,20701,10367,10334,1144070000
2004,마포구,연남동,8207,20634,10127,10507,1144071000
2004,마포구,성산1동,7687,20304,10048,10256,1144072000
2004,마포구,성산2동,14268,40732,19922,20810,1144073000
2004,마포구,상암동,4436,11708,6022,5686,1144074000
2004,양천구,계,169326,497642,249311,248331,1147000000
2004,양천구,목1동,9091,28500,14071,14429,1147051000
2004,양천구,목2동,10428,30412,15329,15083,1147052000
2004,양천구,목3동,7548,20324,10161,10163,1147053000
2004,양천구,목4동,9540,28371,14250,14121,1147054000
2004,양천구,목5동,7178,23713,11834,11879,1147055000
2004,양천구,목6동,7317,24710,12356,12354,1147055100
2004,양천구,신월1동,9444,25652,13064,12588,1147056000
2004,양천구,신월2동,8207,23739,11986,11753,1147057000
2004,양천구,신월3동,7470,19303,9828,9475,1147058000
2004,양천구,신월4동,5021,15271,7734,7537,1147059000
2004,양천구,신월5동,5785,15968,8084,7884,1147060000
2004,양천구,신월6동,5835,16097,8130,7967,1147061000
2004,양천구,신월7동,9133,28126,14156,13970,1147061100
2004,양천구,신정1동,8575,26326,12999,13327,1147062000
2004,양천구,신정2동,7121,23061,11515,11546,1147063000
2004,양천구,신정3동,17590,48540,24183,24357,1147064000
2004,양천구,신정4동,6667,17840,8949,8891,1147065000
2004,양천구,신정5동,7419,19418,9745,9673,1147066000
2004,양천구,신정6동,8491,27563,13610,13953,1147067000
2004,양천구,신정7동,11466,34708,17327,17381,1147068000
2004,강서구,계,193973,544762,270057,274705,1150000000
2004,강서구,염창동,11185,34663,17277,17386,1150051000
2004,강서구,등촌1동,6917,19900,10046,9854,1150052000
2004,강서구,등촌2동,7351,21982,11060,10922,1150053000
2004,강서구,등촌3동,14152,40502,19408,21094,1150053500
2004,강서구,화곡본동,12950,35913,17675,18238,1150059000
2004,강서구,화곡1동,8573,23196,11641,11555,1150054000
2004,강서구,화곡2동,7061,20686,10216,10470,1150055000
2004,강서구,화곡3동,8371,25230,12489,12741,1150056000
2004,강서구,화곡4동,8673,23180,11615,11565,1150057000
2004,강서구,화곡5동,7038,18909,9401,9508,1150058000
2004,강서구,화곡6동,8406,23225,11399,11826,1150059100
2004,강서구,화곡7동,10839,30063,14862,15201,1150059200
2004,강서구,화곡8동,9671,27865,13847,14018,1150059300
2004,강서구,가양1동,6678,20168,10294,9874,1150060300
2004,강서구,가양2동,7819,20451,9890,10561,1150060400
2004,강서구,가양3동,7624,21273,10519,10754,1150060500
2004,강서구,발산1동,4885,14849,7343,7506,1150061100
2004,강서구,발산2동,3435,10495,5029,5466,1150061200
2004,강서구,공항동,9275,23347,12057,11290,1150062000
2004,강서구,방화1동,11216,31493,15868,15625,1150063000
2004,강서구,방화2동,10399,27279,13478,13801,1150064000
2004,강서구,방화3동,11455,30093,14643,15450,1150064100
2004,구로구,계,150568,424725,215953,208772,1153000000
2004,구로구,신도림동,11308,34852,17494,17358,1153051000
2004,구로구,구로1동,6750,22307,11192,11115,1153052000
2004,구로구,구로2동,7249,18262,9410,8852,1153053000
2004,구로구,구로3동,7953,21911,11149,10762,1153054000
2004,구로구,구로4동,5765,15581,7868,7713,1153055000
2004,구로구,구로5동,11709,31830,16287,15543,1153056000
2004,구로구,구로6동,5191,13984,7118,6866,1153057000
2004,구로구,구로본동,7523,19645,10045,9600,1153056500
2004,구로구,가리봉1동,5096,11749,6482,5267,1153058000
2004,구로구,가리봉2동,2444,5688,3104,2584,1153059000
2004,구로구,고척1동,8885,26174,13318,12856,1153072000
2004,구로구,고척2동,10476,29713,15164,14549,1153073000
2004,구로구,개봉1동,6269,17973,9104,8869,1153074000
2004,구로구,개봉2동,11708,35486,17618,17868,1153075000
2004,구로구,개봉3동,8022,23110,11565,11545,1153076000
2004,구로구,개봉본동,7610,21540,10926,10614,1153076500
2004,구로구,오류1동,7198,20484,10307,10177,1153077000
2004,구로구,오류2동,11063,30721,15593,15128,1153078000
2004,구로구,수궁동,8349,23715,12209,11506,1153079000
2004,금천구,가산동,8490,22076,12196,9880,1154551000
2004,금천구,독산1동,11332,32906,16884,16022,1154561000
2004,금천구,독산2동,9623,25692,13063,12629,1154562000
2004,금천구,독산3동,6097,16337,8213,8124,1154563000
2004,금천구,독산4동,7896,20769,10570,10199,1154564000
2004,금천구,독산본동,5984,15678,7991,7687,1154565000
2004,금천구,시흥1동,6014,16933,8737,8196,1154567000
2004,금천구,시흥2동,8556,26620,13300,13320,1154568000
2004,금천구,시흥3동,5206,14616,7427,7189,1154569000
2004,금천구,시흥4동,10031,28072,14251,13821,1154570000
2004,금천구,시흥5동,8714,23859,12077,11782,1154571000
2004,금천구,시흥본동,8689,22489,11254,11235,1154566000
2004,영등포구,계,154167,415889,210440,205449,1156000000
2004,영등포구,영등포1동,5911,16226,8141,8085,1156051000
2004,영등포구,영등포2동,2886,5620,3234,2386,1156052000
2004,영등포구,영등포3동,4485,11699,5957,5742,1156053000
2004,영등포구,여의도동,10165,30165,14653,15512,1156054000
2004,영등포구,당산1동,8407,21169,10716,10453,1156055000
2004,영등포구,당산2동,11231,32934,16380,16554,1156056000
2004,영등포구,도림1동,3406,8707,4483,4224,1156057000
2004,영등포구,도림2동,5203,12725,6583,6142,1156058000
2004,영등포구,문래1동,5082,15000,7597,7403,1156059000
2004,영등포구,문래2동,4834,14129,7132,6997,1156060000
2004,영등포구,양평1동,5727,14883,7619,7264,1156061000
2004,영등포구,양평2동,7545,22147,11338,10809,1156062000
2004,영등포구,신길1동,9430,23324,11652,11672,1156063000
2004,영등포구,신길2동,4516,11293,5703,5590,1156064000
2004,영등포구,신길3동,8116,21600,10953,10647,1156065000
2004,영등포구,신길4동,5679,14969,7538,7431,1156066000
2004,영등포구,신길5동,7370,19484,9939,9545,1156067000
2004,영등포구,신길6동,9077,24178,12192,11986,1156068000
2004,영등포구,신길7동,7622,21283,10680,10603,1156069000
2004,영등포구,대림1동,7407,19553,9895,9658,1156070000
2004,영등포구,대림2동,8367,22070,11304,10766,1156071000
2004,영등포구,대림3동,11701,32731,16751,15980,1156072000
2004,동작구,계,154625,414199,206439,207760,1159000000
2004,동작구,노량진1동,8889,24074,12245,11829,1159051000
2004,동작구,노량진2동,7819,18825,9414,9411,1159052000
2004,동작구,상도1동,6402,17428,8686,8742,1159053000
2004,동작구,상도2동,9023,23254,11534,11720,1159054000
2004,동작구,상도3동,8539,23639,11767,11872,1159055000
2004,동작구,상도4동,11362,31617,15859,15758,1159056000
2004,동작구,상도5동,6371,16115,8116,7999,1159056100
2004,동작구,본동,5057,13448,6784,6664,1159057000
2004,동작구,흑석1동,6914,16180,8286,7894,1159058000
2004,동작구,흑석2동,5024,13440,6616,6824,1159059000
2004,동작구,흑석3동,4216,10668,5337,5331,1159060000
2004,동작구,동작동,7418,20238,9992,10246,1159061000
2004,동작구,사당1동,9758,23989,11717,12272,1159062000
2004,동작구,사당2동,4757,13132,6472,6660,1159063000
2004,동작구,사당3동,10318,29284,14651,14633,1159064000
2004,동작구,사당4동,5752,14963,7474,7489,1159065000
2004,동작구,사당5동,5986,16128,8136,7992,1159065100
2004,동작구,대방동,13546,38856,19159,19697,1159066000
2004,동작구,신대방1동,9209,26136,12969,13167,1159067000
2004,동작구,신대방2동,8265,22785,11225,11560,1159068000
2004,관악구,계,214261,535688,272997,262691,1162000000
2004,관악구,봉천본동,6614,18514,9252,9262,1162051000
2004,관악구,봉천1동,10386,27878,14077,13801,1162052000
2004,관악구,봉천2동,4955,14303,7141,7162,1162053000
2004,관악구,봉천3동,6482,17978,8923,9055,1162054000
2004,관악구,봉천4동,8382,17095,8703,8392,1162055000
2004,관악구,봉천5동,7427,22146,11072,11074,1162056000
2004,관악구,봉천6동,13272,30983,15547,15436,1162057000
2004,관악구,봉천7동,7906,17159,8906,8253,1162058000
2004,관악구,봉천8동,6662,16841,8539,8302,1162059000
2004,관악구,봉천9동,6657,19285,9822,9463,1162060000
2004,관악구,봉천10동,5999,14510,7330,7180,1162061000
2004,관악구,봉천11동,11730,29124,14643,14481,1162062000
2004,관악구,남현동,6752,16694,8278,8416,1162063000
2004,관악구,신림본동,10847,25469,12680,12789,1162064000
2004,관악구,신림1동,8596,21908,10829,11079,1162065000
2004,관악구,신림2동,12059,25933,14165,11768,1162066000
2004,관악구,신림3동,6695,18711,9637,9074,1162067000
2004,관악구,신림4동,10965,27772,13974,13798,1162068000
2004,관악구,신림5동,8662,16881,8428,8453,1162069000
2004,관악구,신림6동,4419,11159,5747,5412,1162070000
2004,관악구,신림7동,2734,7285,3761,3524,1162071000
2004,관악구,신림8동,8290,20920,10529,10391,1162072000
2004,관악구,신림9동,11690,22841,13271,9570,1162073000
2004,관악구,신림10동,7516,22038,11107,10931,1162074000
2004,관악구,신림11동,5353,15008,7586,7422,1162075000
2004,관악구,신림12동,7155,20807,10635,10172,1162076000
2004,관악구,신림13동,6056,16446,8415,8031,1162077000
2004,서초구,계,148608,406752,198672,208080,1165000000
2004,서초구,서초1동,6902,17987,8827,9160,1165051000
2004,서초구,서초2동,7466,21457,10638,10819,1165052000
2004,서초구,서초3동,9495,25516,12969,12547,1165053000
2004,서초구,서초4동,8799,27060,13311,13749,1165053100
2004,서초구,잠원동,14376,36756,17445,19311,1165054000
2004,서초구,반포본동,4327,13967,6559,7408,1165055000
2004,서초구,반포1동,12632,28260,13446,14814,1165056000
2004,서초구,반포2동,6674,20312,9770,10542,1165057000
2004,서초구,반포3동,8419,24695,11856,12839,1165058000
2004,서초구,반포4동,6800,19663,9682,9981,1165058100
2004,서초구,방배본동,6078,17500,8381,9119,1165059000
2004,서초구,방배1동,6314,17130,8421,8709,1165060000
2004,서초구,방배2동,11159,31121,15153,15968,1165061000
2004,서초구,방배3동,7655,22516,11207,11309,1165062000
2004,서초구,방배4동,8570,23931,11473,12458,1165062100
2004,서초구,양재1동,10640,27982,13754,14228,1165065100
2004,서초구,양재2동,9601,23279,11753,11526,1165065200
2004,서초구,내곡동,2701,7620,4027,3593,1165066000
2004,강남구,계,201571,539333,261704,277629,1168000000
2004,강남구,신사동,8528,22837,10779,12058,1168051000
2004,강남구,논현1동,13559,27868,12962,14906,1168052100
2004,강남구,논현2동,10359,24167,11547,12620,1168053100
2004,강남구,압구정1동,6294,17948,8604,9344,1168054000
2004,강남구,압구정2동,4791,12622,6018,6604,1168055000
2004,강남구,청담1동,7085,20753,10174,10579,1168056000
2004,강남구,청담2동,5008,12381,5946,6435,1168057000
2004,강남구,삼성1동,4817,14913,7603,7310,1168058000
2004,강남구,삼성2동,8948,21124,10381,10743,1168059000
2004,강남구,대치1동,5805,21056,10355,10701,1168060000
2004,강남구,대치2동,8156,27690,13863,13827,1168061000
2004,강남구,대치3동,6015,17917,9040,8877,1168062000
2004,강남구,대치4동,9014,20198,9650,10548,1168063000
2004,강남구,역삼1동,17389,34860,16663,18197,1168064000
2004,강남구,역삼2동,8495,21497,10287,11210,1168065000
2004,강남구,도곡1동,7133,21244,10324,10920,1168065500
2004,강남구,도곡2동,8160,23956,11627,12329,1168065600
2004,강남구,개포1동,7930,23802,11505,12297,1168066000
2004,강남구,개포2동,7422,19780,9537,10243,1168067000
2004,강남구,개포3동,5409,17957,8825,9132,1168068000
2004,강남구,개포4동,9093,23831,11742,12089,1168069000
2004,강남구,일원본동,7664,24326,11944,12382,1168072000
2004,강남구,일원1동,7475,20599,10170,10429,1168073000
2004,강남구,일원2동,7240,20742,10153,10589,1168074000
2004,강남구,수서동,7644,19333,8880,10453,1168075000
2004,강남구,세곡동,2138,5932,3125,2807,1168070000
2004,송파구,계,216434,608439,301439,307000,1171000000
2004,송파구,풍납1동,8262,22299,11050,11249,1171051000
2004,송파구,풍납2동,10911,30760,15152,15608,1171052000
2004,송파구,거여1동,5745,17391,8716,8675,1171053100
2004,송파구,거여2동,11240,31701,16106,15595,1171053200
2004,송파구,마천1동,7466,20467,10443,10024,1171054000
2004,송파구,마천2동,8373,25020,12744,12276,1171055000
2004,송파구,방이1동,5892,17184,8599,8585,1171056100
2004,송파구,방이2동,10643,26443,13141,13302,1171056200
2004,송파구,오륜동,6445,22464,10868,11596,1171056600
2004,송파구,오금동,13548,40001,19958,20043,1171057000
2004,송파구,송파1동,10675,27838,13686,14152,1171058000
2004,송파구,송파2동,7581,24053,11758,12295,1171059000
2004,송파구,석촌동,14550,35775,17751,18024,1171060000
2004,송파구,삼전동,14533,36041,17694,18347,1171061000
2004,송파구,가락본동,9898,28031,14020,14011,1171062000
2004,송파구,가락1동,7554,20676,10205,10471,1171063100
2004,송파구,가락2동,11326,34644,17343,17301,1171063200
2004,송파구,문정1동,7254,21406,10637,10769,1171064100
2004,송파구,문정2동,5751,18343,9128,9215,1171064200
2004,송파구,장지동,7878,21372,10808,10564,1171064600
2004,송파구,잠실본동,13395,32500,15454,17046,1171065000
2004,송파구,잠실1동,1023,1964,967,997,1171066000
2004,송파구,잠실2동,5,13,7,6,1171067000
2004,송파구,잠실3동,1,31,22,9,1171068000
2004,송파구,잠실4동,3192,9575,4663,4912,1171069000
2004,송파구,잠실5동,4651,14849,7344,7505,1171070000
2004,송파구,잠실6동,5083,16085,7743,8342,1171071000
2004,송파구,잠실7동,3559,11513,5432,6081,1171072000
2004,강동구,계,166876,473411,238325,235086,1174000000
2004,강동구,강일동,2402,5534,2949,2585,1174051500
2004,강동구,상일동,10130,31839,16087,15752,1174052000
2004,강동구,명일1동,9637,30068,14906,15162,1174053000
2004,강동구,명일2동,5941,19843,10072,9771,1174054000
2004,강동구,고덕1동,7456,23109,11756,11353,1174055000
2004,강동구,고덕2동,7417,21369,10922,10447,1174056000
2004,강동구,암사1동,9381,24434,12345,12089,1174057000
2004,강동구,암사2동,5865,17265,8628,8637,1174058000
2004,강동구,암사3동,2824,8610,4322,4288,1174059000
2004,강동구,암사4동,4132,10964,5517,5447,1174059100
2004,강동구,천호1동,12336,34170,17108,17062,1174060000
2004,강동구,천호2동,6217,15606,7976,7630,1174061000
2004,강동구,천호3동,11823,29448,14766,14682,1174062000
2004,강동구,천호4동,8691,22634,11412,11222,1174063000
2004,강동구,성내1동,7622,21811,10948,10863,1174064000
2004,강동구,성내2동,11041,27893,13875,14018,1174065000
2004,강동구,성내3동,9142,24611,12348,12263,1174066000
2004,강동구,길1동,8449,23602,11800,11802,1174067000
2004,강동구,길2동,9347,27689,13727,13962,1174068000
2004,강동구,둔촌1동,6916,22528,11731,10797,1174069000
2004,강동구,둔촌2동,10107,30384,15130,15254,1174070000
2003,계,계,3714697,10276968,5133694,5143274,1100000000
2003,종로구,계,70288,181441,90978,90463,1111000000
2003,종로구,청운동,1826,5517,2837,2680,1111051000
2003,종로구,효자동,4564,12342,5982,6360,1111052000
2003,종로구,사직동,3277,8056,3881,4175,1111053000
2003,종로구,삼청동,1878,4759,2330,2429,1111054000
2003,종로구,부암동,4723,13222,6680,6542,1111055000
2003,종로구,평창동,6820,20429,9984,10445,1111056000
2003,종로구,무악동,3075,8644,4199,4445,1111057000
2003,종로구,교남동,3983,9209,4441,4768,1111058000
2003,종로구,가회동,2639,6786,3325,3461,1111060000
2003,종로구,종로1.2.3.4가동,3829,7423,4032,3391,1111061500
2003,종로구,종로5.6가동,2820,7447,3831,3616,1111063000
2003,종로구,이화동,4330,11031,5434,5597,1111064000
2003,종로구,혜화동,5037,12143,5992,6151,1111065000
2003,종로구,명륜3가동,3398,7287,3898,3389,1111066000
2003,종로구,창신1동,3684,8799,4582,4217,1111067000
2003,종로구,창신2동,4702,12667,6423,6244,1111068000
2003,종로구,창신3동,3020,9159,4610,4549,1111069000
2003,종로구,숭인1동,2827,7548,3907,3641,1111070000
2003,종로구,숭인2동,3856,8973,4610,4363,1111071000
2003,중구,계,54487,138798,69282,69516,1114000000
2003,중구,소공동,519,1498,769,729,1114052000
2003,중구,회현동,2858,5845,3133,2712,1114054000
2003,중구,명동,1445,3814,1715,2099,1114055000
2003,중구,필동,2266,5412,2776,2636,1114057000
2003,중구,장충동,2887,6365,3122,3243,1114058000
2003,중구,광희동,2410,5572,2855,2717,1114059000
2003,중구,을지로동,946,1903,1051,852,1114060500
2003,중구,신당1동,3760,9573,4803,4770,1114061000
2003,중구,신당2동,6614,17247,8551,8696,1114062000
2003,중구,신당3동,7614,20389,10027,10362,1114063000
2003,중구,신당4동,6077,17031,8343,8688,1114064000
2003,중구,신당5동,4653,11611,5865,5746,1114065000
2003,중구,신당6동,4076,11277,5522,5755,1114066000
2003,중구,황학동,3272,8101,4190,3911,1114067000
2003,중구,중림동,5090,13160,6560,6600,1114068000
2003,용산구,계,93262,240723,119302,121421,1117000000
2003,용산구,후암동,7566,19556,9860,9696,1117051000
2003,용산구,용산2가동,5162,14381,7157,7224,1117052000
2003,용산구,남영동,3711,7268,4064,3204,1117053000
2003,용산구,청파1동,6576,17399,8823,8576,1117054000
2003,용산구,청파2동,3483,7667,3505,4162,1117055000
2003,용산구,원효로1동,2749,6809,3452,3357,1117056000
2003,용산구,원효로2동,5635,15724,7751,7973,1117057000
2003,용산구,효창동,3874,10499,5279,5220,1117058000
2003,용산구,용문동,4780,13386,6700,6686,1117059000
2003,용산구,한강로1동,1860,4135,2115,2020,1117060000
2003,용산구,한강로2동,2398,5289,2755,2534,1117061000
2003,용산구,한강로3동,2231,5349,2781,2568,1117062000
2003,용산구,이촌1동,9262,27895,13419,14476,1117063000
2003,용산구,이촌2동,3510,9453,4607,4846,1117064000
2003,용산구,이태원1동,3903,10076,4913,5163,1117065000
2003,용산구,이태원2동,4567,11892,5742,6150,1117066000
2003,용산구,한남1동,5724,14277,7073,7204,1117067000
2003,용산구,한남2동,4173,8974,4407,4567,1117068000
2003,용산구,서빙고동,4191,11451,5594,5857,1117069000
2003,용산구,보광동,7907,19243,9305,9938,1117070000
2003,성동구,계,126592,343929,173182,170747,1120000000
2003,성동구,왕십리1동,5385,14681,7451,7230,1120051000
2003,성동구,왕십리2동,6130,17338,8637,8701,1120052000
2003,성동구,도선동,3673,9434,4701,4733,1120053000
2003,성동구,마장동,8362,23742,12039,11703,1120054000
2003,성동구,사근동,4873,11876,6183,5693,1120055000
2003,성동구,행당1동,7436,19034,9504,9530,1120056000
2003,성동구,행당2동,9427,28156,13811,14345,1120057000
2003,성동구,응봉동,6189,17901,8729,9172,1120058000
2003,성동구,금호1가동,6592,18824,9309,9515,1120059000
2003,성동구,금호2가동,5079,13029,6455,6574,1120060000
2003,성동구,금호3가동,5599,15330,7504,7826,1120061000
2003,성동구,금호4가동,5520,14975,7378,7597,1120062000
2003,성동구,옥수1동,4876,12359,6335,6024,1120063000
2003,성동구,옥수2동,6377,17979,8700,9279,1120064000
2003,성동구,성수1가1동,7856,21634,11198,10436,1120065000
2003,성동구,성수1가2동,7552,20093,10305,9788,1120066000
2003,성동구,성수2가1동,8140,21933,11414,10519,1120067000
2003,성동구,성수2가3동,4726,12756,6631,6125,1120069000
2003,성동구,송정동,5762,14301,7427,6874,1120072000
2003,성동구,용답동,7038,18554,9471,9083,1120079000
2003,광진구,계,144687,388659,194706,193953,1121500000
2003,광진구,노유1동,5453,12677,6474,6203,1121584500
2003,광진구,노유2동,5604,14573,7574,6999,1121584600
2003,광진구,화양동,11415,23694,11923,11771,1121571000
2003,광진구,군자동,9374,23213,11847,11366,1121573000
2003,광진구,중곡1동,6854,18194,9114,9080,1121574000
2003,광진구,중곡2동,8456,23585,11729,11856,1121575000
2003,광진구,중곡3동,7906,21711,10825,10886,1121576000
2003,광진구,중곡4동,12136,34744,17206,17538,1121577000
2003,광진구,능동,4570,11305,5651,5654,1121578000
2003,광진구,구의1동,9702,23887,11786,12101,1121585000
2003,광진구,구의2동,9687,26981,13503,13478,1121586000
2003,광진구,구의3동,10447,29877,14784,15093,1121587000
2003,광진구,광장동,11146,35408,17421,17987,1121581000
2003,광진구,자양1동,10295,26104,13098,13006,1121582000
2003,광진구,자양2동,10720,30685,15484,15201,1121583000
2003,광진구,자양3동,10922,32021,16287,15734,1121584000
2003,동대문구,계,146457,386814,195488,191326,1123000000
2003,동대문구,신설동,3529,9089,4709,4380,1123051000
2003,동대문구,용두1동,5769,13071,6872,6199,1123052000
2003,동대문구,용두2동,4292,10360,5358,5002,1123053000
2003,동대문구,제기1동,5814,15032,7643,7389,1123054000
2003,동대문구,제기2동,6442,15597,8057,7540,1123055000
2003,동대문구,전농1동,5606,14688,7446,7242,1123056000
2003,동대문구,전농2동,3150,7305,3807,3498,1123057000
2003,동대문구,전농3동,7730,23228,11533,11695,1123058000
2003,동대문구,전농4동,5356,14089,7081,7008,1123059000
2003,동대문구,답십리1동,4472,12121,6153,5968,1123060000
2003,동대문구,답십리2동,5554,16728,8448,8280,1123061000
2003,동대문구,답십리3동,2822,8082,4086,3996,1123062000
2003,동대문구,답십리4동,5347,15610,7792,7818,1123063000
2003,동대문구,답십리5동,3919,10241,5268,4973,1123064000
2003,동대문구,장안1동,6792,18458,9411,9047,1123065000
2003,동대문구,장안2동,3194,8465,4438,4027,1123066000
2003,동대문구,장안3동,5334,15529,7957,7572,1123067000
2003,동대문구,장안4동,5802,16266,8261,8005,1123068000
2003,동대문구,청량리1동,5638,15950,8050,7900,1123069000
2003,동대문구,청량리2동,4565,11054,5567,5487,1123070000
2003,동대문구,회기동,5325,12545,6135,6410,1123071000
2003,동대문구,휘경1동,7668,18621,9316,9305,1123072000
2003,동대문구,휘경2동,9137,25448,12627,12821,1123073000
2003,동대문구,이문1동,6557,15839,7788,8051,1123074000
2003,동대문구,이문2동,8268,18912,9428,9484,1123075000
2003,동대문구,이문3동,8375,24486,12257,12229,1123076000
2003,중랑구,계,156511,438011,219652,218359,1126000000
2003,중랑구,면목1동,8568,22916,11420,11496,1126051000
2003,중랑구,면목2동,11111,30626,15331,15295,1126052000
2003,중랑구,면목3동,7244,19171,9661,9510,1126053000
2003,중랑구,면목4동,9739,24916,12158,12758,1126054000
2003,중랑구,면목5동,5674,15719,7935,7784,1126055000
2003,중랑구,면목6동,5890,16209,8157,8052,1126056000
2003,중랑구,면목7동,9803,27908,14055,13853,1126057000
2003,중랑구,면목8동,4613,13186,6673,6513,1126057100
2003,중랑구,상봉1동,8399,25346,12661,12685,1126058000
2003,중랑구,상봉2동,7441,18539,9363,9176,1126059000
2003,중랑구,중화1동,7537,22362,11257,11105,1126060000
2003,중랑구,중화2동,7886,19474,9960,9514,1126061000
2003,중랑구,중화3동,5763,15007,7542,7465,1126061100
2003,중랑구,묵1동,11080,33348,16550,16798,1126062000
2003,중랑구,묵2동,7775,21652,10893,10759,1126063000
2003,중랑구,망우1동,8428,23026,11653,11373,1126064000
2003,중랑구,망우2동,3855,10310,5244,5066,1126065000
2003,중랑구,망우3동,7687,21361,10658,10703,1126066000
2003,중랑구,신내1동,9023,28807,14533,14274,1126068000
2003,중랑구,신내2동,8995,28128,13948,14180,1126069000
2003,성북구,계,167475,456535,228521,228014,1129000000
2003,성북구,성북1동,2946,8210,4022,4188,1129051000
2003,성북구,성북2동,3084,8267,4066,4201,1129052000
2003,성북구,동소문동,4319,12263,5926,6337,1129053000
2003,성북구,삼선1동,4786,12147,6002,6145,1129054000
2003,성북구,삼선2동,4995,12904,6371,6533,1129055000
2003,성북구,동선1동,3440,7410,3402,4008,1129056000
2003,성북구,동선2동,3377,8693,4235,4458,1129057000
2003,성북구,돈암1동,6268,18356,9083,9273,1129058000
2003,성북구,돈암2동,3882,11748,5773,5975,1129059000
2003,성북구,안암동,7498,17017,8713,8304,1129060000
2003,성북구,보문동,6985,18020,9022,8998,1129061000
2003,성북구,정릉1동,7402,21533,10480,11053,1129062000
2003,성북구,정릉2동,7066,19555,9877,9678,1129063000
2003,성북구,정릉3동,7466,20046,10167,9879,1129064000
2003,성북구,정릉4동,8323,23192,11639,11553,1129065000
2003,성북구,길음1동,4020,11063,5464,5599,1129066000
2003,성북구,길음2동,2280,6374,3227,3147,1129068500
2003,성북구,길음3동,7279,19407,9621,9786,1129068000
2003,성북구,종암1동,6669,18168,9179,8989,1129069000
2003,성북구,종암2동,7359,20206,10245,9961,1129070000
2003,성북구,월곡1동,6040,16233,8202,8031,1129071500
2003,성북구,월곡2동,3700,9848,5017,4831,1129072500
2003,성북구,월곡3동,947,2102,1121,981,1129073500
2003,성북구,월곡4동,2947,9444,4750,4694,1129074500
2003,성북구,상월곡동,3891,11643,5839,5804,1129075000
2003,성북구,장위1동,9710,27918,14039,13879,1129076000
2003,성북구,장위2동,8573,24315,12314,12001,1129077000
2003,성북구,장위3동,6731,18076,9248,8828,1129078000
2003,성북구,석관1동,10547,29492,14988,14504,1129079000
2003,성북구,석관2동,4945,12885,6489,6396,1129080000
2003,강북구,미아1동,5473,15711,7837,7874,1130553100
2003,강북구,미아2동,6533,17259,8801,8458,1130553200
2003,강북구,미아3동,9436,25721,12957,12764,1130553300
2003,강북구,미아4동,7055,19280,9464,9816,1130554000
2003,강북구,미아5동,6233,16549,8263,8286,1130555000
2003,강북구,미아6.7동,9895,28513,14388,14125,1130556500
2003,강북구,미아8동,6461,17405,8683,8722,1130558000
2003,강북구,미아9동,6552,19229,9578,9651,1130558100
2003,강북구,번1동,8236,21564,10648,10916,1130559500
2003,강북구,번2동,7860,23264,11587,11677,1130560300
2003,강북구,번3동,7551,23833,11564,12269,1130560800
2003,강북구,수유1동,8887,24673,12437,12236,1130561500
2003,강북구,수유2동,8709,25020,12351,12669,1130562500
2003,강북구,수유3동,9686,25178,12405,12773,1130563000
2003,강북구,수유4동,8087,22555,11321,11234,1130564000
2003,강북구,수유5동,6953,19354,9620,9734,1130565000
2003,강북구,수유6동,5936,16986,8417,8569,1130565100
2003,도봉구,계,127264,378166,188711,189455,1132000000
2003,도봉구,쌍문1동,8212,23894,11958,11936,1132066000
2003,도봉구,쌍문2동,7855,22312,11105,11207,1132067000
2003,도봉구,쌍문3동,6929,19609,9618,9991,1132068000
2003,도봉구,쌍문4동,7056,22618,11153,11465,1132068100
2003,도봉구,방학1동,11346,33092,16688,16404,1132069000
2003,도봉구,방학2동,9204,26679,13485,13194,1132070000
2003,도봉구,방학3동,6401,20199,9954,10245,1132071000
2003,도봉구,방학4동,3956,13809,6922,6887,1132072000
2003,도봉구,창1동,10562,31891,15653,16238,1132051100
2003,도봉구,창2동,10619,31266,15628,15638,1132051200
2003,도봉구,창3동,6179,17536,8915,8621,1132051300
2003,도봉구,창4동,10879,33333,16355,16978,1132051400
2003,도봉구,창5동,6971,20377,10192,10185,1132051500
2003,도봉구,도봉1동,10377,28816,14662,14154,1132052100
2003,도봉구,도봉2동,10718,32735,16423,16312,1132052200
2003,노원구,계,211144,633934,313254,320680,1135000000
2003,노원구,월계1동,5949,17799,8832,8967,1135056000
2003,노원구,월계2동,9042,25814,12634,13180,1135057000
2003,노원구,월계3동,9460,28909,14383,14526,1135058000
2003,노원구,월계4동,7587,20115,10063,10052,1135058100
2003,노원구,공릉1동,7235,19887,9996,9891,1135059500
2003,노원구,공릉2동,15227,46813,23531,23282,1135060000
2003,노원구,공릉3동,8008,23204,11299,11905,1135060100
2003,노원구,하계1동,11375,33693,16450,17243,1135061100
2003,노원구,하계2동,8617,27886,13842,14044,1135061200
2003,노원구,중계본동,9251,30212,14958,15254,1135061900
2003,노원구,중계1동,9704,32523,16023,16500,1135062100
2003,노원구,중계2동,5918,18410,9028,9382,1135062200
2003,노원구,중계3동,8927,26461,12679,13782,1135062300
2003,노원구,중계4동,7964,24510,12060,12450,1135062400
2003,노원구,상계1동,14307,43775,21837,21938,1135063000
2003,노원구,상계2동,7559,22078,11058,11020,1135064000
2003,노원구,상계3동,9722,27622,13773,13849,1135065000
2003,노원구,상계4동,6071,16806,8585,8221,1135066000
2003,노원구,상계5동,9254,26763,13269,13494,1135067000
2003,노원구,상계6동,7553,22939,11143,11796,1135068000
2003,노원구,상계7동,6383,17428,8302,9126,1135069000
2003,노원구,상계8동,9364,30582,15105,15477,1135070000
2003,노원구,상계9동,8912,27421,13620,13801,1135071000
2003,노원구,상계10동,7755,22284,10784,11500,1135072000
2003,은평구,계,172761,476843,236811,240032,1138000000
2003,은평구,녹번동,13777,36944,18245,18699,1138051000
2003,은평구,불광1동,11366,30415,14969,15446,1138052000
2003,은평구,불광2동,7644,20442,10134,10308,1138053000
2003,은평구,불광3동,8679,23233,11563,11670,1138054000
2003,은평구,갈현1동,9732,27504,13575,13929,1138055100
2003,은평구,갈현2동,9419,27040,13092,13948,1138055200
2003,은평구,구산동,9669,28991,14651,14340,1138056000
2003,은평구,대조동,12006,32246,15659,16587,1138057000
2003,은평구,응암1동,11197,30269,14962,15307,1138058000
2003,은평구,응암2동,7244,19265,9636,9629,1138059000
2003,은평구,응암3동,7585,20472,10290,10182,1138060000
2003,은평구,응암4동,7116,19439,9687,9752,1138068000
2003,은평구,역촌1동,8707,24312,11843,12469,1138061000
2003,은평구,역촌2동,7038,20497,10134,10363,1138062000
2003,은평구,신사1동,9167,27154,13374,13780,1138063100
2003,은평구,신사2동,8133,23438,11903,11535,1138063200
2003,은평구,증산동,7178,20713,10489,10224,1138064000
2003,은평구,수색동,8085,22335,11226,11109,1138065000
2003,은평구,진관내동,4463,10716,5483,5233,1138066000
2003,은평구,진관외동,4556,11418,5896,5522,1138067000
2003,서대문구,계,134956,361754,178551,183203,1141000000
2003,서대문구,충정로동,3489,8403,4272,4131,1141051000
2003,서대문구,천연동,7440,19430,9577,9853,1141052000
2003,서대문구,북아현1동,4246,10262,4963,5299,1141054000
2003,서대문구,북아현2동,4032,10203,4907,5296,1141055000
2003,서대문구,북아현3동,5694,15185,7498,7687,1141056000
2003,서대문구,대신동,3830,8887,4037,4850,1141057000
2003,서대문구,창천동,5663,12500,6066,6434,1141058000
2003,서대문구,연희1동,5827,16220,8003,8217,1141059000
2003,서대문구,연희2동,4154,11335,5601,5734,1141060000
2003,서대문구,연희3동,7148,16734,8249,8485,1141061000
2003,서대문구,홍제1동,5988,16399,8008,8391,1141062000
2003,서대문구,홍제2동,4822,13385,6586,6799,1141065500
2003,서대문구,홍제3동,7853,21796,10729,11067,1141064000
2003,서대문구,홍제4동,5844,16913,8322,8591,1141065000
2003,서대문구,홍은1동,3672,11275,5497,5778,1141066000
2003,서대문구,홍은2동,7331,20572,10314,10258,1141068500
2003,서대문구,홍은3동,10596,29399,14538,14861,1141068000
2003,서대문구,남가좌1동,6629,16352,8193,8159,1141069000
2003,서대문구,남가좌2동,11992,33447,16690,16757,1141070000
2003,서대문구,북가좌1동,6998,19571,9843,9728,1141071000
2003,서대문구,북가좌2동,11708,33486,16658,16828,1141072000
2003,마포구,계,149272,383629,189563,194066,1144000000
2003,마포구,아현1동,5749,14528,7338,7190,1144051000
2003,마포구,아현2동,4101,9961,4917,5044,1144052000
2003,마포구,아현3동,3873,9234,4553,4681,1144053000
2003,마포구,공덕1동,5137,13406,6576,6830,1144054000
2003,마포구,공덕2동,3847,9577,4760,4817,1144055000
2003,마포구,신공덕동,4274,11648,5811,5837,1144056000
2003,마포구,도화1동,3613,10400,5006,5394,1144057000
2003,마포구,도화2동,4407,12518,6086,6432,1144058000
2003,마포구,용강동,4527,11465,5633,5832,1144059000
2003,마포구,대흥동,6095,16016,8028,7988,1144060000
2003,마포구,염리동,8482,20943,10353,10590,1144061000
2003,마포구,노고산동,4762,9345,4504,4841,1144062000
2003,마포구,신수동,7236,18774,9303,9471,1144063000
2003,마포구,창전동,4719,11501,5611,5890,1144064000
2003,마포구,상수동,5474,12936,6377,6559,1144065000
2003,마포구,서교동,8456,19030,9236,9794,1144066000
2003,마포구,동교동,6656,13240,6286,6954,1144067000
2003,마포구,합정동,8429,22997,11518,11479,1144068000
2003,마포구,망원1동,9411,25602,12796,12806,1144069000
2003,마포구,망원2동,6950,19496,9769,9727,1144070000
2003,마포구,연남동,8140,20798,10271,10527,1144071000
2003,마포구,성산1동,7346,20062,9972,10090,1144072000
2003,마포구,성산2동,14253,41179,20188,20991,1144073000
2003,마포구,상암동,3335,8973,4671,4302,1144074000
2003,양천구,계,163755,489257,245379,243878,1147000000
2003,양천구,목1동,8279,26455,13132,13323,1147051000
2003,양천구,목2동,10375,30809,15514,15295,1147052000
2003,양천구,목3동,7476,20652,10355,10297,1147053000
2003,양천구,목4동,9012,26846,13463,13383,1147054000
2003,양천구,목5동,7094,23804,11884,11920,1147055000
2003,양천구,목6동,7172,24600,12307,12293,1147055100
2003,양천구,신월1동,9305,25641,13012,12629,1147056000
2003,양천구,신월2동,7795,23240,11808,11432,1147057000
2003,양천구,신월3동,7621,20196,10300,9896,1147058000
2003,양천구,신월4동,5183,15839,8053,7786,1147059000
2003,양천구,신월5동,5603,15582,7903,7679,1147060000
2003,양천구,신월6동,5101,14691,7442,7249,1147061000
2003,양천구,신월7동,9175,28807,14498,14309,1147061100
2003,양천구,신정1동,8710,26703,13158,13545,1147062000
2003,양천구,신정2동,6653,21818,10891,10927,1147063000
2003,양천구,신정3동,16320,45245,22620,22625,1147064000
2003,양천구,신정4동,6453,17654,8838,8816,1147065000
2003,양천구,신정5동,7126,19341,9732,9609,1147066000
2003,양천구,신정6동,8113,26792,13168,13624,1147067000
2003,양천구,신정7동,11189,34542,17301,17241,1147068000
2003,강서구,계,189521,539673,267797,271876,1150000000
2003,강서구,염창동,10981,34388,17206,17182,1150051000
2003,강서구,등촌1동,6327,19019,9560,9459,1150052000
2003,강서구,등촌2동,5961,17536,8887,8649,1150053000
2003,강서구,등촌3동,13681,39764,19104,20660,1150053500
2003,강서구,화곡본동,12717,35578,17529,18049,1150059000
2003,강서구,화곡1동,8221,22806,11408,11398,1150054000
2003,강서구,화곡2동,7102,20915,10362,10553,1150055000
2003,강서구,화곡3동,8347,25256,12441,12815,1150056000
2003,강서구,화곡4동,8588,23455,11827,11628,1150057000
2003,강서구,화곡5동,8922,24601,12225,12376,1150058000
2003,강서구,화곡6동,8051,22256,10982,11274,1150059100
2003,강서구,화곡7동,10761,30243,14990,15253,1150059200
2003,강서구,화곡8동,9584,27844,13880,13964,1150059300
2003,강서구,가양1동,6659,20435,10419,10016,1150060300
2003,강서구,가양2동,7391,20465,9893,10572,1150060400
2003,강서구,가양3동,7621,21694,10713,10981,1150060500
2003,강서구,발산1동,4941,14997,7416,7581,1150061100
2003,강서구,발산2동,3342,10163,4876,5287,1150061200
2003,강서구,공항동,9324,23486,12078,11408,1150062000
2003,강서구,방화1동,9644,27506,13823,13683,1150063000
2003,강서구,방화2동,10032,26778,13196,13582,1150064000
2003,강서구,방화3동,11324,30488,14982,15506,1150064100
2003,구로구,계,146240,419438,213651,205787,1153000000
2003,구로구,신도림동,10681,33586,16869,16717,1153051000
2003,구로구,구로1동,6708,22396,11244,11152,1153052000
2003,구로구,구로2동,7437,18895,9711,9184,1153053000
2003,구로구,구로3동,6583,18093,9220,8873,1153054000
2003,구로구,구로4동,5835,16104,8133,7971,1153055000
2003,구로구,구로5동,10873,30264,15564,14700,1153056000
2003,구로구,구로6동,5217,14217,7219,6998,1153057000
2003,구로구,구로본동,7315,19523,10005,9518,1153056500
2003,구로구,가리봉1동,5082,11698,6494,5204,1153058000
2003,구로구,가리봉2동,2496,5864,3238,2626,1153059000
2003,구로구,고척1동,8717,26177,13376,12801,1153072000
2003,구로구,고척2동,10463,30260,15479,14781,1153073000
2003,구로구,개봉1동,6268,18273,9301,8972,1153074000
2003,구로구,개봉2동,11603,35531,17624,17907,1153075000
2003,구로구,개봉3동,7876,23239,11662,11577,1153076000
2003,구로구,개봉본동,7520,21767,11050,10717,1153076500
2003,구로구,오류1동,6985,20301,10198,10103,1153077000
2003,구로구,오류2동,10312,29222,14866,14356,1153078000
2003,구로구,수궁동,8269,24028,12398,11630,1153079000
2003,금천구,계,95608,267355,136807,130548,1154500000
2003,금천구,가산동,8543,22750,12453,10297,1154551000
2003,금천구,독산1동,10823,32121,16539,15582,1154561000
2003,금천구,독산2동,9724,26333,13410,12923,1154562000
2003,금천구,독산3동,5907,16023,8111,7912,1154563000
2003,금천구,독산4동,7882,21050,10757,10293,1154564000
2003,금천구,독산본동,6003,15877,8032,7845,1154565000
2003,금천구,시흥1동,5727,16535,8521,8014,1154567000
2003,금천구,시흥2동,8270,26118,13027,13091,1154568000
2003,금천구,시흥3동,5172,14856,7559,7297,1154569000
2003,금천구,시흥4동,10009,28389,14432,13957,1154570000
2003,금천구,시흥5동,8736,24211,12295,11916,1154571000
2003,금천구,시흥본동,8812,23092,11671,11421,1154566000
2003,영등포구,계,149948,410952,208336,202616,1156000000
2003,영등포구,영등포1동,5595,15604,7836,7768,1156051000
2003,영등포구,영등포2동,2850,5666,3253,2413,1156052000
2003,영등포구,영등포3동,3816,10021,5131,4890,1156053000
2003,영등포구,여의도동,9954,30193,14684,15509,1156054000
2003,영등포구,당산1동,8102,20926,10576,10350,1156055000
2003,영등포구,당산2동,9862,28812,14406,14406,1156056000
2003,영등포구,도림1동,3494,8995,4582,4413,1156057000
2003,영등포구,도림2동,4780,12310,6353,5957,1156058000
2003,영등포구,문래1동,4629,14057,7320,6737,1156059000
2003,영등포구,문래2동,4376,13520,6802,6718,1156060000
2003,영등포구,양평1동,5214,14121,7231,6890,1156061000
2003,영등포구,양평2동,7283,21928,11261,10667,1156062000
2003,영등포구,신길1동,9341,23379,11635,11744,1156063000
2003,영등포구,신길2동,4583,11581,5853,5728,1156064000
2003,영등포구,신길3동,8198,22188,11202,10986,1156065000
2003,영등포구,신길4동,5815,15501,7837,7664,1156066000
2003,영등포구,신길5동,7462,19899,10172,9727,1156067000
2003,영등포구,신길6동,9182,24621,12473,12148,1156068000
2003,영등포구,신길7동,7631,21799,10939,10860,1156069000
2003,영등포구,대림1동,7404,19921,10103,9818,1156070000
2003,영등포구,대림2동,8529,22505,11575,10930,1156071000
2003,영등포구,대림3동,11848,33405,17112,16293,1156072000
2003,동작구,계,151694,413204,206499,206705,1159000000
2003,동작구,노량진1동,8978,24789,12618,12171,1159051000
2003,동작구,노량진2동,7793,19313,9665,9648,1159052000
2003,동작구,상도1동,5940,16322,8122,8200,1159053000
2003,동작구,상도2동,8611,22528,11209,11319,1159054000
2003,동작구,상도3동,8007,22598,11281,11317,1159055000
2003,동작구,상도4동,11224,31992,16075,15917,1159056000
2003,동작구,상도5동,6464,16693,8391,8302,1159056100
2003,동작구,본동,4284,11407,5783,5624,1159057000
2003,동작구,흑석1동,6701,16102,8270,7832,1159058000
2003,동작구,흑석2동,5080,13803,6844,6959,1159059000
2003,동작구,흑석3동,4215,10919,5470,5449,1159060000
2003,동작구,동작동,7297,20299,10104,10195,1159061000
2003,동작구,사당1동,9827,24522,12069,12453,1159062000
2003,동작구,사당2동,4733,13252,6488,6764,1159063000
2003,동작구,사당3동,10159,29018,14545,14473,1159064000
2003,동작구,사당4동,5748,15347,7700,7647,1159065000
2003,동작구,사당5동,5881,16315,8218,8097,1159065100
2003,동작구,대방동,13348,38745,19177,19568,1159066000
2003,동작구,신대방1동,9224,26187,13072,13115,1159067000
2003,동작구,신대방2동,8180,23053,11398,11655,1159068000
2003,관악구,계,206087,526971,268960,258011,1162000000
2003,관악구,봉천본동,6536,18668,9357,9311,1162051000
2003,관악구,봉천1동,10247,28009,14127,13882,1162052000
2003,관악구,봉천2동,4385,13124,6574,6550,1162053000
2003,관악구,봉천3동,4325,12570,6316,6254,1162054000
2003,관악구,봉천4동,7943,17183,8758,8425,1162055000
2003,관악구,봉천5동,7385,22255,11153,11102,1162056000
2003,관악구,봉천6동,12826,31008,15716,15292,1162057000
2003,관악구,봉천7동,7615,16945,8791,8154,1162058000
2003,관악구,봉천8동,6706,17326,8788,8538,1162059000
2003,관악구,봉천9동,5203,15443,7916,7527,1162060000
2003,관악구,봉천10동,5967,15013,7577,7436,1162061000
2003,관악구,봉천11동,11397,28969,14624,14345,1162062000
2003,관악구,남현동,6482,16370,8129,8241,1162063000
2003,관악구,신림본동,10739,25700,12836,12864,1162064000
2003,관악구,신림1동,8683,22598,11208,11390,1162065000
2003,관악구,신림2동,11722,26201,14183,12018,1162066000
2003,관악구,신림3동,6690,19093,9762,9331,1162067000
2003,관악구,신림4동,11122,28601,14357,14244,1162068000
2003,관악구,신림5동,8215,16828,8352,8476,1162069000
2003,관악구,신림6동,4390,11351,5844,5507,1162070000
2003,관악구,신림7동,3017,7950,4085,3865,1162071000
2003,관악구,신림8동,8269,21240,10697,10543,1162072000
2003,관악구,신림9동,11645,23221,13483,9738,1162073000
2003,관악구,신림10동,7450,22454,11370,11084,1162074000
2003,관악구,신림11동,3931,10865,5508,5357,1162075000
2003,관악구,신림12동,7251,21466,10986,10480,1162076000
2003,관악구,신림13동,5946,16520,8463,8057,1162077000
2003,서초구,계,144165,400220,196071,204149,1165000000
2003,서초구,서초1동,6657,17339,8548,8791,1165051000
2003,서초구,서초2동,6995,20924,10476,10448,1165052000
2003,서초구,서초3동,8944,24166,12338,11828,1165053000
2003,서초구,서초4동,7999,25227,12456,12771,1165053100
2003,서초구,잠원동,13799,35513,16942,18571,1165054000
2003,서초구,반포본동,4310,13859,6511,7348,1165055000
2003,서초구,반포1동,12361,28450,13584,14866,1165056000
2003,서초구,반포2동,6644,20489,9878,10611,1165057000
2003,서초구,반포3동,8234,24621,11828,12793,1165058000
2003,서초구,반포4동,6569,19331,9502,9829,1165058100
2003,서초구,방배본동,6075,17495,8409,9086,1165059000
2003,서초구,방배1동,6225,17011,8395,8616,1165060000
2003,서초구,방배2동,11076,31347,15270,16077,1165061000
2003,서초구,방배3동,7449,22120,11001,11119,1165062000
2003,서초구,방배4동,7991,22874,11064,11810,1165062100
2003,서초구,양재1동,10475,27913,13749,14164,1165065100
2003,서초구,양재2동,9619,23644,11961,11683,1165065200
2003,서초구,내곡동,2743,7897,4159,3738,1165066000
2003,강남구,계,196628,536031,260868,275163,1168000000
2003,강남구,신사동,8605,23093,10928,12165,1168051000
2003,강남구,논현1동,13107,27308,12766,14542,1168052100
2003,강남구,논현2동,9406,22456,10857,11599,1168053100
2003,강남구,압구정1동,6240,18177,8813,9364,1168054000
2003,강남구,압구정2동,4793,12785,6104,6681,1168055000
2003,강남구,청담1동,7052,20422,10077,10345,1168056000
2003,강남구,청담2동,5093,12794,6188,6606,1168057000
2003,강남구,삼성1동,4499,13917,7150,6767,1168058000
2003,강남구,삼성2동,8784,21232,10485,10747,1168059000
2003,강남구,대치1동,6098,21646,10625,11021,1168060000
2003,강남구,대치2동,8148,28194,14064,14130,1168061000
2003,강남구,대치3동,5912,17725,8968,8757,1168062000
2003,강남구,대치4동,7736,18142,8756,9386,1168063000
2003,강남구,역삼1동,16134,33548,16137,17411,1168064000
2003,강남구,역삼2동,8803,22798,10821,11977,1168065000
2003,강남구,도곡1동,6989,21363,10430,10933,1168065500
2003,강남구,도곡2동,7576,22422,10920,11502,1168065600
2003,강남구,개포1동,7957,24267,11794,12473,1168066000
2003,강남구,개포2동,7379,19927,9607,10320,1168067000
2003,강남구,개포3동,5290,18080,8953,9127,1168068000
2003,강남구,개포4동,9090,24125,11833,12292,1168069000
2003,강남구,일원본동,7736,24680,12101,12579,1168072000
2003,강남구,일원1동,7400,20775,10222,10553,1168073000
2003,강남구,일원2동,7040,20429,9968,10461,1168074000
2003,강남구,수서동,7617,19596,9079,10517,1168075000
2003,강남구,세곡동,2144,6130,3222,2908,1168070000
2003,송파구,계,219648,623267,309170,314097,1171000000
2003,송파구,풍납1동,8243,22545,11127,11418,1171051000
2003,송파구,풍납2동,11119,31625,15648,15977,1171052000
2003,송파구,거여1동,5647,17340,8680,8660,1171053100
2003,송파구,거여2동,11290,32167,16413,15754,1171053200
2003,송파구,마천1동,7416,20685,10616,10069,1171054000
2003,송파구,마천2동,8444,25521,13001,12520,1171055000
2003,송파구,방이1동,5690,16848,8450,8398,1171056100
2003,송파구,방이2동,10023,25825,12821,13004,1171056200
2003,송파구,오륜동,6591,23016,11121,11895,1171056600
2003,송파구,오금동,13339,39911,19869,20042,1171057000
2003,송파구,송파1동,10168,26997,13243,13754,1171058000
2003,송파구,송파2동,7627,24148,11872,12276,1171059000
2003,송파구,석촌동,13503,33908,16932,16976,1171060000
2003,송파구,삼전동,13467,34496,16992,17504,1171061000
2003,송파구,가락본동,9610,27676,13892,13784,1171062000
2003,송파구,가락1동,7444,20713,10277,10436,1171063100
2003,송파구,가락2동,11999,36900,18385,18515,1171063200
2003,송파구,문정1동,5879,17003,8553,8450,1171064100
2003,송파구,문정2동,5753,18498,9158,9340,1171064200
2003,송파구,장지동,7623,21141,10685,10456,1171064600
2003,송파구,잠실본동,12519,30712,14693,16019,1171065000
2003,송파구,잠실1동,6198,14196,6883,7313,1171066000
2003,송파구,잠실2동,865,1911,952,959,1171067000
2003,송파구,잠실3동,101,206,108,98,1171068000
2003,송파구,잠실4동,5879,16465,8118,8347,1171069000
2003,송파구,잠실5동,4601,15071,7450,7621,1171070000
2003,송파구,잠실6동,5030,16068,7732,8336,1171071000
2003,송파구,잠실7동,3580,11675,5499,6176,1171072000
2003,강동구,계,166704,479270,241834,237436,1174000000
2003,강동구,강일동,2290,5416,2888,2528,1174051500
2003,강동구,상일동,10147,32135,16279,15856,1174052000
2003,강동구,명일1동,9560,29945,14939,15006,1174053000
2003,강동구,명일2동,5941,20075,10225,9850,1174054000
2003,강동구,고덕1동,8088,25504,13047,12457,1174055000
2003,강동구,고덕2동,7372,21490,10997,10493,1174056000
2003,강동구,암사1동,9051,23962,12085,11877,1174057000
2003,강동구,암사2동,5815,17407,8717,8690,1174058000
2003,강동구,암사3동,5149,14416,7214,7202,1174059000
2003,강동구,암사4동,4487,11948,6052,5896,1174059100
2003,강동구,천호1동,12184,34114,17138,16976,1174060000
2003,강동구,천호2동,6074,15802,8121,7681,1174061000
2003,강동구,천호3동,11520,29510,14906,14604,1174062000
2003,강동구,천호4동,8577,22800,11478,11322,1174063000
2003,강동구,성내1동,7551,21938,10963,10975,1174064000
2003,강동구,성내2동,10686,27572,13808,13764,1174065000
2003,강동구,성내3동,8657,23617,11882,11735,1174066000
2003,강동구,길1동,7748,21805,10912,10893,1174067000
2003,강동구,길2동,8969,27101,13447,13654,1174068000
2003,강동구,둔촌1동,7017,22931,11905,11026,1174069000
2003,강동구,둔촌2동,9821,29782,14831,14951,1174070000
2001,계,계,3570228,10331244,5175786,5155458,1100000000
2001,종로구,계,70085,187038,94120,92918,1111000000
2001,종로구,청운동,1924,5738,2970,2768,1111051000
2001,종로구,효자동,4349,12365,6059,6306,1111052000
2001,종로구,사직동,3526,8727,4258,4469,1111053000
2001,종로구,삼청동,1964,5217,2584,2633,1111054000
2001,종로구,부암동,4659,13220,6575,6645,1111055000
2001,종로구,평창동,6767,20597,10130,10467,1111056000
2001,종로구,무악동,3070,9016,4413,4603,1111057000
2001,종로구,교남동,3964,9604,4651,4953,1111058000
2001,종로구,가회동,2737,7172,3561,3611,1111060000
2001,종로구,종로1.2.3.4가동,3887,7794,4207,3587,1111061500
2001,종로구,종로5.6가동,2948,8040,4149,3891,1111063000
2001,종로구,이화동,4306,11692,5770,5922,1111064000
2001,종로구,혜화동,4789,12000,5959,6041,1111065000
2001,종로구,명륜3가동,3321,7583,4025,3558,1111066000
2001,종로구,창신1동,3674,9053,4774,4279,1111067000
2001,종로구,창신2동,4671,13037,6708,6329,1111068000
2001,종로구,창신3동,2996,9318,4688,4630,1111069000
2001,종로구,숭인1동,2836,7807,4040,3767,1111070000
2001,종로구,숭인2동,3697,9058,4599,4459,1111071000
2001,중구,계,55409,146335,73524,72811,1114000000
2001,중구,소공동,609,1820,959,861,1114052000
2001,중구,회현동,2990,6858,3673,3185,1114054000
2001,중구,명동,1458,3927,1840,2087,1114055000
2001,중구,필동,2270,5699,2918,2781,1114057000
2001,중구,장충동,2873,6440,3243,3197,1114058000
2001,중구,광희동,2692,6323,3237,3086,1114059000
2001,중구,을지로동,966,1992,1119,873,1114060500
2001,중구,신당1동,3872,9975,5093,4882,1114061000
2001,중구,신당2동,6300,16903,8376,8527,1114062000
2001,중구,신당3동,7265,20026,9811,10215,1114063000
2001,중구,신당4동,5948,17472,8578,8894,1114064000
2001,중구,신당5동,4778,12522,6384,6138,1114065000
2001,중구,신당6동,4457,12720,6271,6449,1114066000
2001,중구,황학동,3703,9733,5018,4715,1114067000
2001,중구,중림동,5228,13925,7004,6921,1114068000
2001,용산구,계,92239,250550,124586,125964,1117000000
2001,용산구,후암동,7471,20099,10138,9961,1117051000
2001,용산구,용산2가동,5220,15327,7622,7705,1117052000
2001,용산구,남영동,3403,7076,3926,3150,1117053000
2001,용산구,청파1동,6676,18513,9423,9090,1117054000
2001,용산구,청파2동,3577,8156,3832,4324,1117055000
2001,용산구,원효로1동,2770,7178,3647,3531,1117056000
2001,용산구,원효로2동,5789,16383,8071,8312,1117057000
2001,용산구,효창동,3783,10969,5526,5443,1117058000
2001,용산구,용문동,4416,12599,6291,6308,1117059000
2001,용산구,한강로1동,1869,4688,2374,2314,1117060000
2001,용산구,한강로2동,2469,5834,2999,2835,1117061000
2001,용산구,한강로3동,2327,6093,3127,2966,1117062000
2001,용산구,이촌1동,8269,25872,12601,13271,1117063000
2001,용산구,이촌2동,3593,10132,4960,5172,1117064000
2001,용산구,이태원1동,3804,10134,4999,5135,1117065000
2001,용산구,이태원2동,4863,13373,6483,6890,1117066000
2001,용산구,한남1동,5402,14189,7115,7074,1117067000
2001,용산구,한남2동,4182,9951,4885,5066,1117068000
2001,용산구,서빙고동,4478,13484,6611,6873,1117069000
2001,용산구,보광동,7878,20500,9956,10544,1117070000
2001,성동구,계,121565,343471,173713,169758,1120000000
2001,성동구,왕십리1동,5117,14620,7376,7244,1120051000
2001,성동구,왕십리2동,5932,16919,8527,8392,1120052000
2001,성동구,도선동,3775,10212,5152,5060,1120053000
2001,성동구,마장동,8396,24716,12447,12269,1120054000
2001,성동구,사근동,4730,12382,6401,5981,1120055000
2001,성동구,행당1동,5664,15094,7592,7502,1120056000
2001,성동구,행당2동,9364,28969,14252,14717,1120057000
2001,성동구,응봉동,5422,16533,8131,8402,1120058000
2001,성동구,금호1가동,6270,18648,9282,9366,1120059000
2001,성동구,금호2가동,4790,13207,6618,6589,1120060000
2001,성동구,금호3가동,5829,16455,8135,8320,1120061000
2001,성동구,금호4가동,5843,16641,8336,8305,1120062000
2001,성동구,옥수1동,5068,13568,6920,6648,1120063000
2001,성동구,옥수2동,6257,18333,8904,9429,1120064000
2001,성동구,성수1가1동,6898,19710,10238,9472,1120065000
2001,성동구,성수1가2동,7299,20469,10507,9962,1120066000
2001,성동구,성수2가1동,8250,22748,11889,10859,1120067000
2001,성동구,성수2가3동,3549,9451,5007,4444,1120069000
2001,성동구,송정동,5794,14954,7770,7184,1120072000
2001,성동구,용답동,7318,19842,10229,9613,1120079000
2001,광진구,계,139190,390090,196416,193674,1121500000
2001,광진구,노유1동,5526,13458,6965,6493,1121584500
2001,광진구,노유2동,6244,16904,8788,8116,1121584600
2001,광진구,화양동,11077,24726,12540,12186,1121571000
2001,광진구,군자동,9167,24219,12398,11821,1121573000
2001,광진구,중곡1동,6501,17975,9165,8810,1121574000
2001,광진구,중곡2동,7916,23197,11695,11502,1121575000
2001,광진구,중곡3동,7580,21908,11032,10876,1121576000
2001,광진구,중곡4동,11118,33402,16643,16759,1121577000
2001,광진구,능동,4304,11457,5694,5763,1121578000
2001,광진구,구의1동,9428,24078,11850,12228,1121585000
2001,광진구,구의2동,8983,26252,13136,13116,1121586000
2001,광진구,구의3동,9908,29128,14500,14628,1121587000
2001,광진구,광장동,11055,35285,17451,17834,1121581000
2001,광진구,자양1동,9987,26766,13575,13191,1121582000
2001,광진구,자양2동,10247,30793,15452,15341,1121583000
2001,광진구,자양3동,10149,30542,15532,15010,1121584000
2001,동대문구,계,138849,383822,194451,189371,1123000000
2001,동대문구,신설동,3414,9167,4711,4456,1123051000
2001,동대문구,용두1동,5859,14050,7316,6734,1123052000
2001,동대문구,용두2동,4303,10965,5621,5344,1123053000
2001,동대문구,제기1동,5855,15722,7981,7741,1123054000
2001,동대문구,제기2동,5450,13496,7000,6496,1123055000
2001,동대문구,전농1동,5705,15718,8094,7624,1123056000
2001,동대문구,전농2동,2944,7276,3747,3529,1123057000
2001,동대문구,전농3동,7436,23499,11709,11790,1123058000
2001,동대문구,전농4동,5332,15025,7574,7451,1123059000
2001,동대문구,답십리1동,4301,12337,6305,6032,1123060000
2001,동대문구,답십리2동,5366,16723,8418,8305,1123061000
2001,동대문구,답십리3동,2758,8282,4178,4104,1123062000
2001,동대문구,답십리4동,5498,16160,8149,8011,1123063000
2001,동대문구,답십리5동,4083,11405,5816,5589,1123064000
2001,동대문구,장안1동,6705,19015,9669,9346,1123065000
2001,동대문구,장안2동,4369,12413,6388,6025,1123066000
2001,동대문구,장안3동,3526,10013,5284,4729,1123067000
2001,동대문구,장안4동,5683,16931,8633,8298,1123068000
2001,동대문구,청량리1동,5584,16652,8391,8261,1123069000
2001,동대문구,청량리2동,4157,10851,5494,5357,1123070000
2001,동대문구,회기동,4958,12420,6087,6333,1123071000
2001,동대문구,휘경1동,7102,17799,8907,8892,1123072000
2001,동대문구,휘경2동,8346,24289,12129,12160,1123073000
2001,동대문구,이문1동,5918,15102,7546,7556,1123074000
2001,동대문구,이문2동,7836,19486,9757,9729,1123075000
2001,동대문구,이문3동,6361,19026,9547,9479,1123076000
2001,중랑구,계,152708,449965,226046,223919,1126000000
2001,중랑구,면목1동,8565,23962,12112,11850,1126051000
2001,중랑구,면목2동,10755,31390,15792,15598,1126052000
2001,중랑구,면목3동,7171,20154,10125,10029,1126053000
2001,중랑구,면목4동,9345,25416,12406,13010,1126054000
2001,중랑구,면목5동,5601,16394,8311,8083,1126055000
2001,중랑구,면목6동,5775,17160,8676,8484,1126056000
2001,중랑구,면목7동,9545,28633,14470,14163,1126057000
2001,중랑구,면목8동,4797,14450,7301,7149,1126057100
2001,중랑구,상봉1동,7600,23261,11621,11640,1126058000
2001,중랑구,상봉2동,6966,18469,9313,9156,1126059000
2001,중랑구,중화1동,7314,22938,11570,11368,1126060000
2001,중랑구,중화2동,7998,21069,10852,10217,1126061000
2001,중랑구,중화3동,5537,15525,7833,7692,1126061100
2001,중랑구,묵1동,10313,32443,16112,16331,1126062000
2001,중랑구,묵2동,7206,20840,10453,10387,1126063000
2001,중랑구,망우1동,8957,26045,13128,12917,1126064000
2001,중랑구,망우2동,3689,10344,5266,5078,1126065000
2001,중랑구,망우3동,7567,22368,11202,11166,1126066000
2001,중랑구,신내1동,9200,30129,15131,14998,1126068000
2001,중랑구,신내2동,8807,28975,14372,14603,1126069000
2001,성북구,계,158642,453517,228040,225477,1129000000
2001,성북구,성북1동,2620,7717,3808,3909,1129051000
2001,성북구,성북2동,3148,9198,4603,4595,1129052000
2001,성북구,동소문동,4215,12383,6068,6315,1129053000
2001,성북구,삼선1동,4739,12584,6221,6363,1129054000
2001,성북구,삼선2동,5850,16040,8005,8035,1129055000
2001,성북구,동선1동,3090,7381,3508,3873,1129056000
2001,성북구,동선2동,2973,7985,3943,4042,1129057000
2001,성북구,돈암1동,5791,17286,8569,8717,1129058000
2001,성북구,돈암2동,4081,12573,6241,6332,1129059000
2001,성북구,안암동,7340,18211,9353,8858,1129060000
2001,성북구,보문동,6554,17752,8878,8874,1129061000
2001,성북구,정릉1동,7423,22657,11109,11548,1129062000
2001,성북구,정릉2동,6407,18520,9354,9166,1129063000
2001,성북구,정릉3동,7273,20899,10487,10412,1129064000
2001,성북구,정릉4동,6641,19183,9612,9571,1129065000
2001,성북구,길음1동,3699,10044,5003,5041,1129066000
2001,성북구,길음2동,2774,8234,4216,4018,1129068500
2001,성북구,길음3동,5744,15909,7964,7945,1129068000
2001,성북구,종암1동,5947,17107,8638,8469,1129069000
2001,성북구,종암2동,7288,21088,10706,10382,1129070000
2001,성북구,월곡1동,6042,16997,8630,8367,1129071500
2001,성북구,월곡2동,3542,10010,5099,4911,1129072500
2001,성북구,월곡3동,2622,6971,3641,3330,1129073500
2001,성북구,월곡4동,428,1218,644,574,1129074500
2001,성북구,상월곡동,2409,7224,3663,3561,1129075000
2001,성북구,장위1동,9123,27675,13862,13813,1129076000
2001,성북구,장위2동,8395,25177,12795,12382,1129077000
2001,성북구,장위3동,7144,20572,10592,9980,1129078000
2001,성북구,석관1동,10399,31023,15815,15208,1129079000
2001,성북구,석관2동,4941,13899,7013,6886,1129080000
2001,강북구,계,119814,352317,175958,176359,1130500000
2001,강북구,미아1동,3564,10506,5341,5165,1130553100
2001,강북구,미아2동,6333,18095,9332,8763,1130553200
2001,강북구,미아3동,9409,26943,13478,13465,1130553300
2001,강북구,미아4동,5926,16432,8183,8249,1130554000
2001,강북구,미아5동,6721,19331,9770,9561,1130555000
2001,강북구,미아6.7동,5481,16149,8188,7961,1130556500
2001,강북구,미아8동,6188,17975,8945,9030,1130558000
2001,강북구,미아9동,6278,19390,9717,9673,1130558100
2001,강북구,번1동,8118,22134,10912,11222,1130559500
2001,강북구,번2동,7791,24249,12120,12129,1130560300
2001,강북구,번3동,7672,25222,12180,13042,1130560800
2001,강북구,수유1동,8605,25061,12663,12398,1130561500
2001,강북구,수유2동,8379,25699,12717,12982,1130562500
2001,강북구,수유3동,9500,26229,12987,13242,1130563000
2001,강북구,수유4동,7569,22567,11327,11240,1130564000
2001,강북구,수유5동,6563,19202,9576,9626,1130565000
2001,강북구,수유6동,5717,17133,8522,8611,1130565100
2001,도봉구,계,119856,372318,186441,185877,1132000000
2001,도봉구,쌍문1동,7970,24802,12428,12374,1132066000
2001,도봉구,쌍문2동,7582,22729,11378,11351,1132067000
2001,도봉구,쌍문3동,6058,18213,8996,9217,1132068000
2001,도봉구,쌍문4동,7323,23961,11860,12101,1132068100
2001,도봉구,방학1동,9576,28410,14355,14055,1132069000
2001,도봉구,방학2동,9110,27792,14041,13751,1132070000
2001,도봉구,방학3동,6322,20677,10238,10439,1132071000
2001,도봉구,방학4동,3998,14245,7158,7087,1132072000
2001,도봉구,창1동,10303,32506,16158,16348,1132051100
2001,도봉구,창2동,8677,26606,13365,13241,1132051200
2001,도봉구,창3동,6204,18801,9529,9272,1132051300
2001,도봉구,창4동,10554,33408,16454,16954,1132051400
2001,도봉구,창5동,6408,19348,9704,9644,1132051500
2001,도봉구,도봉1동,9724,29018,14753,14265,1132052100
2001,도봉구,도봉2동,10047,31802,16024,15778,1132052200
2001,노원구,계,207842,648615,321219,327396,1135000000
2001,노원구,월계1동,6093,18618,9265,9353,1135056000
2001,노원구,월계2동,10062,30007,14698,15309,1135057000
2001,노원구,월계3동,9158,29102,14550,14552,1135058000
2001,노원구,월계4동,7941,22685,11206,11479,1135058100
2001,노원구,공릉1동,6684,19471,9865,9606,1135059500
2001,노원구,공릉2동,14934,47581,23997,23584,1135060000
2001,노원구,공릉3동,7008,21123,10271,10852,1135060100
2001,노원구,하계1동,11314,34177,16588,17589,1135061100
2001,노원구,하계2동,8400,28243,13978,14265,1135061200
2001,노원구,중계본동,9380,30772,15397,15375,1135061900
2001,노원구,중계1동,9797,33303,16473,16830,1135062100
2001,노원구,중계2동,5944,19241,9400,9841,1135062200
2001,노원구,중계3동,8815,27591,13257,14334,1135062300
2001,노원구,중계4동,7685,23985,11812,12173,1135062400
2001,노원구,상계1동,13082,42533,21355,21178,1135063000
2001,노원구,상계2동,6836,20714,10395,10319,1135064000
2001,노원구,상계3동,9402,27932,13923,14009,1135065000
2001,노원구,상계4동,6168,17789,9112,8677,1135066000
2001,노원구,상계5동,9130,27826,13847,13979,1135067000
2001,노원구,상계6동,7542,23722,11591,12131,1135068000
2001,노원구,상계7동,6324,18162,8714,9448,1135069000
2001,노원구,상계8동,9511,32042,15847,16195,1135070000
2001,노원구,상계9동,8930,28610,14310,14300,1135071000
2001,노원구,상계10동,7702,23386,11368,12018,1135072000
2001,은평구,계,160274,469242,233493,235749,1138000000
2001,은평구,녹번동,12919,36220,17838,18382,1138051000
2001,은평구,불광1동,11100,31677,15716,15961,1138052000
2001,은평구,불광2동,7449,21308,10534,10774,1138053000
2001,은평구,불광3동,8363,23868,11853,12015,1138054000
2001,은평구,갈현1동,9085,27250,13513,13737,1138055100
2001,은평구,갈현2동,8280,25473,12335,13138,1138055200
2001,은평구,구산동,8712,27061,13731,13330,1138056000
2001,은평구,대조동,11133,31368,15335,16033,1138057000
2001,은평구,응암1동,10335,30129,14837,15292,1138058000
2001,은평구,응암2동,6827,19472,9837,9635,1138059000
2001,은평구,응암3동,7429,21494,10814,10680,1138060000
2001,은평구,응암4동,7061,20387,10194,10193,1138068000
2001,은평구,역촌1동,7592,22191,10822,11369,1138061000
2001,은평구,역촌2동,6407,19541,9622,9919,1138062000
2001,은평구,신사1동,7921,24613,12226,12387,1138063100
2001,은평구,신사2동,7760,23914,12129,11785,1138063200
2001,은평구,증산동,6741,20629,10442,10187,1138064000
2001,은평구,수색동,7091,20736,10500,10236,1138065000
2001,은평구,진관내동,4013,10682,5445,5237,1138066000
2001,은평구,진관외동,4056,11229,5770,5459,1138067000
2001,서대문구,계,132044,371316,183959,187357,1141000000
2001,서대문구,충정로동,3457,8791,4492,4299,1141051000
2001,서대문구,천연동,7437,20328,10046,10282,1141052000
2001,서대문구,북아현1동,4204,10684,5199,5485,1141054000
2001,서대문구,북아현2동,4054,10810,5271,5539,1141055000
2001,서대문구,북아현3동,5415,15136,7548,7588,1141056000
2001,서대문구,대신동,3750,9085,4165,4920,1141057000
2001,서대문구,창천동,5288,12385,6077,6308,1141058000
2001,서대문구,연희1동,5781,15960,7903,8057,1141059000
2001,서대문구,연희2동,4078,11837,5873,5964,1141060000
2001,서대문구,연희3동,6572,17019,8359,8660,1141061000
2001,서대문구,홍제1동,5800,16510,7998,8512,1141062000
2001,서대문구,홍제2동,4933,14143,6965,7178,1141065500
2001,서대문구,홍제3동,7938,22947,11441,11506,1141064000
2001,서대문구,홍제4동,5882,17745,8726,9019,1141065000
2001,서대문구,홍은1동,3700,11460,5672,5788,1141066000
2001,서대문구,홍은2동,7180,20917,10485,10432,1141068500
2001,서대문구,홍은3동,9898,29121,14524,14597,1141068000
2001,서대문구,남가좌1동,7103,18734,9416,9318,1141069000
2001,서대문구,남가좌2동,11760,34679,17243,17436,1141070000
2001,서대문구,북가좌1동,6891,20366,10246,10120,1141071000
2001,서대문구,북가좌2동,10923,32659,16310,16349,1141072000
2001,마포구,계,140799,382195,189506,192689,1144000000
2001,마포구,아현1동,5722,15412,7852,7560,1144051000
2001,마포구,아현2동,4107,10712,5333,5379,1144052000
2001,마포구,아현3동,3653,9456,4694,4762,1144053000
2001,마포구,공덕1동,3990,10679,5239,5440,1144054000
2001,마포구,공덕2동,4684,12452,6228,6224,1144055000
2001,마포구,신공덕동,4074,11520,5804,5716,1144056000
2001,마포구,도화1동,3713,10796,5217,5579,1144057000
2001,마포구,도화2동,4618,13183,6442,6741,1144058000
2001,마포구,용강동,3836,10326,5090,5236,1144059000
2001,마포구,대흥동,5970,16550,8268,8282,1144060000
2001,마포구,염리동,8113,20950,10409,10541,1144061000
2001,마포구,노고산동,4461,9712,4692,5020,1144062000
2001,마포구,신수동,6866,19128,9479,9649,1144063000
2001,마포구,창전동,4668,12362,6060,6302,1144064000
2001,마포구,상수동,5149,13544,6679,6865,1144065000
2001,마포구,서교동,7881,18870,9246,9624,1144066000
2001,마포구,동교동,6059,13423,6448,6975,1144067000
2001,마포구,합정동,8188,23313,11590,11723,1144068000
2001,마포구,망원1동,8717,24686,12428,12258,1144069000
2001,마포구,망원2동,6711,20004,10071,9933,1144070000
2001,마포구,연남동,7117,19158,9518,9640,1144071000
2001,마포구,성산1동,6872,19444,9692,9752,1144072000
2001,마포구,성산2동,13288,40108,19697,20411,1144073000
2001,마포구,상암동,2342,6407,3330,3077,1144074000
2001,양천구,계,156180,486095,244793,241302,1147000000
2001,양천구,목1동,7415,24079,12023,12056,1147051000
2001,양천구,목2동,9764,29889,15050,14839,1147052000
2001,양천구,목3동,6892,20109,10078,10031,1147053000
2001,양천구,목4동,7538,22764,11420,11344,1147054000
2001,양천구,목5동,6937,23593,11762,11831,1147055000
2001,양천구,목6동,7154,25240,12699,12541,1147055100
2001,양천구,신월1동,9274,26904,13641,13263,1147056000
2001,양천구,신월2동,8097,25732,13123,12609,1147057000
2001,양천구,신월3동,7633,21807,11114,10693,1147058000
2001,양천구,신월4동,5492,17523,8994,8529,1147059000
2001,양천구,신월5동,5473,15983,8103,7880,1147060000
2001,양천구,신월6동,5023,15322,7749,7573,1147061000
2001,양천구,신월7동,9445,30192,15248,14944,1147061100
2001,양천구,신정1동,8716,27119,13451,13668,1147062000
2001,양천구,신정2동,5775,19680,9924,9756,1147063000
2001,양천구,신정3동,15258,44191,22290,21901,1147064000
2001,양천구,신정4동,5978,17367,8780,8587,1147065000
2001,양천구,신정5동,6333,18483,9290,9193,1147066000
2001,양천구,신정6동,7635,26042,12850,13192,1147067000
2001,양천구,신정7동,10348,34076,17204,16872,1147068000
2001,강서구,계,175849,523542,260181,263361,1150000000
2001,강서구,염창동,11597,37354,18754,18600,1150051000
2001,강서구,등촌1동,5519,17357,8774,8583,1150052000
2001,강서구,등촌2동,5466,16699,8421,8278,1150053000
2001,강서구,등촌3동,13205,40288,19363,20925,1150053500
2001,강서구,화곡본동,10913,31713,15808,15905,1150059000
2001,강서구,화곡1동,7672,21868,10956,10912,1150054000
2001,강서구,화곡2동,6499,19744,9836,9908,1150055000
2001,강서구,화곡3동,5119,15291,7555,7736,1150056000
2001,강서구,화곡4동,7804,22830,11528,11302,1150057000
2001,강서구,화곡5동,8473,25467,12530,12937,1150058000
2001,강서구,화곡6동,6598,19020,9362,9658,1150059100
2001,강서구,화곡7동,9885,28746,14367,14379,1150059200
2001,강서구,화곡8동,8563,26050,12942,13108,1150059300
2001,강서구,가양1동,6681,21565,10988,10577,1150060300
2001,강서구,가양2동,7208,21209,10265,10944,1150060400
2001,강서구,가양3동,7509,22505,11130,11375,1150060500
2001,강서구,발산1동,4853,15338,7546,7792,1150061100
2001,강서구,발산2동,4801,14113,6887,7226,1150061200
2001,강서구,공항동,8681,23340,11948,11392,1150062000
2001,강서구,방화1동,8809,26019,13155,12864,1150063000
2001,강서구,방화2동,9219,25908,12836,13072,1150064000
2001,강서구,방화3동,10775,31118,15230,15888,1150064100
2001,구로구,계,140533,417453,212616,204837,1153000000
2001,구로구,신도림동,8789,28877,14575,14302,1153051000
2001,구로구,구로1동,6905,23467,11785,11682,1153052000
2001,구로구,구로2동,7587,20188,10438,9750,1153053000
2001,구로구,구로3동,7089,20134,10168,9966,1153054000
2001,구로구,구로4동,5873,16861,8469,8392,1153055000
2001,구로구,구로5동,10535,30510,15627,14883,1153056000
2001,구로구,구로6동,5439,15043,7565,7478,1153057000
2001,구로구,구로본동,7331,20188,10312,9876,1153056500
2001,구로구,가리봉1동,5438,11564,6373,5191,1153058000
2001,구로구,가리봉2동,2608,6180,3288,2892,1153059000
2001,구로구,고척1동,7742,23856,12155,11701,1153072000
2001,구로구,고척2동,10680,32484,16669,15815,1153073000
2001,구로구,개봉1동,6052,18343,9458,8885,1153074000
2001,구로구,개봉2동,10557,33961,16904,17057,1153075000
2001,구로구,개봉3동,7686,23815,11972,11843,1153076000
2001,구로구,개봉본동,7123,21785,11026,10759,1153076500
2001,구로구,오류1동,6460,19627,9972,9655,1153077000
2001,구로구,오류2동,8666,25981,13224,12757,1153078000
2001,구로구,수궁동,7973,24589,12636,11953,1153079000
2001,금천구,계,91035,263061,134788,128273,1154500000
2001,금천구,가산동,8773,22937,12284,10653,1154551000
2001,금천구,독산1동,11032,33286,17065,16221,1154561000
2001,금천구,독산2동,9751,27584,14071,13513,1154562000
2001,금천구,독산3동,6111,17254,8786,8468,1154563000
2001,금천구,독산4동,7596,21225,10891,10334,1154564000
2001,금천구,독산본동,5980,15676,8038,7638,1154565000
2001,금천구,시흥1동,5589,17287,8904,8383,1154567000
2001,금천구,시흥2동,3540,11938,5935,6003,1154568000
2001,금천구,시흥3동,4627,14086,7173,6913,1154569000
2001,금천구,시흥4동,10178,30515,15508,15007,1154570000
2001,금천구,시흥5동,9003,26689,13669,13020,1154571000
2001,금천구,시흥본동,8855,24584,12464,12120,1154566000
2001,영등포구,계,145093,409920,208380,201540,1156000000
2001,영등포구,영등포1동,3203,7708,4034,3674,1156051000
2001,영등포구,영등포2동,2719,5856,3309,2547,1156052000
2001,영등포구,영등포3동,3473,10054,5090,4964,1156053000
2001,영등포구,여의도동,9660,30090,14787,15303,1156054000
2001,영등포구,당산1동,7551,20260,10192,10068,1156055000
2001,영등포구,당산2동,8557,25266,12672,12594,1156056000
2001,영등포구,도림1동,3693,9757,4982,4775,1156057000
2001,영등포구,도림2동,4765,12905,6616,6289,1156058000
2001,영등포구,문래1동,3072,9967,5366,4601,1156059000
2001,영등포구,문래2동,4381,14173,7176,6997,1156060000
2001,영등포구,양평1동,5261,15238,7799,7439,1156061000
2001,영등포구,양평2동,7230,22465,11480,10985,1156062000
2001,영등포구,신길1동,9570,24909,12448,12461,1156063000
2001,영등포구,신길2동,4717,12449,6281,6168,1156064000
2001,영등포구,신길3동,8166,23473,11719,11754,1156065000
2001,영등포구,신길4동,5632,16054,8139,7915,1156066000
2001,영등포구,신길5동,7448,20624,10580,10044,1156067000
2001,영등포구,신길6동,10028,28178,14328,13850,1156068000
2001,영등포구,신길7동,6938,19894,10096,9798,1156069000
2001,영등포구,대림1동,7602,21416,10846,10570,1156070000
2001,영등포구,대림2동,9142,23805,12253,11552,1156071000
2001,영등포구,대림3동,12285,35379,18187,17192,1156072000
2001,동작구,계,143095,407793,204604,203189,1159000000
2001,동작구,노량진1동,9160,26390,13358,13032,1159051000
2001,동작구,노량진2동,7815,20382,10321,10061,1159052000
2001,동작구,상도1동,5023,14473,7195,7278,1159053000
2001,동작구,상도2동,8336,23165,11505,11660,1159054000
2001,동작구,상도3동,7396,22014,11047,10967,1159055000
2001,동작구,상도4동,10641,31755,16021,15734,1159056000
2001,동작구,상도5동,5958,16678,8426,8252,1159056100
2001,동작구,본동,4519,12417,6243,6174,1159057000
2001,동작구,흑석1동,6038,15024,7732,7292,1159058000
2001,동작구,흑석2동,5065,14598,7222,7376,1159059000
2001,동작구,흑석3동,4214,11619,5835,5784,1159060000
2001,동작구,동작동,7434,21516,10713,10803,1159061000
2001,동작구,사당1동,9447,24987,12400,12587,1159062000
2001,동작구,사당2동,4768,14091,6932,7159,1159063000
2001,동작구,사당3동,8790,26074,13077,12997,1159064000
2001,동작구,사당4동,5358,15558,7888,7670,1159065000
2001,동작구,사당5동,5548,16438,8356,8082,1159065100
2001,동작구,대방동,12212,36470,18286,18184,1159066000
2001,동작구,신대방1동,8254,23243,11647,11596,1159067000
2001,동작구,신대방2동,7119,20901,10400,10501,1159068000
2001,관악구,계,192531,529741,270515,259226,1162000000
2001,관악구,봉천본동,6251,18528,9346,9182,1162051000
2001,관악구,봉천1동,9589,28236,14232,14004,1162052000
2001,관악구,봉천2동,4323,13571,6840,6731,1162053000
2001,관악구,봉천3동,4177,12392,6232,6160,1162054000
2001,관악구,봉천4동,7030,17548,8864,8684,1162055000
2001,관악구,봉천5동,6442,20034,10144,9890,1162056000
2001,관악구,봉천6동,11258,30351,15499,14852,1162057000
2001,관악구,봉천7동,6589,16658,8595,8063,1162058000
2001,관악구,봉천8동,6663,18216,9291,8925,1162059000
2001,관악구,봉천9동,3678,11312,5780,5532,1162060000
2001,관악구,봉천10동,5629,15412,7724,7688,1162061000
2001,관악구,봉천11동,10291,28879,14581,14298,1162062000
2001,관악구,남현동,6308,16911,8498,8413,1162063000
2001,관악구,신림본동,9299,24767,12383,12384,1162064000
2001,관악구,신림1동,8457,23611,11784,11827,1162065000
2001,관악구,신림2동,10817,26606,14181,12425,1162066000
2001,관악구,신림3동,6588,20027,10281,9746,1162067000
2001,관악구,신림4동,10833,29328,14810,14518,1162068000
2001,관악구,신림5동,7076,16530,8195,8335,1162069000
2001,관악구,신림6동,4108,11102,5718,5384,1162070000
2001,관악구,신림7동,3869,10683,5540,5143,1162071000
2001,관악구,신림8동,8030,21438,10844,10594,1162072000
2001,관악구,신림9동,11268,24429,14020,10409,1162073000
2001,관악구,신림10동,7437,23599,11957,11642,1162074000
2001,관악구,신림11동,3995,11478,5854,5624,1162075000
2001,관악구,신림12동,6903,21717,11015,10702,1162076000
2001,관악구,신림13동,5623,16378,8307,8071,1162077000
2001,서초구,계,138387,397983,195954,202029,1165000000
2001,서초구,서초1동,5846,16851,8384,8467,1165051000
2001,서초구,서초2동,6650,20533,10375,10158,1165052000
2001,서초구,서초3동,8868,24117,12557,11560,1165053000
2001,서초구,서초4동,7700,24318,12082,12236,1165053100
2001,서초구,잠원동,12638,33540,16040,17500,1165054000
2001,서초구,반포본동,4415,14551,6808,7743,1165055000
2001,서초구,반포1동,11505,27958,13408,14550,1165056000
2001,서초구,반포2동,6358,20167,9752,10415,1165057000
2001,서초구,반포3동,7949,24455,11821,12634,1165058000
2001,서초구,반포4동,6199,19088,9403,9685,1165058100
2001,서초구,방배본동,6296,18496,8958,9538,1165059000
2001,서초구,방배1동,5807,16415,8074,8341,1165060000
2001,서초구,방배2동,10670,31283,15339,15944,1165061000
2001,서초구,방배3동,7801,23997,11971,12026,1165062000
2001,서초구,방배4동,7687,22796,11095,11701,1165062100
2001,서초구,양재1동,10072,28020,13837,14183,1165065100
2001,서초구,양재2동,9025,22874,11571,11303,1165065200
2001,서초구,내곡동,2901,8524,4479,4045,1165066000
2001,강남구,계,192505,546038,267550,278488,1168000000
2001,강남구,신사동,8719,23353,11198,12155,1168051000
2001,강남구,논현1동,11875,26174,12370,13804,1168052100
2001,강남구,논현2동,8549,21568,10553,11015,1168053100
2001,강남구,압구정1동,6097,19146,9310,9836,1168054000
2001,강남구,압구정2동,4873,13647,6522,7125,1168055000
2001,강남구,청담1동,7180,20901,10373,10528,1168056000
2001,강남구,청담2동,4904,12850,6287,6563,1168057000
2001,강남구,삼성1동,4656,14603,7556,7047,1168058000
2001,강남구,삼성2동,9695,26193,13047,13146,1168059000
2001,강남구,대치1동,6659,23105,11354,11751,1168060000
2001,강남구,대치2동,7979,28463,14076,14387,1168061000
2001,강남구,대치3동,5762,17750,9013,8737,1168062000
2001,강남구,대치4동,6277,15209,7423,7786,1168063000
2001,강남구,역삼1동,14376,31481,15526,15955,1168064000
2001,강남구,역삼2동,10927,30200,14534,15666,1168065000
2001,강남구,도곡1동,7264,21969,10794,11175,1168065500
2001,강남구,도곡2동,7002,19248,9351,9897,1168065600
2001,강남구,개포1동,7527,23750,11588,12162,1168066000
2001,강남구,개포2동,7078,20078,9739,10339,1168067000
2001,강남구,개포3동,5582,19042,9548,9494,1168068000
2001,강남구,개포4동,8584,23428,11545,11883,1168069000
2001,강남구,일원본동,7442,24737,12292,12445,1168072000
2001,강남구,일원1동,7252,21707,10695,11012,1168073000
2001,강남구,일원2동,6820,20853,10139,10714,1168074000
2001,강남구,수서동,7192,19900,9212,10688,1168075000
2001,강남구,세곡동,2234,6683,3505,3178,1168070000
2001,송파구,계,222337,658242,327198,331044,1171000000
2001,송파구,풍납1동,8402,23991,11883,12108,1171051000
2001,송파구,풍납2동,11077,33191,16460,16731,1171052000
2001,송파구,거여1동,5459,17428,8762,8666,1171053100
2001,송파구,거여2동,11037,32866,16778,16088,1171053200
2001,송파구,마천1동,7450,21763,11087,10676,1171054000
2001,송파구,마천2동,7845,24470,12522,11948,1171055000
2001,송파구,방이1동,5469,16752,8432,8320,1171056100
2001,송파구,방이2동,8975,24732,12369,12363,1171056200
2001,송파구,오륜동,6479,23075,11189,11886,1171056600
2001,송파구,오금동,12686,39454,19671,19783,1171057000
2001,송파구,송파1동,9332,25787,12742,13045,1171058000
2001,송파구,송파2동,6566,21410,10500,10910,1171059000
2001,송파구,석촌동,12235,32507,16324,16183,1171060000
2001,송파구,삼전동,12150,32215,15922,16293,1171061000
2001,송파구,가락본동,9297,27622,13889,13733,1171062000
2001,송파구,가락1동,7316,21552,10775,10777,1171063100
2001,송파구,가락2동,11715,37121,18512,18609,1171063200
2001,송파구,문정1동,5655,16880,8502,8378,1171064100
2001,송파구,문정2동,5592,18480,9111,9369,1171064200
2001,송파구,장지동,7037,20734,10504,10230,1171064600
2001,송파구,잠실본동,11162,28837,13994,14843,1171065000
2001,송파구,잠실1동,5810,14082,6841,7241,1171066000
2001,송파구,잠실2동,4857,13439,6605,6834,1171067000
2001,송파구,잠실3동,6040,18030,8822,9208,1171068000
2001,송파구,잠실4동,9806,28563,13989,14574,1171069000
2001,송파구,잠실5동,4401,15222,7515,7707,1171070000
2001,송파구,잠실6동,4886,16058,7776,8282,1171071000
2001,송파구,잠실7동,3601,11981,5722,6259,1171072000
2001,강동구,계,163367,490585,247735,242850,1174000000
2001,강동구,강일동,1880,5154,2707,2447,1174051500
2001,강동구,상일동,10125,33366,16858,16508,1174052000
2001,강동구,명일1동,9474,30400,15063,15337,1174053000
2001,강동구,명일2동,5933,20779,10577,10202,1174054000
2001,강동구,고덕1동,8246,26787,13728,13059,1174055000
2001,강동구,고덕2동,7201,22523,11538,10985,1174056000
2001,강동구,암사1동,8706,24333,12334,11999,1174057000
2001,강동구,암사2동,5687,17943,8990,8953,1174058000
2001,강동구,암사3동,5166,14888,7492,7396,1174059000
2001,강동구,암사4동,5425,15670,7940,7730,1174059100
2001,강동구,천호1동,11740,33728,16926,16802,1174060000
2001,강동구,천호2동,6407,17492,8916,8576,1174061000
2001,강동구,천호3동,11310,30772,15545,15227,1174062000
2001,강동구,천호4동,8406,23505,11821,11684,1174063000
2001,강동구,성내1동,6602,20349,10267,10082,1174064000
2001,강동구,성내2동,10582,28640,14380,14260,1174065000
2001,강동구,성내3동,8047,22789,11518,11271,1174066000
2001,강동구,길1동,7265,21441,10760,10681,1174067000
2001,강동구,길2동,8745,27127,13547,13580,1174068000
2001,강동구,둔촌1동,6840,22893,11816,11077,1174069000
2001,강동구,둔촌2동,9580,30006,15012,14994,1174070000
2002,계,계,3623929,10280523,5144833,5135690,1100000000
2002,종로구,계,70113,184224,92681,91543,1111000000
2002,종로구,청운동,1882,5624,2936,2688,1111051000
2002,종로구,효자동,4404,12287,5992,6295,1111052000
2002,종로구,사직동,3438,8565,4156,4409,1111053000
2002,종로구,삼청동,1927,5015,2476,2539,1111054000
2002,종로구,부암동,4665,13175,6654,6521,1111055000
2002,종로구,평창동,6820,20599,10107,10492,1111056000
2002,종로구,무악동,3115,8941,4382,4559,1111057000
2002,종로구,교남동,3991,9515,4608,4907,1111058000
2002,종로구,가회동,2704,7025,3461,3564,1111060000
2002,종로구,종로1.2.3.4가동,3833,7501,4077,3424,1111061500
2002,종로구,종로5.6가동,2825,7496,3869,3627,1111063000
2002,종로구,이화동,4242,11206,5545,5661,1111064000
2002,종로구,혜화동,4993,12184,6044,6140,1111065000
2002,종로구,명륜3가동,3365,7436,3931,3505,1111066000
2002,종로구,창신1동,3627,8774,4623,4151,1111067000
2002,종로구,창신2동,4687,12885,6581,6304,1111068000
2002,종로구,창신3동,2990,9248,4660,4588,1111069000
2002,종로구,숭인1동,2777,7518,3905,3613,1111070000
2002,종로구,숭인2동,3828,9230,4674,4556,1111071000
2002,중구,계,54521,141603,71109,70494,1114000000
2002,중구,소공동,582,1813,985,828,1114052000
2002,중구,회현동,2831,6323,3399,2924,1114054000
2002,중구,명동,1468,3894,1819,2075,1114055000
2002,중구,필동,2267,5602,2894,2708,1114057000
2002,중구,장충동,2884,6412,3170,3242,1114058000
2002,중구,광희동,2566,5963,3079,2884,1114059000
2002,중구,을지로동,968,1962,1113,849,1114060500
2002,중구,신당1동,3750,9507,4811,4696,1114061000
2002,중구,신당2동,6445,17131,8442,8689,1114062000
2002,중구,신당3동,7563,20417,10056,10361,1114063000
2002,중구,신당4동,5998,17248,8439,8809,1114064000
2002,중구,신당5동,4658,11921,6069,5852,1114065000
2002,중구,신당6동,4055,11486,5703,5783,1114066000
2002,중구,황학동,3340,8413,4377,4036,1114067000
2002,중구,중림동,5146,13511,6753,6758,1114068000
2002,용산구,계,91735,245218,121976,123242,1117000000
2002,용산구,후암동,7450,19710,9932,9778,1117051000
2002,용산구,용산2가동,5142,15041,7468,7573,1117052000
2002,용산구,남영동,3514,7107,3959,3148,1117053000
2002,용산구,청파1동,6594,17889,9113,8776,1117054000
2002,용산구,청파2동,3645,8107,3771,4336,1117055000
2002,용산구,원효로1동,2778,7047,3566,3481,1117056000
2002,용산구,원효로2동,5649,15942,7884,8058,1117057000
2002,용산구,효창동,3807,10727,5419,5308,1117058000
2002,용산구,용문동,4729,13381,6697,6684,1117059000
2002,용산구,한강로1동,1937,4623,2341,2282,1117060000
2002,용산구,한강로2동,2376,5393,2787,2606,1117061000
2002,용산구,한강로3동,2251,5691,2903,2788,1117062000
2002,용산구,이촌1동,8461,26335,12849,13486,1117063000
2002,용산구,이촌2동,3548,9868,4829,5039,1117064000
2002,용산구,이태원1동,3820,10180,5055,5125,1117065000
2002,용산구,이태원2동,4695,12800,6201,6599,1117066000
2002,용산구,한남1동,5305,13732,6890,6842,1117067000
2002,용산구,한남2동,4077,9739,4796,4943,1117068000
2002,용산구,서빙고동,4144,12061,5878,6183,1117069000
2002,용산구,보광동,7813,19845,9638,10207,1117070000
2002,성동구,계,123394,343018,173092,169926,1120000000
2002,성동구,왕십리1동,5274,14613,7369,7244,1120051000
2002,성동구,왕십리2동,6192,17741,8917,8824,1120052000
2002,성동구,도선동,3751,9904,4966,4938,1120053000
2002,성동구,마장동,8233,23863,12099,11764,1120054000
2002,성동구,사근동,4707,11966,6229,5737,1120055000
2002,성동구,행당1동,6926,18194,9135,9059,1120056000
2002,성동구,행당2동,9335,28536,14013,14523,1120057000
2002,성동구,응봉동,5737,17091,8377,8714,1120058000
2002,성동구,금호1가동,6516,19068,9446,9622,1120059000
2002,성동구,금호2가동,4887,13066,6492,6574,1120060000
2002,성동구,금호3가동,5565,15601,7689,7912,1120061000
2002,성동구,금호4가동,5980,16729,8308,8421,1120062000
2002,성동구,옥수1동,4899,12809,6568,6241,1120063000
2002,성동구,옥수2동,6225,18088,8787,9301,1120064000
2002,성동구,성수1가1동,7491,21224,10930,10294,1120065000
2002,성동구,성수1가2동,7294,19914,10240,9674,1120066000
2002,성동구,성수2가1동,8136,22209,11539,10670,1120067000
2002,성동구,성수2가3동,3396,8927,4746,4181,1120069000
2002,성동구,송정동,5726,14473,7513,6960,1120072000
2002,성동구,용답동,7124,19002,9729,9273,1120079000
2002,광진구,계,141367,388478,195109,193369,1121500000
2002,광진구,노유1동,5409,12738,6528,6210,1121584500
2002,광진구,노유2동,6123,16191,8416,7775,1121584600
2002,광진구,화양동,11167,23963,12172,11791,1121571000
2002,광진구,군자동,9292,23728,12155,11573,1121573000
2002,광진구,중곡1동,6657,17892,9078,8814,1121574000
2002,광진구,중곡2동,8129,23456,11711,11745,1121575000
2002,광진구,중곡3동,7569,21453,10713,10740,1121576000
2002,광진구,중곡4동,11695,34466,17072,17394,1121577000
2002,광진구,능동,4440,11386,5674,5712,1121578000
2002,광진구,구의1동,9498,23767,11724,12043,1121585000
2002,광진구,구의2동,9305,26549,13295,13254,1121586000
2002,광진구,구의3동,10156,29613,14672,14941,1121587000
2002,광진구,광장동,10836,34695,17142,17553,1121581000
2002,광진구,자양1동,10080,26274,13272,13002,1121582000
2002,광진구,자양2동,10444,30781,15471,15310,1121583000
2002,광진구,자양3동,10567,31526,16014,15512,1121584000
2002,동대문구,계,143014,384356,194605,189751,1123000000
2002,동대문구,신설동,4340,8898,4606,4292,1123051000
2002,동대문구,용두1동,5784,13501,7081,6420,1123052000
2002,동대문구,용두2동,4288,10594,5448,5146,1123053000
2002,동대문구,제기1동,5921,15476,7865,7611,1123054000
2002,동대문구,제기2동,5607,13549,7039,6510,1123055000
2002,동대문구,전농1동,5452,14775,7518,7257,1123056000
2002,동대문구,전농2동,3040,7402,3828,3574,1123057000
2002,동대문구,전농3동,7681,23738,11803,11935,1123058000
2002,동대문구,전농4동,5271,14553,7343,7210,1123059000
2002,동대문구,답십리1동,4357,12105,6179,5926,1123060000
2002,동대문구,답십리2동,5504,16928,8470,8458,1123061000
2002,동대문구,답십리3동,2783,8158,4127,4031,1123062000
2002,동대문구,답십리4동,5486,16162,8152,8010,1123063000
2002,동대문구,답십리5동,4110,11159,5701,5458,1123064000
2002,동대문구,장안1동,6967,19325,9870,9455,1123065000
2002,동대문구,장안2동,4089,11270,5869,5401,1123066000
2002,동대문구,장안3동,3511,9698,5125,4573,1123067000
2002,동대문구,장안4동,5687,16376,8339,8037,1123068000
2002,동대문구,청량리1동,5668,16338,8257,8081,1123069000
2002,동대문구,청량리2동,4402,11104,5611,5493,1123070000
2002,동대문구,회기동,5122,12582,6160,6422,1123071000
2002,동대문구,휘경1동,7377,18180,9111,9069,1123072000
2002,동대문구,휘경2동,9273,26704,13275,13429,1123073000
2002,동대문구,이문1동,6297,16026,7969,8057,1123074000
2002,동대문구,이문2동,8115,19459,9708,9751,1123075000
2002,동대문구,이문3동,6882,20296,10151,10145,1123076000
2002,중랑구,계,154085,443246,222571,220675,1126000000
2002,중랑구,면목1동,8595,23385,11786,11599,1126051000
2002,중랑구,면목2동,10859,31029,15555,15474,1126052000
2002,중랑구,면목3동,7170,19596,9877,9719,1126053000
2002,중랑구,면목4동,9565,25295,12319,12976,1126054000
2002,중랑구,면목5동,5565,15886,7998,7888,1126055000
2002,중랑구,면목6동,5834,16656,8457,8199,1126056000
2002,중랑구,면목7동,9500,27751,13959,13792,1126057000
2002,중랑구,면목8동,4623,13694,6922,6772,1126057100
2002,중랑구,상봉1동,7766,23606,11828,11778,1126058000
2002,중랑구,상봉2동,7021,17854,9039,8815,1126059000
2002,중랑구,중화1동,7381,22614,11390,11224,1126060000
2002,중랑구,중화2동,7941,20266,10393,9873,1126061000
2002,중랑구,중화3동,5559,15255,7693,7562,1126061100
2002,중랑구,묵1동,10537,32363,16091,16272,1126062000
2002,중랑구,묵2동,7734,22137,11106,11031,1126063000
2002,중랑구,망우1동,8969,25271,12737,12534,1126064000
2002,중랑구,망우2동,3893,10656,5440,5216,1126065000
2002,중랑구,망우3동,7540,21775,10884,10891,1126066000
2002,중랑구,신내1동,9211,29639,14931,14708,1126068000
2002,중랑구,신내2동,8822,28518,14166,14352,1126069000
2002,성북구,계,159810,446968,224099,222869,1129000000
2002,성북구,성북1동,2841,7995,3940,4055,1129051000
2002,성북구,성북2동,3110,9021,4464,4557,1129052000
2002,성북구,동소문동,4222,12063,5876,6187,1129053000
2002,성북구,삼선1동,4691,12242,6059,6183,1129054000
2002,성북구,삼선2동,5892,15734,7787,7947,1129055000
2002,성북구,동선1동,3268,7373,3435,3938,1129056000
2002,성북구,동선2동,3095,8204,4029,4175,1129057000
2002,성북구,돈암1동,6142,18235,8989,9246,1129058000
2002,성북구,돈암2동,3986,12268,6030,6238,1129059000
2002,성북구,안암동,7306,17472,8955,8517,1129060000
2002,성북구,보문동,6469,17117,8599,8518,1129061000
2002,성북구,정릉1동,7407,22132,10815,11317,1129062000
2002,성북구,정릉2동,6494,18499,9313,9186,1129063000
2002,성북구,정릉3동,7319,20315,10269,10046,1129064000
2002,성북구,정릉4동,6601,18589,9304,9285,1129065000
2002,성북구,길음1동,3638,9628,4805,4823,1129066000
2002,성북구,길음2동,2405,6878,3525,3353,1129068500
2002,성북구,길음3동,6974,19418,9615,9803,1129068000
2002,성북구,종암1동,5527,15489,7826,7663,1129069000
2002,성북구,종암2동,7330,20858,10569,10289,1129070000
2002,성북구,월곡1동,6056,16675,8435,8240,1129071500
2002,성북구,월곡2동,3521,9758,4988,4770,1129072500
2002,성북구,월곡3동,1480,3626,1921,1705,1129073500
2002,성북구,월곡4동,433,1199,636,563,1129074500
2002,성북구,상월곡동,3670,11236,5607,5629,1129075000
2002,성북구,장위1동,9410,27931,13997,13934,1129076000
2002,성북구,장위2동,8330,24408,12370,12038,1129077000
2002,성북구,장위3동,6769,18796,9670,9126,1129078000
2002,성북구,석관1동,10503,30435,15492,14943,1129079000
2002,성북구,석관2동,4921,13374,6779,6595,1129080000
2002,강북구,계,126252,362906,181219,181687,1130500000
2002,강북구,미아1동,4673,13675,6866,6809,1130553100
2002,강북구,미아2동,6395,17642,9040,8602,1130553200
2002,강북구,미아3동,9531,26534,13316,13218,1130553300
2002,강북구,미아4동,6006,16523,8217,8306,1130554000
2002,강북구,미아5동,6590,18257,9225,9032,1130555000
2002,강북구,미아6.7동,9396,27891,14059,13832,1130556500
2002,강북구,미아8동,6290,17559,8767,8792,1130558000
2002,강북구,미아9동,6395,19335,9639,9696,1130558100
2002,강북구,번1동,8159,21866,10824,11042,1130559500
2002,강북구,번2동,7798,23773,11880,11893,1130560300
2002,강북구,번3동,7659,24650,11939,12711,1130560800
2002,강북구,수유1동,8669,24715,12483,12232,1130561500
2002,강북구,수유2동,8612,25501,12618,12883,1130562500
2002,강북구,수유3동,9669,26083,12851,13232,1130563000
2002,강북구,수유4동,7808,22436,11313,11123,1130564000
2002,강북구,수유5동,6737,19286,9605,9681,1130565000
2002,강북구,수유6동,5865,17180,8577,8603,1130565100
2002,도봉구,계,122201,373086,186496,186590,1132000000
2002,도봉구,쌍문1동,7993,24204,12071,12133,1132066000
2002,도봉구,쌍문2동,7697,22571,11214,11357,1132067000
2002,도봉구,쌍문3동,6785,19726,9699,10027,1132068000
2002,도봉구,쌍문4동,7168,23370,11556,11814,1132068100
2002,도봉구,방학1동,10381,30778,15610,15168,1132069000
2002,도봉구,방학2동,9076,27279,13740,13539,1132070000
2002,도봉구,방학3동,6383,20757,10275,10482,1132071000
2002,도봉구,방학4동,3926,13942,6998,6944,1132072000
2002,도봉구,창1동,10385,31903,15804,16099,1132051100
2002,도봉구,창2동,9325,28247,14170,14077,1132051200
2002,도봉구,창3동,5960,17646,8976,8670,1132051300
2002,도봉구,창4동,10613,33261,16326,16935,1132051400
2002,도봉구,창5동,6366,18980,9479,9501,1132051500
2002,도봉구,도봉1동,10057,29041,14802,14239,1132052100
2002,도봉구,도봉2동,10086,31381,15776,15605,1132052200
2002,노원구,계,209521,643585,318328,325257,1135000000
2002,노원구,월계1동,6014,18071,8986,9085,1135056000
2002,노원구,월계2동,9980,29176,14305,14871,1135057000
2002,노원구,월계3동,9495,29669,14783,14886,1135058000
2002,노원구,월계4동,7585,21201,10515,10686,1135058100
2002,노원구,공릉1동,6701,18827,9472,9355,1135059500
2002,노원구,공릉2동,15062,47664,23981,23683,1135060000
2002,노원구,공릉3동,7708,23100,11294,11806,1135060100
2002,노원구,하계1동,11329,33934,16569,17365,1135061100
2002,노원구,하계2동,8637,28419,14061,14358,1135061200
2002,노원구,중계본동,9339,30261,15060,15201,1135061900
2002,노원구,중계1동,9709,33002,16297,16705,1135062100
2002,노원구,중계2동,5914,18717,9133,9584,1135062200
2002,노원구,중계3동,8887,26986,12969,14017,1135062300
2002,노원구,중계4동,7706,23767,11699,12068,1135062400
2002,노원구,상계1동,13660,43422,21675,21747,1135063000
2002,노원구,상계2동,7013,21111,10550,10561,1135064000
2002,노원구,상계3동,9557,28018,13983,14035,1135065000
2002,노원구,상계4동,6058,16984,8688,8296,1135066000
2002,노원구,상계5동,9155,27256,13548,13708,1135067000
2002,노원구,상계6동,7533,23440,11374,12066,1135068000
2002,노원구,상계7동,6313,17778,8506,9272,1135069000
2002,노원구,상계8동,9546,31770,15745,16025,1135070000
2002,노원구,상계9동,8886,28113,13999,14114,1135071000
2002,노원구,상계10동,7734,22899,11136,11763,1135072000
2002,은평구,계,164981,471873,234603,237270,1138000000
2002,은평구,녹번동,13545,37276,18413,18863,1138051000
2002,은평구,불광1동,11096,30853,15273,15580,1138052000
2002,은평구,불광2동,7396,20708,10240,10468,1138053000
2002,은평구,불광3동,8445,23543,11744,11799,1138054000
2002,은평구,갈현1동,9181,26906,13305,13601,1138055100
2002,은평구,갈현2동,8802,26188,12664,13524,1138055200
2002,은평구,구산동,9097,28025,14166,13859,1138056000
2002,은평구,대조동,11436,31786,15448,16338,1138057000
2002,은평구,응암1동,10713,30100,14863,15237,1138058000
2002,은평구,응암2동,6854,18946,9524,9422,1138059000
2002,은평구,응암3동,7475,21028,10566,10462,1138060000
2002,은평구,응암4동,7138,20143,10065,10078,1138068000
2002,은평구,역촌1동,8103,23312,11390,11922,1138061000
2002,은평구,역촌2동,6637,19973,9850,10123,1138062000
2002,은평구,신사1동,8465,25799,12746,13053,1138063100
2002,은평구,신사2동,7760,23325,11793,11532,1138063200
2002,은평구,증산동,6912,20727,10510,10217,1138064000
2002,은평구,수색동,7565,21672,10926,10746,1138065000
2002,은평구,진관내동,4145,10459,5378,5081,1138066000
2002,은평구,진관외동,4216,11104,5739,5365,1138067000
2002,서대문구,계,134023,368001,182013,185988,1141000000
2002,서대문구,충정로동,3511,8573,4424,4149,1141051000
2002,서대문구,천연동,7430,19950,9826,10124,1141052000
2002,서대문구,북아현1동,4189,10333,4999,5334,1141054000
2002,서대문구,북아현2동,4068,10553,5104,5449,1141055000
2002,서대문구,북아현3동,5571,15231,7576,7655,1141056000
2002,서대문구,대신동,3783,9074,4152,4922,1141057000
2002,서대문구,창천동,5549,12378,6046,6332,1141058000
2002,서대문구,연희1동,5856,15769,7824,7945,1141059000
2002,서대문구,연희2동,4172,11856,5829,6027,1141060000
2002,서대문구,연희3동,6913,17354,8604,8750,1141061000
2002,서대문구,홍제1동,5904,16472,8017,8455,1141062000
2002,서대문구,홍제2동,4910,13874,6825,7049,1141065500
2002,서대문구,홍제3동,7929,22428,11094,11334,1141064000
2002,서대문구,홍제4동,5871,17406,8577,8829,1141065000
2002,서대문구,홍은1동,3691,11239,5556,5683,1141066000
2002,서대문구,홍은2동,7198,20722,10348,10374,1141068500
2002,서대문구,홍은3동,10234,29461,14578,14883,1141068000
2002,서대문구,남가좌1동,6934,17717,8874,8843,1141069000
2002,서대문구,남가좌2동,11950,34283,17083,17200,1141070000
2002,서대문구,북가좌1동,6972,19959,10059,9900,1141071000
2002,서대문구,북가좌2동,11388,33369,16618,16751,1141072000
2002,마포구,계,142790,378777,187632,191145,1144000000
2002,마포구,아현1동,5627,14729,7471,7258,1144051000
2002,마포구,아현2동,4057,10254,5089,5165,1144052000
2002,마포구,아현3동,3690,9143,4561,4582,1144053000
2002,마포구,공덕1동,4870,13026,6380,6646,1144054000
2002,마포구,공덕2동,4282,11144,5573,5571,1144055000
2002,마포구,신공덕동,4346,12149,6101,6048,1144056000
2002,마포구,도화1동,3654,10645,5104,5541,1144057000
2002,마포구,도화2동,4454,12897,6290,6607,1144058000
2002,마포구,용강동,3911,10207,5020,5187,1144059000
2002,마포구,대흥동,6073,16472,8298,8174,1144060000
2002,마포구,염리동,7995,20421,10125,10296,1144061000
2002,마포구,노고산동,4474,9257,4521,4736,1144062000
2002,마포구,신수동,7027,18671,9300,9371,1144063000
2002,마포구,창전동,4644,11723,5741,5982,1144064000
2002,마포구,상수동,5307,13255,6547,6708,1144065000
2002,마포구,서교동,8246,19148,9352,9796,1144066000
2002,마포구,동교동,6256,13303,6338,6965,1144067000
2002,마포구,합정동,8238,22917,11416,11501,1144068000
2002,마포구,망원1동,8953,25044,12582,12462,1144069000
2002,마포구,망원2동,6579,19089,9585,9504,1144070000
2002,마포구,연남동,7320,19267,9553,9714,1144071000
2002,마포구,성산1동,6976,19620,9745,9875,1144072000
2002,마포구,성산2동,13535,40286,19776,20510,1144073000
2002,마포구,상암동,2276,6110,3164,2946,1144074000
2002,양천구,계,158639,486350,244649,241701,1147000000
2002,양천구,목1동,7286,23549,11754,11795,1147051000
2002,양천구,목2동,10405,31675,15924,15751,1147052000
2002,양천구,목3동,7105,20231,10144,10087,1147053000
2002,양천구,목4동,8017,24065,12112,11953,1147054000
2002,양천구,목5동,6947,23999,11996,12003,1147055000
2002,양천구,목6동,7190,25135,12581,12554,1147055100
2002,양천구,신월1동,9196,26065,13208,12857,1147056000
2002,양천구,신월2동,7823,24289,12419,11870,1147057000
2002,양천구,신월3동,7650,21107,10800,10307,1147058000
2002,양천구,신월4동,5501,17085,8720,8365,1147059000
2002,양천구,신월5동,5449,15609,7990,7619,1147060000
2002,양천구,신월6동,4913,14811,7493,7318,1147061000
2002,양천구,신월7동,9237,29432,14822,14610,1147061100
2002,양천구,신정1동,8664,26754,13237,13517,1147062000
2002,양천구,신정2동,6417,21569,10809,10760,1147063000
2002,양천구,신정3동,15533,44329,22191,22138,1147064000
2002,양천구,신정4동,6293,17738,8987,8751,1147065000
2002,양천구,신정5동,6670,18937,9515,9422,1147066000
2002,양천구,신정6동,7701,25874,12771,13103,1147067000
2002,양천구,신정7동,10642,34097,17176,16921,1147068000
2002,강서구,계,181422,530169,263064,267105,1150000000
2002,강서구,염창동,11097,35323,17666,17657,1150051000
2002,강서구,등촌1동,5723,17609,8878,8731,1150052000
2002,강서구,등촌2동,5708,17307,8704,8603,1150053000
2002,강서구,등촌3동,13328,39958,19171,20787,1150053500
2002,강서구,화곡본동,12095,34637,17095,17542,1150059000
2002,강서구,화곡1동,8078,22290,11136,11154,1150054000
2002,강서구,화곡2동,6959,20719,10286,10433,1150055000
2002,강서구,화곡3동,7170,21952,10829,11123,1150056000
2002,강서구,화곡4동,8127,23063,11666,11397,1150057000
2002,강서구,화곡5동,8715,25131,12403,12728,1150058000
2002,강서구,화곡6동,6768,18930,9374,9556,1150059100
2002,강서구,화곡7동,10432,29926,14864,15062,1150059200
2002,강서구,화곡8동,9205,27627,13817,13810,1150059300
2002,강서구,가양1동,6639,20908,10659,10249,1150060300
2002,강서구,가양2동,7321,20896,10088,10808,1150060400
2002,강서구,가양3동,7501,22090,10945,11145,1150060500
2002,강서구,발산1동,4977,15426,7596,7830,1150061100
2002,강서구,발산2동,3231,9849,4776,5073,1150061200
2002,강서구,공항동,8983,23297,11921,11376,1150062000
2002,강서구,방화1동,8955,26168,13179,12989,1150063000
2002,강서구,방화2동,9542,26326,12959,13367,1150064000
2002,강서구,방화3동,10868,30737,15052,15685,1150064100
2002,구로구,계,142342,415789,211626,204163,1153000000
2002,구로구,신도림동,9241,29895,15022,14873,1153051000
2002,구로구,구로1동,6801,22623,11372,11251,1153052000
2002,구로구,구로2동,7480,19423,9995,9428,1153053000
2002,구로구,구로3동,6875,19260,9684,9576,1153054000
2002,구로구,구로4동,5817,16470,8317,8153,1153055000
2002,구로구,구로5동,10664,30303,15551,14752,1153056000
2002,구로구,구로6동,5255,14316,7254,7062,1153057000
2002,구로구,구로본동,7250,19721,10066,9655,1153056500
2002,구로구,가리봉1동,5122,10884,6007,4877,1153058000
2002,구로구,가리봉2동,2506,5770,3114,2656,1153059000
2002,구로구,고척1동,7680,23468,11999,11469,1153072000
2002,구로구,고척2동,10451,31110,15974,15136,1153073000
2002,구로구,개봉1동,6198,18434,9436,8998,1153074000
2002,구로구,개봉2동,11288,35662,17705,17957,1153075000
2002,구로구,개봉3동,7940,23961,12049,11912,1153076000
2002,구로구,개봉본동,7416,22173,11192,10981,1153076500
2002,구로구,오류1동,6917,20605,10432,10173,1153077000
2002,구로구,오류2동,9318,27384,13947,13437,1153078000
2002,구로구,수궁동,8123,24327,12510,11817,1153079000
2002,금천구,계,93056,264004,135105,128899,1154500000
2002,금천구,가산동,8493,21877,11827,10050,1154551000
2002,금천구,독산1동,10920,32130,16480,15650,1154561000
2002,금천구,독산2동,9600,26455,13442,13013,1154562000
2002,금천구,독산3동,5895,16224,8294,7930,1154563000
2002,금천구,독산4동,7635,20792,10662,10130,1154564000
2002,금천구,독산본동,5945,15547,7953,7594,1154565000
2002,금천구,시흥1동,5629,16818,8629,8189,1154567000
2002,금천구,시흥2동,6539,21828,10942,10886,1154568000
2002,금천구,시흥3동,4896,14574,7417,7157,1154569000
2002,금천구,시흥4동,9993,29222,14817,14405,1154570000
2002,금천구,시흥5동,8803,25223,12846,12377,1154571000
2002,금천구,시흥본동,8708,23314,11796,11518,1154566000
2002,영등포구,계,147838,412152,209174,202978,1156000000
2002,영등포구,영등포1동,5583,15496,7874,7622,1156051000
2002,영등포구,영등포2동,2742,5705,3229,2476,1156052000
2002,영등포구,영등포3동,3581,9938,5025,4913,1156053000
2002,영등포구,여의도동,9724,30115,14775,15340,1156054000
2002,영등포구,당산1동,7512,19820,9961,9859,1156055000
2002,영등포구,당산2동,9739,28695,14348,14347,1156056000
2002,영등포구,도림1동,3564,9162,4665,4497,1156057000
2002,영등포구,도림2동,4745,12441,6384,6057,1156058000
2002,영등포구,문래1동,3737,11746,6205,5541,1156059000
2002,영등포구,문래2동,4318,13823,6949,6874,1156060000
2002,영등포구,양평1동,5225,14740,7523,7217,1156061000
2002,영등포구,양평2동,7228,22183,11373,10810,1156062000
2002,영등포구,신길1동,9328,23458,11718,11740,1156063000
2002,영등포구,신길2동,4590,11836,6024,5812,1156064000
2002,영등포구,신길3동,8175,22779,11454,11325,1156065000
2002,영등포구,신길4동,5717,15757,7999,7758,1156066000
2002,영등포구,신길5동,7334,19725,10112,9613,1156067000
2002,영등포구,신길6동,9118,25188,12736,12452,1156068000
2002,영등포구,신길7동,7739,22436,11375,11061,1156069000
2002,영등포구,대림1동,7493,20603,10443,10160,1156070000
2002,영등포구,대림2동,8781,22580,11580,11000,1156071000
2002,영등포구,대림3동,11865,33926,17422,16504,1156072000
2002,동작구,계,144854,404872,202635,202237,1159000000
2002,동작구,노량진1동,9121,25765,13140,12625,1159051000
2002,동작구,노량진2동,7669,19594,9860,9734,1159052000
2002,동작구,상도1동,5273,14656,7260,7396,1159053000
2002,동작구,상도2동,8262,22686,11297,11389,1159054000
2002,동작구,상도3동,7644,22211,11139,11072,1159055000
2002,동작구,상도4동,11020,32332,16276,16056,1159056000
2002,동작구,상도5동,6007,16160,8116,8044,1159056100
2002,동작구,본동,4260,11658,5879,5779,1159057000
2002,동작구,흑석1동,6023,14849,7639,7210,1159058000
2002,동작구,흑석2동,5094,14315,7086,7229,1159059000
2002,동작구,흑석3동,4184,11363,5720,5643,1159060000
2002,동작구,동작동,7302,20507,10270,10237,1159061000
2002,동작구,사당1동,9675,24949,12304,12645,1159062000
2002,동작구,사당2동,4799,13877,6807,7070,1159063000
2002,동작구,사당3동,8827,25564,12768,12796,1159064000
2002,동작구,사당4동,5499,15359,7766,7593,1159065000
2002,동작구,사당5동,5676,16344,8242,8102,1159065100
2002,동작구,대방동,12544,37069,18385,18684,1159066000
2002,동작구,신대방1동,8184,22924,11404,11520,1159067000
2002,동작구,신대방2동,7791,22690,11277,11413,1159068000
2002,관악구,계,197578,524560,267856,256704,1162000000
2002,관악구,봉천본동,6422,18313,9239,9074,1162051000
2002,관악구,봉천1동,9891,28111,14181,13930,1162052000
2002,관악구,봉천2동,4310,13344,6694,6650,1162053000
2002,관악구,봉천3동,4093,12026,6045,5981,1162054000
2002,관악구,봉천4동,7390,17455,8816,8639,1162055000
2002,관악구,봉천5동,7118,21856,11024,10832,1162056000
2002,관악구,봉천6동,12252,31475,15973,15502,1162057000
2002,관악구,봉천7동,7170,17011,8818,8193,1162058000
2002,관악구,봉천8동,6571,17378,8831,8547,1162059000
2002,관악구,봉천9동,3617,11012,5639,5373,1162060000
2002,관악구,봉천10동,5770,15279,7700,7579,1162061000
2002,관악구,봉천11동,11034,29459,14929,14530,1162062000
2002,관악구,남현동,6349,16473,8243,8230,1162063000
2002,관악구,신림본동,9930,24791,12372,12419,1162064000
2002,관악구,신림1동,8463,22902,11401,11501,1162065000
2002,관악구,신림2동,11120,26256,14069,12187,1162066000
2002,관악구,신림3동,6499,19433,9933,9500,1162067000
2002,관악구,신림4동,11106,29226,14722,14504,1162068000
2002,관악구,신림5동,7705,16538,8280,8258,1162069000
2002,관악구,신림6동,4181,10906,5642,5264,1162070000
2002,관악구,신림7동,3229,8784,4520,4264,1162071000
2002,관악구,신림8동,7812,20501,10365,10136,1162072000
2002,관악구,신림9동,11544,24010,13862,10148,1162073000
2002,관악구,신림10동,7470,23175,11733,11442,1162074000
2002,관악구,신림11동,3828,11018,5572,5446,1162075000
2002,관악구,신림12동,7157,22034,11209,10825,1162076000
2002,관악구,신림13동,5547,15794,8044,7750,1162077000
2002,서초구,계,138627,393583,193664,199919,1165000000
2002,서초구,서초1동,5858,16286,8149,8137,1165051000
2002,서초구,서초2동,6732,20844,10521,10323,1165052000
2002,서초구,서초3동,8556,23303,12058,11245,1165053000
2002,서초구,서초4동,6876,21884,10879,11005,1165053100
2002,서초구,잠원동,13229,34790,16626,18164,1165054000
2002,서초구,반포본동,4374,14297,6723,7574,1165055000
2002,서초구,반포1동,11825,28074,13416,14658,1165056000
2002,서초구,반포2동,6459,20361,9820,10541,1165057000
2002,서초구,반포3동,7961,24375,11738,12637,1165058000
2002,서초구,반포4동,6377,19342,9532,9810,1165058100
2002,서초구,방배본동,6188,18037,8768,9269,1165059000
2002,서초구,방배1동,5773,16038,7907,8131,1165060000
2002,서초구,방배2동,10688,30911,15131,15780,1165061000
2002,서초구,방배3동,7492,22847,11390,11457,1165062000
2002,서초구,방배4동,7759,22782,11042,11740,1165062100
2002,서초구,양재1동,10363,28126,13940,14186,1165065100
2002,서초구,양재2동,9326,23210,11745,11465,1165065200
2002,서초구,내곡동,2791,8076,4279,3797,1165066000
2002,강남구,계,193857,540813,264791,276022,1168000000
2002,강남구,신사동,8674,23021,10999,12022,1168051000
2002,강남구,논현1동,12501,26404,12425,13979,1168052100
2002,강남구,논현2동,8886,22082,10808,11274,1168053100
2002,강남구,압구정1동,6183,18902,9147,9755,1168054000
2002,강남구,압구정2동,4798,13155,6263,6892,1168055000
2002,강남구,청담1동,7014,20259,10050,10209,1168056000
2002,강남구,청담2동,4793,12397,6017,6380,1168057000
2002,강남구,삼성1동,4466,13903,7254,6649,1168058000
2002,강남구,삼성2동,10449,27150,13459,13691,1168059000
2002,강남구,대치1동,6655,22948,11284,11664,1168060000
2002,강남구,대치2동,8064,28333,14067,14266,1168061000
2002,강남구,대치3동,5818,17725,9002,8723,1168062000
2002,강남구,대치4동,7097,17012,8231,8781,1168063000
2002,강남구,역삼1동,14970,32081,15795,16286,1168064000
2002,강남구,역삼2동,10063,27116,13070,14046,1168065000
2002,강남구,도곡1동,7190,21891,10712,11179,1168065500
2002,강남구,도곡2동,6082,18007,8854,9153,1168065600
2002,강남구,개포1동,7677,23777,11660,12117,1168066000
2002,강남구,개포2동,7097,19861,9621,10240,1168067000
2002,강남구,개포3동,5558,18837,9447,9390,1168068000
2002,강남구,개포4동,8755,23731,11674,12057,1168069000
2002,강남구,일원본동,7572,24736,12183,12553,1168072000
2002,강남구,일원1동,7225,21111,10402,10709,1168073000
2002,강남구,일원2동,6878,20552,10003,10549,1168074000
2002,강남구,수서동,7230,19461,9024,10437,1168075000
2002,강남구,세곡동,2162,6361,3340,3021,1168070000
2002,송파구,계,223754,649888,322769,327119,1171000000
2002,송파구,풍납1동,8199,23001,11385,11616,1171051000
2002,송파구,풍납2동,11147,32570,16151,16419,1171052000
2002,송파구,거여1동,5541,17303,8689,8614,1171053100
2002,송파구,거여2동,11114,32534,16541,15993,1171053200
2002,송파구,마천1동,7298,21019,10740,10279,1171054000
2002,송파구,마천2동,8190,25527,13062,12465,1171055000
2002,송파구,방이1동,5517,16595,8336,8259,1171056100
2002,송파구,방이2동,9314,24544,12274,12270,1171056200
2002,송파구,오륜동,6501,23009,11123,11886,1171056600
2002,송파구,오금동,12964,39617,19714,19903,1171057000
2002,송파구,송파1동,9623,26037,12853,13184,1171058000
2002,송파구,송파2동,7323,23729,11645,12084,1171059000
2002,송파구,석촌동,12644,32757,16378,16379,1171060000
2002,송파구,삼전동,12469,32850,16177,16673,1171061000
2002,송파구,가락본동,9499,27797,14018,13779,1171062000
2002,송파구,가락1동,7291,21100,10571,10529,1171063100
2002,송파구,가락2동,11678,36559,18223,18336,1171063200
2002,송파구,문정1동,5668,16762,8414,8348,1171064100
2002,송파구,문정2동,5693,18624,9227,9397,1171064200
2002,송파구,장지동,7164,20701,10498,10203,1171064600
2002,송파구,잠실본동,11719,29092,14070,15022,1171065000
2002,송파구,잠실1동,5822,13731,6734,6997,1171066000
2002,송파구,잠실2동,4806,13048,6341,6707,1171067000
2002,송파구,잠실3동,3774,10516,5120,5396,1171068000
2002,송파구,잠실4동,9839,28020,13713,14307,1171069000
2002,송파구,잠실5동,4455,15135,7465,7670,1171070000
2002,송파구,잠실6동,4905,15925,7697,8228,1171071000
2002,송파구,잠실7동,3597,11786,5610,6176,1171072000
2002,강동구,계,164155,483004,243967,239037,1174000000
2002,강동구,강일동,1951,5032,2651,2381,1174051500
2002,강동구,상일동,10185,32662,16535,16127,1174052000
2002,강동구,명일1동,9521,30194,15033,15161,1174053000
2002,강동구,명일2동,5909,20476,10446,10030,1174054000
2002,강동구,고덕1동,8042,26060,13348,12712,1174055000
2002,강동구,고덕2동,7259,21910,11214,10696,1174056000
2002,강동구,암사1동,8662,23415,11861,11554,1174057000
2002,강동구,암사2동,5690,17533,8774,8759,1174058000
2002,강동구,암사3동,5111,14481,7276,7205,1174059000
2002,강동구,암사4동,5661,16090,8075,8015,1174059100
2002,강동구,천호1동,11901,33585,16969,16616,1174060000
2002,강동구,천호2동,6450,16963,8712,8251,1174061000
2002,강동구,천호3동,11254,29883,15113,14770,1174062000
2002,강동구,천호4동,8271,22722,11421,11301,1174063000
2002,강동구,성내1동,7158,21584,10787,10797,1174064000
2002,강동구,성내2동,10399,27274,13764,13510,1174065000
2002,강동구,성내3동,8173,22672,11368,11304,1174066000
2002,강동구,길1동,7336,21058,10597,10461,1174067000
2002,강동구,길2동,8556,26275,13037,13238,1174068000
2002,강동구,둔촌1동,6907,22851,11827,11024,1174069000
2002,강동구,둔촌2동,9759,30284,15159,15125,1174070000
2016,계,계,4189839,10204057,5007379,5196678,1100000000
2016,종로구,계,72118,161922,79322,82600,1111000000
2016,종로구,사직동,4399,10013,4605,5408,1111053000
2016,종로구,삼청동,1403,3118,1491,1627,1111054000
2016,종로구,부암동,4371,11044,5349,5695,1111055000
2016,종로구,평창동,7537,19457,9220,10237,1111056000
2016,종로구,무악동,3056,8516,3998,4518,1111057000
2016,종로구,교남동,2268,4748,2257,2491,1111058000
2016,종로구,가회동,2131,4780,2225,2555,1111060000
2016,종로구,종로1.2.3.4가동,5384,8727,5077,3650,1111061500
2016,종로구,종로5.6가동,3170,5775,3158,2617,1111063000
2016,종로구,이화동,4443,8927,4198,4729,1111064000
2016,종로구,혜화동,9292,20405,9545,10860,1111065000
2016,종로구,창신1동,3132,6590,3543,3047,1111067000
2016,종로구,창신2동,4391,10701,5413,5288,1111068000
2016,종로구,창신3동,2894,7753,3879,3874,1111069000
2016,종로구,숭인1동,3062,7109,3531,3578,1111070000
2016,종로구,숭인2동,5527,10148,5119,5029,1111071000
2016,종로구,청운효자동,5658,14111,6714,7397,1111051500
2016,중구,계,59651,134409,66452,67957,1114000000
2016,중구,소공동,989,2596,1376,1220,1114052000
2016,중구,회현동,3372,6128,3390,2738,1114054000
2016,중구,명동,1440,3524,1577,1947,1114055000
2016,중구,필동,2301,5120,2530,2590,1114057000
2016,중구,장충동,2723,5845,2843,3002,1114058000
2016,중구,광희동,2947,6031,3089,2942,1114059000
2016,중구,을지로동,1205,1826,1131,695,1114060500
2016,중구,신당5동,4583,10164,5069,5095,1114065000
2016,중구,황학동,6099,13217,6554,6663,1114067000
2016,중구,중림동,4211,8902,4501,4401,1114068000
2016,중구,신당동,4219,9429,4706,4723,1114061500
2016,중구,다산동,6930,15956,7747,8209,1114062500
2016,중구,약수동,7845,18796,8985,9811,1114063500
2016,중구,청구동,6472,15233,7293,7940,1114064500
2016,중구,동화동,4315,11642,5661,5981,1114066500
2016,용산구,계,106607,245102,119636,125466,1117000000
2016,용산구,후암동,8665,19308,9534,9774,1117051000
2016,용산구,용산2가동,5628,12746,6210,6536,1117052000
2016,용산구,남영동,5452,8762,5269,3493,1117053000
2016,용산구,원효로1동,6581,14717,7212,7505,1117056000
2016,용산구,원효로2동,6047,15512,7283,8229,1117057000
2016,용산구,효창동,3799,9566,4643,4923,1117058000
2016,용산구,용문동,5221,12862,6199,6663,1117059000
2016,용산구,이촌1동,10050,29134,13623,15511,1117063000
2016,용산구,이촌2동,3888,9380,4442,4938,1117064000
2016,용산구,이태원1동,3951,8806,4379,4427,1117065000
2016,용산구,이태원2동,4870,11004,5237,5767,1117066000
2016,용산구,서빙고동,5292,14507,7041,7466,1117069000
2016,용산구,보광동,8012,16988,8477,8511,1117070000
2016,용산구,청파동,10697,21913,10414,11499,1117055500
2016,용산구,한강로동,7659,16463,8193,8270,1117062500
2016,용산구,한남동,10795,23434,11480,11954,1117068500
2016,성동구,계,128727,307161,152006,155155,1120000000
2016,성동구,왕십리2동,6922,16917,8335,8582,1120052000
2016,성동구,마장동,10271,24569,12121,12448,1120054000
2016,성동구,사근동,6429,12722,6478,6244,1120055000
2016,성동구,행당1동,6283,14708,7214,7494,1120056000
2016,성동구,행당2동,9341,25748,12191,13557,1120057000
2016,성동구,응봉동,6255,16921,8095,8826,1120058000
2016,성동구,금호1가동,5339,13419,6498,6921,1120059000
2016,성동구,금호4가동,6087,14557,7033,7524,1120062000
2016,성동구,성수1가1동,7197,17231,8715,8516,1120065000
2016,성동구,성수1가2동,7559,17024,8600,8424,1120066000
2016,성동구,성수2가1동,8722,19378,10085,9293,1120067000
2016,성동구,성수2가3동,5472,12142,6310,5832,1120069000
2016,성동구,송정동,5454,12005,6362,5643,1120072000
2016,성동구,용답동,8087,17059,9009,8050,1120079000
2016,성동구,왕십리도선동,9276,22878,11072,11806,1120053500
2016,성동구,금호2.3가동,10246,25038,12086,12952,1120061500
2009,계,계,4116660,10464051,5181359,5282692,1100000000
2009,종로구,계,74315,177543,88432,89111,1111000000
2009,종로구,사직동,4476,10464,4945,5519,1111053000
2009,종로구,삼청동,1630,3717,1811,1906,1111054000
2009,종로구,부암동,4508,11602,5744,5858,1111055000
2009,종로구,평창동,7057,19780,9543,10237,1111056000
2009,종로구,무악동,3179,8714,4193,4521,1111057000
2009,종로구,교남동,4268,9145,4500,4645,1111058000
2009,종로구,가회동,2458,5948,2858,3090,1111060000
2009,종로구,종로1.2.3.4가동,4576,8575,4874,3701,1111061500
2009,종로구,종로5.6가동,3017,6618,3500,3118,1111063000
2009,종로구,이화동,4448,9984,4834,5150,1111064000
2009,종로구,혜화동,5574,12965,6294,6671,1111065000
2009,종로구,명륜3가동,3618,7320,3872,3448,1111066000
2009,종로구,창신1동,3465,8495,4314,4181,1111067000
2009,종로구,창신2동,5051,12113,6151,5962,1111068000
2009,종로구,창신3동,3158,8683,4369,4314,1111069000
2009,종로구,숭인1동,3170,8131,3999,4132,1111070000
2009,종로구,숭인2동,4557,9270,4775,4495,1111071000
2009,종로구,청운효자동,6105,16019,7856,8163,1111051500
2009,중구,계,58249,137861,69046,68815,1114000000
2009,중구,소공동,578,1572,837,735,1114052000
2009,중구,회현동,2671,5210,2916,2294,1114054000
2009,중구,명동,1409,3508,1672,1836,1114055000
2009,중구,필동,2310,5058,2666,2392,1114057000
2009,중구,장충동,2945,6329,3167,3162,1114058000
2009,중구,광희동,2782,6256,3296,2960,1114059000
2009,중구,을지로동,1270,2045,1249,796,1114060500
2009,중구,신당1동,4106,10417,5202,5215,1114061000
2009,중구,신당2동,7304,17243,8482,8761,1114062000
2009,중구,신당3동,7960,19873,9607,10266,1114063000
2009,중구,신당4동,6558,16578,8028,8550,1114064000
2009,중구,신당5동,3684,8360,4219,4141,1114065000
2009,중구,신당6동,3653,9791,4798,4993,1114066000
2009,중구,황학동,5502,12691,6446,6245,1114067000
2009,중구,중림동,5517,12930,6461,6469,1114068000
2009,용산구,계,107456,251200,123528,127672,1117000000
2009,용산구,후암동,8783,20509,10234,10275,1117051000
2009,용산구,용산2가동,6018,14076,7004,7072,1117052000
2009,용산구,남영동,4619,8025,4659,3366,1117053000
2009,용산구,원효로1동,4638,10453,5244,5209,1117056000
2009,용산구,원효로2동,6150,16272,7821,8451,1117057000
2009,용산구,효창동,4195,10802,5287,5515,1117058000
2009,용산구,용문동,4803,13022,6384,6638,1117059000
2009,용산구,이촌1동,9932,28914,13761,15153,1117063000
2009,용산구,이촌2동,4361,10492,5062,5430,1117064000
2009,용산구,이태원1동,4124,10103,4942,5161,1117065000
2009,용산구,이태원2동,5183,11493,5502,5991,1117066000
2009,용산구,서빙고동,4829,11820,5724,6096,1117069000
2009,용산구,보광동,8869,19281,9432,9849,1117070000
2009,용산구,청파동,11539,24553,11930,12623,1117055500
2009,용산구,한강로동,7703,16394,8234,8160,1117062500
2009,용산구,한남동,11710,24991,12308,12683,1117068500
2009,성동구,계,126670,316064,158203,157861,1120000000
2009,성동구,왕십리2동,7522,19265,9534,9731,1120052000
2009,성동구,마장동,10152,26406,13327,13079,1120054000
2009,성동구,사근동,5579,11800,6293,5507,1120055000
2009,성동구,행당1동,7676,18333,9009,9324,1120056000
2009,성동구,행당2동,8728,24886,12011,12875,1120057000
2009,성동구,응봉동,6537,17738,8522,9216,1120058000
2009,성동구,금호1가동,6318,16442,8016,8426,1120059000
2009,성동구,금호4가동,6428,15564,7668,7896,1120062000
2009,성동구,성수1가1동,7393,19011,9762,9249,1120065000
2009,성동구,성수1가2동,8166,19289,9794,9495,1120066000
2009,성동구,성수2가1동,9059,22303,11498,10805,1120067000
2009,성동구,성수2가3동,5263,12396,6365,6031,1120069000
2009,성동구,송정동,5690,13000,6803,6197,1120072000
2009,성동구,용답동,7457,18121,9381,8740,1120079000
2009,성동구,왕십리도선동,5559,13682,6853,6829,1120053500
2009,성동구,금호2.3가동,9124,22804,11102,11702,1120061500
2009,성동구,옥수동,10019,25024,12265,12759,1120064500
2009,광진구,계,156140,386513,190967,195546,1121500000
2009,광진구,화양동,12014,23576,11571,12005,1121571000
2009,광진구,군자동,10024,22538,11330,11208,1121573000
2009,광진구,중곡1동,7575,17705,8746,8959,1121574000
2009,광진구,중곡2동,9395,23303,11403,11900,1121575000
2009,광진구,중곡3동,8202,20040,10017,10023,1121576000
2009,광진구,중곡4동,12226,32046,15984,16062,1121577000
2009,광진구,능동,5138,10980,5269,5711,1121578000
2009,광진구,구의1동,10771,24067,11597,12470,1121585000
2009,광진구,구의2동,10421,26847,13313,13534,1121586000
2009,광진구,구의3동,11572,30384,14753,15631,1121587000
2009,광진구,광장동,11818,35962,17544,18418,1121581000
2009,광진구,자양1동,11025,26697,13163,13534,1121582000
2009,광진구,자양2동,11597,29632,14930,14702,1121583000
2009,광진구,자양3동,11560,32505,16088,16417,1121584000
2009,광진구,자양4동,12802,30231,15259,14972,1121584700
2009,동대문구,계,153437,374277,187856,186421,1123000000
2009,동대문구,전농1동,12768,28948,14913,14035,1123056000
2009,동대문구,전농2동,6980,19285,9533,9752,1123057000
2009,동대문구,답십리1동,8085,19765,9961,9804,1123060000
2009,동대문구,답십리2동,12158,32966,16345,16621,1123061000
2009,동대문구,장안1동,14355,37532,18889,18643,1123065000
2009,동대문구,장안2동,12703,33078,16760,16318,1123066000
2009,동대문구,회기동,5576,12063,5820,6243,1123071000
2009,동대문구,휘경1동,8203,18601,9254,9347,1123072000
2009,동대문구,휘경2동,9518,24286,11921,12365,1123073000
2009,동대문구,이문1동,16078,34890,17397,17493,1123074000
2009,동대문구,이문2동,8924,25116,12379,12737,1123075000
2009,동대문구,청량리동,10793,26104,13034,13070,1123070500
2009,동대문구,용신동,14343,31502,16300,15202,1123053600
2009,동대문구,제기동,12953,30141,15350,14791,1123054500
2009,중랑구,계,171448,429700,214546,215154,1126000000
2009,중랑구,면목2동,12066,29304,14775,14529,1126052000
2009,중랑구,면목4동,10130,23845,11666,12179,1126054000
2009,중랑구,면목5동,6240,14898,7573,7325,1126055000
2009,중랑구,면목7동,10665,26757,13322,13435,1126057000
2009,중랑구,상봉1동,9359,26542,13131,13411,1126058000
2009,중랑구,상봉2동,8918,19183,9665,9518,1126059000
2009,중랑구,중화1동,8112,22452,11185,11267,1126060000
2009,중랑구,중화2동,14605,32435,16576,15859,1126061000
2009,중랑구,묵1동,12800,34905,17246,17659,1126062000
2009,중랑구,묵2동,8394,20627,10335,10292,1126063000
2009,중랑구,망우3동,8259,20101,10133,9968,1126066000
2009,중랑구,신내1동,9787,28363,14084,14279,1126068000
2009,중랑구,신내2동,9438,26232,12857,13375,1126069000
2009,중랑구,면목본동,15867,38568,19091,19477,1126056500
2009,중랑구,면목3.8동,12646,30495,15330,15165,1126057500
2009,중랑구,망우본동,14162,34993,17577,17416,1126065500
2009,성북구,계,192990,484457,239463,244994,1129000000
2009,성북구,돈암1동,6758,17992,8727,9265,1129058000
2009,성북구,돈암2동,8503,24638,12018,12620,1129059000
2009,성북구,안암동,8672,18628,9488,9140,1129060000
2009,성북구,보문동,7581,17413,8643,8770,1129061000
2009,성북구,정릉1동,7580,21102,10129,10973,1129062000
2009,성북구,정릉2동,9608,25168,12477,12691,1129063000
2009,성북구,정릉3동,8097,18967,9486,9481,1129064000
2009,성북구,정릉4동,10836,28329,13933,14396,1129065000
2009,성북구,길음1동,9915,28515,13877,14638,1129066000
2009,성북구,길음2동,8941,20739,10163,10576,1129068500
2009,성북구,월곡1동,10420,27855,13873,13982,1129071500
2009,성북구,월곡2동,8590,21956,10870,11086,1129072500
2009,성북구,장위1동,10564,27635,13800,13835,1129076000
2009,성북구,장위2동,9833,24304,12243,12061,1129077000
2009,성북구,장위3동,8358,20573,10504,10069,1129078000
2009,성북구,성북동,8423,19947,9637,10310,1129052500
2009,성북구,삼선동,11758,27496,13416,14080,1129055500
2009,성북구,동선동,7527,15615,7178,8437,1129057500
2009,성북구,종암동,15429,38741,19518,19223,1129070500
2009,성북구,석관동,15597,38844,19483,19361,1129081000
2009,강북구,계,136779,343912,170346,173566,1130500000
2009,강북구,번1동,8908,21126,10429,10697,1130559500
2009,강북구,번2동,8177,20729,10199,10530,1130560300
2009,강북구,번3동,7746,21881,10579,11302,1130560800
2009,강북구,수유1동,9703,23897,12011,11886,1130561500
2009,강북구,수유2동,9214,23969,11827,12142,1130562500
2009,강북구,수유3동,10728,24403,12151,12252,1130563000
2009,강북구,삼양동,13408,33616,16874,16742,1130553400
2009,강북구,미아동,10333,25076,12535,12541,1130553500
2009,강북구,송중동,14295,36115,17649,18466,1130554500
2009,강북구,송천동,13834,32917,16442,16475,1130555500
2009,강북구,삼각산동,8204,24160,11904,12256,1130557500
2009,강북구,우이동,8694,21952,11036,10916,1130564500
2009,강북구,인수동,13535,34071,16710,17361,1130566000
2009,도봉구,계,139010,372398,184019,188379,1132000000
2009,도봉구,쌍문1동,8580,22831,11185,11646,1132066000
2009,도봉구,쌍문2동,8244,21564,10666,10898,1132067000
2009,도봉구,쌍문3동,7395,19010,9289,9721,1132068000
2009,도봉구,쌍문4동,7629,22210,10795,11415,1132068100
2009,도봉구,방학1동,12173,33152,16587,16565,1132069000
2009,도봉구,방학2동,9809,24813,12483,12330,1132070000
2009,도봉구,방학3동,10919,32803,16135,16668,1132071000
2009,도봉구,창1동,11182,29790,14581,15209,1132051100
2009,도봉구,창2동,12161,31672,15685,15987,1132051200
2009,도봉구,창3동,6704,16683,8409,8274,1132051300
2009,도봉구,창4동,11437,31453,15237,16216,1132051400
2009,도봉구,창5동,10196,28642,14092,14550,1132051500
2009,도봉구,도봉1동,10558,25469,12840,12629,1132052100
2009,도봉구,도봉2동,12023,32306,16035,16271,1132052200
2009,노원구,계,225000,615161,301164,313997,1135000000
2009,노원구,월계1동,9782,25472,12941,12531,1135056000
2009,노원구,월계2동,12476,31863,15604,16259,1135057000
2009,노원구,월계3동,13874,37329,18235,19094,1135058000
2009,노원구,공릉2동,17032,47186,23485,23701,1135060000
2009,노원구,하계1동,11454,31577,15337,16240,1135061100
2009,노원구,하계2동,8871,26563,13004,13559,1135061200
2009,노원구,중계본동,10219,31292,15457,15835,1135061900
2009,노원구,중계1동,9829,31456,15435,16021,1135062100
2009,노원구,중계4동,8488,24155,11745,12410,1135062400
2009,노원구,상계1동,14630,41784,20639,21145,1135063000
2009,노원구,상계2동,8341,22614,11206,11408,1135064000
2009,노원구,상계5동,9294,24809,12174,12635,1135067000
2009,노원구,상계8동,9541,27233,13143,14090,1135070000
2009,노원구,상계9동,9134,25578,12461,13117,1135071000
2009,노원구,상계10동,8106,21296,10111,11185,1135072000
2009,노원구,중계2.3동,15752,43390,20613,22777,1135062500
2009,노원구,공릉1.3동,16513,41747,20528,21219,1135060500
2009,노원구,상계3.4동,16993,41778,21046,20732,1135066500
2009,노원구,상계6.7동,14671,38039,18000,20039,1135069500
2009,은평구,계,185701,470782,231849,238933,1138000000
2009,은평구,녹번동,15508,36638,17883,18755,1138051000
2009,은평구,불광1동,14633,35909,17541,18368,1138052000
2009,은평구,불광2동,13449,32024,15765,16259,1138053000
2009,은평구,갈현1동,10676,27038,13376,13662,1138055100
2009,은평구,갈현2동,10673,28040,13575,14465,1138055200
2009,은평구,구산동,11470,33507,17161,16346,1138056000
2009,은평구,대조동,13246,31659,15219,16440,1138057000
2009,은평구,응암1동,13801,34031,16676,17355,1138058000
2009,은평구,응암2동,8826,20562,10250,10312,1138059000
2009,은평구,응암3동,11498,27834,13785,14049,1138060000
2009,은평구,신사1동,10357,27841,13709,14132,1138063100
2009,은평구,신사2동,9180,24057,12195,11862,1138063200
2009,은평구,증산동,8599,22356,11121,11235,1138064000
2009,은평구,수색동,8469,21326,10629,10697,1138065000
2009,은평구,진관동,7254,21117,10322,10795,1138069000
2009,은평구,역촌동,18062,46843,22642,24201,1138062500
2009,서대문구,계,137062,336649,164251,172398,1141000000
2009,서대문구,천연동,8202,20117,9817,10300,1141052000
2009,서대문구,홍제1동,11392,28628,13767,14861,1141062000
2009,서대문구,홍제2동,6049,16236,7839,8397,1141065500
2009,서대문구,홍제3동,8309,20807,10159,10648,1141064000
2009,서대문구,홍은1동,11106,28672,14119,14553,1141066000
2009,서대문구,홍은2동,11598,30006,14807,15199,1141068500
2009,서대문구,남가좌1동,1977,4537,2311,2226,1141069000
2009,서대문구,남가좌2동,12650,31906,15653,16253,1141070000
2009,서대문구,북가좌1동,4095,10735,5397,5338,1141071000
2009,서대문구,북가좌2동,13449,35172,17313,17859,1141072000
2009,서대문구,충현동,10779,24405,12133,12272,1141056500
2009,서대문구,북아현동,9042,20349,9810,10539,1141055500
2009,서대문구,신촌동,10020,20900,9536,11364,1141058500
2009,서대문구,연희동,18394,44179,21590,22589,1141061500
2009,마포구,계,165750,392313,191300,201013,1144000000
2009,마포구,용강동,8836,21857,10632,11225,1144059000
2009,마포구,대흥동,8978,17222,8369,8853,1144060000
2009,마포구,염리동,8361,19010,9339,9671,1144061000
2009,마포구,신수동,9842,23637,11736,11901,1144063000
2009,마포구,서교동,15712,30106,14054,16052,1144066000
2009,마포구,합정동,9366,21466,10552,10914,1144068000
2009,마포구,망원1동,10428,24909,12299,12610,1144069000
2009,마포구,망원2동,8495,22139,10826,11313,1144070000
2009,마포구,연남동,8885,20701,10082,10619,1144071000
2009,마포구,성산1동,8479,20782,10153,10629,1144072000
2009,마포구,성산2동,15686,42047,20439,21608,1144073000
2009,마포구,상암동,8116,22958,11388,11570,1144074000
2009,마포구,도화동,9186,23704,11519,12185,1144058500
2009,마포구,서강동,12050,26881,12973,13908,1144065500
2009,마포구,공덕동,15802,37037,18232,18805,1144056500
2009,마포구,아현동,7528,17857,8707,9150,1144055500
2009,양천구,계,182363,506684,251971,254713,1147000000
2009,양천구,목1동,10856,33789,16488,17301,1147051000
2009,양천구,목2동,11986,32036,15855,16181,1147052000
2009,양천구,목3동,9269,23736,11731,12005,1147053000
2009,양천구,목4동,10355,29358,14684,14674,1147054000
2009,양천구,목5동,14616,47091,23429,23662,1147055000
2009,양천구,신월1동,10100,25172,12883,12289,1147056000
2009,양천구,신월2동,8647,23343,11711,11632,1147057000
2009,양천구,신월3동,7970,18960,9684,9276,1147058000
2009,양천구,신월4동,6466,18515,9205,9310,1147059000
2009,양천구,신월5동,6120,16216,8034,8182,1147060000
2009,양천구,신월6동,5899,15246,7638,7608,1147061000
2009,양천구,신월7동,9680,26405,13218,13187,1147061100
2009,양천구,신정1동,8582,25398,12476,12922,1147062000
2009,양천구,신정2동,7442,23161,11516,11645,1147063000
2009,양천구,신정3동,18527,49654,24657,24997,1147064000
2009,양천구,신정4동,15478,37231,18464,18767,1147065000
2009,양천구,신정6동,8749,27787,13635,14152,1147067000
2009,양천구,신정7동,11621,33586,16663,16923,1147068000
2009,강서구,계,221975,579196,285597,293599,1150000000
2009,강서구,염창동,14085,42062,20841,21221,1150051000
2009,강서구,등촌1동,8450,21534,10713,10821,1150052000
2009,강서구,등촌2동,8244,22729,11405,11324,1150053000
2009,강서구,등촌3동,14797,38516,18384,20132,1150053500
2009,강서구,화곡본동,14734,36530,17940,18590,1150059000
2009,강서구,화곡1동,20675,52226,25856,26370,1150054000
2009,강서구,화곡2동,8055,20864,10352,10512,1150055000
2009,강서구,화곡3동,8899,24415,11898,12517,1150056000
2009,강서구,화곡4동,9402,23272,11579,11693,1150057000
2009,강서구,화곡6동,9718,25045,12385,12660,1150059100
2009,강서구,화곡8동,11103,27852,13684,14168,1150059300
2009,강서구,가양1동,7615,21706,10954,10752,1150060300
2009,강서구,가양2동,7978,18689,8993,9696,1150060400
2009,강서구,가양3동,7722,19725,9583,10142,1150060500
2009,강서구,발산1동,11819,33731,16341,17390,1150061100
2009,강서구,공항동,9548,22311,11561,10750,1150062000
2009,강서구,방화1동,12149,32280,16291,15989,1150063000
2009,강서구,방화2동,11019,26734,13247,13487,1150064000
2009,강서구,방화3동,11596,28362,13752,14610,1150064100
2009,강서구,우장산동,14367,40613,19838,20775,1150061500
2009,구로구,계,167404,449613,227173,222440,1153000000
2009,구로구,신도림동,12887,37060,18391,18669,1153051000
2009,구로구,구로1동,7998,28180,14147,14033,1153052000
2009,구로구,구로2동,15060,38582,19650,18932,1153053000
2009,구로구,구로3동,12771,27835,14092,13743,1153054000
2009,구로구,구로4동,11874,30609,15322,15287,1153055000
2009,구로구,구로5동,12657,34400,17399,17001,1153056000
2009,구로구,고척1동,9709,26660,13487,13173,1153072000
2009,구로구,고척2동,11847,31224,15883,15341,1153073000
2009,구로구,개봉1동,14605,38047,19189,18858,1153074000
2009,구로구,개봉2동,12909,35862,17798,18064,1153075000
2009,구로구,개봉3동,8427,22650,11256,11394,1153076000
2009,구로구,오류1동,8145,21580,10781,10799,1153077000
2009,구로구,오류2동,11265,29793,15191,14602,1153078000
2009,구로구,수궁동,9150,24129,12239,11890,1153079000
2009,구로구,가리봉동,8100,23002,12348,10654,1153059500
2009,금천구,계,100285,263116,134341,128775,1154500000
2009,금천구,가산동,9716,24460,13482,10978,1154551000
2009,금천구,독산1동,13333,37017,19029,17988,1154561000
2009,금천구,독산2동,9809,24749,12546,12203,1154562000
2009,금천구,독산3동,12494,31944,16116,15828,1154563000
2009,금천구,독산4동,8371,20732,10605,10127,1154564000
2009,금천구,시흥1동,13343,34433,17517,16916,1154567000
2009,금천구,시흥2동,8775,25839,12888,12951,1154568000
2009,금천구,시흥3동,4775,12919,6532,6387,1154569000
2009,금천구,시흥4동,9790,25533,12836,12697,1154570000
2009,금천구,시흥5동,9879,25490,12790,12700,1154571000
2009,영등포구,계,168099,441747,222622,219125,1156000000
2009,영등포구,여의도동,12516,34374,16657,17717,1156054000
2009,영등포구,당산1동,8885,20860,10469,10391,1156055000
2009,영등포구,당산2동,12832,33335,16426,16909,1156056000
2009,영등포구,양평1동,6883,17116,8650,8466,1156061000
2009,영등포구,양평2동,7928,21911,11091,10820,1156062000
2009,영등포구,신길1동,9823,26202,13200,13002,1156063000
2009,영등포구,신길3동,8153,20773,10450,10323,1156065000
2009,영등포구,신길4동,5714,14601,7362,7239,1156066000
2009,영등포구,신길5동,7621,21118,10714,10404,1156067000
2009,영등포구,신길6동,9824,26005,12988,13017,1156068000
2009,영등포구,신길7동,7514,20357,10196,10161,1156069000
2009,영등포구,대림1동,7460,20043,10097,9946,1156070000
2009,영등포구,대림2동,8771,27157,13642,13515,1156071000
2009,영등포구,대림3동,12039,33275,16774,16501,1156072000
2009,영등포구,영등포본동,11041,28422,14436,13986,1156051500
2009,영등포구,영등포동,9597,19173,10713,8460,1156053500
2009,영등포구,도림동,9790,24775,12602,12173,1156058500
2009,영등포구,문래동,11708,32250,16155,16095,1156060500
2009,동작구,계,163344,407973,200855,207118,1159000000
2009,동작구,노량진1동,13898,34607,17343,17264,1159051000
2009,동작구,노량진2동,8050,17866,8882,8984,1159052000
2009,동작구,상도1동,16564,39916,19580,20336,1159053000
2009,동작구,상도2동,10860,26211,12894,13317,1159054000
2009,동작구,상도3동,9795,24739,12197,12542,1159055000
2009,동작구,상도4동,11820,30037,14905,15132,1159056000
2009,동작구,사당1동,10494,23401,11252,12149,1159062000
2009,동작구,사당2동,12232,31283,15278,16005,1159063000
2009,동작구,사당3동,10030,25637,12721,12916,1159064000
2009,동작구,사당4동,6330,15432,7560,7872,1159065000
2009,동작구,사당5동,6304,15772,7877,7895,1159065100
2009,동작구,대방동,14678,39625,19459,20166,1159066000
2009,동작구,신대방1동,10138,29784,14600,15184,1159067000
2009,동작구,신대방2동,7693,20337,9891,10446,1159068000
2009,동작구,흑석동,14458,33326,16416,16910,1159060500
2009,관악구,계,241873,547311,277269,270042,1162000000
2009,관악구,남현동,7843,18005,8802,9203,1162063000
2009,관악구,보라매동,11462,27750,13823,13927,1162052500
2009,관악구,청림동,6728,17560,8626,8934,1162054500
2009,관악구,행운동,14955,30553,15218,15335,1162057500
2009,관악구,낙성대동,9499,18180,9389,8791,1162058500
2009,관악구,중앙동,7068,14791,7361,7430,1162061500
2009,관악구,인헌동,13154,29240,14533,14707,1162062500
2009,관악구,서원동,12167,27914,13949,13965,1162064500
2009,관악구,신원동,9406,21143,10428,10715,1162065500
2009,관악구,서림동,13026,24943,13680,11263,1162066500
2009,관악구,신사동,12066,27701,13892,13809,1162068500
2009,관악구,신림동,11092,18311,9101,9210,1162069500
2009,관악구,난향동,6742,18288,9124,9164,1162071500
2009,관악구,조원동,8518,20030,10075,9955,1162072500
2009,관악구,대학동,13562,23520,13989,9531,1162073500
2009,관악구,은천동,14877,39842,19852,19990,1162060500
2009,관악구,성현동,12757,35361,17492,17869,1162056500
2009,관악구,청룡동,17547,34854,17463,17391,1162059500
2009,관악구,난곡동,13024,32433,16576,15857,1162077500
2009,관악구,삼성동,12684,31374,15914,15460,1162074500
2009,관악구,미성동,13696,35518,17982,17536,1162076500
2009,서초구,계,166405,431131,209113,222018,1165000000
2009,서초구,서초1동,8702,21232,10344,10888,1165051000
2009,서초구,서초2동,8954,23499,11554,11945,1165052000
2009,서초구,서초3동,12364,31100,15589,15511,1165053000
2009,서초구,서초4동,10321,30068,14647,15421,1165053100
2009,서초구,잠원동,15112,37408,17804,19604,1165054000
2009,서초구,반포본동,4546,13632,6409,7223,1165055000
2009,서초구,반포1동,13306,29974,14285,15689,1165056000
2009,서초구,반포2동,6973,21075,10028,11047,1165057000
2009,서초구,반포3동,8649,24506,11858,12648,1165058000
2009,서초구,반포4동,7475,21191,10185,11006,1165058100
2009,서초구,방배본동,7905,21826,10366,11460,1165059000
2009,서초구,방배1동,6566,16380,7927,8453,1165060000
2009,서초구,방배2동,11297,28669,13868,14801,1165061000
2009,서초구,방배3동,9713,26518,13026,13492,1165062000
2009,서초구,방배4동,10267,26629,12538,14091,1165062100
2009,서초구,양재1동,11119,27103,13170,13933,1165065100
2009,서초구,양재2동,10484,23816,12074,11742,1165065200
2009,서초구,내곡동,2652,6505,3441,3064,1165066000
2009,강남구,계,229431,569499,274480,295019,1168000000
2009,강남구,신사동,8860,21485,10086,11399,1168051000
2009,강남구,논현1동,15310,27847,12972,14875,1168052100
2009,강남구,논현2동,11197,23732,11223,12509,1168053100
2009,강남구,삼성1동,5957,16403,8395,8008,1168058000
2009,강남구,삼성2동,13824,31728,15222,16506,1168059000
2009,강남구,대치1동,7845,26907,13263,13644,1168060000
2009,강남구,대치2동,14791,45299,23077,22222,1168061000
2009,강남구,대치4동,10446,22306,10500,11806,1168063000
2009,강남구,역삼1동,20869,36644,17447,19197,1168064000
2009,강남구,역삼2동,13558,32072,15164,16908,1168065000
2009,강남구,도곡1동,8087,22234,10698,11536,1168065500
2009,강남구,도곡2동,11807,33984,16169,17815,1168065600
2009,강남구,개포1동,8152,22439,10759,11680,1168066000
2009,강남구,개포2동,12965,35898,17242,18656,1168067000
2009,강남구,개포4동,9800,24323,11949,12374,1168069000
2009,강남구,일원본동,7784,23418,11385,12033,1168072000
2009,강남구,일원1동,7663,19322,9480,9842,1168073000
2009,강남구,일원2동,7390,19939,9738,10201,1168074000
2009,강남구,수서동,7619,17617,8070,9547,1168075000
2009,강남구,세곡동,2112,5419,2789,2630,1168070000
2009,강남구,압구정동,11123,29146,13677,15469,1168054500
2009,강남구,청담동,12272,31337,15175,16162,1168056500
2009,송파구,계,260681,689296,337950,351346,1171000000
2009,송파구,풍납1동,8198,20950,10305,10645,1171051000
2009,송파구,풍납2동,11370,29522,14345,15177,1171052000
2009,송파구,거여1동,5912,16332,8271,8061,1171053100
2009,송파구,거여2동,11542,29925,15108,14817,1171053200
2009,송파구,마천1동,7969,19775,10037,9738,1171054000
2009,송파구,마천2동,8889,23602,12039,11563,1171055000
2009,송파구,방이1동,6231,17898,8786,9112,1171056100
2009,송파구,방이2동,11213,25913,12621,13292,1171056200
2009,송파구,오륜동,6341,20967,10175,10792,1171056600
2009,송파구,오금동,14396,39669,19761,19908,1171057000
2009,송파구,송파1동,11490,28001,13425,14576,1171058000
2009,송파구,송파2동,7007,20843,10230,10613,1171059000
2009,송파구,석촌동,15989,36572,17954,18618,1171060000
2009,송파구,삼전동,15733,35375,16946,18429,1171061000
2009,송파구,가락본동,11488,30271,15105,15166,1171062000
2009,송파구,가락1동,6301,15601,7674,7927,1171063100
2009,송파구,가락2동,12688,36647,18213,18434,1171063200
2009,송파구,문정1동,8509,23132,11364,11768,1171064100
2009,송파구,문정2동,5485,16508,8084,8424,1171064200
2009,송파구,장지동,13704,36869,18184,18685,1171064600
2009,송파구,잠실본동,14201,31955,15114,16841,1171065000
2009,송파구,잠실2동,12590,35812,17230,18582,1171067000
2009,송파구,잠실3동,12937,37466,18086,19380,1171068000
2009,송파구,잠실4동,11013,31274,15271,16003,1171069000
2009,송파구,잠실6동,5961,17635,8494,9141,1171071000
2009,송파구,잠실7동,3524,10782,5128,5654,1171072000
2009,강동구,계,184793,489655,245018,244637,1174000000
2009,강동구,강일동,6616,19604,9645,9959,1174051500
2009,강동구,상일동,9934,28836,14493,14343,1174052000
2009,강동구,명일1동,10119,28984,14283,14701,1174053000
2009,강동구,명일2동,6059,19247,9681,9566,1174054000
2009,강동구,고덕1동,7910,22811,11422,11389,1174055000
2009,강동구,고덕2동,6964,18849,9656,9193,1174056000
2009,강동구,암사1동,15990,39958,20043,19915,1174057000
2009,강동구,암사2동,6010,16438,8136,8302,1174058000
2009,강동구,암사3동,6434,19453,9622,9831,1174059000
2009,강동구,천호1동,12878,33190,16599,16591,1174060000
2009,강동구,천호2동,16768,39192,19700,19492,1174061000
2009,강동구,천호3동,12917,28382,14321,14061,1174062000
2009,강동구,성내1동,7783,21451,10711,10740,1174064000
2009,강동구,성내2동,11995,27329,13587,13742,1174065000
2009,강동구,성내3동,10059,25316,12680,12636,1174066000
2009,강동구,둔촌1동,6601,20976,10890,10086,1174069000
2009,강동구,둔촌2동,10125,27787,13767,14020,1174070000
2009,강동구,길동,19631,51852,25782,26070,1174068500
2014,계,계,4194176,10369593,5109013,5260580,1100000000
2014,종로구,계,73101,165344,81439,83905,1111000000
2014,종로구,사직동,4400,10132,4765,5367,1111053000
2014,종로구,삼청동,1461,3268,1586,1682,1111054000
2014,종로구,부암동,4494,11356,5539,5817,1111055000
2014,종로구,평창동,7416,19595,9302,10293,1111056000
2014,종로구,무악동,3174,8445,3979,4466,1111057000
2014,종로구,교남동,2426,5005,2421,2584,1111058000
2014,종로구,가회동,2286,5214,2450,2764,1111060000
2014,종로구,종로1.2.3.4가동,5416,8920,5089,3831,1111061500
2014,종로구,종로5.6가동,3119,6069,3287,2782,1111063000
2014,종로구,이화동,4481,9312,4378,4934,1111064000
2014,종로구,혜화동,9169,19631,9450,10181,1111065000
2014,종로구,창신1동,3321,7097,3751,3346,1111067000
2014,종로구,창신2동,4567,11311,5686,5625,1111068000
2014,종로구,창신3동,3006,8091,4064,4027,1111069000
2014,종로구,숭인1동,3161,7348,3660,3688,1111070000
2014,종로구,숭인2동,5374,10078,5147,4931,1111071000
2014,종로구,청운효자동,5830,14472,6885,7587,1111051500
2014,중구,계,59960,136227,67952,68275,1114000000
2014,중구,소공동,655,1895,1044,851,1114052000
2014,중구,회현동,3531,6505,3516,2989,1114054000
2014,중구,명동,1478,3614,1619,1995,1114055000
2014,중구,필동,2414,5040,2600,2440,1114057000
2014,중구,장충동,2869,6079,3036,3043,1114058000
2014,중구,광희동,2873,5961,3131,2830,1114059000
2014,중구,을지로동,1256,1920,1189,731,1114060500
2014,중구,신당5동,4751,10788,5419,5369,1114065000
2014,중구,황학동,6045,13186,6619,6567,1114067000
2014,중구,중림동,4492,9562,4856,4706,1114068000
2014,중구,신당동,3889,8758,4458,4300,1114061500
2014,중구,다산동,7004,16268,7944,8324,1114062500
2014,중구,약수동,7908,19160,9227,9933,1114063500
2014,중구,청구동,6485,15587,7510,8077,1114064500
2014,중구,동화동,4310,11904,5784,6120,1114066500
2014,용산구,계,108429,249914,122047,127867,1117000000
2014,용산구,후암동,8719,19683,9745,9938,1117051000
2014,용산구,용산2가동,5820,13330,6598,6732,1117052000
2014,용산구,남영동,5358,8576,5187,3389,1117053000
2014,용산구,원효로1동,5937,13547,6656,6891,1117056000
2014,용산구,원효로2동,6007,15671,7364,8307,1117057000
2014,용산구,효창동,4437,11276,5491,5785,1117058000
2014,용산구,용문동,5149,12994,6277,6717,1117059000
2014,용산구,이촌1동,9642,28007,13146,14861,1117063000
2014,용산구,이촌2동,4145,9800,4687,5113,1117064000
2014,용산구,이태원1동,4190,9470,4715,4755,1117065000
2014,용산구,이태원2동,5189,11550,5456,6094,1117066000
2014,용산구,서빙고동,5333,14293,6895,7398,1117069000
2014,용산구,보광동,8387,17665,8685,8980,1117070000
2014,용산구,청파동,11034,22939,10898,12041,1117055500
2014,용산구,한강로동,7710,16491,8263,8228,1117062500
2014,용산구,한남동,11372,24622,11984,12638,1117068500
2014,성동구,계,125814,303891,151149,152742,1120000000
2014,성동구,왕십리2동,6793,16812,8308,8504,1120052000
2014,성동구,마장동,10323,25148,12462,12686,1120054000
2014,성동구,사근동,6294,12574,6510,6064,1120055000
2014,성동구,행당1동,6583,15553,7637,7916,1120056000
2014,성동구,행당2동,9476,26399,12557,13842,1120057000
2014,성동구,응봉동,6325,17158,8188,8970,1120058000
2014,성동구,금호1가동,5526,14117,6859,7258,1120059000
2014,성동구,금호4가동,6164,15004,7269,7735,1120062000
2014,성동구,성수1가1동,7134,17774,9010,8764,1120065000
2014,성동구,성수1가2동,7951,18111,9181,8930,1120066000
2014,성동구,성수2가1동,8901,20532,10701,9831,1120067000
2014,성동구,성수2가3동,5480,12434,6483,5951,1120069000
2014,성동구,송정동,5544,12292,6493,5799,1120072000
2014,성동구,용답동,7846,17358,9182,8176,1120079000
2014,성동구,왕십리도선동,6853,16081,7874,8207,1120053500
2014,성동구,금호2.3가동,9269,23056,11169,11887,1120061500
2014,성동구,옥수동,9352,23487,11266,12221,1120064500
2014,성동구,기타,,1,,1,0000000000
2014,광진구,계,158524,377375,185011,192364,1121500000
2014,광진구,화양동,13993,24269,11571,12698,1121571000
2014,광진구,군자동,10293,22189,11033,11156,1121573000
2014,광진구,중곡1동,7608,16648,8268,8380,1121574000
2014,광진구,중곡2동,9663,22633,11033,11600,1121575000
2014,광진구,중곡3동,8194,18475,9248,9227,1121576000
2014,광진구,중곡4동,12810,31842,15734,16108,1121577000
2014,광진구,능동,5697,11470,5420,6050,1121578000
2014,광진구,구의1동,10899,23290,11222,12068,1121585000
2014,광진구,구의2동,10627,26479,12960,13519,1121586000
2014,광진구,구의3동,11522,29997,14569,15428,1121587000
2014,광진구,광장동,12017,37159,18056,19103,1121581000
2014,광진구,자양1동,10792,24459,12066,12393,1121582000
2014,광진구,자양2동,11413,28520,14206,14314,1121583000
2014,광진구,자양3동,11245,31436,15284,16152,1121584000
2014,광진구,자양4동,11751,28509,14341,14168,1121584700
2014,동대문구,계,159880,376319,187638,188681,1123000000
2014,동대문구,전농1동,14451,31997,16246,15751,1123056000
2014,동대문구,전농2동,7713,21387,10378,11009,1123057000
2014,동대문구,답십리1동,10510,25989,12902,13087,1123060000
2014,동대문구,답십리2동,11528,30027,14845,15182,1123061000
2014,동대문구,장안1동,15186,37591,18954,18637,1123065000
2014,동대문구,장안2동,12887,32673,16472,16201,1123066000
2014,동대문구,회기동,5919,12627,5916,6711,1123071000
2014,동대문구,휘경1동,8146,17139,8444,8695,1123072000
2014,동대문구,휘경2동,10606,25735,12690,13045,1123073000
2014,동대문구,이문1동,14943,32201,15862,16339,1123074000
2014,동대문구,이문2동,8619,22857,11255,11602,1123075000
2014,동대문구,청량리동,10755,24584,12280,12304,1123070500
2014,동대문구,용신동,15605,32629,16769,15860,1123053600
2014,동대문구,제기동,13012,28883,14625,14258,1123054500
2014,중랑구,계,176714,423411,211178,212233,1126000000
2014,중랑구,면목2동,12027,27936,14011,13925,1126052000
2014,중랑구,면목4동,9514,21713,10716,10997,1126054000
2014,중랑구,면목5동,5879,13597,6989,6608,1126055000
2014,중랑구,면목7동,10570,24860,12437,12423,1126057000
2014,중랑구,상봉1동,9839,26746,13193,13553,1126058000
2014,중랑구,상봉2동,9355,18438,9313,9125,1126059000
2014,중랑구,중화1동,8357,21287,10561,10726,1126060000
2014,중랑구,중화2동,14136,29665,15313,14352,1126061000
2014,중랑구,묵1동,13497,35241,17280,17961,1126062000
2014,중랑구,묵2동,8403,19563,9732,9831,1126063000
2014,중랑구,망우3동,8237,18789,9446,9343,1126066000
2014,중랑구,신내1동,14156,42203,20720,21483,1126068000
2014,중랑구,신내2동,9193,24192,11794,12398,1126069000
2014,중랑구,면목본동,16398,36584,18230,18354,1126056500
2014,중랑구,면목3.8동,12485,28695,14323,14372,1126057500
2014,중랑구,망우본동,14668,33902,17120,16782,1126065500
2014,성북구,계,193359,475961,233009,242952,1129000000
2014,성북구,돈암1동,6142,16324,7827,8497,1129058000
2014,성북구,돈암2동,7861,23614,11313,12301,1129059000
2014,성북구,안암동,8835,18114,8984,9130,1129060000
2014,성북구,보문동,6990,15124,7399,7725,1129061000
2014,성북구,정릉1동,7429,19975,9625,10350,1129062000
2014,성북구,정릉2동,9262,23962,11833,12129,1129063000
2014,성북구,정릉3동,7700,17980,8979,9001,1129064000
2014,성북구,정릉4동,10862,27815,13609,14206,1129065000
2014,성북구,길음1동,13033,37987,18322,19665,1129066000
2014,성북구,길음2동,7386,17404,8584,8820,1129068500
2014,성북구,월곡1동,10797,28822,14135,14687,1129071500
2014,성북구,월곡2동,8766,21425,10597,10828,1129072500
2014,성북구,장위1동,9841,24380,12142,12238,1129076000
2014,성북구,장위2동,8913,21452,10782,10670,1129077000
2014,성북구,장위3동,7243,17534,8958,8576,1129078000
2014,성북구,성북동,8247,18811,8966,9845,1129052500
2014,성북구,삼선동,12665,28368,13737,14631,1129055500
2014,성북구,동선동,8714,16727,7350,9377,1129057500
2014,성북구,종암동,17262,43444,21515,21929,1129070500
2014,성북구,석관동,15411,36699,18352,18347,1129081000
2014,강북구,계,141246,338410,166553,171857,1130500000
2014,강북구,번1동,9675,20643,10168,10475,1130559500
2014,강북구,번2동,7651,18927,9288,9639,1130560300
2014,강북구,번3동,7700,20636,9933,10703,1130560800
2014,강북구,수유1동,9866,23090,11574,11516,1130561500
2014,강북구,수유2동,9231,22969,11311,11658,1130562500
2014,강북구,수유3동,11146,23971,11922,12049,1130563000
2014,강북구,삼양동,12678,30306,15174,15132,1130553400
2014,강북구,미아동,10781,24014,11779,12235,1130553500
2014,강북구,송중동,13590,32378,15768,16610,1130554500
2014,강북구,송천동,13679,30928,15406,15522,1130555500
2014,강북구,삼각산동,12252,35020,17028,17992,1130557500
2014,강북구,우이동,9018,21717,10693,11024,1130564500
2014,강북구,인수동,13979,33811,16509,17302,1130566000
2014,도봉구,계,136977,355712,175306,180406,1132000000
2014,도봉구,쌍문1동,8878,22623,11032,11591,1132066000
2014,도봉구,쌍문2동,8525,21222,10393,10829,1132067000
2014,도봉구,쌍문3동,7592,18180,8881,9299,1132068000
2014,도봉구,쌍문4동,7282,21269,10272,10997,1132068100
2014,도봉구,방학1동,12533,31600,15819,15781,1132069000
2014,도봉구,방학2동,9631,22948,11602,11346,1132070000
2014,도봉구,방학3동,10619,31235,15310,15925,1132071000
2014,도봉구,창1동,10954,28196,13723,14473,1132051100
2014,도봉구,창2동,11729,31211,15393,15818,1132051200
2014,도봉구,창3동,6657,15865,7956,7909,1132051300
2014,도봉구,창4동,10789,30170,14625,15545,1132051400
2014,도봉구,창5동,9909,27348,13332,14016,1132051500
2014,도봉구,도봉1동,10245,23731,12061,11670,1132052100
2014,도봉구,도봉2동,11634,30114,14907,15207,1132052200
2014,노원구,계,221107,586056,285697,300359,1135000000
2014,노원구,월계1동,9348,22768,11698,11070,1135056000
2014,노원구,월계2동,11992,29551,14435,15116,1135057000
2014,노원구,월계3동,13320,34984,16949,18035,1135058000
2014,노원구,공릉1동,17199,40339,19862,20477,1135059500
2014,노원구,공릉2동,17056,46120,22907,23213,1135060000
2014,노원구,하계1동,11109,30003,14518,15485,1135061100
2014,노원구,하계2동,8568,25304,12275,13029,1135061200
2014,노원구,중계본동,9697,29161,14351,14810,1135061900
2014,노원구,중계1동,9414,30124,14757,15367,1135062100
2014,노원구,중계4동,8331,22842,11222,11620,1135062400
2014,노원구,상계1동,15753,43376,21264,22112,1135063000
2014,노원구,상계2동,8690,22483,11092,11391,1135064000
2014,노원구,상계5동,9388,23769,11625,12144,1135067000
2014,노원구,상계8동,9435,26207,12602,13605,1135070000
2014,노원구,상계9동,8754,24156,11632,12524,1135071000
2014,노원구,상계10동,7653,20059,9427,10632,1135072000
2014,노원구,중계2.3동,15627,41126,19327,21799,1135062500
2014,노원구,상계3.4동,15660,37314,18724,18590,1135066500
2014,노원구,상계6.7동,14113,36370,17030,19340,1135069500
2014,은평구,계,202187,503243,245946,257297,1138000000
2014,은평구,녹번동,13717,31163,15082,16081,1138051000
2014,은평구,불광1동,17429,43291,20925,22366,1138052000
2014,은평구,불광2동,12936,29421,14482,14939,1138053000
2014,은평구,갈현1동,10985,26023,12839,13184,1138055100
2014,은평구,갈현2동,11792,29942,14450,15492,1138055200
2014,은평구,구산동,12124,33646,17159,16487,1138056000
2014,은평구,대조동,14936,32892,15679,17213,1138057000
2014,은평구,응암1동,13412,32588,15789,16799,1138058000
2014,은평구,응암2동,10253,25370,12518,12852,1138059000
2014,은평구,응암3동,12351,27623,13589,14034,1138060000
2014,은평구,신사1동,10990,28319,13840,14479,1138063100
2014,은평구,신사2동,8784,22288,11182,11106,1138063200
2014,은평구,증산동,8106,20496,10217,10279,1138064000
2014,은평구,수색동,7709,18780,9407,9373,1138065000
2014,은평구,진관동,17147,51981,24913,27068,1138069000
2014,은평구,역촌동,19516,49420,23875,25545,1138062500
2014,서대문구,계,134780,320861,155477,165384,1141000000
2014,서대문구,천연동,8596,20278,9823,10455,1141052000
2014,서대문구,홍제1동,10972,26592,12764,13828,1141062000
2014,서대문구,홍제2동,5944,15540,7467,8073,1141065500
2014,서대문구,홍제3동,8237,19875,9714,10161,1141064000
2014,서대문구,홍은1동,10079,25651,12601,13050,1141066000
2014,서대문구,홍은2동,12327,30540,14940,15600,1141068500
2014,서대문구,남가좌1동,1701,3718,1894,1824,1141069000
2014,서대문구,남가좌2동,12453,29817,14709,15108,1141070000
2014,서대문구,북가좌1동,7154,19990,9756,10234,1141071000
2014,서대문구,북가좌2동,13805,34264,16829,17435,1141072000
2014,서대문구,충현동,8961,19650,9597,10053,1141056500
2014,서대문구,북아현동,4774,10544,5116,5428,1141055500
2014,서대문구,신촌동,11063,22027,9728,12299,1141058500
2014,서대문구,연희동,18714,42375,20539,21836,1141061500
2014,서대문구,기타,,1,,1,0000000000
2014,마포구,계,169492,395830,190717,205113,1144000000
2014,마포구,용강동,8050,20293,9802,10491,1144059000
2014,마포구,대흥동,8890,17275,8223,9052,1144060000
2014,마포구,염리동,7082,15724,7660,8064,1144061000
2014,마포구,신수동,8962,21619,10625,10994,1144063000
2014,마포구,서교동,15602,29383,13473,15910,1144066000
2014,마포구,합정동,9048,19732,9503,10229,1144068000
2014,마포구,망원1동,10316,23402,11334,12068,1144069000
2014,마포구,망원2동,8280,21071,10187,10884,1144070000
2014,마포구,연남동,9193,19753,9424,10329,1144071000
2014,마포구,성산1동,9156,21283,10199,11084,1144072000
2014,마포구,성산2동,15758,40456,19582,20874,1144073000
2014,마포구,상암동,11752,33522,16417,17105,1144074000
2014,마포구,도화동,9480,23557,11349,12208,1144058500
2014,마포구,서강동,11667,26300,12599,13701,1144065500
2014,마포구,공덕동,15861,36760,17859,18901,1144056500
2014,마포구,아현동,10395,25700,12481,13219,1144055500
2014,양천구,계,179069,490708,243091,247617,1147000000
2014,양천구,목1동,10501,32783,15901,16882,1147051000
2014,양천구,목2동,12119,31155,15317,15838,1147052000
2014,양천구,목3동,9175,22878,11167,11711,1147053000
2014,양천구,목4동,9937,28311,14070,14241,1147054000
2014,양천구,목5동,13743,44760,22235,22525,1147055000
2014,양천구,신월1동,10504,24387,12466,11921,1147056000
2014,양천구,신월2동,8426,23002,11395,11607,1147057000
2014,양천구,신월3동,7990,17528,9114,8414,1147058000
2014,양천구,신월4동,6849,19641,9691,9950,1147059000
2014,양천구,신월5동,6207,16426,8091,8335,1147060000
2014,양천구,신월6동,4854,12251,6244,6007,1147061000
2014,양천구,신월7동,9198,24062,11889,12173,1147061100
2014,양천구,신정1동,6326,19319,9465,9854,1147062000
2014,양천구,신정2동,7290,22077,10959,11118,1147063000
2014,양천구,신정3동,20432,56535,28064,28471,1147064000
2014,양천구,신정4동,15454,36543,18058,18485,1147065000
2014,양천구,신정6동,8331,26551,12918,13633,1147067000
2014,양천구,신정7동,11733,32499,16047,16452,1147068000
2014,양천구,기타,,1,,1,0000000000
2014,강서구,계,234378,591653,289841,301812,1150000000
2014,강서구,염창동,14504,42281,20821,21460,1150051000
2014,강서구,등촌1동,10517,23068,11029,12039,1150052000
2014,강서구,등촌2동,7921,21755,10913,10842,1150053000
2014,강서구,등촌3동,14685,36071,17292,18779,1150053500
2014,강서구,화곡본동,14994,36587,17901,18686,1150059000
2014,강서구,화곡1동,22840,52571,26113,26458,1150054000
2014,강서구,화곡2동,7957,20228,9901,10327,1150055000
2014,강서구,화곡3동,9044,23765,11528,12237,1150056000
2014,강서구,화곡4동,9671,23188,11471,11717,1150057000
2014,강서구,화곡6동,10396,25781,12747,13034,1150059100
2014,강서구,화곡8동,11030,27567,13461,14106,1150059300
2014,강서구,가양1동,8341,23585,11784,11801,1150060300
2014,강서구,가양2동,7850,17098,8219,8879,1150060400
2014,강서구,가양3동,7810,18051,8623,9428,1150060500
2014,강서구,발산1동,13273,39714,18968,20746,1150061100
2014,강서구,공항동,9771,21490,11216,10274,1150062000
2014,강서구,방화1동,15217,42282,20902,21380,1150063000
2014,강서구,방화2동,11247,25327,12511,12816,1150064000
2014,강서구,방화3동,11324,26348,12685,13663,1150064100
2014,강서구,우장산동,15986,44896,21756,23140,1150061500
2014,구로구,계,172594,457131,230091,227040,1153000000
2014,구로구,신도림동,12953,37807,18617,19190,1153051000
2014,구로구,구로1동,7784,22889,11393,11496,1153052000
2014,구로구,구로2동,14193,39124,20285,18839,1153053000
2014,구로구,구로3동,14029,28810,14621,14189,1153054000
2014,구로구,구로4동,11683,30153,15278,14875,1153055000
2014,구로구,구로5동,13832,35333,17607,17726,1153056000
2014,구로구,고척1동,9552,25650,12872,12778,1153072000
2014,구로구,고척2동,11675,30807,15479,15328,1153073000
2014,구로구,개봉1동,13986,36050,18125,17925,1153074000
2014,구로구,개봉2동,12707,34920,17282,17638,1153075000
2014,구로구,개봉3동,8452,22287,11110,11177,1153076000
2014,구로구,오류1동,9247,21908,10835,11073,1153077000
2014,구로구,오류2동,16114,45858,22648,23210,1153078000
2014,구로구,수궁동,9635,25905,13052,12853,1153079000
2014,구로구,가리봉동,6752,19630,10887,8743,1153059500
2014,구로구,기타,,1,,1,0000000000
2014,금천구,계,103940,258030,132476,125554,1154500000
2014,금천구,가산동,11417,23961,13503,10458,1154551000
2014,금천구,독산1동,14701,34550,18312,16238,1154561000
2014,금천구,독산2동,9569,23607,12028,11579,1154562000
2014,금천구,독산3동,12427,32007,16439,15568,1154563000
2014,금천구,독산4동,8033,20028,10171,9857,1154564000
2014,금천구,시흥1동,15233,38688,19604,19084,1154567000
2014,금천구,시흥2동,8639,24770,12161,12609,1154568000
2014,금천구,시흥3동,4958,12794,6453,6341,1154569000
2014,금천구,시흥4동,9304,24126,12075,12051,1154570000
2014,금천구,시흥5동,9659,23499,11730,11769,1154571000
2014,영등포구,계,168100,421436,212261,209175,1156000000
2014,영등포구,여의도동,12444,33934,16168,17766,1156054000
2014,영등포구,당산1동,9507,21228,10555,10673,1156055000
2014,영등포구,당산2동,15425,35480,16985,18495,1156056000
2014,영등포구,양평1동,7375,17044,8590,8454,1156061000
2014,영등포구,양평2동,8795,22090,11113,10977,1156062000
2014,영등포구,신길1동,10049,22847,11640,11207,1156063000
2014,영등포구,신길3동,6858,17206,8716,8490,1156065000
2014,영등포구,신길4동,5259,13379,6754,6625,1156066000
2014,영등포구,신길5동,6662,18179,9186,8993,1156067000
2014,영등포구,신길6동,9320,24189,12015,12174,1156068000
2014,영등포구,신길7동,5916,15524,7852,7672,1156069000
2014,영등포구,대림1동,7052,19410,9948,9462,1156070000
2014,영등포구,대림2동,7408,25507,13120,12387,1156071000
2014,영등포구,대림3동,11389,31780,16167,15613,1156072000
2014,영등포구,영등포본동,10602,27313,13840,13473,1156051500
2014,영등포구,영등포동,12284,20606,11627,8979,1156053500
2014,영등포구,도림동,9391,23495,11975,11520,1156058500
2014,영등포구,문래동,12364,32224,16010,16214,1156060500
2014,동작구,계,172389,419261,205962,213299,1159000000
2014,동작구,노량진1동,14321,33889,16935,16954,1159051000
2014,동작구,노량진2동,7186,15712,8034,7678,1159052000
2014,동작구,상도1동,20733,48197,23732,24465,1159053000
2014,동작구,상도2동,11002,25927,12627,13300,1159054000
2014,동작구,상도3동,10430,25358,12424,12934,1159055000
2014,동작구,상도4동,12098,30010,14903,15107,1159056000
2014,동작구,사당1동,11317,23864,11492,12372,1159062000
2014,동작구,사당2동,12530,31247,15222,16025,1159063000
2014,동작구,사당3동,10346,26174,12846,13328,1159064000
2014,동작구,사당4동,6381,15038,7354,7684,1159065000
2014,동작구,사당5동,6270,15161,7563,7598,1159065100
2014,동작구,대방동,15538,40180,19463,20717,1159066000
2014,동작구,신대방1동,9806,28603,14134,14469,1159067000
2014,동작구,신대방2동,8555,21414,10512,10902,1159068000
2014,동작구,흑석동,15876,38487,18721,19766,1159060500
2014,동작구,기타,,1,,1,0000000000
2014,관악구,계,248180,531960,268683,263277,1162000000
2014,관악구,남현동,8346,18315,8878,9437,1162063000
2014,관악구,보라매동,11480,27127,13466,13661,1162052500
2014,관악구,청림동,6547,16828,8281,8547,1162054500
2014,관악구,행운동,15573,30317,14957,15360,1162057500
2014,관악구,낙성대동,10072,18732,9536,9196,1162058500
2014,관악구,중앙동,7704,15211,7408,7803,1162061500
2014,관악구,인헌동,13348,28240,14035,14205,1162062500
2014,관악구,서원동,12452,24057,12277,11780,1162064500
2014,관악구,신원동,9317,20267,10033,10234,1162065500
2014,관악구,서림동,13450,25137,13719,11418,1162066500
2014,관악구,신사동,12071,27040,13577,13463,1162068500
2014,관악구,신림동,13609,20780,10392,10388,1162069500
2014,관악구,난향동,6523,17485,8698,8787,1162071500
2014,관악구,조원동,9273,20328,10435,9893,1162072500
2014,관악구,대학동,14227,23570,14043,9527,1162073500
2014,관악구,은천동,14963,36727,18176,18551,1162060500
2014,관악구,성현동,12802,34321,16854,17467,1162056500
2014,관악구,청룡동,18176,34322,17059,17263,1162059500
2014,관악구,난곡동,12761,30860,15583,15277,1162077500
2014,관악구,삼성동,11823,28426,14280,14146,1162074500
2014,관악구,미성동,13663,33870,16996,16874,1162076500
2014,서초구,계,173469,454288,219109,235179,1165000000
2014,서초구,서초1동,8911,21516,10332,11184,1165051000
2014,서초구,서초2동,8757,22530,11076,11454,1165052000
2014,서초구,서초3동,12168,30647,15272,15375,1165053000
2014,서초구,서초4동,9658,28468,13866,14602,1165053100
2014,서초구,잠원동,13695,34367,16385,17982,1165054000
2014,서초구,반포본동,4397,13473,6383,7090,1165055000
2014,서초구,반포1동,14756,34004,16442,17562,1165056000
2014,서초구,반포2동,6417,20022,9460,10562,1165057000
2014,서초구,반포3동,8231,24152,11510,12642,1165058000
2014,서초구,반포4동,7368,20726,9844,10882,1165058100
2014,서초구,방배본동,8112,22349,10499,11850,1165059000
2014,서초구,방배1동,7155,17479,8344,9135,1165060000
2014,서초구,방배2동,11369,28817,13779,15038,1165061000
2014,서초구,방배3동,9370,25292,12285,13007,1165062000
2014,서초구,방배4동,10088,26179,12220,13959,1165062100
2014,서초구,양재1동,17430,47501,22898,24603,1165065100
2014,서초구,양재2동,10738,23978,12041,11937,1165065200
2014,서초구,내곡동,4849,12788,6473,6315,1165066000
2014,강남구,계,237375,583446,280082,303364,1168000000
2014,강남구,신사동,8067,19114,8971,10143,1168051000
2014,강남구,논현1동,14471,25751,11862,13889,1168052100
2014,강남구,논현2동,10769,22441,10582,11859,1168053100
2014,강남구,삼성1동,5889,15800,7961,7839,1168058000
2014,강남구,삼성2동,13725,32170,15391,16779,1168059000
2014,강남구,대치1동,5781,19804,9882,9922,1168060000
2014,강남구,대치2동,13913,43118,21849,21269,1168061000
2014,강남구,대치4동,10367,22134,10461,11673,1168063000
2014,강남구,역삼1동,21372,36239,17259,18980,1168064000
2014,강남구,역삼2동,14745,36130,17113,19017,1168065000
2014,강남구,도곡1동,8493,22854,10861,11993,1168065500
2014,강남구,도곡2동,12301,35661,16760,18901,1168065600
2014,강남구,개포1동,8605,22163,10619,11544,1168066000
2014,강남구,개포2동,12720,33476,16144,17332,1168067000
2014,강남구,개포4동,9631,23177,11366,11811,1168069000
2014,강남구,일원본동,8320,24995,12280,12715,1168072000
2014,강남구,일원1동,7405,17880,8687,9193,1168073000
2014,강남구,일원2동,7124,18499,9073,9426,1168074000
2014,강남구,수서동,7380,16064,7325,8739,1168075000
2014,강남구,세곡동,13018,35894,17340,18554,1168070000
2014,강남구,압구정동,10912,28730,13348,15382,1168054500
2014,강남구,청담동,12367,31350,14946,16404,1168056500
2014,강남구,기타,,1,,1,0000000000
2014,송파구,계,257207,671794,328308,343486,1171000000
2014,송파구,풍납1동,7586,19034,9401,9633,1171051000
2014,송파구,풍납2동,10835,28066,13545,14521,1171052000
2014,송파구,거여1동,5809,15472,7934,7538,1171053100
2014,송파구,거여2동,10728,27302,13734,13568,1171053200
2014,송파구,마천1동,9246,23185,11709,11476,1171054000
2014,송파구,마천2동,8530,21792,11092,10700,1171055000
2014,송파구,방이1동,6053,16805,8271,8534,1171056100
2014,송파구,방이2동,11796,25852,12695,13157,1171056200
2014,송파구,오륜동,6017,20114,9857,10257,1171056600
2014,송파구,오금동,13995,37544,18558,18986,1171057000
2014,송파구,송파1동,11954,27287,12997,14290,1171058000
2014,송파구,송파2동,7534,22497,10940,11557,1171059000
2014,송파구,석촌동,15913,35680,17384,18296,1171060000
2014,송파구,삼전동,15556,34507,16498,18009,1171061000
2014,송파구,가락본동,11414,29132,14541,14591,1171062000
2014,송파구,가락1동,523,1237,638,599,1171063100
2014,송파구,가락2동,12248,35477,17397,18080,1171063200
2014,송파구,문정1동,8363,22383,10962,11421,1171064100
2014,송파구,문정2동,7158,18158,8786,9372,1171064200
2014,송파구,장지동,16679,46174,22729,23445,1171064600
2014,송파구,잠실본동,14412,30965,14781,16184,1171065000
2014,송파구,잠실2동,12285,36799,17588,19211,1171067000
2014,송파구,잠실3동,12491,37168,17859,19309,1171068000
2014,송파구,잠실4동,10587,30842,14972,15870,1171069000
2014,송파구,잠실6동,6020,17848,8528,9320,1171071000
2014,송파구,잠실7동,3475,10474,4912,5562,1171072000
2014,강동구,계,185905,481332,239990,241342,1174000000
2014,강동구,강일동,10832,34168,16644,17524,1174051500
2014,강동구,상일동,9476,26868,13378,13490,1174052000
2014,강동구,명일1동,10003,28073,13747,14326,1174053000
2014,강동구,명일2동,5994,18784,9410,9374,1174054000
2014,강동구,고덕1동,5591,16835,8541,8294,1174055000
2014,강동구,고덕2동,6666,17005,8785,8220,1174056000
2014,강동구,암사1동,15787,38289,19099,19190,1174057000
2014,강동구,암사2동,6250,16312,8017,8295,1174058000
2014,강동구,암사3동,6175,19065,9391,9674,1174059000
2014,강동구,천호1동,12865,30573,15327,15246,1174060000
2014,강동구,천호2동,16707,37226,18836,18390,1174061000
2014,강동구,천호3동,12071,26105,13201,12904,1174062000
2014,강동구,성내1동,7365,19724,9670,10054,1174064000
2014,강동구,성내2동,11914,26583,13183,13400,1174065000
2014,강동구,성내3동,10501,25322,12674,12648,1174066000
2014,강동구,둔촌1동,6358,19530,10084,9446,1174069000
2014,강동구,둔촌2동,10716,29349,14593,14756,1174070000
2014,강동구,길동,20634,51521,25410,26111,1174068500
2014,강동구,기타,,1,,1,0000000000
2022,계,계,4446296,9667669,4675560,4992109,1100000000
2022,종로구,계,72524,152211,72980,79231,1111000000
2022,종로구,사직동,4570,9355,4191,5164,1111053000
2022,종로구,삼청동,1148,2642,1263,1379,1111054000
2022,종로구,부암동,4144,9536,4545,4991,1111055000
2022,종로구,평창동,7270,17858,8336,9522,1111056000
2022,종로구,무악동,3017,8052,3720,4332,1111057000
2022,종로구,교남동,4386,9994,4622,5372,1111058000
2022,종로구,가회동,1931,4065,1881,2184,1111060000
2022,종로구,종로1.2.3.4가동,4926,8700,5044,3656,1111061500
2022,종로구,종로5.6가동,3511,5817,3064,2753,1111063000
2022,종로구,이화동,4301,7631,3559,4072,1111064000
2022,종로구,혜화동,9195,19392,8775,10617,1111065000
2022,종로구,창신1동,2706,5383,2844,2539,1111067000
2022,종로구,창신2동,3995,8796,4485,4311,1111068000
2022,종로구,창신3동,2777,6606,3262,3344,1111069000
2022,종로구,숭인1동,2970,6057,2889,3168,1111070000
2022,종로구,숭인2동,6548,10509,5052,5457,1111071000
2022,종로구,청운효자동,5129,11818,5448,6370,1111051500
2022,중구,계,63139,130785,63377,67408,1114000000
2022,중구,소공동,1286,3578,1807,1771,1114052000
2022,중구,회현동,2561,5222,2694,2528,1114054000
2022,중구,명동,1457,3638,1637,2001,1114055000
2022,중구,필동,2431,4816,2439,2377,1114057000
2022,중구,장충동,2829,5326,2765,2561,1114058000
2022,중구,광희동,3424,6682,3291,3391,1114059000
2022,중구,을지로동,1297,1912,1127,785,1114060500
2022,중구,신당5동,5334,10513,5091,5422,1114065000
2022,중구,황학동,7199,13459,6338,7121,1114067000
2022,중구,중림동,5719,12338,6129,6209,1114068000
2022,중구,신당동,4808,9087,4367,4720,1114061500
2022,중구,다산동,6821,13954,6720,7234,1114062500
2022,중구,약수동,7779,16610,7702,8908,1114063500
2022,중구,청구동,6205,13451,6375,7076,1114064500
2022,중구,동화동,3989,10199,4895,5304,1114066500
2022,용산구,계,109805,233284,113012,120272,1117000000
2022,용산구,후암동,8281,16812,8194,8618,1117051000
2022,용산구,용산2가동,5057,10333,5062,5271,1117052000
2022,용산구,남영동,5021,7552,4545,3007,1117053000
2022,용산구,원효로1동,9212,17774,8303,9471,1117056000
2022,용산구,원효로2동,6094,13795,6499,7296,1117057000
2022,용산구,효창동,4694,10888,5174,5714,1117058000
2022,용산구,용문동,5320,11664,5585,6079,1117059000
2022,용산구,이촌1동,9152,25707,12123,13584,1117063000
2022,용산구,이촌2동,3598,8094,3774,4320,1117064000
2022,용산구,이태원1동,3467,7947,4187,3760,1117065000
2022,용산구,이태원2동,4837,10427,4903,5524,1117066000
2022,용산구,서빙고동,5129,13458,6501,6957,1117069000
2022,용산구,보광동,7072,14060,7234,6826,1117070000
2022,용산구,청파동,11089,19833,9135,10698,1117055500
2022,용산구,한강로동,11388,22886,10951,11935,1117062500
2022,용산구,한남동,10394,22054,10842,11212,1117068500
2022,성동구,계,133305,288234,139691,148543,1120000000
2022,성동구,왕십리2동,7396,16688,8018,8670,1120052000
2022,성동구,마장동,10905,22706,11130,11576,1120054000
2022,성동구,사근동,8148,14082,7029,7053,1120055000
2022,성동구,행당1동,6441,13996,6698,7298,1120056000
2022,성동구,행당2동,9246,23148,10789,12359,1120057000
2022,성동구,응봉동,5930,15100,7189,7911,1120058000
2022,성동구,금호1가동,6533,15137,7220,7917,1120059000
2022,성동구,금호4가동,6298,14228,6737,7491,1120062000
2022,성동구,성수1가1동,7636,16407,8159,8248,1120065000
2022,성동구,성수1가2동,5935,12322,6033,6289,1120066000
2022,성동구,성수2가1동,7925,15716,8174,7542,1120067000
2022,성동구,성수2가3동,5332,10520,5230,5290,1120069000
2022,성동구,송정동,5458,10464,5534,4930,1120072000
2022,성동구,용답동,7326,12551,6357,6194,1120079000
2022,성동구,왕십리도선동,12091,26903,12657,14246,1120053500
2022,성동구,금호2.3가동,9943,22423,10713,11710,1120061500
2022,성동구,옥수동,10762,25843,12024,13819,1120064500
2022,광진구,계,169291,351252,168197,183055,1121500000
2022,광진구,화양동,18185,27082,12379,14703,1121571000
2022,광진구,군자동,11400,21524,10559,10965,1121573000
2022,광진구,중곡1동,8504,15663,7480,8183,1121574000
2022,광진구,중곡2동,10656,21336,10032,11304,1121575000
2022,광진구,중곡3동,8513,16177,7990,8187,1121576000
2022,광진구,중곡4동,13122,28405,13848,14557,1121577000
2022,광진구,능동,6406,11561,5308,6253,1121578000
2022,광진구,구의1동,13077,24049,11414,12635,1121585000
2022,광진구,구의2동,11517,26573,12731,13842,1121586000
2022,광진구,구의3동,12079,28440,13400,15040,1121587000
2022,광진구,광장동,11814,34362,16610,17752,1121581000
2022,광진구,자양1동,11913,22709,11005,11704,1121582000
2022,광진구,자양2동,10887,24253,11751,12502,1121583000
2022,광진구,자양3동,11009,27858,13289,14569,1121584000
2022,광진구,자양4동,10209,21260,10401,10859,1121584700
2022,동대문구,계,169873,353601,171903,181698,1123000000
2022,동대문구,전농1동,14752,29220,14515,14705,1123056000
2022,동대문구,전농2동,7557,18629,8876,9753,1123057000
2022,동대문구,답십리1동,12852,28530,13741,14789,1123060000
2022,동대문구,답십리2동,12521,28055,13568,14487,1123061000
2022,동대문구,장안1동,18514,38677,19053,19624,1123065000
2022,동대문구,장안2동,14127,32685,16190,16495,1123066000
2022,동대문구,회기동,6719,13536,6131,7405,1123071000
2022,동대문구,휘경1동,7783,16339,7361,8978,1123072000
2022,동대문구,휘경2동,12231,24666,12209,12457,1123073000
2022,동대문구,이문1동,10767,21366,10129,11237,1123074000
2022,동대문구,이문2동,8724,20183,9714,10469,1123075000
2022,동대문구,청량리동,9704,19094,9476,9618,1123070500
2022,동대문구,용신동,20172,36137,17759,18378,1123053600
2022,동대문구,제기동,13450,26484,13181,13303,1123054500
2022,중랑구,계,187413,390140,191422,198718,1126000000
2022,중랑구,면목2동,12222,24206,12017,12189,1126052000
2022,중랑구,면목4동,8931,18746,9295,9451,1126054000
2022,중랑구,면목5동,6451,14836,7413,7423,1126055000
2022,중랑구,면목7동,10552,21798,10860,10938,1126057000
2022,중랑구,상봉1동,10151,23714,11491,12223,1126058000
2022,중랑구,상봉2동,12336,20612,9861,10751,1126059000
2022,중랑구,중화1동,8991,19293,9462,9831,1126060000
2022,중랑구,중화2동,13623,24926,12755,12171,1126061000
2022,중랑구,묵1동,14995,34344,16413,17931,1126062000
2022,중랑구,묵2동,9256,18624,9103,9521,1126063000
2022,중랑구,망우3동,8208,16303,8186,8117,1126066000
2022,중랑구,신내1동,14788,38205,18445,19760,1126068000
2022,중랑구,신내2동,8958,20155,9566,10589,1126069000
2022,중랑구,면목본동,17740,33856,16676,17180,1126056500
2022,중랑구,면목3.8동,12626,24617,12174,12443,1126057500
2022,중랑구,망우본동,17585,35905,17705,18200,1126065500
2022,성북구,계,197082,441984,211246,230738,1129000000
2022,성북구,돈암1동,6043,14474,6747,7727,1129058000
2022,성북구,돈암2동,8512,23657,11174,12483,1129059000
2022,성북구,안암동,9723,17118,8275,8843,1129060000
2022,성북구,보문동,8114,16712,7979,8733,1129061000
2022,성북구,정릉1동,7374,18197,8670,9527,1129062000
2022,성북구,정릉2동,9877,22911,11034,11877,1129063000
2022,성북구,정릉3동,8120,16567,8106,8461,1129064000
2022,성북구,정릉4동,10807,24911,11835,13076,1129065000
2022,성북구,길음1동,12430,35000,16560,18440,1129066000
2022,성북구,길음2동,8601,21728,10450,11278,1129068500
2022,성북구,월곡1동,10842,26169,12588,13581,1129071500
2022,성북구,월곡2동,9648,19739,9442,10297,1129072500
2022,성북구,장위1동,10719,24082,11731,12351,1129076000
2022,성북구,장위2동,6635,13622,6685,6937,1129077000
2022,성북구,장위3동,6482,15868,7747,8121,1129078000
2022,성북구,성북동,8164,16889,7836,9053,1129052500
2022,성북구,삼선동,11471,23044,10866,12178,1129055500
2022,성북구,동선동,9573,15870,6523,9347,1129057500
2022,성북구,종암동,17153,40111,19599,20512,1129070500
2022,성북구,석관동,16794,35315,17399,17916,1129081000
2022,강북구,계,144313,297702,144037,153665,1130500000
2022,강북구,번1동,10374,18578,9270,9308,1130559500
2022,강북구,번2동,7510,15397,7415,7982,1130560300
2022,강북구,번3동,7424,16449,7677,8772,1130560800
2022,강북구,수유1동,10479,20501,10041,10460,1130561500
2022,강북구,수유2동,9847,21054,9985,11069,1130562500
2022,강북구,수유3동,13367,23778,11614,12164,1130563000
2022,강북구,삼양동,10927,23090,11486,11604,1130553400
2022,강북구,미아동,11608,21685,10360,11325,1130553500
2022,강북구,송중동,13996,29910,14335,15575,1130554500
2022,강북구,송천동,13361,25998,12830,13168,1130555500
2022,강북구,삼각산동,11506,30939,14826,16113,1130557500
2022,강북구,우이동,9604,20407,9809,10598,1130564500
2022,강북구,인수동,14310,29916,14389,15527,1130566000
2022,도봉구,계,138356,313989,152175,161814,1132000000
2022,도봉구,쌍문1동,9403,21445,10155,11290,1132066000
2022,도봉구,쌍문2동,8543,18461,8798,9663,1132067000
2022,도봉구,쌍문3동,8207,16934,8127,8807,1132068000
2022,도봉구,쌍문4동,7086,18348,8654,9694,1132068100
2022,도봉구,방학1동,12963,28410,14078,14332,1132069000
2022,도봉구,방학2동,9299,19354,9755,9599,1132070000
2022,도봉구,방학3동,9918,26500,12814,13686,1132071000
2022,도봉구,창1동,10982,24502,11650,12852,1132051100
2022,도봉구,창2동,12591,28957,14039,14918,1132051200
2022,도봉구,창3동,6477,13633,6775,6858,1132051300
2022,도봉구,창4동,10560,26121,12512,13609,1132051400
2022,도봉구,창5동,10271,24343,11632,12711,1132051500
2022,도봉구,도봉1동,10303,20622,10301,10321,1132052100
2022,도봉구,도봉2동,11753,26359,12885,13474,1132052200
2022,노원구,계,217540,508014,244010,264004,1135000000
2022,노원구,월계1동,10030,21580,11099,10481,1135056000
2022,노원구,월계2동,11791,26066,12522,13544,1135057000
2022,노원구,월계3동,12892,29384,14025,15359,1135058000
2022,노원구,공릉1동,18534,37184,18057,19127,1135059500
2022,노원구,공릉2동,17768,42538,20702,21836,1135060000
2022,노원구,하계1동,12035,26982,12896,14086,1135061100
2022,노원구,하계2동,8190,21642,10253,11389,1135061200
2022,노원구,중계본동,8244,23477,11395,12082,1135061900
2022,노원구,중계1동,8917,26580,12953,13627,1135062100
2022,노원구,중계4동,8252,19601,9426,10175,1135062400
2022,노원구,상계1동,15665,37857,18275,19582,1135063000
2022,노원구,상계2동,8563,19629,9644,9985,1135064000
2022,노원구,상계5동,10951,23737,11490,12247,1135067000
2022,노원구,상계8동,9162,22344,10644,11700,1135070000
2022,노원구,상계9동,8344,20071,9394,10677,1135071000
2022,노원구,상계10동,7650,18477,8524,9953,1135072000
2022,노원구,중계2.3동,15107,33497,15316,18181,1135062500
2022,노원구,상계3.4동,11662,25324,12606,12718,1135066500
2022,노원구,상계6.7동,13783,32044,14789,17255,1135069500
2022,은평구,계,213876,470602,224163,246439,1138000000
2022,은평구,녹번동,17663,36884,17348,19536,1138051000
2022,은평구,불광1동,17753,38265,18015,20250,1138052000
2022,은평구,불광2동,14027,27280,13168,14112,1138053000
2022,은평구,갈현1동,8555,17151,8374,8777,1138055100
2022,은평구,갈현2동,12632,28176,13301,14875,1138055200
2022,은평구,구산동,13422,32020,15623,16397,1138056000
2022,은평구,대조동,14497,26862,12449,14413,1138057000
2022,은평구,응암1동,15048,33279,15628,17651,1138058000
2022,은평구,응암2동,11249,28016,13572,14444,1138059000
2022,은평구,응암3동,12568,24313,11752,12561,1138060000
2022,은평구,신사1동,11986,26984,12930,14054,1138063100
2022,은평구,신사2동,8736,19497,9658,9839,1138063200
2022,은평구,증산동,8003,18647,9098,9549,1138064000
2022,은평구,수색동,5553,13210,6450,6760,1138065000
2022,은평구,진관동,21368,55034,25720,29314,1138069000
2022,은평구,역촌동,20816,44984,21077,23907,1138062500
2022,서대문구,계,145797,319554,150094,169460,1141000000
2022,서대문구,천연동,7682,17031,8070,8961,1141052000
2022,서대문구,홍제1동,10819,24674,11507,13167,1141062000
2022,서대문구,홍제2동,5737,13433,6272,7161,1141065500
2022,서대문구,홍제3동,8026,17890,8583,9307,1141064000
2022,서대문구,홍은1동,9806,22825,11026,11799,1141066000
2022,서대문구,홍은2동,12480,27499,13102,14397,1141068500
2022,서대문구,남가좌1동,6062,16884,8090,8794,1141069000
2022,서대문구,남가좌2동,13303,30508,14468,16040,1141070000
2022,서대문구,북가좌1동,6847,17804,8528,9276,1141071000
2022,서대문구,북가좌2동,14571,31244,15161,16083,1141072000
2022,서대문구,충현동,10074,20316,9744,10572,1141056500
2022,서대문구,북아현동,7071,15875,7597,8278,1141055500
2022,서대문구,신촌동,14688,26143,10232,15911,1141058500
2022,서대문구,연희동,18631,37428,17714,19714,1141061500
2022,마포구,계,180084,375585,175006,200579,1144000000
2022,마포구,용강동,9297,21786,10318,11468,1144059000
2022,마포구,대흥동,8748,16177,7558,8619,1144060000
2022,마포구,염리동,7777,17633,8269,9364,1144061000
2022,마포구,신수동,10014,22672,11010,11662,1144063000
2022,마포구,서교동,15402,26674,11825,14849,1144066000
2022,마포구,합정동,9259,17064,7836,9228,1144068000
2022,마포구,망원1동,10185,19757,9246,10511,1144069000
2022,마포구,망원2동,8431,18449,8596,9853,1144070000
2022,마포구,연남동,8520,15603,7334,8269,1144071000
2022,마포구,성산1동,9437,19079,8931,10148,1144072000
2022,마포구,성산2동,19467,39500,17621,21879,1144073000
2022,마포구,상암동,12692,30837,14537,16300,1144074000
2022,마포구,도화동,9329,21118,10071,11047,1144058500
2022,마포구,서강동,12156,25576,12069,13507,1144065500
2022,마포구,공덕동,18613,37476,17576,19900,1144056500
2022,마포구,아현동,10757,26184,12209,13975,1144055500
2022,양천구,계,181187,444010,216975,227035,1147000000
2022,양천구,목1동,10358,30536,14684,15852,1147051000
2022,양천구,목2동,13364,29641,14341,15300,1147052000
2022,양천구,목3동,10090,21719,10336,11383,1147053000
2022,양천구,목4동,10070,25018,12233,12785,1147054000
2022,양천구,목5동,13369,40737,20192,20545,1147055000
2022,양천구,신월1동,10292,20343,10389,9954,1147056000
2022,양천구,신월2동,8482,20569,10052,10517,1147057000
2022,양천구,신월3동,7854,14934,7858,7076,1147058000
2022,양천구,신월4동,6872,17698,8598,9100,1147059000
2022,양천구,신월5동,6435,14461,7160,7301,1147060000
2022,양천구,신월6동,5337,13816,6733,7083,1147061000
2022,양천구,신월7동,9049,19199,9339,9860,1147061100
2022,양천구,신정1동,6979,19962,9720,10242,1147062000
2022,양천구,신정2동,6868,19003,9325,9678,1147063000
2022,양천구,신정3동,19747,50587,24488,26099,1147064000
2022,양천구,신정4동,16374,33056,16052,17004,1147065000
2022,양천구,신정6동,8213,24152,11745,12407,1147067000
2022,양천구,신정7동,11434,28579,13730,14849,1147068000
2022,강서구,계,273697,574638,275585,299053,1150000000
2022,강서구,염창동,16515,41628,20027,21601,1150051000
2022,강서구,등촌1동,14012,24991,11484,13507,1150052000
2022,강서구,등촌2동,8587,19855,9642,10213,1150053000
2022,강서구,등촌3동,15093,30025,14204,15821,1150053500
2022,강서구,화곡본동,17464,34121,16469,17652,1150059000
2022,강서구,화곡1동,28308,52647,25493,27154,1150054000
2022,강서구,화곡2동,8238,17785,8556,9229,1150055000
2022,강서구,화곡3동,9759,21603,10280,11323,1150056000
2022,강서구,화곡4동,9740,20514,10050,10464,1150057000
2022,강서구,화곡6동,13107,25303,12116,13187,1150059100
2022,강서구,화곡8동,11843,24415,11757,12658,1150059300
2022,강서구,가양1동,20752,34359,15651,18708,1150060300
2022,강서구,가양2동,8121,13902,6539,7363,1150060400
2022,강서구,가양3동,7791,14678,6805,7873,1150060500
2022,강서구,발산1동,13438,36236,17147,19089,1150061100
2022,강서구,공항동,13958,30927,15635,15292,1150062000
2022,강서구,방화1동,17352,42851,20870,21981,1150063000
2022,강서구,방화2동,12124,23371,11541,11830,1150064000
2022,강서구,방화3동,11290,22544,10840,11704,1150064100
2022,강서구,우장산동,16205,42883,20479,22404,1150061500
2022,구로구,계,183655,418418,206632,211786,1153000000
2022,구로구,신도림동,13932,36138,17484,18654,1153051000
2022,구로구,구로1동,8327,20936,10226,10710,1153052000
2022,구로구,구로2동,12410,30093,15427,14666,1153053000
2022,구로구,구로3동,13587,25055,12928,12127,1153054000
2022,구로구,구로4동,10537,23052,11398,11654,1153055000
2022,구로구,구로5동,15584,31740,15429,16311,1153056000
2022,구로구,고척1동,11120,25636,12810,12826,1153072000
2022,구로구,고척2동,11464,26557,13100,13457,1153073000
2022,구로구,개봉1동,14917,34105,16969,17136,1153074000
2022,구로구,개봉2동,12482,30665,14921,15744,1153075000
2022,구로구,개봉3동,8779,20251,9844,10407,1153076000
2022,구로구,오류1동,12396,23126,11071,12055,1153077000
2022,구로구,오류2동,15797,38528,18437,20091,1153078000
2022,구로구,수궁동,9943,23332,11452,11880,1153079000
2022,구로구,가리봉동,6117,12653,7105,5548,1153059500
2022,구로구,항동,6263,16551,8031,8520,1153080000
2022,금천구,계,119583,242818,122775,120043,1154500000
2022,금천구,가산동,17500,26569,14396,12173,1154551000
2022,금천구,독산1동,24420,47573,24313,23260,1154561000
2022,금천구,독산2동,9430,19562,9885,9677,1154562000
2022,금천구,독산3동,12880,27239,13801,13438,1154563000
2022,금천구,독산4동,7659,16432,8274,8158,1154564000
2022,금천구,시흥1동,16252,34054,17006,17048,1154567000
2022,금천구,시흥2동,8220,20832,9967,10865,1154568000
2022,금천구,시흥3동,4695,10701,5297,5404,1154569000
2022,금천구,시흥4동,9191,20614,10198,10416,1154570000
2022,금천구,시흥5동,9336,19242,9638,9604,1154571000
2022,영등포구,계,188832,398085,196264,201821,1156000000
2022,영등포구,여의도동,13288,32923,15459,17464,1156054000
2022,영등포구,당산1동,11000,20740,10080,10660,1156055000
2022,영등포구,당산2동,18792,37102,17300,19802,1156056000
2022,영등포구,양평1동,9930,18704,9051,9653,1156061000
2022,영등포구,양평2동,10893,22583,10990,11593,1156062000
2022,영등포구,신길1동,11411,20483,10385,10098,1156063000
2022,영등포구,신길3동,7612,17281,8573,8708,1156065000
2022,영등포구,신길4동,5798,13016,6478,6538,1156066000
2022,영등포구,신길5동,4665,11212,5476,5736,1156067000
2022,영등포구,신길6동,9187,19593,9601,9992,1156068000
2022,영등포구,신길7동,7849,19899,9898,10001,1156069000
2022,영등포구,대림1동,7012,16506,8330,8176,1156070000
2022,영등포구,대림2동,6939,17523,8946,8577,1156071000
2022,영등포구,대림3동,10311,25205,12623,12582,1156072000
2022,영등포구,영등포본동,10390,22714,11647,11067,1156051500
2022,영등포구,영등포동,21084,30461,15665,14796,1156053500
2022,영등포구,도림동,9553,19600,9869,9731,1156058500
2022,영등포구,문래동,13118,32540,15893,16647,1156060500
2022,동작구,계,185773,390432,188080,202352,1159000000
2022,동작구,노량진1동,16357,32114,16163,15951,1159051000
2022,동작구,노량진2동,6856,11234,5806,5428,1159052000
2022,동작구,상도1동,22244,46166,22174,23992,1159053000
2022,동작구,상도2동,12572,27982,13339,14643,1159054000
2022,동작구,상도3동,12123,24456,11621,12835,1159055000
2022,동작구,상도4동,14144,28564,13835,14729,1159056000
2022,동작구,사당1동,13615,23009,11020,11989,1159062000
2022,동작구,사당2동,12565,28786,13773,15013,1159063000
2022,동작구,사당3동,10500,24189,11710,12479,1159064000
2022,동작구,사당4동,7265,14185,6784,7401,1159065000
2022,동작구,사당5동,6691,14434,6915,7519,1159065100
2022,동작구,대방동,17044,37056,17509,19547,1159066000
2022,동작구,신대방1동,10409,25118,12096,13022,1159067000
2022,동작구,신대방2동,10682,22445,10732,11713,1159068000
2022,동작구,흑석동,12706,30694,14603,16091,1159060500
2022,관악구,계,283623,501226,250687,250539,1162000000
2022,관악구,남현동,9856,18163,8767,9396,1162063000
2022,관악구,보라매동,13096,24660,12093,12567,1162052500
2022,관악구,청림동,6425,15005,7239,7766,1162054500
2022,관악구,행운동,18196,29636,14246,15390,1162057500
2022,관악구,낙성대동,11871,17928,8954,8974,1162058500
2022,관악구,중앙동,10146,15685,7523,8162,1162061500
2022,관악구,인헌동,14745,26119,12636,13483,1162062500
2022,관악구,서원동,14764,23511,12233,11278,1162064500
2022,관악구,신원동,11311,18620,9343,9277,1162065500
2022,관악구,서림동,14986,24361,13348,11013,1162066500
2022,관악구,신사동,14421,24719,12348,12371,1162068500
2022,관악구,신림동,18890,23877,12501,11376,1162069500
2022,관악구,난향동,6198,15050,7374,7676,1162071500
2022,관악구,조원동,11881,20490,10237,10253,1162072500
2022,관악구,대학동,16977,26301,15429,10872,1162073500
2022,관악구,은천동,16073,33156,16155,17001,1162060500
2022,관악구,성현동,12263,28830,13882,14948,1162056500
2022,관악구,청룡동,24210,37132,17773,19359,1162059500
2022,관악구,난곡동,13031,26679,13332,13347,1162077500
2022,관악구,삼성동,9853,20642,10275,10367,1162074500
2022,관악구,미성동,14430,30662,14999,15663,1162076500
2022,서초구,계,167749,408451,195168,213283,1165000000
2022,서초구,서초1동,9466,20622,9966,10656,1165051000
2022,서초구,서초2동,11675,26932,12845,14087,1165052000
2022,서초구,서초3동,15209,32379,15384,16995,1165053000
2022,서초구,서초4동,10652,30521,14906,15615,1165053100
2022,서초구,잠원동,10485,26393,12712,13681,1165054000
2022,서초구,반포본동,137,292,144,148,1165055000
2022,서초구,반포1동,14774,34443,16760,17683,1165056000
2022,서초구,반포2동,4985,15742,7489,8253,1165057000
2022,서초구,반포3동,7855,22773,10853,11920,1165058000
2022,서초구,반포4동,7081,19486,9208,10278,1165058100
2022,서초구,방배본동,7930,20778,9624,11154,1165059000
2022,서초구,방배1동,7495,16883,7891,8992,1165060000
2022,서초구,방배2동,8005,18553,8674,9879,1165061000
2022,서초구,방배3동,6383,17321,8333,8988,1165062000
2022,서초구,방배4동,9600,23429,10689,12740,1165062100
2022,서초구,양재1동,17837,42683,20354,22329,1165065100
2022,서초구,양재2동,10952,21766,10889,10877,1165065200
2022,서초구,내곡동,7228,17455,8447,9008,1165066000
2022,강남구,계,232777,534103,255363,278740,1168000000
2022,강남구,신사동,6878,15876,7385,8491,1168051000
2022,강남구,논현1동,13683,22080,10356,11724,1168052100
2022,강남구,논현2동,11141,20814,9734,11080,1168053100
2022,강남구,삼성1동,5350,12739,6285,6454,1168058000
2022,강남구,삼성2동,13682,31062,14940,16122,1168059000
2022,강남구,대치1동,7207,23846,11956,11890,1168060000
2022,강남구,대치2동,12951,37098,18750,18348,1168061000
2022,강남구,대치4동,9912,19491,9239,10252,1168063000
2022,강남구,역삼1동,23700,35556,17253,18303,1168064000
2022,강남구,역삼2동,15807,37269,17432,19837,1168065000
2022,강남구,도곡1동,8425,21274,10070,11204,1168065500
2022,강남구,도곡2동,11498,32846,15248,17598,1168065600
2022,강남구,개포1동,2632,6922,3349,3573,1168066000
2022,강남구,개포2동,10094,29032,14075,14957,1168067000
2022,강남구,개포3동,7413,17382,8396,8986,1168068000
2022,강남구,개포4동,10034,23639,11389,12250,1168069000
2022,강남구,일원본동,8029,23015,11398,11617,1168072000
2022,강남구,일원1동,7435,14987,7262,7725,1168073000
2022,강남구,수서동,7736,14402,6500,7902,1168075000
2022,강남구,세곡동,18054,43382,20445,22937,1168070000
2022,강남구,압구정동,10053,25902,11961,13941,1168054500
2022,강남구,청담동,11063,25489,11940,13549,1168056500
2022,송파구,계,284853,664514,319743,344771,1171000000
2022,송파구,풍납1동,5827,12910,6332,6578,1171051000
2022,송파구,풍납2동,10855,24426,11571,12855,1171052000
2022,송파구,거여1동,5582,12255,6150,6105,1171053100
2022,송파구,거여2동,10040,23745,11589,12156,1171053200
2022,송파구,마천1동,8708,18618,9528,9090,1171054000
2022,송파구,마천2동,8585,18150,9280,8870,1171055000
2022,송파구,방이1동,6127,15460,7465,7995,1171056100
2022,송파구,방이2동,15147,26354,12077,14277,1171056200
2022,송파구,오륜동,5889,17804,8692,9112,1171056600
2022,송파구,오금동,15579,38037,18479,19558,1171057000
2022,송파구,송파1동,12390,24008,11221,12787,1171058000
2022,송파구,송파2동,7185,18947,9120,9827,1171059000
2022,송파구,석촌동,16861,31602,14973,16629,1171060000
2022,송파구,삼전동,16013,29912,13943,15969,1171061000
2022,송파구,가락본동,11643,25883,12824,13059,1171062000
2022,송파구,가락1동,9858,27521,13341,14180,1171063100
2022,송파구,가락2동,12308,31670,15468,16202,1171063200
2022,송파구,문정1동,8468,19916,9814,10102,1171064100
2022,송파구,문정2동,15686,28841,13189,15652,1171064200
2022,송파구,장지동,12057,29102,14013,15089,1171064600
2022,송파구,잠실본동,15822,28358,13502,14856,1171065000
2022,송파구,잠실2동,11516,34876,16655,18221,1171067000
2022,송파구,잠실3동,11827,34143,16226,17917,1171068000
2022,송파구,잠실4동,7205,21223,10222,11001,1171069000
2022,송파구,잠실6동,5842,16713,7934,8779,1171071000
2022,송파구,잠실7동,3376,9427,4392,5035,1171072000
2022,송파구,위례동,14457,44613,21743,22870,1171064700
2022,강동구,계,202169,464037,226975,237062,1174000000
2022,강동구,강일동,13046,33057,15835,17222,1174051500
2022,강동구,명일1동,10024,25641,12480,13161,1174053000
2022,강동구,명일2동,6484,17327,8457,8870,1174054000
2022,강동구,고덕1동,8098,23919,12158,11761,1174055000
2022,강동구,고덕2동,8898,22764,11491,11273,1174056000
2022,강동구,암사1동,15949,34271,16930,17341,1174057000
2022,강동구,암사2동,6362,15069,7295,7774,1174058000
2022,강동구,암사3동,6167,17481,8543,8938,1174059000
2022,강동구,천호1동,12972,26670,13070,13600,1174060000
2022,강동구,천호2동,17578,33825,16520,17305,1174061000
2022,강동구,천호3동,14352,26679,12926,13753,1174062000
2022,강동구,성내1동,8293,19900,9556,10344,1174064000
2022,강동구,성내2동,12745,23528,11564,11964,1174065000
2022,강동구,성내3동,10644,23071,11256,11815,1174066000
2022,강동구,둔촌1동,39,73,39,34,1174069000
2022,강동구,둔촌2동,10291,24277,11921,12356,1174070000
2022,강동구,길동,21881,45374,22087,23287,1174068500
2022,강동구,상일1동,13570,39178,19276,19902,1174052500
2022,강동구,상일2동,4776,11933,5571,6362,1174052600
2019,계,계,4327605,10010983,4877725,5133258,1100000000
2019,종로구,계,73947,161869,78215,83654,1111000000
2019,종로구,사직동,4621,9815,4455,5360,1111053000
2019,종로구,삼청동,1396,2997,1439,1558,1111054000
2019,종로구,부암동,4298,10551,5045,5506,1111055000
2019,종로구,평창동,7520,18816,8812,10004,1111056000
2019,종로구,무악동,3187,8740,4078,4662,1111057000
2019,종로구,교남동,4583,10708,4983,5725,1111058000
2019,종로구,가회동,2068,4488,2084,2404,1111060000
2019,종로구,종로1.2.3.4가동,5210,8446,4885,3561,1111061500
2019,종로구,종로5.6가동,3368,5839,3173,2666,1111063000
2019,종로구,이화동,4441,8470,3896,4574,1111064000
2019,종로구,혜화동,9238,20435,9292,11143,1111065000
2019,종로구,창신1동,2936,6079,3252,2827,1111067000
2019,종로구,창신2동,4121,9799,4974,4825,1111068000
2019,종로구,창신3동,2903,7271,3588,3683,1111069000
2019,종로구,숭인1동,2962,6532,3196,3336,1111070000
2019,종로구,숭인2동,5739,9902,4987,4915,1111071000
2019,종로구,청운효자동,5356,12981,6076,6905,1111051500
2019,중구,계,62739,136488,66823,69665,1114000000
2019,중구,소공동,1104,3059,1550,1509,1114052000
2019,중구,회현동,3142,5850,3170,2680,1114054000
2019,중구,명동,1532,3567,1573,1994,1114055000
2019,중구,필동,2297,5020,2478,2542,1114057000
2019,중구,장충동,2696,5628,2779,2849,1114058000
2019,중구,광희동,2960,6284,3299,2985,1114059000
2019,중구,을지로동,1339,2007,1202,805,1114060500
2019,중구,신당5동,5291,10929,5339,5590,1114065000
2019,중구,황학동,6832,13689,6584,7105,1114067000
2019,중구,중림동,5833,12942,6484,6458,1114068000
2019,중구,신당동,4419,9234,4520,4714,1114061500
2019,중구,다산동,6961,15035,7282,7753,1114062500
2019,중구,약수동,7803,17734,8369,9365,1114063500
2019,중구,청구동,6377,14515,6906,7609,1114064500
2019,중구,동화동,4153,10995,5288,5707,1114066500
2019,용산구,계,110126,245185,119599,125586,1117000000
2019,용산구,후암동,8576,18445,8987,9458,1117051000
2019,용산구,용산2가동,5421,11836,5807,6029,1117052000
2019,용산구,남영동,5411,8412,5061,3351,1117053000
2019,용산구,원효로1동,7848,16630,8057,8573,1117056000
2019,용산구,원효로2동,6006,14718,6926,7792,1117057000
2019,용산구,효창동,4270,10300,4921,5379,1117058000
2019,용산구,용문동,5364,12587,6026,6561,1117059000
2019,용산구,이촌1동,10267,29255,13756,15499,1117063000
2019,용산구,이촌2동,3855,9005,4250,4755,1117064000
2019,용산구,이태원1동,3761,9222,4842,4380,1117065000
2019,용산구,이태원2동,4875,10811,5106,5705,1117066000
2019,용산구,서빙고동,5269,14102,6811,7291,1117069000
2019,용산구,보광동,7599,15862,8079,7783,1117070000
2019,용산구,청파동,10730,20661,9669,10992,1117055500
2019,용산구,한강로동,9772,19635,9565,10070,1117062500
2019,용산구,한남동,11102,23704,11736,11968,1117068500
2019,성동구,계,135838,308979,150861,158118,1120000000
2019,성동구,왕십리2동,7587,17744,8627,9117,1120052000
2019,성동구,마장동,10856,24035,11755,12280,1120054000
2019,성동구,사근동,7435,13543,6721,6822,1120055000
2019,성동구,행당1동,7270,16463,7966,8497,1120056000
2019,성동구,행당2동,9454,24640,11580,13060,1120057000
2019,성동구,응봉동,6171,16188,7674,8514,1120058000
2019,성동구,금호1가동,6630,15954,7637,8317,1120059000
2019,성동구,금호4가동,6461,15227,7305,7922,1120062000
2019,성동구,성수1가1동,7591,17168,8606,8562,1120065000
2019,성동구,성수1가2동,6800,14735,7320,7415,1120066000
2019,성동구,성수2가1동,8493,17722,9213,8509,1120067000
2019,성동구,성수2가3동,5675,11682,5971,5711,1120069000
2019,성동구,송정동,5506,11428,6036,5392,1120072000
2019,성동구,용답동,6790,13290,6962,6328,1120079000
2019,성동구,왕십리도선동,11770,27767,13239,14528,1120053500
2019,성동구,금호2.3가동,10334,24171,11503,12668,1120061500
2019,성동구,옥수동,11015,27222,12746,14476,1120064500
2019,광진구,계,164428,366972,176917,190055,1121500000
2019,광진구,화양동,16154,25537,11661,13876,1121571000
2019,광진구,군자동,10698,22109,10864,11245,1121573000
2019,광진구,중곡1동,8035,16287,7950,8337,1121574000
2019,광진구,중곡2동,10477,22564,10787,11777,1121575000
2019,광진구,중곡3동,8461,17315,8559,8756,1121576000
2019,광진구,중곡4동,13239,30516,15005,15511,1121577000
2019,광진구,능동,6335,11978,5538,6440,1121578000
2019,광진구,구의1동,11830,23063,11009,12054,1121585000
2019,광진구,구의2동,11649,27902,13443,14459,1121586000
2019,광진구,구의3동,12145,30094,14354,15740,1121587000
2019,광진구,광장동,12008,36083,17438,18645,1121581000
2019,광진구,자양1동,11510,24156,11611,12545,1121582000
2019,광진구,자양2동,11233,26893,13177,13716,1121583000
2019,광진구,자양3동,11049,29475,14172,15303,1121584000
2019,광진구,자양4동,9605,23000,11349,11651,1121584700
2019,동대문구,계,164191,363023,178490,184533,1123000000
2019,동대문구,전농1동,15017,31075,15583,15492,1123056000
2019,동대문구,전농2동,7735,19990,9509,10481,1123057000
2019,동대문구,답십리1동,12682,29783,14450,15333,1123060000
2019,동대문구,답십리2동,12948,30486,14883,15603,1123061000
2019,동대문구,장안1동,17569,39153,19499,19654,1123065000
2019,동대문구,장안2동,13573,33045,16512,16533,1123066000
2019,동대문구,회기동,6038,13114,5903,7211,1123071000
2019,동대문구,휘경1동,7516,16508,7973,8535,1123072000
2019,동대문구,휘경2동,11530,25068,12356,12712,1123073000
2019,동대문구,이문1동,10443,22311,10544,11767,1123074000
2019,동대문구,이문2동,8458,21174,10304,10870,1123075000
2019,동대문구,청량리동,10438,21808,10910,10898,1123070500
2019,동대문구,용신동,17256,32144,16387,15757,1123053600
2019,동대문구,제기동,12988,27364,13677,13687,1123054500
2019,중랑구,계,181579,402024,199006,203018,1126000000
2019,중랑구,면목2동,12239,25942,12950,12992,1126052000
2019,중랑구,면목4동,9254,20052,9959,10093,1126054000
2019,중랑구,면목5동,4553,9825,5011,4814,1126055000
2019,중랑구,면목7동,10191,22200,11054,11146,1126057000
2019,중랑구,상봉1동,10252,25499,12447,13052,1126058000
2019,중랑구,상봉2동,11061,19844,9678,10166,1126059000
2019,중랑구,중화1동,9011,20916,10283,10633,1126060000
2019,중랑구,중화2동,14069,27274,14043,13231,1126061000
2019,중랑구,묵1동,14594,36016,17508,18508,1126062000
2019,중랑구,묵2동,9176,19901,9771,10130,1126063000
2019,중랑구,망우3동,8443,17941,9006,8935,1126066000
2019,중랑구,신내1동,14852,40854,19959,20895,1126068000
2019,중랑구,신내2동,9053,21905,10478,11427,1126069000
2019,중랑구,면목본동,17631,36195,17948,18247,1126056500
2019,중랑구,면목3.8동,12535,26589,13234,13355,1126057500
2019,중랑구,망우본동,14665,31071,15677,15394,1126065500
2019,성북구,계,192592,454744,219099,235645,1129000000
2019,성북구,돈암1동,6261,15921,7442,8479,1129058000
2019,성북구,돈암2동,8617,25028,11979,13049,1129059000
2019,성북구,안암동,9172,17502,8563,8939,1129060000
2019,성북구,보문동,7925,16653,8036,8617,1129061000
2019,성북구,정릉1동,7466,19455,9347,10108,1129062000
2019,성북구,정릉2동,9639,23834,11608,12226,1129063000
2019,성북구,정릉3동,7728,17233,8511,8722,1129064000
2019,성북구,정릉4동,10991,26792,12962,13830,1129065000
2019,성북구,길음1동,12809,37082,17659,19423,1129066000
2019,성북구,길음2동,6829,16620,8069,8551,1129068500
2019,성북구,월곡1동,10819,27523,13310,14213,1129071500
2019,성북구,월곡2동,9233,20509,9913,10596,1129072500
2019,성북구,장위1동,8972,20592,10068,10524,1129076000
2019,성북구,장위2동,6262,13972,6943,7029,1129077000
2019,성북구,장위3동,7106,17580,8770,8810,1129078000
2019,성북구,성북동,8076,17584,8234,9350,1129052500
2019,성북구,삼선동,12338,26013,12425,13588,1129055500
2019,성북구,동선동,9057,16276,6739,9537,1129057500
2019,성북구,종암동,17115,42068,20460,21608,1129070500
2019,성북구,석관동,16177,36507,18061,18446,1129081000
2019,강북구,계,144277,317695,154638,163057,1130500000
2019,강북구,번1동,10227,19614,9715,9899,1130559500
2019,강북구,번2동,7634,17102,8303,8799,1130560300
2019,강북구,번3동,7581,18251,8604,9647,1130560800
2019,강북구,수유1동,10360,21841,10779,11062,1130561500
2019,강북구,수유2동,9607,21939,10522,11417,1130562500
2019,강북구,수유3동,12676,24064,11959,12105,1130563000
2019,강북구,삼양동,11489,25537,12683,12854,1130553400
2019,강북구,미아동,11348,22814,10933,11881,1130553500
2019,강북구,송중동,13850,31153,15009,16144,1130554500
2019,강북구,송천동,13721,28628,14211,14417,1130555500
2019,강북구,삼각산동,11751,32900,15818,17082,1130557500
2019,강북구,우이동,9489,21391,10393,10998,1130564500
2019,강북구,인수동,14544,32461,15709,16752,1130566000
2019,도봉구,계,138508,335631,163961,171670,1132000000
2019,도봉구,쌍문1동,9322,22364,10788,11576,1132066000
2019,도봉구,쌍문2동,8635,20025,9717,10308,1132067000
2019,도봉구,쌍문3동,7842,17262,8325,8937,1132068000
2019,도봉구,쌍문4동,7170,19811,9441,10370,1132068100
2019,도봉구,방학1동,12784,30056,14875,15181,1132069000
2019,도봉구,방학2동,9562,21140,10677,10463,1132070000
2019,도봉구,방학3동,10084,28782,14013,14769,1132071000
2019,도봉구,창1동,10922,26271,12589,13682,1132051100
2019,도봉구,창2동,12359,30498,14941,15557,1132051200
2019,도봉구,창3동,6661,14777,7395,7382,1132051300
2019,도봉구,창4동,10592,27873,13445,14428,1132051400
2019,도봉구,창5동,10111,25802,12404,13398,1132051500
2019,도봉구,도봉1동,10285,22293,11267,11026,1132052100
2019,도봉구,도봉2동,12179,28677,14084,14593,1132052200
2019,노원구,계,216966,537303,259810,277493,1135000000
2019,노원구,월계1동,10476,23883,12291,11592,1135056000
2019,노원구,월계2동,11715,27289,13134,14155,1135057000
2019,노원구,월계3동,12955,31593,15151,16442,1135058000
2019,노원구,공릉1동,18087,39040,19123,19917,1135059500
2019,노원구,공릉2동,16299,41071,20038,21033,1135060000
2019,노원구,하계1동,12215,29305,14150,15155,1135061100
2019,노원구,하계2동,8267,23318,11150,12168,1135061200
2019,노원구,중계본동,8890,25875,12681,13194,1135061900
2019,노원구,중계1동,9107,28061,13735,14326,1135062100
2019,노원구,중계4동,8463,21324,10311,11013,1135062400
2019,노원구,상계1동,15566,40121,19497,20624,1135063000
2019,노원구,상계2동,8779,21220,10474,10746,1135064000
2019,노원구,상계5동,10922,25483,12403,13080,1135067000
2019,노원구,상계8동,9260,23953,11536,12417,1135070000
2019,노원구,상계9동,8444,21919,10458,11461,1135071000
2019,노원구,상계10동,6605,16619,7662,8957,1135072000
2019,노원구,중계2.3동,15388,36763,17066,19697,1135062500
2019,노원구,상계3.4동,11540,25818,12835,12983,1135066500
2019,노원구,상계6.7동,13988,34648,16115,18533,1135069500
2019,은평구,계,207681,484546,233360,251186,1138000000
2019,은평구,녹번동,17107,38411,18419,19992,1138051000
2019,은평구,불광1동,17896,40917,19429,21488,1138052000
2019,은평구,불광2동,13844,29552,14386,15166,1138053000
2019,은평구,갈현1동,11203,24536,11977,12559,1138055100
2019,은평구,갈현2동,12623,30150,14355,15795,1138055200
2019,은평구,구산동,13202,33804,16827,16977,1138056000
2019,은평구,대조동,13818,27910,13106,14804,1138057000
2019,은평구,응암1동,11428,25654,12256,13398,1138058000
2019,은평구,응암2동,9981,25466,12443,13023,1138059000
2019,은평구,응암3동,12597,26081,12746,13335,1138060000
2019,은평구,신사1동,11743,28570,13808,14762,1138063100
2019,은평구,신사2동,9207,21875,10934,10941,1138063200
2019,은평구,증산동,6907,16172,7942,8230,1138064000
2019,은평구,수색동,3832,8952,4470,4482,1138065000
2019,은평구,진관동,21553,58006,27248,30758,1138069000
2019,은평구,역촌동,20740,48490,23014,25476,1138062500
2019,서대문구,계,140157,323171,153215,169956,1141000000
2019,서대문구,천연동,8188,18704,8920,9784,1141052000
2019,서대문구,홍제1동,10327,24997,11760,13237,1141062000
2019,서대문구,홍제2동,5830,14570,6924,7646,1141065500
2019,서대문구,홍제3동,7115,16420,7985,8435,1141064000
2019,서대문구,홍은1동,9335,22902,11107,11795,1141066000
2019,서대문구,홍은2동,12177,28394,13768,14626,1141068500
2019,서대문구,남가좌1동,6086,16918,8160,8758,1141069000
2019,서대문구,남가좌2동,11246,25947,12373,13574,1141070000
2019,서대문구,북가좌1동,7015,19160,9273,9887,1141071000
2019,서대문구,북가좌2동,14756,33810,16399,17411,1141072000
2019,서대문구,충현동,8822,18113,8776,9337,1141056500
2019,서대문구,북아현동,7499,17525,8337,9188,1141055500
2019,서대문구,신촌동,12380,24372,9693,14679,1141058500
2019,서대문구,연희동,19381,41339,19740,21599,1141061500
2019,마포구,계,175023,385925,181303,204622,1144000000
2019,마포구,용강동,9160,22441,10655,11786,1144059000
2019,마포구,대흥동,7133,13575,6196,7379,1144060000
2019,마포구,염리동,5724,13486,6338,7148,1144061000
2019,마포구,신수동,10126,23877,11605,12272,1144063000
2019,마포구,서교동,14078,25997,11778,14219,1144066000
2019,마포구,합정동,9599,19153,8879,10274,1144068000
2019,마포구,망원1동,10647,21856,10279,11577,1144069000
2019,마포구,망원2동,8383,19386,9196,10190,1144070000
2019,마포구,연남동,8672,16953,7901,9052,1144071000
2019,마포구,성산1동,9347,20164,9480,10684,1144072000
2019,마포구,성산2동,18904,41531,19111,22420,1144073000
2019,마포구,상암동,12782,32882,15686,17196,1144074000
2019,마포구,도화동,9584,22594,10762,11832,1144058500
2019,마포구,서강동,11663,26163,12275,13888,1144065500
2019,마포구,공덕동,19030,40509,19253,21256,1144056500
2019,마포구,아현동,10191,25358,11909,13449,1144055500
2019,양천구,계,177256,462285,227019,235266,1147000000
2019,양천구,목1동,10487,32173,15456,16717,1147051000
2019,양천구,목2동,13134,31477,15341,16136,1147052000
2019,양천구,목3동,9975,23095,11115,11980,1147053000
2019,양천구,목4동,10127,26909,13214,13695,1147054000
2019,양천구,목5동,13555,42948,21214,21734,1147055000
2019,양천구,신월1동,10115,21773,11155,10618,1147056000
2019,양천구,신월2동,8542,22126,10831,11295,1147057000
2019,양천구,신월3동,8113,16719,8800,7919,1147058000
2019,양천구,신월4동,6898,19026,9334,9692,1147059000
2019,양천구,신월5동,6420,15570,7731,7839,1147060000
2019,양천구,신월6동,2497,6615,3292,3323,1147061000
2019,양천구,신월7동,9253,21602,10595,11007,1147061100
2019,양천구,신정1동,7256,21627,10584,11043,1147062000
2019,양천구,신정2동,7158,20685,10087,10598,1147063000
2019,양천구,신정3동,17921,48151,23492,24659,1147064000
2019,양천구,신정4동,16004,35581,17454,18127,1147065000
2019,양천구,신정6동,8162,25304,12334,12970,1147067000
2019,양천구,신정7동,11639,30904,14990,15914,1147068000
2019,강서구,계,262708,598273,289691,308582,1150000000
2019,강서구,염창동,15720,42579,20772,21807,1150051000
2019,강서구,등촌1동,12155,23717,11208,12509,1150052000
2019,강서구,등촌2동,8704,21868,10789,11079,1150053000
2019,강서구,등촌3동,14768,32506,15439,17067,1150053500
2019,강서구,화곡본동,16515,35918,17519,18399,1150059000
2019,강서구,화곡1동,26415,54562,26601,27961,1150054000
2019,강서구,화곡2동,8214,19487,9450,10037,1150055000
2019,강서구,화곡3동,9456,22710,10881,11829,1150056000
2019,강서구,화곡4동,9643,22044,10801,11243,1150057000
2019,강서구,화곡6동,11690,25118,12359,12759,1150059100
2019,강서구,화곡8동,11684,26509,12759,13750,1150059300
2019,강서구,가양1동,19130,34154,16001,18153,1150060300
2019,강서구,가양2동,8076,15140,7172,7968,1150060400
2019,강서구,가양3동,7921,16199,7606,8593,1150060500
2019,강서구,발산1동,13554,38507,18331,20176,1150061100
2019,강서구,공항동,12722,28261,14498,13763,1150062000
2019,강서구,방화1동,17431,45668,22300,23368,1150063000
2019,강서구,방화2동,11566,24051,11904,12147,1150064000
2019,강서구,방화3동,11260,24467,11807,12660,1150064100
2019,강서구,우장산동,16084,44808,21494,23314,1150061500
2019,구로구,계,176568,439371,219602,219769,1153000000
2019,구로구,신도림동,13396,37188,18200,18988,1153051000
2019,구로구,구로1동,8256,22097,10894,11203,1153052000
2019,구로구,구로2동,12734,35208,18438,16770,1153053000
2019,구로구,구로3동,13150,26290,13433,12857,1153054000
2019,구로구,구로4동,10541,26219,13282,12937,1153055000
2019,구로구,구로5동,14467,33426,16428,16998,1153056000
2019,구로구,고척1동,9562,24182,12117,12065,1153072000
2019,구로구,고척2동,11649,28950,14370,14580,1153073000
2019,구로구,개봉1동,13922,33835,16949,16886,1153074000
2019,구로구,개봉2동,12536,33036,16154,16882,1153075000
2019,구로구,개봉3동,8846,22005,10764,11241,1153076000
2019,구로구,오류1동,11321,23295,11402,11893,1153077000
2019,구로구,오류2동,20494,53500,26039,27461,1153078000
2019,구로구,수궁동,9863,24890,12350,12540,1153079000
2019,구로구,가리봉동,5831,15250,8782,6468,1153059500
2019,금천구,계,110622,251820,128954,122866,1154500000
2019,금천구,가산동,13767,24455,13720,10735,1154551000
2019,금천구,독산1동,20130,43840,22820,21020,1154561000
2019,금천구,독산2동,9273,21405,10981,10424,1154562000
2019,금천구,독산3동,12398,29916,15443,14473,1154563000
2019,금천구,독산4동,7618,18227,9275,8952,1154564000
2019,금천구,시흥1동,15888,36706,18486,18220,1154567000
2019,금천구,시흥2동,8416,22659,11009,11650,1154568000
2019,금천구,시흥3동,4734,11524,5787,5737,1154569000
2019,금천구,시흥4동,9095,22216,11047,11169,1154570000
2019,금천구,시흥5동,9303,20872,10386,10486,1154571000
2019,영등포구,계,174806,400986,200986,200000,1156000000
2019,영등포구,여의도동,13556,34598,16277,18321,1156054000
2019,영등포구,당산1동,10627,21524,10561,10963,1156055000
2019,영등포구,당산2동,17425,36324,17037,19287,1156056000
2019,영등포구,양평1동,9023,18263,9120,9143,1156061000
2019,영등포구,양평2동,10079,22802,11349,11453,1156062000
2019,영등포구,신길1동,10158,19750,10122,9628,1156063000
2019,영등포구,신길3동,7631,18727,9317,9410,1156065000
2019,영등포구,신길4동,4298,9985,5078,4907,1156066000
2019,영등포구,신길5동,4133,10670,5323,5347,1156067000
2019,영등포구,신길6동,8445,19434,9634,9800,1156068000
2019,영등포구,신길7동,6548,17075,8531,8544,1156069000
2019,영등포구,대림1동,6375,16332,8430,7902,1156070000
2019,영등포구,대림2동,6840,21370,11179,10191,1156071000
2019,영등포구,대림3동,10460,28638,14696,13942,1156072000
2019,영등포구,영등포본동,10221,24813,12785,12028,1156051500
2019,영등포구,영등포동,17233,27166,14767,12399,1156053500
2019,영등포구,도림동,9291,21552,10996,10556,1156058500
2019,영등포구,문래동,12463,31963,15784,16179,1156060500
2019,동작구,계,180753,408912,197706,211206,1159000000
2019,동작구,노량진1동,15113,32563,16142,16421,1159051000
2019,동작구,노량진2동,7195,13789,7100,6689,1159052000
2019,동작구,상도1동,21298,48153,23171,24982,1159053000
2019,동작구,상도2동,12827,29270,14038,15232,1159054000
2019,동작구,상도3동,11929,26041,12500,13541,1159055000
2019,동작구,상도4동,13434,29893,14593,15300,1159056000
2019,동작구,사당1동,13089,24026,11459,12567,1159062000
2019,동작구,사당2동,11911,28290,13649,14641,1159063000
2019,동작구,사당3동,10587,26034,12644,13390,1159064000
2019,동작구,사당4동,7003,14921,7142,7779,1159065000
2019,동작구,사당5동,5677,12886,6237,6649,1159065100
2019,동작구,대방동,17152,40177,19164,21013,1159066000
2019,동작구,신대방1동,9929,26599,12993,13606,1159067000
2019,동작구,신대방2동,9307,20719,9953,10766,1159068000
2019,동작구,흑석동,14302,35551,16921,18630,1159060500
2019,관악구,계,268559,517334,259194,258140,1162000000
2019,관악구,남현동,9394,18980,9116,9864,1162063000
2019,관악구,보라매동,12364,26496,12956,13540,1162052500
2019,관악구,청림동,6578,16286,7969,8317,1162054500
2019,관악구,행운동,17032,30061,14590,15471,1162057500
2019,관악구,낙성대동,10757,17623,8803,8820,1162058500
2019,관악구,중앙동,9409,15895,7614,8281,1162061500
2019,관악구,인헌동,14098,27088,13251,13837,1162062500
2019,관악구,서원동,13893,24068,12270,11798,1162064500
2019,관악구,신원동,10530,19742,9912,9830,1162065500
2019,관악구,서림동,14106,24339,13324,11015,1162066500
2019,관악구,신사동,13240,25960,13068,12892,1162068500
2019,관악구,신림동,16720,22525,11455,11070,1162069500
2019,관악구,난향동,6460,16394,8086,8308,1162071500
2019,관악구,조원동,10305,19579,10020,9559,1162072500
2019,관악구,대학동,15751,24457,14546,9911,1162073500
2019,관악구,은천동,15879,35337,17317,18020,1162060500
2019,관악구,성현동,12444,31175,15083,16092,1162056500
2019,관악구,청룡동,21054,34440,16548,17892,1162059500
2019,관악구,난곡동,12943,28912,14557,14355,1162077500
2019,관악구,삼성동,11461,25226,12665,12561,1162074500
2019,관악구,미성동,14141,32751,16044,16707,1162076500
2019,서초구,계,173199,435107,208181,226926,1165000000
2019,서초구,서초1동,9364,21579,10398,11181,1165051000
2019,서초구,서초2동,8406,18837,8996,9841,1165052000
2019,서초구,서초3동,13544,30951,15103,15848,1165053000
2019,서초구,서초4동,11039,31988,15549,16439,1165053100
2019,서초구,잠원동,14042,35131,16676,18455,1165054000
2019,서초구,반포본동,4133,12190,5737,6453,1165055000
2019,서초구,반포1동,14373,33237,15983,17254,1165056000
2019,서초구,반포2동,5117,16385,7830,8555,1165057000
2019,서초구,반포3동,7053,20390,9618,10772,1165058000
2019,서초구,반포4동,7321,20232,9579,10653,1165058100
2019,서초구,방배본동,7891,21585,10058,11527,1165059000
2019,서초구,방배1동,7617,17524,8232,9292,1165060000
2019,서초구,방배2동,8792,20958,9861,11097,1165061000
2019,서초구,방배3동,8444,22455,10835,11620,1165062000
2019,서초구,방배4동,9747,24083,11065,13018,1165062100
2019,서초구,양재1동,18243,45940,21997,23943,1165065100
2019,서초구,양재2동,10776,23161,11669,11492,1165065200
2019,서초구,내곡동,7297,18481,8995,9486,1165066000
2019,강남구,계,232981,550209,263345,286864,1168000000
2019,강남구,신사동,7429,17546,8177,9369,1168051000
2019,강남구,논현1동,14275,23792,11100,12692,1168052100
2019,강남구,논현2동,11370,21904,10200,11704,1168053100
2019,강남구,삼성1동,5945,14920,7464,7456,1168058000
2019,강남구,삼성2동,13501,30674,14649,16025,1168059000
2019,강남구,대치1동,7401,25302,12704,12598,1168060000
2019,강남구,대치2동,12920,38647,19625,19022,1168061000
2019,강남구,대치4동,10181,20822,9840,10982,1168063000
2019,강남구,역삼1동,23650,37002,17849,19153,1168064000
2019,강남구,역삼2동,15528,37336,17533,19803,1168065000
2019,강남구,도곡1동,8556,22626,10704,11922,1168065500
2019,강남구,도곡2동,11813,34437,16008,18429,1168065600
2019,강남구,개포1동,2737,6920,3345,3575,1168066000
2019,강남구,개포2동,7929,22049,10649,11400,1168067000
2019,강남구,개포4동,7745,18405,9041,9364,1168069000
2019,강남구,일원본동,8181,24399,11982,12417,1168072000
2019,강남구,일원1동,7519,16438,8024,8414,1168073000
2019,강남구,일원2동,7356,18160,8753,9407,1168074000
2019,강남구,수서동,7872,15934,7322,8612,1168075000
2019,강남구,세곡동,17833,45064,21470,23594,1168070000
2019,강남구,압구정동,10687,27712,12719,14993,1168054500
2019,강남구,청담동,12553,30120,14187,15933,1168056500
2019,송파구,계,278711,682741,330412,352329,1171000000
2019,송파구,풍납1동,6581,15518,7691,7827,1171051000
2019,송파구,풍납2동,10694,25288,12022,13266,1171052000
2019,송파구,거여1동,5493,13221,6734,6487,1171053100
2019,송파구,거여2동,7187,16921,8312,8609,1171053200
2019,송파구,마천1동,9072,20764,10597,10167,1171054000
2019,송파구,마천2동,8686,20242,10254,9988,1171055000
2019,송파구,방이1동,6262,16524,7970,8554,1171056100
2019,송파구,방이2동,13511,26044,12441,13603,1171056200
2019,송파구,오륜동,5957,18864,9274,9590,1171056600
2019,송파구,오금동,15838,41067,19990,21077,1171057000
2019,송파구,송파1동,12446,26026,12273,13753,1171058000
2019,송파구,송파2동,7414,20862,10069,10793,1171059000
2019,송파구,석촌동,16993,34309,16465,17844,1171060000
2019,송파구,삼전동,16269,32613,15514,17099,1171061000
2019,송파구,가락본동,11901,27876,13809,14067,1171062000
2019,송파구,가락1동,9810,27716,13492,14224,1171063100
2019,송파구,가락2동,12326,33920,16638,17282,1171063200
2019,송파구,문정1동,8555,21301,10521,10780,1171064100
2019,송파구,문정2동,15486,29967,13937,16030,1171064200
2019,송파구,장지동,12957,33055,16028,17027,1171064600
2019,송파구,잠실본동,15191,29628,14012,15616,1171065000
2019,송파구,잠실2동,11986,36809,17607,19202,1171067000
2019,송파구,잠실3동,12196,36038,17190,18848,1171068000
2019,송파구,잠실4동,7482,22240,10724,11516,1171069000
2019,송파구,잠실6동,5926,17441,8332,9109,1171071000
2019,송파구,잠실7동,3481,10191,4748,5443,1171072000
2019,송파구,위례동,9011,28296,13768,14528,1171064700
2019,강동구,계,183390,440390,217338,223052,1174000000
2019,강동구,강일동,11159,32127,15534,16593,1174051500
2019,강동구,상일동,4109,10773,5356,5417,1174052000
2019,강동구,명일1동,9915,26758,13095,13663,1174053000
2019,강동구,명일2동,5985,17778,8790,8988,1174054000
2019,강동구,고덕1동,9069,27079,13754,13325,1174055000
2019,강동구,고덕2동,7501,19345,9889,9456,1174056000
2019,강동구,암사1동,16144,36693,18145,18548,1174057000
2019,강동구,암사2동,6054,14774,7208,7566,1174058000
2019,강동구,암사3동,6366,18693,9148,9545,1174059000
2019,강동구,천호1동,12807,28400,13987,14413,1174060000
2019,강동구,천호2동,17602,35904,17865,18039,1174061000
2019,강동구,천호3동,13720,27996,13805,14191,1174062000
2019,강동구,성내1동,8143,20561,9953,10608,1174064000
2019,강동구,성내2동,12513,25186,12462,12724,1174065000
2019,강동구,성내3동,10330,23921,11825,12096,1174066000
2019,강동구,둔촌1동,164,283,134,149,1174069000
2019,강동구,둔촌2동,11212,27752,13701,14051,1174070000
2019,강동구,길동,20597,46367,22687,23680,1174068500
1997,계,계,3498506,10389057,5214266,5174791,1100000000
1997,종로구,계,72919,196611,98650,97961,1111000000
1997,중구,계,49516,129680,65501,64179,1114000000
1997,용산구,계,91201,245683,122648,123035,1117000000
1997,성동구,계,111887,326026,165350,160676,1120000000
1997,광진구,계,136909,397824,200858,196966,1121500000
1997,동대문구,계,136360,389281,197181,192100,1123000000
1997,중랑구,계,154699,475662,239097,236565,1126000000
1997,성북구,계,162586,478812,241471,237341,1129000000
1997,강북구,계,119941,368412,183966,184446,1130500000
1997,도봉구,계,123055,388620,194957,193663,1132000000
1997,노원구,계,183891,587428,290756,296672,1135000000
1997,은평구,계,163671,491677,243817,247860,1138000000
1997,서대문구,계,125092,358995,178743,180252,1141000000
1997,마포구,계,140517,391116,194495,196621,1144000000
1997,양천구,계,153792,485914,245073,240841,1147000000
1997,강서구,계,169412,519554,259169,260385,1150000000
1997,구로구,계,126507,377660,193475,184185,1153000000
1997,금천구,계,93448,272740,139616,133124,1154500000
1997,영등포구,계,142076,406841,206366,200475,1156000000
1997,동작구,계,147954,432300,218004,214296,1159000000
1997,관악구,계,182821,534620,271830,262790,1162000000
1997,서초구,계,137679,407122,201900,205222,1165000000
1997,강남구,계,190255,555355,274650,280705,1168000000
1997,송파구,계,222544,677214,337369,339845,1171000000
1997,강동구,계,159774,493910,249324,244586,1174000000
2013,계,계,4182351,10388055,5126351,5261704,1100000000
2013,종로구,계,73693,167867,83211,84656,1111000000
2013,종로구,사직동,4465,10327,4873,5454,1111053000
2013,종로구,삼청동,1537,3367,1644,1723,1111054000
2013,종로구,부암동,4563,11469,5624,5845,1111055000
2013,종로구,평창동,7384,19779,9430,10349,1111056000
2013,종로구,무악동,3219,8626,4108,4518,1111057000
2013,종로구,교남동,2688,5450,2691,2759,1111058000
2013,종로구,가회동,2336,5333,2495,2838,1111060000
2013,종로구,종로1.2.3.4가동,5267,8797,5141,3656,1111061500
2013,종로구,종로5.6가동,3117,6245,3373,2872,1111063000
2013,종로구,이화동,4497,9435,4475,4960,1111064000
2013,종로구,혜화동,9129,19582,9521,10061,1111065000
2013,종로구,창신1동,3345,7237,3806,3431,1111067000
2013,종로구,창신2동,4768,11707,5905,5802,1111068000
2013,종로구,창신3동,3044,8310,4169,4141,1111069000
2013,종로구,숭인1동,3243,7563,3801,3762,1111070000
2013,종로구,숭인2동,5196,9944,5126,4818,1111071000
2013,종로구,청운효자동,5895,14696,7029,7667,1111051500
2013,중구,계,60600,137990,69128,68862,1114000000
2013,중구,소공동,682,1766,966,800,1114052000
2013,중구,회현동,3591,6563,3562,3001,1114054000
2013,중구,명동,1583,4013,1893,2120,1114055000
2013,중구,필동,2437,4878,2556,2322,1114057000
2013,중구,장충동,2989,6296,3153,3143,1114058000
2013,중구,광희동,2937,6107,3248,2859,1114059000
2013,중구,을지로동,1322,2022,1229,793,1114060500
2013,중구,신당5동,4654,10686,5374,5312,1114065000
2013,중구,황학동,5848,13068,6623,6445,1114067000
2013,중구,중림동,4652,9944,5057,4887,1114068000
2013,중구,신당동,3927,8951,4592,4359,1114061500
2013,중구,다산동,7160,16545,8132,8413,1114062500
2013,중구,약수동,7947,19267,9275,9992,1114063500
2013,중구,청구동,6485,15799,7623,8176,1114064500
2013,중구,동화동,4386,12085,5845,6240,1114066500
2013,용산구,계,109361,251925,122974,128951,1117000000
2013,용산구,후암동,8820,20018,9931,10087,1117051000
2013,용산구,용산2가동,5895,13546,6667,6879,1117052000
2013,용산구,남영동,5254,8442,5071,3371,1117053000
2013,용산구,원효로1동,5694,13004,6450,6554,1117056000
2013,용산구,원효로2동,5984,15811,7484,8327,1117057000
2013,용산구,효창동,4426,11392,5528,5864,1117058000
2013,용산구,용문동,5123,13034,6323,6711,1117059000
2013,용산구,이촌1동,9775,28196,13285,14911,1117063000
2013,용산구,이촌2동,4235,10054,4802,5252,1117064000
2013,용산구,이태원1동,4368,9644,4672,4972,1117065000
2013,용산구,이태원2동,5359,11859,5663,6196,1117066000
2013,용산구,서빙고동,5363,14221,6868,7353,1117069000
2013,용산구,보광동,8435,17961,8761,9200,1117070000
2013,용산구,청파동,11225,23428,11173,12255,1117055500
2013,용산구,한강로동,7702,16277,8146,8131,1117062500
2013,용산구,한남동,11703,25038,12150,12888,1117068500
2013,성동구,계,126447,306571,152809,153762,1120000000
2013,성동구,왕십리2동,6931,17129,8468,8661,1120052000
2013,성동구,마장동,10380,25487,12704,12783,1120054000
2013,성동구,사근동,5930,11745,6117,5628,1120055000
2013,성동구,행당1동,7533,17806,8797,9009,1120056000
2013,성동구,행당2동,9523,26767,12746,14021,1120057000
2013,성동구,응봉동,6391,17370,8324,9046,1120058000
2013,성동구,금호1가동,5780,14823,7186,7637,1120059000
2013,성동구,금호4가동,6255,15236,7436,7800,1120062000
2013,성동구,성수1가1동,7228,18161,9242,8919,1120065000
2013,성동구,성수1가2동,8039,18537,9411,9126,1120066000
2013,성동구,성수2가1동,8980,20951,10914,10037,1120067000
2013,성동구,성수2가3동,5417,12431,6503,5928,1120069000
2013,성동구,송정동,5624,12538,6619,5919,1120072000
2013,성동구,용답동,7745,17389,9154,8235,1120079000
2013,성동구,왕십리도선동,5755,12993,6416,6577,1120053500
2013,성동구,금호2.3가동,9413,23517,11392,12125,1120061500
2013,성동구,옥수동,9523,23688,11380,12308,1120064500
2013,성동구,기타,,3,,3,0000000000
2013,광진구,계,159173,381439,187584,193855,1121500000
2013,광진구,화양동,13658,24293,11740,12553,1121571000
2013,광진구,군자동,10239,22136,11094,11042,1121573000
2013,광진구,중곡1동,7654,17021,8443,8578,1121574000
2013,광진구,중곡2동,9814,23156,11292,11864,1121575000
2013,광진구,중곡3동,8218,18843,9472,9371,1121576000
2013,광진구,중곡4동,12736,31966,15837,16129,1121577000
2013,광진구,능동,5609,11331,5350,5981,1121578000
2013,광진구,구의1동,10831,23226,11218,12008,1121585000
2013,광진구,구의2동,11030,27787,13643,14144,1121586000
2013,광진구,구의3동,11381,29808,14481,15327,1121587000
2013,광진구,광장동,12125,37493,18273,19220,1121581000
2013,광진구,자양1동,11041,25374,12541,12833,1121582000
2013,광진구,자양2동,11285,28596,14220,14376,1121583000
2013,광진구,자양3동,11503,31929,15529,16400,1121584000
2013,광진구,자양4동,12049,28480,14451,14029,1121584700
2013,동대문구,계,159256,376445,188167,188278,1123000000
2013,동대문구,전농1동,14834,33027,16763,16264,1123056000
2013,동대문구,전농2동,7797,21593,10519,11074,1123057000
2013,동대문구,답십리1동,8676,20294,10122,10172,1123060000
2013,동대문구,답십리2동,12032,31563,15607,15956,1123061000
2013,동대문구,장안1동,15214,37990,19119,18871,1123065000
2013,동대문구,장안2동,12842,32682,16529,16153,1123066000
2013,동대문구,회기동,5911,12770,6023,6747,1123071000
2013,동대문구,휘경1동,8089,17352,8560,8792,1123072000
2013,동대문구,휘경2동,10562,26133,12908,13225,1123073000
2013,동대문구,이문1동,15288,33194,16403,16791,1123074000
2013,동대문구,이문2동,8701,23225,11450,11775,1123075000
2013,동대문구,청량리동,10795,24821,12482,12339,1123070500
2013,동대문구,용신동,15573,32856,16986,15870,1123053600
2013,동대문구,제기동,12942,28945,14696,14249,1123054500
2013,중랑구,계,174938,421237,210390,210847,1126000000
2013,중랑구,면목2동,12043,28235,14159,14076,1126052000
2013,중랑구,면목4동,9709,22236,10984,11252,1126054000
2013,중랑구,면목5동,5967,13911,7125,6786,1126055000
2013,중랑구,면목7동,10627,25362,12705,12657,1126057000
2013,중랑구,상봉1동,9461,26165,12893,13272,1126058000
2013,중랑구,상봉2동,9268,18605,9458,9147,1126059000
2013,중랑구,중화1동,8337,21566,10697,10869,1126060000
2013,중랑구,중화2동,14349,30438,15698,14740,1126061000
2013,중랑구,묵1동,13864,36370,17871,18499,1126062000
2013,중랑구,묵2동,8555,20019,10013,10006,1126063000
2013,중랑구,망우3동,8264,19207,9664,9543,1126066000
2013,중랑구,신내1동,11348,33301,16414,16887,1126068000
2013,중랑구,신내2동,9279,24878,12148,12730,1126069000
2013,중랑구,면목본동,16508,37197,18538,18659,1126056500
2013,중랑구,면목3.8동,12599,29121,14543,14578,1126057500
2013,중랑구,망우본동,14760,34626,17480,17146,1126065500
2013,성북구,계,196693,485347,238228,247119,1129000000
2013,성북구,돈암1동,6157,16374,7885,8489,1129058000
2013,성북구,돈암2동,7983,23797,11449,12348,1129059000
2013,성북구,안암동,8894,18255,9102,9153,1129060000
2013,성북구,보문동,6731,14285,7017,7268,1129061000
2013,성북구,정릉1동,7479,20191,9718,10473,1129062000
2013,성북구,정릉2동,9277,24182,11971,12211,1129063000
2013,성북구,정릉3동,7872,18371,9165,9206,1129064000
2013,성북구,정릉4동,10939,28050,13733,14317,1129065000
2013,성북구,길음1동,12958,37951,18398,19553,1129066000
2013,성북구,길음2동,8883,20815,10257,10558,1129068500
2013,성북구,월곡1동,10903,29199,14422,14777,1129071500
2013,성북구,월곡2동,8796,21611,10658,10953,1129072500
2013,성북구,장위1동,10082,25420,12605,12815,1129076000
2013,성북구,장위2동,9062,22150,11148,11002,1129077000
2013,성북구,장위3동,7732,18804,9646,9158,1129078000
2013,성북구,성북동,8487,19316,9217,10099,1129052500
2013,성북구,삼선동,12617,28551,13909,14642,1129055500
2013,성북구,동선동,8769,16963,7487,9476,1129057500
2013,성북구,종암동,17417,43664,21706,21958,1129070500
2013,성북구,석관동,15655,37398,18735,18663,1129081000
2013,강북구,계,141246,341921,168546,173375,1130500000
2013,강북구,번1동,9683,21013,10374,10639,1130559500
2013,강북구,번2동,7811,19457,9610,9847,1130560300
2013,강북구,번3동,7753,21018,10160,10858,1130560800
2013,강북구,수유1동,9928,23300,11719,11581,1130561500
2013,강북구,수유2동,9088,22965,11316,11649,1130562500
2013,강북구,수유3동,11053,24295,12018,12277,1130563000
2013,강북구,삼양동,12894,31165,15558,15607,1130553400
2013,강북구,미아동,10563,24116,11814,12302,1130553500
2013,강북구,송중동,13712,32963,16059,16904,1130554500
2013,강북구,송천동,13815,31507,15754,15753,1130555500
2013,강북구,삼각산동,12218,35035,17068,17967,1130557500
2013,강북구,우이동,8854,21436,10568,10868,1130564500
2013,강북구,인수동,13874,33651,16528,17123,1130566000
2013,도봉구,계,137714,360609,177925,182684,1132000000
2013,도봉구,쌍문1동,8829,22731,11101,11630,1132066000
2013,도봉구,쌍문2동,8447,21342,10455,10887,1132067000
2013,도봉구,쌍문3동,7622,18357,8967,9390,1132068000
2013,도봉구,쌍문4동,7309,21388,10341,11047,1132068100
2013,도봉구,방학1동,12543,32130,16110,16020,1132069000
2013,도봉구,방학2동,9778,23623,11950,11673,1132070000
2013,도봉구,방학3동,10822,31732,15560,16172,1132071000
2013,도봉구,창1동,11065,28658,13966,14692,1132051100
2013,도봉구,창2동,11728,31379,15490,15889,1132051200
2013,도봉구,창3동,6650,15950,8009,7941,1132051300
2013,도봉구,창4동,10849,30668,14871,15797,1132051400
2013,도봉구,창5동,9999,27754,13582,14172,1132051500
2013,도봉구,도봉1동,10315,24102,12271,11831,1132052100
2013,도봉구,도봉2동,11758,30795,15252,15543,1132052200
2013,노원구,계,222132,594027,289967,304060,1135000000
2013,노원구,월계1동,9302,23056,11841,11215,1135056000
2013,노원구,월계2동,12051,30189,14684,15505,1135057000
2013,노원구,월계3동,13357,35551,17284,18267,1135058000
2013,노원구,공릉1동,17061,40484,19911,20573,1135059500
2013,노원구,공릉2동,17248,46738,23278,23460,1135060000
2013,노원구,하계1동,11278,30548,14785,15763,1135061100
2013,노원구,하계2동,8605,25529,12414,13115,1135061200
2013,노원구,중계본동,9801,29658,14653,15005,1135061900
2013,노원구,중계1동,9555,30571,15015,15556,1135062100
2013,노원구,중계4동,8156,22335,10906,11429,1135062400
2013,노원구,상계1동,15823,44029,21636,22393,1135063000
2013,노원구,상계2동,8611,22574,11179,11395,1135064000
2013,노원구,상계5동,9483,24084,11751,12333,1135067000
2013,노원구,상계8동,9399,26646,12785,13861,1135070000
2013,노원구,상계9동,8803,24552,11871,12681,1135071000
2013,노원구,상계10동,7701,20345,9587,10758,1135072000
2013,노원구,중계2.3동,15691,41977,19785,22192,1135062500
2013,노원구,상계3.4동,15947,38405,19303,19102,1135066500
2013,노원구,상계6.7동,14260,36756,17299,19457,1135069500
2013,은평구,계,202487,508111,248722,259389,1138000000
2013,은평구,녹번동,14480,32991,15974,17017,1138051000
2013,은평구,불광1동,17288,43220,20910,22310,1138052000
2013,은평구,불광2동,13032,29948,14747,15201,1138053000
2013,은평구,갈현1동,10924,26315,13014,13301,1138055100
2013,은평구,갈현2동,11420,29351,14224,15127,1138055200
2013,은평구,구산동,12211,33804,17273,16531,1138056000
2013,은평구,대조동,14550,32449,15499,16950,1138057000
2013,은평구,응암1동,13450,32745,15930,16815,1138058000
2013,은평구,응암2동,10828,26769,13247,13522,1138059000
2013,은평구,응암3동,12236,27795,13678,14117,1138060000
2013,은평구,신사1동,11038,28492,13916,14576,1138063100
2013,은평구,신사2동,8894,22678,11351,11327,1138063200
2013,은평구,증산동,8225,20815,10431,10384,1138064000
2013,은평구,수색동,7872,19277,9619,9658,1138065000
2013,은평구,진관동,16534,51666,24781,26885,1138069000
2013,은평구,역촌동,19505,49796,24128,25668,1138062500
2013,서대문구,계,135272,324067,157314,166753,1141000000
2013,서대문구,천연동,8570,20413,9862,10551,1141052000
2013,서대문구,홍제1동,11113,26991,12984,14007,1141062000
2013,서대문구,홍제2동,6031,15745,7532,8213,1141065500
2013,서대문구,홍제3동,8299,20054,9810,10244,1141064000
2013,서대문구,홍은1동,10291,26236,12851,13385,1141066000
2013,서대문구,홍은2동,12146,30330,14901,15429,1141068500
2013,서대문구,남가좌1동,1766,3893,1980,1913,1141069000
2013,서대문구,남가좌2동,12701,30514,15042,15472,1141070000
2013,서대문구,북가좌1동,7127,19872,9755,10117,1141071000
2013,서대문구,북가좌2동,13647,34234,16825,17409,1141072000
2013,서대문구,충현동,9150,20555,9938,10617,1141056500
2013,서대문구,북아현동,4862,10856,5263,5593,1141055500
2013,서대문구,신촌동,10897,21634,9763,11871,1141058500
2013,서대문구,연희동,18672,42740,20808,21932,1141061500
2013,서대문구,기타,,3,,3,0000000000
2013,마포구,계,166780,391098,188874,202224,1144000000
2013,마포구,용강동,7663,19256,9265,9991,1144059000
2013,마포구,대흥동,8388,15791,7580,8211,1144060000
2013,마포구,염리동,7477,16539,8142,8397,1144061000
2013,마포구,신수동,9138,22161,10935,11226,1144063000
2013,마포구,서교동,16015,30169,13822,16347,1144066000
2013,마포구,합정동,9188,20332,9870,10462,1144068000
2013,마포구,망원1동,10538,24174,11741,12433,1144069000
2013,마포구,망원2동,8192,21082,10214,10868,1144070000
2013,마포구,연남동,9287,20155,9639,10516,1144071000
2013,마포구,성산1동,9168,21430,10351,11079,1144072000
2013,마포구,성산2동,15621,40819,19756,21063,1144073000
2013,마포구,상암동,11351,33636,16545,17091,1144074000
2013,마포구,도화동,9445,23773,11474,12299,1144058500
2013,마포구,서강동,11165,25244,12056,13188,1144065500
2013,마포구,공덕동,16110,37489,18190,19299,1144056500
2013,마포구,아현동,8034,19048,9294,9754,1144055500
2013,양천구,계,180443,496934,246723,250211,1147000000
2013,양천구,목1동,10644,33125,16116,17009,1147051000
2013,양천구,목2동,12227,31799,15688,16111,1147052000
2013,양천구,목3동,9207,23173,11355,11818,1147053000
2013,양천구,목4동,10011,28717,14337,14380,1147054000
2013,양천구,목5동,14028,45559,22693,22866,1147055000
2013,양천구,신월1동,10478,24718,12621,12097,1147056000
2013,양천구,신월2동,7847,21282,10570,10712,1147057000
2013,양천구,신월3동,8033,17853,9291,8562,1147058000
2013,양천구,신월4동,6803,19566,9694,9872,1147059000
2013,양천구,신월5동,6296,16552,8165,8387,1147060000
2013,양천구,신월6동,4936,12573,6397,6176,1147061000
2013,양천구,신월7동,9301,24782,12343,12439,1147061100
2013,양천구,신정1동,6442,19879,9770,10109,1147062000
2013,양천구,신정2동,7419,22507,11181,11326,1147063000
2013,양천구,신정3동,20830,57667,28582,29085,1147064000
2013,양천구,신정4동,15719,37312,18469,18843,1147065000
2013,양천구,신정6동,8440,26911,13135,13776,1147067000
2013,양천구,신정7동,11782,32959,16316,16643,1147068000
2013,양천구,기타,,3,,3,0000000000
2013,강서구,계,226607,575236,282287,292949,1150000000
2013,강서구,염창동,14483,42600,20953,21647,1150051000
2013,강서구,등촌1동,10169,23136,11184,11952,1150052000
2013,강서구,등촌2동,8038,22182,11144,11038,1150053000
2013,강서구,등촌3동,14736,37093,17782,19311,1150053500
2013,강서구,화곡본동,14971,37233,18221,19012,1150059000
2013,강서구,화곡1동,22573,52933,26307,26626,1150054000
2013,강서구,화곡2동,8127,20543,10093,10450,1150055000
2013,강서구,화곡3동,9086,24247,11837,12410,1150056000
2013,강서구,화곡4동,9794,23634,11725,11909,1150057000
2013,강서구,화곡6동,10329,26032,12887,13145,1150059100
2013,강서구,화곡8동,10928,27811,13601,14210,1150059300
2013,강서구,가양1동,7808,22252,11129,11123,1150060300
2013,강서구,가양2동,7907,17581,8474,9107,1150060400
2013,강서구,가양3동,7831,18583,8896,9687,1150060500
2013,강서구,발산1동,11218,33353,15936,17417,1150061100
2013,강서구,공항동,10007,22250,11571,10679,1150062000
2013,강서구,방화1동,11686,30828,15365,15463,1150063000
2013,강서구,방화2동,11281,25955,12813,13142,1150064000
2013,강서구,방화3동,11447,27256,13116,14140,1150064100
2013,강서구,우장산동,14188,39734,19253,20481,1150061500
2013,구로구,계,171419,452168,227694,224474,1153000000
2013,구로구,신도림동,13088,38117,18762,19355,1153051000
2013,구로구,구로1동,7876,23013,11462,11551,1153052000
2013,구로구,구로2동,14637,39064,20048,19016,1153053000
2013,구로구,구로3동,14109,28955,14732,14223,1153054000
2013,구로구,구로4동,11736,30165,15229,14936,1153055000
2013,구로구,구로5동,13735,35303,17684,17619,1153056000
2013,구로구,고척1동,9495,25602,12872,12730,1153072000
2013,구로구,고척2동,11894,31449,15845,15604,1153073000
2013,구로구,개봉1동,13277,34191,17234,16957,1153074000
2013,구로구,개봉2동,12614,35171,17406,17765,1153075000
2013,구로구,개봉3동,8455,22483,11227,11256,1153076000
2013,구로구,오류1동,8811,21572,10700,10872,1153077000
2013,구로구,오류2동,14773,41488,20660,20828,1153078000
2013,구로구,수궁동,9755,26087,13116,12971,1153079000
2013,구로구,가리봉동,7164,19507,10716,8791,1153059500
2013,구로구,기타,,3,,3,0000000000
2013,금천구,계,104179,258254,132742,125512,1154500000
2013,금천구,가산동,11035,23519,13339,10180,1154551000
2013,금천구,독산1동,14440,34673,18360,16313,1154561000
2013,금천구,독산2동,9743,23899,12147,11752,1154562000
2013,금천구,독산3동,12681,31712,16275,15437,1154563000
2013,금천구,독산4동,8228,20096,10207,9889,1154564000
2013,금천구,시흥1동,15275,38569,19567,19002,1154567000
2013,금천구,시흥2동,8736,25032,12284,12748,1154568000
2013,금천구,시흥3동,5063,12985,6581,6404,1154569000
2013,금천구,시흥4동,9360,24169,12138,12031,1154570000
2013,금천구,시흥5동,9618,23600,11844,11756,1154571000
2013,영등포구,계,167761,421577,212417,209160,1156000000
2013,영등포구,여의도동,12452,34197,16312,17885,1156054000
2013,영등포구,당산1동,9290,21155,10559,10596,1156055000
2013,영등포구,당산2동,15054,35490,17035,18455,1156056000
2013,영등포구,양평1동,7360,17454,8833,8621,1156061000
2013,영등포구,양평2동,8748,22256,11231,11025,1156062000
2013,영등포구,신길1동,10001,23224,11802,11422,1156063000
2013,영등포구,신길3동,6951,17532,8859,8673,1156065000
2013,영등포구,신길4동,5418,13675,6906,6769,1156066000
2013,영등포구,신길5동,6856,18542,9388,9154,1156067000
2013,영등포구,신길6동,9427,24401,12132,12269,1156068000
2013,영등포구,신길7동,5921,15495,7812,7683,1156069000
2013,영등포구,대림1동,7293,19719,10096,9623,1156070000
2013,영등포구,대림2동,7771,25020,12754,12266,1156071000
2013,영등포구,대림3동,11535,31750,16081,15669,1156072000
2013,영등포구,영등포본동,10803,27452,13921,13531,1156051500
2013,영등포구,영등포동,11481,20065,11411,8654,1156053500
2013,영등포구,도림동,8866,21394,10944,10450,1156058500
2013,영등포구,문래동,12534,32751,16339,16412,1156060500
2013,영등포구,기타,,3,,3,0000000000
2013,동작구,계,172700,421487,207223,214264,1159000000
2013,동작구,노량진1동,14341,34380,17199,17181,1159051000
2013,동작구,노량진2동,7303,16045,8111,7934,1159052000
2013,동작구,상도1동,20281,47416,23398,24018,1159053000
2013,동작구,상도2동,11107,26190,12774,13416,1159054000
2013,동작구,상도3동,10259,25184,12277,12907,1159055000
2013,동작구,상도4동,12003,29897,14837,15060,1159056000
2013,동작구,사당1동,11270,24108,11668,12440,1159062000
2013,동작구,사당2동,12669,31641,15449,16192,1159063000
2013,동작구,사당3동,10462,26513,13051,13462,1159064000
2013,동작구,사당4동,6316,15093,7426,7667,1159065000
2013,동작구,사당5동,6277,15405,7663,7742,1159065100
2013,동작구,대방동,15771,40651,19716,20935,1159066000
2013,동작구,신대방1동,10043,28636,14069,14567,1159067000
2013,동작구,신대방2동,8478,21520,10540,10980,1159068000
2013,동작구,흑석동,16120,38806,19045,19761,1159060500
2013,동작구,기타,,3,,3,0000000000
2013,관악구,계,248006,535128,270512,264616,1162000000
2013,관악구,남현동,8339,18359,8896,9463,1162063000
2013,관악구,보라매동,11511,27251,13521,13730,1162052500
2013,관악구,청림동,6548,16868,8332,8536,1162054500
2013,관악구,행운동,15392,30055,14872,15183,1162057500
2013,관악구,낙성대동,10087,19202,9817,9385,1162058500
2013,관악구,중앙동,7648,15233,7447,7786,1162061500
2013,관악구,인헌동,13280,28610,14254,14356,1162062500
2013,관악구,서원동,12379,24159,12260,11899,1162064500
2013,관악구,신원동,9265,20248,9988,10260,1162065500
2013,관악구,서림동,13206,24850,13620,11230,1162066500
2013,관악구,신사동,12285,26938,13463,13475,1162068500
2013,관악구,신림동,13347,21697,10874,10823,1162069500
2013,관악구,난향동,6601,17674,8807,8867,1162071500
2013,관악구,조원동,9395,20212,10338,9874,1162072500
2013,관악구,대학동,14239,23637,14002,9635,1162073500
2013,관악구,은천동,14965,36822,18292,18530,1162060500
2013,관악구,성현동,12853,34694,17048,17646,1162056500
2013,관악구,청룡동,18193,34409,17155,17254,1162059500
2013,관악구,난곡동,12787,31026,15750,15276,1162077500
2013,관악구,삼성동,11984,29071,14623,14448,1162074500
2013,관악구,미성동,13702,34113,17153,16960,1162076500
2013,서초구,계,170594,446541,215771,230770,1165000000
2013,서초구,서초1동,9042,21675,10394,11281,1165051000
2013,서초구,서초2동,9081,23868,11748,12120,1165052000
2013,서초구,서초3동,12122,30659,15329,15330,1165053000
2013,서초구,서초4동,10178,29773,14483,15290,1165053100
2013,서초구,잠원동,13886,34751,16529,18222,1165054000
2013,서초구,반포본동,4406,13487,6391,7096,1165055000
2013,서초구,반포1동,14953,34335,16601,17734,1165056000
2013,서초구,반포2동,6488,20133,9570,10563,1165057000
2013,서초구,반포3동,8344,24431,11643,12788,1165058000
2013,서초구,반포4동,7405,20884,9949,10935,1165058100
2013,서초구,방배본동,8090,22338,10540,11798,1165059000
2013,서초구,방배1동,7047,17501,8369,9132,1165060000
2013,서초구,방배2동,10995,27871,13455,14416,1165061000
2013,서초구,방배3동,9508,25586,12466,13120,1165062000
2013,서초구,방배4동,9998,26036,12159,13877,1165062100
2013,서초구,양재1동,16170,44231,21321,22910,1165065100
2013,서초구,양재2동,10342,22935,11633,11302,1165065200
2013,서초구,내곡동,2539,6047,3191,2856,1165066000
2013,강남구,계,230645,569152,273583,295569,1168000000
2013,강남구,신사동,8396,19753,9271,10482,1168051000
2013,강남구,논현1동,14615,26221,12111,14110,1168052100
2013,강남구,논현2동,10715,22526,10683,11843,1168053100
2013,강남구,삼성1동,5883,15993,8164,7829,1168058000
2013,강남구,삼성2동,13819,32310,15560,16750,1168059000
2013,강남구,대치1동,6007,20580,10243,10337,1168060000
2013,강남구,대치2동,13764,42509,21509,21000,1168061000
2013,강남구,대치4동,10512,22351,10573,11778,1168063000
2013,강남구,역삼1동,20784,36142,17329,18813,1168064000
2013,강남구,역삼2동,14190,35091,16610,18481,1168065000
2013,강남구,도곡1동,8518,22945,10948,11997,1168065500
2013,강남구,도곡2동,12224,35674,16818,18856,1168065600
2013,강남구,개포1동,8812,22869,10903,11966,1168066000
2013,강남구,개포2동,12735,34307,16544,17763,1168067000
2013,강남구,개포4동,9656,23562,11541,12021,1168069000
2013,강남구,일원본동,7593,23051,11262,11789,1168072000
2013,강남구,일원1동,7587,18448,8975,9473,1168073000
2013,강남구,일원2동,7224,18822,9280,9542,1168074000
2013,강남구,수서동,7443,16486,7479,9007,1168075000
2013,강남구,세곡동,6596,19137,9363,9774,1168070000
2013,강남구,압구정동,11053,29175,13561,15614,1168054500
2013,강남구,청담동,12519,31198,14854,16344,1168056500
2013,강남구,기타,,3,,3,0000000000
2013,송파구,계,257441,674955,330030,344925,1171000000
2013,송파구,풍납1동,7750,19446,9607,9839,1171051000
2013,송파구,풍납2동,10861,28345,13716,14629,1171052000
2013,송파구,거여1동,5868,15869,8117,7752,1171053100
2013,송파구,거여2동,10914,27825,14061,13764,1171053200
2013,송파구,마천1동,9374,23762,11951,11811,1171054000
2013,송파구,마천2동,8659,22254,11344,10910,1171055000
2013,송파구,방이1동,6123,16929,8338,8591,1171056100
2013,송파구,방이2동,11651,26029,12817,13212,1171056200
2013,송파구,오륜동,6108,20316,9965,10351,1171056600
2013,송파구,오금동,14148,38276,18958,19318,1171057000
2013,송파구,송파1동,11964,27798,13211,14587,1171058000
2013,송파구,송파2동,7677,22852,11113,11739,1171059000
2013,송파구,석촌동,15830,35996,17486,18510,1171060000
2013,송파구,삼전동,15922,35213,16813,18400,1171061000
2013,송파구,가락본동,11532,29612,14838,14774,1171062000
2013,송파구,가락1동,792,1754,900,854,1171063100
2013,송파구,가락2동,12415,35887,17647,18240,1171063200
2013,송파구,문정1동,8426,22676,11154,11522,1171064100
2013,송파구,문정2동,7089,18088,8763,9325,1171064200
2013,송파구,장지동,14598,40509,19882,20627,1171064600
2013,송파구,잠실본동,14294,31085,14856,16229,1171065000
2013,송파구,잠실2동,12499,37239,17771,19468,1171067000
2013,송파구,잠실3동,12595,37279,17933,19346,1171068000
2013,송파구,잠실4동,10859,31271,15179,16092,1171069000
2013,송파구,잠실6동,6002,17999,8633,9366,1171071000
2013,송파구,잠실7동,3491,10646,4977,5669,1171072000
2013,강동구,계,186764,487969,243530,244439,1174000000
2013,강동구,강일동,10880,34508,16849,17659,1174051500
2013,강동구,상일동,9596,27460,13734,13726,1174052000
2013,강동구,명일1동,10013,28415,13921,14494,1174053000
2013,강동구,명일2동,6026,18911,9490,9421,1174054000
2013,강동구,고덕1동,5689,17169,8698,8471,1174055000
2013,강동구,고덕2동,6874,17801,9140,8661,1174056000
2013,강동구,암사1동,15846,38995,19404,19591,1174057000
2013,강동구,암사2동,6283,16457,8126,8331,1174058000
2013,강동구,암사3동,6185,19213,9460,9753,1174059000
2013,강동구,천호1동,12987,31350,15737,15613,1174060000
2013,강동구,천호2동,17044,38032,19253,18779,1174061000
2013,강동구,천호3동,12190,26460,13359,13101,1174062000
2013,강동구,성내1동,7374,19812,9755,10057,1174064000
2013,강동구,성내2동,11984,26901,13372,13529,1174065000
2013,강동구,성내3동,10475,25528,12812,12716,1174066000
2013,강동구,둔촌1동,6432,19900,10208,9692,1174069000
2013,강동구,둔촌2동,10714,29588,14714,14874,1174070000
2013,강동구,길동,20172,51469,25498,25971,1174068500
2013,강동구,기타,,3,,3,0000000000
1999,계,계,3490616,10321449,5170662,5150787,1100000000
1999,종로구,계,69581,188865,94763,94102,1111000000
1999,종로구,청운동,1984,5712,2933,2779,1111051000
1999,종로구,효자동,4268,12079,5976,6103,1111052000
1999,종로구,사직동,3718,9445,4616,4829,1111053000
1999,종로구,삼청동,2124,5682,2807,2875,1111054000
1999,종로구,부암동,4619,13296,6588,6708,1111055000
1999,종로구,평창동,6382,19680,9547,10133,1111056000
1999,종로구,무악동,2169,6281,3106,3175,1111057000
1999,종로구,교남동,3673,9279,4516,4763,1111058000
1999,종로구,가회동,2771,7526,3735,3791,1111060000
1999,종로구,종로1.2.3.4가동,3836,8210,4268,3942,1111061500
1999,종로구,종로5.6가동,3060,8653,4461,4192,1111063000
1999,종로구,이화동,4427,11992,5937,6055,1111064000
1999,종로구,혜화동,4748,12234,6067,6167,1111065000
2016,성동구,옥수동,9787,24845,11802,13043,1120064500
2016,광진구,계,158390,372104,181251,190853,1121500000
2016,광진구,화양동,14514,24495,11456,13039,1121571000
2016,광진구,군자동,10223,22048,10868,11180,1121573000
2016,광진구,중곡1동,7618,16342,8105,8237,1121574000
2016,광진구,중곡2동,9951,22877,11131,11746,1121575000
2016,광진구,중곡3동,8105,17960,8883,9077,1121576000
2016,광진구,중곡4동,12998,31786,15656,16130,1121577000
2016,광진구,능동,5878,11648,5525,6123,1121578000
2016,광진구,구의1동,11243,23387,11208,12179,1121585000
2016,광진구,구의2동,10474,25889,12701,13188,1121586000
2016,광진구,구의3동,11569,29789,14327,15462,1121587000
2016,광진구,광장동,11828,36613,17771,18842,1121581000
2016,광진구,자양1동,10809,23951,11693,12258,1121582000
2016,광진구,자양2동,11025,27532,13591,13941,1121583000
2016,광진구,자양3동,10939,30555,14803,15752,1121584000
2016,광진구,자양4동,11216,27232,13533,13699,1121584700
2016,동대문구,계,159426,370312,183444,186868,1123000000
2016,동대문구,전농1동,14021,30779,15556,15223,1123056000
2016,동대문구,전농2동,7653,20793,10066,10727,1123057000
2016,동대문구,답십리1동,10134,24846,12190,12656,1123060000
2016,동대문구,답십리2동,12003,30291,14869,15422,1123061000
2016,동대문구,장안1동,16314,38812,19444,19368,1123065000
2016,동대문구,장안2동,12395,31441,15876,15565,1123066000
2016,동대문구,회기동,5799,12587,5756,6831,1123071000
2016,동대문구,휘경1동,7052,14964,7312,7652,1123072000
2016,동대문구,휘경2동,10833,25467,12503,12964,1123073000
2016,동대문구,이문1동,14775,32045,15492,16553,1123074000
2016,동대문구,이문2동,8685,22692,11155,11537,1123075000
2016,동대문구,청량리동,10594,23560,11784,11776,1123070500
2016,동대문구,용신동,16410,33484,17193,16291,1123053600
2016,동대문구,제기동,12758,28551,14248,14303,1123054500
2016,중랑구,계,177400,415677,206772,208905,1126000000
2016,중랑구,면목2동,12165,27424,13772,13652,1126052000
2016,중랑구,면목4동,9668,21957,10923,11034,1126054000
2016,중랑구,면목5동,4801,10824,5533,5291,1126055000
2016,중랑구,면목7동,10265,23357,11618,11739,1126057000
2016,중랑구,상봉1동,9951,26152,12825,13327,1126058000
2016,중랑구,상봉2동,9764,19050,9503,9547,1126059000
2016,중랑구,중화1동,8614,21285,10539,10746,1126060000
2016,중랑구,중화2동,13904,28578,14697,13881,1126061000
2016,중랑구,묵1동,13404,34516,16933,17583,1126062000
2016,중랑구,묵2동,8816,20250,10035,10215,1126063000
2016,중랑구,망우3동,8310,18741,9360,9381,1126066000
2016,중랑구,신내1동,14386,42023,20571,21452,1126068000
2016,중랑구,신내2동,9048,23511,11397,12114,1126069000
2016,중랑구,면목본동,16974,36839,18375,18464,1126056500
2016,중랑구,면목3.8동,12554,28137,14044,14093,1126057500
2016,중랑구,망우본동,14776,33033,16647,16386,1126065500
2016,성북구,계,188304,461617,224504,237113,1129000000
2016,성북구,돈암1동,6505,17007,8029,8978,1129058000
2016,성북구,돈암2동,7827,23681,11356,12325,1129059000
2016,성북구,안암동,8747,18211,8876,9335,1129060000
2016,성북구,보문동,7106,15069,7314,7755,1129061000
2016,성북구,정릉1동,7060,19273,9249,10024,1129062000
2016,성북구,정릉2동,9692,24609,12116,12493,1129063000
2016,성북구,정릉3동,7580,17630,8790,8840,1129064000
2016,성북구,정릉4동,11017,27818,13516,14302,1129065000
2016,성북구,길음1동,12983,37908,18221,19687,1129066000
2016,성북구,길음2동,5526,13173,6458,6715,1129068500
2016,성북구,월곡1동,10759,28450,13797,14653,1129071500
2016,성북구,월곡2동,8764,21147,10406,10741,1129072500
2016,성북구,장위1동,9250,22573,11238,11335,1129076000
2016,성북구,장위2동,8788,20533,10267,10266,1129077000
2016,성북구,장위3동,5460,13226,6700,6526,1129078000
2016,성북구,성북동,8112,18331,8727,9604,1129052500
2016,성북구,삼선동,12537,27510,13315,14195,1129055500
2016,성북구,동선동,8857,16770,7269,9501,1129057500
2016,성북구,종암동,17026,43625,21345,22280,1129070500
2016,성북구,석관동,14708,35073,17515,17558,1129081000
2016,강북구,계,141229,330704,162211,168493,1130500000
2016,강북구,번1동,9824,20334,10043,10291,1130559500
2016,강북구,번2동,7563,18407,9010,9397,1130560300
2016,강북구,번3동,7693,19882,9497,10385,1130560800
2016,강북구,수유1동,10107,22844,11329,11515,1130561500
2016,강북구,수유2동,9209,22372,10965,11407,1130562500
2016,강북구,수유3동,11684,24126,12066,12060,1130563000
2016,강북구,삼양동,12692,29747,14851,14896,1130553400
2016,강북구,미아동,10849,23591,11428,12163,1130553500
2016,강북구,송중동,12585,29310,14228,15082,1130554500
2016,강북구,송천동,13825,30536,15213,15323,1130555500
2016,강북구,삼각산동,12072,34452,16697,17755,1130557500
2016,강북구,우이동,9242,22014,10793,11221,1130564500
2016,강북구,인수동,13884,33089,16091,16998,1130566000
2016,도봉구,계,136898,350272,172006,178266,1132000000
2016,도봉구,쌍문1동,8985,22555,11005,11550,1132066000
2016,도봉구,쌍문2동,8664,21104,10240,10864,1132067000
2016,도봉구,쌍문3동,7587,17762,8652,9110,1132068000
2016,도봉구,쌍문4동,7188,20763,9958,10805,1132068100
2016,도봉구,방학1동,12702,31371,15622,15749,1132069000
2016,도봉구,방학2동,9582,22391,11370,11021,1132070000
2016,도봉구,방학3동,10329,30448,14894,15554,1132071000
2016,도봉구,창1동,10850,27745,13400,14345,1132051100
2016,도봉구,창2동,11999,31477,15487,15990,1132051200
2016,도봉구,창3동,6678,15568,7774,7794,1132051300
2016,도봉구,창4동,10600,29374,14230,15144,1132051400
2016,도봉구,창5동,9916,26862,13013,13849,1132051500
2016,도봉구,도봉1동,10327,23628,11961,11667,1132052100
2016,도봉구,도봉2동,11491,29224,14400,14824,1132052200
2016,노원구,계,219736,571212,277866,293346,1135000000
2016,노원구,월계1동,10192,24289,12523,11766,1135056000
2016,노원구,월계2동,11059,26914,13038,13876,1135057000
2016,노원구,월계3동,13159,33919,16395,17524,1135058000
2016,노원구,공릉1동,17407,40220,19696,20524,1135059500
2016,노원구,공릉2동,16718,44747,22157,22590,1135060000
2016,노원구,하계1동,11720,29914,14497,15417,1135061100
2016,노원구,하계2동,8442,24778,11980,12798,1135061200
2016,노원구,중계본동,9408,28026,13779,14247,1135061900
2016,노원구,중계1동,9226,29363,14366,14997,1135062100
2016,노원구,중계4동,8296,22336,10919,11417,1135062400
2016,노원구,상계1동,15776,42402,20760,21642,1135063000
2016,노원구,상계2동,8646,22171,10961,11210,1135064000
2016,노원구,상계5동,11378,27742,13501,14241,1135067000
2016,노원구,상계8동,9371,25627,12348,13279,1135070000
2016,노원구,상계9동,8649,23300,11177,12123,1135071000
2016,노원구,상계10동,7476,19155,8955,10200,1135072000
2016,노원구,중계2.3동,15618,39542,18518,21024,1135062500
2016,노원구,상계3.4동,13074,30174,15140,15034,1135066500
2016,노원구,상계6.7동,14121,36593,17156,19437,1135069500
2016,은평구,계,201891,495937,241048,254889,1138000000
2016,은평구,녹번동,14398,33068,16000,17068,1138051000
2016,은평구,불광1동,17577,42833,20475,22358,1138052000
2016,은평구,불광2동,13340,29881,14627,15254,1138053000
2016,은평구,갈현1동,11075,25974,12722,13252,1138055100
2016,은평구,갈현2동,12306,30930,14845,16085,1138055200
2016,은평구,구산동,12476,34302,17333,16969,1138056000
2016,은평구,대조동,15629,33485,15894,17591,1138057000
2016,은평구,응암1동,11621,27790,13392,14398,1138058000
2016,은평구,응암2동,7974,19972,9787,10185,1138059000
2016,은평구,응암3동,12441,27152,13337,13815,1138060000
2016,은평구,신사1동,11163,28410,13785,14625,1138063100
2016,은평구,신사2동,8871,22255,11149,11106,1138063200
2016,은평구,증산동,7858,19422,9666,9756,1138064000
2016,은평구,수색동,6753,16048,8083,7965,1138065000
2016,은평구,진관동,18103,53811,25680,28131,1138069000
2016,은평구,역촌동,20306,50604,24273,26331,1138062500
2016,서대문구,계,136766,325871,156597,169274,1141000000
2016,서대문구,천연동,8465,19915,9641,10274,1141052000
2016,서대문구,홍제1동,10116,24982,11929,13053,1141062000
2016,서대문구,홍제2동,5885,15247,7289,7958,1141065500
2016,서대문구,홍제3동,8153,19418,9453,9965,1141064000
2016,서대문구,홍은1동,9558,23846,11696,12150,1141066000
2016,서대문구,홍은2동,12672,30606,14948,15658,1141068500
2016,서대문구,남가좌1동,5854,16929,8205,8724,1141069000
2016,서대문구,남가좌2동,10205,23539,11502,12037,1141070000
2016,서대문구,북가좌1동,7069,19873,9653,10220,1141071000
2016,서대문구,북가좌2동,14371,34804,17018,17786,1141072000
2016,서대문구,충현동,8879,19212,9365,9847,1141056500
2016,서대문구,북아현동,5756,12993,6259,6734,1141055500
2016,서대문구,신촌동,11294,23077,9624,13453,1141058500
2016,서대문구,연희동,18489,41430,20015,21415,1141061500
2016,마포구,계,169432,390887,186668,204219,1144000000
2016,마포구,용강동,8925,22535,10826,11709,1144059000
2016,마포구,대흥동,7373,14223,6700,7523,1144060000
2016,마포구,염리동,5317,12033,5710,6323,1144061000
2016,마포구,신수동,9193,22093,10781,11312,1144063000
2016,마포구,서교동,14604,27798,12880,14918,1144066000
2016,마포구,합정동,9643,20272,9585,10687,1144068000
2016,마포구,망원1동,10243,22292,10760,11532,1144069000
2016,마포구,망원2동,8259,20494,9855,10639,1144070000
2016,마포구,연남동,8936,18592,8752,9840,1144071000
2016,마포구,성산1동,9174,20838,9902,10936,1144072000
2016,마포구,성산2동,16257,40199,19222,20977,1144073000
2016,마포구,상암동,12345,33814,16388,17426,1144074000
2016,마포구,도화동,9656,23387,11158,12229,1144058500
2016,마포구,서강동,11639,26362,12500,13862,1144065500
2016,마포구,공덕동,17401,39705,19069,20636,1144056500
2016,마포구,아현동,10467,26250,12580,13670,1144055500
2016,양천구,계,177434,481845,238163,243682,1147000000
2016,양천구,목1동,10583,32960,15882,17078,1147051000
2016,양천구,목2동,12655,31956,15668,16288,1147052000
2016,양천구,목3동,9048,22005,10734,11271,1147053000
2016,양천구,목4동,10010,27940,13859,14081,1147054000
2016,양천구,목5동,13605,43987,21833,22154,1147055000
2016,양천구,신월1동,10265,23328,11970,11358,1147056000
2016,양천구,신월2동,8694,23542,11699,11843,1147057000
2016,양천구,신월3동,8491,18276,9567,8709,1147058000
2016,양천구,신월4동,6921,20009,9833,10176,1147059000
2016,양천구,신월5동,6389,16391,8123,8268,1147060000
2016,양천구,신월6동,3074,7947,4009,3938,1147061000
2016,양천구,신월7동,9308,23493,11590,11903,1147061100
2016,양천구,신정1동,7206,21854,10708,11146,1147062000
2016,양천구,신정2동,7224,21492,10634,10858,1147063000
2016,양천구,신정3동,19010,52998,26210,26788,1147064000
2016,양천구,신정4동,15414,36314,17825,18489,1147065000
2016,양천구,신정6동,8145,25918,12625,13293,1147067000
2016,양천구,신정7동,11392,31435,15394,16041,1147068000
2016,강서구,계,245045,602104,293734,308370,1150000000
2016,강서구,염창동,13978,41116,20243,20873,1150051000
2016,강서구,등촌1동,10940,23067,10925,12142,1150052000
2016,강서구,등촌2동,8212,22072,11002,11070,1150053000
2016,강서구,등촌3동,14701,34962,16778,18184,1150053500
2016,강서구,화곡본동,15552,36628,17911,18717,1150059000
2016,강서구,화곡1동,24515,54425,26881,27544,1150054000
2016,강서구,화곡2동,8155,20465,10005,10460,1150055000
2016,강서구,화곡3동,9025,23190,11245,11945,1150056000
2016,강서구,화곡4동,9843,23317,11488,11829,1150057000
2016,강서구,화곡6동,10747,25797,12688,13109,1150059100
2016,강서구,화곡8동,11135,27232,13234,13998,1150059300
2016,강서구,가양1동,12362,27547,13436,14111,1150060300
2016,강서구,가양2동,7965,16432,7856,8576,1150060400
2016,강서구,가양3동,7758,17289,8248,9041,1150060500
2016,강서구,발산1동,13446,39921,19053,20868,1150061100
2016,강서구,공항동,10898,24660,12679,11981,1150062000
2016,강서구,방화1동,16945,46284,22736,23548,1150063000
2016,강서구,방화2동,11338,25035,12369,12666,1150064000
2016,강서구,방화3동,11197,25779,12427,13352,1150064100
2016,강서구,우장산동,16333,46886,22530,24356,1150061500
2016,구로구,계,172220,449600,225411,224189,1153000000
2016,구로구,신도림동,13273,38202,18686,19516,1153051000
2016,구로구,구로1동,7802,22645,11235,11410,1153052000
2016,구로구,구로2동,13258,37072,19304,17768,1153053000
2016,구로구,구로3동,13775,28081,14202,13879,1153054000
2016,구로구,구로4동,11223,28651,14492,14159,1153055000
2016,구로구,구로5동,14220,35068,17379,17689,1153056000
2016,구로구,고척1동,9620,25371,12718,12653,1153072000
2016,구로구,고척2동,11683,30410,15201,15209,1153073000
2016,구로구,개봉1동,14090,35883,17984,17899,1153074000
2016,구로구,개봉2동,12856,34663,17042,17621,1153075000
2016,구로구,개봉3동,8473,22262,10987,11275,1153076000
2016,구로구,오류1동,9594,21943,10814,11129,1153077000
2016,구로구,오류2동,16501,45854,22455,23399,1153078000
2016,구로구,수궁동,9711,25920,12947,12973,1153079000
2016,구로구,가리봉동,6141,17575,9965,7610,1153059500
2016,금천구,계,104483,254654,130429,124225,1154500000
2016,금천구,가산동,11771,23488,13174,10314,1154551000
2016,금천구,독산1동,15948,36800,19395,17405,1154561000
2016,금천구,독산2동,9466,23077,11725,11352,1154562000
2016,금천구,독산3동,12115,31245,16021,15224,1154563000
2016,금천구,독산4동,7696,19158,9722,9436,1154564000
2016,금천구,시흥1동,15334,38320,19312,19008,1154567000
2016,금천구,시흥2동,8590,24154,11846,12308,1154568000
2016,금천구,시흥3동,4775,12255,6150,6105,1154569000
2016,금천구,시흥4동,9104,23271,11645,11626,1154570000
2016,금천구,시흥5동,9684,22886,11439,11447,1154571000
2016,영등포구,계,165729,406779,204712,202067,1156000000
2016,영등포구,여의도동,12531,34013,16130,17883,1156054000
2016,영등포구,당산1동,9733,21260,10547,10713,1156055000
2016,영등포구,당산2동,16551,36518,17320,19198,1156056000
2016,영등포구,양평1동,7832,17333,8638,8695,1156061000
2016,영등포구,양평2동,9209,22602,11311,11291,1156062000
2016,영등포구,신길1동,10061,21836,11151,10685,1156063000
2016,영등포구,신길3동,7148,18110,9150,8960,1156065000
2016,영등포구,신길4동,4652,11556,5866,5690,1156066000
2016,영등포구,신길5동,5659,15326,7766,7560,1156067000
2016,영등포구,신길6동,8574,21453,10718,10735,1156068000
2016,영등포구,신길7동,5011,13031,6539,6492,1156069000
2016,영등포구,대림1동,6511,17890,9195,8695,1156070000
2016,영등포구,대림2동,6633,23028,11915,11113,1156071000
2016,영등포구,대림3동,10792,30621,15665,14956,1156072000
2016,영등포구,영등포본동,10333,26350,13426,12924,1156051500
2016,영등포구,영등포동,12967,20933,11821,9112,1156053500
2016,영등포구,도림동,9364,23089,11723,11366,1156058500
2016,영등포구,문래동,12168,31830,15831,15999,1156060500
2016,동작구,계,172506,413247,201842,211405,1159000000
2016,동작구,노량진1동,14443,33400,16693,16707,1159051000
2016,동작구,노량진2동,7111,14949,7656,7293,1159052000
2016,동작구,상도1동,20774,48245,23600,24645,1159053000
2016,동작구,상도2동,11889,27817,13434,14383,1159054000
2016,동작구,상도3동,11006,26041,12685,13356,1159055000
2016,동작구,상도4동,12599,30501,15061,15440,1159056000
2016,동작구,사당1동,11681,23961,11507,12454,1159062000
2016,동작구,사당2동,12115,30105,14658,15447,1159063000
2016,동작구,사당3동,9754,24625,12029,12596,1159064000
2016,동작구,사당4동,6543,15043,7330,7713,1159065000
2016,동작구,사당5동,5667,13389,6546,6843,1159065100
2016,동작구,대방동,16137,40656,19520,21136,1159066000
2016,동작구,신대방1동,9860,27939,13724,14215,1159067000
2016,동작구,신대방2동,8783,21461,10469,10992,1159068000
2016,동작구,흑석동,14144,35115,16930,18185,1159060500
2016,관악구,계,251955,525607,265034,260573,1162000000
2016,관악구,남현동,8787,18981,9164,9817,1162063000
2016,관악구,보라매동,11444,26649,13166,13483,1162052500
2016,관악구,청림동,6644,16974,8341,8633,1162054500
2016,관악구,행운동,16034,30578,14974,15604,1162057500
2016,관악구,낙성대동,10381,18213,9224,8989,1162058500
2016,관악구,중앙동,8206,15368,7464,7904,1162061500
2016,관악구,인헌동,13542,28004,13855,14149,1162062500
2016,관악구,서원동,12596,23973,12266,11707,1162064500
2016,관악구,신원동,9657,20272,10115,10157,1162065500
2016,관악구,서림동,14063,25475,13952,11523,1162066500
2016,관악구,신사동,12079,26627,13483,13144,1162068500
2016,관악구,신림동,14798,21341,10779,10562,1162069500
2016,관악구,난향동,6409,17013,8451,8562,1162071500
2016,관악구,조원동,9701,20413,10504,9909,1162072500
2016,관악구,대학동,14793,24408,14445,9963,1162073500
2016,관악구,은천동,15021,36111,17817,18294,1162060500
2016,관악구,성현동,12867,34015,16644,17371,1162056500
2016,관악구,청룡동,16596,29582,14444,15138,1162059500
2016,관악구,난곡동,12869,30539,15447,15092,1162077500
2016,관악구,삼성동,11696,27467,13803,13664,1162074500
2016,관악구,미성동,13772,33604,16696,16908,1162076500
2016,서초구,계,173970,451477,216886,234591,1165000000
2016,서초구,서초1동,8954,21388,10379,11009,1165051000
2016,서초구,서초2동,8565,21239,10264,10975,1165052000
2016,서초구,서초3동,12163,30123,14815,15308,1165053000
2016,서초구,서초4동,9707,29019,14136,14883,1165053100
2016,서초구,잠원동,13804,35035,16682,18353,1165054000
2016,서초구,반포본동,4244,12961,6141,6820,1165055000
2016,서초구,반포1동,13501,30431,14567,15864,1165056000
2016,서초구,반포2동,7566,23491,11197,12294,1165057000
2016,서초구,반포3동,6622,19259,9157,10102,1165058000
2016,서초구,반포4동,7286,20561,9772,10789,1165058100
2016,서초구,방배본동,7878,21956,10254,11702,1165059000
2016,서초구,방배1동,7201,17202,8186,9016,1165060000
2016,서초구,방배2동,11044,27735,13290,14445,1165061000
2016,서초구,방배3동,9008,24055,11647,12408,1165062000
2016,서초구,방배4동,10343,26497,12224,14273,1165062100
2016,서초구,양재1동,18048,47744,22928,24816,1165065100
2016,서초구,양재2동,10873,23796,11916,11880,1165065200
2016,서초구,내곡동,7163,18985,9331,9654,1165066000
2016,강남구,계,234080,572140,274217,297923,1168000000
2016,강남구,신사동,7644,18349,8531,9818,1168051000
2016,강남구,논현1동,14246,24867,11519,13348,1168052100
2016,강남구,논현2동,11027,22639,10602,12037,1168053100
2016,강남구,삼성1동,5794,15357,7737,7620,1168058000
2016,강남구,삼성2동,13322,30999,14790,16209,1168059000
2016,강남구,대치1동,7237,24834,12427,12407,1168060000
2016,강남구,대치2동,13656,42068,21301,20767,1168061000
2016,강남구,대치4동,10026,21292,10072,11220,1168063000
2016,강남구,역삼1동,22275,36305,17463,18842,1168064000
2016,강남구,역삼2동,14955,37047,17475,19572,1168065000
2016,강남구,도곡1동,8490,23057,10953,12104,1168065500
2016,강남구,도곡2동,11970,34934,16271,18663,1168065600
2016,강남구,개포1동,8227,21162,10187,10975,1168066000
2016,강남구,개포2동,8319,21746,10483,11263,1168067000
2016,강남구,개포4동,7630,18550,9146,9404,1168069000
2016,강남구,일원본동,8319,25104,12340,12764,1168072000
2016,강남구,일원1동,7387,17275,8434,8841,1168073000
2016,강남구,일원2동,6550,16520,7969,8551,1168074000
2016,강남구,수서동,7733,16708,7653,9055,1168075000
2016,강남구,세곡동,16248,44344,21252,23092,1168070000
2016,강남구,압구정동,10788,28360,13129,15231,1168054500
2016,강남구,청담동,12237,30623,14483,16140,1168056500
2016,송파구,계,258382,664946,324087,340859,1171000000
2016,송파구,풍납1동,7316,18034,8864,9170,1171051000
2016,송파구,풍납2동,10314,25842,12392,13450,1171052000
2016,송파구,거여1동,5572,14774,7531,7243,1171053100
2016,송파구,거여2동,7891,19609,9733,9876,1171053200
2016,송파구,마천1동,9435,22912,11637,11275,1171054000
2016,송파구,마천2동,8501,21128,10743,10385,1171055000
2016,송파구,방이1동,5969,16358,8022,8336,1171056100
2016,송파구,방이2동,11820,25446,12391,13055,1171056200
2016,송파구,오륜동,6005,19714,9618,10096,1171056600
2016,송파구,오금동,13760,37069,18307,18762,1171057000
2016,송파구,송파1동,11953,26717,12754,13963,1171058000
2016,송파구,송파2동,7377,21974,10672,11302,1171059000
2016,송파구,석촌동,16281,35420,17178,18242,1171060000
2016,송파구,삼전동,15703,33851,16240,17611,1171061000
2016,송파구,가락본동,11217,28395,14212,14183,1171062000
2016,송파구,가락1동,382,918,466,452,1171063100
2016,송파구,가락2동,12066,35064,17216,17848,1171063200
2016,송파구,문정1동,8333,21660,10685,10975,1171064100
2016,송파구,문정2동,10709,24043,11523,12520,1171064200
2016,송파구,장지동,13296,35834,17457,18377,1171064600
2016,송파구,잠실본동,14270,30187,14408,15779,1171065000
2016,송파구,잠실2동,12109,36853,17548,19305,1171067000
2016,송파구,잠실3동,12567,37067,17804,19263,1171068000
2016,송파구,잠실4동,10379,30534,14781,15753,1171069000
2016,송파구,잠실6동,5947,17689,8417,9272,1171071000
2016,송파구,잠실7동,3499,10516,4911,5605,1171072000
2016,송파구,위례동,5711,17338,8577,8761,1171064700
2016,강동구,계,177460,448471,223081,225390,1174000000
2016,강동구,강일동,11438,34356,16758,17598,1174051500
2016,강동구,상일동,4670,12755,6380,6375,1174052000
2016,강동구,명일1동,8191,23036,11258,11778,1174053000
2016,강동구,명일2동,5967,18503,9270,9233,1174054000
2016,강동구,고덕1동,5512,16318,8298,8020,1174055000
2016,강동구,고덕2동,3776,8674,4617,4057,1174056000
2016,강동구,암사1동,15880,37988,18959,19029,1174057000
2016,강동구,암사2동,6023,15502,7620,7882,1174058000
2016,강동구,암사3동,6313,19293,9480,9813,1174059000
2016,강동구,천호1동,12605,29555,14689,14866,1174060000
2016,강동구,천호2동,16737,36126,18194,17932,1174061000
2016,강동구,천호3동,12088,25857,13042,12815,1174062000
2016,강동구,성내1동,7943,20992,10203,10789,1174064000
2016,강동구,성내2동,11911,25979,12908,13071,1174065000
2016,강동구,성내3동,10203,24628,12256,12372,1174066000
2016,강동구,둔촌1동,6339,18715,9589,9126,1174069000
2016,강동구,둔촌2동,10850,28760,14266,14494,1174070000
2016,강동구,길동,21014,51434,25294,26140,1174068500
2007,계,계,4046086,10421782,5174655,5247127,1100000000
2007,종로구,계,71968,173843,87001,86842,1111000000
2007,종로구,청운동,1670,4915,2518,2397,1111051000
2007,종로구,효자동,4835,12230,5903,6327,1111052000
2007,종로구,사직동,3746,8774,4165,4609,1111053000
2007,종로구,삼청동,1731,3985,1949,2036,1111054000
2007,종로구,부암동,4633,12107,6056,6051,1111055000
2007,종로구,평창동,6966,19701,9604,10097,1111056000
2007,종로구,무악동,2271,6230,2993,3237,1111057000
2007,종로구,교남동,4335,9256,4517,4739,1111058000
2007,종로구,가회동,2519,6122,2985,3137,1111060000
2007,종로구,종로1.2.3.4가동,4473,8659,4859,3800,1111061500
2007,종로구,종로5.6가동,3053,7013,3680,3333,1111063000
2007,종로구,이화동,4503,10625,5124,5501,1111064000
2007,종로구,혜화동,5488,12693,6180,6513,1111065000
2007,종로구,명륜3가동,3610,7143,3865,3278,1111066000
2007,종로구,창신1동,3438,8334,4295,4039,1111067000
2007,종로구,창신2동,4911,12254,6223,6031,1111068000
2007,종로구,창신3동,3171,8892,4493,4399,1111069000
2007,종로구,숭인1동,2714,6841,3390,3451,1111070000
2007,종로구,숭인2동,3901,8069,4202,3867,1111071000
2007,중구,계,57473,137435,68516,68919,1114000000
2007,중구,소공동,571,1710,917,793,1114052000
2007,중구,회현동,2605,5327,2908,2419,1114054000
2007,중구,명동,1314,3423,1599,1824,1114055000
2007,중구,필동,2293,5012,2615,2397,1114057000
2007,중구,장충동,2936,6267,3099,3168,1114058000
2007,중구,광희동,2634,5722,3023,2699,1114059000
2007,중구,을지로동,1174,1952,1146,806,1114060500
2007,중구,신당1동,3975,10071,5004,5067,1114061000
2007,중구,신당2동,6970,16884,8290,8594,1114062000
2007,중구,신당3동,8100,20079,9728,10351,1114063000
2007,중구,신당4동,6369,16442,8004,8438,1114064000
2007,중구,신당5동,4664,10759,5435,5324,1114065000
2007,중구,신당6동,4970,12874,6305,6569,1114066000
2007,중구,황학동,3298,7565,3897,3668,1114067000
2007,중구,중림동,5600,13348,6546,6802,1114068000
2007,용산구,계,104720,248362,122454,125908,1117000000
2007,용산구,후암동,8738,20605,10290,10315,1117051000
2007,용산구,용산2가동,5696,14022,7014,7008,1117052000
2007,용산구,남영동,4463,8014,4616,3398,1117053000
2007,용산구,청파1동,7075,16711,8405,8306,1117054000
2007,용산구,청파2동,3901,7576,3446,4130,1117055000
2007,용산구,원효로1동,2840,6404,3198,3206,1117056000
2007,용산구,원효로2동,6236,16439,7916,8523,1117057000
2007,용산구,효창동,4133,10592,5225,5367,1117058000
2007,용산구,용문동,4740,12831,6316,6515,1117059000
2007,용산구,한강로1동,3142,6932,3556,3376,1117060000
2007,용산구,한강로2동,2383,4566,2355,2211,1117061000
2007,용산구,한강로3동,3118,6963,3534,3429,1117062000
2007,용산구,이촌1동,9847,28813,13746,15067,1117063000
2007,용산구,이촌2동,4349,10360,4968,5392,1117064000
2007,용산구,이태원1동,4332,10319,5080,5239,1117065000
2007,용산구,이태원2동,5062,11599,5585,6014,1117066000
2007,용산구,한남1동,6463,15332,7612,7720,1117067000
2007,용산구,한남2동,4747,9330,4558,4772,1117068000
2007,용산구,서빙고동,4726,11742,5725,6017,1117069000
2007,용산구,보광동,8729,19212,9309,9903,1117070000
2007,성동구,계,135655,341620,171404,170216,1120000000
2007,성동구,왕십리1동,5791,14390,7290,7100,1120051000
2007,성동구,왕십리2동,7297,18792,9289,9503,1120052000
2007,성동구,도선동,4032,9859,4946,4913,1120053000
2007,성동구,마장동,9970,26460,13355,13105,1120054000
2007,성동구,사근동,5333,11845,6334,5511,1120055000
2007,성동구,행당1동,7759,18426,9114,9312,1120056000
2007,성동구,행당2동,9524,26884,13016,13868,1120057000
2007,성동구,응봉동,6491,17760,8533,9227,1120058000
2007,성동구,금호1가동,7129,18533,9107,9426,1120059000
2007,성동구,금호2가동,5051,12497,6194,6303,1120060000
2007,성동구,금호3가동,6533,16448,7957,8491,1120061000
2007,성동구,금호4가동,6748,16471,8166,8305,1120062000
2007,성동구,옥수1동,4872,11729,6029,5700,1120063000
2007,성동구,옥수2동,7103,17844,8542,9302,1120064000
2007,성동구,성수1가1동,7533,19559,10031,9528,1120065000
2007,성동구,성수1가2동,8265,19879,10101,9778,1120066000
2007,성동구,성수2가1동,8287,21114,11002,10112,1120067000
2007,성동구,성수2가3동,5183,12650,6497,6153,1120069000
2007,성동구,송정동,5348,12435,6569,5866,1120072000
2007,성동구,용답동,7406,18045,9332,8713,1120079000
2007,광진구,계,154017,386367,191521,194846,1121500000
2007,광진구,노유1동,5684,13454,6728,6726,1121584500
2007,광진구,노유2동,5791,14488,7386,7102,1121584600
2007,광진구,화양동,11942,23507,11607,11900,1121571000
2007,광진구,군자동,9559,21938,11036,10902,1121573000
2007,광진구,중곡1동,7323,17615,8748,8867,1121574000
2007,광진구,중곡2동,9011,23120,11348,11772,1121575000
2007,광진구,중곡3동,8336,20524,10224,10300,1121576000
2007,광진구,중곡4동,12024,32515,16216,16299,1121577000
2007,광진구,능동,4923,10935,5364,5571,1121578000
2007,광진구,구의1동,10693,24488,11878,12610,1121585000
2007,광진구,구의2동,10232,26883,13331,13552,1121586000
2007,광진구,구의3동,11472,30357,14818,15539,1121587000
2007,광진구,광장동,11959,35895,17595,18300,1121581000
2007,광진구,자양1동,10987,26055,12940,13115,1121582000
2007,광진구,자양2동,11361,29599,14852,14747,1121583000
2007,광진구,자양3동,12720,34994,17450,17544,1121584000
2007,동대문구,계,156777,385825,193949,191876,1123000000
2007,동대문구,신설동,4042,9661,4987,4674,1123051000
2007,동대문구,용두1동,4264,9201,4758,4443,1123052000
2007,동대문구,용두2동,4870,10796,5630,5166,1123053000
2007,동대문구,제기1동,6032,14437,7287,7150,1123054000
2007,동대문구,제기2동,7119,16382,8330,8052,1123055000
2007,동대문구,전농1동,6292,15355,7778,7577,1123056000
2007,동대문구,전농2동,3548,7083,3804,3279,1123057000
2007,동대문구,전농3동,7188,19777,9822,9955,1123058000
2007,동대문구,전농4동,5631,13444,6818,6626,1123059000
2007,동대문구,답십리1동,4562,11593,5783,5810,1123060000
2007,동대문구,답십리2동,5752,15786,7866,7920,1123061000
2007,동대문구,답십리3동,2087,5124,2580,2544,1123062000
2007,동대문구,답십리4동,5822,15565,7752,7813,1123063000
2007,동대문구,답십리5동,4494,10750,5447,5303,1123064000
2007,동대문구,장안1동,7808,19194,9742,9452,1123065000
2007,동대문구,장안2동,6362,17441,8853,8588,1123066000
2007,동대문구,장안3동,6304,17918,8944,8974,1123067000
2007,동대문구,장안4동,5863,14961,7518,7443,1123068000
2007,동대문구,청량리1동,5690,15132,7564,7568,1123069000
2007,동대문구,청량리2동,4860,10919,5492,5427,1123070000
2007,동대문구,회기동,5633,12493,6136,6357,1123071000
2007,동대문구,휘경1동,7967,18173,9049,9124,1123072000
2007,동대문구,휘경2동,10024,26000,12829,13171,1123073000
2007,동대문구,이문1동,6477,15134,7519,7615,1123074000
2007,동대문구,이문2동,9242,19519,9742,9777,1123075000
2007,동대문구,이문3동,8844,23987,11919,12068,1123076000
2007,중랑구,계,167665,431406,215356,216050,1126000000
2007,중랑구,면목1동,9102,23054,11291,11763,1126051000
2007,중랑구,면목2동,11565,28749,14485,14264,1126052000
2007,중랑구,면목3동,7476,17743,8860,8883,1126053000
2007,중랑구,면목4동,10066,24223,11750,12473,1126054000
2007,중랑구,면목5동,6028,15026,7669,7357,1126055000
2007,중랑구,면목6동,6240,15430,7727,7703,1126056000
2007,중랑구,면목7동,10521,27023,13510,13513,1126057000
2007,중랑구,면목8동,5005,13075,6559,6516,1126057100
2007,중랑구,상봉1동,9268,26731,13250,13481,1126058000
2007,중랑구,상봉2동,8546,18990,9566,9424,1126059000
2007,중랑구,중화1동,8107,22677,11305,11372,1126060000
2007,중랑구,중화2동,8331,18453,9496,8957,1126061000
2007,중랑구,중화3동,6042,14450,7294,7156,1126061100
2007,중랑구,묵1동,12498,35175,17365,17810,1126062000
2007,중랑구,묵2동,8074,20490,10352,10138,1126063000
2007,중랑구,망우1동,9254,23995,11971,12024,1126064000
2007,중랑구,망우2동,4159,9938,5033,4905,1126065000
2007,중랑구,망우3동,8100,20358,10226,10132,1126066000
2007,중랑구,신내1동,9944,29382,14628,14754,1126068000
2007,중랑구,신내2동,9339,26444,13019,13425,1126069000
2007,성북구,계,187024,477358,236767,240591,1129000000
2007,성북구,돈암1동,6531,17907,8696,9211,1129058000
2007,성북구,돈암2동,8629,24545,11994,12551,1129059000
2007,성북구,안암동,8528,18948,9691,9257,1129060000
2007,성북구,보문동,7494,17746,8834,8912,1129061000
2007,성북구,정릉1동,6677,18790,8946,9844,1129062000
2007,성북구,정릉2동,9164,24130,12093,12037,1129063000
2007,성북구,정릉3동,8048,19358,9675,9683,1129064000
2007,성북구,정릉4동,10156,26998,13431,13567,1129065000
2007,성북구,길음1동,10118,28659,13941,14718,1129066000
2007,성북구,길음2동,8790,20915,10256,10659,1129068500
2007,성북구,월곡1동,10094,27370,13649,13721,1129071500
2007,성북구,월곡2동,7985,21137,10543,10594,1129072500
2007,성북구,장위1동,10697,28157,14069,14088,1129076000
2007,성북구,장위2동,9731,24561,12416,12145,1129077000
2007,성북구,장위3동,7873,19124,9828,9296,1129078000
2007,성북구,성북동,8145,19927,9648,10279,1129052500
2007,성북구,삼선동,11529,27942,13699,14243,1129055500
2007,성북구,동선동,7269,15725,7324,8401,1129057500
2007,성북구,종암동,14486,37084,18743,18341,1129070500
2007,성북구,석관동,15080,38335,19291,19044,1129081000
2007,강북구,계,135415,348702,172942,175760,1130500000
2007,강북구,미아1동,5833,15987,7930,8057,1130553100
2007,강북구,미아2동,7108,17239,8707,8532,1130553200
2007,강북구,미아3동,10078,25084,12591,12493,1130553300
2007,강북구,미아4동,7158,18478,9057,9421,1130554000
2007,강북구,미아5동,7222,17555,8712,8843,1130555000
2007,강북구,미아6.7동,9160,26557,13218,13339,1130556500
2007,강북구,미아8동,6868,16684,8296,8388,1130558000
2007,강북구,미아9동,7010,18315,8969,9346,1130558100
2007,강북구,번1동,8448,20408,9994,10414,1130559500
2007,강북구,번2동,8149,21484,10679,10805,1130560300
2007,강북구,번3동,7749,22579,10975,11604,1130560800
2007,강북구,수유1동,9317,23810,12021,11789,1130561500
2007,강북구,수유2동,9037,23771,11754,12017,1130562500
2007,강북구,수유3동,10304,24292,11977,12315,1130563000
2007,강북구,수유4동,8577,21952,11027,10925,1130564000
2007,강북구,수유5동,7458,18651,9224,9427,1130565000
2007,강북구,수유6동,5939,15856,7811,8045,1130565100
2007,도봉구,계,138156,378559,187454,191105,1132000000
2007,도봉구,쌍문1동,8901,24068,11861,12207,1132066000
2007,도봉구,쌍문2동,8162,21706,10761,10945,1132067000
2007,도봉구,쌍문3동,7334,19012,9288,9724,1132068000
2007,도봉구,쌍문4동,7459,22305,10877,11428,1132068100
2007,도봉구,방학1동,11942,33617,16783,16834,1132069000
2007,도봉구,방학2동,9616,25042,12677,12365,1132070000
2007,도봉구,방학3동,6856,19912,9779,10133,1132071000
2007,도봉구,방학4동,4057,13403,6672,6731,1132072000
2007,도봉구,창1동,10984,30132,14752,15380,1132051100
2007,도봉구,창2동,12052,31983,15780,16203,1132051200
2007,도봉구,창3동,6484,16916,8513,8403,1132051300
2007,도봉구,창4동,11233,31587,15390,16197,1132051400
2007,도봉구,창5동,10294,28992,14270,14722,1132051500
2007,도봉구,도봉1동,10644,26609,13452,13157,1132052100
2007,도봉구,도봉2동,12138,33275,16599,16676,1132052200
2007,노원구,계,222109,621192,304732,316460,1135000000
2007,노원구,월계1동,6893,19446,9612,9834,1135056000
2007,노원구,월계2동,10531,28142,13717,14425,1135057000
2007,노원구,월계3동,9589,27676,13730,13946,1135058000
2007,노원구,월계4동,8770,20814,10443,10371,1135058100
2007,노원구,공릉1동,7758,19737,9842,9895,1135059500
2007,노원구,공릉2동,16388,47425,23539,23886,1135060000
2007,노원구,공릉3동,8392,22470,10894,11576,1135060100
2007,노원구,하계1동,11443,31922,15483,16439,1135061100
2007,노원구,하계2동,8883,26909,13134,13775,1135061200
2007,노원구,중계본동,10058,31451,15542,15909,1135061900
2007,노원구,중계1동,9908,31878,15696,16182,1135062100
2007,노원구,중계2동,6479,18870,9138,9732,1135062200
2007,노원구,중계3동,8978,24623,11628,12995,1135062300
2007,노원구,중계4동,8434,24462,11859,12603,1135062400
2007,노원구,상계1동,14248,41490,20557,20933,1135063000
2007,노원구,상계2동,8323,22872,11373,11499,1135064000
2007,노원구,상계3동,10212,26387,13163,13224,1135065000
2007,노원구,상계4동,6313,15937,8189,7748,1135066000
2007,노원구,상계5동,9222,25214,12425,12789,1135067000
2007,노원구,상계6동,7887,21648,10392,11256,1135068000
2007,노원구,상계7동,6829,16900,8000,8900,1135069000
2007,노원구,상계8동,9344,27674,13505,14169,1135070000
2007,노원구,상계9동,9181,25910,12715,13195,1135071000
2007,노원구,상계10동,8046,21335,10156,11179,1135072000
2007,은평구,계,181551,463473,229054,234419,1138000000
2007,은평구,녹번동,15292,36430,17823,18607,1138051000
2007,은평구,불광1동,10386,25940,12678,13262,1138052000
2007,은평구,불광2동,8554,20893,10351,10542,1138053000
2007,은평구,불광3동,9696,23622,11618,12004,1138054000
2007,은평구,갈현1동,10653,27584,13632,13952,1138055100
2007,은평구,갈현2동,10577,28082,13628,14454,1138055200
2007,은평구,구산동,11220,33153,17158,15995,1138056000
2007,은평구,대조동,13050,31807,15350,16457,1138057000
2007,은평구,응암1동,13390,33404,16387,17017,1138058000
2007,은평구,응암2동,7806,18606,9233,9373,1138059000
2007,은평구,응암3동,8385,20483,10200,10283,1138060000
2007,은평구,응암4동,7149,17712,8810,8902,1138068000
2007,은평구,역촌1동,9748,25109,12182,12927,1138061000
2007,은평구,역촌2동,8140,21869,10613,11256,1138062000
2007,은평구,신사1동,10300,28105,13829,14276,1138063100
2007,은평구,신사2동,9219,24524,12488,12036,1138063200
2007,은평구,증산동,8442,21988,11003,10985,1138064000
2007,은평구,수색동,8393,21394,10619,10775,1138065000
2007,은평구,진관동,1151,2768,1452,1316,1138069000
2007,서대문구,계,144016,357174,174544,182630,1141000000
2007,서대문구,충정로동,4147,8836,4444,4392,1141051000
2007,서대문구,천연동,8061,19724,9664,10060,1141052000
2007,서대문구,북아현1동,4651,10218,4947,5271,1141054000
2007,서대문구,북아현2동,4191,9981,4743,5238,1141055000
2007,서대문구,북아현3동,6029,14481,7108,7373,1141056000
2007,서대문구,대신동,3878,8716,3749,4967,1141057000
2007,서대문구,창천동,6303,12519,6012,6507,1141058000
2007,서대문구,연희1동,6031,15829,7767,8062,1141059000
2007,서대문구,연희2동,4451,11269,5502,5767,1141060000
2007,서대문구,연희3동,7695,16997,8268,8729,1141061000
2007,서대문구,홍제1동,6211,16199,7768,8431,1141062000
2007,서대문구,홍제2동,5199,13119,6387,6732,1141065500
2007,서대문구,홍제3동,8211,20970,10258,10712,1141064000
2007,서대문구,홍제4동,6025,16497,7993,8504,1141065000
2007,서대문구,홍은1동,3821,10981,5346,5635,1141066000
2007,서대문구,홍은2동,7297,18845,9412,9433,1141068500
2007,서대문구,홍은3동,11189,29277,14374,14903,1141068000
2007,서대문구,남가좌1동,7652,17953,8830,9123,1141069000
2007,서대문구,남가좌2동,12288,31104,15343,15761,1141070000
2007,서대문구,북가좌1동,7978,20239,10057,10182,1141071000
2007,서대문구,북가좌2동,12708,33420,16572,16848,1141072000
2007,마포구,계,167901,400392,196196,204196,1144000000
2007,마포구,아현1동,6063,13890,6935,6955,1144051000
2007,마포구,아현2동,8066,17739,8776,8963,1144052000
2007,마포구,공덕1동,5685,13706,6692,7014,1144054000
2007,마포구,공덕2동,5663,13432,6579,6853,1144055000
2007,마포구,신공덕동,4492,11001,5393,5608,1144056000
2007,마포구,용강동,9073,22312,10852,11460,1144059000
2007,마포구,대흥동,8959,17175,8356,8819,1144060000
2007,마포구,염리동,8321,19508,9531,9977,1144061000
2007,마포구,신수동,9251,22496,11238,11258,1144063000
2007,마포구,서교동,8954,18199,8656,9543,1144066000
2007,마포구,동교동,6904,12646,5843,6803,1144067000
2007,마포구,합정동,9197,22011,10853,11158,1144068000
2007,마포구,망원1동,9808,24826,12290,12536,1144069000
2007,마포구,망원2동,8212,21497,10614,10883,1144070000
2007,마포구,연남동,8743,20792,10226,10566,1144071000
2007,마포구,성산1동,8083,20304,10024,10280,1144072000
2007,마포구,성산2동,15485,41376,20234,21142,1144073000
2007,마포구,상암동,6970,19170,9710,9460,1144074000
2007,마포구,도화동,9080,23870,11567,12303,1144058500
2007,마포구,서강동,10892,24442,11827,12615,1144065500
2007,양천구,계,181977,508566,253616,254950,1147000000
2007,양천구,목1동,10296,32082,15751,16331,1147051000
2007,양천구,목2동,11762,31703,15810,15893,1147052000
2007,양천구,목3동,9252,23598,11711,11887,1147053000
2007,양천구,목4동,10448,29295,14744,14551,1147054000
2007,양천구,목5동,7016,22302,11067,11235,1147055000
2007,양천구,목6동,7968,25708,12717,12991,1147055100
2007,양천구,신월1동,9977,25693,13032,12661,1147056000
2007,양천구,신월2동,9018,24385,12265,12120,1147057000
2007,양천구,신월3동,7727,18503,9492,9011,1147058000
2007,양천구,신월4동,6499,18621,9390,9231,1147059000
2007,양천구,신월5동,5701,15095,7499,7596,1147060000
2007,양천구,신월6동,6093,15699,7957,7742,1147061000
2007,양천구,신월7동,9427,26610,13374,13236,1147061100
2007,양천구,신정1동,8683,26324,13011,13313,1147062000
2007,양천구,신정2동,7517,23315,11603,11712,1147063000
2007,양천구,신정3동,19112,50771,25208,25563,1147064000
2007,양천구,신정4동,7210,17871,8921,8950,1147065000
2007,양천구,신정5동,7641,18729,9324,9405,1147066000
2007,양천구,신정6동,8942,28203,13895,14308,1147067000
2007,양천구,신정7동,11688,34059,16845,17214,1147068000
2007,강서구,계,213893,566495,279974,286521,1150000000
2007,강서구,염창동,14023,41682,20774,20908,1150051000
2007,강서구,등촌1동,8094,21480,10664,10816,1150052000
2007,강서구,등촌2동,8193,22928,11551,11377,1150053000
2007,강서구,등촌3동,14744,39425,18870,20555,1150053500
2007,강서구,화곡본동,14192,35765,17638,18127,1150059000
2007,강서구,화곡1동,8874,22922,11326,11596,1150054000
2007,강서구,화곡2동,7776,20771,10290,10481,1150055000
2007,강서구,화곡3동,8700,24308,11953,12355,1150056000
2007,강서구,화곡4동,9157,23066,11544,11522,1150057000
2007,강서구,화곡5동,7225,18598,9235,9363,1150058000
2007,강서구,화곡6동,9516,24749,12154,12595,1150059100
2007,강서구,화곡7동,11131,29048,14412,14636,1150059200
2007,강서구,화곡8동,10613,27670,13666,14004,1150059300
2007,강서구,가양1동,7746,22427,11432,10995,1150060300
2007,강서구,가양2동,7878,19359,9366,9993,1150060400
2007,강서구,가양3동,7812,20398,9890,10508,1150060500
2007,강서구,발산1동,7523,21870,10611,11259,1150061100
2007,강서구,발산2동,6535,19437,9464,9973,1150061200
2007,강서구,공항동,9856,23254,12031,11223,1150062000
2007,강서구,방화1동,11773,31361,15735,15626,1150063000
2007,강서구,방화2동,10887,27034,13343,13691,1150064000
2007,강서구,방화3동,11645,28943,14025,14918,1150064100
2007,구로구,계,163310,445095,225414,219681,1153000000
2007,구로구,신도림동,12376,36054,18019,18035,1153051000
2007,구로구,구로1동,7940,26786,13454,13332,1153052000
2007,구로구,구로2동,7547,18504,9559,8945,1153053000
2007,구로구,구로3동,10987,26407,13351,13056,1153054000
2007,구로구,구로4동,6013,14980,7533,7447,1153055000
2007,구로구,구로5동,12527,34756,17597,17159,1153056000
2007,구로구,구로6동,5458,15850,7925,7925,1153057000
2007,구로구,구로본동,7866,20850,10631,10219,1153056500
2007,구로구,가리봉1동,5926,15484,8436,7048,1153058000
2007,구로구,가리봉2동,2637,7311,3859,3452,1153059000
2007,구로구,고척1동,9477,26558,13432,13126,1153072000
2007,구로구,고척2동,10909,29134,14875,14259,1153073000
2007,구로구,개봉1동,6655,17879,9061,8818,1153074000
2007,구로구,개봉2동,12854,36430,18067,18363,1153075000
2007,구로구,개봉3동,8429,22944,11459,11485,1153076000
2007,구로구,개봉본동,8000,20948,10567,10381,1153076500
2007,구로구,오류1동,7934,21314,10677,10637,1153077000
2007,구로구,오류2동,11539,30602,15597,15005,1153078000
2007,구로구,수궁동,8236,22304,11315,10989,1153079000
2007,금천구,계,99299,264323,135135,129188,1154500000
2007,금천구,가산동,8896,23895,13166,10729,1154551000
2007,금천구,독산1동,12080,34605,17796,16809,1154561000
2007,금천구,독산2동,10051,25129,12783,12346,1154562000
2007,금천구,독산3동,6477,16495,8286,8209,1154563000
2007,금천구,독산4동,8329,20790,10663,10127,1154564000
2007,금천구,독산본동,6057,16155,8214,7941,1154565000
2007,금천구,시흥1동,4756,12423,6330,6093,1154567000
2007,금천구,시흥2동,8758,26202,13078,13124,1154568000
2007,금천구,시흥3동,5006,13628,6921,6707,1154569000
2007,금천구,시흥4동,10708,28302,14271,14031,1154570000
2007,금천구,시흥5동,9334,24184,12249,11935,1154571000
2007,금천구,시흥본동,8847,22515,11378,11137,1154566000
2007,영등포구,계,166087,439151,222241,216910,1156000000
2007,영등포구,영등포1동,6273,16882,8544,8338,1156051000
2007,영등포구,영등포2동,3981,6604,4083,2521,1156052000
2007,영등포구,영등포3동,5055,12222,6237,5985,1156053000
2007,영등포구,여의도동,11699,32591,15896,16695,1156054000
2007,영등포구,당산1동,8769,21138,10665,10473,1156055000
2007,영등포구,당산2동,12614,33694,16696,16998,1156056000
2007,영등포구,도림1동,3552,9775,4996,4779,1156057000
2007,영등포구,도림2동,6228,15007,7680,7327,1156058000
2007,영등포구,문래1동,5724,15776,7892,7884,1156059000
2007,영등포구,문래2동,5568,15430,7769,7661,1156060000
2007,영등포구,양평1동,6807,17007,8679,8328,1156061000
2007,영등포구,양평2동,7958,21928,11203,10725,1156062000
2007,영등포구,신길1동,9639,25503,12901,12602,1156063000
2007,영등포구,신길2동,4759,11588,5884,5704,1156064000
2007,영등포구,신길3동,8341,21360,10729,10631,1156065000
2007,영등포구,신길4동,5830,14856,7539,7317,1156066000
2007,영등포구,신길5동,7465,22225,11358,10867,1156067000
2007,영등포구,신길6동,9720,26096,13011,13085,1156068000
2007,영등포구,신길7동,7539,20464,10261,10203,1156069000
2007,영등포구,대림1동,7826,20139,10157,9982,1156070000
2007,영등포구,대림2동,8581,25802,13244,12558,1156071000
2007,영등포구,대림3동,12159,33064,16817,16247,1156072000
2007,동작구,계,163600,414839,205115,209724,1159000000
2007,동작구,노량진1동,8711,22035,11077,10958,1159051000
2007,동작구,노량진2동,8065,18131,9034,9097,1159052000
2007,동작구,상도1동,8695,21598,10529,11069,1159053000
2007,동작구,상도2동,9509,23290,11518,11772,1159054000
2007,동작구,상도3동,9520,24427,12079,12348,1159055000
2007,동작구,상도4동,11761,30533,15232,15301,1159056000
2007,동작구,상도5동,7371,18218,9108,9110,1159056100
2007,동작구,본동,5736,14120,7028,7092,1159057000
2007,동작구,흑석1동,7411,16522,8368,8154,1159058000
2007,동작구,흑석2동,4421,11128,5413,5715,1159059000
2007,동작구,흑석3동,4295,9911,4860,5051,1159060000
2007,동작구,동작동,7797,20108,9911,10197,1159061000
2007,동작구,사당1동,10303,23611,11485,12126,1159062000
2007,동작구,사당2동,4999,12788,6199,6589,1159063000
2007,동작구,사당3동,10647,28328,14095,14233,1159064000
2007,동작구,사당4동,5744,14036,6895,7141,1159065000
2007,동작구,사당5동,6220,15919,7945,7974,1159065100
2007,동작구,대방동,14511,39697,19516,20181,1159066000
2007,동작구,신대방1동,9974,29324,14501,14823,1159067000
2007,동작구,신대방2동,7910,21115,10322,10793,1159068000
2007,관악구,계,236544,550766,279947,270819,1162000000
2007,관악구,봉천본동,7103,19579,9704,9875,1162051000
2007,관악구,봉천1동,11112,27346,13749,13597,1162052000
2007,관악구,봉천2동,5265,14253,7100,7153,1162053000
2007,관악구,봉천3동,6844,17922,8866,9056,1162054000
2007,관악구,봉천4동,9980,18397,9356,9041,1162055000
2007,관악구,봉천5동,7684,21702,10791,10911,1162056000
2007,관악구,봉천6동,14208,30598,15342,15256,1162057000
2007,관악구,봉천7동,9343,18198,9380,8818,1162058000
2007,관악구,봉천8동,7123,17172,8664,8508,1162059000
2007,관악구,봉천9동,7513,20372,10235,10137,1162060000
2007,관악구,봉천10동,6803,14833,7464,7369,1162061000
2007,관악구,봉천11동,12779,29095,14521,14574,1162062000
2007,관악구,남현동,7934,18185,8980,9205,1162063000
2007,관악구,신림본동,11843,27340,13756,13584,1162064000
2007,관악구,신림1동,9348,21628,10666,10962,1162065000
2007,관악구,신림2동,12741,25120,13752,11368,1162066000
2007,관악구,신림3동,7038,18103,9215,8888,1162067000
2007,관악구,신림4동,11755,28141,14056,14085,1162068000
2007,관악구,신림5동,9812,17153,8518,8635,1162069000
2007,관악구,신림6동,4795,10905,5659,5246,1162070000
2007,관악구,신림7동,6641,17960,8990,8970,1162071000
2007,관악구,신림8동,8364,20488,10393,10095,1162072000
2007,관악구,신림9동,12991,23202,13727,9475,1162073000
2007,관악구,신림10동,7883,21465,10825,10640,1162074000
2007,관악구,신림11동,6007,15505,7802,7703,1162075000
2007,관악구,신림12동,7524,20641,10490,10151,1162076000
2007,관악구,신림13동,6111,15463,7946,7517,1162077000
2007,서초구,계,158880,411951,200378,211573,1165000000
2007,서초구,서초1동,8539,21762,10617,11145,1165051000
2007,서초구,서초2동,8755,23345,11457,11888,1165052000
2007,서초구,서초3동,11986,30979,15572,15407,1165053000
2007,서초구,서초4동,9710,28273,13794,14479,1165053100
2007,서초구,잠원동,15190,37795,18107,19688,1165054000
2007,서초구,반포본동,4558,14340,6763,7577,1165055000
2007,서초구,반포1동,9454,18670,8896,9774,1165056000
2007,서초구,반포2동,4495,13236,6398,6838,1165057000
2007,서초구,반포3동,8519,24024,11518,12506,1165058000
2007,서초구,반포4동,7595,21013,10169,10844,1165058100
2007,서초구,방배본동,7542,21117,10012,11105,1165059000
2007,서초구,방배1동,6735,16884,8136,8748,1165060000
2007,서초구,방배2동,12064,30685,14889,15796,1165061000
2007,서초구,방배3동,9410,25984,12793,13191,1165062000
2007,서초구,방배4동,9999,25758,12212,13546,1165062100
2007,서초구,양재1동,11308,27783,13563,14220,1165065100
2007,서초구,양재2동,10337,23365,11764,11601,1165065200
2007,서초구,내곡동,2684,6938,3718,3220,1165066000
2007,강남구,계,226149,569176,275010,294166,1168000000
2007,강남구,신사동,8539,21774,10199,11575,1168051000
2007,강남구,논현1동,14803,28257,13156,15101,1168052100
2007,강남구,논현2동,11340,23982,11432,12550,1168053100
2007,강남구,압구정1동,6403,17499,8344,9155,1168054000
2007,강남구,압구정2동,4899,12171,5681,6490,1168055000
2007,강남구,청담1동,6626,18799,9186,9613,1168056000
2007,강남구,청담2동,5483,12814,6138,6676,1168057000
2007,강남구,삼성1동,5915,16210,8303,7907,1168058000
2007,강남구,삼성2동,11244,25770,12462,13308,1168059000
2007,강남구,대치1동,7741,26518,13103,13415,1168060000
2007,강남구,대치2동,8294,27025,13638,13387,1168061000
2007,강남구,대치3동,6381,17959,9152,8807,1168062000
2007,강남구,대치4동,10567,21892,10297,11595,1168063000
2007,강남구,역삼1동,20463,37097,17730,19367,1168064000
2007,강남구,역삼2동,13357,32323,15261,17062,1168065000
2007,강남구,도곡1동,8369,23439,11417,12022,1168065500
2007,강남구,도곡2동,12283,34597,16585,18012,1168065600
2007,강남구,개포1동,8114,22763,11008,11755,1168066000
2007,강남구,개포2동,7784,19691,9447,10244,1168067000
2007,강남구,개포3동,5467,17232,8330,8902,1168068000
2007,강남구,개포4동,9745,24513,12084,12429,1168069000
2007,강남구,일원본동,7691,23593,11555,12038,1168072000
2007,강남구,일원1동,7718,19792,9776,10016,1168073000
2007,강남구,일원2동,7264,20072,9744,10328,1168074000
2007,강남구,수서동,7623,18079,8241,9838,1168075000
2007,강남구,세곡동,2036,5315,2741,2574,1168070000
2007,송파구,계,237517,630691,310809,319882,1171000000
2007,송파구,풍납1동,8337,21601,10699,10902,1171051000
2007,송파구,풍납2동,11452,30223,14727,15496,1171052000
2007,송파구,거여1동,5969,16729,8438,8291,1171053100
2007,송파구,거여2동,11879,31211,15807,15404,1171053200
2007,송파구,마천1동,8123,20337,10321,10016,1171054000
2007,송파구,마천2동,8769,23935,12170,11765,1171055000
2007,송파구,방이1동,6357,18449,9132,9317,1171056100
2007,송파구,방이2동,11135,26138,12866,13272,1171056200
2007,송파구,오륜동,6446,21541,10496,11045,1171056600
2007,송파구,오금동,14543,40059,19971,20088,1171057000
2007,송파구,송파1동,11707,28621,13922,14699,1171058000
2007,송파구,송파2동,7804,23434,11529,11905,1171059000
2007,송파구,석촌동,15877,36922,18174,18748,1171060000
2007,송파구,삼전동,15589,36003,17455,18548,1171061000
2007,송파구,가락본동,11501,30819,15464,15355,1171062000
2007,송파구,가락1동,7806,19824,9745,10079,1171063100
2007,송파구,가락2동,12148,35236,17546,17690,1171063200
2007,송파구,문정1동,8418,23731,11638,12093,1171064100
2007,송파구,문정2동,5696,17162,8425,8737,1171064200
2007,송파구,장지동,8677,22869,11404,11465,1171064600
2007,송파구,잠실본동,14469,32924,15610,17314,1171065000
2007,송파구,잠실1동,,7,3,4,1171066000
2007,송파구,잠실2동,,1,1,,1171067000
2007,송파구,잠실3동,7424,21157,10242,10915,1171068000
2007,송파구,잠실4동,3217,9246,4488,4758,1171069000
2007,송파구,잠실5동,4730,14183,6908,7275,1171070000
2007,송파구,잠실6동,5920,17302,8412,8890,1171071000
2007,송파구,잠실7동,3524,11027,5216,5811,1171072000
2007,강동구,계,174383,469021,235126,233895,1174000000
2007,강동구,강일동,245,520,285,235,1174051500
2007,강동구,상일동,10157,30384,15282,15102,1174052000
2007,강동구,명일1동,10140,29975,14805,15170,1174053000
2007,강동구,명일2동,6103,19599,9837,9762,1174054000
2007,강동구,고덕1동,7345,21678,10947,10731,1174055000
2007,강동구,고덕2동,7360,20498,10503,9995,1174056000
2007,강동구,암사1동,9749,24179,12076,12103,1174057000
2007,강동구,암사2동,5963,16506,8170,8336,1174058000
2007,강동구,암사3동,2838,8476,4270,4206,1174059000
2007,강동구,암사4동,5875,15744,7879,7865,1174059100
2007,강동구,천호1동,12896,34032,17059,16973,1174060000
2007,강동구,천호2동,7169,16793,8434,8359,1174061000
2007,강동구,천호3동,13118,29903,15069,14834,1174062000
2007,강동구,천호4동,9254,22439,11302,11137,1174063000
2007,강동구,성내1동,7893,21806,10894,10912,1174064000
2007,강동구,성내2동,11804,28137,13990,14147,1174065000
2007,강동구,성내3동,9865,25310,12653,12657,1174066000
2007,강동구,길1동,9722,25251,12577,12674,1174067000
2007,강동구,길2동,10039,27898,13823,14075,1174068000
2007,강동구,둔촌1동,6867,21760,11303,10457,1174069000
2007,강동구,둔촌2동,9981,28133,13968,14165,1174070000
2006,계,계,3978938,10356202,5145481,5210721,1100000000
2006,종로구,계,70925,172690,86375,86315,1111000000
2006,종로구,청운동,1720,5012,2569,2443,1111051000
2006,종로구,효자동,4737,12188,5881,6307,1111052000
2006,종로구,사직동,3663,8530,4069,4461,1111053000
2006,종로구,삼청동,1797,4226,2081,2145,1111054000
2006,종로구,부암동,4501,11938,6051,5887,1111055000
2006,종로구,평창동,6922,20022,9710,10312,1111056000
2006,종로구,무악동,2263,6264,3026,3238,1111057000
2006,종로구,교남동,4477,9584,4648,4936,1111058000
2006,종로구,가회동,2567,6335,3081,3254,1111060000
2006,종로구,종로1.2.3.4가동,4015,7628,4231,3397,1111061500
2006,종로구,종로5.6가동,3024,7146,3765,3381,1111063000
2006,종로구,이화동,4525,10628,5191,5437,1111064000
2006,종로구,혜화동,5389,12426,6025,6401,1111065000
2006,종로구,명륜3가동,3544,7083,3840,3243,1111066000
2006,종로구,창신1동,3270,7790,3992,3798,1111067000
2006,종로구,창신2동,4742,12085,6125,5960,1111068000
2006,종로구,창신3동,3137,8870,4485,4385,1111069000
2006,종로구,숭인1동,2762,6828,3397,3431,1111070000
2006,종로구,숭인2동,3870,8107,4208,3899,1111071000
2006,중구,계,56642,136348,67950,68398,1114000000
2006,중구,소공동,437,1320,729,591,1114052000
2006,중구,회현동,2548,5342,2879,2463,1114054000
2006,중구,명동,1379,3456,1584,1872,1114055000
2006,중구,필동,2249,4992,2607,2385,1114057000
2006,중구,장충동,2952,6224,3061,3163,1114058000
2006,중구,광희동,2578,5512,2883,2629,1114059000
2006,중구,을지로동,1076,1893,1073,820,1114060500
2006,중구,신당1동,3991,9613,4761,4852,1114061000
2006,중구,신당2동,6906,17044,8400,8644,1114062000
2006,중구,신당3동,7975,19997,9732,10265,1114063000
2006,중구,신당4동,6217,16493,8024,8469,1114064000
2006,중구,신당5동,4668,10866,5451,5415,1114065000
2006,중구,신당6동,4792,12709,6236,6473,1114066000
2006,중구,황학동,3319,7574,3898,3676,1114067000
2006,중구,중림동,5555,13313,6632,6681,1114068000
2006,용산구,계,101479,243033,119739,123294,1117000000
2006,용산구,후암동,8241,19716,9865,9851,1117051000
2006,용산구,용산2가동,5607,14087,7031,7056,1117052000
2006,용산구,남영동,4335,7753,4426,3327,1117053000
2006,용산구,청파1동,6742,16649,8342,8307,1117054000
2006,용산구,청파2동,3814,7578,3418,4160,1117055000
2006,용산구,원효로1동,2865,6412,3198,3214,1117056000
2006,용산구,원효로2동,6189,16378,7910,8468,1117057000
2006,용산구,효창동,4143,10651,5290,5361,1117058000
2006,용산구,용문동,4852,13196,6548,6648,1117059000
2006,용산구,한강로1동,2819,6002,3059,2943,1117060000
2006,용산구,한강로2동,2223,4204,2152,2052,1117061000
2006,용산구,한강로3동,2737,6117,3153,2964,1117062000
2006,용산구,이촌1동,9834,28710,13701,15009,1117063000
2006,용산구,이촌2동,4011,9827,4758,5069,1117064000
2006,용산구,이태원1동,4171,9869,4794,5075,1117065000
2006,용산구,이태원2동,4899,11499,5565,5934,1117066000
2006,용산구,한남1동,6261,14719,7341,7378,1117067000
2006,용산구,한남2동,4594,9126,4460,4666,1117068000
2006,용산구,서빙고동,4557,11490,5588,5902,1117069000
2006,용산구,보광동,8585,19050,9140,9910,1117070000
2006,성동구,계,133864,340895,170965,169930,1120000000
2006,성동구,왕십리1동,5865,14549,7357,7192,1120051000
2006,성동구,왕십리2동,7188,18881,9386,9495,1120052000
2006,성동구,도선동,3955,9699,4829,4870,1120053000
2006,성동구,마장동,9691,26174,13206,12968,1120054000
2006,성동구,사근동,5250,11648,6217,5431,1120055000
2006,성동구,행당1동,7636,18323,9131,9192,1120056000
2006,성동구,행당2동,9855,27844,13495,14349,1120057000
2006,성동구,응봉동,6481,17898,8671,9227,1120058000
2006,성동구,금호1가동,7038,18569,9147,9422,1120059000
2006,성동구,금호2가동,5038,12533,6179,6354,1120060000
2006,성동구,금호3가동,6544,16560,8017,8543,1120061000
2006,성동구,금호4가동,5724,14327,7062,7265,1120062000
2006,성동구,옥수1동,4908,11800,6015,5785,1120063000
2006,성동구,옥수2동,7091,18057,8660,9397,1120064000
2006,성동구,성수1가1동,7557,19633,10141,9492,1120065000
2006,성동구,성수1가2동,8230,20026,10234,9792,1120066000
2006,성동구,성수2가1동,8006,21011,10920,10091,1120067000
2006,성동구,성수2가3동,5293,13013,6651,6362,1120069000
2006,성동구,송정동,5325,12605,6613,5992,1120072000
2006,성동구,용답동,7189,17745,9034,8711,1120079000
2006,광진구,계,150736,381540,189517,192023,1121500000
2006,광진구,노유1동,5564,12788,6395,6393,1121584500
2006,광진구,노유2동,5487,13708,7047,6661,1121584600
2006,광진구,화양동,11804,23345,11536,11809,1121571000
2006,광진구,군자동,9461,21995,11084,10911,1121573000
2006,광진구,중곡1동,7172,17503,8744,8759,1121574000
2006,광진구,중곡2동,8855,23307,11503,11804,1121575000
2006,광진구,중곡3동,8166,20560,10293,10267,1121576000
2006,광진구,중곡4동,11963,32972,16373,16599,1121577000
2006,광진구,능동,4832,10925,5343,5582,1121578000
2006,광진구,구의1동,10568,24285,11760,12525,1121585000
2006,광진구,구의2동,10177,26916,13435,13481,1121586000
2006,광진구,구의3동,11304,30325,14834,15491,1121587000
2006,광진구,광장동,11802,35511,17475,18036,1121581000
2006,광진구,자양1동,10891,25876,12806,13070,1121582000
2006,광진구,자양2동,11240,29771,14972,14799,1121583000
2006,광진구,자양3동,11450,31753,15917,15836,1121584000
2006,동대문구,계,155667,385712,193873,191839,1123000000
2006,동대문구,신설동,3821,9145,4737,4408,1123051000
2006,동대문구,용두1동,5329,11331,5887,5444,1123052000
2006,동대문구,용두2동,4941,10887,5686,5201,1123053000
2006,동대문구,제기1동,6020,14454,7266,7188,1123054000
2006,동대문구,제기2동,7233,16668,8530,8138,1123055000
2006,동대문구,전농1동,6231,15242,7690,7552,1123056000
2006,동대문구,전농2동,3412,7016,3729,3287,1123057000
2006,동대문구,전농3동,7729,21671,10735,10936,1123058000
2006,동대문구,전농4동,5529,13425,6775,6650,1123059000
2006,동대문구,답십리1동,4480,11341,5672,5669,1123060000
2006,동대문구,답십리2동,5709,15914,7979,7935,1123061000
2006,동대문구,답십리3동,2480,6389,3206,3183,1123062000
2006,동대문구,답십리4동,5716,15705,7820,7885,1123063000
2006,동대문구,답십리5동,4438,10645,5388,5257,1123064000
2006,동대문구,장안1동,7789,19132,9726,9406,1123065000
2006,동대문구,장안2동,5517,15125,7672,7453,1123066000
2006,동대문구,장안3동,6116,17519,8782,8737,1123067000
2006,동대문구,장안4동,5835,15146,7695,7451,1123068000
2006,동대문구,청량리1동,5755,15319,7639,7680,1123069000
2006,동대문구,청량리2동,4740,10831,5449,5382,1123070000
2006,동대문구,회기동,5584,12456,6075,6381,1123071000
2006,동대문구,휘경1동,7763,17656,8798,8858,1123072000
2006,동대문구,휘경2동,9470,24932,12285,12647,1123073000
2006,동대문구,이문1동,6363,14568,7193,7375,1123074000
2006,동대문구,이문2동,9102,19619,9774,9845,1123075000
2006,동대문구,이문3동,8565,23576,11685,11891,1123076000
2006,중랑구,계,163509,429404,214111,215293,1126000000
2006,중랑구,면목1동,8664,22142,10862,11280,1126051000
2006,중랑구,면목2동,11397,29204,14634,14570,1126052000
2006,중랑구,면목3동,7256,17692,8811,8881,1126053000
2006,중랑구,면목4동,9755,23827,11560,12267,1126054000
2006,중랑구,면목5동,5885,15070,7663,7407,1126055000
2006,중랑구,면목6동,6078,15499,7750,7749,1126056000
2006,중랑구,면목7동,10308,27131,13589,13542,1126057000
2006,중랑구,면목8동,4907,13093,6594,6499,1126057100
2006,중랑구,상봉1동,9087,26519,13105,13414,1126058000
2006,중랑구,상봉2동,8266,18809,9453,9356,1126059000
2006,중랑구,중화1동,7976,22426,11192,11234,1126060000
2006,중랑구,중화2동,7900,18113,9289,8824,1126061000
2006,중랑구,중화3동,5878,14460,7276,7184,1126061100
2006,중랑구,묵1동,12257,35146,17350,17796,1126062000
2006,중랑구,묵2동,8089,20786,10445,10341,1126063000
2006,중랑구,망우1동,8975,23585,11816,11769,1126064000
2006,중랑구,망우2동,4040,9915,4976,4939,1126065000
2006,중랑구,망우3동,7830,20317,10160,10157,1126066000
2006,중랑구,신내1동,9611,28864,14419,14445,1126068000
2006,중랑구,신내2동,9350,26806,13167,13639,1126069000
2006,성북구,계,185805,478511,237494,241017,1129000000
2006,성북구,성북1동,3192,8197,3980,4217,1129051000
2006,성북구,성북2동,3101,7667,3767,3900,1129052000
2006,성북구,동소문동,4232,11689,5636,6053,1129053000
2006,성북구,삼선1동,4965,11634,5754,5880,1129054000
2006,성북구,삼선2동,5475,13537,6628,6909,1129055000
2006,성북구,동선1동,3621,7240,3230,4010,1129056000
2006,성북구,동선2동,3642,8630,4113,4517,1129057000
2006,성북구,돈암1동,6451,17913,8723,9190,1129058000
2006,성북구,돈암2동,6274,17803,8686,9117,1129059000
2006,성북구,안암동,8458,18696,9625,9071,1129060000
2006,성북구,보문동,7308,17908,8885,9023,1129061000
2006,성북구,정릉1동,7120,19730,9408,10322,1129062000
2006,성북구,정릉2동,9019,24008,12006,12002,1129063000
2006,성북구,정릉3동,7741,19182,9633,9549,1129064000
2006,성북구,정릉4동,9863,26477,13148,13329,1129065000
2006,성북구,길음1동,4554,12055,5885,6170,1129066000
2006,성북구,길음2동,7202,20009,9867,10142,1129068500
2006,성북구,길음3동,7641,18783,9185,9598,1129068000
2006,성북구,종암1동,7802,20254,10240,10014,1129069000
2006,성북구,종암2동,7208,18762,9486,9276,1129070000
2006,성북구,월곡1동,6095,15095,7572,7523,1129071500
2006,성북구,월곡2동,3096,7609,3817,3792,1129072500
2006,성북구,월곡3동,1558,4305,2175,2130,1129073500
2006,성북구,월곡4동,3116,9430,4634,4796,1129074500
2006,성북구,상월곡동,4113,11545,5730,5815,1129075000
2006,성북구,장위1동,10586,28119,14016,14103,1129076000
2006,성북구,장위2동,9497,24458,12366,12092,1129077000
2006,성북구,장위3동,7661,18897,9692,9205,1129078000
2006,성북구,석관1동,10803,28315,14234,14081,1129079000
2006,성북구,석관2동,4411,10564,5373,5191,1129080000
2006,강북구,계,134490,351624,174488,177136,1130500000
2006,강북구,미아1동,5811,15964,7918,8046,1130553100
2006,강북구,미아2동,6423,15831,8022,7809,1130553200
2006,강북구,미아3동,9876,24998,12566,12432,1130553300
2006,강북구,미아4동,7248,18697,9187,9510,1130554000
2006,강북구,미아5동,7010,17334,8635,8699,1130555000
2006,강북구,미아6.7동,10877,30317,15148,15169,1130556500
2006,강북구,미아8동,6730,16830,8393,8437,1130558000
2006,강북구,미아9동,6828,18422,9082,9340,1130558100
2006,강북구,번1동,8338,20598,10118,10480,1130559500
2006,강북구,번2동,8006,21538,10745,10793,1130560300
2006,강북구,번3동,7699,22797,11031,11766,1130560800
2006,강북구,수유1동,9009,23546,11849,11697,1130561500
2006,강북구,수유2동,8878,23919,11821,12098,1130562500
2006,강북구,수유3동,10071,23993,11849,12144,1130563000
2006,강북구,수유4동,8460,22071,11037,11034,1130564000
2006,강북구,수유5동,7285,18672,9194,9478,1130565000
2006,강북구,수유6동,5941,16097,7893,8204,1130565100
2006,도봉구,계,136003,379755,188320,191435,1132000000
2006,도봉구,쌍문1동,8501,23567,11635,11932,1132066000
2006,도봉구,쌍문2동,8055,21826,10806,11020,1132067000
2006,도봉구,쌍문3동,7079,18695,9127,9568,1132068000
2006,도봉구,쌍문4동,7321,22335,10958,11377,1132068100
2006,도봉구,방학1동,12073,33889,16995,16894,1132069000
2006,도봉구,방학2동,9358,24922,12533,12389,1132070000
2006,도봉구,방학3동,6820,20144,9893,10251,1132071000
2006,도봉구,방학4동,4066,13577,6797,6780,1132072000
2006,도봉구,창1동,10912,30502,14932,15570,1132051100
2006,도봉구,창2동,11781,31939,15846,16093,1132051200
2006,도봉구,창3동,6395,17028,8562,8466,1132051300
2006,도봉구,창4동,11152,31920,15635,16285,1132051400
2006,도봉구,창5동,10040,28589,14116,14473,1132051500
2006,도봉구,도봉1동,10463,27097,13682,13415,1132052100
2006,도봉구,도봉2동,11987,33725,16803,16922,1132052200
2006,노원구,계,218799,621676,305515,316161,1135000000
2006,노원구,월계1동,6784,19232,9501,9731,1135056000
2006,노원구,월계2동,9788,26369,12908,13461,1135057000
2006,노원구,월계3동,9491,27641,13784,13857,1135058000
2006,노원구,월계4동,8568,20886,10477,10409,1135058100
2006,노원구,공릉1동,7713,19900,9967,9933,1135059500
2006,노원구,공릉2동,16347,48108,24020,24088,1135060000
2006,노원구,공릉3동,8336,22669,10959,11710,1135060100
2006,노원구,하계1동,11361,32224,15610,16614,1135061100
2006,노원구,하계2동,8784,27023,13242,13781,1135061200
2006,노원구,중계본동,9889,31372,15436,15936,1135061900
2006,노원구,중계1동,9824,31859,15748,16111,1135062100
2006,노원구,중계2동,6370,18789,9077,9712,1135062200
2006,노원구,중계3동,8876,24879,11775,13104,1135062300
2006,노원구,중계4동,8290,24472,11910,12562,1135062400
2006,노원구,상계1동,14151,41786,20716,21070,1135063000
2006,노원구,상계2동,8253,23039,11474,11565,1135064000
2006,노원구,상계3동,10063,26506,13151,13355,1135065000
2006,노원구,상계4동,6085,15707,8040,7667,1135066000
2006,노원구,상계5동,9228,25285,12472,12813,1135067000
2006,노원구,상계6동,7827,21829,10525,11304,1135068000
2006,노원구,상계7동,6672,16943,8026,8917,1135069000
2006,노원구,상계8동,8996,27535,13531,14004,1135070000
2006,노원구,상계9동,9094,26137,12881,13256,1135071000
2006,노원구,상계10동,8009,21486,10285,11201,1135072000
2006,은평구,계,180503,467940,231462,236478,1138000000
2006,은평구,녹번동,14847,36156,17747,18409,1138051000
2006,은평구,불광1동,11286,28294,13863,14431,1138052000
2006,은평구,불광2동,8671,21341,10640,10701,1138053000
2006,은평구,불광3동,9398,23567,11606,11961,1138054000
2006,은평구,갈현1동,10538,27700,13645,14055,1138055100
2006,은평구,갈현2동,10458,28009,13596,14413,1138055200
2006,은평구,구산동,11100,33055,17118,15937,1138056000
2006,은평구,대조동,12849,31893,15389,16504,1138057000
2006,은평구,응암1동,12979,32695,16030,16665,1138058000
2006,은평구,응암2동,7859,19285,9568,9717,1138059000
2006,은평구,응암3동,8272,20489,10157,10332,1138060000
2006,은평구,응암4동,6982,17999,8953,9046,1138068000
2006,은평구,역촌1동,9606,24954,12100,12854,1138061000
2006,은평구,역촌2동,8035,21907,10659,11248,1138062000
2006,은평구,신사1동,9930,27623,13561,14062,1138063100
2006,은평구,신사2동,9014,24576,12490,12086,1138063200
2006,은평구,증산동,8207,21887,10946,10941,1138064000
2006,은평구,수색동,8356,21679,10832,10847,1138065000
2006,은평구,진관내동,746,1488,813,675,1138066000
2006,은평구,진관외동,1370,3343,1749,1594,1138067000
2006,서대문구,계,141869,356652,174563,182089,1141000000
2006,서대문구,충정로동,4106,8955,4481,4474,1141051000
2006,서대문구,천연동,8002,19643,9579,10064,1141052000
2006,서대문구,북아현1동,4528,9998,4804,5194,1141054000
2006,서대문구,북아현2동,4158,9941,4718,5223,1141055000
2006,서대문구,북아현3동,5831,14515,7147,7368,1141056000
2006,서대문구,대신동,3891,8697,3793,4904,1141057000
2006,서대문구,창천동,6147,12621,6100,6521,1141058000
2006,서대문구,연희1동,6218,16333,7984,8349,1141059000
2006,서대문구,연희2동,4424,11300,5542,5758,1141060000
2006,서대문구,연희3동,7713,16978,8258,8720,1141061000
2006,서대문구,홍제1동,6083,16149,7759,8390,1141062000
2006,서대문구,홍제2동,5098,13045,6383,6662,1141065500
2006,서대문구,홍제3동,8081,21199,10446,10753,1141064000
2006,서대문구,홍제4동,5906,16409,7946,8463,1141065000
2006,서대문구,홍은1동,3756,10913,5305,5608,1141066000
2006,서대문구,홍은2동,7289,19193,9556,9637,1141068500
2006,서대문구,홍은3동,10957,29087,14359,14728,1141068000
2006,서대문구,남가좌1동,7653,17784,8733,9051,1141069000
2006,서대문구,남가좌2동,12065,31230,15483,15747,1141070000
2006,서대문구,북가좌1동,7666,19918,9912,10006,1141071000
2006,서대문구,북가좌2동,12297,32744,16275,16469,1141072000
2006,마포구,계,165036,397049,194461,202588,1144000000
2006,마포구,아현1동,6056,13933,6931,7002,1144051000
2006,마포구,아현2동,4192,9287,4581,4706,1144052000
2006,마포구,아현3동,3751,8544,4204,4340,1144053000
2006,마포구,공덕1동,5549,13467,6571,6896,1144054000
2006,마포구,공덕2동,5645,13481,6596,6885,1144055000
2006,마포구,신공덕동,4559,11103,5472,5631,1144056000
2006,마포구,도화1동,3625,9825,4720,5105,1144057000
2006,마포구,도화2동,5713,14188,6813,7375,1144058000
2006,마포구,용강동,5063,12035,5935,6100,1144059000
2006,마포구,대흥동,6191,15301,7562,7739,1144060000
2006,마포구,염리동,9102,21505,10450,11055,1144061000
2006,마포구,노고산동,5447,9626,4667,4959,1144062000
2006,마포구,신수동,8047,19912,9895,10017,1144063000
2006,마포구,창전동,5002,11679,5718,5961,1144064000
2006,마포구,상수동,5786,12774,6217,6557,1144065000
2006,마포구,서교동,8914,18489,8762,9727,1144066000
2006,마포구,동교동,7056,13023,5974,7049,1144067000
2006,마포구,합정동,9013,21990,10844,11146,1144068000
2006,마포구,망원1동,9804,25108,12458,12650,1144069000
2006,마포구,망원2동,8151,21652,10738,10914,1144070000
2006,마포구,연남동,8617,20625,10078,10547,1144071000
2006,마포구,성산1동,7921,20311,10003,10308,1144072000
2006,마포구,성산2동,15297,41395,20233,21162,1144073000
2006,마포구,상암동,6535,17796,9039,8757,1144074000
2006,양천구,계,178984,505606,252271,253335,1147000000
2006,양천구,목1동,9608,29885,14742,15143,1147051000
2006,양천구,목2동,11278,30887,15474,15413,1147052000
2006,양천구,목3동,8903,23056,11407,11649,1147053000
2006,양천구,목4동,10192,29020,14548,14472,1147054000
2006,양천구,목5동,7014,22392,11141,11251,1147055000
2006,양천구,목6동,7893,25674,12702,12972,1147055100
2006,양천구,신월1동,9831,26100,13239,12861,1147056000
2006,양천구,신월2동,8740,23749,11923,11826,1147057000
2006,양천구,신월3동,7441,18421,9411,9010,1147058000
2006,양천구,신월4동,6499,18819,9497,9322,1147059000
2006,양천구,신월5동,5683,15245,7610,7635,1147060000
2006,양천구,신월6동,6087,15768,7974,7794,1147061000
2006,양천구,신월7동,9220,26629,13332,13297,1147061100
2006,양천구,신정1동,8575,25948,12802,13146,1147062000
2006,양천구,신정2동,7487,23360,11576,11784,1147063000
2006,양천구,신정3동,19005,50831,25298,25533,1147064000
2006,양천구,신정4동,7069,17922,8979,8943,1147065000
2006,양천구,신정5동,7694,19091,9524,9567,1147066000
2006,양천구,신정6동,8973,28285,13952,14333,1147067000
2006,양천구,신정7동,11792,34524,17140,17384,1147068000
2006,강서구,계,208347,559845,276968,282877,1150000000
2006,강서구,염창동,13771,40826,20341,20485,1150051000
2006,강서구,등촌1동,7943,21146,10551,10595,1150052000
2006,강서구,등촌2동,8045,22871,11519,11352,1150053000
2006,강서구,등촌3동,14718,39995,19207,20788,1150053500
2006,강서구,화곡1동,8872,23070,11503,11567,1150054000
2006,강서구,화곡2동,7385,20479,10136,10343,1150055000
2006,강서구,화곡3동,8680,24771,12116,12655,1150056000
2006,강서구,화곡4동,8925,23000,11473,11527,1150057000
2006,강서구,화곡5동,7008,18202,9023,9179,1150058000
2006,강서구,화곡6동,9287,24632,12070,12562,1150059100
2006,강서구,화곡7동,11054,29367,14581,14786,1150059200
2006,강서구,화곡8동,10261,27652,13630,14022,1150059300
2006,강서구,가양1동,7679,22331,11409,10922,1150060300
2006,강서구,가양2동,7874,19664,9524,10140,1150060400
2006,강서구,가양3동,7786,20609,10026,10583,1150060500
2006,강서구,발산1동,5138,15477,7597,7880,1150061100
2006,강서구,발산2동,6392,19046,9252,9794,1150061200
2006,강서구,공항동,9809,23332,12042,11290,1150062000
2006,강서구,방화1동,11539,31208,15670,15538,1150063000
2006,강서구,방화2동,10738,26984,13318,13666,1150064000
2006,강서구,방화3동,11714,29487,14303,15184,1150064100
2006,구로구,계,159991,436786,221403,215383,1153000000
2006,구로구,신도림동,12067,35568,17779,17789,1153051000
2006,구로구,구로1동,7830,24842,12515,12327,1153052000
2006,구로구,구로2동,7508,18285,9408,8877,1153053000
2006,구로구,구로3동,9462,24227,12223,12004,1153054000
2006,구로구,구로4동,5800,14989,7560,7429,1153055000
2006,구로구,구로5동,12116,33285,16939,16346,1153056000
2006,구로구,구로6동,5539,15326,7725,7601,1153057000
2006,구로구,구로본동,7916,20666,10540,10126,1153056500
2006,구로구,가리봉1동,5929,13876,7584,6292,1153058000
2006,구로구,가리봉2동,2693,6867,3654,3213,1153059000
2006,구로구,고척1동,9457,26789,13553,13236,1153072000
2006,구로구,고척2동,10874,29602,15138,14464,1153073000
2006,구로구,개봉1동,6540,17772,8990,8782,1153074000
2006,구로구,개봉2동,12786,36935,18291,18644,1153075000
2006,구로구,개봉3동,8374,23168,11531,11637,1153076000
2006,구로구,개봉본동,7835,20923,10545,10378,1153076500
2006,구로구,오류1동,7746,20984,10544,10440,1153077000
2006,구로구,오류2동,11451,30635,15620,15015,1153078000
2006,구로구,수궁동,8068,22047,11264,10783,1153079000
2006,금천구,계,99193,263989,134694,129295,1154500000
2006,금천구,가산동,8781,22949,12594,10355,1154551000
2006,금천구,독산1동,12026,33919,17352,16567,1154561000
2006,금천구,독산2동,9916,25267,12815,12452,1154562000
2006,금천구,독산3동,6249,16172,8186,7986,1154563000
2006,금천구,독산4동,8139,20634,10527,10107,1154564000
2006,금천구,독산본동,6099,15678,7904,7774,1154565000
2006,금천구,시흥1동,5636,14922,7692,7230,1154567000
2006,금천구,시흥2동,8735,26386,13189,13197,1154568000
2006,금천구,시흥3동,5234,14106,7121,6985,1154569000
2006,금천구,시흥4동,10456,28134,14215,13919,1154570000
2006,금천구,시흥5동,9168,23877,12085,11792,1154571000
2006,금천구,시흥본동,8754,21945,11014,10931,1154566000
2006,영등포구,계,164263,429816,217412,212404,1156000000
2006,영등포구,영등포1동,6190,16589,8364,8225,1156051000
2006,영등포구,영등포2동,3468,6076,3646,2430,1156052000
2006,영등포구,영등포3동,5021,12221,6224,5997,1156053000
2006,영등포구,여의도동,11371,32070,15637,16433,1156054000
2006,영등포구,당산1동,8730,21184,10691,10493,1156055000
2006,영등포구,당산2동,12580,33521,16654,16867,1156056000
2006,영등포구,도림1동,3570,9207,4685,4522,1156057000
2006,영등포구,도림2동,6169,14735,7579,7156,1156058000
2006,영등포구,문래1동,5702,15729,7917,7812,1156059000
2006,영등포구,문래2동,5407,15135,7602,7533,1156060000
2006,영등포구,양평1동,6510,16271,8340,7931,1156061000
2006,영등포구,양평2동,7956,21883,11212,10671,1156062000
2006,영등포구,신길1동,9616,23573,11927,11646,1156063000
2006,영등포구,신길2동,4699,11589,5884,5705,1156064000
2006,영등포구,신길3동,8343,21339,10709,10630,1156065000
2006,영등포구,신길4동,5772,14749,7463,7286,1156066000
2006,영등포구,신길5동,7427,19849,10119,9730,1156067000
2006,영등포구,신길6동,9774,26055,13078,12977,1156068000
2006,영등포구,신길7동,7683,20806,10387,10419,1156069000
2006,영등포구,대림1동,7828,20020,10176,9844,1156070000
2006,영등포구,대림2동,8334,24335,12387,11948,1156071000
2006,영등포구,대림3동,12113,32880,16731,16149,1156072000
2006,동작구,계,161958,414978,205408,209570,1159000000
2006,동작구,노량진1동,8737,22469,11312,11157,1159051000
2006,동작구,노량진2동,8061,18351,9127,9224,1159052000
2006,동작구,상도1동,8024,20452,10029,10423,1159053000
2006,동작구,상도2동,8804,21763,10764,10999,1159054000
2006,동작구,상도3동,9217,24115,11941,12174,1159055000
2006,동작구,상도4동,11630,30848,15416,15432,1159056000
2006,동작구,상도5동,7317,18257,9124,9133,1159056100
2006,동작구,본동,5806,14488,7218,7270,1159057000
2006,동작구,흑석1동,7349,16413,8284,8129,1159058000
2006,동작구,흑석2동,5091,12822,6278,6544,1159059000
2006,동작구,흑석3동,4282,10058,4998,5060,1159060000
2006,동작구,동작동,7730,20041,9915,10126,1159061000
2006,동작구,사당1동,10151,23707,11397,12310,1159062000
2006,동작구,사당2동,4971,12829,6223,6606,1159063000
2006,동작구,사당3동,10596,28547,14243,14304,1159064000
2006,동작구,사당4동,5625,13919,6891,7028,1159065000
2006,동작구,사당5동,6170,16222,8088,8134,1159065100
2006,동작구,대방동,14378,39615,19475,20140,1159066000
2006,동작구,신대방1동,9775,28034,13890,14144,1159067000
2006,동작구,신대방2동,8244,22028,10795,11233,1159068000
2006,관악구,계,230093,545995,277400,268595,1162000000
2006,관악구,봉천본동,6761,18463,9170,9293,1162051000
2006,관악구,봉천1동,10886,27375,13851,13524,1162052000
2006,관악구,봉천2동,5249,14403,7185,7218,1162053000
2006,관악구,봉천3동,6725,18001,8912,9089,1162054000
2006,관악구,봉천4동,9342,17572,8895,8677,1162055000
2006,관악구,봉천5동,7638,21723,10799,10924,1162056000
2006,관악구,봉천6동,14028,31063,15525,15538,1162057000
2006,관악구,봉천7동,8847,17557,9111,8446,1162058000
2006,관악구,봉천8동,6937,16961,8509,8452,1162059000
2006,관악구,봉천9동,7391,20447,10305,10142,1162060000
2006,관악구,봉천10동,6612,14821,7416,7405,1162061000
2006,관악구,봉천11동,12458,29171,14583,14588,1162062000
2006,관악구,남현동,7843,18245,8999,9246,1162063000
2006,관악구,신림본동,11428,25868,12899,12969,1162064000
2006,관악구,신림1동,8903,21420,10541,10879,1162065000
2006,관악구,신림2동,12506,25343,13834,11509,1162066000
2006,관악구,신림3동,6812,17893,9149,8744,1162067000
2006,관악구,신림4동,11393,27858,13953,13905,1162068000
2006,관악구,신림5동,9600,17221,8562,8659,1162069000
2006,관악구,신림6동,4663,10837,5593,5244,1162070000
2006,관악구,신림7동,6081,16240,8163,8077,1162071000
2006,관악구,신림8동,8434,20797,10544,10253,1162072000
2006,관악구,신림9동,12413,23150,13539,9611,1162073000
2006,관악구,신림10동,7766,21474,10836,10638,1162074000
2006,관악구,신림11동,5881,15526,7844,7682,1162075000
2006,관악구,신림12동,7466,20956,10644,10312,1162076000
2006,관악구,신림13동,6030,15610,8039,7571,1162077000
2006,서초구,계,158618,413970,201482,212488,1165000000
2006,서초구,서초1동,8398,21384,10490,10894,1165051000
2006,서초구,서초2동,8716,23264,11498,11766,1165052000
2006,서초구,서초3동,11772,30697,15463,15234,1165053000
2006,서초구,서초4동,9712,28266,13808,14458,1165053100
2006,서초구,잠원동,15028,37370,17727,19643,1165054000
2006,서초구,반포본동,4557,14321,6726,7595,1165055000
2006,서초구,반포1동,10687,21972,10459,11513,1165056000
2006,서초구,반포2동,4567,13555,6521,7034,1165057000
2006,서초구,반포3동,8657,24434,11728,12706,1165058000
2006,서초구,반포4동,7421,20656,10008,10648,1165058100
2006,서초구,방배본동,7336,20275,9654,10621,1165059000
2006,서초구,방배1동,6807,17149,8384,8765,1165060000
2006,서초구,방배2동,11927,30905,14961,15944,1165061000
2006,서초구,방배3동,9252,25962,12795,13167,1165062000
2006,서초구,방배4동,9760,25448,12102,13346,1165062100
2006,서초구,양재1동,11203,27972,13685,14287,1165065100
2006,서초구,양재2동,10088,23085,11601,11484,1165065200
2006,서초구,내곡동,2730,7255,3872,3383,1165066000
2006,강남구,계,222642,564658,273524,291134,1168000000
2006,강남구,신사동,8715,22301,10442,11859,1168051000
2006,강남구,논현1동,14241,28010,13004,15006,1168052100
2006,강남구,논현2동,11257,24245,11615,12630,1168053100
2006,강남구,압구정1동,6515,17841,8577,9264,1168054000
2006,강남구,압구정2동,4971,12449,5845,6604,1168055000
2006,강남구,청담1동,6737,19138,9382,9756,1168056000
2006,강남구,청담2동,5545,12840,6154,6686,1168057000
2006,강남구,삼성1동,5711,16064,8208,7856,1168058000
2006,강남구,삼성2동,10281,23048,11310,11738,1168059000
2006,강남구,대치1동,6868,23844,11749,12095,1168060000
2006,강남구,대치2동,8250,27124,13673,13451,1168061000
2006,강남구,대치3동,6165,17813,9062,8751,1168062000
2006,강남구,대치4동,10285,21469,10121,11348,1168063000
2006,강남구,역삼1동,19768,36339,17485,18854,1168064000
2006,강남구,역삼2동,13543,32367,15380,16987,1168065000
2006,강남구,도곡1동,7938,22256,10794,11462,1168065500
2006,강남구,도곡2동,12329,34797,16709,18088,1168065600
2006,강남구,개포1동,8064,23005,11088,11917,1168066000
2006,강남구,개포2동,7742,19757,9551,10206,1168067000
2006,강남구,개포3동,5539,17467,8517,8950,1168068000
2006,강남구,개포4동,9765,24404,12069,12335,1168069000
2006,강남구,일원본동,7759,23838,11730,12108,1168072000
2006,강남구,일원1동,7628,19946,9849,10097,1168073000
2006,강남구,일원2동,7251,20244,9905,10339,1168074000
2006,강남구,수서동,7648,18443,8421,10022,1168075000
2006,강남구,세곡동,2127,5609,2884,2725,1168070000
2006,송파구,계,228770,612527,302612,309915,1171000000
2006,송파구,풍납1동,8496,21990,10890,11100,1171051000
2006,송파구,풍납2동,11414,30762,15068,15694,1171052000
2006,송파구,거여1동,5927,16861,8473,8388,1171053100
2006,송파구,거여2동,11796,31359,15908,15451,1171053200
2006,송파구,마천1동,8082,20481,10434,10047,1171054000
2006,송파구,마천2동,8814,24345,12396,11949,1171055000
2006,송파구,방이1동,6366,18305,9038,9267,1171056100
2006,송파구,방이2동,11292,26449,13089,13360,1171056200
2006,송파구,오륜동,6387,21515,10514,11001,1171056600
2006,송파구,오금동,14422,40306,19988,20318,1171057000
2006,송파구,송파1동,11572,28565,13996,14569,1171058000
2006,송파구,송파2동,7697,23561,11573,11988,1171059000
2006,송파구,석촌동,15677,36857,18205,18652,1171060000
2006,송파구,삼전동,15652,36547,17821,18726,1171061000
2006,송파구,가락본동,11257,30459,15267,15192,1171062000
2006,송파구,가락1동,7865,20408,10052,10356,1171063100
2006,송파구,가락2동,11584,34001,16972,17029,1171063200
2006,송파구,문정1동,8160,23461,11587,11874,1171064100
2006,송파구,문정2동,5682,17401,8573,8828,1171064200
2006,송파구,장지동,7874,20635,10370,10265,1171064600
2006,송파구,잠실본동,14373,33206,15797,17409,1171065000
2006,송파구,잠실1동,6,21,12,9,1171066000
2006,송파구,잠실2동,,1,1,,1171067000
2006,송파구,잠실3동,1081,2954,1390,1564,1171068000
2006,송파구,잠실4동,3216,9373,4576,4797,1171069000
2006,송파구,잠실5동,4754,14478,7064,7414,1171070000
2006,송파구,잠실6동,5719,16958,8230,8728,1171071000
2006,송파구,잠실7동,3605,11268,5328,5940,1171072000
2006,강동구,계,170752,465203,233474,231729,1174000000
2006,강동구,강일동,366,766,439,327,1174051500
2006,강동구,상일동,10244,30923,15591,15332,1174052000
2006,강동구,명일1동,9952,30168,14904,15264,1174053000
2006,강동구,명일2동,6127,19907,10052,9855,1174054000
2006,강동구,고덕1동,7310,21922,11100,10822,1174055000
2006,강동구,고덕2동,7461,20951,10698,10253,1174056000
2006,강동구,암사1동,9723,24356,12194,12162,1174057000
2006,강동구,암사2동,5880,16618,8250,8368,1174058000
2006,강동구,암사3동,2866,8533,4311,4222,1174059000
2006,강동구,암사4동,4323,11072,5593,5479,1174059100
2006,강동구,천호1동,12516,33446,16720,16726,1174060000
2006,강동구,천호2동,6614,15768,7899,7869,1174061000
2006,강동구,천호3동,12749,29524,14872,14652,1174062000
2006,강동구,천호4동,9118,22633,11465,11168,1174063000
2006,강동구,성내1동,7887,21847,10921,10926,1174064000
2006,강동구,성내2동,11565,28277,14049,14228,1174065000
2006,강동구,성내3동,9854,25345,12669,12676,1174066000
2006,강동구,길1동,9390,24785,12350,12435,1174067000
2006,강동구,길2동,9991,28074,13866,14208,1174068000
2006,강동구,둔촌1동,6923,22043,11498,10545,1174069000
2006,강동구,둔촌2동,9893,28245,14033,14212,1174070000
1992,계,계,3383169,10969862,5519096,5450766,1100000000
1992,종로구,계,75752,227988,114648,113340,1111000000
1992,중구,계,59667,176836,89537,87299,1114000000
1992,용산구,계,96832,287124,144600,142524,1117000000
1992,성동구,계,244888,780526,397121,383405,1120000000
1992,동대문구,계,149094,470594,238385,232209,1123000000
1992,중랑구,계,136876,458391,230937,227454,1126000000
1992,성북구,계,163995,527296,266530,260766,1129000000
1992,도봉구,계,229923,766799,385385,381414,1132000000
1992,노원구,계,174005,571833,284049,287784,1135000000
1992,은평구,계,153700,507551,251514,256037,1138000000
1992,서대문구,계,122844,390140,195000,195140,1141000000
1992,마포구,계,139628,432453,216103,216350,1144000000
1992,양천구,계,150749,508096,255938,252158,1147000000
1992,강서구,계,132114,437932,219591,218341,1150000000
1992,구로구,계,229614,738914,378569,360345,1153000000
1992,영등포구,계,141916,453256,229476,223780,1156000000
1992,동작구,계,134670,427486,215826,211660,1159000000
1992,관악구,계,181386,589655,299359,290296,1162000000
1992,서초구,계,126592,419765,208470,211295,1165000000
1992,강남구,계,165325,559068,278053,281015,1168000000
1992,송파구,계,208638,689419,343176,346243,1171000000
1992,강동구,계,164961,548740,276829,271911,1174000000
1996,계,계,3456575,10469852,5258247,5211605,1100000000
1996,종로구,계,72027,199475,100075,99400,1111000000
1996,중구,계,50141,134839,68090,66749,1114000000
1996,용산구,계,92705,255024,127321,127703,1117000000
1996,성동구,계,110970,331206,168073,163133,1120000000
1996,광진구,계,132324,392217,198786,193431,1121500000
1996,동대문구,계,136771,399280,202162,197118,1123000000
1996,중랑구,계,152349,478390,240512,237878,1126000000
1996,성북구,계,162195,487404,245926,241478,1129000000
1996,강북구,계,121348,379695,189901,189794,1130500000
1996,도봉구,계,119881,382424,191956,190468,1132000000
1996,노원구,계,182025,586997,290909,296088,1135000000
1996,은평구,계,162474,498532,247166,251366,1138000000
1996,서대문구,계,127125,366134,182525,183609,1141000000
1996,마포구,계,137591,393040,195689,197351,1144000000
1996,양천구,계,151955,486839,245520,241319,1147000000
1996,강서구,계,167739,524006,261657,262349,1150000000
1996,구로구,계,124734,378676,194452,184224,1153000000
1996,금천구,계,92406,273867,140227,133640,1154500000
1996,영등포구,계,138663,408087,206994,201093,1156000000
1996,동작구,계,145735,434873,219096,215777,1159000000
1996,관악구,계,181947,543314,275959,267355,1162000000
1996,서초구,계,135209,408781,202861,205920,1165000000
1996,강남구,계,184039,557533,276434,281099,1168000000
1996,송파구,계,216205,671560,334513,337047,1171000000
1996,강동구,계,158017,497659,251443,246216,1174000000
2020,계,계,4417954,9911088,4816522,5094566,1100000000
2020,종로구,계,75003,158996,76876,82120,1111000000
2020,종로구,사직동,4758,9806,4428,5378,1111053000
2020,종로구,삼청동,1342,2909,1406,1503,1111054000
2020,종로구,부암동,4392,10333,4937,5396,1111055000
2020,종로구,평창동,7522,18582,8636,9946,1111056000
2020,종로구,무악동,3192,8592,3999,4593,1111057000
2020,종로구,교남동,4602,10634,4926,5708,1111058000
2020,종로구,가회동,2077,4418,2052,2366,1111060000
2020,종로구,종로1.2.3.4가동,5283,8448,4965,3483,1111061500
2020,종로구,종로5.6가동,3415,5656,3072,2584,1111063000
2020,종로구,이화동,4430,8111,3757,4354,1111064000
2020,종로구,혜화동,9374,19734,9105,10629,1111065000
2020,종로구,창신1동,2961,5964,3190,2774,1111067000
2020,종로구,창신2동,4185,9503,4857,4646,1111068000
2020,종로구,창신3동,2913,7107,3508,3599,1111069000
2020,종로구,숭인1동,3035,6388,3082,3306,1111070000
2020,종로구,숭인2동,6165,10178,5070,5108,1111071000
2020,종로구,청운효자동,5357,12633,5886,6747,1111051500
2020,중구,계,63686,134635,65776,68859,1114000000
2020,중구,소공동,1130,3011,1556,1455,1114052000
2020,중구,회현동,3025,5757,3051,2706,1114054000
2020,중구,명동,1552,3685,1642,2043,1114055000
2020,중구,필동,2406,4754,2419,2335,1114057000
2020,중구,장충동,2755,5468,2723,2745,1114058000
2020,중구,광희동,3295,6416,3310,3106,1114059000
2020,중구,을지로동,1373,1967,1173,794,1114060500
2020,중구,신당5동,5392,10867,5266,5601,1114065000
2020,중구,황학동,6927,13531,6430,7101,1114067000
2020,중구,중림동,5843,12801,6398,6403,1114068000
2020,중구,신당동,4629,9191,4516,4675,1114061500
2020,중구,다산동,6965,14725,7105,7620,1114062500
2020,중구,약수동,7809,17354,8184,9170,1114063500
2020,중구,청구동,6413,14281,6776,7505,1114064500
2020,중구,동화동,4172,10827,5227,5600,1114066500
2020,용산구,계,113093,244645,118835,125810,1117000000
2020,용산구,후암동,8710,18202,8852,9350,1117051000
2020,용산구,용산2가동,5407,11272,5498,5774,1117052000
2020,용산구,남영동,5385,8116,4887,3229,1117053000
2020,용산구,원효로1동,8039,16730,8091,8639,1117056000
2020,용산구,원효로2동,6042,14331,6732,7599,1117057000
2020,용산구,효창동,4381,10326,4894,5432,1117058000
2020,용산구,용문동,5448,12455,5939,6516,1117059000
2020,용산구,이촌1동,10337,28961,13597,15364,1117063000
2020,용산구,이촌2동,3851,8808,4133,4675,1117064000
2020,용산구,이태원1동,3934,8764,4500,4264,1117065000
2020,용산구,이태원2동,5035,10795,5072,5723,1117066000
2020,용산구,서빙고동,5324,14000,6753,7247,1117069000
2020,용산구,보광동,7787,15531,7919,7612,1117070000
2020,용산구,청파동,11110,20496,9570,10926,1117055500
2020,용산구,한강로동,10875,22097,10736,11361,1117062500
2020,용산구,한남동,11428,23761,11662,12099,1117068500
2020,성동구,계,135870,300505,146424,154081,1120000000
2020,성동구,왕십리2동,7634,17416,8465,8951,1120052000
2020,성동구,마장동,10922,23459,11498,11961,1120054000
2020,성동구,사근동,7805,13512,6698,6814,1120055000
2020,성동구,행당1동,6459,14363,6923,7440,1120056000
2020,성동구,행당2동,9482,24151,11327,12824,1120057000
2020,성동구,응봉동,6135,15824,7500,8324,1120058000
2020,성동구,금호1가동,6720,15795,7557,8238,1120059000
2020,성동구,금호4가동,6463,14842,7104,7738,1120062000
2020,성동구,성수1가1동,7667,16851,8451,8400,1120065000
2020,성동구,성수1가2동,6524,13738,6745,6993,1120066000
2020,성동구,성수2가1동,8454,17146,8925,8221,1120067000
2020,성동구,성수2가3동,5712,11457,5833,5624,1120069000
2020,성동구,송정동,5574,11143,5868,5275,1120072000
2020,성동구,용답동,6869,12724,6616,6108,1120079000
2020,성동구,왕십리도선동,12033,27588,13126,14462,1120053500
2020,성동구,금호2.3가동,10324,23584,11234,12350,1120061500
2020,성동구,옥수동,11093,26912,12554,14358,1120064500
2020,광진구,계,167427,360109,173000,187109,1121500000
2020,광진구,화양동,17061,25541,11719,13822,1121571000
2020,광진구,군자동,11166,21903,10750,11153,1121573000
2020,광진구,중곡1동,8338,16190,7856,8334,1121574000
2020,광진구,중곡2동,10621,22285,10533,11752,1121575000
2020,광진구,중곡3동,8572,16902,8356,8546,1121576000
2020,광진구,중곡4동,13264,29815,14564,15251,1121577000
2020,광진구,능동,6511,11913,5478,6435,1121578000
2020,광진구,구의1동,12122,22700,10839,11861,1121585000
2020,광진구,구의2동,11693,27444,13174,14270,1121586000
2020,광진구,구의3동,12202,29588,14069,15519,1121587000
2020,광진구,광장동,12073,35619,17201,18418,1121581000
2020,광진구,자양1동,11869,23710,11362,12348,1121582000
2020,광진구,자양2동,11217,26016,12670,13346,1121583000
2020,광진구,자양3동,11178,28957,13885,15072,1121584000
2020,광진구,자양4동,9540,21526,10544,10982,1121584700
2020,동대문구,계,167598,357014,175322,181692,1123000000
2020,동대문구,전농1동,15234,30722,15383,15339,1123056000
2020,동대문구,전농2동,7803,19449,9341,10108,1123057000
2020,동대문구,답십리1동,12913,29511,14276,15235,1123060000
2020,동대문구,답십리2동,12852,29486,14315,15171,1123061000
2020,동대문구,장안1동,18269,39287,19488,19799,1123065000
2020,동대문구,장안2동,14039,33339,16644,16695,1123066000
2020,동대문구,회기동,6315,12663,5813,6850,1123071000
2020,동대문구,휘경1동,7202,15362,7226,8136,1123072000
2020,동대문구,휘경2동,11858,24992,12311,12681,1123073000
2020,동대문구,이문1동,10524,21205,10180,11025,1123074000
2020,동대문구,이문2동,8719,20947,10134,10813,1123075000
2020,동대문구,청량리동,10088,20432,10187,10245,1123070500
2020,동대문구,용신동,18442,32602,16452,16150,1123053600
2020,동대문구,제기동,13340,27017,13572,13445,1123054500
2020,중랑구,계,185920,399562,197118,202444,1126000000
2020,중랑구,면목2동,12334,25214,12514,12700,1126052000
2020,중랑구,면목4동,9052,19270,9584,9686,1126054000
2020,중랑구,면목5동,6345,14661,7373,7288,1126055000
2020,중랑구,면목7동,10718,22714,11352,11362,1126057000
2020,중랑구,상봉1동,10300,24912,12165,12747,1126058000
2020,중랑구,상봉2동,11716,20214,9812,10402,1126059000
2020,중랑구,중화1동,9122,20400,9973,10427,1126060000
2020,중랑구,중화2동,13893,26073,13359,12714,1126061000
2020,중랑구,묵1동,14974,35588,17210,18378,1126062000
2020,중랑구,묵2동,9340,19672,9660,10012,1126063000
2020,중랑구,망우3동,8441,17508,8756,8752,1126066000
2020,중랑구,신내1동,14818,39831,19385,20446,1126068000
2020,중랑구,신내2동,9084,21302,10139,11163,1126069000
2020,중랑구,면목본동,17897,35424,17521,17903,1126056500
2020,중랑구,면목3.8동,12793,25995,12889,13106,1126057500
2020,중랑구,망우본동,15093,30784,15426,15358,1126065500
2020,성북구,돈암1동,6240,15379,7185,8194,1129058000
2020,성북구,돈암2동,8731,24686,11738,12948,1129059000
2020,성북구,안암동,9326,16580,8113,8467,1129060000
2020,성북구,보문동,7841,16123,7771,8352,1129061000
2020,성북구,정릉1동,7498,18929,9098,9831,1129062000
2020,성북구,정릉2동,9883,23736,11450,12286,1129063000
2020,성북구,정릉3동,8022,16847,8265,8582,1129064000
2020,성북구,정릉4동,10993,25993,12511,13482,1129065000
2020,성북구,길음1동,12802,36568,17395,19173,1129066000
2020,성북구,길음2동,7126,17167,8301,8866,1129068500
2020,성북구,월곡1동,10912,27108,13081,14027,1129071500
2020,성북구,월곡2동,9619,20396,9817,10579,1129072500
2020,성북구,장위1동,9190,20449,9934,10515,1129076000
2020,성북구,장위2동,6609,14106,6970,7136,1129077000
2020,성북구,장위3동,7094,17359,8578,8781,1129078000
2020,성북구,성북동,8254,17404,8088,9316,1129052500
2020,성북구,삼선동,11719,24144,11454,12690,1129055500
2020,성북구,동선동,9366,16246,6734,9512,1129057500
2020,성북구,종암동,17448,41353,20142,21211,1129070500
2020,성북구,석관동,16723,36483,18033,18450,1129081000
2020,강북구,계,145896,311569,151466,160103,1130500000
2020,강북구,번1동,10483,19441,9712,9729,1130559500
2020,강북구,번2동,7663,16544,8016,8528,1130560300
2020,강북구,번3동,7575,17605,8268,9337,1130560800
2020,강북구,수유1동,10455,21468,10600,10868,1130561500
2020,강북구,수유2동,9728,21595,10317,11278,1130562500
2020,강북구,수유3동,13011,23907,11801,12106,1130563000
2020,강북구,삼양동,11384,24742,12309,12433,1130553400
2020,강북구,미아동,11778,22723,10909,11814,1130553500
2020,강북구,송중동,14076,30934,14819,16115,1130554500
2020,강북구,송천동,13787,27871,13811,14060,1130555500
2020,강북구,삼각산동,11741,32118,15441,16677,1130557500
2020,강북구,우이동,9644,21076,10254,10822,1130564500
2020,강북구,인수동,14571,31545,15209,16336,1130566000
2020,도봉구,계,139114,327361,159420,167941,1132000000
2020,도봉구,쌍문1동,9439,22016,10569,11447,1132066000
2020,도봉구,쌍문2동,8672,19406,9338,10068,1132067000
2020,도봉구,쌍문3동,7905,16922,8196,8726,1132068000
2020,도봉구,쌍문4동,7203,19297,9099,10198,1132068100
2020,도봉구,방학1동,12740,29236,14513,14723,1132069000
2020,도봉구,방학2동,9515,20473,10330,10143,1132070000
2020,도봉구,방학3동,10073,27973,13613,14360,1132071000
2020,도봉구,창1동,10880,25400,12091,13309,1132051100
2020,도봉구,창2동,12460,29912,14597,15315,1132051200
2020,도봉구,창3동,6656,14402,7162,7240,1132051300
2020,도봉구,창4동,10754,27286,13109,14177,1132051400
2020,도봉구,창5동,10266,25308,12150,13158,1132051500
2020,도봉구,도봉1동,10434,21810,11008,10802,1132052100
2020,도봉구,도봉2동,12117,27920,13645,14275,1132052200
2020,노원구,계,218270,527032,254188,272844,1135000000
2020,노원구,월계1동,10461,23085,11903,11182,1135056000
2020,노원구,월계2동,12069,27615,13295,14320,1135057000
2020,노원구,월계3동,13016,30790,14742,16048,1135058000
2020,노원구,공릉1동,18293,38324,18648,19676,1135059500
2020,노원구,공릉2동,16497,40360,19676,20684,1135060000
2020,노원구,하계1동,11661,27965,13476,14489,1135061100
2020,노원구,하계2동,8307,22723,10825,11898,1135061200
2020,노원구,중계본동,8657,24942,12220,12722,1135061900
2020,노원구,중계1동,9068,27556,13407,14149,1135062100
2020,노원구,중계4동,8478,20752,10017,10735,1135062400
2020,노원구,상계1동,15648,39204,19015,20189,1135063000
2020,노원구,상계2동,8791,20692,10217,10475,1135064000
2020,노원구,상계5동,11019,24797,12030,12767,1135067000
2020,노원구,상계8동,9168,22963,11022,11941,1135070000
2020,노원구,상계9동,8425,21221,10068,11153,1135071000
2020,노원구,상계10동,7134,17631,8133,9498,1135072000
2020,노원구,중계2.3동,15411,35586,16390,19196,1135062500
2020,노원구,상계3.4동,12229,27184,13494,13690,1135066500
2020,노원구,상계6.7동,13938,33642,15610,18032,1135069500
2020,은평구,계,213914,484043,231998,252045,1138000000
2020,은평구,녹번동,17494,37815,18019,19796,1138051000
2020,은평구,불광1동,17977,40022,18932,21090,1138052000
2020,은평구,불광2동,13962,28740,13929,14811,1138053000
2020,은평구,갈현1동,11163,23396,11396,12000,1138055100
2020,은평구,갈현2동,12656,29239,13824,15415,1138055200
2020,은평구,구산동,13402,32997,16383,16614,1138056000
2020,은평구,대조동,14324,27579,12840,14739,1138057000
2020,은평구,응암1동,14077,31265,14819,16446,1138058000
2020,은평구,응암2동,11008,27776,13485,14291,1138059000
2020,은평구,응암3동,12770,25553,12448,13105,1138060000
2020,은평구,신사1동,11846,27776,13395,14381,1138063100
2020,은평구,신사2동,9049,20945,10434,10511,1138063200
2020,은평구,증산동,6897,15487,7542,7945,1138064000
2020,은평구,수색동,4785,11258,5554,5704,1138065000
2020,은평구,진관동,21645,57256,26864,30392,1138069000
2020,은평구,역촌동,20859,46939,22134,24805,1138062500
2020,서대문구,계,144838,322952,153152,169800,1141000000
2020,서대문구,천연동,8048,18049,8570,9479,1141052000
2020,서대문구,홍제1동,10512,24604,11561,13043,1141062000
2020,서대문구,홍제2동,5908,14334,6817,7517,1141065500
2020,서대문구,홍제3동,7126,15983,7734,8249,1141064000
2020,서대문구,홍은1동,9759,23266,11219,12047,1141066000
2020,서대문구,홍은2동,12335,27734,13340,14394,1141068500
2020,서대문구,남가좌1동,5891,16141,7752,8389,1141069000
2020,서대문구,남가좌2동,13316,30996,14834,16162,1141070000
2020,서대문구,북가좌1동,6991,18557,8939,9618,1141071000
2020,서대문구,북가좌2동,14783,32947,15989,16958,1141072000
2020,서대문구,북아현동,7471,16956,8078,8878,1141055500
2020,서대문구,신촌동,13304,23051,9515,13536,1141058500
2020,서대문구,연희동,18980,39105,18596,20509,1141061500
2020,마포구,계,178482,381858,178977,202881,1144000000
2020,마포구,용강동,9304,22257,10505,11752,1144059000
2020,마포구,대흥동,8399,15863,7422,8441,1144060000
2020,마포구,염리동,5675,12864,6064,6800,1144061000
2020,마포구,신수동,10246,23606,11438,12168,1144063000
2020,마포구,서교동,15494,26981,12105,14876,1144066000
2020,마포구,합정동,9699,18576,8613,9963,1144068000
2020,마포구,망원1동,10520,21113,9910,11203,1144069000
2020,마포구,망원2동,8566,19216,9030,10186,1144070000
2020,마포구,연남동,8872,16682,7812,8870,1144071000
2020,마포구,성산1동,9420,19679,9238,10441,1144072000
2020,마포구,성산2동,19022,40669,18469,22200,1144073000
2020,마포구,상암동,12770,31997,15251,16746,1144074000
2020,마포구,도화동,9540,21998,10566,11432,1144058500
2020,마포구,서강동,11625,25386,11974,13412,1144065500
2020,마포구,공덕동,18706,38750,18300,20450,1144056500
2020,마포구,아현동,10624,26221,12280,13941,1144055500
2020,양천구,계,180633,457781,224379,233402,1147000000
2020,양천구,목1동,10559,31727,15245,16482,1147051000
2020,양천구,목2동,13248,30705,14915,15790,1147052000
2020,양천구,목3동,10119,22643,10801,11842,1147053000
2020,양천구,목4동,10140,26190,12793,13397,1147054000
2020,양천구,목5동,13583,42288,20933,21355,1147055000
2020,양천구,신월1동,10200,21246,10877,10369,1147056000
2020,양천구,신월2동,8613,21520,10541,10979,1147057000
2020,양천구,신월3동,8044,15965,8402,7563,1147058000
2020,양천구,신월4동,6960,18487,9068,9419,1147059000
2020,양천구,신월5동,6484,15189,7510,7679,1147060000
2020,양천구,신월6동,5232,13798,6789,7009,1147061000
2020,양천구,신월7동,9238,20651,10104,10547,1147061100
2020,양천구,신정1동,7214,21074,10281,10793,1147062000
2020,양천구,신정2동,7141,20207,9884,10323,1147063000
2020,양천구,신정3동,17886,46787,22794,23993,1147064000
2020,양천구,신정4동,16064,34191,16733,17458,1147065000
2020,양천구,신정6동,8296,25038,12170,12868,1147067000
2020,양천구,신정7동,11612,30075,14539,15536,1147068000
2020,강서구,계,266982,585901,282686,303215,1150000000
2020,강서구,염창동,15835,42017,20422,21595,1150051000
2020,강서구,등촌1동,13168,24338,11362,12976,1150052000
2020,강서구,등촌2동,8765,21216,10385,10831,1150053000
2020,강서구,등촌3동,15059,31660,15070,16590,1150053500
2020,강서구,화곡본동,16783,34981,17030,17951,1150059000
2020,강서구,화곡1동,26956,53380,25873,27507,1150054000
2020,강서구,화곡2동,8221,18727,9103,9624,1150055000
2020,강서구,화곡3동,9383,21938,10521,11417,1150056000
2020,강서구,화곡4동,9764,21413,10461,10952,1150057000
2020,강서구,화곡6동,12246,25133,12249,12884,1150059100
2020,강서구,화곡8동,11809,25674,12330,13344,1150059300
2020,강서구,가양1동,20071,34540,15986,18554,1150060300
2020,강서구,가양2동,8050,14588,6894,7694,1150060400
2020,강서구,가양3동,7892,15583,7286,8297,1150060500
2020,강서구,발산1동,13521,37530,17808,19722,1150061100
2020,강서구,공항동,12807,27627,14133,13494,1150062000
2020,강서구,방화1동,17484,44550,21713,22837,1150063000
2020,강서구,방화2동,11662,23442,11594,11848,1150064000
2020,강서구,방화3동,11323,23577,11423,12154,1150064100
2020,강서구,우장산동,16183,43987,21043,22944,1150061500
2020,구로구,계,180531,432488,215424,217064,1153000000
2020,구로구,신도림동,13484,36494,17861,18633,1153051000
2020,구로구,구로1동,8368,21632,10619,11013,1153052000
2020,구로구,구로2동,12799,33050,17202,15848,1153053000
2020,구로구,구로3동,13245,25722,13155,12567,1153054000
2020,구로구,구로4동,10711,25031,12543,12488,1153055000
2020,구로구,구로5동,14704,32339,15874,16465,1153056000
2020,구로구,고척1동,9623,23547,11744,11803,1153072000
2020,구로구,고척2동,11601,27853,13786,14067,1153073000
2020,구로구,개봉1동,14945,35239,17635,17604,1153074000
2020,구로구,개봉2동,12604,32218,15707,16511,1153075000
2020,구로구,개봉3동,8849,21284,10415,10869,1153076000
2020,구로구,오류1동,11809,23360,11432,11928,1153077000
2020,구로구,오류2동,15634,39755,19202,20553,1153078000
2020,구로구,수궁동,9968,24297,12015,12282,1153079000
2020,구로구,가리봉동,6048,14263,8148,6115,1153059500
2020,구로구,항동,6139,16404,8086,8318,1153080000
2020,금천구,계,114715,247835,126141,121694,1154500000
2020,금천구,가산동,15966,25973,14334,11639,1154551000
2020,금천구,독산1동,21066,44191,22834,21357,1154561000
2020,금천구,독산2동,9457,20666,10519,10147,1154562000
2020,금천구,독산3동,12588,28535,14607,13928,1154563000
2020,금천구,독산4동,7678,17464,8871,8593,1154564000
2020,금천구,시흥1동,16126,35781,17966,17815,1154567000
2020,금천구,시흥2동,8478,22092,10646,11446,1154568000
2020,금천구,시흥3동,4771,11285,5597,5688,1154569000
2020,금천구,시흥4동,9161,21520,10660,10860,1154570000
2020,금천구,시흥5동,9424,20328,10107,10221,1154571000
2020,영등포구,계,184714,407367,202969,204398,1156000000
2020,영등포구,여의도동,13780,34463,16212,18251,1156054000
2020,영등포구,당산1동,10800,21197,10404,10793,1156055000
2020,영등포구,당산2동,18488,38011,17837,20174,1156056000
2020,영등포구,양평1동,9140,17702,8715,8987,1156061000
2020,영등포구,양평2동,10319,22603,11231,11372,1156062000
2020,영등포구,신길1동,10429,19167,9807,9360,1156063000
2020,영등포구,신길3동,7659,18086,8976,9110,1156065000
2020,영등포구,신길4동,5613,12974,6509,6465,1156066000
2020,영등포구,신길5동,5002,12496,6143,6353,1156067000
2020,영등포구,신길6동,8713,19071,9356,9715,1156068000
2020,영등포구,신길7동,7913,20494,10231,10263,1156069000
2020,영등포구,대림1동,7241,17751,9023,8728,1156070000
2020,영등포구,대림2동,6984,19776,10297,9479,1156071000
2020,영등포구,대림3동,10441,26973,13720,13253,1156072000
2020,영등포구,영등포본동,10349,23790,12280,11510,1156051500
2020,영등포구,영등포동,19028,28749,15425,13324,1156053500
2020,영등포구,도림동,9444,20665,10434,10231,1156058500
2020,영등포구,문래동,13371,33399,16369,17030,1156060500
2020,동작구,계,184229,401572,193718,207854,1159000000
2020,동작구,노량진1동,15712,32387,16108,16279,1159051000
2020,동작구,노량진2동,7474,13512,6920,6592,1159052000
2020,동작구,상도1동,21583,46840,22494,24346,1159053000
2020,동작구,상도2동,12598,28162,13498,14664,1159054000
2020,동작구,상도3동,12061,25416,12142,13274,1159055000
2020,동작구,상도4동,13854,29306,14200,15106,1159056000
2020,동작구,사당1동,13290,23632,11214,12418,1159062000
2020,동작구,사당2동,11967,27658,13301,14357,1159063000
2020,동작구,사당3동,10567,25244,12218,13026,1159064000
2020,동작구,사당4동,7158,14599,6987,7612,1159065000
2020,동작구,사당5동,6614,14811,7183,7628,1159065100
2020,동작구,대방동,17290,39172,18656,20516,1159066000
2020,동작구,신대방1동,10238,25823,12561,13262,1159067000
2020,동작구,신대방2동,9485,20466,9728,10738,1159068000
2020,동작구,흑석동,14338,34544,16508,18036,1159060500
2020,관악구,계,274811,509803,255211,254592,1162000000
2020,관악구,남현동,9544,18598,8970,9628,1162063000
2020,관악구,보라매동,12536,25278,12393,12885,1162052500
2020,관악구,청림동,6579,15711,7683,8028,1162054500
2020,관악구,행운동,17357,29799,14417,15382,1162057500
2020,관악구,낙성대동,11120,17579,8844,8735,1162058500
2020,관악구,중앙동,9709,15758,7486,8272,1162061500
2020,관악구,인헌동,14227,26500,12876,13624,1162062500
2020,관악구,서원동,14108,23565,12092,11473,1162064500
2020,관악구,신원동,10926,19290,9646,9644,1162065500
2020,관악구,서림동,14623,24410,13310,11100,1162066500
2020,관악구,신사동,13742,25426,12735,12691,1162068500
2020,관악구,신림동,17289,22667,11795,10872,1162069500
2020,관악구,난향동,6433,15915,7849,8066,1162071500
2020,관악구,조원동,10690,19232,9771,9461,1162072500
2020,관악구,대학동,16204,24907,14818,10089,1162073500
2020,관악구,은천동,16091,34595,16893,17702,1162060500
2020,관악구,성현동,12591,30472,14701,15771,1162056500
2020,관악구,청룡동,22520,36325,17376,18949,1162059500
2020,관악구,난곡동,13097,28054,14056,13998,1162077500
2020,관악구,삼성동,11217,23935,11943,11992,1162074500
2020,관악구,미성동,14208,31787,15557,16230,1162076500
2020,서초구,계,173502,429025,205282,223743,1165000000
2020,서초구,서초1동,9351,21187,10180,11007,1165051000
2020,서초구,서초2동,9713,21731,10384,11347,1165052000
2020,서초구,서초3동,14599,32307,15748,16559,1165053000
2020,서초구,서초4동,11009,31718,15425,16293,1165053100
2020,서초구,잠원동,11448,28532,13677,14855,1165054000
2020,서초구,반포본동,4105,11991,5660,6331,1165055000
2020,서초구,반포1동,14297,32630,15742,16888,1165056000
2020,서초구,반포2동,5110,16240,7739,8501,1165057000
2020,서초구,반포3동,7741,22412,10620,11792,1165058000
2020,서초구,반포4동,7280,19977,9487,10490,1165058100
2020,서초구,방배본동,7998,21293,9891,11402,1165059000
2020,서초구,방배1동,7656,17381,8151,9230,1165060000
2020,서초구,방배2동,8688,20404,9572,10832,1165061000
2020,서초구,방배3동,8310,21441,10364,11077,1165062000
2020,서초구,방배4동,9829,24036,10975,13061,1165062100
2020,서초구,양재1동,18218,44890,21448,23442,1165065100
2020,서초구,양재2동,10835,22709,11387,11322,1165065200
2020,서초구,내곡동,7315,18146,8832,9314,1165066000
2020,강남구,계,234872,544055,260378,283677,1168000000
2020,강남구,신사동,7320,16914,7859,9055,1168051000
2020,강남구,논현1동,14412,23734,11193,12541,1168052100
2020,강남구,논현2동,11680,21997,10238,11759,1168053100
2020,강남구,삼성1동,5665,13600,6754,6846,1168058000
2020,강남구,삼성2동,13452,30368,14482,15886,1168059000
2020,강남구,대치1동,7383,24922,12543,12379,1168060000
2020,강남구,대치2동,13016,37752,19214,18538,1168061000
2020,강남구,대치4동,10321,20744,9780,10964,1168063000
2020,강남구,역삼1동,24001,36771,17763,19008,1168064000
2020,강남구,역삼2동,15697,37291,17477,19814,1168065000
2020,강남구,도곡1동,8669,22227,10537,11690,1168065500
2020,강남구,도곡2동,11797,34042,15841,18201,1168065600
2020,강남구,개포1동,2646,6670,3230,3440,1168066000
2020,강남구,개포2동,8047,22297,10775,11522,1168067000
2020,강남구,개포4동,9522,22765,11095,11670,1168069000
2020,강남구,일원본동,8145,23945,11807,12138,1168072000
2020,강남구,일원1동,7467,15827,7743,8084,1168073000
2020,강남구,일원2동,7353,17709,8574,9135,1168074000
2020,강남구,수서동,7873,15299,6933,8366,1168075000
2020,강남구,세곡동,17966,44475,21112,23363,1168070000
2020,강남구,압구정동,10634,27440,12671,14769,1168054500
2020,강남구,청담동,11806,27266,12757,14509,1168056500
2020,송파구,계,281959,673926,325080,348846,1171000000
2020,송파구,풍납1동,6383,14585,7158,7427,1171051000
2020,송파구,풍납2동,11083,25703,12213,13490,1171052000
2020,송파구,거여2동,8209,19330,9484,9846,1171053200
2020,송파구,마천1동,8975,19909,10137,9772,1171054000
2020,송파구,마천2동,8886,19719,9988,9731,1171055000
2020,송파구,방이1동,6319,16298,7858,8440,1171056100
2020,송파구,방이2동,14572,26675,12549,14126,1171056200
2020,송파구,오륜동,5956,18495,9095,9400,1171056600
2020,송파구,오금동,15697,39668,19228,20440,1171057000
2020,송파구,송파1동,12432,25190,11829,13361,1171058000
2020,송파구,송파2동,7648,20800,9988,10812,1171059000
2020,송파구,석촌동,17076,33166,15800,17366,1171060000
2020,송파구,삼전동,16347,31839,14999,16840,1171061000
2020,송파구,가락본동,12018,27368,13556,13812,1171062000
2020,송파구,가락1동,9903,27876,13544,14332,1171063100
2020,송파구,가락2동,12378,33204,16323,16881,1171063200
2020,송파구,문정1동,8571,20868,10281,10587,1171064100
2020,송파구,문정2동,15564,29547,13670,15877,1171064200
2020,송파구,장지동,12156,30370,14716,15654,1171064600
2020,송파구,잠실본동,15435,29093,13735,15358,1171065000
2020,송파구,잠실2동,11893,36216,17314,18902,1171067000
2020,송파구,잠실3동,12132,35497,16919,18578,1171068000
2020,송파구,잠실4동,7427,21798,10475,11323,1171069000
2020,송파구,잠실6동,5981,17366,8214,9152,1171071000
2020,송파구,잠실7동,3464,9903,4620,5283,1171072000
2020,송파구,위례동,9802,30366,14772,15594,1171064700
2020,강동구,계,196499,463998,228044,235954,1174000000
2020,강동구,강일동,13063,35778,17250,18528,1174051500
2020,강동구,상일동,11609,33345,16438,16907,1174052000
2020,강동구,명일1동,10109,26377,12859,13518,1174053000
2020,강동구,명일2동,6130,17555,8679,8876,1174054000
2020,강동구,고덕1동,8804,26103,13292,12811,1174055000
2020,강동구,고덕2동,8717,22568,11413,11155,1174056000
2020,강동구,암사1동,16172,35728,17677,18051,1174057000
2020,강동구,암사2동,6350,15507,7504,8003,1174058000
2020,강동구,암사3동,6371,18420,9014,9406,1174059000
2020,강동구,천호1동,12912,27745,13603,14142,1174060000
2020,강동구,천호2동,17798,35251,17402,17849,1174061000
2020,강동구,천호3동,13919,27085,13235,13850,1174062000
2020,강동구,성내1동,8267,20353,9869,10484,1174064000
2020,강동구,성내2동,12913,24948,12248,12700,1174065000
2020,강동구,성내3동,10603,23692,11641,12051,1174066000
2020,강동구,둔촌1동,156,262,123,139,1174069000
2020,강동구,둔촌2동,11019,26413,12981,13432,1174070000
2020,강동구,길동,21587,46868,22816,24052,1174068500
2000,계,계,3540492,10373234,5198186,5175048,1100000000
2000,종로구,계,69935,188946,94923,94023,1111000000
2000,종로구,청운동,1918,5683,2953,2730,1111051000
2000,종로구,효자동,4352,12325,6033,6292,1111052000
2000,종로구,사직동,3542,8869,4322,4547,1111053000
2000,종로구,삼청동,2038,5470,2729,2741,1111054000
2000,종로구,부암동,4676,13416,6656,6760,1111055000
2000,종로구,평창동,6425,19832,9697,10135,1111056000
2000,종로구,무악동,3138,9209,4503,4706,1111057000
2000,종로구,교남동,3770,9368,4544,4824,1111058000
2000,종로구,가회동,2737,7319,3610,3709,1111060000
2000,종로구,종로1.2.3.4가동,3808,7953,4172,3781,1111061500
2000,종로구,종로5.6가동,2980,8329,4295,4034,1111063000
2000,종로구,이화동,4434,12237,6036,6201,1111064000
2000,종로구,혜화동,4759,12153,6036,6117,1111065000
2000,종로구,명륜3가동,3380,7806,4189,3617,1111066000
2000,종로구,창신1동,3616,9116,4776,4340,1111067000
2000,종로구,창신2동,4793,13391,6871,6520,1111068000
2000,종로구,창신3동,3049,9437,4777,4660,1111069000
2000,종로구,숭인1동,2960,8239,4244,3995,1111070000
2000,종로구,숭인2동,3560,8794,4480,4314,1111071000
2000,중구,계,53964,144074,72353,71721,1114000000
2000,중구,소공동,626,1817,950,867,1114052000
2000,중구,회현동,3151,7600,3960,3640,1114054000
2000,중구,명동,1183,3336,1523,1813,1114055000
2000,중구,필동,2007,5033,2603,2430,1114057000
2000,중구,장충동,2920,6989,3483,3506,1114058000
2000,중구,광희동,2793,6563,3347,3216,1114059000
2000,중구,을지로동,979,2055,1124,931,1114060500
2000,중구,신당1동,4022,10413,5309,5104,1114061000
2000,중구,신당2동,5930,16039,7956,8083,1114062000
2000,중구,신당3동,6657,18346,9085,9261,1114063000
2000,중구,신당4동,5926,17403,8540,8863,1114064000
2000,중구,신당5동,4845,12889,6587,6302,1114065000
2000,중구,신당6동,4500,12982,6419,6563,1114066000
2000,중구,황학동,3837,10326,5308,5018,1114067000
2000,중구,중림동,4588,12283,6159,6124,1114068000
2000,용산구,계,90547,248794,123677,125117,1117000000
2000,용산구,후암동,7442,20313,10215,10098,1117051000
2000,용산구,용산2가동,5210,15390,7652,7738,1117052000
2000,용산구,남영동,3232,7010,3763,3247,1117053000
2000,용산구,청파1동,6784,19068,9702,9366,1117054000
2000,용산구,청파2동,3611,8343,3935,4408,1117055000
2000,용산구,원효로1동,2815,7356,3755,3601,1117056000
2000,용산구,원효로2동,5583,15862,7805,8057,1117057000
2000,용산구,효창동,3818,11209,5637,5572,1117058000
2000,용산구,용문동,2764,7903,3996,3907,1117059000
2000,용산구,한강로1동,1852,4765,2384,2381,1117060000
2000,용산구,한강로2동,2543,6158,3146,3012,1117061000
2000,용산구,한강로3동,2380,6450,3253,3197,1117062000
2000,용산구,이촌1동,8126,25354,12407,12947,1117063000
2000,용산구,이촌2동,3643,10369,5126,5243,1117064000
2000,용산구,이태원1동,3779,10005,4903,5102,1117065000
2000,용산구,이태원2동,4902,14022,6837,7185,1117066000
2000,용산구,한남1동,5446,14314,7245,7069,1117067000
2000,용산구,한남2동,4152,10195,4964,5231,1117068000
2000,용산구,서빙고동,4473,13599,6690,6909,1117069000
2000,용산구,보광동,7992,21109,10262,10847,1117070000
2000,성동구,계,119842,342508,173244,169264,1120000000
2000,성동구,왕십리1동,5157,14972,7553,7419,1120051000
2000,성동구,왕십리2동,5800,16566,8397,8169,1120052000
2000,성동구,도선동,3886,10599,5343,5256,1120053000
2000,성동구,마장동,8859,26184,13219,12965,1120054000
2000,성동구,사근동,4824,12861,6623,6238,1120055000
2000,성동구,행당1동,5804,15785,7879,7906,1120056000
2000,성동구,행당2동,9483,29572,14617,14955,1120057000
2000,성동구,응봉동,4381,13605,6738,6867,1120058000
2000,성동구,금호1가동,4766,14205,7139,7066,1120059000
2000,성동구,금호2가동,4760,13379,6668,6711,1120060000
2000,성동구,금호3가동,6217,17775,8770,9005,1120061000
2000,성동구,금호4가동,5247,15095,7593,7502,1120062000
2000,성동구,옥수1동,5055,13790,7039,6751,1120063000
2000,성동구,옥수2동,6356,18909,9197,9712,1120064000
2000,성동구,성수1가1동,6705,19495,10113,9382,1120065000
2000,성동구,성수1가2동,7439,21033,10761,10272,1120066000
2000,성동구,성수2가1동,8144,23025,11959,11066,1120067000
2000,성동구,성수2가3동,3661,9736,5114,4622,1120069000
2000,성동구,송정동,5855,15432,8034,7398,1120072000
2000,성동구,용답동,7443,20490,10488,10002,1120079000
2000,광진구,계,137934,393055,197922,195133,1121500000
2000,광진구,노유1동,6520,18429,9377,9052,1121584500
2000,광진구,노유2동,7779,23346,11733,11613,1121584600
2000,광진구,화양동,7552,22282,11189,11093,1121571000
2000,광진구,군자동,11032,33597,16811,16786,1121573000
2000,광진구,중곡1동,4193,11480,5735,5745,1121574000
2000,광진구,중곡2동,9470,24622,12176,12446,1121575000
2000,광진구,중곡3동,8920,26382,13190,13192,1121576000
2000,광진구,중곡4동,9644,28585,14244,14341,1121577000
2000,광진구,능동,10872,34528,17105,17423,1121578000
2000,광진구,구의1동,10006,27563,14037,13526,1121585000
2000,광진구,구의2동,10031,30644,15327,15317,1121586000
2000,광진구,구의3동,9719,29540,15040,14500,1121587000
2000,광진구,광장동,5583,13979,7198,6781,1121581000
2000,광진구,자양1동,6270,17447,9050,8397,1121582000
2000,광진구,자양2동,11181,25721,12960,12761,1121583000
2000,광진구,자양3동,9162,24910,12750,12160,1121584000
2000,동대문구,계,136644,382122,193672,188450,1123000000
2000,동대문구,신설동,3397,9404,4804,4600,1123051000
2000,동대문구,용두1동,5776,14396,7446,6950,1123052000
2000,동대문구,용두2동,4292,11025,5656,5369,1123053000
2000,동대문구,제기1동,5600,15397,7823,7574,1123054000
2000,동대문구,제기2동,5494,13958,7208,6750,1123055000
2000,동대문구,전농1동,5802,16241,8354,7887,1123056000
2000,동대문구,전농2동,2907,7494,3831,3663,1123057000
2000,동대문구,전농3동,7049,22325,11142,11183,1123058000
2000,동대문구,전농4동,5355,15193,7683,7510,1123059000
2000,동대문구,답십리1동,3916,11400,5788,5612,1123060000
2000,동대문구,답십리2동,5043,15742,7969,7773,1123061000
2000,동대문구,답십리3동,2832,8541,4307,4234,1123062000
2000,동대문구,답십리4동,5493,16392,8292,8100,1123063000
2000,동대문구,답십리5동,3988,11233,5748,5485,1123064000
2000,동대문구,장안1동,6720,19383,9776,9607,1123065000
2000,동대문구,장안2동,5713,16559,8427,8132,1123066000
2000,동대문구,장안3동,3567,10305,5383,4922,1123067000
2000,동대문구,장안4동,5668,17122,8684,8438,1123068000
2000,동대문구,청량리1동,5533,16802,8518,8284,1123069000
2000,동대문구,청량리2동,3743,9848,4958,4890,1123070000
2000,동대문구,회기동,5076,12880,6357,6523,1123071000
2000,동대문구,휘경1동,7190,18482,9279,9203,1123072000
2000,동대문구,휘경2동,6967,20098,10010,10088,1123073000
2000,동대문구,이문1동,6047,15588,7826,7762,1123074000
2000,동대문구,이문2동,7954,19997,10111,9886,1123075000
2000,동대문구,이문3동,5522,16317,8292,8025,1123076000
2000,중랑구,계,153386,459255,231171,228084,1126000000
2000,중랑구,면목1동,8525,24532,12367,12165,1126051000
2000,중랑구,면목2동,11033,32212,16304,15908,1126052000
2000,중랑구,면목3동,7201,20595,10380,10215,1126053000
2000,중랑구,면목4동,8847,25339,12668,12671,1126054000
2000,중랑구,면목5동,5612,16832,8511,8321,1126055000
2000,중랑구,면목6동,5861,17556,8887,8669,1126056000
2000,중랑구,면목7동,9669,29031,14605,14426,1126057000
2000,중랑구,면목8동,4857,14774,7519,7255,1126057100
2000,중랑구,상봉1동,7634,23511,11728,11783,1126058000
2000,중랑구,상봉2동,6971,19054,9601,9453,1126059000
2000,중랑구,중화1동,7321,23202,11734,11468,1126060000
2000,중랑구,중화2동,8137,21983,11290,10693,1126061000
2000,중랑구,중화3동,5543,15880,8035,7845,1126061100
2000,중랑구,묵1동,10522,33306,16610,16696,1126062000
2000,중랑구,묵2동,7262,21458,10804,10654,1126063000
2000,중랑구,망우1동,8952,26437,13308,13129,1126064000
2000,중랑구,망우2동,3708,10604,5374,5230,1126065000
2000,중랑구,망우3동,7661,22914,11437,11477,1126066000
2000,중랑구,신내1동,9194,30365,15267,15098,1126068000
2000,중랑구,신내2동,8876,29670,14742,14928,1126069000
2000,성북구,계,159916,463488,233027,230461,1129000000
2000,성북구,성북1동,2696,7902,3907,3995,1129051000
2000,성북구,성북2동,3162,9349,4693,4656,1129052000
2000,성북구,동소문동,4142,12131,5919,6212,1129053000
2000,성북구,삼선1동,4774,13025,6458,6567,1129054000
2000,성북구,삼선2동,5819,16231,8077,8154,1129055000
2000,성북구,동선1동,2953,7434,3548,3886,1129056000
2000,성북구,동선2동,3020,8227,4079,4148,1129057000
2000,성북구,돈암1동,5819,17426,8688,8738,1129058000
2000,성북구,돈암2동,4130,12751,6317,6434,1129059000
2000,성북구,안암동,7393,18730,9582,9148,1129060000
2000,성북구,보문동,6672,18245,9083,9162,1129061000
2000,성북구,정릉1동,7507,23069,11336,11733,1129062000
2000,성북구,정릉2동,6436,18893,9567,9326,1129063000
2000,성북구,정릉3동,7323,21107,10580,10527,1129064000
2000,성북구,정릉4동,6973,20324,10188,10136,1129065000
2000,성북구,길음1동,3772,10375,5171,5204,1129066000
2000,성북구,길음2동,3397,10131,5199,4932,1129068500
2000,성북구,길음3동,5426,14869,7467,7402,1129068000
2000,성북구,종암1동,5997,17414,8768,8646,1129069000
2000,성북구,종암2동,7208,21073,10736,10337,1129070000
2000,성북구,월곡1동,6028,17592,8922,8670,1129071500
2000,성북구,월곡2동,3597,10420,5326,5094,1129072500
2000,성북구,월곡3동,2671,7274,3801,3473,1129073500
2000,성북구,월곡4동,430,1272,666,606,1129074500
2000,성북구,상월곡동,2472,7512,3798,3714,1129075000
2000,성북구,장위1동,9076,27996,13974,14022,1129076000
2000,성북구,장위2동,8300,25260,12775,12485,1129077000
2000,성북구,장위3동,7283,21395,11008,10387,1129078000
2000,성북구,석관1동,10436,31723,16173,15550,1129079000
2000,성북구,석관2동,5004,14338,7221,7117,1129080000
2000,강북구,계,117886,352772,176167,176605,1130500000
2000,강북구,미아1동,3616,10943,5560,5383,1130553100
2000,강북구,미아2동,6322,18486,9481,9005,1130553200
2000,강북구,미아3동,9380,27340,13709,13631,1130553300
2000,강북구,미아4동,5959,16981,8429,8552,1130554000
2000,강북구,미아5동,6848,20056,10126,9930,1130555000
2000,강북구,미아6.7동,4109,12152,6155,5997,1130556500
2000,강북구,미아8동,6253,18665,9274,9391,1130558000
2000,강북구,미아9동,6351,19883,9881,10002,1130558100
2000,강북구,번1동,8172,22468,11167,11301,1130559500
2000,강북구,번2동,7585,23869,11927,11942,1130560300
2000,강북구,번3동,7598,25594,12335,13259,1130560800
2000,강북구,수유1동,8604,25572,12889,12683,1130561500
2000,강북구,수유2동,8177,25429,12637,12792,1130562500
2000,강북구,수유3동,9341,26411,13137,13274,1130563000
2000,강북구,수유4동,7413,22267,11155,11112,1130564000
2000,강북구,수유5동,6497,19347,9691,9656,1130565000
2000,강북구,수유6동,5661,17309,8614,8695,1130565100
2000,도봉구,계,118807,371932,186372,185560,1132000000
2000,도봉구,쌍문1동,8179,25438,12800,12638,1132066000
2000,도봉구,쌍문2동,7569,23011,11512,11499,1132067000
2000,도봉구,쌍문3동,6089,18358,9122,9236,1132068000
2000,도봉구,쌍문4동,7376,24141,11906,12235,1132068100
2000,도봉구,방학1동,8676,25377,12926,12451,1132069000
2000,도봉구,방학2동,9226,28528,14392,14136,1132070000
2000,도봉구,방학3동,6430,21177,10429,10748,1132071000
2000,도봉구,방학4동,4038,14411,7248,7163,1132072000
2000,도봉구,창1동,10286,32756,16349,16407,1132051100
2000,도봉구,창2동,8591,26610,13410,13200,1132051200
2000,도봉구,창3동,6270,19349,9782,9567,1132051300
2000,도봉구,창4동,9626,30391,14979,15412,1132051400
2000,도봉구,창5동,6720,20574,10279,10295,1132051500
2000,도봉구,도봉1동,9722,29526,14972,14554,1132052100
2000,도봉구,도봉2동,10009,32285,16266,16019,1132052200
2000,노원구,계,201204,634068,314064,320004,1135000000
2000,노원구,월계1동,5434,16651,8335,8316,1135056000
2000,노원구,월계2동,10060,30210,14831,15379,1135057000
2000,노원구,월계3동,6370,20032,10034,9998,1135058000
2000,노원구,월계4동,8044,23538,11645,11893,1135058100
2000,노원구,공릉1동,6748,20064,10161,9903,1135059500
2000,노원구,공릉2동,14012,44325,22358,21967,1135060000
2000,노원구,공릉3동,5747,17432,8513,8919,1135060100
2000,노원구,하계1동,11403,34503,16571,17932,1135061100
2000,노원구,하계2동,8469,28677,14180,14497,1135061200
2000,노원구,중계본동,9307,30905,15509,15396,1135061900
2000,노원구,중계1동,9622,32982,16338,16644,1135062100
2000,노원구,중계2동,6019,19593,9581,10012,1135062200
2000,노원구,중계3동,8895,28578,13763,14815,1135062300
2000,노원구,중계4동,7738,24578,12102,12476,1135062400
2000,노원구,상계1동,12592,41304,20771,20533,1135063000
2000,노원구,상계2동,6902,21229,10622,10607,1135064000
2000,노원구,상계3동,8521,25651,12851,12800,1135065000
2000,노원구,상계4동,6169,18179,9283,8896,1135066000
2000,노원구,상계5동,9125,28300,14093,14207,1135067000
2000,노원구,상계6동,7500,23747,11641,12106,1135068000
2000,노원구,상계7동,6404,18658,8981,9677,1135069000
2000,노원구,상계8동,9423,32142,15845,16297,1135070000
2000,노원구,상계9동,8952,28833,14336,14497,1135071000
2000,노원구,상계10동,7748,23957,11720,12237,1135072000
2000,은평구,계,158856,470747,234001,236746,1138000000
2000,은평구,녹번동,12692,35770,17626,18144,1138051000
2000,은평구,불광1동,11265,32744,16240,16504,1138052000
2000,은평구,불광2동,7515,21816,10749,11067,1138053000
2000,은평구,불광3동,8318,24036,11912,12124,1138054000
2000,은평구,갈현1동,8968,27268,13556,13712,1138055100
2000,은평구,갈현2동,8117,25105,12221,12884,1138055200
2000,은평구,구산동,9184,28449,14064,14385,1138056000
2000,은평구,대조동,11107,31572,15416,16156,1138057000
2000,은평구,응암1동,10180,29985,14799,15186,1138058000
2000,은평구,응암2동,6766,19816,9927,9889,1138059000
2000,은평구,응암3동,7478,21860,11018,10842,1138060000
2000,은평구,응암4동,7157,20936,10528,10408,1138068000
2000,은평구,역촌1동,7307,21854,10684,11170,1138061000
2000,은평구,역촌2동,6407,19572,9706,9866,1138062000
2000,은평구,신사1동,7799,24461,12149,12312,1138063100
2000,은평구,신사2동,7753,24232,12352,11880,1138063200
2000,은평구,증산동,6788,21098,10686,10412,1138064000
2000,은평구,수색동,5978,17598,8898,8700,1138065000
2000,은평구,진관내동,4040,11022,5576,5446,1138066000
2000,은평구,진관외동,4037,11553,5894,5659,1138067000
2000,서대문구,계,131473,373105,185049,188056,1141000000
2000,서대문구,충정로동,3398,8849,4479,4370,1141051000
2000,서대문구,천연동,7316,19963,9880,10083,1141052000
2000,서대문구,북아현1동,4401,11442,5589,5853,1141054000
2000,서대문구,북아현2동,4575,10568,5099,5469,1141055000
2000,서대문구,북아현3동,5515,15646,7808,7838,1141056000
2000,서대문구,대신동,3662,9236,4330,4906,1141057000
2000,서대문구,창천동,5092,12332,6038,6294,1141058000
2000,서대문구,연희1동,5753,16015,7934,8081,1141059000
2000,서대문구,연희2동,4128,12389,6159,6230,1141060000
2000,서대문구,연희3동,5809,15138,7389,7749,1141061000
2000,서대문구,홍제1동,5772,16559,8084,8475,1141062000
2000,서대문구,홍제2동,4929,14131,7081,7050,1141065500
2000,서대문구,홍제3동,7752,22610,11214,11396,1141064000
2000,서대문구,홍제4동,5882,17941,8798,9143,1141065000
2000,서대문구,홍은1동,3748,11783,5882,5901,1141066000
2000,서대문구,홍은2동,7175,21413,10758,10655,1141068500
2000,서대문구,홍은3동,9891,29670,14697,14973,1141068000
2000,서대문구,남가좌1동,7179,19406,9728,9678,1141069000
2000,서대문구,남가좌2동,11553,34192,17086,17106,1141070000
2000,서대문구,북가좌1동,7002,20935,10535,10400,1141071000
2000,서대문구,북가좌2동,10941,32887,16481,16406,1141072000
2000,마포구,계,141862,390101,193446,196655,1144000000
2000,마포구,아현1동,5836,15843,8028,7815,1144051000
2000,마포구,아현2동,4203,11150,5540,5610,1144052000
2000,마포구,아현3동,3651,9678,4781,4897,1144053000
2000,마포구,공덕1동,4000,10864,5320,5544,1144054000
2000,마포구,공덕2동,4907,13168,6572,6596,1144055000
2000,마포구,신공덕동,3778,10610,5369,5241,1144056000
2000,마포구,도화1동,3699,10798,5226,5572,1144057000
2000,마포구,도화2동,4630,13106,6361,6745,1144058000
2000,마포구,용강동,3958,10828,5358,5470,1144059000
2000,마포구,대흥동,5865,16527,8278,8249,1144060000
2000,마포구,염리동,7872,20476,10152,10324,1144061000
2000,마포구,노고산동,4449,9912,4806,5106,1144062000
2000,마포구,신수동,7170,20438,10193,10245,1144063000
2000,마포구,창전동,4658,12577,6175,6402,1144064000
2000,마포구,상수동,5441,14797,7364,7433,1144065000
2000,마포구,서교동,7695,18857,9237,9620,1144066000
2000,마포구,동교동,6057,13824,6607,7217,1144067000
2000,마포구,합정동,8201,23529,11643,11886,1144068000
2000,마포구,망원1동,8826,25268,12737,12531,1144069000
2000,마포구,망원2동,6896,20717,10408,10309,1144070000
2000,마포구,연남동,7172,19565,9684,9881,1144071000
2000,마포구,성산1동,6967,19804,9883,9921,1144072000
2000,마포구,성산2동,13265,40317,19829,20488,1144073000
2000,마포구,상암동,2666,7448,3895,3553,1144074000
2000,양천구,계,155521,488282,246010,242272,1147000000
2000,양천구,목1동,7239,23683,11869,11814,1147051000
2000,양천구,목2동,9674,29570,14907,14663,1147052000
2000,양천구,목3동,7815,23047,11490,11557,1147053000
2000,양천구,목4동,8017,24213,12197,12016,1147054000
2000,양천구,목5동,6687,22726,11323,11403,1147055000
2000,양천구,목6동,7104,25119,12609,12510,1147055100
2000,양천구,신월1동,9219,27427,13934,13493,1147056000
2000,양천구,신월2동,8084,25539,12986,12553,1147057000
2000,양천구,신월3동,7593,22193,11248,10945,1147058000
2000,양천구,신월4동,5661,18491,9461,9030,1147059000
2000,양천구,신월5동,5440,16239,8266,7973,1147060000
2000,양천구,신월6동,5216,15936,8072,7864,1147061000
2000,양천구,신월7동,9661,30785,15574,15211,1147061100
2000,양천구,신정1동,8735,27436,13650,13786,1147062000
2000,양천구,신정2동,6068,20895,10563,10332,1147063000
2000,양천구,신정3동,13213,38544,19428,19116,1147064000
2000,양천구,신정4동,6008,17876,9062,8814,1147065000
2000,양천구,신정5동,6437,18995,9547,9448,1147066000
2000,양천구,신정6동,7546,25962,12840,13122,1147067000
2000,양천구,신정7동,10104,33606,16984,16622,1147068000
2000,강서구,계,173789,522962,260121,262841,1150000000
2000,강서구,염창동,11133,35943,18060,17883,1150051000
2000,강서구,등촌1동,5762,18308,9224,9084,1150052000
2000,강서구,등촌2동,5314,16337,8280,8057,1150053000
2000,강서구,등촌3동,13223,40514,19509,21005,1150053500
2000,강서구,화곡본동,10134,29835,14850,14985,1150059000
2000,강서구,화곡1동,7439,21686,10839,10847,1150054000
2000,강서구,화곡2동,6318,19128,9568,9560,1150055000
2000,강서구,화곡3동,4883,14853,7377,7476,1150056000
2000,강서구,화곡4동,7646,22860,11509,11351,1150057000
2000,강서구,화곡5동,8282,25179,12377,12802,1150058000
2000,강서구,화곡6동,6513,18960,9370,9590,1150059100
2000,강서구,화곡7동,9339,27475,13769,13706,1150059200
2000,강서구,화곡8동,7998,24477,12237,12240,1150059300
2000,강서구,가양1동,6759,21797,11059,10738,1150060300
2000,강서구,가양2동,7222,21691,10474,11217,1150060400
2000,강서구,가양3동,7438,22645,11226,11419,1150060500
2000,강서구,발산1동,4828,15061,7407,7654,1150061100
2000,강서구,발산2동,5358,15859,7719,8140,1150061200
2000,강서구,공항동,8559,23493,12012,11481,1150062000
2000,강서구,방화1동,9426,28246,14238,14008,1150063000
2000,강서구,방화2동,9373,26757,13256,13501,1150064000
2000,강서구,방화3동,10842,31858,15761,16097,1150064100
2000,구로구,신도림동,7343,24148,12208,11940,1153051000
2000,구로구,구로1동,6933,23461,11746,11715,1153052000
2000,구로구,구로2동,7760,21099,10831,10268,1153053000
2000,구로구,구로3동,8042,22892,11620,11272,1153054000
2000,구로구,구로4동,5753,16738,8409,8329,1153055000
2000,구로구,구로5동,9965,28842,14745,14097,1153056000
2000,구로구,구로6동,5565,15519,7900,7619,1153057000
2000,구로구,구로본동,7002,19273,9856,9417,1153056500
2000,구로구,가리봉1동,5531,12192,6663,5529,1153058000
2000,구로구,가리봉2동,2726,6498,3493,3005,1153059000
2000,구로구,고척1동,8114,25496,12932,12564,1153072000
2000,구로구,고척2동,10134,31156,15920,15236,1153073000
2000,구로구,개봉1동,6105,18623,9574,9049,1153074000
2000,구로구,개봉2동,7169,22418,11251,11167,1153075000
2000,구로구,개봉3동,7598,23782,11938,11844,1153076000
2000,구로구,개봉본동,6981,21361,10833,10528,1153076500
2000,구로구,오류1동,6469,19741,10012,9729,1153077000
2000,구로구,오류2동,8750,26726,13632,13094,1153078000
2000,구로구,수궁동,7956,24821,12767,12054,1153079000
2000,금천구,계,91827,268768,137672,131096,1154500000
2000,금천구,가산동,8897,23232,12415,10817,1154551000
2000,금천구,독산1동,11128,33696,17318,16378,1154561000
2000,금천구,독산2동,9728,27958,14252,13706,1154562000
2000,금천구,독산3동,6034,17374,8807,8567,1154563000
2000,금천구,독산4동,7609,21762,11167,10595,1154564000
2000,금천구,독산본동,6090,16345,8373,7972,1154565000
2000,금천구,시흥1동,5757,17812,9122,8690,1154567000
2000,금천구,시흥2동,3571,12069,6051,6018,1154568000
2000,금천구,시흥3동,4643,14266,7226,7040,1154569000
2000,금천구,시흥4동,10218,31168,15883,15285,1154570000
2000,금천구,시흥5동,9131,27541,14119,13422,1154571000
2000,금천구,시흥본동,9021,25545,12939,12606,1154566000
2000,영등포구,계,143085,409399,207962,201437,1156000000
2000,영등포구,영등포1동,3132,7869,4041,3828,1156051000
2000,영등포구,영등포2동,2476,5815,3202,2613,1156052000
2000,영등포구,영등포3동,3529,10118,5089,5029,1156053000
2000,영등포구,여의도동,9744,30630,15029,15601,1156054000
2000,영등포구,당산1동,7406,20489,10347,10142,1156055000
2000,영등포구,당산2동,8481,25072,12639,12433,1156056000
2000,영등포구,도림1동,3842,10120,5193,4927,1156057000
2000,영등포구,도림2동,4831,13254,6796,6458,1156058000
2000,영등포구,문래1동,2267,7169,3893,3276,1156059000
2000,영등포구,문래2동,4024,13135,6697,6438,1156060000
2000,영등포구,양평1동,5285,15644,8010,7634,1156061000
2000,영등포구,양평2동,6690,20874,10698,10176,1156062000
2000,영등포구,신길1동,9636,25578,12840,12738,1156063000
2000,영등포구,신길2동,4660,12452,6258,6194,1156064000
2000,영등포구,신길3동,8222,23833,11913,11920,1156065000
2000,영등포구,신길4동,4982,14188,7130,7058,1156066000
2000,영등포구,신길5동,7583,21571,11076,10495,1156067000
2000,영등포구,신길6동,10104,29174,14815,14359,1156068000
2000,영등포구,신길7동,6963,20275,10279,9996,1156069000
2000,영등포구,대림1동,7665,22031,11096,10935,1156070000
2000,영등포구,대림2동,9272,24343,12566,11777,1156071000
2000,영등포구,대림3동,12291,35765,18355,17410,1156072000
2000,동작구,계,144888,417396,209958,207438,1159000000
2000,동작구,노량진1동,8612,24722,12488,12234,1159051000
2000,동작구,노량진2동,7931,20936,10655,10281,1159052000
2000,동작구,상도1동,5174,15226,7644,7582,1159053000
2000,동작구,상도2동,8521,24253,12100,12153,1159054000
2000,동작구,상도3동,7429,22395,11275,11120,1159055000
2000,동작구,상도4동,10502,31705,16040,15665,1159056000
2000,동작구,상도5동,6595,19078,9619,9459,1159056100
2000,동작구,본동,5165,14118,7070,7048,1159057000
2000,동작구,흑석1동,6243,15512,7984,7528,1159058000
2000,동작구,흑석2동,5166,15014,7447,7567,1159059000
2000,동작구,흑석3동,4284,11953,6057,5896,1159060000
2000,동작구,동작동,7590,22024,11072,10952,1159061000
2000,동작구,사당1동,9251,25102,12551,12551,1159062000
2000,동작구,사당2동,4791,14408,7131,7277,1159063000
2000,동작구,사당3동,9068,27148,13650,13498,1159064000
2000,동작구,사당4동,5413,16088,8151,7937,1159065000
2000,동작구,사당5동,5594,16895,8580,8315,1159065100
2000,동작구,대방동,12276,36805,18475,18330,1159066000
2000,동작구,신대방1동,8235,22943,11508,11435,1159067000
2000,동작구,신대방2동,7048,21071,10461,10610,1159068000
2000,관악구,계,186734,525926,267989,257937,1162000000
2000,관악구,봉천본동,5227,15728,7920,7808,1162051000
2000,관악구,봉천1동,9566,28773,14464,14309,1162052000
2000,관악구,봉천2동,4446,14272,7146,7126,1162053000
2000,관악구,봉천3동,4246,12779,6411,6368,1162054000
2000,관악구,봉천4동,6878,17903,9041,8862,1162055000
2000,관악구,봉천5동,1737,5402,2774,2628,1162056000
2000,관악구,봉천6동,10922,30406,15476,14930,1162057000
2000,관악구,봉천7동,6545,17097,8776,8321,1162058000
2000,관악구,봉천8동,6817,19200,9749,9451,1162059000
2000,관악구,봉천9동,3888,12164,6240,5924,1162060000
2000,관악구,봉천10동,5595,16034,8048,7986,1162061000
2000,관악구,봉천11동,9641,28272,14215,14057,1162062000
2000,관악구,남현동,6308,17308,8673,8635,1162063000
2000,관악구,신림본동,9184,25035,12593,12442,1162064000
2000,관악구,신림1동,8642,24586,12240,12346,1162065000
2000,관악구,신림2동,10414,26890,14171,12719,1162066000
2000,관악구,신림3동,6595,20375,10467,9908,1162067000
2000,관악구,신림4동,11019,30303,15187,15116,1162068000
2000,관악구,신림5동,6797,16680,8280,8400,1162069000
2000,관악구,신림6동,4154,11427,5869,5558,1162070000
2000,관악구,신림7동,4696,13124,6785,6339,1162071000
2000,관악구,신림8동,8242,22412,11291,11121,1162072000
2000,관악구,신림9동,11212,25132,14281,10851,1162073000
2000,관악구,신림10동,7050,22551,11446,11105,1162074000
2000,관악구,신림11동,4531,13601,6898,6703,1162075000
2000,관악구,신림12동,6715,21523,10906,10617,1162076000
2000,관악구,신림13동,5667,16949,8642,8307,1162077000
2000,서초구,계,137997,401858,198026,203832,1165000000
2000,서초구,서초1동,5659,16471,8246,8225,1165051000
2000,서초구,서초2동,6733,20802,10457,10345,1165052000
2000,서초구,서초3동,8706,23926,12457,11469,1165053000
2000,서초구,서초4동,7539,24129,12032,12097,1165053100
2000,서초구,잠원동,12845,34382,16380,18002,1165054000
2000,서초구,반포본동,4433,14468,6794,7674,1165055000
2000,서초구,반포1동,11439,28496,13683,14813,1165056000
2000,서초구,반포2동,6275,20002,9689,10313,1165057000
2000,서초구,반포3동,8049,24809,11969,12840,1165058000
2000,서초구,반포4동,6113,19263,9546,9717,1165058100
2000,서초구,방배본동,6208,18642,9049,9593,1165059000
2000,서초구,방배1동,6001,17330,8598,8732,1165060000
2000,서초구,방배2동,10647,31822,15589,16233,1165061000
2000,서초구,방배3동,8427,26473,13272,13201,1165062000
2000,서초구,방배4동,7217,21716,10607,11109,1165062100
2000,서초구,양재1동,10101,28293,13995,14298,1165065100
2000,서초구,양재2동,8681,22145,11124,11021,1165065200
2000,서초구,내곡동,2924,8689,4539,4150,1165066000
2000,강남구,계,193101,555493,273122,282371,1168000000
2000,강남구,신사동,8829,23742,11511,12231,1168051000
2000,강남구,논현1동,11910,26460,12634,13826,1168052100
2000,강남구,논현2동,8781,23030,11296,11734,1168053100
2000,강남구,압구정1동,6550,19808,9794,10014,1168054000
2000,강남구,압구정2동,4905,13756,6595,7161,1168055000
2000,강남구,청담1동,7108,21115,10444,10671,1168056000
2000,강남구,청담2동,5113,13532,6632,6900,1168057000
2000,강남구,삼성1동,4887,15038,7753,7285,1168058000
2000,강남구,삼성2동,9624,26692,13414,13278,1168059000
2000,강남구,대치1동,7093,24813,12199,12614,1168060000
2000,강남구,대치2동,7892,28364,14052,14312,1168061000
2000,강남구,대치3동,5795,17689,8988,8701,1168062000
2000,강남구,대치4동,6409,16529,8132,8397,1168063000
2000,강남구,역삼1동,13874,31753,15722,16031,1168064000
2000,강남구,역삼2동,10405,29967,14455,15512,1168065000
2000,강남구,도곡1동,7016,21275,10498,10777,1168065500
2000,강남구,도곡2동,6905,19138,9307,9831,1168065600
2000,강남구,개포1동,7585,24033,11754,12279,1168066000
2000,강남구,개포2동,7158,20724,10067,10657,1168067000
2000,강남구,개포3동,5652,19088,9572,9516,1168068000
2000,강남구,개포4동,8397,23385,11558,11827,1168069000
2000,강남구,일원본동,7458,24923,12381,12542,1168072000
2000,강남구,일원1동,7288,22041,10896,11145,1168073000
2000,강남구,일원2동,6900,21281,10330,10951,1168074000
2000,강남구,수서동,7270,20403,9507,10896,1168075000
2000,강남구,세곡동,2297,6914,3631,3283,1168070000
2000,송파구,계,222053,665644,330881,334763,1171000000
2000,송파구,풍납1동,8502,24965,12349,12616,1171051000
2000,송파구,풍납2동,11108,33797,16787,17010,1171052000
2000,송파구,거여1동,5470,17679,8894,8785,1171053100
2000,송파구,거여2동,10769,32421,16546,15875,1171053200
2000,송파구,마천1동,7525,22503,11454,11049,1171054000
2000,송파구,마천2동,7795,24446,12506,11940,1171055000
2000,송파구,방이1동,5316,16300,8199,8101,1171056100
2000,송파구,방이2동,8781,24808,12372,12436,1171056200
2000,송파구,오륜동,6381,22948,11145,11803,1171056600
2000,송파구,오금동,12643,39500,19712,19788,1171057000
2000,송파구,송파1동,9295,26136,12915,13221,1171058000
2000,송파구,송파2동,6395,20731,10218,10513,1171059000
2000,송파구,석촌동,12169,32873,16427,16446,1171060000
2000,송파구,삼전동,12080,32891,16321,16570,1171061000
2000,송파구,가락본동,9124,27490,13821,13669,1171062000
2000,송파구,가락1동,7469,22075,11071,11004,1171063100
2000,송파구,가락2동,11625,37060,18479,18581,1171063200
2000,송파구,문정1동,6393,19132,9632,9500,1171064100
2000,송파구,문정2동,5137,17567,8688,8879,1171064200
2000,송파구,장지동,7033,20792,10501,10291,1171064600
2000,송파구,잠실본동,11231,29779,14462,15317,1171065000
2000,송파구,잠실1동,5879,14446,7010,7436,1171066000
2000,송파구,잠실2동,4884,13787,6765,7022,1171067000
2000,송파구,잠실3동,6160,18714,9133,9581,1171068000
2000,송파구,잠실4동,10016,29484,14511,14973,1171069000
2000,송파구,잠실5동,4436,15390,7554,7836,1171070000
2000,송파구,잠실6동,4859,16047,7756,8291,1171071000
2000,송파구,잠실7동,3578,11883,5653,6230,1171072000
2000,강동구,계,163345,497753,251027,246726,1174000000
2000,강동구,강일동,1894,5355,2816,2539,1174051500
2000,강동구,상일동,10118,33613,16993,16620,1174052000
2000,강동구,명일1동,9563,30699,15207,15492,1174053000
2000,강동구,명일2동,5901,20852,10555,10297,1174054000
2000,강동구,고덕1동,8389,27282,13968,13314,1174055000
2000,강동구,고덕2동,7223,22915,11719,11196,1174056000
2000,강동구,암사1동,8697,24706,12528,12178,1174057000
2000,강동구,암사2동,5095,15860,7973,7887,1174058000
2000,강동구,암사3동,5646,16688,8381,8307,1174059000
2000,강동구,암사4동,5473,16220,8180,8040,1174059100
2000,강동구,천호1동,11738,34447,17285,17162,1174060000
2000,강동구,천호2동,6399,17825,9051,8774,1174061000
2000,강동구,천호3동,11225,31295,15805,15490,1174062000
2000,강동구,천호4동,8197,23503,11809,11694,1174063000
2000,강동구,성내1동,6581,20732,10490,10242,1174064000
2000,강동구,성내2동,10778,29902,14974,14928,1174065000
2000,강동구,성내3동,7850,22743,11430,11313,1174066000
2000,강동구,길1동,7213,21625,10765,10860,1174067000
2000,강동구,길2동,8885,27932,13982,13950,1174068000
2000,강동구,둔촌1동,6878,23189,11905,11284,1174069000
2000,강동구,둔촌2동,9602,30370,15211,15159,1174070000
2015,계,계,4189948,10297138,5063550,5233588,1100000000
2015,종로구,계,72645,163822,80531,83291,1111000000
2015,종로구,사직동,4372,10033,4689,5344,1111053000
2015,종로구,삼청동,1407,3174,1506,1668,1111054000
2015,종로구,부암동,4427,11217,5433,5784,1111055000
2015,종로구,평창동,7350,19414,9209,10205,1111056000
2015,종로구,무악동,3142,8619,4070,4549,1111057000
2015,종로구,교남동,2333,4875,2339,2536,1111058000
2015,종로구,가회동,2195,4961,2307,2654,1111060000
2015,종로구,종로1.2.3.4가동,5487,8786,5040,3746,1111061500
2015,종로구,종로5.6가동,3237,6057,3322,2735,1111063000
2015,종로구,이화동,4508,9216,4372,4844,1111064000
2015,종로구,혜화동,9259,20066,9520,10546,1111065000
2015,종로구,창신1동,3252,6862,3666,3196,1111067000
2015,종로구,창신2동,4483,11040,5564,5476,1111068000
2015,종로구,창신3동,2961,7933,3981,3952,1111069000
2015,종로구,숭인1동,3135,7232,3617,3615,1111070000
2015,종로구,숭인2동,5353,9983,5094,4889,1111071000
2015,종로구,청운효자동,5744,14354,6802,7552,1111051500
2015,중구,계,59321,134329,66755,67574,1114000000
2015,중구,소공동,646,1869,1054,815,1114052000
2015,중구,회현동,3412,6263,3422,2841,1114054000
2015,중구,명동,1447,3521,1589,1932,1114055000
2015,중구,필동,2319,5101,2559,2542,1114057000
2015,중구,장충동,2811,5903,2941,2962,1114058000
2015,중구,광희동,2779,5817,2993,2824,1114059000
2015,중구,을지로동,1248,1854,1162,692,1114060500
2015,중구,신당5동,4688,10449,5219,5230,1114065000
2015,중구,황학동,6073,13287,6621,6666,1114067000
2015,중구,중림동,4251,8979,4560,4419,1114068000
2015,중구,신당동,4051,9042,4625,4417,1114061500
2015,중구,다산동,6880,16004,7769,8235,1114062500
2015,중구,약수동,7897,19002,9109,9893,1114063500
2015,중구,청구동,6525,15555,7455,8100,1114064500
2015,중구,동화동,4294,11683,5677,6006,1114066500
2015,용산구,계,107512,247909,121027,126882,1117000000
2015,용산구,후암동,8750,19684,9729,9955,1117051000
2015,용산구,용산2가동,5776,13106,6437,6669,1117052000
2015,용산구,남영동,5440,8643,5213,3430,1117053000
2015,용산구,원효로1동,6361,14330,7060,7270,1117056000
2015,용산구,원효로2동,6062,15709,7397,8312,1117057000
2015,용산구,효창동,3816,9816,4790,5026,1117058000
2015,용산구,용문동,5209,13027,6275,6752,1117059000
2015,용산구,이촌1동,10001,29002,13534,15468,1117063000
2015,용산구,이촌2동,4017,9663,4600,5063,1117064000
2015,용산구,이태원1동,4012,9030,4506,4524,1117065000
2015,용산구,이태원2동,4966,11154,5287,5867,1117066000
2015,용산구,서빙고동,5307,14342,6980,7362,1117069000
2015,용산구,보광동,8134,17289,8545,8744,1117070000
2015,용산구,청파동,10873,22366,10627,11739,1117055500
2015,용산구,한강로동,7628,16424,8187,8237,1117062500
2015,용산구,한남동,11160,24324,11860,12464,1117068500
2015,성동구,계,126714,305065,151459,153606,1120000000
2015,성동구,왕십리2동,6732,16540,8111,8429,1120052000
2015,성동구,마장동,10449,25060,12434,12626,1120054000
2015,성동구,사근동,6481,12947,6689,6258,1120055000
2015,성동구,행당1동,6404,15129,7420,7709,1120056000
2015,성동구,행당2동,9393,26124,12430,13694,1120057000
2015,성동구,응봉동,6234,17019,8122,8897,1120058000
2015,성동구,금호1가동,5420,13780,6694,7086,1120059000
2015,성동구,금호4가동,6125,14771,7155,7616,1120062000
2015,성동구,성수1가1동,7205,17557,8887,8670,1120065000
2015,성동구,성수1가2동,7723,17486,8860,8626,1120066000
2015,성동구,성수2가1동,8808,20080,10423,9657,1120067000
2015,성동구,성수2가3동,5425,12251,6378,5873,1120069000
2015,성동구,송정동,5482,12063,6403,5660,1120072000
2015,성동구,용답동,7863,17207,9107,8100,1120079000
2015,성동구,왕십리도선동,8472,20808,10110,10698,1120053500
2015,성동구,금호2.3가동,9263,22962,11131,11831,1120061500
2015,성동구,옥수동,9235,23281,11105,12176,1120064500
2015,광진구,계,158353,375180,183436,191744,1121500000
2015,광진구,화양동,14244,24419,11527,12892,1121571000
2015,광진구,군자동,10234,22091,10927,11164,1121573000
2015,광진구,중곡1동,7652,16526,8228,8298,1121574000
2015,광진구,중곡2동,9725,22610,11041,11569,1121575000
2015,광진구,중곡3동,8122,18120,9076,9044,1121576000
2015,광진구,중곡4동,13005,32041,15816,16225,1121577000
2015,광진구,능동,5821,11712,5536,6176,1121578000
2015,광진구,구의1동,11201,23510,11279,12231,1121585000
2015,광진구,구의2동,10481,25879,12647,13232,1121586000
2015,광진구,구의3동,11531,30067,14563,15504,1121587000
2015,광진구,광장동,11861,36917,17952,18965,1121581000
2015,광진구,자양1동,10742,24151,11833,12318,1121582000
2015,광진구,자양2동,11158,27877,13840,14037,1121583000
2015,광진구,자양3동,11104,31227,15162,16065,1121584000
2015,광진구,자양4동,11472,28033,14009,14024,1121584700
2015,동대문구,계,159941,373824,185827,187997,1123000000
2015,동대문구,전농1동,14247,31254,15860,15394,1123056000
2015,동대문구,전농2동,7714,21234,10255,10979,1123057000
2015,동대문구,답십리1동,10984,26582,13138,13444,1123060000
2015,동대문구,답십리2동,11378,29504,14521,14983,1123061000
2015,동대문구,장안1동,15720,38017,19136,18881,1123065000
2015,동대문구,장안2동,12719,32289,16317,15972,1123066000
2015,동대문구,회기동,5794,12524,5841,6683,1123071000
2015,동대문구,휘경1동,7391,15501,7642,7859,1123072000
2015,동대문구,휘경2동,10645,25519,12547,12972,1123073000
2015,동대문구,이문1동,15033,32433,15774,16659,1123074000
2015,동대문구,이문2동,8674,22888,11243,11645,1123075000
2015,동대문구,청량리동,10633,24019,11985,12034,1123070500
2015,동대문구,용신동,16000,33210,17070,16140,1123053600
2015,동대문구,제기동,13009,28850,14498,14352,1123054500
2015,중랑구,계,176390,418620,208393,210227,1126000000
2015,중랑구,면목2동,12051,27560,13845,13715,1126052000
2015,중랑구,면목4동,9754,22345,11034,11311,1126054000
2015,중랑구,면목5동,5083,11607,5920,5687,1126055000
2015,중랑구,면목7동,10357,24004,11916,12088,1126057000
2015,중랑구,상봉1동,9834,26320,12939,13381,1126058000
2015,중랑구,상봉2동,9522,18629,9392,9237,1126059000
2015,중랑구,중화1동,8499,21283,10550,10733,1126060000
2015,중랑구,중화2동,13978,29090,15006,14084,1126061000
2015,중랑구,묵1동,13370,34885,17043,17842,1126062000
2015,중랑구,묵2동,8478,19613,9715,9898,1126063000
2015,중랑구,망우3동,8174,18415,9207,9208,1126066000
2015,중랑구,신내1동,14325,42150,20726,21424,1126068000
2015,중랑구,신내2동,9094,23913,11593,12320,1126069000
2015,중랑구,면목본동,16550,36575,18247,18328,1126056500
2015,중랑구,면목3.8동,12602,28620,14276,14344,1126057500
2015,중랑구,망우본동,14719,33611,16984,16627,1126065500
2015,성북구,계,190973,469560,229183,240377,1129000000
2015,성북구,돈암1동,6531,17222,8180,9042,1129058000
2015,성북구,돈암2동,7834,23722,11362,12360,1129059000
2015,성북구,안암동,8756,18022,8914,9108,1129060000
2015,성북구,보문동,7027,15018,7350,7668,1129061000
2015,성북구,정릉1동,7075,19372,9314,10058,1129062000
2015,성북구,정릉2동,9577,24644,12151,12493,1129063000
2015,성북구,정릉3동,7660,17801,8871,8930,1129064000
2015,성북구,정릉4동,10991,27893,13601,14292,1129065000
2015,성북구,길음1동,13093,38048,18321,19727,1129066000
2015,성북구,길음2동,6866,16300,8037,8263,1129068500
2015,성북구,월곡1동,10811,28751,14026,14725,1129071500
2015,성북구,월곡2동,8765,21483,10602,10881,1129072500
2015,성북구,장위1동,9573,23502,11706,11796,1129076000
2015,성북구,장위2동,8848,20950,10467,10483,1129077000
2015,성북구,장위3동,5838,14165,7181,6984,1129078000
2015,성북구,성북동,8112,18536,8828,9708,1129052500
2015,성북구,삼선동,12671,27936,13524,14412,1129055500
2015,성북구,동선동,8911,16974,7426,9548,1129057500
2015,성북구,종암동,17088,43496,21414,22082,1129070500
2015,성북구,석관동,14946,35725,17908,17817,1129081000
2015,강북구,계,141088,334426,164337,170089,1130500000
2015,강북구,번1동,9846,20541,10151,10390,1130559500
2015,강북구,번2동,7641,18746,9174,9572,1130560300
2015,강북구,번3동,7675,20235,9705,10530,1130560800
2015,강북구,수유1동,9960,22927,11451,11476,1130561500
2015,강북구,수유2동,9214,22644,11131,11513,1130562500
2015,강북구,수유3동,11326,23953,11933,12020,1130563000
2015,강북구,삼양동,12697,30085,15035,15050,1130553400
2015,강북구,미아동,10779,23756,11550,12206,1130553500
2015,강북구,송중동,13235,31068,15122,15946,1130554500
2015,강북구,송천동,13611,30453,15182,15271,1130555500
2015,강북구,삼각산동,12176,34782,16919,17863,1130557500
2015,강북구,우이동,9128,21904,10763,11141,1130564500
2015,강북구,인수동,13800,33332,16221,17111,1130566000
2015,도봉구,계,136903,353241,173804,179437,1132000000
2015,도봉구,쌍문1동,8927,22590,11054,11536,1132066000
2015,도봉구,쌍문2동,8603,21294,10382,10912,1132067000
2015,도봉구,쌍문3동,7561,18028,8789,9239,1132068000
2015,도봉구,쌍문4동,7246,21102,10117,10985,1132068100
2015,도봉구,방학1동,12713,31622,15825,15797,1132069000
2015,도봉구,방학2동,9606,22631,11465,11166,1132070000
2015,도봉구,방학3동,10469,30909,15117,15792,1132071000
2015,도봉구,창1동,10861,27881,13524,14357,1132051100
2015,도봉구,창2동,11865,31123,15361,15762,1132051200
2015,도봉구,창3동,6711,15821,7932,7889,1132051300
2015,도봉구,창4동,10638,29838,14416,15422,1132051400
2015,도봉구,창5동,9901,27105,13204,13901,1132051500
2015,도봉구,도봉1동,10178,23526,11920,11606,1132052100
2015,도봉구,도봉2동,11624,29771,14698,15073,1132052200
2015,노원구,계,219768,578221,281538,296683,1135000000
2015,노원구,월계1동,9497,22875,11773,11102,1135056000
2015,노원구,월계2동,11715,28708,13974,14734,1135057000
2015,노원구,월계3동,13213,34528,16704,17824,1135058000
2015,노원구,공릉1동,17086,39942,19551,20391,1135059500
2015,노원구,공릉2동,16773,45297,22510,22787,1135060000
2015,노원구,하계1동,11052,29635,14291,15344,1135061100
2015,노원구,하계2동,8519,25078,12153,12925,1135061200
2015,노원구,중계본동,9492,28567,14074,14493,1135061900
2015,노원구,중계1동,9337,29782,14619,15163,1135062100
2015,노원구,중계4동,8310,22707,11122,11585,1135062400
2015,노원구,상계1동,15723,42935,21019,21916,1135063000
2015,노원구,상계2동,8663,22250,11012,11238,1135064000
2015,노원구,상계5동,11324,28084,13714,14370,1135067000
2015,노원구,상계8동,9405,26026,12531,13495,1135070000
2015,노원구,상계9동,8700,23848,11461,12387,1135071000
2015,노원구,상계10동,7607,19709,9236,10473,1135072000
2015,노원구,중계2.3동,15702,40388,18923,21465,1135062500
2015,노원구,상계3.4동,13730,31990,16083,15907,1135066500
2015,노원구,상계6.7동,13920,35872,16788,19084,1135069500
2015,은평구,계,203410,502578,244964,257614,1138000000
2015,은평구,녹번동,14109,32347,15655,16692,1138051000
2015,은평구,불광1동,17450,42770,20515,22255,1138052000
2015,은평구,불광2동,12996,29328,14451,14877,1138053000
2015,은평구,갈현1동,11049,25892,12744,13148,1138055100
2015,은평구,갈현2동,12000,30309,14573,15736,1138055200
2015,은평구,구산동,12408,34330,17439,16891,1138056000
2015,은평구,대조동,15337,33327,15903,17424,1138057000
2015,은평구,응암1동,13642,32806,15806,17000,1138058000
2015,은평구,응암2동,9449,23264,11465,11799,1138059000
2015,은평구,응암3동,12392,27254,13354,13900,1138060000
2015,은평구,신사1동,11103,28541,13921,14620,1138063100
2015,은평구,신사2동,8777,22193,11101,11092,1138063200
2015,은평구,증산동,7958,19978,9986,9992,1138064000
2015,은평구,수색동,6993,16723,8428,8295,1138065000
2015,은평구,진관동,17855,53613,25597,28016,1138069000
2015,은평구,역촌동,19892,49903,24026,25877,1138062500
2015,서대문구,계,135770,323105,156130,166975,1141000000
2015,서대문구,천연동,8593,20114,9762,10352,1141052000
2015,서대문구,홍제1동,9948,24438,11674,12764,1141062000
2015,서대문구,홍제2동,5909,15446,7395,8051,1141065500
2015,서대문구,홍제3동,8165,19614,9604,10010,1141064000
2015,서대문구,홍은1동,9908,24842,12200,12642,1141066000
2015,서대문구,홍은2동,12474,30401,14839,15562,1141068500
2015,서대문구,남가좌1동,4089,11293,5542,5751,1141069000
2015,서대문구,남가좌2동,11711,27549,13579,13970,1141070000
2015,서대문구,북가좌1동,7072,19844,9662,10182,1141071000
2015,서대문구,북가좌2동,14046,34629,16966,17663,1141072000
2015,서대문구,충현동,8922,19376,9445,9931,1141056500
2015,서대문구,북아현동,5038,11154,5424,5730,1141055500
2015,서대문구,신촌동,11284,22545,9839,12706,1141058500
2015,서대문구,연희동,18611,41860,20199,21661,1141061500
2015,마포구,계,171480,398351,190957,207394,1144000000
2015,마포구,용강동,8741,22138,10657,11481,1144059000
2015,마포구,대흥동,7966,15405,7274,8131,1144060000
2015,마포구,염리동,7202,16005,7765,8240,1144061000
2015,마포구,신수동,8505,20230,9961,10269,1144063000
2015,마포구,서교동,14980,28125,12884,15241,1144066000
2015,마포구,합정동,9164,19986,9564,10422,1144068000
2015,마포구,망원1동,10214,22751,10997,11754,1144069000
2015,마포구,망원2동,8247,20809,10019,10790,1144070000
2015,마포구,연남동,8937,19157,8985,10172,1144071000
2015,마포구,성산1동,9244,21272,10127,11145,1144072000
2015,마포구,성산2동,16043,40265,19396,20869,1144073000
2015,마포구,상암동,12237,33875,16495,17380,1144074000
2015,마포구,도화동,9639,23403,11230,12173,1144058500
2015,마포구,서강동,11807,26655,12707,13948,1144065500
2015,마포구,공덕동,17010,39391,19000,20391,1144056500
2015,마포구,아현동,11544,28884,13896,14988,1144055500
2015,양천구,계,179512,489010,242074,246936,1147000000
2015,양천구,목1동,10688,33380,16134,17246,1147051000
2015,양천구,목2동,12340,31694,15523,16171,1147052000
2015,양천구,목3동,8995,22050,10806,11244,1147053000
2015,양천구,목4동,9930,28044,13909,14135,1147054000
2015,양천구,목5동,13740,44545,22123,22422,1147055000
2015,양천구,신월1동,10463,23851,12247,11604,1147056000
2015,양천구,신월2동,8640,23422,11606,11816,1147057000
2015,양천구,신월3동,8494,18461,9670,8791,1147058000
2015,양천구,신월4동,6934,19914,9794,10120,1147059000
2015,양천구,신월5동,6309,16490,8150,8340,1147060000
2015,양천구,신월6동,4716,11841,6029,5812,1147061000
2015,양천구,신월7동,9313,23919,11796,12123,1147061100
2015,양천구,신정1동,6258,18979,9269,9710,1147062000
2015,양천구,신정2동,7316,21953,10861,11092,1147063000
2015,양천구,신정3동,20216,55866,27727,28139,1147064000
2015,양천구,신정4동,15353,36196,17824,18372,1147065000
2015,양천구,신정6동,8256,26375,12841,13534,1147067000
2015,양천구,신정7동,11551,32030,15765,16265,1147068000
2015,강서구,계,238952,595691,291216,304475,1150000000
2015,강서구,염창동,14377,42118,20792,21326,1150051000
2015,강서구,등촌1동,10525,22726,10849,11877,1150052000
2015,강서구,등촌2동,7985,21706,10825,10881,1150053000
2015,강서구,등촌3동,14719,35567,17062,18505,1150053500
2015,강서구,화곡본동,15224,36575,17846,18729,1150059000
2015,강서구,화곡1동,23584,53295,26350,26945,1150054000
2015,강서구,화곡2동,8026,20246,9906,10340,1150055000
2015,강서구,화곡3동,9037,23556,11394,12162,1150056000
2015,강서구,화곡4동,9768,23382,11565,11817,1150057000
2015,강서구,화곡6동,10595,25778,12720,13058,1150059100
2015,강서구,화곡8동,11049,27311,13275,14036,1150059300
2015,강서구,가양1동,9816,24996,12346,12650,1150060300
2015,강서구,가양2동,7931,16775,8062,8713,1150060400
2015,강서구,가양3동,7828,17696,8428,9268,1150060500
2015,강서구,발산1동,13555,40424,19378,21046,1150061100
2015,강서구,공항동,9769,21088,11002,10086,1150062000
2015,강서구,방화1동,16073,43914,21632,22282,1150063000
2015,강서구,방화2동,11246,25212,12419,12793,1150064000
2015,강서구,방화3동,11359,26257,12636,13621,1150064100
2015,강서구,우장산동,16486,47069,22729,24340,1150061500
2015,구로구,계,172321,454604,228201,226403,1153000000
2015,구로구,신도림동,13209,38233,18754,19479,1153051000
2015,구로구,구로1동,7801,22886,11391,11495,1153052000
2015,구로구,구로2동,13690,38125,19752,18373,1153053000
2015,구로구,구로3동,13848,28449,14367,14082,1153054000
2015,구로구,구로4동,11413,29517,14943,14574,1153055000
2015,구로구,구로5동,13785,34993,17355,17638,1153056000
2015,구로구,고척1동,9630,25646,12881,12765,1153072000
2015,구로구,고척2동,11634,30491,15327,15164,1153073000
2015,구로구,개봉1동,14005,36032,18038,17994,1153074000
2015,구로구,개봉2동,12763,34765,17129,17636,1153075000
2015,구로구,개봉3동,8559,22472,11118,11354,1153076000
2015,구로구,오류1동,9455,21999,10882,11117,1153077000
2015,구로구,오류2동,16541,46230,22729,23501,1153078000
2015,구로구,수궁동,9631,25832,12943,12889,1153079000
2015,구로구,가리봉동,6357,18934,10592,8342,1153059500
2015,금천구,계,103847,256167,131346,124821,1154500000
2015,금천구,가산동,11719,23926,13454,10472,1154551000
2015,금천구,독산1동,14772,34010,18002,16008,1154561000
2015,금천구,독산2동,9534,23644,12024,11620,1154562000
2015,금천구,독산3동,12267,32016,16373,15643,1154563000
2015,금천구,독산4동,7896,19806,10074,9732,1154564000
2015,금천구,시흥1동,15193,38520,19506,19014,1154567000
2015,금천구,시흥2동,8621,24445,11962,12483,1154568000
2015,금천구,시흥3동,4915,12689,6396,6293,1154569000
2015,금천구,시흥4동,9281,23953,12014,11939,1154570000
2015,금천구,시흥5동,9649,23158,11541,11617,1154571000
2015,영등포구,계,167863,417811,210388,207423,1156000000
2015,영등포구,여의도동,12636,34094,16246,17848,1156054000
2015,영등포구,당산1동,9735,21433,10628,10805,1156055000
2015,영등포구,당산2동,16028,36016,17140,18876,1156056000
2015,영등포구,양평1동,7669,17334,8675,8659,1156061000
2015,영등포구,양평2동,8973,22227,11206,11021,1156062000
2015,영등포구,신길1동,9958,22246,11342,10904,1156063000
2015,영등포구,신길3동,6604,16576,8343,8233,1156065000
2015,영등포구,신길4동,5239,13186,6705,6481,1156066000
2015,영등포구,신길5동,6546,17854,9013,8841,1156067000
2015,영등포구,신길6동,9358,23903,11902,12001,1156068000
2015,영등포구,신길7동,5814,15212,7668,7544,1156069000
2015,영등포구,대림1동,6861,18946,9737,9209,1156070000
2015,영등포구,대림2동,6910,24461,12608,11853,1156071000
2015,영등포구,대림3동,11006,31178,15907,15271,1156072000
2015,영등포구,영등포본동,10462,26898,13661,13237,1156051500
2015,영등포구,영등포동,12376,20471,11597,8874,1156053500
2015,영등포구,도림동,9421,23650,12028,11622,1156058500
2015,영등포구,문래동,12267,32126,15982,16144,1156060500
2015,동작구,계,170495,412774,202165,210609,1159000000
2015,동작구,노량진1동,14418,33850,16907,16943,1159051000
2015,동작구,노량진2동,7114,15374,7879,7495,1159052000
2015,동작구,상도1동,20851,48387,23825,24562,1159053000
2015,동작구,상도2동,10708,24880,12076,12804,1159054000
2015,동작구,상도3동,10538,25490,12416,13074,1159055000
2015,동작구,상도4동,12342,30151,14900,15251,1159056000
2015,동작구,사당1동,11372,23877,11462,12415,1159062000
2015,동작구,사당2동,12446,30939,15069,15870,1159063000
2015,동작구,사당3동,9771,24835,12138,12697,1159064000
2015,동작구,사당4동,6540,15279,7433,7846,1159065000
2015,동작구,사당5동,5786,13718,6777,6941,1159065100
2015,동작구,대방동,15686,40321,19440,20881,1159066000
2015,동작구,신대방1동,9724,28145,13863,14282,1159067000
2015,동작구,신대방2동,8684,21587,10565,11022,1159068000
2015,동작구,흑석동,14515,35941,17415,18526,1159060500
2015,관악구,계,249191,529031,266773,262258,1162000000
2015,관악구,남현동,8547,18568,8940,9628,1162063000
2015,관악구,보라매동,11404,26976,13356,13620,1162052500
2015,관악구,청림동,6662,17128,8411,8717,1162054500
2015,관악구,행운동,15810,30368,14878,15490,1162057500
2015,관악구,낙성대동,10219,18368,9282,9086,1162058500
2015,관악구,중앙동,7935,15359,7444,7915,1162061500
2015,관악구,인헌동,13372,28098,13918,14180,1162062500
2015,관악구,서원동,12531,24108,12310,11798,1162064500
2015,관악구,신원동,9455,20389,10078,10311,1162065500
2015,관악구,서림동,13787,25468,13910,11558,1162066500
2015,관악구,신사동,11958,26976,13646,13330,1162068500
2015,관악구,신림동,14039,20867,10490,10377,1162069500
2015,관악구,난향동,6514,17257,8590,8667,1162071500
2015,관악구,조원동,9485,20489,10516,9973,1162072500
2015,관악구,대학동,14265,23766,14154,9612,1162073500
2015,관악구,은천동,15084,36699,18093,18606,1162060500
2015,관악구,성현동,12853,34294,16769,17525,1162056500
2015,관악구,청룡동,16809,30849,15247,15602,1162059500
2015,관악구,난곡동,12848,30810,15588,15222,1162077500
2015,관악구,삼성동,11832,28164,14165,13999,1162074500
2015,관악구,미성동,13782,34030,16988,17042,1162076500
2015,서초구,계,173007,451258,217036,234222,1165000000
2015,서초구,서초1동,8890,21385,10264,11121,1165051000
2015,서초구,서초2동,8526,21467,10534,10933,1165052000
2015,서초구,서초3동,12168,30491,15102,15389,1165053000
2015,서초구,서초4동,9779,29056,14157,14899,1165053100
2015,서초구,잠원동,13554,34015,16156,17859,1165054000
2015,서초구,반포본동,4320,13317,6295,7022,1165055000
2015,서초구,반포1동,13689,30849,14821,16028,1165056000
2015,서초구,반포2동,6376,19881,9407,10474,1165057000
2015,서초구,반포3동,7170,20920,9950,10970,1165058000
2015,서초구,반포4동,7323,20745,9872,10873,1165058100
2015,서초구,방배본동,7955,22153,10374,11779,1165059000
2015,서초구,방배1동,7221,17538,8339,9199,1165060000
2015,서초구,방배2동,11220,28361,13566,14795,1165061000
2015,서초구,방배3동,9019,24400,11789,12611,1165062000
2015,서초구,방배4동,10225,26446,12262,14184,1165062100
2015,서초구,양재1동,17781,47859,23062,24797,1165065100
2015,서초구,양재2동,10762,23633,11845,11788,1165065200
2015,서초구,내곡동,7029,18742,9241,9501,1165066000
2015,강남구,계,237373,581760,279209,302551,1168000000
2015,강남구,신사동,7741,18570,8705,9865,1168051000
2015,강남구,논현1동,14446,25307,11716,13591,1168052100
2015,강남구,논현2동,11103,23082,10867,12215,1168053100
2015,강남구,삼성1동,5787,15531,7805,7726,1168058000
2015,강남구,삼성2동,13484,31343,15011,16332,1168059000
2015,강남구,대치1동,6845,23283,11660,11623,1168060000
2015,강남구,대치2동,13785,42565,21537,21028,1168061000
2015,강남구,대치4동,10161,21630,10236,11394,1168063000
2015,강남구,역삼1동,21915,36450,17479,18971,1168064000
2015,강남구,역삼2동,14745,36314,17161,19153,1168065000
2015,강남구,도곡1동,8402,22693,10805,11888,1168065500
2015,강남구,도곡2동,12118,35307,16499,18808,1168065600
2015,강남구,개포1동,8418,21700,10443,11257,1168066000
2015,강남구,개포2동,10345,27354,13226,14128,1168067000
2015,강남구,개포4동,9196,22135,10901,11234,1168069000
2015,강남구,일원본동,8425,25350,12477,12873,1168072000
2015,강남구,일원1동,7390,17627,8591,9036,1168073000
2015,강남구,일원2동,6623,16621,8038,8583,1168074000
2015,강남구,수서동,7348,15732,7175,8557,1168075000
2015,강남구,세곡동,15825,43302,20780,22522,1168070000
2015,강남구,압구정동,10938,28735,13325,15410,1168054500
2015,강남구,청담동,12333,31129,14772,16357,1168056500
2015,송파구,계,256611,667480,325950,341530,1171000000
2015,송파구,풍납1동,7485,18782,9241,9541,1171051000
2015,송파구,풍납2동,10677,27259,13171,14088,1171052000
2015,송파구,거여1동,5751,15228,7792,7436,1171053100
2015,송파구,거여2동,9424,24101,12100,12001,1171053200
2015,송파구,마천1동,9372,23255,11756,11499,1171054000
2015,송파구,마천2동,8599,21683,11007,10676,1171055000
2015,송파구,방이1동,6038,16617,8132,8485,1171056100
2015,송파구,방이2동,11895,25848,12601,13247,1171056200
2015,송파구,오륜동,5999,19999,9749,10250,1171056600
2015,송파구,오금동,13868,37291,18440,18851,1171057000
2015,송파구,송파1동,11946,27046,12943,14103,1171058000
2015,송파구,송파2동,7406,22275,10852,11423,1171059000
2015,송파구,석촌동,16049,35478,17268,18210,1171060000
2015,송파구,삼전동,15556,34293,16427,17866,1171061000
2015,송파구,가락본동,11400,28918,14458,14460,1171062000
2015,송파구,가락1동,406,968,498,470,1171063100
2015,송파구,가락2동,12174,35434,17400,18034,1171063200
2015,송파구,문정1동,8340,22013,10840,11173,1171064100
2015,송파구,문정2동,7654,18824,9067,9757,1171064200
2015,송파구,장지동,13172,35930,17548,18382,1171064600
2015,송파구,잠실본동,14499,30898,14789,16109,1171065000
2015,송파구,잠실2동,12314,37033,17647,19386,1171067000
2015,송파구,잠실3동,12506,37094,17836,19258,1171068000
2015,송파구,잠실4동,10504,30924,15004,15920,1171069000
2015,송파구,잠실6동,6060,17826,8499,9327,1171071000
2015,송파구,잠실7동,3474,10433,4875,5558,1171072000
2015,송파구,위례동,4043,12030,6010,6020,1171064700
2015,강동구,계,180508,463321,230851,232470,1174000000
2015,강동구,강일동,10891,34023,16630,17393,1174051500
2015,강동구,상일동,8646,24471,12231,12240,1174052000
2015,강동구,명일1동,8338,23430,11434,11996,1174053000
2015,강동구,명일2동,5976,18672,9368,9304,1174054000
2015,강동구,고덕1동,5556,16548,8408,8140,1174055000
2015,강동구,고덕2동,3953,9223,4883,4340,1174056000
2015,강동구,암사1동,15640,37753,18835,18918,1174057000
2015,강동구,암사2동,6204,16159,7946,8213,1174058000
2015,강동구,암사3동,6256,19249,9500,9749,1174059000
2015,강동구,천호1동,12528,29636,14739,14897,1174060000
2015,강동구,천호2동,16992,37065,18781,18284,1174061000
2015,강동구,천호3동,11967,26047,13157,12890,1174062000
2015,강동구,성내1동,7342,19657,9565,10092,1174064000
2015,강동구,성내2동,11803,26227,13004,13223,1174065000
2015,강동구,성내3동,10417,25189,12594,12595,1174066000
2015,강동구,둔촌1동,6366,19264,9915,9349,1174069000
2015,강동구,둔촌2동,10734,28988,14365,14623,1174070000
2015,강동구,길동,20899,51720,25496,26224,1174068500
1994,계,계,3455665,10798700,5429554,5369146,1100000000
1994,종로구,계,73798,214930,107877,107053,1111000000
1994,중구,계,55032,156302,79110,77192,1114000000
1994,용산구,계,94534,268689,134290,134399,1117000000
1994,성동구,계,244808,753072,382753,370319,1120000000
1994,동대문구,계,146186,443027,224533,218494,1123000000
1994,중랑구,계,141855,457749,230709,227040,1126000000
1994,성북구,계,162700,503536,254520,249016,1129000000
1994,도봉구,계,240545,775394,389155,386239,1132000000
1994,은평구,계,161212,511788,253362,258426,1138000000
1994,서대문구,계,123325,374662,187350,187312,1141000000
1994,마포구,계,138685,412484,206014,206470,1144000000
1994,양천구,계,151076,492449,248530,243919,1147000000
1994,강서구,계,157418,508345,254121,254224,1150000000
1994,구로구,계,225738,698274,358478,339796,1153000000
1994,영등포구,계,142594,433512,219952,213560,1156000000
1994,동작구,계,144123,440651,222206,218445,1159000000
1994,관악구,계,186689,578658,293796,284862,1162000000
1994,서초구,계,131546,412315,204524,207791,1165000000
1994,강남구,계,177641,572311,283965,288346,1168000000
1994,송파구,계,212950,680067,338608,341459,1171000000
1994,강동구,계,161195,520903,263042,257861,1174000000
1999,종로구,명륜3가동,3413,8136,4322,3814,1111066000
1999,종로구,창신1동,3539,9196,4775,4421,1111067000
1999,종로구,창신2동,4892,13842,7060,6782,1111068000
1999,종로구,창신3동,3319,10178,5136,5042,1111069000
1999,종로구,숭인1동,3052,8518,4399,4119,1111070000
1999,종로구,숭인2동,3587,8926,4514,4412,1111071000
1999,중구,소공동,636,1860,993,867,1114052000
1999,중구,회현동,3148,7738,3994,3744,1114054000
1999,중구,명동,1179,3321,1499,1822,1114055000
1999,중구,필동,2084,5286,2722,2564,1114057000
1999,중구,장충동,2644,6674,3315,3359,1114058000
1999,중구,광희동,2855,6851,3456,3395,1114059000
1999,중구,을지로동,963,2123,1142,981,1114060500
1999,중구,신당1동,4044,10710,5445,5265,1114061000
1999,중구,신당2동,5837,16243,8035,8208,1114062000
1999,중구,신당3동,2547,6691,3334,3357,1114063000
1999,중구,신당4동,4492,13435,6620,6815,1114064000
1999,중구,신당5동,4812,12890,6545,6345,1114065000
1999,중구,신당6동,4527,13145,6533,6612,1114066000
1999,중구,황학동,3912,10649,5477,5172,1114067000
1999,중구,중림동,4289,11445,5743,5702,1114068000
1999,용산구,계,88684,245716,122288,123428,1117000000
1999,용산구,후암동,7363,20323,10204,10119,1117051000
1999,용산구,용산2가동,5343,15707,7751,7956,1117052000
1999,용산구,남영동,3200,7130,3779,3351,1117053000
1999,용산구,청파1동,6725,19126,9738,9388,1117054000
1999,용산구,청파2동,3594,8416,4014,4402,1117055000
1999,용산구,원효로1동,2851,7605,3850,3755,1117056000
1999,용산구,원효로2동,3973,11291,5590,5701,1117057000
1999,용산구,효창동,3912,11544,5827,5717,1117058000
1999,용산구,용문동,2841,8193,4120,4073,1117059000
1999,용산구,한강로1동,1881,4994,2506,2488,1117060000
1999,용산구,한강로2동,2563,6266,3224,3042,1117061000
1999,용산구,한강로3동,2412,6449,3283,3166,1117062000
1999,용산구,이촌1동,7670,23599,11518,12081,1117063000
1999,용산구,이촌2동,3644,10549,5247,5302,1117064000
1999,용산구,이태원1동,3752,9983,4878,5105,1117065000
1999,용산구,이태원2동,5024,14554,7110,7444,1117066000
1999,용산구,한남1동,5294,14139,7112,7027,1117067000
1999,용산구,한남2동,4136,10428,5097,5331,1117068000
1999,용산구,서빙고동,4407,13680,6789,6891,1117069000
1999,용산구,보광동,8099,21740,10651,11089,1117070000
1999,성동구,계,117701,340704,172208,168496,1120000000
1999,성동구,왕십리1동,5226,15317,7764,7553,1120051000
1999,성동구,왕십리2동,5787,16957,8591,8366,1120052000
1999,성동구,도선동,3910,10861,5463,5398,1120053000
1999,성동구,마장동,8994,26781,13517,13264,1120054000
1999,성동구,사근동,4860,13196,6823,6373,1120055000
1999,성동구,행당1동,5799,16015,8018,7997,1120056000
1999,성동구,행당2동,8900,27980,13889,14091,1120057000
1999,성동구,응봉동,4434,13788,6817,6971,1120058000
1999,성동구,금호1가동,3350,10025,5063,4962,1120059000
1999,성동구,금호2가동,4845,13942,6962,6980,1120060000
1999,성동구,금호3가동,6290,18412,9182,9230,1120061000
1999,성동구,금호4가동,4315,12725,6395,6330,1120062000
1999,성동구,옥수1동,5041,14345,7278,7067,1120063000
1999,성동구,옥수2동,6390,18852,9145,9707,1120064000
1999,성동구,성수1가1동,6428,18753,9688,9065,1120065000
1999,성동구,성수1가2동,7452,21141,10744,10397,1120066000
1999,성동구,성수2가1동,8083,23105,11957,11148,1120067000
1999,성동구,성수2가3동,4344,11920,6176,5744,1120069000
1999,성동구,송정동,5751,15580,8016,7564,1120072000
1999,성동구,용답동,7502,21009,10720,10289,1120079000
1999,광진구,계,136023,391705,197014,194691,1121500000
1999,광진구,노유1동,6406,18515,9382,9133,1121584500
1999,광진구,노유2동,7642,23485,11778,11707,1121584600
1999,광진구,화양동,7465,22388,11275,11113,1121571000
1999,광진구,군자동,10817,33350,16745,16605,1121573000
1999,광진구,중곡1동,4151,11471,5709,5762,1121574000
1999,광진구,중곡2동,9249,24472,12115,12357,1121575000
1999,광진구,중곡3동,8822,26178,13096,13082,1121576000
1999,광진구,중곡4동,9631,28436,14152,14284,1121577000
1999,광진구,능동,9889,31093,15395,15698,1121578000
1999,광진구,구의1동,9951,27830,14125,13705,1121585000
1999,광진구,구의2동,10153,31136,15549,15587,1121586000
1999,광진구,구의3동,9881,30083,15259,14824,1121587000
1999,광진구,광장동,5579,14393,7376,7017,1121581000
1999,광진구,자양1동,6241,17655,9196,8459,1121582000
1999,광진구,자양2동,11041,26068,13063,13005,1121583000
1999,광진구,자양3동,9105,25152,12799,12353,1121584000
1999,동대문구,계,130678,368368,186801,181567,1123000000
1999,동대문구,신설동,3404,9511,4869,4642,1123051000
1999,동대문구,용두1동,5798,14859,7628,7231,1123052000
1999,동대문구,용두2동,4364,11345,5830,5515,1123053000
1999,동대문구,제기1동,4514,12254,6224,6030,1123054000
1999,동대문구,제기2동,5408,14100,7213,6887,1123055000
1999,동대문구,전농1동,5809,16695,8572,8123,1123056000
1999,동대문구,전농2동,2953,7860,4026,3834,1123057000
1999,동대문구,전농3동,4411,13693,6843,6850,1123058000
1999,동대문구,전농4동,5548,16098,8126,7972,1123059000
1999,동대문구,답십리1동,3859,11686,5955,5731,1123060000
1999,동대문구,답십리2동,2830,8599,4380,4219,1123061000
1999,동대문구,답십리3동,2814,8569,4329,4240,1123062000
1999,동대문구,답십리4동,5344,16313,8262,8051,1123063000
1999,동대문구,답십리5동,3985,11591,5944,5647,1123064000
1999,동대문구,장안1동,6746,19774,9959,9815,1123065000
1999,동대문구,장안2동,5753,17040,8682,8358,1123066000
1999,동대문구,장안3동,4968,14437,7459,6978,1123067000
1999,동대문구,장안4동,5721,17606,8872,8734,1123068000
1999,동대문구,청량리1동,5508,16877,8520,8357,1123069000
1999,동대문구,청량리2동,3730,9974,5015,4959,1123070000
1999,동대문구,회기동,5014,12901,6382,6519,1123071000
1999,동대문구,휘경1동,6695,17183,8696,8487,1123072000
1999,동대문구,휘경2동,6701,19335,9605,9730,1123073000
1999,동대문구,이문1동,6081,16008,8063,7945,1123074000
1999,동대문구,이문2동,7935,20325,10289,10036,1123075000
1999,동대문구,이문3동,4785,13735,7058,6677,1123076000
1999,중랑구,계,152485,462434,232430,230004,1126000000
1999,중랑구,면목1동,8478,24803,12519,12284,1126051000
1999,중랑구,면목2동,10957,32449,16358,16091,1126052000
1999,중랑구,면목3동,7171,20949,10583,10366,1126053000
1999,중랑구,면목4동,8774,25705,12821,12884,1126054000
1999,중랑구,면목5동,5580,16970,8581,8389,1126055000
1999,중랑구,면목6동,5896,17810,9034,8776,1126056000
1999,중랑구,면목7동,9318,28197,14208,13989,1126057000
1999,중랑구,면목8동,4893,15092,7581,7511,1126057100
1999,중랑구,상봉1동,7720,23859,11902,11957,1126058000
1999,중랑구,상봉2동,6926,19359,9779,9580,1126059000
1999,중랑구,중화1동,7351,23349,11798,11551,1126060000
1999,중랑구,중화2동,8141,22408,11468,10940,1126061000
1999,중랑구,중화3동,5511,16259,8250,8009,1126061100
1999,중랑구,묵1동,10240,32567,16185,16382,1126062000
1999,중랑구,묵2동,7254,21861,10968,10893,1126063000
1999,중랑구,망우1동,8911,26981,13509,13472,1126064000
1999,중랑구,망우2동,3700,10717,5421,5296,1126065000
1999,중랑구,망우3동,7625,23217,11566,11651,1126066000
1999,중랑구,신내1동,9059,29865,15006,14859,1126068000
1999,중랑구,신내2동,8980,30017,14893,15124,1126069000
1999,성북구,계,162442,475466,239028,236438,1129000000
1999,성북구,성북1동,2705,7991,3929,4062,1129051000
1999,성북구,성북2동,3160,9533,4771,4762,1129052000
1999,성북구,동소문동,4218,12371,6042,6329,1129053000
1999,성북구,삼선1동,4752,13179,6519,6660,1129054000
1999,성북구,삼선2동,5740,16227,8089,8138,1129055000
1999,성북구,동선1동,2952,7567,3592,3975,1129056000
1999,성북구,동선2동,2966,8160,4045,4115,1129057000
1999,성북구,돈암1동,5507,16562,8295,8267,1129058000
1999,성북구,돈암2동,4204,12994,6426,6568,1129059000
1999,성북구,안암동,7350,18897,9599,9298,1129060000
1999,성북구,보문동,6942,19168,9502,9666,1129061000
1999,성북구,정릉1동,7238,22072,10818,11254,1129062000
1999,성북구,정릉2동,6573,19303,9813,9490,1129063000
1999,성북구,정릉3동,7083,20550,10251,10299,1129064000
1999,성북구,정릉4동,6302,18525,9328,9197,1129065000
1999,성북구,길음1동,3861,10743,5349,5394,1129066000
1999,성북구,길음2동,6251,18870,9639,9231,1129068500
1999,성북구,길음3동,5304,14875,7439,7436,1129068000
1999,성북구,종암1동,6436,18828,9473,9355,1129069000
1999,성북구,종암2동,7117,20810,10591,10219,1129070000
1999,성북구,월곡1동,6057,17853,9031,8822,1129071500
1999,성북구,월곡2동,3706,10877,5535,5342,1129072500
1999,성북구,월곡3동,2731,7564,3930,3634,1129073500
1999,성북구,월곡4동,658,1985,1063,922,1129074500
1999,성북구,상월곡동,2487,7798,3938,3860,1129075000
1999,성북구,장위1동,9030,28250,14143,14107,1129076000
1999,성북구,장위2동,8337,25627,12975,12652,1129077000
1999,성북구,장위3동,7274,21763,11240,10523,1129078000
1999,성북구,석관1동,10471,31925,16271,15654,1129079000
1999,성북구,석관2동,5030,14599,7392,7207,1129080000
1999,강북구,계,116512,352851,176210,176641,1130500000
1999,강북구,미아1동,3595,11044,5638,5406,1130553100
1999,강북구,미아2동,6351,18722,9579,9143,1130553200
1999,강북구,미아3동,9282,27277,13723,13554,1130553300
1999,강북구,미아4동,5976,17313,8552,8761,1130554000
1999,강북구,미아5동,6781,20214,10232,9982,1130555000
1999,강북구,미아6.7동,4123,12451,6273,6178,1130556500
1999,강북구,미아8동,6315,19073,9554,9519,1130558000
1999,강북구,미아9동,6368,20162,9955,10207,1130558100
1999,강북구,번1동,8055,22696,11266,11430,1130559500
1999,강북구,번2동,7660,24306,12188,12118,1130560300
1999,강북구,번3동,7178,24477,11704,12773,1130560800
1999,강북구,수유1동,8631,25997,13104,12893,1130561500
1999,강북구,수유2동,7686,24247,12100,12147,1130562500
1999,강북구,수유3동,9357,26824,13331,13493,1130563000
1999,강북구,수유4동,7145,21489,10726,10763,1130564000
1999,강북구,수유5동,6394,19352,9699,9653,1130565000
1999,강북구,수유6동,5615,17207,8586,8621,1130565100
1999,도봉구,쌍문1동,8194,25740,13015,12725,1132066000
1999,도봉구,쌍문2동,7511,23110,11530,11580,1132067000
1999,도봉구,쌍문3동,6274,19148,9513,9635,1132068000
1999,도봉구,쌍문4동,7434,24299,11949,12350,1132068100
1999,도봉구,방학1동,8773,26034,13234,12800,1132069000
1999,도봉구,방학2동,9216,28841,14539,14302,1132070000
1999,도봉구,방학3동,6615,21577,10631,10946,1132071000
1999,도봉구,방학4동,4081,14502,7299,7203,1132072000
1999,도봉구,창1동,10009,31788,15897,15891,1132051100
1999,도봉구,창2동,8655,26921,13512,13409,1132051200
1999,도봉구,창3동,6201,19554,9882,9672,1132051300
1999,도봉구,창4동,9821,30737,15157,15580,1132051400
1999,도봉구,창5동,7093,21822,10897,10925,1132051500
1999,도봉구,도봉1동,9593,29644,15071,14573,1132052100
1999,도봉구,도봉2동,9948,32416,16342,16074,1132052200
1999,노원구,계,195469,618771,306562,312209,1135000000
1999,노원구,월계1동,4607,13929,7004,6925,1135056000
1999,노원구,월계2동,10131,30491,14912,15579,1135057000
1999,노원구,월계3동,6413,20365,10248,10117,1135058000
1999,노원구,월계4동,8070,24065,11860,12205,1135058100
1999,노원구,공릉1동,6593,19969,10173,9796,1135059500
1999,노원구,공릉2동,11000,34485,17462,17023,1135060000
1999,노원구,공릉3동,5683,17614,8598,9016,1135060100
1999,노원구,하계1동,11360,34442,16525,17917,1135061100
1999,노원구,하계2동,8647,29069,14344,14725,1135061200
1999,노원구,중계본동,9232,30569,15320,15249,1135061900
1999,노원구,중계1동,9404,32360,16122,16238,1135062100
1999,노원구,중계2동,6096,19672,9594,10078,1135062200
1999,노원구,중계3동,8930,29146,14041,15105,1135062300
1999,노원구,중계4동,7818,25190,12394,12796,1135062400
1999,노원구,상계1동,11988,39407,19749,19658,1135063000
1999,노원구,상계2동,6897,21307,10759,10548,1135064000
1999,노원구,상계3동,6686,20089,10113,9976,1135065000
1999,노원구,상계4동,6241,18754,9543,9211,1135066000
1999,노원구,상계5동,9064,28540,14267,14273,1135067000
1999,노원구,상계6동,7683,24088,11755,12333,1135068000
1999,노원구,상계7동,6477,19062,9219,9843,1135069000
1999,노원구,상계8동,9476,32491,16056,16435,1135070000
1999,노원구,상계9동,9085,29397,14598,14799,1135071000
1999,노원구,상계10동,7888,24270,11906,12364,1135072000
1999,은평구,계,158681,473716,235465,238251,1138000000
1999,은평구,녹번동,12761,36092,17796,18296,1138051000
1999,은평구,불광1동,11334,33217,16557,16660,1138052000
1999,은평구,불광2동,7472,21916,10844,11072,1138053000
1999,은평구,불광3동,8229,24137,11971,12166,1138054000
1999,은평구,갈현1동,8861,27122,13452,13670,1138055100
1999,은평구,갈현2동,8050,25041,12167,12874,1138055200
1999,은평구,구산동,9256,28753,14191,14562,1138056000
1999,은평구,대조동,11035,31744,15465,16279,1138057000
1999,은평구,응암1동,10115,29790,14690,15100,1138058000
1999,은평구,응암2동,6824,20307,10194,10113,1138059000
1999,은평구,응암3동,7395,21973,11035,10938,1138060000
1999,은평구,응암4동,7117,21084,10640,10444,1138068000
1999,은평구,역촌1동,7300,21873,10706,11167,1138061000
1999,은평구,역촌2동,6387,19629,9718,9911,1138062000
1999,은평구,신사1동,7926,24836,12292,12544,1138063100
1999,은평구,신사2동,7812,24529,12456,12073,1138063200
1999,은평구,증산동,6571,20458,10397,10061,1138064000
1999,은평구,수색동,6107,18055,9140,8915,1138065000
1999,은평구,진관내동,4051,11322,5715,5607,1138066000
1999,은평구,진관외동,4078,11838,6039,5799,1138067000
1999,서대문구,계,129403,371240,184227,187013,1141000000
1999,서대문구,충정로동,3381,8912,4515,4397,1141051000
1999,서대문구,천연동,7800,21372,10561,10811,1141052000
1999,서대문구,북아현1동,4361,11478,5649,5829,1141054000
1999,서대문구,북아현2동,3914,10642,5177,5465,1141055000
1999,서대문구,북아현3동,5500,15721,7803,7918,1141056000
1999,서대문구,대신동,3657,9270,4321,4949,1141057000
1999,서대문구,창천동,5009,12323,6062,6261,1141058000
1999,서대문구,연희1동,5914,16613,8259,8354,1141059000
1999,서대문구,연희2동,4311,13116,6534,6582,1141060000
1999,서대문구,연희3동,5396,14022,6926,7096,1141061000
1999,서대문구,홍제1동,5800,16494,8020,8474,1141062000
1999,서대문구,홍제2동,4584,13195,6606,6589,1141065500
1999,서대문구,홍제3동,7820,22697,11276,11421,1141064000
1999,서대문구,홍제4동,5686,17225,8435,8790,1141065000
1999,서대문구,홍은1동,3766,11802,5887,5915,1141066000
1999,서대문구,홍은2동,7179,21577,10809,10768,1141068500
1999,서대문구,홍은3동,9950,30140,15007,15133,1141068000
1999,서대문구,남가좌1동,7127,19682,9859,9823,1141069000
1999,서대문구,남가좌2동,10297,30530,15213,15317,1141070000
1999,서대문구,북가좌1동,7037,21192,10609,10583,1141071000
1999,서대문구,북가좌2동,10914,33237,16699,16538,1141072000
1999,마포구,계,140081,387701,192266,195435,1144000000
1999,마포구,아현1동,5883,16291,8196,8095,1144051000
1999,마포구,아현2동,4102,11131,5485,5646,1144052000
1999,마포구,아현3동,3690,9857,4934,4923,1144053000
1999,마포구,공덕1동,3979,11031,5482,5549,1144054000
1999,마포구,공덕2동,4700,12776,6390,6386,1144055000
1999,마포구,신공덕동,2452,6717,3413,3304,1144056000
1999,마포구,도화1동,3734,10874,5250,5624,1144057000
1999,마포구,도화2동,4589,12981,6343,6638,1144058000
1999,마포구,용강동,4167,11443,5705,5738,1144059000
1999,마포구,대흥동,4728,12706,6327,6379,1144060000
1999,마포구,노고산동,4390,10039,4858,5181,1144062000
1999,마포구,신수동,7401,21435,10728,10707,1144063000
1999,마포구,창전동,4827,12994,6428,6566,1144064000
1999,마포구,상수동,5542,15127,7480,7647,1144065000
1999,마포구,서교동,7616,19023,9285,9738,1144066000
1999,마포구,동교동,6078,14182,6778,7404,1144067000
1999,마포구,합정동,8146,23391,11596,11795,1144068000
1999,마포구,망원1동,8793,25459,12782,12677,1144069000
1999,마포구,망원2동,6955,21163,10606,10557,1144070000
1999,마포구,연남동,7153,19746,9789,9957,1144071000
1999,마포구,성산1동,7065,20083,10012,10071,1144072000
1999,마포구,성산2동,12643,38376,18847,19529,1144073000
1999,마포구,상암동,3463,9704,5057,4647,1144074000
1999,양천구,계,152133,481622,242592,239030,1147000000
1999,양천구,목1동,7268,23841,11942,11899,1147051000
1999,양천구,목2동,9732,29824,15055,14769,1147052000
1999,양천구,목3동,7703,22945,11456,11489,1147053000
1999,양천구,목4동,8397,25465,12817,12648,1147054000
1999,양천구,목5동,5968,20155,10063,10092,1147055000
1999,양천구,목6동,7171,25195,12702,12493,1147055100
1999,양천구,신월1동,9159,27870,14108,13762,1147056000
1999,양천구,신월2동,8161,25976,13228,12748,1147057000
1999,양천구,신월3동,7473,22501,11350,11151,1147058000
1999,양천구,신월4동,5685,18438,9452,8986,1147059000
1999,양천구,신월5동,5414,16278,8320,7958,1147060000
1999,양천구,신월6동,5268,16444,8294,8150,1147061000
1999,양천구,신월7동,9735,31147,15679,15468,1147061100
1999,양천구,신정1동,8710,27503,13651,13852,1147062000
1999,양천구,신정2동,6207,21327,10730,10597,1147063000
1999,양천구,신정3동,9951,29264,14814,14450,1147064000
1999,양천구,신정4동,5912,17939,9040,8899,1147065000
1999,양천구,신정5동,6545,19617,9901,9716,1147066000
1999,양천구,신정6동,7584,26095,12896,13199,1147067000
1999,양천구,신정7동,10090,33798,17094,16704,1147068000
1999,강서구,계,171724,521284,259385,261899,1150000000
1999,강서구,염창동,10780,34620,17404,17216,1150051000
1999,강서구,등촌1동,5654,17959,9044,8915,1150052000
1999,강서구,등촌2동,5219,16041,8083,7958,1150053000
1999,강서구,등촌3동,13441,41270,19875,21395,1150053500
1999,강서구,화곡본동,9437,28332,14102,14230,1150059000
1999,강서구,화곡1동,7283,21398,10671,10727,1150054000
1999,강서구,화곡2동,6328,19282,9685,9597,1150055000
1999,강서구,화곡3동,5029,15481,7702,7779,1150056000
1999,강서구,화곡4동,7482,22823,11528,11295,1150057000
1999,강서구,화곡5동,8175,25005,12294,12711,1150058000
1999,강서구,화곡6동,6456,18936,9384,9552,1150059100
1999,강서구,화곡7동,9056,26908,13505,13403,1150059200
1999,강서구,화곡8동,7568,23386,11696,11690,1150059300
1999,강서구,가양1동,6813,21967,11168,10799,1150060300
1999,강서구,가양2동,7240,22077,10700,11377,1150060400
1999,강서구,가양3동,7456,22860,11312,11548,1150060500
1999,강서구,발산1동,4809,15034,7397,7637,1150061100
1999,강서구,발산2동,5529,16421,8011,8410,1150061200
1999,강서구,공항동,8348,23312,11928,11384,1150062000
1999,강서구,방화1동,9438,28585,14422,14163,1150063000
1999,강서구,방화2동,9435,27408,13557,13851,1150064000
1999,강서구,방화3동,10748,32179,15917,16262,1150064100
1999,구로구,계,132543,396644,202103,194541,1153000000
1999,구로구,신도림동,5561,17925,9086,8839,1153051000
1999,구로구,구로1동,6998,23658,11846,11812,1153052000
1999,구로구,구로2동,7600,20905,10779,10126,1153053000
1999,구로구,구로3동,8656,24782,12557,12225,1153054000
1999,구로구,구로4동,5483,16176,8134,8042,1153055000
1999,구로구,구로5동,8831,25101,12925,12176,1153056000
1999,구로구,구로6동,5649,15902,8071,7831,1153057000
1999,구로구,구로본동,7141,20056,10293,9763,1153056500
1999,구로구,가리봉1동,5341,12108,6512,5596,1153058000
1999,구로구,가리봉2동,2649,6512,3478,3034,1153059000
1999,구로구,고척1동,8140,25731,13078,12653,1153072000
1999,구로구,고척2동,9866,30881,15746,15135,1153073000
1999,구로구,개봉1동,6158,19099,9785,9314,1153074000
1999,구로구,개봉2동,7012,21940,10985,10955,1153075000
1999,구로구,개봉3동,7258,22809,11459,11350,1153076000
1999,구로구,개봉본동,6884,21241,10735,10506,1153076500
1999,구로구,오류1동,6544,19940,10070,9870,1153077000
1999,구로구,오류2동,8943,27407,13948,13459,1153078000
1999,구로구,수궁동,7829,24471,12616,11855,1153079000
1999,금천구,계,91493,270458,138340,132118,1154500000
1999,금천구,가산동,8794,23054,12213,10841,1154551000
1999,금천구,독산1동,11101,33882,17420,16462,1154561000
1999,금천구,독산2동,9671,28244,14312,13932,1154562000
1999,금천구,독산3동,5916,17363,8837,8526,1154563000
1999,금천구,독산4동,7601,22066,11359,10707,1154564000
1999,금천구,독산본동,6383,17286,8833,8453,1154565000
1999,금천구,시흥1동,5770,17902,9134,8768,1154567000
1999,금천구,시흥2동,3597,12187,6095,6092,1154568000
1999,금천구,시흥3동,4737,14437,7325,7112,1154569000
1999,금천구,시흥4동,9787,30231,15428,14803,1154570000
1999,금천구,시흥5동,9146,27946,14301,13645,1154571000
1999,금천구,시흥본동,8990,25860,13083,12777,1154566000
1999,영등포구,계,141023,407176,206215,200961,1156000000
1999,영등포구,영등포1동,3178,8121,4166,3955,1156051000
1999,영등포구,영등포2동,2409,5789,3119,2670,1156052000
1999,영등포구,영등포3동,3626,10445,5244,5201,1156053000
1999,영등포구,여의도동,10159,31952,15673,16279,1156054000
1999,영등포구,당산1동,7817,21703,10728,10975,1156055000
1999,영등포구,당산2동,8100,24101,12127,11974,1156056000
1999,영등포구,도림1동,3816,10298,5288,5010,1156057000
1999,영등포구,도림2동,4438,12255,6341,5914,1156058000
1999,영등포구,문래1동,2240,7100,3745,3355,1156059000
1999,영등포구,문래2동,3879,12531,6441,6090,1156060000
1999,영등포구,양평1동,4997,14904,7651,7253,1156061000
1999,영등포구,양평2동,5689,17686,9080,8606,1156062000
1999,영등포구,신길1동,9424,25384,12733,12651,1156063000
1999,영등포구,신길2동,4657,12637,6374,6263,1156064000
1999,영등포구,신길3동,8226,24206,12089,12117,1156065000
1999,영등포구,신길4동,4552,12990,6498,6492,1156066000
1999,영등포구,신길5동,7549,21847,11182,10665,1156067000
1999,영등포구,신길6동,10145,29701,15064,14637,1156068000
1999,영등포구,신길7동,6855,20302,10292,10010,1156069000
1999,영등포구,대림1동,7768,22393,11257,11136,1156070000
1999,영등포구,대림2동,9239,24661,12678,11983,1156071000
1999,영등포구,대림3동,12260,36170,18445,17725,1156072000
1999,동작구,계,143849,420564,211425,209139,1159000000
1999,동작구,노량진1동,6538,18148,9179,8969,1159051000
1999,동작구,노량진2동,7959,21478,10885,10593,1159052000
1999,동작구,상도1동,5454,16313,8157,8156,1159053000
1999,동작구,상도2동,8615,24968,12422,12546,1159054000
1999,동작구,상도3동,7588,23083,11678,11405,1159055000
1999,동작구,상도4동,10550,32356,16305,16051,1159056000
1999,동작구,상도5동,6875,20085,10054,10031,1159056100
1999,동작구,본동,5432,14915,7515,7400,1159057000
1999,동작구,흑석1동,6485,16726,8551,8175,1159058000
1999,동작구,흑석2동,5151,15146,7540,7606,1159059000
1999,동작구,흑석3동,4287,12080,6102,5978,1159060000
1999,동작구,동작동,7664,22304,11230,11074,1159061000
1999,동작구,사당1동,9320,25661,12798,12863,1159062000
1999,동작구,사당2동,4810,14514,7194,7320,1159063000
1999,동작구,사당3동,9359,28227,14159,14068,1159064000
1999,동작구,사당4동,5430,16591,8351,8240,1159065000
1999,동작구,사당5동,4629,16186,8243,7943,1159065100
1999,동작구,대방동,12390,37215,18644,18571,1159066000
1999,동작구,신대방1동,8715,24636,12438,12198,1159067000
1999,동작구,신대방2동,6598,19932,9980,9952,1159068000
1999,관악구,계,181196,518774,263927,254847,1162000000
1999,관악구,봉천본동,3529,10285,5236,5049,1162051000
1999,관악구,봉천1동,9478,29116,14612,14504,1162052000
1999,관악구,봉천2동,4014,12868,6466,6402,1162053000
1999,관악구,봉천3동,4956,14892,7464,7428,1162054000
1999,관악구,봉천4동,6839,18094,9123,8971,1162055000
1999,관악구,봉천5동,1885,6004,3068,2936,1162056000
1999,관악구,봉천6동,8833,24458,12441,12017,1162057000
1999,관악구,봉천7동,6392,17257,8811,8446,1162058000
1999,관악구,봉천8동,6852,19766,10004,9762,1162059000
1999,관악구,봉천9동,3941,12527,6408,6119,1162060000
1999,관악구,봉천10동,5537,16344,8223,8121,1162061000
1999,관악구,봉천11동,9201,27878,13972,13906,1162062000
1999,관악구,남현동,6249,17575,8779,8796,1162063000
1999,관악구,신림본동,9151,25101,12606,12495,1162064000
1999,관악구,신림1동,8558,24838,12409,12429,1162065000
1999,관악구,신림2동,10199,27165,14229,12936,1162066000
1999,관악구,신림3동,6599,20609,10516,10093,1162067000
1999,관악구,신림4동,10879,30310,15211,15099,1162068000
1999,관악구,신림5동,6687,16821,8335,8486,1162069000
1999,관악구,신림6동,4162,11745,6040,5705,1162070000
1999,관악구,신림7동,5445,15773,8118,7655,1162071000
1999,관악구,신림8동,8381,23374,11854,11520,1162072000
1999,관악구,신림9동,11149,25887,14458,11429,1162073000
1999,관악구,신림10동,4947,15860,8000,7860,1162074000
1999,관악구,신림11동,5023,15441,7838,7603,1162075000
1999,관악구,신림12동,6735,21569,10944,10625,1162076000
1999,관악구,신림13동,5575,17217,8762,8455,1162077000
1999,서초구,계,138329,404961,199979,204982,1165000000
1999,서초구,서초1동,5701,16649,8394,8255,1165051000
1999,서초구,서초2동,6821,21019,10596,10423,1165052000
1999,서초구,서초3동,8626,23921,12434,11487,1165053000
1999,서초구,서초4동,7853,25065,12491,12574,1165053100
1999,서초구,잠원동,13326,35810,17140,18670,1165054000
1999,서초구,반포본동,4392,14377,6785,7592,1165055000
1999,서초구,반포1동,11407,28769,13860,14909,1165056000
1999,서초구,반포2동,6124,19496,9451,10045,1165057000
1999,서초구,반포3동,7954,24472,11863,12609,1165058000
1999,서초구,반포4동,6139,19461,9664,9797,1165058100
1999,서초구,방배본동,6086,18525,8945,9580,1165059000
1999,서초구,방배1동,6037,17788,8802,8986,1165060000
1999,서초구,방배2동,10581,32087,15799,16288,1165061000
1999,서초구,방배3동,8616,27062,13546,13516,1165062000
1999,서초구,방배4동,7007,21191,10323,10868,1165062100
1999,서초구,양재1동,10135,28611,14240,14371,1165065100
1999,서초구,양재2동,8634,21888,11078,10810,1165065200
1999,서초구,내곡동,2890,8770,4568,4202,1165066000
1999,강남구,계,192164,557257,274013,283244,1168000000
1999,강남구,신사동,8780,23741,11446,12295,1168051000
1999,강남구,논현1동,11739,26862,12863,13999,1168052100
1999,강남구,논현2동,8720,23243,11483,11760,1168053100
1999,강남구,압구정1동,6747,20072,9966,10106,1168054000
1999,강남구,압구정2동,5012,14174,6828,7346,1168055000
1999,강남구,청담1동,7353,21916,10888,11028,1168056000
1999,강남구,청담2동,5345,14137,6892,7245,1168057000
1999,강남구,삼성1동,4858,14955,7681,7274,1168058000
1999,강남구,삼성2동,9278,26044,13196,12848,1168059000
1999,강남구,대치1동,6160,21436,10531,10905,1168060000
1999,강남구,대치2동,8058,28422,14060,14362,1168061000
1999,강남구,대치3동,5862,17897,9050,8847,1168062000
1999,강남구,대치4동,6331,16798,8238,8560,1168063000
1999,강남구,역삼1동,13466,32023,15843,16180,1168064000
1999,강남구,역삼2동,10564,30524,14701,15823,1168065000
1999,강남구,도곡1동,7068,21393,10541,10852,1168065500
1999,강남구,도곡2동,6546,18443,9042,9401,1168065600
1999,강남구,개포1동,7724,24537,11974,12563,1168066000
1999,강남구,개포2동,7167,21045,10315,10730,1168067000
1999,강남구,개포3동,5685,19053,9523,9530,1168068000
1999,강남구,개포4동,8256,23240,11444,11796,1168069000
1999,강남구,일원본동,7491,25161,12501,12660,1168072000
1999,강남구,일원1동,7308,22338,11024,11314,1168073000
1999,강남구,일원2동,6967,21840,10558,11282,1168074000
1999,강남구,수서동,7359,20971,9770,11201,1168075000
1999,강남구,세곡동,2320,6992,3655,3337,1168070000
1999,송파구,계,221483,668421,332246,336175,1171000000
1999,송파구,풍납1동,8472,25082,12427,12655,1171051000
1999,송파구,풍납2동,10897,32935,16453,16482,1171052000
1999,송파구,거여1동,5504,17729,8971,8758,1171053100
1999,송파구,거여2동,10379,31392,15915,15477,1171053200
1999,송파구,마천1동,7594,22806,11723,11083,1171054000
1999,송파구,마천2동,7820,24817,12679,12138,1171055000
1999,송파구,방이1동,5387,16567,8261,8306,1171056100
1999,송파구,방이2동,8518,24374,12143,12231,1171056200
1999,송파구,오륜동,6353,22850,11072,11778,1171056600
1999,송파구,오금동,12621,39702,19843,19859,1171057000
1999,송파구,송파1동,9130,26139,12956,13183,1171058000
1999,송파구,송파2동,6381,20648,10176,10472,1171059000
1999,송파구,석촌동,11686,31841,15946,15895,1171060000
1999,송파구,삼전동,11960,32897,16308,16589,1171061000
1999,송파구,가락본동,9091,27386,13768,13618,1171062000
1999,송파구,가락1동,7498,22454,11198,11256,1171063100
1999,송파구,가락2동,11586,36896,18390,18506,1171063200
1999,송파구,문정1동,6939,21045,10587,10458,1171064100
1999,송파구,문정2동,5175,17696,8771,8925,1171064200
1999,송파구,장지동,7065,21099,10626,10473,1171064600
1999,송파구,잠실본동,11118,30129,14639,15490,1171065000
1999,송파구,잠실1동,5926,14770,7150,7620,1171066000
1999,송파구,잠실2동,4937,14157,6890,7267,1171067000
1999,송파구,잠실3동,6248,19003,9292,9711,1171068000
1999,송파구,잠실4동,10126,30028,14781,15247,1171069000
1999,송파구,잠실5동,4522,15594,7639,7955,1171070000
1999,송파구,잠실6동,4944,16326,7877,8449,1171071000
1999,송파구,잠실7동,3606,12059,5765,6294,1171072000
1999,강동구,계,159552,491557,247854,243703,1174000000
1999,강동구,강일동,1899,5597,2920,2677,1174051500
1999,강동구,상일동,10171,34000,17189,16811,1174052000
1999,강동구,명일1동,9676,31094,15433,15661,1174053000
1999,강동구,명일2동,5902,20900,10559,10341,1174054000
1999,강동구,고덕1동,8440,27647,14144,13503,1174055000
1999,강동구,고덕2동,7229,22927,11713,11214,1174056000
1999,강동구,암사1동,8632,25077,12683,12394,1174057000
1999,강동구,암사2동,2075,6282,3194,3088,1174058000
1999,강동구,암사3동,5724,17263,8698,8565,1174059000
1999,강동구,암사4동,5516,16965,8604,8361,1174059100
1999,강동구,천호1동,11037,32853,16547,16306,1174060000
1999,강동구,천호2동,6436,18235,9186,9049,1174061000
1999,강동구,천호3동,10690,30529,15415,15114,1174062000
1999,강동구,천호4동,7999,23376,11771,11605,1174063000
1999,강동구,성내1동,6649,20933,10541,10392,1174064000
1999,강동구,성내2동,10725,30251,15146,15105,1174065000
1999,강동구,성내3동,8043,23597,11799,11798,1174066000
1999,강동구,길1동,7276,22158,11037,11121,1174067000
1999,강동구,길2동,8997,28485,14221,14264,1174068000
1999,강동구,둔촌1동,6883,23201,11914,11287,1174069000
1999,강동구,둔촌2동,9553,30187,15140,15047,1174070000
2012,계,계,4177970,10442426,5159665,5282761,1100000000
2012,종로구,계,75659,173148,85997,87151,1111000000
2012,종로구,사직동,4574,10477,4923,5554,1111053000
2012,종로구,삼청동,1558,3485,1679,1806,1111054000
2012,종로구,부암동,4566,11478,5657,5821,1111055000
2012,종로구,평창동,7395,19816,9496,10320,1111056000
2012,종로구,무악동,3220,8598,4076,4522,1111057000
2012,종로구,교남동,4091,8342,4132,4210,1111058000
2012,종로구,가회동,2408,5520,2633,2887,1111060000
2012,종로구,종로1.2.3.4가동,5276,8984,5190,3794,1111061500
2012,종로구,종로5.6가동,3185,6438,3466,2972,1111063000
2012,종로구,이화동,4520,9521,4553,4968,1111064000
2012,종로구,혜화동,9246,19863,9723,10140,1111065000
2012,종로구,창신1동,3500,7669,4005,3664,1111067000
2012,종로구,창신2동,4937,11984,6034,5950,1111068000
2012,종로구,창신3동,3087,8502,4240,4262,1111069000
2012,종로구,숭인1동,3256,7692,3868,3824,1111070000
2012,종로구,숭인2동,4817,9560,5002,4558,1111071000
2012,종로구,청운효자동,6023,15219,7320,7899,1111051500
2012,중구,계,61546,140807,70762,70045,1114000000
2012,중구,소공동,700,1764,983,781,1114052000
2012,중구,회현동,3587,6581,3604,2977,1114054000
2012,중구,명동,1657,4113,2005,2108,1114055000
2012,중구,필동,2431,4989,2672,2317,1114057000
2012,중구,장충동,2975,6189,3114,3075,1114058000
2012,중구,광희동,3073,6460,3388,3072,1114059000
2012,중구,을지로동,1374,2074,1293,781,1114060500
2012,중구,신당1동,3996,9325,4751,4574,1114061000
2012,중구,신당2동,7221,16749,8239,8510,1114062000
2012,중구,신당3동,8033,19638,9436,10202,1114063000
2012,중구,신당4동,6501,16020,7734,8286,1114064000
2012,중구,신당5동,4650,10693,5371,5322,1114065000
2012,중구,신당6동,4410,12053,5894,6159,1114066000
2012,중구,황학동,5775,13090,6633,6457,1114067000
2012,중구,중림동,5163,11069,5645,5424,1114068000
2012,용산구,계,110706,255294,124708,130586,1117000000
2012,용산구,후암동,8991,20413,10190,10223,1117051000
2012,용산구,용산2가동,5986,13810,6782,7028,1117052000
2012,용산구,남영동,5184,8213,4915,3298,1117053000
2012,용산구,원효로1동,5601,12838,6382,6456,1117056000
2012,용산구,원효로2동,6005,15928,7591,8337,1117057000
2012,용산구,효창동,4415,11449,5587,5862,1117058000
2012,용산구,용문동,5101,13126,6454,6672,1117059000
2012,용산구,이촌1동,9852,28405,13388,15017,1117063000
2012,용산구,이촌2동,4319,10367,4991,5376,1117064000
2012,용산구,이태원1동,4434,9981,4771,5210,1117065000
2012,용산구,이태원2동,5391,11878,5597,6281,1117066000
2012,용산구,서빙고동,5532,14456,7001,7455,1117069000
2012,용산구,보광동,8565,18361,8961,9400,1117070000
2012,용산구,청파동,11443,23948,11428,12520,1117055500
2012,용산구,한강로동,7852,16548,8277,8271,1117062500
2012,용산구,한남동,12035,25573,12393,13180,1117068500
2012,성동구,계,125848,306868,153272,153596,1120000000
2012,성동구,왕십리2동,6974,17423,8589,8834,1120052000
2012,성동구,마장동,10306,25783,12868,12915,1120054000
2012,성동구,사근동,5877,11699,6145,5554,1120055000
2012,성동구,행당1동,7593,18129,8923,9206,1120056000
2012,성동구,행당2동,9629,27031,12930,14101,1120057000
2012,성동구,응봉동,6477,17579,8497,9082,1120058000
2012,성동구,금호1가동,6259,16087,7847,8240,1120059000
2012,성동구,금호4가동,6174,15016,7367,7649,1120062000
2012,성동구,성수1가1동,7359,18588,9523,9065,1120065000
2012,성동구,성수1가2동,8157,18906,9533,9373,1120066000
2012,성동구,성수2가1동,9094,21430,11182,10248,1120067000
2012,성동구,성수2가3동,5407,12440,6503,5937,1120069000
2012,성동구,송정동,5593,12721,6672,6049,1120072000
2012,성동구,용답동,7670,17551,9212,8339,1120079000
2012,성동구,왕십리도선동,5815,13150,6528,6622,1120053500
2012,성동구,금호2.3가동,9360,23248,11258,11990,1120061500
2012,성동구,옥수동,8104,20081,9693,10388,1120064500
2012,광진구,계,158534,384269,189367,194902,1121500000
2012,광진구,화양동,13032,23990,11681,12309,1121571000
2012,광진구,군자동,10203,22227,11158,11069,1121573000
2012,광진구,중곡1동,7644,17244,8544,8700,1121574000
2012,광진구,중곡2동,9704,23234,11379,11855,1121575000
2012,광진구,중곡3동,8213,19106,9616,9490,1121576000
2012,광진구,중곡4동,12691,32281,16047,16234,1121577000
2012,광진구,능동,5556,11328,5386,5942,1121578000
2012,광진구,구의1동,10834,23547,11362,12185,1121585000
2012,광진구,구의2동,10922,27744,13705,14039,1121586000
2012,광진구,구의3동,11478,30036,14606,15430,1121587000
2012,광진구,광장동,11946,37100,18115,18985,1121581000
2012,광진구,자양1동,11099,26164,12876,13288,1121582000
2012,광진구,자양2동,11380,29114,14533,14581,1121583000
2012,광진구,자양3동,11594,32296,15755,16541,1121584000
2012,광진구,자양4동,12238,28858,14604,14254,1121584700
2012,동대문구,계,157650,375683,187851,187832,1123000000
2012,동대문구,전농1동,12670,27251,13975,13276,1123056000
2012,동대문구,전농2동,7780,21753,10580,11173,1123057000
2012,동대문구,답십리1동,8661,20582,10309,10273,1123060000
2012,동대문구,답십리2동,12226,32184,15976,16208,1123061000
2012,동대문구,장안1동,14973,38129,19130,18999,1123065000
2012,동대문구,장안2동,12889,33047,16705,16342,1123066000
2012,동대문구,회기동,5780,12664,5977,6687,1123071000
2012,동대문구,휘경1동,8108,17724,8760,8964,1123072000
2012,동대문구,휘경2동,10571,26392,13031,13361,1123073000
2012,동대문구,이문1동,15419,33770,16665,17105,1123074000
2012,동대문구,이문2동,8788,23673,11722,11951,1123075000
2012,동대문구,청량리동,10920,25438,12772,12666,1123070500
2012,동대문구,용신동,15782,33602,17355,16247,1123053600
2012,동대문구,제기동,13083,29474,14894,14580,1123054500
2012,중랑구,계,174313,423655,211708,211947,1126000000
2012,중랑구,면목2동,12019,28404,14274,14130,1126052000
2012,중랑구,면목4동,9803,22634,11230,11404,1126054000
2012,중랑구,면목5동,6105,14407,7377,7030,1126055000
2012,중랑구,면목7동,10673,25877,12916,12961,1126057000
2012,중랑구,상봉1동,9276,25826,12755,13071,1126058000
2012,중랑구,상봉2동,9225,18758,9549,9209,1126059000
2012,중랑구,중화1동,8318,21787,10784,11003,1126060000
2012,중랑구,중화2동,14498,31005,16031,14974,1126061000
2012,중랑구,묵1동,13760,36259,17803,18456,1126062000
2012,중랑구,묵2동,8476,20267,10147,10120,1126063000
2012,중랑구,망우3동,8298,19400,9772,9628,1126066000
2012,중랑구,신내1동,10982,32199,15892,16307,1126068000
2012,중랑구,신내2동,9243,25181,12260,12921,1126069000
2012,중랑구,면목본동,16197,37090,18482,18608,1126056500
2012,중랑구,면목3.8동,12759,29569,14791,14778,1126057500
2012,중랑구,망우본동,14681,34992,17645,17347,1126065500
2012,성북구,계,197992,490639,241162,249477,1129000000
2012,성북구,돈암1동,6215,16706,8051,8655,1129058000
2012,성북구,돈암2동,7916,23373,11268,12105,1129059000
2012,성북구,안암동,8905,18392,9230,9162,1129060000
2012,성북구,보문동,6701,14422,7123,7299,1129061000
2012,성북구,정릉1동,7607,20659,9951,10708,1129062000
2012,성북구,정릉2동,9496,24616,12220,12396,1129063000
2012,성북구,정릉3동,7889,18502,9251,9251,1129064000
2012,성북구,정릉4동,10876,28171,13832,14339,1129065000
2012,성북구,길음1동,12745,37394,18184,19210,1129066000
2012,성북구,길음2동,9081,21138,10395,10743,1129068500
2012,성북구,월곡1동,10994,29335,14508,14827,1129071500
2012,성북구,월곡2동,8845,21867,10746,11121,1129072500
2012,성북구,장위1동,10305,26259,13015,13244,1129076000
2012,성북구,장위2동,9337,22898,11535,11363,1129077000
2012,성북구,장위3동,7907,19300,9877,9423,1129078000
2012,성북구,성북동,8654,19636,9368,10268,1129052500
2012,성북구,삼선동,12642,28877,14073,14804,1129055500
2012,성북구,동선동,8611,16982,7575,9407,1129057500
2012,성북구,종암동,17447,43886,21789,22097,1129070500
2012,성북구,석관동,15819,38226,19171,19055,1129081000
2012,강북구,계,142150,346493,171099,175394,1130500000
2012,강북구,번1동,9723,21222,10507,10715,1130559500
2012,강북구,번2동,7931,19877,9798,10079,1130560300
2012,강북구,번3동,7823,21309,10323,10986,1130560800
2012,강북구,수유1동,10015,23557,11822,11735,1130561500
2012,강북구,수유2동,9206,23347,11534,11813,1130562500
2012,강북구,수유3동,10971,24201,12017,12184,1130563000
2012,강북구,삼양동,13088,31872,15898,15974,1130553400
2012,강북구,미아동,10534,24615,12104,12511,1130553500
2012,강북구,송중동,14039,33998,16632,17366,1130554500
2012,강북구,송천동,14086,32293,16146,16147,1130555500
2012,강북구,삼각산동,11980,34542,16891,17651,1130557500
2012,강북구,우이동,8894,21734,10761,10973,1130564500
2012,강북구,인수동,13860,33926,16666,17260,1130566000
2012,도봉구,계,138036,364454,180023,184431,1132000000
2012,도봉구,쌍문1동,8583,22320,10917,11403,1132066000
2012,도봉구,쌍문2동,8498,21727,10676,11051,1132067000
2012,도봉구,쌍문3동,7630,18767,9171,9596,1132068000
2012,도봉구,쌍문4동,7470,21798,10548,11250,1132068100
2012,도봉구,방학1동,12457,32448,16264,16184,1132069000
2012,도봉구,방학2동,9762,23957,12117,11840,1132070000
2012,도봉구,방학3동,10838,32106,15791,16315,1132071000
2012,도봉구,창1동,10841,28661,13982,14679,1132051100
2012,도봉구,창2동,11868,31719,15693,16026,1132051200
2012,도봉구,창3동,6669,16089,8100,7989,1132051300
2012,도봉구,창4동,10963,30897,14979,15918,1132051400
2012,도봉구,창5동,10035,27914,13716,14198,1132051500
2012,도봉구,도봉1동,10495,24638,12503,12135,1132052100
2012,도봉구,도봉2동,11927,31413,15566,15847,1132052200
2012,노원구,계,222959,600829,293616,307213,1135000000
2012,노원구,월계1동,9382,23366,11924,11442,1135056000
2012,노원구,월계2동,12253,30680,14932,15748,1135057000
2012,노원구,월계3동,13474,35986,17543,18443,1135058000
2012,노원구,공릉1동,16624,40455,19826,20629,1135059500
2012,노원구,공릉2동,17269,47260,23543,23717,1135060000
2012,노원구,하계1동,11348,30877,14972,15905,1135061100
2012,노원구,하계2동,8715,25914,12608,13306,1135061200
2012,노원구,중계본동,9920,30010,14778,15232,1135061900
2012,노원구,중계1동,9478,30489,15004,15485,1135062100
2012,노원구,중계4동,8213,22599,11063,11536,1135062400
2012,노원구,상계1동,15760,44358,21908,22450,1135063000
2012,노원구,상계2동,8586,22596,11185,11411,1135064000
2012,노원구,상계5동,9542,24398,11950,12448,1135067000
2012,노원구,상계8동,9570,27421,13206,14215,1135070000
2012,노원구,상계9동,8855,24816,12038,12778,1135071000
2012,노원구,상계10동,7764,20711,9762,10949,1135072000
2012,노원구,중계2.3동,15672,42416,20031,22385,1135062500
2012,노원구,상계3.4동,16215,39274,19782,19492,1135066500
2012,노원구,상계6.7동,14319,37203,17561,19642,1135069500
2012,은평구,계,200502,505902,248150,257752,1138000000
2012,은평구,녹번동,14562,33447,16239,17208,1138051000
2012,은평구,불광1동,16690,42182,20496,21686,1138052000
2012,은평구,불광2동,13241,30564,15111,15453,1138053000
2012,은평구,갈현1동,10899,26489,13063,13426,1138055100
2012,은평구,갈현2동,11198,28903,14009,14894,1138055200
2012,은평구,구산동,12290,34279,17558,16721,1138056000
2012,은평구,대조동,14049,32042,15350,16692,1138057000
2012,은평구,응암1동,13366,32281,15747,16534,1138058000
2012,은평구,응암2동,10766,26330,13081,13249,1138059000
2012,은평구,응암3동,12160,27898,13734,14164,1138060000
2012,은평구,신사1동,10864,28328,13844,14484,1138063100
2012,은평구,신사2동,9005,23224,11650,11574,1138063200
2012,은평구,증산동,8394,21269,10609,10660,1138064000
2012,은평구,수색동,7957,19747,9909,9838,1138065000
2012,은평구,진관동,15941,49691,23901,25790,1138069000
2012,은평구,역촌동,19120,49228,23849,25379,1138062500
2012,서대문구,계,135104,324733,157969,166764,1141000000
2012,서대문구,천연동,8599,20457,9959,10498,1141052000
2012,서대문구,홍제1동,11427,27841,13424,14417,1141062000
2012,서대문구,홍제2동,6085,15927,7592,8335,1141065500
2012,서대문구,홍제3동,8346,20292,9920,10372,1141064000
2012,서대문구,홍은1동,10488,26748,13099,13649,1141066000
2012,서대문구,홍은2동,11972,30100,14798,15302,1141068500
2012,서대문구,남가좌1동,1843,4040,2044,1996,1141069000
2012,서대문구,남가좌2동,12819,30972,15288,15684,1141070000
2012,서대문구,북가좌1동,6187,17067,8465,8602,1141071000
2012,서대문구,북가좌2동,13551,34308,16886,17422,1141072000
2012,서대문구,충현동,9270,20749,10146,10603,1141056500
2012,서대문구,북아현동,5008,11227,5449,5778,1141055500
2012,서대문구,신촌동,10757,21586,9756,11830,1141058500
2012,서대문구,연희동,18752,43419,21143,22276,1141061500
2012,마포구,계,166722,393576,190514,203062,1144000000
2012,마포구,용강동,7677,19333,9299,10034,1144059000
2012,마포구,대흥동,8363,15889,7661,8228,1144060000
2012,마포구,염리동,8053,18047,8886,9161,1144061000
2012,마포구,신수동,9131,22237,10973,11264,1144063000
2012,마포구,서교동,15724,29491,13640,15851,1144066000
2012,마포구,합정동,9275,20605,10040,10565,1144068000
2012,마포구,망원1동,10588,24534,11953,12581,1144069000
2012,마포구,망원2동,8222,21350,10382,10968,1144070000
2012,마포구,연남동,9087,20202,9720,10482,1144071000
2012,마포구,성산1동,9023,21372,10345,11027,1144072000
2012,마포구,성산2동,15536,40975,19876,21099,1144073000
2012,마포구,상암동,11302,33618,16502,17116,1144074000
2012,마포구,도화동,9370,23725,11437,12288,1144058500
2012,마포구,서강동,11347,25616,12219,13397,1144065500
2012,마포구,공덕동,15934,37138,18095,19043,1144056500
2012,마포구,아현동,8090,19444,9486,9958,1144055500
2012,양천구,계,181135,500533,248683,251850,1147000000
2012,양천구,목1동,10685,33320,16252,17068,1147051000
2012,양천구,목2동,12272,31953,15802,16151,1147052000
2012,양천구,목3동,9165,23230,11387,11843,1147053000
2012,양천구,목4동,9960,28762,14350,14412,1147054000
2012,양천구,목5동,14135,45733,22812,22921,1147055000
2012,양천구,신월1동,10439,25070,12811,12259,1147056000
2012,양천구,신월2동,7840,21114,10529,10585,1147057000
2012,양천구,신월3동,8084,17994,9389,8605,1147058000
2012,양천구,신월4동,6776,19264,9604,9660,1147059000
2012,양천구,신월5동,6245,16378,8077,8301,1147060000
2012,양천구,신월6동,5123,13031,6616,6415,1147061000
2012,양천구,신월7동,9431,25210,12533,12677,1147061100
2012,양천구,신정1동,6585,20503,10061,10442,1147062000
2012,양천구,신정2동,7454,22634,11251,11383,1147063000
2012,양천구,신정3동,20948,58364,28858,29506,1147064000
2012,양천구,신정4동,15794,37619,18626,18993,1147065000
2012,양천구,신정6동,8459,27115,13289,13826,1147067000
2012,양천구,신정7동,11740,33238,16436,16802,1147068000
2012,강서구,계,223708,573794,282185,291609,1150000000
2012,강서구,염창동,14468,42695,21061,21634,1150051000
2012,강서구,등촌1동,9610,22706,11068,11638,1150052000
2012,강서구,등촌2동,8031,22254,11162,11092,1150053000
2012,강서구,등촌3동,14696,37491,17936,19555,1150053500
2012,강서구,화곡본동,14791,37006,18174,18832,1150059000
2012,강서구,화곡1동,21900,52354,26014,26340,1150054000
2012,강서구,화곡2동,8094,20661,10181,10480,1150055000
2012,강서구,화곡3동,9048,24262,11886,12376,1150056000
2012,강서구,화곡4동,9673,23405,11638,11767,1150057000
2012,강서구,화곡6동,9934,25446,12584,12862,1150059100
2012,강서구,화곡8동,10821,27744,13556,14188,1150059300
2012,강서구,가양1동,7288,20676,10409,10267,1150060300
2012,강서구,가양2동,7934,17967,8623,9344,1150060400
2012,강서구,가양3동,7863,18847,9046,9801,1150060500
2012,강서구,발산1동,11210,33268,15999,17269,1150061100
2012,강서구,공항동,9978,22421,11709,10712,1150062000
2012,강서구,방화1동,11728,31155,15637,15518,1150063000
2012,강서구,방화2동,11119,26109,12878,13231,1150064000
2012,강서구,방화3동,11425,27479,13294,14185,1150064100
2012,강서구,우장산동,14097,39848,19330,20518,1150061500
2012,구로구,계,171498,454478,229130,225348,1153000000
2012,구로구,신도림동,13128,38378,18951,19427,1153051000
2012,구로구,구로1동,7909,23320,11626,11694,1153052000
2012,구로구,구로2동,14938,39579,20315,19264,1153053000
2012,구로구,구로3동,13911,28948,14711,14237,1153054000
2012,구로구,구로4동,11892,30490,15412,15078,1153055000
2012,구로구,구로5동,13282,35276,17748,17528,1153056000
2012,구로구,고척1동,9523,25668,12947,12721,1153072000
2012,구로구,고척2동,11928,31570,15934,15636,1153073000
2012,구로구,개봉1동,13467,34759,17485,17274,1153074000
2012,구로구,개봉2동,12619,35133,17330,17803,1153075000
2012,구로구,개봉3동,8440,22565,11264,11301,1153076000
2012,구로구,오류1동,8702,21578,10763,10815,1153077000
2012,구로구,오류2동,14531,40874,20451,20423,1153078000
2012,구로구,수궁동,9727,25979,13017,12962,1153079000
2012,구로구,가리봉동,7501,20359,11175,9184,1153059500
2012,금천구,계,104357,260734,133834,126900,1154500000
2012,금천구,가산동,11024,23901,13528,10373,1154551000
2012,금천구,독산1동,14315,35601,18749,16852,1154561000
2012,금천구,독산2동,9837,24050,12227,11823,1154562000
2012,금천구,독산3동,12778,31752,16203,15549,1154563000
2012,금천구,독산4동,8341,20371,10402,9969,1154564000
2012,금천구,시흥1동,15150,38386,19474,18912,1154567000
2012,금천구,시흥2동,8763,25237,12433,12804,1154568000
2012,금천구,시흥3동,4950,12821,6477,6344,1154569000
2012,금천구,시흥4동,9475,24511,12272,12239,1154570000
2012,금천구,시흥5동,9724,24104,12069,12035,1154571000
2012,영등포구,계,167685,426876,215084,211792,1156000000
2012,영등포구,여의도동,12508,34364,16448,17916,1156054000
2012,영등포구,당산1동,9319,21246,10597,10649,1156055000
2012,영등포구,당산2동,14094,34437,16734,17703,1156056000
2012,영등포구,양평1동,7380,17656,8874,8782,1156061000
2012,영등포구,양평2동,8800,22514,11445,11069,1156062000
2012,영등포구,신길1동,9953,23813,11991,11822,1156063000
2012,영등포구,신길3동,6976,17786,8957,8829,1156065000
2012,영등포구,신길4동,5554,13946,7047,6899,1156066000
2012,영등포구,신길5동,7100,19728,9984,9744,1156067000
2012,영등포구,신길6동,9610,24791,12325,12466,1156068000
2012,영등포구,신길7동,5966,15864,7989,7875,1156069000
2012,영등포구,대림1동,7281,19998,10149,9849,1156070000
2012,영등포구,대림2동,8039,25417,12846,12571,1156071000
2012,영등포구,대림3동,11550,31881,16115,15766,1156072000
2012,영등포구,영등포본동,11008,28024,14239,13785,1156051500
2012,영등포구,영등포동,11146,20801,11802,8999,1156053500
2012,영등포구,도림동,8924,21841,11175,10666,1156058500
2012,영등포구,문래동,12477,32758,16363,16395,1156060500
2012,동작구,계,169293,416268,204479,211789,1159000000
2012,동작구,노량진1동,14383,35008,17475,17533,1159051000
2012,동작구,노량진2동,7584,16697,8321,8376,1159052000
2012,동작구,상도1동,18588,43787,21564,22223,1159053000
2012,동작구,상도2동,11037,26232,12798,13434,1159054000
2012,동작구,상도3동,10064,24985,12272,12713,1159055000
2012,동작구,상도4동,11952,30065,14929,15136,1159056000
2012,동작구,사당1동,11094,24361,11752,12609,1159062000
2012,동작구,사당2동,12115,30050,14702,15348,1159063000
2012,동작구,사당3동,10404,26396,12975,13421,1159064000
2012,동작구,사당4동,6357,15380,7533,7847,1159065000
2012,동작구,사당5동,6303,15612,7767,7845,1159065100
2012,동작구,대방동,15650,40795,19805,20990,1159066000
2012,동작구,신대방1동,10073,28931,14199,14732,1159067000
2012,동작구,신대방2동,8390,21431,10493,10938,1159068000
2012,동작구,흑석동,15299,36533,17892,18641,1159060500
2012,관악구,계,247598,540520,273640,266880,1162000000
2012,관악구,남현동,8188,18368,8886,9482,1162063000
2012,관악구,보라매동,11605,28345,14073,14272,1162052500
2012,관악구,청림동,6626,17288,8507,8781,1162054500
2012,관악구,행운동,15462,30334,15038,15296,1162057500
2012,관악구,낙성대동,9974,18327,9363,8964,1162058500
2012,관악구,중앙동,7458,15279,7486,7793,1162061500
2012,관악구,인헌동,13150,28769,14335,14434,1162062500
2012,관악구,서원동,12291,24274,12331,11943,1162064500
2012,관악구,신원동,9362,20484,10155,10329,1162065500
2012,관악구,서림동,13301,24916,13723,11193,1162066500
2012,관악구,신사동,12383,26716,13344,13372,1162068500
2012,관악구,신림동,13124,23553,11771,11782,1162069500
2012,관악구,난향동,6694,17899,8949,8950,1162071500
2012,관악구,조원동,9229,19744,10132,9612,1162072500
2012,관악구,대학동,14160,24078,14276,9802,1162073500
2012,관악구,은천동,14967,37105,18444,18661,1162060500
2012,관악구,성현동,12858,35003,17243,17760,1162056500
2012,관악구,청룡동,17814,34411,17195,17216,1162059500
2012,관악구,난곡동,12854,31240,15888,15352,1162077500
2012,관악구,삼성동,12194,29711,15033,14678,1162074500
2012,관악구,미성동,13904,34676,17468,17208,1162076500
2012,서초구,계,168878,439998,213011,226987,1165000000
2012,서초구,서초1동,9045,21884,10641,11243,1165051000
2012,서초구,서초2동,8979,23783,11778,12005,1165052000
2012,서초구,서초3동,12415,31219,15607,15612,1165053000
2012,서초구,서초4동,10573,30880,15075,15805,1165053100
2012,서초구,잠원동,14366,35984,17215,18769,1165054000
2012,서초구,반포본동,4459,13664,6443,7221,1165055000
2012,서초구,반포1동,15048,34318,16441,17877,1165056000
2012,서초구,반포2동,7160,21970,10433,11537,1165057000
2012,서초구,반포3동,8453,24456,11665,12791,1165058000
2012,서초구,반포4동,7382,20940,10050,10890,1165058100
2012,서초구,방배본동,8145,22338,10600,11738,1165059000
2012,서초구,방배1동,6885,17379,8325,9054,1165060000
2012,서초구,방배2동,10982,27850,13463,14387,1165061000
2012,서초구,방배3동,9655,25925,12654,13271,1165062000
2012,서초구,방배4동,10010,26178,12280,13898,1165062100
2012,서초구,양재1동,12480,31954,15414,16540,1165065100
2012,서초구,양재2동,10392,23386,11819,11567,1165065200
2012,서초구,내곡동,2449,5890,3108,2782,1165066000
2012,강남구,계,230755,569997,274124,295873,1168000000
2012,강남구,신사동,8602,20306,9516,10790,1168051000
2012,강남구,논현1동,14999,26651,12406,14245,1168052100
2012,강남구,논현2동,10811,22658,10712,11946,1168053100
2012,강남구,삼성1동,5922,16190,8213,7977,1168058000
2012,강남구,삼성2동,14120,32721,15694,17027,1168059000
2012,강남구,대치1동,6046,20603,10244,10359,1168060000
2012,강남구,대치2동,14048,43193,21852,21341,1168061000
2012,강남구,대치4동,10586,22315,10554,11761,1168063000
2012,강남구,역삼1동,20436,36194,17332,18862,1168064000
2012,강남구,역삼2동,14367,35480,16748,18732,1168065000
2012,강남구,도곡1동,8443,22978,11043,11935,1168065500
2012,강남구,도곡2동,11768,34429,16285,18144,1168065600
2012,강남구,개포1동,8940,23353,11174,12179,1168066000
2012,강남구,개포2동,12723,34999,16859,18140,1168067000
2012,강남구,개포4동,9709,23897,11734,12163,1168069000
2012,강남구,일원본동,7642,23210,11317,11893,1168072000
2012,강남구,일원1동,7736,18954,9228,9726,1168073000
2012,강남구,일원2동,7345,19212,9482,9730,1168074000
2012,강남구,수서동,7545,16831,7678,9153,1168075000
2012,강남구,세곡동,4917,14400,7075,7325,1168070000
2012,강남구,압구정동,11269,29630,13795,15835,1168054500
2012,강남구,청담동,12781,31791,15181,16610,1168056500
2012,송파구,계,257852,680150,333060,347090,1171000000
2012,송파구,풍납1동,7914,19974,9851,10123,1171051000
2012,송파구,풍납2동,11042,28831,13908,14923,1171052000
2012,송파구,거여1동,5917,16084,8193,7891,1171053100
2012,송파구,거여2동,11118,28458,14429,14029,1171053200
2012,송파구,마천1동,9588,24536,12309,12227,1171054000
2012,송파구,마천2동,8698,22469,11427,11042,1171055000
2012,송파구,방이1동,6233,17461,8613,8848,1171056100
2012,송파구,방이2동,11691,26202,12912,13290,1171056200
2012,송파구,오륜동,6098,20394,9988,10406,1171056600
2012,송파구,오금동,14173,38747,19215,19532,1171057000
2012,송파구,송파1동,11802,27875,13243,14632,1171058000
2012,송파구,송파2동,7711,22931,11161,11770,1171059000
2012,송파구,석촌동,15675,36060,17534,18526,1171060000
2012,송파구,삼전동,15828,35278,16872,18406,1171061000
2012,송파구,가락본동,11646,29975,14990,14985,1171062000
2012,송파구,가락1동,2819,6591,3326,3265,1171063100
2012,송파구,가락2동,12550,36265,17901,18364,1171063200
2012,송파구,문정1동,8415,22751,11188,11563,1171064100
2012,송파구,문정2동,5344,15955,7781,8174,1171064200
2012,송파구,장지동,13740,37635,18510,19125,1171064600
2012,송파구,잠실본동,14216,31356,15040,16316,1171065000
2012,송파구,잠실2동,12659,37101,17802,19299,1171067000
2012,송파구,잠실3동,12683,37484,18046,19438,1171068000
2012,송파구,잠실4동,10997,31511,15389,16122,1171069000
2012,송파구,잠실6동,5789,17432,8376,9056,1171071000
2012,송파구,잠실7동,3506,10794,5056,5738,1171072000
2012,강동구,계,187490,492728,246237,246491,1174000000
2012,강동구,강일동,10933,34701,16931,17770,1174051500
2012,강동구,상일동,9745,27912,13976,13936,1174052000
2012,강동구,명일1동,10060,28642,14082,14560,1174053000
2012,강동구,명일2동,6048,19064,9601,9463,1174054000
2012,강동구,고덕1동,5990,17558,8925,8633,1174055000
2012,강동구,고덕2동,7025,18163,9310,8853,1174056000
2012,강동구,암사1동,15869,39384,19621,19763,1174057000
2012,강동구,암사2동,6293,16530,8171,8359,1174058000
2012,강동구,암사3동,6178,19083,9430,9653,1174059000
2012,강동구,천호1동,13046,32013,16050,15963,1174060000
2012,강동구,천호2동,17097,38480,19443,19037,1174061000
2012,강동구,천호3동,12387,26970,13644,13326,1174062000
2012,강동구,성내1동,7408,20147,9910,10237,1174064000
2012,강동구,성내2동,12170,27162,13545,13617,1174065000
2012,강동구,성내3동,10386,25623,12821,12802,1174066000
2012,강동구,둔촌1동,6443,20258,10407,9851,1174069000
2012,강동구,둔촌2동,10669,29655,14779,14876,1174070000
2012,강동구,길동,19743,51382,25590,25792,1174068500
2005,계,계,3871024,10297004,5123738,5173266,1100000000
2005,종로구,계,69982,173861,87091,86770,1111000000
2005,종로구,청운동,1689,4996,2587,2409,1111051000
2005,종로구,효자동,4591,12155,5853,6302,1111052000
2005,종로구,사직동,3743,8873,4301,4572,1111053000
2005,종로구,삼청동,1832,4365,2156,2209,1111054000
2005,종로구,부암동,4460,12131,6129,6002,1111055000
2005,종로구,평창동,6816,20333,9881,10452,1111056000
2005,종로구,무악동,2265,6413,3103,3310,1111057000
2005,종로구,교남동,4321,9526,4604,4922,1111058000
2005,종로구,가회동,2558,6404,3123,3281,1111060000
2005,종로구,종로1.2.3.4가동,3954,7273,4075,3198,1111061500
2005,종로구,종로5.6가동,2886,7054,3663,3391,1111063000
2005,종로구,이화동,4417,10541,5149,5392,1111064000
2005,종로구,혜화동,5295,12300,6021,6279,1111065000
2005,종로구,명륜3가동,3458,7044,3823,3221,1111066000
2005,종로구,창신1동,3268,7808,4001,3807,1111067000
2005,종로구,창신2동,4647,12187,6178,6009,1111068000
2005,종로구,창신3동,3069,8903,4474,4429,1111069000
2005,종로구,숭인1동,2956,7302,3702,3600,1111070000
2005,종로구,숭인2동,3757,8253,4268,3985,1111071000
2005,중구,계,55101,134420,67062,67358,1114000000
2005,중구,소공동,435,1287,706,581,1114052000
2005,중구,회현동,2604,5343,2820,2523,1114054000
2005,중구,명동,1348,3366,1507,1859,1114055000
2005,중구,필동,2233,4969,2615,2354,1114057000
2005,중구,장충동,2900,6229,3074,3155,1114058000
2005,중구,광희동,2522,5460,2834,2626,1114059000
2005,중구,을지로동,1099,1903,1090,813,1114060500
2005,중구,신당1동,3870,9410,4665,4745,1114061000
2005,중구,신당2동,6780,16984,8403,8581,1114062000
2005,중구,신당3동,7862,20207,9890,10317,1114063000
2005,중구,신당4동,6181,16636,8098,8538,1114064000
2005,중구,신당5동,4571,10947,5542,5405,1114065000
2005,중구,신당6동,4170,11259,5516,5743,1114066000
2005,중구,황학동,3269,7517,3857,3660,1114067000
2005,중구,중림동,5257,12903,6445,6458,1114068000
2005,용산구,계,97324,240077,118268,121809,1117000000
2005,용산구,후암동,7833,19388,9667,9721,1117051000
2005,용산구,용산2가동,5298,14094,6991,7103,1117052000
2005,용산구,남영동,4126,7631,4288,3343,1117053000
2005,용산구,청파1동,6636,16858,8493,8365,1117054000
2005,용산구,청파2동,3669,7564,3419,4145,1117055000
2005,용산구,원효로1동,2718,6363,3171,3192,1117056000
2005,용산구,원효로2동,5919,16157,7827,8330,1117057000
2005,용산구,효창동,4121,10790,5394,5396,1117058000
2005,용산구,용문동,4926,13392,6662,6730,1117059000
2005,용산구,한강로1동,2192,4657,2402,2255,1117060000
2005,용산구,한강로2동,2229,4293,2241,2052,1117061000
2005,용산구,한강로3동,2449,5581,2874,2707,1117062000
2005,용산구,이촌1동,9652,28564,13629,14935,1117063000
2005,용산구,이촌2동,3745,9568,4666,4902,1117064000
2005,용산구,이태원1동,4036,9885,4815,5070,1117065000
2005,용산구,이태원2동,4715,11558,5568,5990,1117066000
2005,용산구,한남1동,6007,14245,7070,7175,1117067000
2005,용산구,한남2동,4310,8924,4313,4611,1117068000
2005,용산구,서빙고동,4395,11484,5580,5904,1117069000
2005,용산구,보광동,8348,19081,9198,9883,1117070000
2005,성동구,계,131725,342691,171858,170833,1120000000
2005,성동구,왕십리1동,5780,14691,7443,7248,1120051000
2005,성동구,왕십리2동,7015,18894,9343,9551,1120052000
2005,성동구,도선동,3669,9019,4526,4493,1120053000
2005,성동구,마장동,9398,25640,12941,12699,1120054000
2005,성동구,사근동,5046,11516,6108,5408,1120055000
2005,성동구,행당1동,7504,18404,9178,9226,1120056000
2005,성동구,행당2동,9884,28604,13919,14685,1120057000
2005,성동구,응봉동,6367,17969,8742,9227,1120058000
2005,성동구,금호1가동,6819,18500,9102,9398,1120059000
2005,성동구,금호2가동,5112,12676,6239,6437,1120060000
2005,성동구,금호3가동,6332,16495,8016,8479,1120061000
2005,성동구,금호4가동,5502,14211,6998,7213,1120062000
2005,성동구,옥수1동,4849,11839,6024,5815,1120063000
2005,성동구,옥수2동,6974,18309,8803,9506,1120064000
2005,성동구,성수1가1동,7793,20663,10678,9985,1120065000
2005,성동구,성수1가2동,8191,20306,10367,9939,1120066000
2005,성동구,성수2가1동,7795,20705,10738,9967,1120067000
2005,성동구,성수2가3동,5241,13239,6793,6446,1120069000
2005,성동구,송정동,5517,13432,6965,6467,1120072000
2005,성동구,용답동,6937,17579,8935,8644,1120079000
2005,광진구,계,147077,380480,189497,190983,1121500000
2005,광진구,노유1동,5439,12415,6278,6137,1121584500
2005,광진구,노유2동,5194,13155,6776,6379,1121584600
2005,광진구,화양동,11428,22840,11334,11506,1121571000
2005,광진구,군자동,9381,22230,11241,10989,1121573000
2005,광진구,중곡1동,7081,17769,8908,8861,1121574000
2005,광진구,중곡2동,8619,23238,11438,11800,1121575000
2005,광진구,중곡3동,7956,20711,10368,10343,1121576000
2005,광진구,중곡4동,12029,33604,16659,16945,1121577000
2005,광진구,능동,4726,10954,5409,5545,1121578000
2005,광진구,구의1동,10225,24059,11697,12362,1121585000
2005,광진구,구의2동,10003,26887,13493,13394,1121586000
2005,광진구,구의3동,10939,30134,14745,15389,1121587000
2005,광진구,광장동,11543,35605,17526,18079,1121581000
2005,광진구,자양1동,10550,25607,12745,12862,1121582000
2005,광진구,자양2동,10940,29983,15079,14904,1121583000
2005,광진구,자양3동,11024,31289,15801,15488,1121584000
2005,동대문구,계,152613,386280,194446,191834,1123000000
2005,동대문구,신설동,3837,9297,4797,4500,1123051000
2005,동대문구,용두1동,5654,12059,6341,5718,1123052000
2005,동대문구,용두2동,4741,10681,5525,5156,1123053000
2005,동대문구,제기1동,5906,14489,7318,7171,1123054000
2005,동대문구,제기2동,7081,16690,8527,8163,1123055000
2005,동대문구,전농1동,6033,14988,7566,7422,1123056000
2005,동대문구,전농2동,3320,7060,3728,3332,1123057000
2005,동대문구,전농3동,7652,21957,10810,11147,1123058000
2005,동대문구,전농4동,5511,13617,6855,6762,1123059000
2005,동대문구,답십리1동,4385,11485,5736,5749,1123060000
2005,동대문구,답십리2동,5703,16288,8176,8112,1123061000
2005,동대문구,답십리3동,2821,7694,3914,3780,1123062000
2005,동대문구,답십리4동,5526,15696,7812,7884,1123063000
2005,동대문구,답십리5동,4056,9831,5057,4774,1123064000
2005,동대문구,장안1동,7489,18980,9657,9323,1123065000
2005,동대문구,장안2동,4730,13179,6750,6429,1123066000
2005,동대문구,장안3동,5938,17166,8634,8532,1123067000
2005,동대문구,장안4동,5793,15352,7785,7567,1123068000
2005,동대문구,청량리1동,5723,15626,7827,7799,1123069000
2005,동대문구,청량리2동,4576,10714,5385,5329,1123070000
2005,동대문구,회기동,5412,12109,5905,6204,1123071000
2005,동대문구,휘경1동,7764,17898,8923,8975,1123072000
2005,동대문구,휘경2동,9191,24931,12321,12610,1123073000
2005,동대문구,이문1동,6321,14707,7268,7439,1123074000
2005,동대문구,이문2동,9029,19982,9950,10032,1123075000
2005,동대문구,이문3동,8421,23804,11879,11925,1123076000
2005,중랑구,계,159674,429922,214675,215247,1126000000
2005,중랑구,면목1동,8640,22533,11125,11408,1126051000
2005,중랑구,면목2동,11280,29604,14870,14734,1126052000
2005,중랑구,면목3동,7176,18009,8969,9040,1126053000
2005,중랑구,면목4동,9436,23520,11392,12128,1126054000
2005,중랑구,면목5동,5905,15580,7892,7688,1126055000
2005,중랑구,면목6동,5933,15615,7817,7798,1126056000
2005,중랑구,면목7동,9875,26807,13481,13326,1126057000
2005,중랑구,면목8동,4834,13203,6650,6553,1126057100
2005,중랑구,상봉1동,8444,25079,12444,12635,1126058000
2005,중랑구,상봉2동,8100,19188,9668,9520,1126059000
2005,중랑구,중화1동,7889,22594,11232,11362,1126060000
2005,중랑구,중화2동,7743,18375,9396,8979,1126061000
2005,중랑구,중화3동,5793,14600,7345,7255,1126061100
2005,중랑구,묵1동,12051,35278,17454,17824,1126062000
2005,중랑구,묵2동,8034,21233,10658,10575,1126063000
2005,중랑구,망우1동,8177,21615,10868,10747,1126064000
2005,중랑구,망우2동,3886,9822,4939,4883,1126065000
2005,중랑구,망우3동,7706,20552,10287,10265,1126066000
2005,중랑구,신내1동,9526,29356,14662,14694,1126068000
2005,중랑구,신내2동,9246,27359,13526,13833,1126069000
2005,성북구,계,177456,467308,232338,234970,1129000000
2005,성북구,성북1동,3099,8210,4000,4210,1129051000
2005,성북구,성북2동,3037,7784,3821,3963,1129052000
2005,성북구,동소문동,4115,11835,5753,6082,1129053000
2005,성북구,삼선1동,4831,11689,5730,5959,1129054000
2005,성북구,삼선2동,4727,11851,5790,6061,1129055000
2005,성북구,동선1동,3554,7308,3317,3991,1129056000
2005,성북구,동선2동,3522,8623,4079,4544,1129057000
2005,성북구,돈암1동,6407,18189,8913,9276,1129058000
2005,성북구,돈암2동,5681,16575,8077,8498,1129059000
2005,성북구,안암동,8244,18079,9302,8777,1129060000
2005,성북구,보문동,7284,18087,8969,9118,1129061000
2005,성북구,정릉1동,7214,20394,9856,10538,1129062000
2005,성북구,정릉2동,8242,22496,11270,11226,1129063000
2005,성북구,정릉3동,7566,19415,9765,9650,1129064000
2005,성북구,정릉4동,8809,24053,11932,12121,1129065000
2005,성북구,길음1동,3957,10548,5158,5390,1129066000
2005,성북구,길음2동,6444,18115,8955,9160,1129068500
2005,성북구,길음3동,7418,18781,9254,9527,1129068000
2005,성북구,종암1동,8174,21742,11004,10738,1129069000
2005,성북구,종암2동,7126,19002,9603,9399,1129070000
2005,성북구,월곡1동,6084,15531,7792,7739,1129071500
2005,성북구,월곡2동,3030,7638,3815,3823,1129072500
2005,성북구,월곡3동,346,707,379,328,1129073500
2005,성북구,월곡4동,3046,9561,4729,4832,1129074500
2005,성북구,상월곡동,4042,11628,5771,5857,1129075000
2005,성북구,장위1동,10246,27810,13891,13919,1129076000
2005,성북구,장위2동,8945,23953,12155,11798,1129077000
2005,성북구,장위3동,6791,17080,8744,8336,1129078000
2005,성북구,석관1동,10647,28633,14417,14216,1129079000
2005,성북구,석관2동,4828,11991,6097,5894,1129080000
2005,강북구,계,132471,355334,176451,178883,1130500000
2005,강북구,미아1동,5696,15981,7920,8061,1130553100
2005,강북구,미아2동,6027,15147,7735,7412,1130553200
2005,강북구,미아3동,9602,24973,12538,12435,1130553300
2005,강북구,미아4동,7272,19156,9444,9712,1130554000
2005,강북구,미아5동,6154,15620,7780,7840,1130555000
2005,강북구,미아6.7동,11966,33593,16772,16821,1130556500
2005,강북구,미아8동,6593,16836,8416,8420,1130558000
2005,강북구,미아9동,6634,18559,9173,9386,1130558100
2005,강북구,번1동,8200,20818,10195,10623,1130559500
2005,강북구,번2동,7920,22005,10962,11043,1130560300
2005,강북구,번3동,7652,23269,11290,11979,1130560800
2005,강북구,수유1동,8938,23996,12046,11950,1130561500
2005,강북구,수유2동,8756,24189,11958,12231,1130562500
2005,강북구,수유3동,9805,24189,11945,12244,1130563000
2005,강북구,수유4동,8315,22228,11124,11104,1130564000
2005,강북구,수유5동,7053,18556,9166,9390,1130565000
2005,강북구,수유6동,5888,16219,7987,8232,1130565100
2005,도봉구,계,134308,383448,190512,192936,1132000000
2005,도봉구,쌍문1동,8332,23524,11700,11824,1132066000
2005,도봉구,쌍문2동,8056,22062,10963,11099,1132067000
2005,도봉구,쌍문3동,6965,18926,9253,9673,1132068000
2005,도봉구,쌍문4동,7300,22924,11294,11630,1132068100
2005,도봉구,방학1동,11978,33684,16875,16809,1132069000
2005,도봉구,방학2동,9293,25505,12885,12620,1132070000
2005,도봉구,방학3동,6721,20328,10036,10292,1132071000
2005,도봉구,방학4동,4025,13633,6815,6818,1132072000
2005,도봉구,창1동,10737,30901,15082,15819,1132051100
2005,도봉구,창2동,11454,31855,15908,15947,1132051200
2005,도봉구,창3동,6346,17364,8724,8640,1132051300
2005,도봉구,창4동,10991,32249,15742,16507,1132051400
2005,도봉구,창5동,9813,28646,14221,14425,1132051500
2005,도봉구,도봉1동,10491,27642,13944,13698,1132052100
2005,도봉구,도봉2동,11806,34205,17070,17135,1132052200
2005,노원구,계,215166,624855,307569,317286,1135000000
2005,노원구,월계1동,6251,17978,8902,9076,1135056000
2005,노원구,월계2동,9142,25253,12336,12917,1135057000
2005,노원구,월계3동,9391,28086,13989,14097,1135058000
2005,노원구,월계4동,8366,20900,10418,10482,1135058100
2005,노원구,공릉1동,7535,19791,9898,9893,1135059500
2005,노원구,공릉2동,16199,48281,24145,24136,1135060000
2005,노원구,공릉3동,8174,22714,11009,11705,1135060100
2005,노원구,하계1동,11262,32568,15831,16737,1135061100
2005,노원구,하계2동,8693,27373,13443,13930,1135061200
2005,노원구,중계본동,9669,31353,15479,15874,1135061900
2005,노원구,중계1동,9674,32044,15857,16187,1135062100
2005,노원구,중계2동,6195,18560,9030,9530,1135062200
2005,노원구,중계3동,8971,25550,12134,13416,1135062300
2005,노원구,중계4동,8041,24318,11881,12437,1135062400
2005,노원구,상계1동,14217,42776,21249,21527,1135063000
2005,노원구,상계2동,8045,23083,11515,11568,1135064000
2005,노원구,상계3동,9774,26597,13250,13347,1135065000
2005,노원구,상계4동,5820,15625,7955,7670,1135066000
2005,노원구,상계5동,9115,25479,12570,12909,1135067000
2005,노원구,상계6동,7731,22141,10694,11447,1135068000
2005,노원구,상계7동,6616,16972,8059,8913,1135069000
2005,노원구,상계8동,9488,29394,14538,14856,1135070000
2005,노원구,상계9동,8962,26424,13064,13360,1135071000
2005,노원구,상계10동,7835,21595,10323,11272,1135072000
2005,은평구,계,178816,473456,234477,238979,1138000000
2005,은평구,녹번동,14197,36005,17693,18312,1138051000
2005,은평구,불광1동,11790,30430,14912,15518,1138052000
2005,은평구,불광2동,8138,20692,10240,10452,1138053000
2005,은평구,불광3동,9080,23258,11439,11819,1138054000
2005,은평구,갈현1동,10189,27459,13603,13856,1138055100
2005,은평구,갈현2동,10091,27919,13516,14403,1138055200
2005,은평구,구산동,10824,32127,16478,15649,1138056000
2005,은평구,대조동,12438,31753,15360,16393,1138057000
2005,은평구,응암1동,12072,31087,15265,15822,1138058000
2005,은평구,응암2동,7574,19227,9572,9655,1138059000
2005,은평구,응암3동,7954,20203,10022,10181,1138060000
2005,은평구,응암4동,6988,18228,9049,9179,1138068000
2005,은평구,역촌1동,9362,24692,11981,12711,1138061000
2005,은평구,역촌2동,7627,21269,10413,10856,1138062000
2005,은평구,신사1동,9606,27228,13423,13805,1138063100
2005,은평구,신사2동,8693,24266,12283,11983,1138063200
2005,은평구,증산동,7738,21380,10831,10549,1138064000
2005,은평구,수색동,8392,21981,11009,10972,1138065000
2005,은평구,진관내동,3041,7031,3607,3424,1138066000
2005,은평구,진관외동,3022,7221,3781,3440,1138067000
2005,서대문구,계,138320,355934,174867,181067,1141000000
2005,서대문구,충정로동,3855,8690,4405,4285,1141051000
2005,서대문구,천연동,7595,18933,9289,9644,1141052000
2005,서대문구,북아현1동,4246,9820,4716,5104,1141054000
2005,서대문구,북아현2동,4038,9927,4737,5190,1141055000
2005,서대문구,북아현3동,5761,14758,7272,7486,1141056000
2005,서대문구,대신동,3845,8655,3828,4827,1141057000
2005,서대문구,창천동,6093,12534,6047,6487,1141058000
2005,서대문구,연희1동,6054,16220,7951,8269,1141059000
2005,서대문구,연희2동,4234,11173,5515,5658,1141060000
2005,서대문구,연희3동,7529,16896,8232,8664,1141061000
2005,서대문구,홍제1동,6019,16170,7810,8360,1141062000
2005,서대문구,홍제2동,5038,13248,6519,6729,1141065500
2005,서대문구,홍제3동,7723,21102,10356,10746,1141064000
2005,서대문구,홍제4동,5759,16292,7976,8316,1141065000
2005,서대문구,홍은1동,3664,10869,5283,5586,1141066000
2005,서대문구,홍은2동,7401,19701,9848,9853,1141068500
2005,서대문구,홍은3동,10821,29186,14429,14757,1141068000
2005,서대문구,남가좌1동,7258,17220,8478,8742,1141069000
2005,서대문구,남가좌2동,12075,32031,15973,16058,1141070000
2005,서대문구,북가좌1동,7242,19514,9764,9750,1141071000
2005,서대문구,북가좌2동,12070,32995,16439,16556,1141072000
2005,마포구,계,159894,393155,193008,200147,1144000000
2005,마포구,아현1동,5982,14118,7038,7080,1144051000
2005,마포구,아현2동,4179,9481,4655,4826,1144052000
2005,마포구,아현3동,3711,8621,4225,4396,1144053000
2005,마포구,공덕1동,5303,13122,6415,6707,1144054000
2005,마포구,공덕2동,5166,12537,6192,6345,1144055000
2005,마포구,신공덕동,4399,11195,5556,5639,1144056000
2005,마포구,도화1동,3654,10137,4872,5265,1144057000
2005,마포구,도화2동,5168,13327,6440,6887,1144058000
2005,마포구,용강동,5022,12038,5948,6090,1144059000
2005,마포구,대흥동,6122,15424,7633,7791,1144060000
2005,마포구,염리동,8815,21300,10440,10860,1144061000
2005,마포구,노고산동,5059,9255,4444,4811,1144062000
2005,마포구,신수동,7814,19826,9810,10016,1144063000
2005,마포구,창전동,4934,11707,5760,5947,1144064000
2005,마포구,상수동,5677,12751,6191,6560,1144065000
2005,마포구,서교동,8803,18764,8943,9821,1144066000
2005,마포구,동교동,6987,13250,6142,7108,1144067000
2005,마포구,합정동,8872,22342,11005,11337,1144068000
2005,마포구,망원1동,9687,25207,12528,12679,1144069000
2005,마포구,망원2동,7940,21466,10717,10749,1144070000
2005,마포구,연남동,8396,20619,10124,10495,1144071000
2005,마포구,성산1동,7676,20112,9926,10186,1144072000
2005,마포구,성산2동,14401,40073,19641,20432,1144073000
2005,마포구,상암동,6127,16483,8363,8120,1144074000
2005,양천구,계,174368,502788,251369,251419,1147000000
2005,양천구,목1동,9330,28896,14280,14616,1147051000
2005,양천구,목2동,10704,30369,15259,15110,1147052000
2005,양천구,목3동,8621,23015,11464,11551,1147053000
2005,양천구,목4동,9899,28953,14472,14481,1147054000
2005,양천구,목5동,7378,23752,11839,11913,1147055000
2005,양천구,목6동,7383,24638,12263,12375,1147055100
2005,양천구,신월1동,9553,25839,13122,12717,1147056000
2005,양천구,신월2동,8433,23707,11935,11772,1147057000
2005,양천구,신월3동,7288,18556,9417,9139,1147058000
2005,양천구,신월4동,5794,17186,8671,8515,1147059000
2005,양천구,신월5동,5722,15465,7808,7657,1147060000
2005,양천구,신월6동,6019,16111,8148,7963,1147061000
2005,양천구,신월7동,9086,27210,13702,13508,1147061100
2005,양천구,신정1동,8607,26143,12888,13255,1147062000
2005,양천구,신정2동,7418,23526,11690,11836,1147063000
2005,양천구,신정3동,18435,49989,24902,25087,1147064000
2005,양천구,신정4동,6873,18035,9046,8989,1147065000
2005,양천구,신정5동,7488,18993,9520,9473,1147066000
2005,양천구,신정6동,8839,28228,13923,14305,1147067000
2005,양천구,신정7동,11498,34177,17020,17157,1147068000
2005,강서구,계,202052,557373,276000,281373,1150000000
2005,강서구,염창동,13064,39378,19655,19723,1150051000
2005,강서구,등촌1동,7488,20854,10497,10357,1150052000
2005,강서구,등촌2동,7836,22961,11537,11424,1150053000
2005,강서구,등촌3동,14265,39931,19108,20823,1150053500
2005,강서구,화곡본동,13159,35779,17638,18141,1150059000
2005,강서구,화곡1동,8762,23337,11684,11653,1150054000
2005,강서구,화곡2동,7120,20481,10134,10347,1150055000
2005,강서구,화곡3동,8583,25159,12382,12777,1150056000
2005,강서구,화곡4동,8777,23041,11499,11542,1150057000
2005,강서구,화곡5동,6672,17667,8727,8940,1150058000
2005,강서구,화곡6동,8846,24129,11825,12304,1150059100
2005,강서구,화곡7동,11067,29926,14795,15131,1150059200
2005,강서구,화곡8동,9805,27688,13709,13979,1150059300
2005,강서구,가양1동,7150,21215,10883,10332,1150060300
2005,강서구,가양2동,7785,19851,9623,10228,1150060400
2005,강서구,가양3동,7653,20870,10229,10641,1150060500
2005,강서구,발산1동,4896,14844,7326,7518,1150061100
2005,강서구,발산2동,6008,18133,8814,9319,1150061200
2005,강서구,공항동,9327,23179,11906,11273,1150062000
2005,강서구,방화1동,11663,32047,16162,15885,1150063000
2005,강서구,방화2동,10565,27050,13337,13713,1150064000
2005,강서구,방화3동,11561,29853,14530,15323,1150064100
2005,구로구,신도림동,11408,34608,17325,17283,1153051000
2005,구로구,구로1동,7306,23366,11716,11650,1153052000
2005,구로구,구로2동,7380,18076,9274,8802,1153053000
2005,구로구,구로3동,8506,22689,11469,11220,1153054000
2005,구로구,구로4동,5734,15132,7652,7480,1153055000
2005,구로구,구로5동,11825,31999,16307,15692,1153056000
2005,구로구,구로6동,5418,14564,7312,7252,1153057000
2005,구로구,구로본동,7779,20081,10256,9825,1153056500
2005,구로구,가리봉1동,5603,12710,6939,5771,1153058000
2005,구로구,가리봉2동,2563,6105,3270,2835,1153059000
2005,구로구,고척1동,9291,27008,13747,13261,1153072000
2005,구로구,고척2동,10312,28801,14686,14115,1153073000
2005,구로구,개봉1동,6406,17928,9085,8843,1153074000
2005,구로구,개봉2동,11837,35176,17407,17769,1153075000
2005,구로구,개봉3동,8162,23048,11532,11516,1153076000
2005,구로구,개봉본동,7716,21177,10672,10505,1153076500
2005,구로구,오류1동,7333,20306,10230,10076,1153077000
2005,구로구,오류2동,11460,31189,15868,15321,1153078000
2005,구로구,수궁동,8358,23156,11886,11270,1153079000
2005,금천구,계,98179,263936,134619,129317,1154500000
2005,금천구,가산동,8788,21988,12077,9911,1154551000
2005,금천구,독산1동,11730,33310,17019,16291,1154561000
2005,금천구,독산2동,9673,25268,12865,12403,1154562000
2005,금천구,독산3동,6139,16162,8145,8017,1154563000
2005,금천구,독산4동,8038,20616,10509,10107,1154564000
2005,금천구,독산본동,6174,15662,7949,7713,1154565000
2005,금천구,시흥1동,6157,16812,8635,8177,1154567000
2005,금천구,시흥2동,8689,26625,13342,13283,1154568000
2005,금천구,시흥3동,5244,14392,7285,7107,1154569000
2005,금천구,시흥4동,10017,27517,13900,13617,1154570000
2005,금천구,시흥5동,8873,23638,11918,11720,1154571000
2005,금천구,시흥본동,8657,21946,10975,10971,1154566000
2005,영등포구,계,159762,421327,213122,208205,1156000000
2005,영등포구,영등포1동,6182,16742,8440,8302,1156051000
2005,영등포구,영등포2동,3154,5804,3446,2358,1156052000
2005,영등포구,영등포3동,4874,12234,6241,5993,1156053000
2005,영등포구,여의도동,10704,30663,14945,15718,1156054000
2005,영등포구,당산1동,8603,21322,10803,10519,1156055000
2005,영등포구,당산2동,12110,33481,16578,16903,1156056000
2005,영등포구,도림1동,3447,8707,4450,4257,1156057000
2005,영등포구,도림2동,5475,13121,6730,6391,1156058000
2005,영등포구,문래1동,5467,15565,7889,7676,1156059000
2005,영등포구,문래2동,5181,14797,7493,7304,1156060000
2005,영등포구,양평1동,6319,15789,8122,7667,1156061000
2005,영등포구,양평2동,7692,21891,11230,10661,1156062000
2005,영등포구,신길1동,9501,22973,11501,11472,1156063000
2005,영등포구,신길2동,4662,11422,5765,5657,1156064000
2005,영등포구,신길3동,8255,21435,10791,10644,1156065000
2005,영등포구,신길4동,5587,14556,7309,7247,1156066000
2005,영등포구,신길5동,7287,19109,9700,9409,1156067000
2005,영등포구,신길6동,9750,25853,13038,12815,1156068000
2005,영등포구,신길7동,7536,20683,10410,10273,1156069000
2005,영등포구,대림1동,7644,19714,9969,9745,1156070000
2005,영등포구,대림2동,8426,22907,11663,11244,1156071000
2005,영등포구,대림3동,11906,32559,16609,15950,1156072000
2005,동작구,계,158192,414668,205898,208770,1159000000
2005,동작구,노량진1동,8892,23381,11809,11572,1159051000
2005,동작구,노량진2동,7983,18486,9220,9266,1159052000
2005,동작구,상도1동,7322,19540,9666,9874,1159053000
2005,동작구,상도2동,8890,22469,11124,11345,1159054000
2005,동작구,상도3동,8760,23500,11625,11875,1159055000
2005,동작구,상도4동,11450,31254,15673,15581,1159056000
2005,동작구,상도5동,7310,18583,9350,9233,1159056100
2005,동작구,본동,5513,14243,7128,7115,1159057000
2005,동작구,흑석1동,7200,16460,8390,8070,1159058000
2005,동작구,흑석2동,5063,13111,6413,6698,1159059000
2005,동작구,흑석3동,4204,10246,5122,5124,1159060000
2005,동작구,동작동,7389,19689,9729,9960,1159061000
2005,동작구,사당1동,9800,23644,11467,12177,1159062000
2005,동작구,사당2동,4877,12992,6351,6641,1159063000
2005,동작구,사당3동,10381,28861,14352,14509,1159064000
2005,동작구,사당4동,5514,14159,7018,7141,1159065000
2005,동작구,사당5동,6134,16312,8142,8170,1159065100
2005,동작구,대방동,13964,39247,19374,19873,1159066000
2005,동작구,신대방1동,9226,26195,12984,13211,1159067000
2005,동작구,신대방2동,8320,22296,10961,11335,1159068000
2005,관악구,계,220879,537235,273470,263765,1162000000
2005,관악구,봉천본동,6621,18360,9134,9226,1162051000
2005,관악구,봉천1동,10583,27646,13929,13717,1162052000
2005,관악구,봉천2동,5186,14637,7295,7342,1162053000
2005,관악구,봉천3동,6625,18032,8953,9079,1162054000
2005,관악구,봉천4동,8841,17153,8684,8469,1162055000
2005,관악구,봉천5동,7568,22167,11074,11093,1162056000
2005,관악구,봉천6동,13626,31127,15566,15561,1162057000
2005,관악구,봉천7동,8346,17268,9006,8262,1162058000
2005,관악구,봉천8동,6890,16932,8534,8398,1162059000
2005,관악구,봉천9동,7205,20381,10337,10044,1162060000
2005,관악구,봉천10동,6352,14660,7393,7267,1162061000
2005,관악구,봉천11동,12172,29484,14848,14636,1162062000
2005,관악구,남현동,7422,17786,8778,9008,1162063000
2005,관악구,신림본동,11044,25408,12682,12726,1162064000
2005,관악구,신림1동,8489,21312,10536,10776,1162065000
2005,관악구,신림2동,12316,25612,13938,11674,1162066000
2005,관악구,신림3동,6660,18157,9315,8842,1162067000
2005,관악구,신림4동,11155,27605,13848,13757,1162068000
2005,관악구,신림5동,9305,17244,8612,8632,1162069000
2005,관악구,신림6동,4511,10952,5637,5315,1162070000
2005,관악구,신림7동,2607,6929,3563,3366,1162071000
2005,관악구,신림8동,8558,21041,10588,10453,1162072000
2005,관악구,신림9동,12053,23036,13502,9534,1162073000
2005,관악구,신림10동,7793,22100,11131,10969,1162074000
2005,관악구,신림11동,5689,15596,7895,7701,1162075000
2005,관악구,신림12동,7197,20562,10498,10064,1162076000
2005,관악구,신림13동,6065,16048,8194,7854,1162077000
2005,서초구,계,152245,406875,198665,208210,1165000000
2005,서초구,서초1동,7431,18758,9219,9539,1165051000
2005,서초구,서초2동,7887,22036,10955,11081,1165052000
2005,서초구,서초3동,10534,27795,14015,13780,1165053000
2005,서초구,서초4동,9150,27620,13623,13997,1165053100
2005,서초구,잠원동,14822,37489,17811,19678,1165054000
2005,서초구,반포본동,4410,14041,6604,7437,1165055000
2005,서초구,반포1동,10748,22644,10817,11827,1165056000
2005,서초구,반포2동,5020,15165,7296,7869,1165057000
2005,서초구,반포3동,8609,24860,11947,12913,1165058000
2005,서초구,반포4동,7155,20512,10043,10469,1165058100
2005,서초구,방배본동,6601,18410,8791,9619,1165059000
2005,서초구,방배1동,6745,17639,8626,9013,1165060000
2005,서초구,방배2동,11438,30830,14960,15870,1165061000
2005,서초구,방배3동,8876,25539,12630,12909,1165062000
2005,서초구,방배4동,9440,25267,12128,13139,1165062100
2005,서초구,양재1동,10965,27889,13684,14205,1165065100
2005,서초구,양재2동,9742,23044,11659,11385,1165065200
2005,서초구,내곡동,2672,7337,3857,3480,1165066000
2005,강남구,계,211338,547775,265943,281832,1168000000
2005,강남구,신사동,8632,22485,10571,11914,1168051000
2005,강남구,논현1동,14622,28665,13420,15245,1168052100
2005,강남구,논현2동,11003,24483,11778,12705,1168053100
2005,강남구,압구정1동,6464,17967,8623,9344,1168054000
2005,강남구,압구정2동,4847,12502,5927,6575,1168055000
2005,강남구,청담1동,7143,20584,10054,10530,1168056000
2005,강남구,청담2동,5160,12297,5900,6397,1168057000
2005,강남구,삼성1동,5137,15002,7669,7333,1168058000
2005,강남구,삼성2동,9934,22492,11048,11444,1168059000
2005,강남구,대치1동,6660,23675,11675,12000,1168060000
2005,강남구,대치2동,8205,27449,13742,13707,1168061000
2005,강남구,대치3동,6014,17665,8998,8667,1168062000
2005,강남구,대치4동,9961,21405,10162,11243,1168063000
2005,강남구,역삼1동,18716,35785,17248,18537,1168064000
2005,강남구,역삼2동,9971,24453,11695,12758,1168065000
2005,강남구,도곡1동,7471,21529,10439,11090,1168065500
2005,강남구,도곡2동,8764,25002,12114,12888,1168065600
2005,강남구,개포1동,7905,23233,11221,12012,1168066000
2005,강남구,개포2동,7578,19704,9450,10254,1168067000
2005,강남구,개포3동,5522,17759,8712,9047,1168068000
2005,강남구,개포4동,9352,23966,11862,12104,1168069000
2005,강남구,일원본동,7747,24180,11865,12315,1168072000
2005,강남구,일원1동,7403,20057,9934,10123,1168073000
2005,강남구,일원2동,7376,20782,10152,10630,1168074000
2005,강남구,수서동,7648,18990,8729,10261,1168075000
2005,강남구,세곡동,2103,5664,2955,2709,1168070000
2005,송파구,계,222169,610023,301510,308513,1171000000
2005,송파구,풍납1동,8297,21945,10891,11054,1171051000
2005,송파구,풍납2동,11037,30367,14847,15520,1171052000
2005,송파구,거여1동,5795,16893,8495,8398,1171053100
2005,송파구,거여2동,11453,31384,15903,15481,1171053200
2005,송파구,마천1동,7566,19829,10095,9734,1171054000
2005,송파구,마천2동,8557,24368,12424,11944,1171055000
2005,송파구,방이1동,6155,17840,8861,8979,1171056100
2005,송파구,방이2동,10943,26339,13036,13303,1171056200
2005,송파구,오륜동,6398,21929,10618,11311,1171056600
2005,송파구,오금동,13957,40284,20022,20262,1171057000
2005,송파구,송파1동,11068,28202,13815,14387,1171058000
2005,송파구,송파2동,7532,23663,11661,12002,1171059000
2005,송파구,석촌동,15209,36557,18151,18406,1171060000
2005,송파구,삼전동,15142,36531,17883,18648,1171061000
2005,송파구,가락본동,10712,29273,14614,14659,1171062000
2005,송파구,가락1동,7795,20691,10195,10496,1171063100
2005,송파구,가락2동,11449,34387,17196,17191,1171063200
2005,송파구,문정1동,7953,23411,11519,11892,1171064100
2005,송파구,문정2동,5730,18001,8932,9069,1171064200
2005,송파구,장지동,7876,20928,10561,10367,1171064600
2005,송파구,잠실본동,13976,33042,15675,17367,1171065000
2005,송파구,잠실1동,11,36,20,16,1171066000
2005,송파구,잠실2동,,2,2,,1171067000
2005,송파구,잠실3동,954,2705,1268,1437,1171068000
2005,송파구,잠실4동,3163,9347,4548,4799,1171069000
2005,송파구,잠실5동,4686,14642,7172,7470,1171070000
2005,송파구,잠실6동,5173,15990,7695,8295,1171071000
2005,송파구,잠실7동,3582,11437,5411,6026,1171072000
2005,강동구,계,167516,466664,234390,232274,1174000000
2005,강동구,강일동,705,1513,847,666,1174051500
2005,강동구,상일동,10153,31246,15754,15492,1174052000
2005,강동구,명일1동,9762,30341,15015,15326,1174053000
2005,강동구,명일2동,5986,19779,10012,9767,1174054000
2005,강동구,고덕1동,7183,22201,11251,10950,1174055000
2005,강동구,고덕2동,7507,21261,10867,10394,1174056000
2005,강동구,암사1동,9496,24339,12224,12115,1174057000
2005,강동구,암사2동,5896,16996,8469,8527,1174058000
2005,강동구,암사3동,2786,8570,4289,4281,1174059000
2005,강동구,암사4동,4214,10948,5482,5466,1174059100
2005,강동구,천호1동,12420,33933,16913,17020,1174060000
2005,강동구,천호2동,6409,15638,7894,7744,1174061000
2005,강동구,천호3동,12285,29429,14788,14641,1174062000
2005,강동구,천호4동,8933,22519,11415,11104,1174063000
2005,강동구,성내1동,7747,21838,10978,10860,1174064000
2005,강동구,성내2동,11242,28035,13909,14126,1174065000
2005,강동구,성내3동,9527,25048,12545,12503,1174066000
2005,강동구,길1동,9006,24537,12208,12329,1174067000
2005,강동구,길2동,9584,27775,13762,14013,1174068000
2005,강동구,둔촌1동,6964,22343,11651,10692,1174069000
2005,강동구,둔촌2동,9711,28375,14117,14258,1174070000
2017,계,계,4220082,10124579,4957857,5166722,1100000000
2017,종로구,계,73594,164257,80094,84163,1111000000
2017,종로구,사직동,4414,9717,4467,5250,1111053000
2017,종로구,삼청동,1414,3097,1459,1638,1111054000
2017,종로구,부암동,4325,10726,5160,5566,1111055000
2017,종로구,평창동,7510,19163,9032,10131,1111056000
2017,종로구,무악동,3024,8375,3921,4454,1111057000
2017,종로구,교남동,4379,10363,4850,5513,1111058000
2017,종로구,가회동,2085,4657,2194,2463,1111060000
2017,종로구,종로1.2.3.4가동,5378,8592,5045,3547,1111061500
2017,종로구,종로5.6가동,3174,5690,3096,2594,1111063000
2017,종로구,이화동,4462,8752,4075,4677,1111064000
2017,종로구,혜화동,9153,20429,9501,10928,1111065000
2017,종로구,창신1동,3050,6285,3390,2895,1111067000
2017,종로구,창신2동,4280,10274,5159,5115,1111068000
2017,종로구,창신3동,2860,7526,3721,3805,1111069000
2017,종로구,숭인1동,3014,6865,3405,3460,1111070000
2017,종로구,숭인2동,5620,10140,5154,4986,1111071000
2017,종로구,청운효자동,5452,13606,6465,7141,1111051500
2017,중구,계,60412,134593,66337,68256,1114000000
2017,중구,소공동,1048,2787,1470,1317,1114052000
2017,중구,회현동,3281,5953,3261,2692,1114054000
2017,중구,명동,1435,3469,1523,1946,1114055000
2017,중구,필동,2249,4885,2425,2460,1114057000
2017,중구,장충동,2628,5648,2755,2893,1114058000
2017,중구,광희동,2920,5875,3038,2837,1114059000
2017,중구,을지로동,1170,1786,1110,676,1114060500
2017,중구,신당5동,4467,9830,4891,4939,1114065000
2017,중구,황학동,6205,13095,6433,6662,1114067000
2017,중구,중림동,5297,11575,5827,5748,1114068000
2017,중구,신당동,4368,9544,4717,4827,1114061500
2017,중구,다산동,6863,15399,7453,7946,1114062500
2017,중구,약수동,7819,18400,8792,9608,1114063500
2017,중구,청구동,6449,14999,7170,7829,1114064500
2017,중구,동화동,4213,11348,5472,5876,1114066500
2017,용산구,계,107666,244444,119423,125021,1117000000
2017,용산구,후암동,8502,18846,9229,9617,1117051000
2017,용산구,용산2가동,5531,12355,6046,6309,1117052000
2017,용산구,남영동,5460,8585,5217,3368,1117053000
2017,용산구,원효로1동,6885,15266,7431,7835,1117056000
2017,용산구,원효로2동,6022,15233,7118,8115,1117057000
2017,용산구,효창동,3892,9594,4602,4992,1117058000
2017,용산구,용문동,5251,12759,6150,6609,1117059000
2017,용산구,이촌1동,10015,28960,13553,15407,1117063000
2017,용산구,이촌2동,3846,9229,4358,4871,1117064000
2017,용산구,이태원1동,3904,8791,4490,4301,1117065000
2017,용산구,이태원2동,4920,11014,5273,5741,1117066000
2017,용산구,서빙고동,5301,14274,6909,7365,1117069000
2017,용산구,보광동,7846,16541,8273,8268,1117070000
2017,용산구,청파동,10549,21233,10067,11166,1117055500
2017,용산구,한강로동,8861,18059,8900,9159,1117062500
2017,용산구,한남동,10881,23705,11807,11898,1117068500
2017,성동구,계,132902,312711,154077,158634,1120000000
2017,성동구,왕십리2동,7598,18185,8919,9266,1120052000
2017,성동구,마장동,10249,24193,11921,12272,1120054000
2017,성동구,사근동,6578,12812,6452,6360,1120055000
2017,성동구,행당1동,6251,14387,7058,7329,1120056000
2017,성동구,행당2동,9439,25423,11997,13426,1120057000
2017,성동구,응봉동,6245,16696,7937,8759,1120058000
2017,성동구,금호1가동,5318,13191,6386,6805,1120059000
2017,성동구,금호4가동,6040,14452,6963,7489,1120062000
2017,성동구,성수1가1동,7564,17676,8926,8750,1120065000
2017,성동구,성수1가2동,7410,16413,8237,8176,1120066000
2017,성동구,성수2가1동,8638,18783,9759,9024,1120067000
2017,성동구,성수2가3동,5590,12056,6266,5790,1120069000
2017,성동구,송정동,5491,11987,6369,5618,1120072000
2017,성동구,용답동,8101,16687,8790,7897,1120079000
2017,성동구,왕십리도선동,11302,27582,13237,14345,1120053500
2017,성동구,금호2.3가동,10215,24735,11892,12843,1120061500
2017,성동구,옥수동,10873,27453,12968,14485,1120064500
2017,광진구,계,160798,372298,180645,191653,1121500000
2017,광진구,화양동,15031,24610,11392,13218,1121571000
2017,광진구,군자동,10279,21980,10829,11151,1121573000
2017,광진구,중곡1동,7661,16359,8043,8316,1121574000
2017,광진구,중곡2동,10111,22808,11082,11726,1121575000
2017,광진구,중곡3동,8326,17992,8921,9071,1121576000
2017,광진구,중곡4동,13115,31618,15573,16045,1121577000
2017,광진구,능동,6031,11838,5519,6319,1121578000
2017,광진구,구의1동,11394,23396,11209,12187,1121585000
2017,광진구,구의2동,10602,25936,12624,13312,1121586000
2017,광진구,구의3동,12016,30483,14581,15902,1121587000
2017,광진구,광장동,11930,36589,17796,18793,1121581000
2017,광진구,자양1동,11196,24450,11896,12554,1121582000
2017,광진구,자양2동,11215,27727,13605,14122,1121583000
2017,광진구,자양3동,11023,30517,14710,15807,1121584000
2017,광진구,자양4동,10868,25995,12865,13130,1121584700
2017,동대문구,계,159938,366011,181185,184826,1123000000
2017,동대문구,전농1동,13920,29916,15115,14801,1123056000
2017,동대문구,전농2동,7600,20436,9833,10603,1123057000
2017,동대문구,답십리1동,10599,25166,12303,12863,1123060000
2017,동대문구,답십리2동,11996,29722,14616,15106,1123061000
2017,동대문구,장안1동,16969,39593,19780,19813,1123065000
2017,동대문구,장안2동,12507,31447,15836,15611,1123066000
2017,동대문구,회기동,5714,12521,5746,6775,1123071000
2017,동대문구,휘경1동,6852,14589,7111,7478,1123072000
2017,동대문구,휘경2동,10986,25205,12373,12832,1123073000
2017,동대문구,이문1동,14425,31172,15058,16114,1123074000
2017,동대문구,이문2동,8717,22454,11004,11450,1123075000
2017,동대문구,청량리동,10518,23063,11555,11508,1123070500
2017,동대문구,용신동,16488,32957,16957,16000,1123053600
2017,동대문구,제기동,12647,27770,13898,13872,1123054500
2017,중랑구,계,179132,412780,205125,207655,1126000000
2017,중랑구,면목2동,12243,27057,13570,13487,1126052000
2017,중랑구,면목4동,9446,21098,10481,10617,1126054000
2017,중랑구,면목5동,4708,10487,5356,5131,1126055000
2017,중랑구,면목7동,10126,22707,11290,11417,1126057000
2017,중랑구,상봉1동,10069,25960,12670,13290,1126058000
2017,중랑구,상봉2동,9656,18645,9226,9419,1126059000
2017,중랑구,중화1동,8769,21179,10456,10723,1126060000
2017,중랑구,중화2동,14168,28723,14790,13933,1126061000
2017,중랑구,묵1동,14228,36269,17758,18511,1126062000
2017,중랑구,묵2동,9076,20443,10111,10332,1126063000
2017,중랑구,망우3동,8490,18757,9390,9367,1126066000
2017,중랑구,신내1동,14486,41561,20393,21168,1126068000
2017,중랑구,신내2동,9037,23018,11137,11881,1126069000
2017,중랑구,면목본동,17314,36780,18305,18475,1126056500
2017,중랑구,면목3.8동,12590,27685,13874,13811,1126057500
2017,중랑구,망우본동,14726,32411,16318,16093,1126065500
2017,성북구,계,187112,455407,221103,234304,1129000000
2017,성북구,돈암1동,6414,16745,7890,8855,1129058000
2017,성북구,돈암2동,8460,25269,12100,13169,1129059000
2017,성북구,안암동,8602,17387,8508,8879,1129060000
2017,성북구,보문동,7973,17260,8372,8888,1129061000
2017,성북구,정릉1동,7027,18901,9042,9859,1129062000
2017,성북구,정릉2동,9653,24495,12016,12479,1129063000
2017,성북구,정릉3동,7503,17366,8712,8654,1129064000
2017,성북구,정릉4동,11019,27423,13317,14106,1129065000
2017,성북구,길음1동,12954,37797,18068,19729,1129066000
2017,성북구,길음2동,5160,12345,6023,6322,1129068500
2017,성북구,월곡1동,10741,28161,13678,14483,1129071500
2017,성북구,월곡2동,8774,20823,10148,10675,1129072500
2017,성북구,장위1동,8878,21336,10569,10767,1129076000
2017,성북구,장위2동,7948,18517,9276,9241,1129077000
2017,성북구,장위3동,5039,12336,6250,6086,1129078000
2017,성북구,성북동,8001,17996,8530,9466,1129052500
2017,성북구,삼선동,12490,27082,13130,13952,1129055500
2017,성북구,동선동,8800,16614,7129,9485,1129057500
2017,성북구,종암동,16964,42926,21086,21840,1129070500
2017,성북구,석관동,14712,34628,17259,17369,1129081000
2017,강북구,계,142533,328002,160252,167750,1130500000
2017,강북구,번1동,9886,19912,9848,10064,1130559500
2017,강북구,번2동,7565,17937,8718,9219,1130560300
2017,강북구,번3동,7621,19314,9196,10118,1130560800
2017,강북구,수유1동,10195,22471,11101,11370,1130561500
2017,강북구,수유2동,9365,22512,10913,11599,1130562500
2017,강북구,수유3동,12026,24223,12082,12141,1130563000
2017,강북구,삼양동,12596,29079,14458,14621,1130553400
2017,강북구,미아동,11082,23431,11263,12168,1130553500
2017,강북구,송중동,13090,30293,14606,15687,1130554500
2017,강북구,송천동,13765,29970,14936,15034,1130555500
2017,강북구,삼각산동,11888,33834,16325,17509,1130557500
2017,강북구,우이동,9288,21897,10680,11217,1130564500
2017,강북구,인수동,14166,33129,16126,17003,1130566000
2017,도봉구,계,137378,346234,169553,176681,1132000000
2017,도봉구,쌍문1동,9011,22326,10858,11468,1132066000
2017,도봉구,쌍문2동,8550,20627,10047,10580,1132067000
2017,도봉구,쌍문3동,7606,17482,8489,8993,1132068000
2017,도봉구,쌍문4동,7188,20480,9803,10677,1132068100
2017,도봉구,방학1동,12550,30730,15187,15543,1132069000
2017,도봉구,방학2동,9625,22304,11288,11016,1132070000
2017,도봉구,방학3동,10183,29784,14562,15222,1132071000
2017,도봉구,창1동,10904,27347,13103,14244,1132051100
2017,도봉구,창2동,12330,31758,15599,16159,1132051200
2017,도봉구,창3동,6639,15338,7644,7694,1132051300
2017,도봉구,창4동,10552,28899,13978,14921,1132051400
2017,도봉구,창5동,9877,26457,12782,13675,1132051500
2017,도봉구,도봉1동,10314,23383,11793,11590,1132052100
2017,도봉구,도봉2동,12049,29319,14420,14899,1132052200
2017,노원구,계,217619,558075,271025,287050,1135000000
2017,노원구,월계1동,10335,24144,12440,11704,1135056000
2017,노원구,월계2동,11288,27306,13197,14109,1135057000
2017,노원구,월계3동,13080,33314,16089,17225,1135058000
2017,노원구,공릉1동,17756,40028,19579,20449,1135059500
2017,노원구,공릉2동,16076,41895,20651,21244,1135060000
2017,노원구,하계1동,11858,29899,14558,15341,1135061100
2017,노원구,하계2동,8387,24393,11684,12709,1135061200
2017,노원구,중계본동,9314,27449,13436,14013,1135061900
2017,노원구,중계1동,9169,28828,14080,14748,1135062100
2017,노원구,중계4동,8406,22098,10800,11298,1135062400
2017,노원구,상계1동,15710,41695,20377,21318,1135063000
2017,노원구,상계2동,8726,21926,10830,11096,1135064000
2017,노원구,상계5동,11254,27048,13247,13801,1135067000
2017,노원구,상계8동,9316,25143,12122,13021,1135070000
2017,노원구,상계9동,8572,22854,10950,11904,1135071000
2017,노원구,상계10동,6719,17446,8092,9354,1135072000
2017,노원구,중계2.3동,15536,38764,18128,20636,1135062500
2017,노원구,상계3.4동,12068,27742,13872,13870,1135066500
2017,노원구,상계6.7동,14049,36103,16893,19210,1135069500
2017,은평구,계,202839,491202,238223,252979,1138000000
2017,은평구,녹번동,14595,33053,15966,17087,1138051000
2017,은평구,불광1동,17661,42356,20238,22118,1138052000
2017,은평구,불광2동,13576,30208,14747,15461,1138053000
2017,은평구,갈현1동,11075,25591,12545,13046,1138055100
2017,은평구,갈현2동,12386,30907,14811,16096,1138055200
2017,은평구,구산동,12551,33819,16940,16879,1138056000
2017,은평구,대조동,15743,33362,15789,17573,1138057000
2017,은평구,응암1동,11227,26400,12668,13732,1138058000
2017,은평구,응암2동,8507,21712,10637,11075,1138059000
2017,은평구,응암3동,12362,26639,13034,13605,1138060000
2017,은평구,신사1동,11196,28169,13713,14456,1138063100
2017,은평구,신사2동,8960,22210,11124,11086,1138063200
2017,은평구,증산동,6979,16924,8376,8548,1138064000
2017,은평구,수색동,5903,13830,6976,6854,1138065000
2017,은평구,진관동,19521,55569,26490,29079,1138069000
2017,은평구,역촌동,20597,50453,24169,26284,1138062500
2017,서대문구,계,137266,325028,155250,169778,1141000000
2017,서대문구,천연동,8331,19365,9288,10077,1141052000
2017,서대문구,홍제1동,9885,24422,11530,12892,1141062000
2017,서대문구,홍제2동,5849,15009,7196,7813,1141065500
2017,서대문구,홍제3동,7241,17201,8323,8878,1141064000
2017,서대문구,홍은1동,9425,23321,11372,11949,1141066000
2017,서대문구,홍은2동,12550,30116,14723,15393,1141068500
2017,서대문구,남가좌1동,6030,17266,8290,8976,1141069000
2017,서대문구,남가좌2동,10141,23238,11231,12007,1141070000
2017,서대문구,북가좌1동,7047,19779,9595,10184,1141071000
2017,서대문구,북가좌2동,14674,34718,16949,17769,1141072000
2017,서대문구,충현동,8790,18768,9152,9616,1141056500
2017,서대문구,북아현동,7493,17688,8426,9262,1141055500
2017,서대문구,신촌동,11307,23309,9508,13801,1141058500
2017,서대문구,연희동,18503,40828,19667,21161,1141061500
2017,마포구,계,169408,385783,183248,202535,1144000000
2017,마포구,용강동,9021,22525,10824,11701,1144059000
2017,마포구,대흥동,7168,13891,6467,7424,1144060000
2017,마포구,염리동,5051,11388,5384,6004,1144061000
2017,마포구,신수동,9179,21847,10653,11194,1144063000
2017,마포구,서교동,14014,26580,12213,14367,1144066000
2017,마포구,합정동,9563,19893,9297,10596,1144068000
2017,마포구,망원1동,10245,21790,10396,11394,1144069000
2017,마포구,망원2동,8205,20017,9583,10434,1144070000
2017,마포구,연남동,8739,17803,8380,9423,1144071000
2017,마포구,성산1동,9257,20609,9785,10824,1144072000
2017,마포구,성산2동,17048,40566,19172,21394,1144073000
2017,마포구,상암동,12274,33417,16097,17320,1144074000
2017,마포구,도화동,9635,23087,11019,12068,1144058500
2017,마포구,서강동,11599,26120,12390,13730,1144065500
2017,마포구,공덕동,18232,40669,19454,21215,1144056500
2017,마포구,아현동,10178,25581,12134,13447,1144055500
2017,양천구,계,176649,475018,234279,240739,1147000000
2017,양천구,목1동,10548,32698,15729,16969,1147051000
2017,양천구,목2동,12802,31988,15628,16360,1147052000
2017,양천구,목3동,9223,22212,10772,11440,1147053000
2017,양천구,목4동,10013,27596,13647,13949,1147054000
2017,양천구,목5동,13619,43749,21686,22063,1147055000
2017,양천구,신월1동,10192,22927,11781,11146,1147056000
2017,양천구,신월2동,8735,23280,11482,11798,1147057000
2017,양천구,신월3동,8254,17649,9252,8397,1147058000
2017,양천구,신월4동,6887,19675,9684,9991,1147059000
2017,양천구,신월5동,6379,16066,7950,8116,1147060000
2017,양천구,신월6동,2687,7078,3556,3522,1147061000
2017,양천구,신월7동,9396,23153,11408,11745,1147061100
2017,양천구,신정1동,7251,21861,10713,11148,1147062000
2017,양천구,신정2동,7238,21261,10454,10807,1147063000
2017,양천구,신정3동,18218,50810,25014,25796,1147064000
2017,양천구,신정4동,15775,36483,17917,18566,1147065000
2017,양천구,신정6동,8161,25745,12585,13160,1147067000
2017,양천구,신정7동,11271,30787,15021,15766,1147068000
2017,강서구,계,254257,608255,296175,312080,1150000000
2017,강서구,염창동,14113,40900,20119,20781,1150051000
2017,강서구,등촌1동,11502,23531,11127,12404,1150052000
2017,강서구,등촌2동,8426,22255,11072,11183,1150053000
2017,강서구,등촌3동,14704,34205,16375,17830,1150053500
2017,강서구,화곡본동,15872,36640,17924,18716,1150059000
2017,강서구,화곡1동,25214,54795,26975,27820,1150054000
2017,강서구,화곡2동,8263,20413,9940,10473,1150055000
2017,강서구,화곡3동,9084,22903,11055,11848,1150056000
2017,강서구,화곡4동,9854,23141,11402,11739,1150057000
2017,강서구,화곡6동,10805,25099,12388,12711,1150059100
2017,강서구,화곡8동,11418,27097,13158,13939,1150059300
2017,강서구,가양1동,17055,32636,15621,17015,1150060300
2017,강서구,가양2동,8064,16246,7760,8486,1150060400
2017,강서구,가양3동,7717,16771,7948,8823,1150060500
2017,강서구,발산1동,13436,39414,18790,20624,1150061100
2017,강서구,공항동,12381,28554,14645,13909,1150062000
2017,강서구,방화1동,17255,46694,22845,23849,1150063000
2017,강서구,방화2동,11418,24731,12248,12483,1150064000
2017,강서구,방화3동,11234,25417,12286,13131,1150064100
2017,강서구,우장산동,16442,46813,22497,24316,1150061500
2017,구로구,계,171570,441559,221386,220173,1153000000
2017,구로구,신도림동,13263,37861,18575,19286,1153051000
2017,구로구,구로1동,7853,22359,11050,11309,1153052000
2017,구로구,구로2동,13002,35893,18747,17146,1153053000
2017,구로구,구로3동,13638,27620,14007,13613,1153054000
2017,구로구,구로4동,10848,27538,13947,13591,1153055000
2017,구로구,구로5동,14270,34370,16952,17418,1153056000
2017,구로구,고척1동,9510,24911,12509,12402,1153072000
2017,구로구,고척2동,11735,30206,15061,15145,1153073000
2017,구로구,개봉1동,13976,35131,17604,17527,1153074000
2017,구로구,개봉2동,12789,34293,16864,17429,1153075000
2017,구로구,개봉3동,8643,22267,10941,11326,1153076000
2017,구로구,오류1동,9619,21547,10658,10889,1153077000
2017,구로구,오류2동,16677,45505,22240,23265,1153078000
2017,구로구,수궁동,9790,25851,12954,12897,1153079000
2017,구로구,가리봉동,5957,16207,9277,6930,1153059500
2017,금천구,계,106066,253491,129775,123716,1154500000
2017,금천구,가산동,12169,23274,12993,10281,1154551000
2017,금천구,독산1동,17229,39421,20664,18757,1154561000
2017,금천구,독산2동,9485,22670,11555,11115,1154562000
2017,금천구,독산3동,12125,30584,15729,14855,1154563000
2017,금천구,독산4동,7677,18996,9668,9328,1154564000
2017,금천구,시흥1동,15406,37640,18942,18698,1154567000
2017,금천구,시흥2동,8548,23761,11628,12133,1154568000
2017,금천구,시흥3동,4782,12065,6067,5998,1154569000
2017,금천구,시흥4동,9211,23203,11566,11637,1154570000
2017,금천구,시흥5동,9434,21877,10963,10914,1154571000
2017,영등포구,계,167355,402024,202400,199624,1156000000
2017,영등포구,여의도동,12583,33718,15979,17739,1156054000
2017,영등포구,당산1동,10038,21261,10501,10760,1156055000
2017,영등포구,당산2동,16539,35684,16928,18756,1156056000
2017,영등포구,양평1동,7994,17194,8572,8622,1156061000
2017,영등포구,양평2동,9580,22769,11400,11369,1156062000
2017,영등포구,신길1동,9817,20494,10474,10020,1156063000
2017,영등포구,신길3동,7036,17780,8986,8794,1156065000
2017,영등포구,신길4동,4370,10712,5501,5211,1156066000
2017,영등포구,신길5동,4919,13079,6581,6498,1156067000
2017,영등포구,신길6동,8182,20019,9983,10036,1156068000
2017,영등포구,신길7동,6558,17292,8673,8619,1156069000
2017,영등포구,대림1동,6310,16843,8660,8183,1156070000
2017,영등포구,대림2동,6488,21811,11351,10460,1156071000
2017,영등포구,대림3동,10655,29654,15226,14428,1156072000
2017,영등포구,영등포본동,10176,25703,13207,12496,1156051500
2017,영등포구,영등포동,14687,24055,13343,10712,1156053500
2017,영등포구,도림동,9285,22274,11323,10951,1156058500
2017,영등포구,문래동,12138,31682,15712,15970,1156060500
2017,동작구,계,172995,408493,198827,209666,1159000000
2017,동작구,노량진1동,14359,32784,16321,16463,1159051000
2017,동작구,노량진2동,7128,14585,7472,7113,1159052000
2017,동작구,상도1동,20914,48471,23609,24862,1159053000
2017,동작구,상도2동,11792,27549,13353,14196,1159054000
2017,동작구,상도3동,11354,26304,12642,13662,1159055000
2017,동작구,상도4동,12756,30357,14994,15363,1159056000
2017,동작구,사당1동,12123,23872,11419,12453,1159062000
2017,동작구,사당2동,11725,28838,13952,14886,1159063000
2017,동작구,사당3동,9991,24967,12186,12781,1159064000
2017,동작구,사당4동,6602,14940,7269,7671,1159065000
2017,동작구,사당5동,5668,13316,6499,6817,1159065100
2017,동작구,대방동,16511,40684,19456,21228,1159066000
2017,동작구,신대방1동,9878,27427,13424,14003,1159067000
2017,동작구,신대방2동,8741,20867,10125,10742,1159068000
2017,동작구,흑석동,13453,33532,16106,17426,1159060500
2017,관악구,계,255352,520929,262006,258923,1162000000
2017,관악구,남현동,8924,19022,9123,9899,1162063000
2017,관악구,보라매동,11662,26484,13027,13457,1162052500
2017,관악구,청림동,6600,16695,8218,8477,1162054500
2017,관악구,행운동,16328,30399,14784,15615,1162057500
2017,관악구,낙성대동,10304,17882,8920,8962,1162058500
2017,관악구,중앙동,8575,15506,7475,8031,1162061500
2017,관악구,인헌동,13732,27748,13650,14098,1162062500
2017,관악구,서원동,12701,23542,11965,11577,1162064500
2017,관악구,신원동,9882,19940,9959,9981,1162065500
2017,관악구,서림동,14109,25264,13848,11416,1162066500
2017,관악구,신사동,12422,26229,13244,12985,1162068500
2017,관악구,신림동,15225,21470,10816,10654,1162069500
2017,관악구,난향동,6429,16871,8384,8487,1162071500
2017,관악구,조원동,9865,19952,10251,9701,1162072500
2017,관악구,대학동,15065,24589,14551,10038,1162073500
2017,관악구,은천동,15204,35985,17774,18211,1162060500
2017,관악구,성현동,12898,33453,16309,17144,1162056500
2017,관악구,청룡동,17063,29457,14379,15078,1162059500
2017,관악구,난곡동,12873,30094,15248,14846,1162077500
2017,관악구,삼성동,11559,26826,13483,13343,1162074500
2017,관악구,미성동,13932,33521,16598,16923,1162076500
2017,서초구,계,173594,445401,213422,231979,1165000000
2017,서초구,서초1동,9035,21532,10420,11112,1165051000
2017,서초구,서초2동,7216,16766,7999,8767,1165052000
2017,서초구,서초3동,12541,30439,14965,15474,1165053000
2017,서초구,서초4동,10553,31285,15178,16107,1165053100
2017,서초구,잠원동,13837,34940,16572,18368,1165054000
2017,서초구,반포본동,4235,12826,6054,6772,1165055000
2017,서초구,반포1동,12906,28665,13753,14912,1165056000
2017,서초구,반포2동,7878,24506,11740,12766,1165057000
2017,서초구,반포3동,6453,18721,8931,9790,1165058000
2017,서초구,반포4동,7327,20443,9715,10728,1165058100
2017,서초구,방배본동,7852,21805,10198,11607,1165059000
2017,서초구,방배1동,7366,17293,8133,9160,1165060000
2017,서초구,방배2동,11088,27221,12969,14252,1165061000
2017,서초구,방배3동,8567,22584,10873,11711,1165062000
2017,서초구,방배4동,10370,26392,12135,14257,1165062100
2017,서초구,양재1동,18225,47275,22634,24641,1165065100
2017,서초구,양재2동,10947,23836,11939,11897,1165065200
2017,서초구,내곡동,7198,18872,9214,9658,1165066000
2017,강남구,계,231612,561052,268941,292111,1168000000
2017,강남구,신사동,7633,18105,8420,9685,1168051000
2017,강남구,논현1동,14090,24186,11192,12994,1168052100
2017,강남구,논현2동,11146,22573,10587,11986,1168053100
2017,강남구,삼성1동,5811,15193,7650,7543,1168058000
2017,강남구,삼성2동,12815,29628,14130,15498,1168059000
2017,강남구,대치1동,7374,25262,12666,12596,1168060000
2017,강남구,대치2동,13659,41566,21142,20424,1168061000
2017,강남구,대치4동,10080,21193,9995,11198,1168063000
2017,강남구,역삼1동,22689,36534,17618,18916,1168064000
2017,강남구,역삼2동,14910,37103,17499,19604,1168065000
2017,강남구,도곡1동,8491,22882,10877,12005,1168065500
2017,강남구,도곡2동,11943,34884,16203,18681,1168065600
2017,강남구,개포1동,7925,20111,9682,10429,1168066000
2017,강남구,개포2동,5331,14678,7168,7510,1168067000
2017,강남구,개포4동,7735,18525,9091,9434,1168069000
2017,강남구,일원본동,8321,25027,12292,12735,1168072000
2017,강남구,일원1동,7496,17108,8358,8750,1168073000
2017,강남구,일원2동,6589,16467,7895,8572,1168074000
2017,강남구,수서동,7864,16787,7712,9075,1168075000
2017,강남구,세곡동,16878,44921,21497,23424,1168070000
2017,강남구,압구정동,10677,28050,12977,15073,1168054500
2017,강남구,청담동,12155,30269,14290,15979,1168056500
2017,송파구,계,264628,671173,326407,344766,1171000000
2017,송파구,풍납1동,6988,16996,8375,8621,1171051000
2017,송파구,풍납2동,10269,25386,12174,13212,1171052000
2017,송파구,거여1동,5274,13466,6867,6599,1171053100
2017,송파구,거여2동,7335,17915,8885,9030,1171053200
2017,송파구,마천1동,9350,22047,11237,10810,1171054000
2017,송파구,마천2동,8549,20857,10543,10314,1171055000
2017,송파구,방이1동,6172,16758,8163,8595,1171056100
2017,송파구,방이2동,12426,25600,12383,13217,1171056200
2017,송파구,오륜동,6039,19562,9582,9980,1171056600
2017,송파구,오금동,14304,38091,18748,19343,1171057000
2017,송파구,송파1동,12004,26318,12493,13825,1171058000
2017,송파구,송파2동,7298,21474,10418,11056,1171059000
2017,송파구,석촌동,16150,34670,16809,17861,1171060000
2017,송파구,삼전동,16048,33624,16092,17532,1171061000
2017,송파구,가락본동,11435,28251,14092,14159,1171062000
2017,송파구,가락1동,365,905,450,455,1171063100
2017,송파구,가락2동,12172,34681,17070,17611,1171063200
2017,송파구,문정1동,8390,21608,10652,10956,1171064100
2017,송파구,문정2동,13005,27540,13148,14392,1171064200
2017,송파구,장지동,13343,35217,17111,18106,1171064600
2017,송파구,잠실본동,14373,29897,14220,15677,1171065000
2017,송파구,잠실2동,12066,36983,17617,19366,1171067000
2017,송파구,잠실3동,12501,36770,17615,19155,1171068000
2017,송파구,잠실4동,10425,30430,14693,15737,1171069000
2017,송파구,잠실6동,5887,17430,8339,9091,1171071000
2017,송파구,잠실7동,3507,10444,4866,5578,1171072000
2017,송파구,위례동,8953,28253,13765,14488,1171064700
2017,강동구,계,177407,440359,218699,221660,1174000000
2017,강동구,강일동,11348,33676,16334,17342,1174051500
2017,강동구,상일동,3759,9894,4974,4920,1174052000
2017,강동구,명일1동,8192,22609,11082,11527,1174053000
2017,강동구,명일2동,5902,18210,9081,9129,1174054000
2017,강동구,고덕1동,9115,27602,13989,13613,1174055000
2017,강동구,고덕2동,3634,8232,4418,3814,1174056000
2017,강동구,암사1동,16345,38434,19153,19281,1174057000
2017,강동구,암사2동,5908,14991,7315,7676,1174058000
2017,강동구,암사3동,6277,19028,9334,9694,1174059000
2017,강동구,천호1동,12886,29748,14762,14986,1174060000
2017,강동구,천호2동,17305,36691,18428,18263,1174061000
2017,강동구,천호3동,13104,28193,14094,14099,1174062000
2017,강동구,성내1동,8151,21208,10361,10847,1174064000
2017,강동구,성내2동,12180,25967,12917,13050,1174065000
2017,강동구,성내3동,10221,24536,12253,12283,1174066000
2017,강동구,둔촌1동,888,1997,1035,962,1174069000
2017,강동구,둔촌2동,11126,28920,14355,14565,1174070000
2017,강동구,길동,21066,50423,24814,25609,1174068500
2018,계,계,4263868,10049607,4910849,5138758,1100000000
2018,종로구,계,73735,163026,79156,83870,1111000000
2018,종로구,사직동,4528,9818,4448,5370,1111053000
2018,종로구,삼청동,1408,3073,1455,1618,1111054000
2018,종로구,부암동,4315,10537,5054,5483,1111055000
2018,종로구,평창동,7592,19105,8970,10135,1111056000
2018,종로구,무악동,3002,8260,3865,4395,1111057000
2018,종로구,교남동,4576,10846,5060,5786,1111058000
2018,종로구,가회동,2058,4546,2126,2420,1111060000
2018,종로구,종로1.2.3.4가동,5291,8462,4943,3519,1111061500
2018,종로구,종로5.6가동,3139,5597,3046,2551,1111063000
2018,종로구,이화동,4485,8621,4020,4601,1111064000
2018,종로구,혜화동,9164,20366,9420,10946,1111065000
2018,종로구,창신1동,2996,6237,3366,2871,1111067000
2018,종로구,창신2동,4167,10015,5072,4943,1111068000
2018,종로구,창신3동,2889,7439,3667,3772,1111069000
2018,종로구,숭인1동,2996,6723,3310,3413,1111070000
2018,종로구,숭인2동,5716,10088,5074,5014,1111071000
2018,종로구,청운효자동,5413,13293,6260,7033,1111051500
2018,중구,계,61502,135633,66674,68959,1114000000
2018,중구,소공동,1072,2936,1516,1420,1114052000
2018,중구,회현동,3273,5952,3239,2713,1114054000
2018,중구,명동,1400,3470,1538,1932,1114055000
2018,중구,필동,2291,5045,2552,2493,1114057000
2018,중구,장충동,2662,5653,2782,2871,1114058000
2018,중구,광희동,2906,6057,3165,2892,1114059000
2018,중구,을지로동,1269,1901,1143,758,1114060500
2018,중구,신당5동,4500,9691,4802,4889,1114065000
2018,중구,황학동,6525,13380,6524,6856,1114067000
2018,중구,중림동,5808,12980,6523,6457,1114068000
2018,중구,신당동,4430,9419,4639,4780,1114061500
2018,중구,다산동,6922,15113,7317,7796,1114062500
2018,중구,약수동,7768,17973,8503,9470,1114063500
2018,중구,청구동,6448,14844,7040,7804,1114064500
2018,중구,동화동,4228,11219,5391,5828,1114066500
2018,용산구,계,108974,245090,119766,125324,1117000000
2018,용산구,후암동,8517,18703,9109,9594,1117051000
2018,용산구,용산2가동,5512,12107,5952,6155,1117052000
2018,용산구,남영동,5431,8501,5133,3368,1117053000
2018,용산구,원효로1동,7391,16034,7785,8249,1117056000
2018,용산구,원효로2동,6034,15064,7066,7998,1117057000
2018,용산구,효창동,3728,9054,4315,4739,1117058000
2018,용산구,용문동,5371,12757,6136,6621,1117059000
2018,용산구,이촌1동,10253,29341,13758,15583,1117063000
2018,용산구,이촌2동,3862,9090,4284,4806,1117064000
2018,용산구,이태원1동,3842,9315,4945,4370,1117065000
2018,용산구,이태원2동,4947,10927,5162,5765,1117066000
2018,용산구,서빙고동,5309,14257,6899,7358,1117069000
2018,용산구,보광동,7720,16124,8098,8026,1117070000
2018,용산구,청파동,10562,20922,9871,11051,1117055500
2018,용산구,한강로동,9518,19209,9399,9810,1117062500
2018,용산구,한남동,10977,23685,11854,11831,1117068500
2018,성동구,계,137209,316463,155091,161372,1120000000
2018,성동구,왕십리2동,7688,18148,8821,9327,1120052000
2018,성동구,마장동,10687,24157,11855,12302,1120054000
2018,성동구,사근동,7147,13408,6665,6743,1120055000
2018,성동구,행당1동,7321,16728,8135,8593,1120056000
2018,성동구,행당2동,9514,25075,11840,13235,1120057000
2018,성동구,응봉동,6220,16405,7756,8649,1120058000
2018,성동구,금호1가동,6620,16191,7775,8416,1120059000
2018,성동구,금호4가동,6542,15488,7423,8065,1120062000
2018,성동구,성수1가1동,7648,17570,8840,8730,1120065000
2018,성동구,성수1가2동,7211,15786,7894,7892,1120066000
2018,성동구,성수2가1동,8603,18317,9506,8811,1120067000
2018,성동구,성수2가3동,5697,11915,6180,5735,1120069000
2018,성동구,송정동,5555,11778,6258,5520,1120072000
2018,성동구,용답동,7759,15659,8248,7411,1120079000
2018,성동구,왕십리도선동,11654,27853,13304,14549,1120053500
2018,성동구,금호2.3가동,10373,24467,11690,12777,1120061500
2018,성동구,옥수동,10970,27518,12901,14617,1120064500
2018,광진구,계,162606,371063,179527,191536,1121500000
2018,광진구,화양동,15346,24804,11423,13381,1121571000
2018,광진구,군자동,10354,22029,10803,11226,1121573000
2018,광진구,중곡1동,7944,16500,8095,8405,1121574000
2018,광진구,중곡2동,10241,22699,10953,11746,1121575000
2018,광진구,중곡3동,8484,17843,8856,8987,1121576000
2018,광진구,중곡4동,13186,31159,15337,15822,1121577000
2018,광진구,능동,6157,11891,5515,6376,1121578000
2018,광진구,구의1동,11590,23282,11141,12141,1121585000
2018,광진구,구의2동,11442,27974,13580,14394,1121586000
2018,광진구,구의3동,12175,30476,14519,15957,1121587000
2018,광진구,광장동,12016,36309,17603,18706,1121581000
2018,광진구,자양1동,11369,24476,11801,12675,1121582000
2018,광진구,자양2동,11292,27435,13472,13963,1121583000
2018,광진구,자양3동,11053,30132,14509,15623,1121584000
2018,광진구,자양4동,9957,24054,11920,12134,1121584700
2018,동대문구,계,161820,364338,179774,184564,1123000000
2018,동대문구,전농1동,14640,30988,15595,15393,1123056000
2018,동대문구,전농2동,7736,20351,9742,10609,1123057000
2018,동대문구,답십리1동,12361,29492,14424,15068,1123060000
2018,동대문구,답십리2동,12000,28970,14193,14777,1123061000
2018,동대문구,장안1동,17227,39212,19625,19587,1123065000
2018,동대문구,장안2동,12854,31649,15865,15784,1123066000
2018,동대문구,회기동,5917,12868,5819,7049,1123071000
2018,동대문구,휘경1동,6850,14653,7088,7565,1123072000
2018,동대문구,휘경2동,11245,25147,12315,12832,1123073000
2018,동대문구,이문1동,12494,26940,12950,13990,1123074000
2018,동대문구,이문2동,8630,22004,10731,11273,1123075000
2018,동대문구,청량리동,10517,22527,11276,11251,1123070500
2018,동대문구,용신동,16521,31961,16348,15613,1123053600
2018,동대문구,제기동,12828,27576,13803,13773,1123054500
2018,중랑구,계,180511,408147,202448,205699,1126000000
2018,중랑구,면목2동,12201,26482,13226,13256,1126052000
2018,중랑구,면목4동,9443,20730,10280,10450,1126054000
2018,중랑구,면목5동,4580,10071,5148,4923,1126055000
2018,중랑구,면목7동,10121,22258,11050,11208,1126057000
2018,중랑구,상봉1동,10130,25619,12509,13110,1126058000
2018,중랑구,상봉2동,10229,19243,9449,9794,1126059000
2018,중랑구,중화1동,8890,21030,10377,10653,1126060000
2018,중랑구,중화2동,14361,28660,14731,13929,1126061000
2018,중랑구,묵1동,14480,36233,17708,18525,1126062000
2018,중랑구,묵2동,9169,20355,10016,10339,1126063000
2018,중랑구,망우3동,8476,18334,9176,9158,1126066000
2018,중랑구,신내1동,14701,41264,20226,21038,1126068000
2018,중랑구,신내2동,8999,22379,10740,11639,1126069000
2018,중랑구,면목본동,17461,36558,18145,18413,1126056500
2018,중랑구,면목3.8동,12571,27139,13606,13533,1126057500
2018,중랑구,망우본동,14699,31792,16061,15731,1126065500
2018,성북구,계,186601,447687,216495,231192,1129000000
2018,성북구,돈암1동,6386,16404,7671,8733,1129058000
2018,성북구,돈암2동,8580,25273,12059,13214,1129059000
2018,성북구,안암동,8785,17260,8471,8789,1129060000
2018,성북구,보문동,7941,17067,8258,8809,1129061000
2018,성북구,정릉1동,7055,18642,8868,9774,1129062000
2018,성북구,정릉2동,9640,24267,11850,12417,1129063000
2018,성북구,정릉3동,7617,17294,8639,8655,1129064000
2018,성북구,정릉4동,11010,27161,13168,13993,1129065000
2018,성북구,길음1동,13017,37829,18072,19757,1129066000
2018,성북구,길음2동,4949,11767,5720,6047,1129068500
2018,성북구,월곡1동,10742,27854,13511,14343,1129071500
2018,성북구,월곡2동,8958,20702,10107,10595,1129072500
2018,성북구,장위1동,9041,21228,10457,10771,1129076000
2018,성북구,장위2동,6569,15069,7525,7544,1129077000
2018,성북구,장위3동,4785,11689,5862,5827,1129078000
2018,성북구,성북동,8052,17902,8478,9424,1129052500
2018,성북구,삼선동,12672,26971,12962,14009,1129055500
2018,성북구,동선동,8856,16386,6926,9460,1129057500
2018,성북구,종암동,17104,42876,20976,21900,1129070500
2018,성북구,석관동,14842,34046,16915,17131,1129081000
2018,강북구,계,143395,322915,157522,165393,1130500000
2018,강북구,번1동,10188,19964,9927,10037,1130559500
2018,강북구,번2동,7555,17504,8463,9041,1130560300
2018,강북구,번3동,7618,18967,8979,9988,1130560800
2018,강북구,수유1동,10335,22338,11032,11306,1130561500
2018,강북구,수유2동,9603,22526,10909,11617,1130562500
2018,강북구,수유3동,12399,24280,12035,12245,1130563000
2018,강북구,삼양동,11748,26575,13202,13373,1130553400
2018,강북구,미아동,11259,23228,11181,12047,1130553500
2018,강북구,송중동,13007,29549,14216,15333,1130554500
2018,강북구,송천동,13779,29519,14706,14813,1130555500
2018,강북구,삼각산동,11877,33524,16137,17387,1130557500
2018,강북구,우이동,9516,21895,10676,11219,1130564500
2018,강북구,인수동,14511,33046,16059,16987,1130566000
2018,도봉구,계,138087,341649,167043,174606,1132000000
2018,도봉구,쌍문1동,9198,22428,10850,11578,1132066000
2018,도봉구,쌍문2동,8688,20580,9986,10594,1132067000
2018,도봉구,쌍문3동,7720,17406,8394,9012,1132068000
2018,도봉구,쌍문4동,7168,20102,9570,10532,1132068100
2018,도봉구,방학1동,12743,30563,15146,15417,1132069000
2018,도봉구,방학2동,9576,21648,10921,10727,1132070000
2018,도봉구,방학3동,10147,29336,14322,15014,1132071000
2018,도봉구,창1동,10892,26725,12831,13894,1132051100
2018,도봉구,창2동,12405,31351,15371,15980,1132051200
2018,도봉구,창3동,6682,15150,7536,7614,1132051300
2018,도봉구,창4동,10588,28464,13740,14724,1132051400
2018,도봉구,창5동,9888,26029,12589,13440,1132051500
2018,도봉구,도봉1동,10281,22839,11541,11298,1132052100
2018,도봉구,도봉2동,12111,29028,14246,14782,1132052200
2018,노원구,계,217655,548160,265870,282290,1135000000
2018,노원구,월계1동,10484,24087,12448,11639,1135056000
2018,노원구,월계2동,11249,26692,12853,13839,1135057000
2018,노원구,월계3동,12998,32496,15653,16843,1135058000
2018,노원구,공릉1동,18018,39990,19646,20344,1135059500
2018,노원구,공릉2동,16185,41539,20373,21166,1135060000
2018,노원구,하계1동,12304,29901,14522,15379,1135061100
2018,노원구,하계2동,8326,23852,11415,12437,1135061200
2018,노원구,중계본동,9234,26863,13180,13683,1135061900
2018,노원구,중계1동,9111,28351,13836,14515,1135062100
2018,노원구,중계4동,8505,21841,10610,11231,1135062400
2018,노원구,상계1동,15665,41010,20010,21000,1135063000
2018,노원구,상계2동,8753,21624,10703,10921,1135064000
2018,노원구,상계5동,11083,26230,12812,13418,1135067000
2018,노원구,상계8동,9279,24427,11776,12651,1135070000
2018,노원구,상계9동,8489,22348,10732,11616,1135071000
2018,노원구,상계10동,6665,17021,7880,9141,1135072000
2018,노원구,중계2.3동,15477,37786,17632,20154,1135062500
2018,노원구,상계3.4동,11717,26622,13256,13366,1135066500
2018,노원구,상계6.7동,14113,35480,16533,18947,1135069500
2018,은평구,계,205001,487666,235600,252066,1138000000
2018,은평구,녹번동,15627,34901,16782,18119,1138051000
2018,은평구,불광1동,17744,41585,19824,21761,1138052000
2018,은평구,불광2동,13712,29914,14518,15396,1138053000
2018,은평구,갈현1동,11183,25191,12299,12892,1138055100
2018,은평구,갈현2동,12593,30692,14644,16048,1138055200
2018,은평구,구산동,12950,34132,17040,17092,1138056000
2018,은평구,대조동,15671,32608,15382,17226,1138057000
2018,은평구,응암1동,11280,26185,12584,13601,1138058000
2018,은평구,응암2동,8213,21086,10329,10757,1138059000
2018,은평구,응암3동,12479,26417,12932,13485,1138060000
2018,은평구,신사1동,11668,28926,14010,14916,1138063100
2018,은평구,신사2동,9147,22247,11117,11130,1138063200
2018,은평구,증산동,6916,16412,8113,8299,1138064000
2018,은평구,수색동,4831,11266,5636,5630,1138065000
2018,은평구,진관동,20265,56487,26761,29726,1138069000
2018,은평구,역촌동,20722,49617,23629,25988,1138062500
2018,서대문구,계,138549,323080,153816,169264,1141000000
2018,서대문구,천연동,8276,19044,9085,9959,1141052000
2018,서대문구,홍제1동,9503,23123,10868,12255,1141062000
2018,서대문구,홍제2동,5876,14934,7137,7797,1141065500
2018,서대문구,홍제3동,7098,16616,8052,8564,1141064000
2018,서대문구,홍은1동,9775,24131,11730,12401,1141066000
2018,서대문구,홍은2동,12270,29004,14111,14893,1141068500
2018,서대문구,남가좌1동,6102,17199,8285,8914,1141069000
2018,서대문구,남가좌2동,10884,24989,12050,12939,1141070000
2018,서대문구,북가좌1동,6989,19311,9373,9938,1141071000
2018,서대문구,북가좌2동,14738,34237,16726,17511,1141072000
2018,서대문구,충현동,8776,18291,8922,9369,1141056500
2018,서대문구,북아현동,7580,17832,8439,9393,1141055500
2018,서대문구,신촌동,12004,23917,9600,14317,1141058500
2018,서대문구,연희동,18678,40452,19438,21014,1141061500
2018,마포구,용강동,9155,22647,10842,11805,1144059000
2018,마포구,대흥동,7160,13661,6326,7335,1144060000
2018,마포구,염리동,5580,13063,6159,6904,1144061000
2018,마포구,신수동,9197,21806,10580,11226,1144063000
2018,마포구,서교동,13954,26264,12009,14255,1144066000
2018,마포구,합정동,9578,19535,9108,10427,1144068000
2018,마포구,망원1동,10589,22125,10490,11635,1144069000
2018,마포구,망원2동,8265,19641,9410,10231,1144070000
2018,마포구,연남동,8681,17393,8121,9272,1144071000
2018,마포구,성산1동,9304,20443,9688,10755,1144072000
2018,마포구,성산2동,18452,41743,19435,22308,1144073000
2018,마포구,상암동,12830,33550,16099,17451,1144074000
2018,마포구,도화동,9630,22845,10876,11969,1144058500
2018,마포구,서강동,11436,25622,12090,13532,1144065500
2018,마포구,공덕동,18523,40506,19303,21203,1144056500
2018,마포구,아현동,10171,25515,12037,13478,1144055500
2018,양천구,계,176498,468145,230457,237688,1147000000
2018,양천구,목1동,10496,32458,15640,16818,1147051000
2018,양천구,목2동,12923,31754,15573,16181,1147052000
2018,양천구,목3동,9823,23231,11194,12037,1147053000
2018,양천구,목4동,10085,27289,13418,13871,1147054000
2018,양천구,목5동,13564,43390,21403,21987,1147055000
2018,양천구,신월1동,10130,22379,11476,10903,1147056000
2018,양천구,신월2동,8691,22853,11225,11628,1147057000
2018,양천구,신월3동,8236,17186,9076,8110,1147058000
2018,양천구,신월4동,6886,19335,9530,9805,1147059000
2018,양천구,신월5동,6422,15759,7800,7959,1147060000
2018,양천구,신월6동,2555,6815,3377,3438,1147061000
2018,양천구,신월7동,9299,22347,10984,11363,1147061100
2018,양천구,신정1동,7244,21677,10636,11041,1147062000
2018,양천구,신정2동,7185,20987,10270,10717,1147063000
2018,양천구,신정3동,17607,48799,23942,24857,1147064000
2018,양천구,신정4동,15988,36193,17781,18412,1147065000
2018,양천구,신정6동,8170,25500,12440,13060,1147067000
2018,양천구,신정7동,11194,30193,14692,15501,1147068000
2018,강서구,계,258503,603611,293289,310322,1150000000
2018,강서구,염창동,14574,41016,20102,20914,1150051000
2018,강서구,등촌1동,11789,23558,11121,12437,1150052000
2018,강서구,등촌2동,8592,22118,10988,11130,1150053000
2018,강서구,등촌3동,14785,33279,15914,17365,1150053500
2018,강서구,화곡본동,16257,36390,17745,18645,1150059000
2018,강서구,화곡1동,25684,54687,26857,27830,1150054000
2018,강서구,화곡2동,8282,20041,9729,10312,1150055000
2018,강서구,화곡3동,9256,22730,10927,11803,1150056000
2018,강서구,화곡4동,9752,22694,11163,11531,1150057000
2018,강서구,화곡6동,10993,24840,12283,12557,1150059100
2018,강서구,화곡8동,11534,26833,12979,13854,1150059300
2018,강서구,가양1동,18228,33556,15899,17657,1150060300
2018,강서구,가양2동,8081,15763,7463,8300,1150060400
2018,강서구,가양3동,7902,16516,7799,8717,1150060500
2018,강서구,발산1동,13404,38879,18553,20326,1150061100
2018,강서구,공항동,12667,28646,14665,13981,1150062000
2018,강서구,방화1동,17417,46357,22697,23660,1150063000
2018,강서구,방화2동,11504,24391,12081,12310,1150064000
2018,강서구,방화3동,11238,24912,12031,12881,1150064100
2018,강서구,우장산동,16564,46405,22293,24112,1150061500
2018,구로구,계,172457,438486,219949,218537,1153000000
2018,구로구,신도림동,13396,37615,18457,19158,1153051000
2018,구로구,구로1동,7865,21911,10841,11070,1153052000
2018,구로구,구로2동,12840,36289,19034,17255,1153053000
2018,구로구,구로3동,13385,26974,13770,13204,1153054000
2018,구로구,구로4동,10595,27165,13901,13264,1153055000
2018,구로구,구로5동,14396,34085,16802,17283,1153056000
2018,구로구,고척1동,9536,24659,12358,12301,1153072000
2018,구로구,고척2동,11673,29543,14692,14851,1153073000
2018,구로구,개봉1동,13999,34658,17394,17264,1153074000
2018,구로구,개봉2동,12652,33715,16482,17233,1153075000
2018,구로구,개봉3동,8809,22156,10892,11264,1153076000
2018,구로구,오류1동,10550,22651,11128,11523,1153077000
2018,구로구,오류2동,17028,45398,22127,23271,1153078000
2018,구로구,수궁동,9859,25461,12680,12781,1153079000
2018,구로구,가리봉동,5874,16206,9391,6815,1153059500
2018,금천구,계,107971,254021,130398,123623,1154500000
2018,금천구,가산동,13174,24459,13719,10740,1154551000
2018,금천구,독산1동,18382,41826,21846,19980,1154561000
2018,금천구,독산2동,9343,22103,11360,10743,1154562000
2018,금천구,독산3동,12269,30702,15938,14764,1154563000
2018,금천구,독산4동,7639,18776,9602,9174,1154564000
2018,금천구,시흥1동,15451,37078,18746,18332,1154567000
2018,금천구,시흥2동,8517,23253,11333,11920,1154568000
2018,금천구,시흥3동,4727,11740,5876,5864,1154569000
2018,금천구,시흥4동,9138,22747,11293,11454,1154570000
2018,금천구,시흥5동,9331,21337,10685,10652,1154571000
2018,영등포구,계,171085,403600,203319,200281,1156000000
2018,영등포구,여의도동,12944,33973,16121,17852,1156054000
2018,영등포구,당산1동,10293,21361,10515,10846,1156055000
2018,영등포구,당산2동,17010,36191,17027,19164,1156056000
2018,영등포구,양평1동,8616,17959,8950,9009,1156061000
2018,영등포구,양평2동,10029,22962,11487,11475,1156062000
2018,영등포구,신길1동,9713,19696,10095,9601,1156063000
2018,영등포구,신길3동,7041,17563,8869,8694,1156065000
2018,영등포구,신길4동,4335,10425,5328,5097,1156066000
2018,영등포구,신길5동,4418,11649,5817,5832,1156067000
2018,영등포구,신길6동,8318,19801,9910,9891,1156068000
2018,영등포구,신길7동,6531,17216,8609,8607,1156069000
2018,영등포구,대림1동,6430,17030,8868,8162,1156070000
2018,영등포구,대림2동,6618,22231,11729,10502,1156071000
2018,영등포구,대림3동,10629,29519,15224,14295,1156072000
2018,영등포구,영등포본동,10139,25480,13107,12373,1156051500
2018,영등포구,영등포동,16274,26111,14372,11739,1156053500
2018,영등포구,도림동,9304,22178,11328,10850,1156058500
2018,영등포구,문래동,12443,32255,15963,16292,1156060500
2018,동작구,계,177176,409385,198458,210927,1159000000
2018,동작구,노량진1동,14838,32802,16257,16545,1159051000
2018,동작구,노량진2동,7200,14307,7335,6972,1159052000
2018,동작구,상도1동,21007,48317,23386,24931,1159053000
2018,동작구,상도2동,12024,27767,13326,14441,1159054000
2018,동작구,상도3동,11647,26181,12602,13579,1159055000
2018,동작구,상도4동,13205,30264,14859,15405,1159056000
2018,동작구,사당1동,12639,24064,11548,12516,1159062000
2018,동작구,사당2동,11942,28742,13861,14881,1159063000
2018,동작구,사당3동,10758,26762,13021,13741,1159064000
2018,동작구,사당4동,6889,15091,7238,7853,1159065000
2018,동작구,사당5동,5716,13207,6430,6777,1159065100
2018,동작구,대방동,16909,40360,19249,21111,1159066000
2018,동작구,신대방1동,9866,27214,13310,13904,1159067000
2018,동작구,신대방2동,9171,21076,10161,10915,1159068000
2018,동작구,흑석동,13365,33231,15875,17356,1159060500
2018,관악구,계,262222,520040,260742,259298,1162000000
2018,관악구,남현동,9174,18998,9133,9865,1162063000
2018,관악구,보라매동,12042,26398,12921,13477,1162052500
2018,관악구,청림동,6603,16527,8137,8390,1162054500
2018,관악구,행운동,16795,30438,14776,15662,1162057500
2018,관악구,낙성대동,10502,17780,8796,8984,1162058500
2018,관악구,중앙동,8981,15716,7530,8186,1162061500
2018,관악구,인헌동,13868,27293,13320,13973,1162062500
2018,관악구,서원동,13284,23933,12182,11751,1162064500
2018,관악구,신원동,10307,20119,10068,10051,1162065500
2018,관악구,서림동,14173,24881,13642,11239,1162066500
2018,관악구,신사동,12944,26442,13332,13110,1162068500
2018,관악구,신림동,16126,22256,11194,11062,1162069500
2018,관악구,난향동,6477,16693,8284,8409,1162071500
2018,관악구,조원동,10011,19824,10122,9702,1162072500
2018,관악구,대학동,15657,24823,14695,10128,1162073500
2018,관악구,은천동,15593,35797,17685,18112,1162060500
2018,관악구,성현동,13003,33033,16030,17003,1162056500
2018,관악구,청룡동,18357,30242,14610,15632,1162059500
2018,관악구,난곡동,12743,29484,14870,14614,1162077500
2018,관악구,삼성동,11504,26068,13092,12976,1162074500
2018,관악구,미성동,14078,33295,16323,16972,1162076500
2018,서초구,계,172918,438163,209977,228186,1165000000
2018,서초구,서초1동,9232,21574,10435,11139,1165051000
2018,서초구,서초2동,8088,18506,8867,9639,1165052000
2018,서초구,서초3동,13053,30754,15087,15667,1165053000
2018,서초구,서초4동,10922,31817,15423,16394,1165053100
2018,서초구,잠원동,13990,34962,16639,18323,1165054000
2018,서초구,반포본동,4223,12583,5954,6629,1165055000
2018,서초구,반포1동,14085,32109,15445,16664,1165056000
2018,서초구,반포2동,5295,16761,8017,8744,1165057000
2018,서초구,반포3동,7041,20434,9680,10754,1165058000
2018,서초구,반포4동,7418,20600,9777,10823,1165058100
2018,서초구,방배본동,7918,21746,10109,11637,1165059000
2018,서초구,방배1동,7578,17683,8303,9380,1165060000
2018,서초구,방배2동,9350,22491,10663,11828,1165061000
2018,서초구,방배3동,8415,22268,10728,11540,1165062000
2018,서초구,방배4동,9737,24442,11275,13167,1165062100
2018,서초구,양재1동,18319,46713,22368,24345,1165065100
2018,서초구,양재2동,11036,24032,12073,11959,1165065200
2018,서초구,내곡동,7218,18688,9134,9554,1165066000
2018,강남구,계,228775,547453,262203,285250,1168000000
2018,강남구,신사동,7532,17813,8310,9503,1168051000
2018,강남구,논현1동,14168,24061,11131,12930,1168052100
2018,강남구,논현2동,11305,22304,10451,11853,1168053100
2018,강남구,삼성1동,5909,15252,7676,7576,1168058000
2018,강남구,삼성2동,13221,30492,14537,15955,1168059000
2018,강남구,대치1동,7464,25590,12858,12732,1168060000
2018,강남구,대치2동,13282,40163,20421,19742,1168061000
2018,강남구,대치4동,10207,21265,10038,11227,1168063000
2018,강남구,역삼1동,23113,36861,17810,19051,1168064000
2018,강남구,역삼2동,14974,36822,17460,19362,1168065000
2018,강남구,도곡1동,8529,22844,10758,12086,1168065500
2018,강남구,도곡2동,11976,34704,16102,18602,1168065600
2018,강남구,개포1동,3082,7800,3782,4018,1168066000
2018,강남구,개포2동,4900,13855,6732,7123,1168067000
2018,강남구,개포4동,7862,18920,9268,9652,1168069000
2018,강남구,일원본동,8295,24781,12153,12628,1168072000
2018,강남구,일원1동,7621,17136,8382,8754,1168073000
2018,강남구,일원2동,6719,16593,7924,8669,1168074000
2018,강남구,수서동,7840,16421,7554,8867,1168075000
2018,강남구,세곡동,17639,45445,21701,23744,1168070000
2018,강남구,압구정동,10745,28146,12950,15196,1168054500
2018,강남구,청담동,12392,30185,14205,15980,1168056500
2018,송파구,계,270866,673507,326849,346658,1171000000
2018,송파구,풍납1동,6809,16380,8143,8237,1171051000
2018,송파구,풍납2동,10456,25149,12015,13134,1171052000
2018,송파구,거여1동,5422,13339,6803,6536,1171053100
2018,송파구,거여2동,7199,17299,8538,8761,1171053200
2018,송파구,마천1동,9174,21344,10873,10471,1171054000
2018,송파구,마천2동,8691,20684,10491,10193,1171055000
2018,송파구,방이1동,6201,16631,8070,8561,1171056100
2018,송파구,방이2동,12901,25801,12415,13386,1171056200
2018,송파구,오륜동,6016,19244,9419,9825,1171056600
2018,송파구,오금동,15548,41014,20082,20932,1171057000
2018,송파구,송파1동,12268,26401,12545,13856,1171058000
2018,송파구,송파2동,7315,21210,10290,10920,1171059000
2018,송파구,석촌동,16677,34760,16840,17920,1171060000
2018,송파구,삼전동,16366,33440,15916,17524,1171061000
2018,송파구,가락본동,11797,28353,14100,14253,1171062000
2018,송파구,가락1동,437,1115,540,575,1171063100
2018,송파구,가락2동,12282,34455,16868,17587,1171063200
2018,송파구,문정1동,8588,21731,10792,10939,1171064100
2018,송파구,문정2동,15323,30140,14142,15998,1171064200
2018,송파구,장지동,13424,34892,16959,17933,1171064600
2018,송파구,잠실본동,14625,29756,14148,15608,1171065000
2018,송파구,잠실2동,12075,37069,17681,19388,1171067000
2018,송파구,잠실3동,12360,36546,17446,19100,1171068000
2018,송파구,잠실4동,10402,30089,14521,15568,1171069000
2018,송파구,잠실6동,5913,17461,8348,9113,1171071000
2018,송파구,잠실7동,3483,10369,4839,5530,1171072000
2018,송파구,위례동,9114,28835,14025,14810,1171064700
2018,강동구,계,177247,431920,213853,218067,1174000000
2018,강동구,강일동,11214,32928,15973,16955,1174051500
2018,강동구,상일동,4189,11138,5582,5556,1174052000
2018,강동구,명일1동,8179,22483,11045,11438,1174053000
2018,강동구,명일2동,5896,18020,8945,9075,1174054000
2018,강동구,고덕1동,9126,27469,13902,13567,1174055000
2018,강동구,고덕2동,3475,7709,4138,3571,1174056000
2018,강동구,암사1동,16309,37760,18780,18980,1174057000
2018,강동구,암사2동,5883,14711,7169,7542,1174058000
2018,강동구,암사3동,6360,18943,9303,9640,1174059000
2018,강동구,천호1동,12884,29144,14381,14763,1174060000
2018,강동구,천호2동,17630,36423,18282,18141,1174061000
2018,강동구,천호3동,13623,28568,14148,14420,1174062000
2018,강동구,성내1동,8205,20996,10173,10823,1174064000
2018,강동구,성내2동,12438,25725,12786,12939,1174065000
2018,강동구,성내3동,10209,24155,11993,12162,1174066000
2018,강동구,둔촌1동,184,317,150,167,1174069000
2018,강동구,둔촌2동,11147,28260,13969,14291,1174070000
2018,강동구,길동,20296,47171,23134,24037,1174068500
2023,계,계,4469417,9638799,4649446,4989353,1100000000
2023,종로구,계,72067,150453,71890,78563,1111000000
2023,종로구,사직동,4536,9273,4147,5126,1111053000
2023,종로구,삼청동,1120,2457,1180,1277,1111054000
2023,종로구,부암동,4133,9389,4466,4923,1111055000
2023,종로구,평창동,7135,17578,8198,9380,1111056000
2023,종로구,무악동,3008,7991,3664,4327,1111057000
2023,종로구,교남동,4344,9889,4552,5337,1111058000
2023,종로구,가회동,1910,3972,1848,2124,1111060000
2023,종로구,종로1.2.3.4가동,4903,8492,4902,3590,1111061500
2023,종로구,종로5.6가동,3581,5899,3083,2816,1111063000
2023,종로구,이화동,4211,7480,3515,3965,1111064000
2023,종로구,혜화동,9114,19239,8654,10585,1111065000
2023,종로구,창신1동,2626,5331,2802,2529,1111067000
2023,종로구,창신2동,3983,8648,4455,4193,1111068000
2023,종로구,창신3동,2769,6520,3217,3303,1111069000
2023,종로구,숭인1동,2995,6114,2947,3167,1111070000
2023,종로구,숭인2동,6651,10692,5008,5684,1111071000
2023,종로구,청운효자동,5048,11489,5252,6237,1111051500
2023,중구,계,64714,131793,63495,68298,1114000000
2023,중구,소공동,1237,3401,1685,1716,1114052000
2023,중구,회현동,2502,5053,2648,2405,1114054000
2023,중구,명동,1375,3405,1484,1921,1114055000
2023,중구,필동,2495,4971,2473,2498,1114057000
2023,중구,장충동,2834,5462,2796,2666,1114058000
2023,중구,광희동,3967,7198,3518,3680,1114059000
2023,중구,을지로동,2130,3323,1809,1514,1114060500
2023,중구,신당5동,5393,10516,5066,5450,1114065000
2023,중구,황학동,7429,13612,6375,7237,1114067000
2023,중구,중림동,5940,12494,6107,6387,1114068000
2023,중구,신당동,4708,8885,4219,4666,1114061500
2023,중구,다산동,6811,13786,6666,7120,1114062500
2023,중구,약수동,7752,16342,7543,8799,1114063500
2023,중구,청구동,6153,13225,6234,6991,1114064500
2023,중구,동화동,3988,10120,4872,5248,1114066500
2023,용산구,계,107825,227106,109826,117280,1117000000
2023,용산구,후암동,8257,16462,7961,8501,1117051000
2023,용산구,용산2가동,5032,10271,5029,5242,1117052000
2023,용산구,남영동,4853,7347,4435,2912,1117053000
2023,용산구,원효로2동,6254,13763,6459,7304,1117057000
2023,용산구,효창동,4725,10811,5107,5704,1117058000
2023,용산구,용문동,5314,11518,5482,6036,1117059000
2023,용산구,한강로1동,9279,17688,8266,9422,1117060000
2023,용산구,이촌1동,9126,25513,12041,13472,1117063000
2023,용산구,이촌2동,3591,7932,3724,4208,1117064000
2023,용산구,이태원1동,3435,7799,4182,3617,1117065000
2023,용산구,이태원2동,4850,10223,4852,5371,1117066000
2023,용산구,서빙고동,5094,13141,6340,6801,1117069000
2023,용산구,보광동,6279,12420,6440,5980,1117070000
2023,용산구,청파동,11124,19616,8961,10655,1117055500
2023,용산구,한강로동,11260,22691,10794,11897,1117062500
2023,용산구,한남동,9352,19911,9753,10158,1117068500
2023,성동구,계,133089,284766,137620,147146,1120000000
2023,성동구,왕십리2동,7385,16481,7884,8597,1120052000
2023,성동구,마장동,10850,22233,10881,11352,1120054000
2023,성동구,사근동,8198,14141,7041,7100,1120055000
2023,성동구,행당1동,6441,13984,6679,7305,1120056000
2023,성동구,행당2동,9227,22933,10692,12241,1120057000
2023,성동구,응봉동,5950,15000,7119,7881,1120058000
2023,성동구,금호1가동,6503,14841,7066,7775,1120059000
2023,성동구,금호4가동,6403,14284,6763,7521,1120062000
2023,성동구,성수1가1동,7434,15681,7798,7883,1120065000
2023,성동구,성수1가2동,5911,12134,5916,6218,1120066000
2023,성동구,성수2가1동,7642,15079,7782,7297,1120067000
2023,성동구,성수2가3동,5225,10312,5134,5178,1120069000
2023,성동구,송정동,5365,10131,5312,4819,1120072000
2023,성동구,용답동,7722,13013,6608,6405,1120079000
2023,성동구,왕십리도선동,12184,26739,12509,14230,1120053500
2023,성동구,금호2.3가동,9893,22130,10520,11610,1120061500
2023,성동구,옥수동,10756,25650,11916,13734,1120064500
2023,광진구,계,170077,351180,167562,183618,1121500000
2023,광진구,화양동,18136,27645,12448,15197,1121571000
2023,광진구,군자동,11312,21465,10477,10988,1121573000
2023,광진구,중곡1동,8651,15691,7405,8286,1121574000
2023,광진구,중곡2동,10572,20882,9783,11099,1121575000
2023,광진구,중곡3동,8518,16008,7869,8139,1121576000
2023,광진구,중곡4동,13066,28006,13591,14415,1121577000
2023,광진구,능동,6480,11496,5280,6216,1121578000
2023,광진구,구의1동,13100,23833,11330,12503,1121585000
2023,광진구,구의2동,11485,26230,12492,13738,1121586000
2023,광진구,구의3동,12051,28072,13244,14828,1121587000
2023,광진구,광장동,11855,34210,16542,17668,1121581000
2023,광진구,자양1동,11985,22745,10965,11780,1121582000
2023,광진구,자양2동,10913,23949,11598,12351,1121583000
2023,광진구,자양3동,10967,27543,13145,14398,1121584000
2023,광진구,자양4동,10986,23405,11393,12012,1121584700
2023,동대문구,계,172801,359873,174120,185753,1123000000
2023,동대문구,전농1동,16061,32897,16279,16618,1123056000
2023,동대문구,전농2동,7544,18432,8736,9696,1123057000
2023,동대문구,답십리1동,12872,28284,13588,14696,1123060000
2023,동대문구,답십리2동,12477,27854,13412,14442,1123061000
2023,동대문구,장안1동,18300,38032,18707,19325,1123065000
2023,동대문구,장안2동,14417,33020,16302,16718,1123066000
2023,동대문구,회기동,6641,13653,6057,7596,1123071000
2023,동대문구,휘경1동,7678,16179,7274,8905,1123072000
2023,동대문구,휘경2동,12645,25163,12360,12803,1123073000
2023,동대문구,이문1동,10684,21488,10107,11381,1123074000
2023,동대문구,이문2동,8669,19935,9562,10373,1123075000
2023,동대문구,청량리동,10103,19347,9468,9879,1123070500
2023,동대문구,용신동,21692,40088,19572,20516,1123053600
2023,동대문구,제기동,13018,25501,12696,12805,1123054500
2023,중랑구,계,188097,387470,189462,198008,1126000000
2023,중랑구,면목2동,12238,24001,11867,12134,1126052000
2023,중랑구,면목4동,8944,18490,9170,9320,1126054000
2023,중랑구,면목5동,6422,14740,7318,7422,1126055000
2023,중랑구,면목7동,10562,21557,10681,10876,1126057000
2023,중랑구,상봉1동,10135,23353,11331,12022,1126058000
2023,중랑구,상봉2동,12572,20760,9836,10924,1126059000
2023,중랑구,중화1동,8907,18908,9295,9613,1126060000
2023,중랑구,중화2동,13488,24326,12410,11916,1126061000
2023,중랑구,묵1동,14955,33935,16147,17788,1126062000
2023,중랑구,묵2동,9180,18323,8921,9402,1126063000
2023,중랑구,망우3동,8175,16078,8064,8014,1126066000
2023,중랑구,신내1동,14894,37938,18268,19670,1126068000
2023,중랑구,신내2동,8901,19774,9325,10449,1126069000
2023,중랑구,면목본동,17795,33550,16468,17082,1126056500
2023,중랑구,면목3.8동,12794,24842,12207,12635,1126057500
2023,중랑구,망우본동,18135,36895,18154,18741,1126065500
2023,성북구,계,196800,438168,208682,229486,1129000000
2023,성북구,돈암1동,6055,14376,6694,7682,1129058000
2023,성북구,돈암2동,8529,23547,11133,12414,1129059000
2023,성북구,안암동,9819,17268,8224,9044,1129060000
2023,성북구,보문동,8145,16575,7914,8661,1129061000
2023,성북구,정릉1동,7344,18015,8586,9429,1129062000
2023,성북구,정릉2동,9920,22815,10945,11870,1129063000
2023,성북구,정릉3동,8213,16628,8152,8476,1129064000
2023,성북구,정릉4동,10748,24516,11603,12913,1129065000
2023,성북구,길음1동,12463,34903,16488,18415,1129066000
2023,성북구,길음2동,8622,21802,10417,11385,1129068500
2023,성북구,월곡1동,10773,25799,12397,13402,1129071500
2023,성북구,월곡2동,9653,19531,9216,10315,1129072500
2023,성북구,장위1동,10596,23607,11430,12177,1129076000
2023,성북구,장위2동,6605,13362,6520,6842,1129077000
2023,성북구,장위3동,6456,15663,7673,7990,1129078000
2023,성북구,성북동,8133,16503,7650,8853,1129052500
2023,성북구,삼선동,11449,22824,10700,12124,1129055500
2023,성북구,동선동,9642,15973,6489,9484,1129057500
2023,성북구,종암동,17028,39766,19357,20409,1129070500
2023,성북구,석관동,16607,34695,17094,17601,1129081000
2023,강북구,계,143560,292977,141185,151792,1130500000
2023,강북구,번1동,10168,17963,8866,9097,1130559500
2023,강북구,번2동,7427,14994,7177,7817,1130560300
2023,강북구,번3동,7665,16420,7627,8793,1130560800
2023,강북구,수유1동,10428,20200,9823,10377,1130561500
2023,강북구,수유2동,9779,20697,9781,10916,1130562500
2023,강북구,수유3동,13533,23954,11591,12363,1130563000
2023,강북구,삼양동,10809,22622,11230,11392,1130553400
2023,강북구,미아동,11651,21546,10216,11330,1130553500
2023,강북구,송중동,13837,29296,14021,15275,1130554500
2023,강북구,송천동,13034,25208,12470,12738,1130555500
2023,강북구,삼각산동,11515,30716,14733,15983,1130557500
2023,강북구,우이동,9553,20000,9541,10459,1130564500
2023,강북구,인수동,14161,29361,14109,15252,1130566000
2023,도봉구,계,138261,309494,149675,159819,1132000000
2023,도봉구,쌍문1동,9386,21085,9939,11146,1132066000
2023,도봉구,쌍문2동,8452,18082,8608,9474,1132067000
2023,도봉구,쌍문3동,8193,16651,7939,8712,1132068000
2023,도봉구,쌍문4동,7095,18120,8544,9576,1132068100
2023,도봉구,방학1동,12917,28005,13824,14181,1132069000
2023,도봉구,방학2동,9131,18739,9452,9287,1132070000
2023,도봉구,방학3동,9921,26155,12645,13510,1132071000
2023,도봉구,창1동,10979,24224,11538,12686,1132051100
2023,도봉구,창2동,12513,28468,13766,14702,1132051200
2023,도봉구,창3동,6418,13297,6602,6695,1132051300
2023,도봉구,창4동,10990,26281,12563,13718,1132051400
2023,도봉구,창5동,10260,24022,11439,12583,1132051500
2023,도봉구,도봉1동,10240,20209,10064,10145,1132052100
2023,도봉구,도봉2동,11766,26156,12752,13404,1132052200
2023,노원구,계,217904,502925,241099,261826,1135000000
2023,노원구,월계1동,9990,21299,10894,10405,1135056000
2023,노원구,월계2동,11695,25643,12290,13353,1135057000
2023,노원구,월계3동,12868,28889,13812,15077,1135058000
2023,노원구,공릉1동,18534,36683,17721,18962,1135059500
2023,노원구,공릉2동,17763,42361,20522,21839,1135060000
2023,노원구,하계1동,12142,26723,12736,13987,1135061100
2023,노원구,하계2동,8210,21369,10157,11212,1135061200
2023,노원구,중계본동,8147,23131,11198,11933,1135061900
2023,노원구,중계1동,8926,26425,12884,13541,1135062100
2023,노원구,중계4동,8213,19306,9299,10007,1135062400
2023,노원구,상계1동,15538,36995,17754,19241,1135063000
2023,노원구,상계2동,8555,19266,9491,9775,1135064000
2023,노원구,상계5동,10913,23157,11214,11943,1135067000
2023,노원구,상계8동,9127,21892,10392,11500,1135070000
2023,노원구,상계9동,8355,19751,9243,10508,1135071000
2023,노원구,상계10동,7646,18246,8381,9865,1135072000
2023,노원구,중계2.3동,14979,32618,14868,17750,1135062500
2023,노원구,상계3.4동,12413,27606,13712,13894,1135066500
2023,노원구,상계6.7동,13890,31565,14531,17034,1135069500
2023,은평구,계,215721,470869,223330,247539,1138000000
2023,은평구,녹번동,17628,36511,17121,19390,1138051000
2023,은평구,불광1동,17671,37694,17693,20001,1138052000
2023,은평구,불광2동,14076,26972,12941,14031,1138053000
2023,은평구,갈현1동,7351,14644,7100,7544,1138055100
2023,은평구,갈현2동,12541,27714,13064,14650,1138055200
2023,은평구,구산동,13484,31663,15369,16294,1138056000
2023,은평구,대조동,15352,27758,12781,14977,1138057000
2023,은평구,응암1동,15091,32969,15381,17588,1138058000
2023,은평구,응암2동,11025,27544,13281,14263,1138059000
2023,은평구,응암3동,12511,23822,11441,12381,1138060000
2023,은평구,신사1동,12066,26688,12771,13917,1138063100
2023,은평구,신사2동,8718,19101,9435,9666,1138063200
2023,은평구,증산동,7944,18415,8929,9486,1138064000
2023,은평구,수색동,8252,20560,9982,10578,1138065000
2023,은평구,진관동,21370,54607,25383,29224,1138069000
2023,은평구,역촌동,20641,44207,20658,23549,1138062500
2023,서대문구,계,146845,320629,149879,170750,1141000000
2023,서대문구,천연동,7636,16789,7929,8860,1141052000
2023,서대문구,홍제1동,11036,24959,11659,13300,1141062000
2023,서대문구,홍제2동,5749,13281,6207,7074,1141065500
2023,서대문구,홍제3동,8012,17842,8526,9316,1141064000
2023,서대문구,홍은1동,9712,22410,10774,11636,1141066000
2023,서대문구,홍은2동,13177,29394,14001,15393,1141068500
2023,서대문구,남가좌1동,6159,16927,8088,8839,1141069000
2023,서대문구,남가좌2동,13348,30385,14456,15929,1141070000
2023,서대문구,북가좌1동,6784,17678,8427,9251,1141071000
2023,서대문구,북가좌2동,14582,31026,14987,16039,1141072000
2023,서대문구,충현동,10071,20148,9680,10468,1141056500
2023,서대문구,북아현동,7061,15756,7519,8237,1141055500
2023,서대문구,신촌동,14845,26846,10181,16665,1141058500
2023,서대문구,연희동,18673,37188,17445,19743,1141061500
2023,마포구,계,181090,375162,174073,201089,1144000000
2023,마포구,용강동,9282,21642,10203,11439,1144059000
2023,마포구,대흥동,8700,16269,7576,8693,1144060000
2023,마포구,염리동,7786,17664,8259,9405,1144061000
2023,마포구,신수동,10026,22496,10938,11558,1144063000
2023,마포구,서교동,15265,26359,11670,14689,1144066000
2023,마포구,합정동,9201,16717,7669,9048,1144068000
2023,마포구,망원1동,10180,19475,9039,10436,1144069000
2023,마포구,망원2동,8352,18155,8428,9727,1144070000
2023,마포구,연남동,8347,15190,7067,8123,1144071000
2023,마포구,성산1동,9492,18947,8800,10147,1144072000
2023,마포구,성산2동,19481,39099,17317,21782,1144073000
2023,마포구,상암동,12696,30414,14266,16148,1144074000
2023,마포구,도화동,9307,20899,9912,10987,1144058500
2023,마포구,서강동,12159,25405,11972,13433,1144065500
2023,마포구,공덕동,18598,37123,17341,19782,1144056500
2023,마포구,아현동,12218,29308,13616,15692,1144055500
2023,양천구,계,180695,439252,214161,225091,1147000000
2023,양천구,목1동,10351,30419,14618,15801,1147051000
2023,양천구,목2동,13341,29098,14039,15059,1147052000
2023,양천구,목3동,10082,21395,10136,11259,1147053000
2023,양천구,목4동,9976,24619,11976,12643,1147054000
2023,양천구,목5동,13449,40818,20205,20613,1147055000
2023,양천구,신월1동,10057,19683,10082,9601,1147056000
2023,양천구,신월2동,8700,20944,10199,10745,1147057000
2023,양천구,신월3동,7709,14466,7593,6873,1147058000
2023,양천구,신월4동,6839,17555,8512,9043,1147059000
2023,양천구,신월5동,6359,14120,6973,7147,1147060000
2023,양천구,신월6동,5370,13927,6792,7135,1147061000
2023,양천구,신월7동,8996,18811,9118,9693,1147061100
2023,양천구,신정1동,6958,19820,9633,10187,1147062000
2023,양천구,신정2동,6828,18869,9250,9619,1147063000
2023,양천구,신정3동,19728,49890,24109,25781,1147064000
2023,양천구,신정4동,16260,32402,15703,16699,1147065000
2023,양천구,신정6동,8185,23985,11609,12376,1147067000
2023,양천구,신정7동,11507,28431,13614,14817,1147068000
2023,강서구,염창동,16651,41490,19910,21580,1150051000
2023,강서구,등촌1동,14268,25184,11607,13577,1150052000
2023,강서구,등촌2동,8528,19481,9469,10012,1150053000
2023,강서구,등촌3동,15102,29576,13916,15660,1150053500
2023,강서구,화곡본동,17406,33346,16091,17255,1150059000
2023,강서구,화곡1동,28138,51791,25072,26719,1150054000
2023,강서구,화곡2동,8157,17358,8311,9047,1150055000
2023,강서구,화곡3동,9697,21261,10113,11148,1150056000
2023,강서구,화곡4동,9642,20017,9798,10219,1150057000
2023,강서구,화곡6동,13502,26236,12536,13700,1150059100
2023,강서구,화곡8동,11715,23888,11504,12384,1150059300
2023,강서구,가양1동,20926,34145,15314,18831,1150060300
2023,강서구,가양2동,8004,13539,6334,7205,1150060400
2023,강서구,가양3동,7714,14207,6510,7697,1150060500
2023,강서구,발산1동,13570,35955,17007,18948,1150061100
2023,강서구,공항동,13711,30035,15201,14834,1150062000
2023,강서구,방화1동,17203,42283,20628,21655,1150063000
2023,강서구,방화2동,12130,22978,11367,11611,1150064000
2023,강서구,방화3동,11219,22110,10672,11438,1150064100
2023,강서구,우장산동,16801,43946,20978,22968,1150061500
2023,구로구,계,184096,415651,204715,210936,1153000000
2023,구로구,신도림동,14253,36313,17476,18837,1153051000
2023,구로구,구로1동,8354,20705,10095,10610,1153052000
2023,구로구,구로2동,12145,29019,14910,14109,1153053000
2023,구로구,구로3동,13640,25049,12912,12137,1153054000
2023,구로구,구로4동,10352,22557,11090,11467,1153055000
2023,구로구,구로5동,15638,31720,15470,16250,1153056000
2023,구로구,고척1동,11565,26690,13290,13400,1153072000
2023,구로구,고척2동,11480,26250,12929,13321,1153073000
2023,구로구,개봉1동,14966,33907,16808,17099,1153074000
2023,구로구,개봉2동,12320,30158,14593,15565,1153075000
2023,구로구,개봉3동,8689,19985,9696,10289,1153076000
2023,구로구,오류1동,12735,23363,11087,12276,1153077000
2023,구로구,오류2동,15721,37888,18077,19811,1153078000
2023,구로구,수궁동,9944,23109,11314,11795,1153079000
2023,구로구,가리봉동,6041,12458,7002,5456,1153059500
2023,구로구,항동,6253,16480,7966,8514,1153080000
2023,금천구,계,120381,241105,121592,119513,1154500000
2023,금천구,가산동,18138,27152,14689,12463,1154551000
2023,금천구,독산1동,25090,48084,24432,23652,1154561000
2023,금천구,독산2동,9341,19152,9645,9507,1154562000
2023,금천구,독산3동,12863,26903,13640,13263,1154563000
2023,금천구,독산4동,7572,16120,8080,8040,1154564000
2023,금천구,시흥1동,16340,33790,16803,16987,1154567000
2023,금천구,시흥2동,8239,20687,9889,10798,1154568000
2023,금천구,시흥3동,4615,10396,5134,5262,1154569000
2023,금천구,시흥4동,9027,20059,9923,10136,1154570000
2023,금천구,시흥5동,9156,18762,9357,9405,1154571000
2023,영등포구,계,190737,397800,195493,202307,1156000000
2023,영등포구,여의도동,13896,33713,15832,17881,1156054000
2023,영등포구,당산1동,11691,21418,10303,11115,1156055000
2023,영등포구,당산2동,18887,37113,17290,19823,1156056000
2023,영등포구,양평1동,9923,18422,8832,9590,1156061000
2023,영등포구,양평2동,11100,22758,11089,11669,1156062000
2023,영등포구,신길1동,11618,20653,10483,10170,1156063000
2023,영등포구,신길3동,7528,16961,8364,8597,1156065000
2023,영등포구,신길4동,5723,12919,6410,6509,1156066000
2023,영등포구,신길5동,4560,10912,5294,5618,1156067000
2023,영등포구,신길6동,8719,18369,8952,9417,1156068000
2023,영등포구,신길7동,7896,19985,9927,10058,1156069000
2023,영등포구,대림1동,6871,16164,8137,8027,1156070000
2023,영등포구,대림2동,6907,17575,8914,8661,1156071000
2023,영등포구,대림3동,10373,25027,12558,12469,1156072000
2023,영등포구,영등포본동,10414,22536,11516,11020,1156051500
2023,영등포구,영등포동,21832,31413,16006,15407,1156053500
2023,영등포구,도림동,9632,19520,9858,9662,1156058500
2023,영등포구,문래동,13167,32342,15728,16614,1156060500
2023,동작구,계,186675,389714,187623,202091,1159000000
2023,동작구,노량진1동,16927,32715,16548,16167,1159051000
2023,동작구,노량진2동,6727,11075,5782,5293,1159052000
2023,동작구,상도1동,22636,46451,22166,24285,1159053000
2023,동작구,상도2동,12492,27822,13270,14552,1159054000
2023,동작구,상도3동,12210,24297,11545,12752,1159055000
2023,동작구,상도4동,14094,28051,13556,14495,1159056000
2023,동작구,사당1동,13851,23008,11049,11959,1159062000
2023,동작구,사당2동,12562,28478,13654,14824,1159063000
2023,동작구,사당3동,10447,23940,11556,12384,1159064000
2023,동작구,사당4동,7277,14007,6692,7315,1159065000
2023,동작구,사당5동,6720,14269,6806,7463,1159065100
2023,동작구,대방동,16678,35989,16952,19037,1159066000
2023,동작구,신대방1동,10438,25100,12109,12991,1159067000
2023,동작구,신대방2동,10635,22281,10660,11621,1159068000
2023,동작구,흑석동,12981,32231,15278,16953,1159060500
2023,관악구,계,284578,497883,249026,248857,1162000000
2023,관악구,남현동,9891,17888,8636,9252,1162063000
2023,관악구,보라매동,13010,24272,11979,12293,1162052500
2023,관악구,청림동,6408,14828,7148,7680,1162054500
2023,관악구,행운동,18251,29418,14161,15257,1162057500
2023,관악구,낙성대동,11966,17863,8875,8988,1162058500
2023,관악구,중앙동,10187,15572,7464,8108,1162061500
2023,관악구,인헌동,14825,25849,12456,13393,1162062500
2023,관악구,서원동,15114,23690,12301,11389,1162064500
2023,관악구,신원동,11221,18399,9315,9084,1162065500
2023,관악구,서림동,15176,24594,13469,11125,1162066500
2023,관악구,신사동,14436,24414,12193,12221,1162068500
2023,관악구,신림동,18934,23767,12486,11281,1162069500
2023,관악구,난향동,6180,14859,7267,7592,1162071500
2023,관악구,조원동,12243,21077,10497,10580,1162072500
2023,관악구,대학동,17439,27093,15820,11273,1162073500
2023,관악구,은천동,16078,32902,16044,16858,1162060500
2023,관악구,성현동,12217,28461,13687,14774,1162056500
2023,관악구,청룡동,24220,36872,17604,19268,1162059500
2023,관악구,난곡동,12838,25807,12880,12927,1162077500
2023,관악구,삼성동,9688,20130,9995,10135,1162074500
2023,관악구,미성동,14256,30128,14749,15379,1162076500
2023,서초구,계,169884,412078,196391,215687,1165000000
2023,서초구,서초1동,9402,20352,9832,10520,1165051000
2023,서초구,서초2동,11370,25140,11908,13232,1165052000
2023,서초구,서초3동,15326,32384,15354,17030,1165053000
2023,서초구,서초4동,10709,30558,14936,15622,1165053100
2023,서초구,잠원동,10743,27015,13004,14011,1165054000
2023,서초구,반포본동,113,241,110,131,1165055000
2023,서초구,반포1동,14688,34190,16662,17528,1165056000
2023,서초구,반포2동,7600,23436,11125,12311,1165057000
2023,서초구,반포3동,8201,23845,11311,12534,1165058000
2023,서초구,반포4동,7025,19229,9060,10169,1165058100
2023,서초구,방배본동,7928,20575,9500,11075,1165059000
2023,서초구,방배1동,7477,16644,7755,8889,1165060000
2023,서초구,방배2동,7856,18171,8486,9685,1165061000
2023,서초구,방배3동,5908,16058,7638,8420,1165062000
2023,서초구,방배4동,9574,23108,10480,12628,1165062100
2023,서초구,양재1동,17812,42333,20080,22253,1165065100
2023,서초구,양재2동,10999,21545,10794,10751,1165065200
2023,서초구,내곡동,7153,17254,8356,8898,1165066000
2023,강남구,계,239775,550282,262991,287291,1168000000
2023,강남구,신사동,6723,15681,7323,8358,1168051000
2023,강남구,논현1동,13567,21759,10209,11550,1168052100
2023,강남구,논현2동,11233,20774,9613,11161,1168053100
2023,강남구,삼성1동,5238,12384,6101,6283,1168058000
2023,강남구,삼성2동,13833,30888,14826,16062,1168059000
2023,강남구,대치1동,7226,23934,11988,11946,1168060000
2023,강남구,대치2동,13302,38417,19529,18888,1168061000
2023,강남구,대치4동,9748,18929,8997,9932,1168063000
2023,강남구,역삼1동,23580,35326,17185,18141,1168064000
2023,강남구,역삼2동,15647,36748,17134,19614,1168065000
2023,강남구,도곡1동,8226,20701,9820,10881,1168065500
2023,강남구,도곡2동,11470,32738,15191,17547,1168065600
2023,강남구,개포1동,4369,11907,5756,6151,1168066000
2023,강남구,개포2동,14816,41804,20214,21590,1168067000
2023,강남구,개포3동,7379,16894,8176,8718,1168068000
2023,강남구,개포4동,10049,23384,11240,12144,1168069000
2023,강남구,일원본동,7995,22832,11255,11577,1168072000
2023,강남구,일원1동,7438,14711,7101,7610,1168073000
2023,강남구,수서동,7719,14090,6338,7752,1168075000
2023,강남구,세곡동,19386,45724,21414,24310,1168070000
2023,강남구,압구정동,10001,25755,11934,13821,1168054500
2023,강남구,청담동,10830,24902,11647,13255,1168056500
2023,송파구,계,285927,660025,316981,343044,1171000000
2023,송파구,풍납1동,5594,12286,6040,6246,1171051000
2023,송파구,풍납2동,10610,23918,11269,12649,1171052000
2023,송파구,거여1동,5573,12100,6042,6058,1171053100
2023,송파구,거여2동,10082,23653,11526,12127,1171053200
2023,송파구,마천1동,8568,18137,9268,8869,1171054000
2023,송파구,마천2동,8517,17743,9053,8690,1171055000
2023,송파구,방이1동,6108,15231,7327,7904,1171056100
2023,송파구,방이2동,15769,26833,12226,14607,1171056200
2023,송파구,오륜동,5896,17818,8736,9082,1171056600
2023,송파구,오금동,15612,37669,18195,19474,1171057000
2023,송파구,송파1동,12491,23654,10968,12686,1171058000
2023,송파구,송파2동,7126,18674,9006,9668,1171059000
2023,송파구,석촌동,17057,31333,14819,16514,1171060000
2023,송파구,삼전동,16130,29451,13700,15751,1171061000
2023,송파구,가락본동,11576,25489,12604,12885,1171062000
2023,송파구,가락1동,9801,27673,13390,14283,1171063100
2023,송파구,가락2동,12378,31386,15283,16103,1171063200
2023,송파구,문정1동,8512,19673,9722,9951,1171064100
2023,송파구,문정2동,15851,28972,13273,15699,1171064200
2023,송파구,장지동,12074,28672,13794,14878,1171064600
2023,송파구,잠실본동,16089,28300,13469,14831,1171065000
2023,송파구,잠실2동,11541,35005,16764,18241,1171067000
2023,송파구,잠실3동,11817,33948,16028,17920,1171068000
2023,송파구,잠실4동,7241,21271,10247,11024,1171069000
2023,송파구,잠실6동,5832,16657,7905,8752,1171071000
2023,송파구,잠실7동,3365,9434,4389,5045,1171072000
2023,송파구,위례동,14717,45045,21938,23107,1171064700
2023,강동구,강일동,13496,34283,16372,17911,1174051500
2023,강동구,명일1동,10028,25383,12401,12982,1174053000
2023,강동구,명일2동,6426,17101,8325,8776,1174054000
2023,강동구,고덕1동,8184,24070,12257,11813,1174055000
2023,강동구,고덕2동,8976,22942,11563,11379,1174056000
2023,강동구,암사1동,16043,34015,16806,17209,1174057000
2023,강동구,암사2동,6403,14950,7209,7741,1174058000
2023,강동구,암사3동,6093,17220,8449,8771,1174059000
2023,강동구,천호1동,12950,26265,12872,13393,1174060000
2023,강동구,천호2동,17483,33425,16274,17151,1174061000
2023,강동구,천호3동,14433,26539,12819,13720,1174062000
2023,강동구,성내1동,8211,19542,9332,10210,1174064000
2023,강동구,성내2동,13434,24065,11729,12336,1174065000
2023,강동구,성내3동,10648,22772,11097,11675,1174066000
2023,강동구,둔촌1동,33,61,33,28,1174069000
2023,강동구,둔촌2동,10457,24417,11938,12479,1174070000
2023,강동구,길동,22019,45042,21897,23145,1174068500
2023,강동구,상일1동,13610,39440,19393,20047,1174052500
2023,강동구,상일2동,4807,11786,5471,6315,1174052600
2024,계,계,4482063,9597372,4619963,4977409,1100000000
2024,종로구,계,72166,149608,71365,78243,1111000000
2024,종로구,사직동,4557,9208,4105,5103,1111053000
2024,종로구,삼청동,1107,2460,1191,1269,1111054000
2024,종로구,부암동,4135,9318,4371,4947,1111055000
2024,종로구,평창동,7134,17454,8103,9351,1111056000
2024,종로구,무악동,2986,7867,3604,4263,1111057000
2024,종로구,교남동,4302,9713,4480,5233,1111058000
2024,종로구,가회동,1875,3882,1825,2057,1111060000
2024,종로구,종로1.2.3.4가동,4898,8549,4931,3618,1111061500
2024,종로구,종로5.6가동,3533,5852,3056,2796,1111063000
2024,종로구,이화동,4350,7533,3480,4053,1111064000
2024,종로구,혜화동,9138,19023,8591,10432,1111065000
2024,종로구,창신1동,2653,5423,2851,2572,1111067000
2024,종로구,창신2동,3910,8574,4407,4167,1111068000
2024,종로구,창신3동,2731,6446,3184,3262,1111069000
2024,종로구,숭인1동,2992,6075,2913,3162,1111070000
2024,종로구,숭인2동,6911,11073,5176,5897,1111071000
2024,종로구,청운효자동,4954,11158,5097,6061,1111051500
2024,중구,계,64995,131214,62924,68290,1114000000
2024,중구,소공동,1243,3495,1717,1778,1114052000
2024,중구,회현동,2480,4979,2581,2398,1114054000
2024,중구,명동,1331,3381,1475,1906,1114055000
2024,중구,필동,2780,5328,2614,2714,1114057000
2024,중구,장충동,2864,5499,2772,2727,1114058000
2024,중구,광희동,3949,7088,3437,3651,1114059000
2024,중구,을지로동,2113,3449,1841,1608,1114060500
2024,중구,신당5동,5412,10443,5042,5401,1114065000
2024,중구,황학동,7859,13991,6530,7461,1114067000
2024,중구,중림동,5946,12405,6034,6371,1114068000
2024,중구,신당동,4706,8862,4234,4628,1114061500
2024,중구,다산동,6724,13510,6507,7003,1114062500
2024,중구,약수동,7711,16167,7434,8733,1114063500
2024,중구,청구동,5896,12626,5911,6715,1114064500
2024,중구,동화동,3981,9991,4795,5196,1114066500
2024,용산구,계,103241,217194,104540,112654,1117000000
2024,용산구,후암동,8272,16283,7838,8445,1117051000
2024,용산구,용산2가동,4985,10104,4942,5162,1117052000
2024,용산구,남영동,4804,7258,4374,2884,1117053000
2024,용산구,원효로1동,9347,17764,8261,9503,1117056000
2024,용산구,원효로2동,6280,13652,6414,7238,1117057000
2024,용산구,효창동,4692,10646,4975,5671,1117058000
2024,용산구,용문동,5271,11268,5305,5963,1117059000
2024,용산구,이촌1동,9094,25493,11977,13516,1117063000
2024,용산구,이촌2동,3568,7773,3624,4149,1117064000
2024,용산구,이태원1동,3416,7640,4046,3594,1117065000
2024,용산구,이태원2동,4786,10039,4819,5220,1117066000
2024,용산구,서빙고동,5101,13175,6370,6805,1117069000
2024,용산구,보광동,4099,8167,4281,3886,1117070000
2024,용산구,청파동,11143,19343,8830,10513,1117055500
2024,용산구,한강로동,11223,22642,10825,11817,1117062500
2024,용산구,한남동,7160,15947,7659,8288,1117068500
2024,성동구,계,131953,281289,135575,145714,1120000000
2024,성동구,왕십리2동,7373,16333,7784,8549,1120052000
2024,성동구,마장동,10795,22074,10742,11332,1120054000
2024,성동구,사근동,8192,14134,7031,7103,1120055000
2024,성동구,행당1동,6505,14032,6641,7391,1120056000
2024,성동구,행당2동,9183,22716,10588,12128,1120057000
2024,성동구,응봉동,5909,14798,7013,7785,1120058000
2024,성동구,금호1가동,6429,14680,6957,7723,1120059000
2024,성동구,금호4가동,6395,14235,6716,7519,1120062000
2024,성동구,성수1가1동,7377,15501,7687,7814,1120065000
2024,성동구,성수1가2동,5825,11927,5791,6136,1120066000
2024,성동구,성수2가1동,7472,14610,7530,7080,1120067000
2024,성동구,성수2가3동,5012,9884,4900,4984,1120069000
2024,성동구,송정동,5259,9900,5169,4731,1120072000
2024,성동구,용답동,7831,13044,6617,6427,1120079000
2024,성동구,왕십리도선동,12128,26544,12434,14110,1120053500
2024,성동구,금호2.3가동,9554,21329,10131,11198,1120061500
2024,성동구,옥수동,10714,25548,11844,13704,1120064500
2024,광진구,계,169931,348652,166045,182607,1121500000
2024,광진구,화양동,18011,27761,12399,15362,1121571000
2024,광진구,군자동,11223,21431,10454,10977,1121573000
2024,광진구,중곡1동,8673,15612,7403,8209,1121574000
2024,광진구,중곡2동,10548,20540,9635,10905,1121575000
2024,광진구,중곡3동,8473,15692,7710,7982,1121576000
2024,광진구,중곡4동,13001,27724,13462,14262,1121577000
2024,광진구,능동,6452,11354,5231,6123,1121578000
2024,광진구,구의1동,13191,23676,11181,12495,1121585000
2024,광진구,구의2동,11471,25925,12291,13634,1121586000
2024,광진구,구의3동,12040,27903,13135,14768,1121587000
2024,광진구,광장동,11863,34040,16398,17642,1121581000
2024,광진구,자양1동,12090,22694,10969,11725,1121582000
2024,광진구,자양2동,10953,23716,11453,12263,1121583000
2024,광진구,자양3동,10998,27339,13069,14270,1121584000
2024,광진구,자양4동,10944,23245,11255,11990,1121584700
2024,동대문구,계,172840,358603,173000,185603,1123000000
2024,동대문구,전농1동,16531,33761,16665,17096,1123056000
2024,동대문구,전농2동,7464,18117,8545,9572,1123057000
2024,동대문구,답십리1동,12992,28279,13496,14783,1123060000
2024,동대문구,답십리2동,12391,27438,13110,14328,1123061000
2024,동대문구,장안1동,18321,37868,18535,19333,1123065000
2024,동대문구,장안2동,14647,33304,16370,16934,1123066000
2024,동대문구,회기동,6552,13517,6016,7501,1123071000
2024,동대문구,휘경1동,7583,16027,7129,8898,1123072000
2024,동대문구,휘경2동,12742,25247,12387,12860,1123073000
2024,동대문구,이문1동,10075,20300,9581,10719,1123074000
2024,동대문구,이문2동,8518,19732,9474,10258,1123075000
2024,동대문구,청량리동,10059,19130,9357,9773,1123070500
2024,동대문구,용신동,21879,40422,19707,20715,1123053600
2024,동대문구,제기동,13086,25461,12628,12833,1123054500
2024,중랑구,계,188651,385349,187910,197439,1126000000
2024,중랑구,면목2동,12159,23648,11660,11988,1126052000
2024,중랑구,면목4동,8918,18256,9045,9211,1126054000
2024,중랑구,면목5동,6344,14376,7092,7284,1126055000
2024,중랑구,면목7동,10512,21381,10547,10834,1126057000
2024,중랑구,상봉1동,10081,23000,11147,11853,1126058000
2024,중랑구,상봉2동,13111,21381,9999,11382,1126059000
2024,중랑구,중화1동,8858,18573,9144,9429,1126060000
2024,중랑구,중화2동,13422,24015,12219,11796,1126061000
2024,중랑구,묵1동,14912,33549,15942,17607,1126062000
2024,중랑구,묵2동,9182,18245,8925,9320,1126063000
2024,중랑구,망우3동,8166,15902,7902,8000,1126066000
2024,중랑구,신내1동,14723,37308,17916,19392,1126068000
2024,중랑구,신내2동,8872,19417,9132,10285,1126069000
2024,중랑구,면목본동,17812,33216,16267,16949,1126056500
2024,중랑구,면목3.8동,12724,24398,11992,12406,1126057500
2024,중랑구,망우본동,18855,38684,18981,19703,1126065500
2024,성북구,계,196485,435037,206945,228092,1129000000
2024,성북구,돈암1동,6010,14146,6612,7534,1129058000
2024,성북구,돈암2동,8531,23351,11036,12315,1129059000
2024,성북구,안암동,10082,17792,8507,9285,1129060000
2024,성북구,보문동,8128,16482,7887,8595,1129061000
2024,성북구,정릉1동,7281,17850,8503,9347,1129062000
2024,성북구,정릉2동,9780,22428,10713,11715,1129063000
2024,성북구,정릉3동,7959,15893,7745,8148,1129064000
2024,성북구,정릉4동,10769,24422,11547,12875,1129065000
2024,성북구,길음1동,12820,35706,16873,18833,1129066000
2024,성북구,길음2동,8478,21518,10283,11235,1129068500
2024,성북구,월곡1동,10690,25434,12208,13226,1129071500
2024,성북구,월곡2동,9580,19434,9157,10277,1129072500
2024,성북구,장위1동,10579,23300,11301,11999,1129076000
2024,성북구,장위2동,6554,13142,6414,6728,1129077000
2024,성북구,장위3동,6417,15520,7562,7958,1129078000
2024,성북구,성북동,8086,16401,7645,8756,1129052500
2024,성북구,삼선동,11431,22569,10586,11983,1129055500
2024,성북구,동선동,9734,15985,6364,9621,1129057500
2024,성북구,종암동,16929,39230,19096,20134,1129070500
2024,성북구,석관동,16647,34434,16906,17528,1129081000
2024,강북구,계,143063,289374,138730,150644,1130500000
2024,강북구,번1동,9652,17035,8318,8717,1130559500
2024,강북구,번2동,7418,14697,7003,7694,1130560300
2024,강북구,번3동,7632,16087,7437,8650,1130560800
2024,강북구,수유1동,10479,20036,9693,10343,1130561500
2024,강북구,수유2동,9728,20450,9668,10782,1130562500
2024,강북구,수유3동,13628,23936,11489,12447,1130563000
2024,강북구,삼양동,11482,24173,11911,12262,1130553400
2024,강북구,미아동,11734,21400,10097,11303,1130553500
2024,강북구,송중동,13691,28643,13599,15044,1130554500
2024,강북구,송천동,12395,23828,11760,12068,1130555500
2024,강북구,삼각산동,11510,30372,14576,15796,1130557500
2024,강북구,우이동,9600,19805,9383,10422,1130564500
2024,강북구,인수동,14114,28912,13796,15116,1130566000
2024,도봉구,계,138759,306032,147685,158347,1132000000
2024,도봉구,쌍문1동,9556,21042,9878,11164,1132066000
2024,도봉구,쌍문2동,8416,17816,8497,9319,1132067000
2024,도봉구,쌍문3동,8182,16416,7783,8633,1132068000
2024,도봉구,쌍문4동,7106,17927,8419,9508,1132068100
2024,도봉구,방학1동,12900,27540,13562,13978,1132069000
2024,도봉구,방학2동,9101,18303,9164,9139,1132070000
2024,도봉구,방학3동,9915,25917,12530,13387,1132071000
2024,도봉구,창1동,10943,23946,11386,12560,1132051100
2024,도봉구,창2동,12569,28001,13523,14478,1132051200
2024,도봉구,창3동,6365,13019,6466,6553,1132051300
2024,도봉구,창4동,11300,26405,12582,13823,1132051400
2024,도봉구,창5동,10308,23772,11251,12521,1132051500
2024,도봉구,도봉1동,10206,19780,9868,9912,1132052100
2024,도봉구,도봉2동,11892,26148,12776,13372,1132052200
2024,노원구,계,217743,496552,237632,258920,1135000000
2024,노원구,월계1동,9998,21162,10792,10370,1135056000
2024,노원구,월계2동,11663,25359,12124,13235,1135057000
2024,노원구,월계3동,12870,28430,13552,14878,1135058000
2024,노원구,공릉1동,18664,36339,17487,18852,1135059500
2024,노원구,공릉2동,17938,42337,20383,21954,1135060000
2024,노원구,하계1동,12260,26430,12599,13831,1135061100
2024,노원구,하계2동,8133,20926,9945,10981,1135061200
2024,노원구,중계본동,7964,22671,10984,11687,1135061900
2024,노원구,중계1동,8922,26260,12776,13484,1135062100
2024,노원구,중계4동,8177,19064,9226,9838,1135062400
2024,노원구,상계1동,15544,36588,17568,19020,1135063000
2024,노원구,상계2동,8500,19053,9374,9679,1135064000
2024,노원구,상계5동,10896,22752,11039,11713,1135067000
2024,노원구,상계8동,9106,21594,10241,11353,1135070000
2024,노원구,상계9동,8341,19317,8995,10322,1135071000
2024,노원구,상계10동,7610,17972,8254,9718,1135072000
2024,노원구,중계2.3동,14826,31858,14429,17429,1135062500
2024,노원구,상계3.4동,12432,27266,13523,13743,1135066500
2024,노원구,상계6.7동,13899,31174,14341,16833,1135069500
2024,은평구,계,215305,465350,219994,245356,1138000000
2024,은평구,녹번동,17481,35987,16761,19226,1138051000
2024,은평구,불광1동,17972,37564,17586,19978,1138052000
2024,은평구,불광2동,14135,26813,12855,13958,1138053000
2024,은평구,갈현1동,7220,14326,6882,7444,1138055100
2024,은평구,갈현2동,12753,27577,12941,14636,1138055200
2024,은평구,구산동,13499,31254,15132,16122,1138056000
2024,은평구,대조동,15533,27647,12694,14953,1138057000
2024,은평구,응암1동,15059,32546,15127,17419,1138058000
2024,은평구,응암2동,10994,27353,13185,14168,1138059000
2024,은평구,응암3동,12551,23656,11378,12278,1138060000
2024,은평구,신사1동,11973,26253,12492,13761,1138063100
2024,은평구,신사2동,8688,18887,9287,9600,1138063200
2024,은평구,증산동,6857,15994,7733,8261,1138064000
2024,은평구,수색동,8522,21348,10283,11065,1138065000
2024,은평구,진관동,21183,53720,24880,28840,1138069000
2024,은평구,역촌동,20885,44425,20778,23647,1138062500
2024,서대문구,계,146221,318622,148227,170395,1141000000
2024,서대문구,천연동,7644,16726,7897,8829,1141052000
2024,서대문구,홍제1동,11072,24825,11603,13222,1141062000
2024,서대문구,홍제2동,5420,12446,5801,6645,1141065500
2024,서대문구,홍제3동,7964,17617,8400,9217,1141064000
2024,서대문구,홍은1동,9666,22261,10673,11588,1141066000
2024,서대문구,홍은2동,13027,29229,13813,15416,1141068500
2024,서대문구,남가좌1동,6167,16913,8058,8855,1141069000
2024,서대문구,남가좌2동,13281,30335,14308,16027,1141070000
2024,서대문구,북가좌1동,6752,17537,8375,9162,1141071000
2024,서대문구,북가좌2동,14504,30554,14698,15856,1141072000
2024,서대문구,충현동,9979,19929,9556,10373,1141056500
2024,서대문구,북아현동,7075,15707,7540,8167,1141055500
2024,서대문구,신촌동,15027,27493,10222,17271,1141058500
2024,서대문구,연희동,18643,37050,17283,19767,1141061500
2024,마포구,계,181135,372745,172405,200340,1144000000
2024,마포구,용강동,9258,21663,10125,11538,1144059000
2024,마포구,대흥동,8642,16139,7500,8639,1144060000
2024,마포구,염리동,7736,17698,8243,9455,1144061000
2024,마포구,신수동,10087,22549,10955,11594,1144063000
2024,마포구,서교동,15199,25986,11480,14506,1144066000
2024,마포구,합정동,9109,16394,7503,8891,1144068000
2024,마포구,망원1동,10081,19075,8802,10273,1144069000
2024,마포구,망원2동,8298,17760,8234,9526,1144070000
2024,마포구,연남동,8346,15045,6938,8107,1144071000
2024,마포구,성산1동,9572,18893,8711,10182,1144072000
2024,마포구,성산2동,19676,38913,17176,21737,1144073000
2024,마포구,상암동,12746,30191,14119,16072,1144074000
2024,마포구,도화동,9315,20761,9825,10936,1144058500
2024,마포구,서강동,12207,25233,11933,13300,1144065500
2024,마포구,공덕동,18472,36784,17118,19666,1144056500
2024,마포구,아현동,12391,29661,13743,15918,1144055500
2024,양천구,계,180209,434351,211560,222791,1147000000
2024,양천구,목1동,10338,30286,14487,15799,1147051000
2024,양천구,목2동,13281,28657,13813,14844,1147052000
2024,양천구,목3동,10118,21111,10018,11093,1147053000
2024,양천구,목4동,9972,24339,11839,12500,1147054000
2024,양천구,목5동,13481,40741,20187,20554,1147055000
2024,양천구,신월1동,9884,19208,9845,9363,1147056000
2024,양천구,신월2동,8667,20737,10111,10626,1147057000
2024,양천구,신월3동,7613,14239,7476,6763,1147058000
2024,양천구,신월4동,6813,17230,8350,8880,1147059000
2024,양천구,신월5동,6380,14028,6928,7100,1147060000
2024,양천구,신월6동,5363,13804,6734,7070,1147061000
2024,양천구,신월7동,9022,18400,8916,9484,1147061100
2024,양천구,신정1동,6928,19684,9539,10145,1147062000
2024,양천구,신정2동,6802,18651,9149,9502,1147063000
2024,양천구,신정3동,19550,48956,23574,25382,1147064000
2024,양천구,신정4동,16368,32111,15499,16612,1147065000
2024,양천구,신정6동,8177,23989,11611,12378,1147067000
2024,양천구,신정7동,11452,28180,13484,14696,1147068000
2024,강서구,계,273911,562194,268770,293424,1150000000
2024,강서구,염창동,16672,41330,19808,21522,1150051000
2024,강서구,등촌1동,14397,25246,11599,13647,1150052000
2024,강서구,등촌2동,8587,19327,9427,9900,1150053000
2024,강서구,등촌3동,15132,29206,13669,15537,1150053500
2024,강서구,화곡본동,17197,32645,15759,16886,1150059000
2024,강서구,화곡1동,27908,50943,24578,26365,1150054000
2024,강서구,화곡2동,8156,17146,8214,8932,1150055000
2024,강서구,화곡3동,9656,20905,9941,10964,1150056000
2024,강서구,화곡4동,9570,19501,9492,10009,1150057000
2024,강서구,화곡6동,13519,25955,12379,13576,1150059100
2024,강서구,화곡8동,11481,23159,11138,12021,1150059300
2024,강서구,가양1동,21064,33937,15219,18718,1150060300
2024,강서구,가양2동,7962,13248,6217,7031,1150060400
2024,강서구,가양3동,7643,13801,6366,7435,1150060500
2024,강서구,발산1동,13573,35471,16763,18708,1150061100
2024,강서구,공항동,13929,30044,15169,14875,1150062000
2024,강서구,방화1동,17168,41737,20357,21380,1150063000
2024,강서구,방화2동,12352,23115,11416,11699,1150064000
2024,강서구,방화3동,11132,21798,10449,11349,1150064100
2024,강서구,우장산동,16813,43680,20810,22870,1150061500
2024,구로구,계,183891,411916,202710,209206,1153000000
2024,구로구,신도림동,14405,36327,17468,18859,1153051000
2024,구로구,구로1동,8409,20599,10013,10586,1153052000
2024,구로구,구로2동,12110,28743,14801,13942,1153053000
2024,구로구,구로3동,13562,24720,12733,11987,1153054000
2024,구로구,구로4동,10197,22118,10860,11258,1153055000
2024,구로구,구로5동,15734,31697,15543,16154,1153056000
2024,구로구,고척1동,11663,26775,13350,13425,1153072000
2024,구로구,고척2동,11403,25885,12697,13188,1153073000
2024,구로구,개봉1동,15119,33922,16783,17139,1153074000
2024,구로구,개봉2동,12181,29644,14327,15317,1153075000
2024,구로구,개봉3동,8632,19761,9553,10208,1153076000
2024,구로구,오류1동,12830,23270,11059,12211,1153077000
2024,구로구,오류2동,15390,36714,17439,19275,1153078000
2024,구로구,수궁동,9988,22873,11159,11714,1153079000
2024,구로구,가리봉동,6025,12450,6967,5483,1153059500
2024,구로구,항동,6243,16418,7958,8460,1153080000
2024,금천구,계,121075,239070,120506,118564,1154500000
2024,금천구,가산동,18421,27368,14760,12608,1154551000
2024,금천구,독산1동,26004,49008,24817,24191,1154561000
2024,금천구,독산2동,9331,18793,9431,9362,1154562000
2024,금천구,독산3동,12683,26288,13417,12871,1154563000
2024,금천구,독산4동,7475,15840,7960,7880,1154564000
2024,금천구,시흥1동,16417,33414,16621,16793,1154567000
2024,금천구,시흥2동,8152,20334,9736,10598,1154568000
2024,금천구,시흥3동,4673,10314,5083,5231,1154569000
2024,금천구,시흥4동,8880,19442,9623,9819,1154570000
2024,금천구,시흥5동,9039,18269,9058,9211,1154571000
2024,영등포구,계,192199,397173,194864,202309,1156000000
2024,영등포구,여의도동,14151,34282,16135,18147,1156054000
2024,영등포구,당산1동,11866,21631,10380,11251,1156055000
2024,영등포구,당산2동,18852,36863,17166,19697,1156056000
2024,영등포구,양평1동,10042,18496,8804,9692,1156061000
2024,영등포구,양평2동,11337,22938,11073,11865,1156062000
2024,영등포구,신길1동,11614,20420,10380,10040,1156063000
2024,영등포구,신길3동,7609,16901,8364,8537,1156065000
2024,영등포구,신길4동,5683,12609,6215,6394,1156066000
2024,영등포구,신길5동,4445,10639,5237,5402,1156067000
2024,영등포구,신길6동,9138,18597,9016,9581,1156068000
2024,영등포구,신길7동,7876,19830,9823,10007,1156069000
2024,영등포구,대림1동,6853,16031,8034,7997,1156070000
2024,영등포구,대림2동,6872,17522,8876,8646,1156071000
2024,영등포구,대림3동,10251,24624,12397,12227,1156072000
2024,영등포구,영등포본동,10334,22306,11418,10888,1156051500
2024,영등포구,영등포동,22442,32136,16215,15921,1156053500
2024,영등포구,도림동,9817,19611,9904,9707,1156058500
2024,영등포구,문래동,13017,31737,15427,16310,1156060500
2024,동작구,계,186950,387352,186226,201126,1159000000
2024,동작구,노량진1동,17696,33626,17022,16604,1159051000
2024,동작구,노량진2동,5637,8938,4706,4232,1159052000
2024,동작구,상도1동,22760,46256,22039,24217,1159053000
2024,동작구,상도2동,12454,27632,13094,14538,1159054000
2024,동작구,상도3동,12182,24047,11414,12633,1159055000
2024,동작구,상도4동,14760,29339,14140,15199,1159056000
2024,동작구,사당1동,13933,22821,10941,11880,1159062000
2024,동작구,사당2동,12508,28188,13506,14682,1159063000
2024,동작구,사당3동,10375,23701,11439,12262,1159064000
2024,동작구,사당4동,7327,13881,6622,7259,1159065000
2024,동작구,사당5동,6715,14191,6773,7418,1159065100
2024,동작구,대방동,16526,35337,16601,18736,1159066000
2024,동작구,신대방1동,10454,24929,12071,12858,1159067000
2024,동작구,신대방2동,10654,22106,10561,11545,1159068000
2024,동작구,흑석동,12969,32360,15297,17063,1159060500
2024,관악구,계,285963,495620,247531,248089,1162000000
2024,관악구,남현동,9910,17724,8565,9159,1162063000
2024,관악구,보라매동,12977,23850,11640,12210,1162052500
2024,관악구,청림동,6392,14672,7006,7666,1162054500
2024,관악구,행운동,18256,29316,14052,15264,1162057500
2024,관악구,낙성대동,12229,18013,9014,8999,1162058500
2024,관악구,중앙동,10360,15561,7364,8197,1162061500
2024,관악구,인헌동,14708,25434,12273,13161,1162062500
2024,관악구,서원동,15372,23874,12382,11492,1162064500
2024,관악구,신원동,11305,18316,9275,9041,1162065500
2024,관악구,서림동,15259,24669,13480,11189,1162066500
2024,관악구,신사동,14634,24405,12106,12299,1162068500
2024,관악구,신림동,19187,24050,12723,11327,1162069500
2024,관악구,난향동,6172,14739,7185,7554,1162071500
2024,관악구,조원동,12347,21097,10435,10662,1162072500
2024,관악구,대학동,17736,27940,16321,11619,1162073500
2024,관악구,은천동,16060,32397,15816,16581,1162060500
2024,관악구,성현동,12200,28119,13536,14583,1162056500
2024,관악구,청룡동,24412,37009,17645,19364,1162059500
2024,관악구,난곡동,12804,25269,12551,12718,1162077500
2024,관악구,삼성동,9558,19667,9741,9926,1162074500
2024,관악구,미성동,14085,29499,14421,15078,1162076500
2024,서초구,계,170681,413076,196407,216669,1165000000
2024,서초구,서초1동,9518,20408,9785,10623,1165051000
2024,서초구,서초2동,11404,25129,11821,13308,1165052000
2024,서초구,서초3동,15411,32370,15322,17048,1165053000
2024,서초구,서초4동,10674,30533,14880,15653,1165053100
2024,서초구,잠원동,10646,26958,13010,13948,1165054000
2024,서초구,반포본동,110,235,106,129,1165055000
2024,서초구,반포1동,14621,34144,16623,17521,1165056000
2024,서초구,반포2동,8536,26603,12622,13981,1165057000
2024,서초구,반포3동,8261,24024,11426,12598,1165058000
2024,서초구,반포4동,7019,19238,9021,10217,1165058100
2024,서초구,방배본동,7873,20248,9339,10909,1165059000
2024,서초구,방배1동,7525,16570,7693,8877,1165060000
2024,서초구,방배2동,7856,17997,8373,9624,1165061000
2024,서초구,방배3동,5840,15849,7533,8316,1165062000
2024,서초구,방배4동,9617,23040,10419,12621,1165062100
2024,서초구,양재1동,17681,41515,19694,21821,1165065100
2024,서초구,양재2동,11005,21288,10605,10683,1165065200
2024,서초구,내곡동,7084,16927,8135,8792,1165066000
2024,강남구,계,245094,563215,269050,294165,1168000000
2024,강남구,신사동,6639,15480,7243,8237,1168051000
2024,강남구,논현1동,13461,21510,10140,11370,1168052100
2024,강남구,논현2동,11216,20571,9509,11062,1168053100
2024,강남구,삼성1동,5172,12283,6079,6204,1168058000
2024,강남구,삼성2동,13850,30834,14728,16106,1168059000
2024,강남구,대치1동,7237,23979,12009,11970,1168060000
2024,강남구,대치2동,13290,38484,19582,18902,1168061000
2024,강남구,대치4동,9641,18580,8874,9706,1168063000
2024,강남구,역삼1동,23845,35596,17277,18319,1168064000
2024,강남구,역삼2동,15615,36604,17020,19584,1168065000
2024,강남구,도곡1동,8224,20721,9827,10894,1168065500
2024,강남구,도곡2동,11431,32348,14966,17382,1168065600
2024,강남구,개포1동,9126,26399,12718,13681,1168066000
2024,강남구,개포2동,15039,42535,20565,21970,1168067000
2024,강남구,개포3동,7361,16767,8085,8682,1168068000
2024,강남구,개포4동,10090,23313,11208,12105,1168069000
2024,강남구,일원본동,7955,22619,11146,11473,1168072000
2024,강남구,일원1동,7418,14444,6949,7495,1168073000
2024,강남구,수서동,7620,13694,6159,7535,1168075000
2024,강남구,세곡동,20322,46455,21683,24772,1168070000
2024,강남구,압구정동,9994,25746,11966,13780,1168054500
2024,강남구,청담동,10548,24253,11317,12936,1168056500
2024,송파구,계,287017,656310,314532,341778,1171000000
2024,송파구,풍납1동,5384,11742,5776,5966,1171051000
2024,송파구,풍납2동,10299,23263,11030,12233,1171052000
2024,송파구,거여1동,5571,11919,5908,6011,1171053100
2024,송파구,거여2동,10077,23417,11346,12071,1171053200
2024,송파구,마천1동,7761,16313,8324,7989,1171054000
2024,송파구,마천2동,8486,17423,8875,8548,1171055000
2024,송파구,방이1동,6153,15105,7219,7886,1171056100
2024,송파구,방이2동,15936,26808,12152,14656,1171056200
2024,송파구,오륜동,5843,17608,8647,8961,1171056600
2024,송파구,오금동,16037,38219,18465,19754,1171057000
2024,송파구,송파1동,12506,23392,10777,12615,1171058000
2024,송파구,송파2동,7216,18695,8975,9720,1171059000
2024,송파구,석촌동,17101,30954,14566,16388,1171060000
2024,송파구,삼전동,16166,29090,13606,15484,1171061000
2024,송파구,가락본동,11574,25081,12339,12742,1171062000
2024,송파구,가락1동,9756,27652,13385,14267,1171063100
2024,송파구,가락2동,12369,30961,15073,15888,1171063200
2024,송파구,문정1동,8938,19882,9714,10168,1171064100
2024,송파구,문정2동,15874,28915,13243,15672,1171064200
2024,송파구,장지동,13055,30774,14777,15997,1171064600
2024,송파구,잠실본동,16219,28055,13258,14797,1171065000
2024,송파구,잠실2동,11527,34916,16729,18187,1171067000
2024,송파구,잠실3동,11859,33896,15987,17909,1171068000
2024,송파구,잠실4동,7198,21086,10187,10899,1171069000
2024,송파구,잠실6동,5836,16563,7844,8719,1171071000
2024,송파구,잠실7동,3365,9388,4354,5034,1171072000
2024,송파구,위례동,14911,45193,21976,23217,1171064700
2024,강동구,계,212585,481474,234830,246644,1174000000
2024,강동구,강일동,13810,34803,16644,18159,1174051500
2024,강동구,명일1동,9983,24935,12154,12781,1174053000
2024,강동구,명일2동,6411,16911,8216,8695,1174054000
2024,강동구,고덕1동,8153,23896,12241,11655,1174055000
2024,강동구,고덕2동,9743,25572,12864,12708,1174056000
2024,강동구,암사1동,15956,33515,16516,16999,1174057000
2024,강동구,암사2동,6366,14645,7063,7582,1174058000
2024,강동구,암사3동,6063,17127,8378,8749,1174059000
2024,강동구,천호1동,12883,25849,12617,13232,1174060000
2024,강동구,천호2동,18355,34952,16979,17973,1174061000
2024,강동구,천호3동,14870,26746,12796,13950,1174062000
2024,강동구,성내1동,8194,19242,9210,10032,1174064000
2024,강동구,성내2동,13797,24435,11859,12576,1174065000
2024,강동구,성내3동,10572,22157,10751,11406,1174066000
2024,강동구,둔촌1동,4304,10945,5483,5462,1174069000
2024,강동구,둔촌2동,10734,24830,12141,12689,1174070000
2024,강동구,길동,23493,47949,23221,24728,1174068500
2024,강동구,상일1동,13565,39373,19372,20001,1174052500
2024,강동구,상일2동,5333,13592,6325,7267,1174052600
2025,강남구,개포1동,9134,26681,12841,13840,1168066000
2025,강남구,개포2동,14953,42206,20419,21787,1168067000
2025,강남구,개포3동,7127,15997,7678,8319,1168068000
2025,강남구,개포4동,10041,23159,11113,12046,1168069000
2025,강남구,계,245264,562508,268648,293860,1168000000
2025,강남구,논현1동,13417,21500,10118,11382,1168052100
2025,강남구,논현2동,11172,20506,9553,10953,1168053100
2025,강남구,대치1동,7206,23800,11957,11843,1168060000
2025,강남구,대치2동,13403,38694,19704,18990,1168061000
2025,강남구,대치4동,9537,18326,8711,9615,1168063000
2025,강남구,도곡1동,8383,20852,9789,11063,1168065500
2025,강남구,도곡2동,11414,32199,14884,17315,1168065600
2025,강남구,삼성1동,5489,13005,6373,6632,1168058000
2025,강남구,삼성2동,13799,30628,14603,16025,1168059000
2025,강남구,세곡동,20299,46157,21533,24624,1168070000
2025,강남구,수서동,7612,13612,6123,7489,1168075000
2025,강남구,신사동,6538,15291,7148,8143,1168051000
2025,강남구,압구정동,9930,25668,11955,13713,1168054500
2025,강남구,역삼1동,23856,35623,17383,18240,1168064000
2025,강남구,역삼2동,15548,36481,16949,19532,1168065000
2025,강남구,일원1동,7420,14221,6800,7421,1168073000
2025,강남구,일원본동,7953,22439,11101,11338,1168072000
2025,강남구,청담동,11033,25463,11913,13550,1168056500
2025,강동구,강일동,13797,34546,16506,18040,1174051500
2025,강동구,계,222624,503997,245352,258645,1174000000
2025,강동구,고덕1동,8164,23764,12221,11543,1174055000
2025,강동구,고덕2동,10360,26459,13180,13279,1174056000
2025,강동구,길동,24353,48655,23480,25175,1174068500
2025,강동구,둔촌1동,11954,32883,16154,16729,1174069000
2025,강동구,둔촌2동,10928,25332,12357,12975,1174070000
2025,강동구,명일1동,9983,24743,12116,12627,1174053000
2025,강동구,명일2동,6399,16971,8257,8714,1174054000
2025,강동구,상일1동,13553,39152,19187,19965,1174052500
2025,강동구,상일2동,5295,13361,6219,7142,1174052600
2025,강동구,성내1동,8204,19078,9075,10003,1174064000
2025,강동구,성내2동,14061,24903,12046,12857,1174065000
2025,강동구,성내3동,10589,21921,10608,11313,1174066000
2025,강동구,암사1동,15835,32998,16242,16756,1174057000
2025,강동구,암사2동,6413,14613,7073,7540,1174058000
2025,강동구,암사3동,6046,16867,8198,8669,1174059000
2025,강동구,천호1동,12871,25329,12344,12985,1174060000
2025,강동구,천호2동,18743,35486,17209,18277,1174061000
2025,강동구,천호3동,15076,26936,12880,14056,1174062000
2025,강북구,계,142256,285900,136496,149404,1130500000
2025,강북구,미아동,11749,21140,9942,11198,1130553500
2025,강북구,번1동,9642,17110,8243,8867,1130559500
2025,강북구,번2동,7408,14469,6875,7594,1130560300
2025,강북구,번3동,7560,15674,7245,8429,1130560800
2025,강북구,삼각산동,11484,30090,14393,15697,1130557500
2025,강북구,삼양동,11750,24715,12130,12585,1130553400
2025,강북구,송중동,13579,28210,13373,14837,1130554500
2025,강북구,송천동,11805,22471,11047,11424,1130555500
2025,강북구,수유1동,10406,19855,9551,10304,1130561500
2025,강북구,수유2동,9690,20214,9509,10705,1130562500
2025,강북구,수유3동,13574,23940,11356,12584,1130563000
2025,강북구,우이동,9574,19576,9237,10339,1130564500
2025,강북구,인수동,14035,28436,13595,14841,1130566000
2025,강서구,가양1동,21021,33695,15050,18645,1150060300
2025,강서구,가양2동,7920,13010,6129,6881,1150060400
2025,강서구,가양3동,7541,13471,6229,7242,1150060500
2025,강서구,계,273604,556370,265463,290907,1150000000
2025,강서구,공항동,13707,29271,14740,14531,1150062000
2025,강서구,등촌1동,14295,25115,11575,13540,1150052000
2025,강서구,등촌2동,8638,19139,9331,9808,1150053000
2025,강서구,등촌3동,15027,28785,13470,15315,1150053500
2025,강서구,발산1동,13573,35088,16520,18568,1150061100
2025,강서구,방화1동,16572,40279,19557,20722,1150063000
2025,강서구,방화2동,12406,23088,11452,11636,1150064000
2025,강서구,방화3동,11100,21501,10280,11221,1150064100
2025,강서구,염창동,16828,41267,19708,21559,1150051000
2025,강서구,우장산동,17367,43933,20833,23100,1150061500
2025,강서구,화곡1동,28087,50724,24425,26299,1150054000
2025,강서구,화곡2동,8199,17007,8137,8870,1150055000
2025,강서구,화곡3동,9658,20741,9855,10886,1150056000
2025,강서구,화곡4동,9591,19339,9351,9988,1150057000
2025,강서구,화곡6동,13452,25771,12260,13511,1150059100
2025,강서구,화곡8동,11487,22870,10980,11890,1150059300
2025,강서구,화곡본동,17135,32276,15581,16695,1150059000
2025,계,계,4501031,9579177,4601282,4977895,1100000000
2025,관악구,계,288778,497391,248140,249251,1162000000
2025,관악구,낙성대동,12433,18239,9224,9015,1162058500
2025,관악구,난곡동,12742,24665,12240,12425,1162077500
2025,관악구,난향동,6129,14564,7082,7482,1162071500
2025,관악구,남현동,9808,17469,8443,9026,1162063000
2025,관악구,대학동,18143,28856,16685,12171,1162073500
2025,관악구,미성동,14050,29133,14206,14927,1162076500
2025,관악구,보라매동,12922,23513,11437,12076,1162052500
2025,관악구,삼성동,9806,20209,10026,10183,1162074500
2025,관악구,서림동,15663,25112,13679,11433,1162066500
2025,관악구,서원동,15456,23834,12353,11481,1162064500
2025,관악구,성현동,12955,29888,14381,15507,1162056500
2025,관악구,신림동,19412,24445,13003,11442,1162069500
2025,관악구,신사동,14704,24296,11984,12312,1162068500
2025,관악구,신원동,11298,18155,9177,8978,1162065500
2025,관악구,은천동,16028,31974,15556,16418,1162060500
2025,관악구,인헌동,14952,25387,12228,13159,1162062500
2025,관악구,조원동,12581,21420,10593,10827,1162072500
2025,관악구,중앙동,10527,15600,7355,8245,1162061500
2025,관악구,청룡동,24597,37064,17669,19395,1162059500
2025,관악구,청림동,6347,14418,6866,7552,1162054500
2025,관악구,행운동,18225,29150,13953,15197,1162057500
2025,광진구,계,171133,349117,165852,183265,1121500000
2025,광진구,광장동,11676,33229,16070,17159,1121581000
2025,광진구,구의1동,13259,23644,11116,12528,1121585000
2025,광진구,구의2동,11490,25502,12080,13422,1121586000
2025,광진구,구의3동,12056,27779,13125,14654,1121587000
2025,광진구,군자동,11147,21251,10349,10902,1121573000
2025,광진구,능동,6446,11343,5222,6121,1121578000
2025,광진구,자양1동,12083,22532,10780,11752,1121582000
2025,광진구,자양2동,12217,26732,12871,13861,1121583000
2025,광진구,자양3동,10926,27050,12958,14092,1121584000
2025,광진구,자양4동,11307,23516,11304,12212,1121584700
2025,광진구,중곡1동,8631,15403,7278,8125,1121574000
2025,광진구,중곡2동,10484,20180,9476,10704,1121575000
2025,광진구,중곡3동,8414,15500,7551,7949,1121576000
2025,광진구,중곡4동,13001,27213,13115,14098,1121577000
2025,광진구,화양동,17996,28243,12557,15686,1121571000
2025,구로구,가리봉동,6084,12521,7012,5509,1153059500
2025,구로구,개봉1동,15293,34016,16811,17205,1153074000
2025,구로구,개봉2동,12661,29683,14242,15441,1153075000
2025,구로구,개봉3동,8561,19175,9238,9937,1153076000
2025,구로구,계,184270,408238,200597,207641,1153000000
2025,구로구,고척1동,11625,26495,13150,13345,1153072000
2025,구로구,고척2동,11303,25357,12444,12913,1153073000
2025,구로구,구로1동,8399,20313,9916,10397,1153052000
2025,구로구,구로2동,12029,28544,14672,13872,1153053000
2025,구로구,구로3동,13554,24515,12615,11900,1153054000
2025,구로구,구로4동,10048,21805,10744,11061,1153055000
2025,구로구,구로5동,15579,31341,15322,16019,1153056000
2025,구로구,수궁동,9911,22249,10868,11381,1153079000
2025,구로구,신도림동,14431,36093,17342,18751,1153051000
2025,구로구,오류1동,13018,23441,11111,12330,1153077000
2025,구로구,오류2동,15596,36487,17300,19187,1153078000
2025,구로구,항동,6178,16203,7810,8393,1153080000
2025,금천구,가산동,18766,27870,14959,12911,1154551000
2025,금천구,계,121572,237562,119612,117950,1154500000
2025,금천구,독산1동,26555,49582,24990,24592,1154561000
2025,금천구,독산2동,9297,18494,9296,9198,1154562000
2025,금천구,독산3동,12669,26033,13285,12748,1154563000
2025,금천구,독산4동,7367,15474,7825,7649,1154564000
2025,금천구,시흥1동,16331,32971,16349,16622,1154567000
2025,금천구,시흥2동,8149,20034,9613,10421,1154568000
2025,금천구,시흥3동,4663,10159,5004,5155,1154569000
2025,금천구,시흥4동,8813,19060,9428,9632,1154570000
2025,금천구,시흥5동,8962,17885,8863,9022,1154571000
2025,노원구,계,216559,489003,233481,255522,1135000000
2025,노원구,공릉1동,18763,36035,17301,18734,1135059500
2025,노원구,공릉2동,17854,41673,19996,21677,1135060000
2025,노원구,상계10동,7574,17810,8190,9620,1135072000
2025,노원구,상계1동,15537,36174,17296,18878,1135063000
2025,노원구,상계2동,8528,18790,9197,9593,1135064000
2025,노원구,상계3.4동,12328,26743,13260,13483,1135066500
2025,노원구,상계5동,10818,22309,10790,11519,1135067000
2025,노원구,상계6.7동,13732,30478,13971,16507,1135069500
2025,노원구,상계8동,9072,21305,10053,11252,1135070000
2025,노원구,상계9동,8275,19039,8855,10184,1135071000
2025,노원구,월계1동,10031,20988,10755,10233,1135056000
2025,노원구,월계2동,11594,25027,11956,13071,1135057000
2025,노원구,월계3동,12810,28015,13285,14730,1135058000
2025,노원구,중계1동,8919,26075,12703,13372,1135062100
2025,노원구,중계2.3동,14961,31612,14268,17344,1135062500
2025,노원구,중계4동,8116,18827,9100,9727,1135062400
2025,노원구,중계본동,7865,22291,10759,11532,1135061900
2025,노원구,하계1동,12198,26149,12392,13757,1135061100
2025,노원구,하계2동,7584,19663,9354,10309,1135061200
2025,도봉구,계,139018,303051,145846,157205,1132000000
2025,도봉구,도봉1동,10205,19630,9783,9847,1132052100
2025,도봉구,도봉2동,11807,25702,12498,13204,1132052200
2025,도봉구,방학1동,13170,27973,13745,14228,1132069000
2025,도봉구,방학2동,9056,17872,8921,8951,1132070000
2025,도봉구,방학3동,9912,25468,12270,13198,1132071000
2025,도봉구,쌍문1동,9677,21017,9815,11202,1132066000
2025,도봉구,쌍문2동,8404,17583,8383,9200,1132067000
2025,도봉구,쌍문3동,8206,16270,7691,8579,1132068000
2025,도봉구,쌍문4동,7081,17714,8317,9397,1132068100
2025,도봉구,창1동,10874,23639,11189,12450,1132051100
2025,도봉구,창2동,12666,27820,13368,14452,1132051200
2025,도봉구,창3동,6361,12864,6412,6452,1132051300
2025,도봉구,창4동,11314,26056,12391,13665,1132051400
2025,도봉구,창5동,10285,23443,11063,12380,1132051500
2025,동대문구,계,176684,366923,176365,190558,1123000000
2025,동대문구,답십리1동,12866,27700,13170,14530,1123060000
2025,동대문구,답십리2동,12656,27728,13241,14487,1123061000
2025,동대문구,신설동,9531,16375,8046,8329,1123051000
2025,동대문구,용두동,12708,22573,11077,11496,1123053500
2025,동대문구,이문1동,13009,28225,13281,14944,1123074000
2025,동대문구,이문2동,8166,18800,9043,9757,1123075000
2025,동대문구,장안1동,18522,37909,18396,19513,1123065000
2025,동대문구,장안2동,14783,33258,16322,16936,1123066000
2025,동대문구,전농1동,16302,33235,16382,16853,1123056000
2025,동대문구,전농2동,7367,17870,8461,9409,1123057000
2025,동대문구,제기동,12859,25038,12400,12638,1123054500
2025,동대문구,청량리동,9832,18669,9073,9596,1123070500
2025,동대문구,회기동,6549,13543,5977,7566,1123071000
2025,동대문구,휘경1동,8954,19199,8631,10568,1123072000
2025,동대문구,휘경2동,12580,24917,12218,12699,1123073000
2025,동작구,계,186834,384281,184415,199866,1159000000
2025,동작구,노량진1동,18053,34265,17414,16851,1159051000
2025,동작구,노량진2동,5496,8779,4677,4102,1159052000
2025,동작구,대방동,16068,34093,15992,18101,1159066000
2025,동작구,사당1동,13913,22643,10811,11832,1159062000
2025,동작구,사당2동,12485,28001,13415,14586,1159063000
2025,동작구,사당3동,10363,23319,11236,12083,1159064000
2025,동작구,사당4동,7263,13729,6513,7216,1159065000
2025,동작구,사당5동,6656,13905,6655,7250,1159065100
2025,동작구,상도1동,22955,45967,21878,24089,1159053000
2025,동작구,상도2동,12349,27302,12880,14422,1159054000
2025,동작구,상도3동,12213,23836,11231,12605,1159055000
2025,동작구,상도4동,14733,29261,14128,15133,1159056000
2025,동작구,신대방1동,10388,24680,11915,12765,1159067000
2025,동작구,신대방2동,10931,22354,10609,11745,1159068000
2025,동작구,흑석동,12968,32147,15061,17086,1159060500
2025,마포구,계,180260,369364,170050,199314,1144000000
2025,마포구,공덕동,18458,36648,16980,19668,1144056500
2025,마포구,대흥동,8612,16221,7392,8829,1144060000
2025,마포구,도화동,9280,20486,9687,10799,1144058500
2025,마포구,망원1동,10030,18778,8660,10118,1144069000
2025,마포구,망원2동,8180,17438,8045,9393,1144070000
2025,마포구,상암동,12724,29798,13876,15922,1144074000
2025,마포구,서강동,12174,25103,11810,13293,1144065500
2025,마포구,서교동,15053,25904,11421,14483,1144066000
2025,마포구,성산1동,9594,18697,8529,10168,1144072000
2025,마포구,성산2동,19675,38532,16927,21605,1144073000
2025,마포구,신수동,10023,22283,10800,11483,1144063000
2025,마포구,아현동,12322,29566,13635,15931,1144055500
2025,마포구,연남동,8241,14728,6774,7954,1144071000
2025,마포구,염리동,7714,17650,8237,9413,1144061000
2025,마포구,용강동,9247,21497,10005,11492,1144059000
2025,마포구,합정동,8933,16035,7272,8763,1144068000
2025,서대문구,계,146113,316832,146837,169995,1141000000
2025,서대문구,남가좌1동,6203,16955,8082,8873,1141069000
2025,서대문구,남가좌2동,13235,30148,14147,16001,1141070000
2025,서대문구,북가좌1동,6737,17398,8307,9091,1141071000
2025,서대문구,북가좌2동,14422,30124,14449,15675,1141072000
2025,서대문구,북아현동,7020,15471,7457,8014,1141055500
2025,서대문구,신촌동,15077,27902,10341,17561,1141058500
2025,서대문구,연희동,18570,36696,16901,19795,1141061500
2025,서대문구,천연동,7585,16516,7790,8726,1141052000
2025,서대문구,충현동,9912,19756,9434,10322,1141056500
2025,서대문구,홍은1동,10334,23492,11237,12255,1141066000
2025,서대문구,홍은2동,12725,28295,13394,14901,1141068500
2025,서대문구,홍제1동,11120,24550,11425,13125,1141062000
2025,서대문구,홍제2동,5243,12038,5580,6458,1141065500
2025,서대문구,홍제3동,7930,17491,8293,9198,1141064000
2025,서초구,계,173506,419295,199248,220047,1165000000
2025,서초구,내곡동,7025,16764,8057,8707,1165066000
2025,서초구,반포1동,14463,33770,16463,17307,1165056000
2025,서초구,반포2동,8560,26596,12567,14029,1165057000
2025,서초구,반포3동,8207,23709,11281,12428,1165058000
2025,서초구,반포4동,6976,19093,8968,10125,1165058100
2025,서초구,반포본동,104,223,101,122,1165055000
2025,서초구,방배1동,7494,16443,7647,8796,1165060000
2025,서초구,방배2동,7743,17690,8249,9441,1165061000
2025,서초구,방배3동,5790,15669,7430,8239,1165062000
2025,서초구,방배4동,10054,24156,10974,13182,1165062100
2025,서초구,방배본동,7862,20170,9286,10884,1165059000
2025,서초구,서초1동,9512,20211,9647,10564,1165051000
2025,서초구,서초2동,11427,25123,11810,13313,1165052000
2025,서초구,서초3동,15572,32454,15331,17123,1165053000
2025,서초구,서초4동,10642,30249,14747,15502,1165053100
2025,서초구,양재1동,17528,40931,19323,21608,1165065100
2025,서초구,양재2동,10980,20993,10518,10475,1165065200
2025,서초구,잠원동,13567,35051,16849,18202,1165054000
2025,성동구,계,133173,282714,135940,146774,1120000000
2025,성동구,금호1가동,6359,14356,6793,7563,1120059000
2025,성동구,금호2.3가동,9357,20727,9823,10904,1120061500
2025,성동구,금호4가동,6322,14047,6600,7447,1120062000
2025,성동구,마장동,11014,22451,10757,11694,1120054000
2025,성동구,사근동,8278,14130,7082,7048,1120055000
2025,성동구,성수1가1동,7288,15193,7507,7686,1120065000
2025,성동구,성수1가2동,6709,13827,6707,7120,1120066000
2025,성동구,성수2가1동,7298,14223,7318,6905,1120067000
2025,성동구,성수2가3동,4988,9786,4783,5003,1120069000
2025,성동구,송정동,5121,9604,5034,4570,1120072000
2025,성동구,옥수동,10664,25352,11798,13554,1120064500
2025,성동구,왕십리2동,7311,16125,7660,8465,1120052000
2025,성동구,왕십리도선동,11982,26041,12216,13825,1120053500
2025,성동구,용답동,8243,14056,7104,6952,1120079000
2025,성동구,응봉동,5856,14515,6881,7634,1120058000
2025,성동구,행당1동,7252,15779,7427,8352,1120056000
2025,성동구,행당2동,9131,22502,10450,12052,1120057000
2025,성북구,계,198800,437496,207529,229967,1129000000
2025,성북구,길음1동,12812,35605,16795,18810,1129066000
2025,성북구,길음2동,8656,21499,10227,11272,1129068500
2025,성북구,돈암1동,5963,13831,6419,7412,1129058000
2025,성북구,돈암2동,8480,23009,10841,12168,1129059000
2025,성북구,동선동,9721,15991,6256,9735,1129057500
2025,성북구,보문동,8068,16387,7783,8604,1129061000
2025,성북구,삼선동,11370,22339,10395,11944,1129055500
2025,성북구,석관동,16600,34019,16697,17322,1129081000
2025,성북구,성북동,7983,16098,7441,8657,1129052500
2025,성북구,안암동,10332,18120,8604,9516,1129060000
2025,성북구,월곡1동,10581,24937,11942,12995,1129071500
2025,성북구,월곡2동,9563,19125,8991,10134,1129072500
2025,성북구,장위1동,10572,22954,11137,11817,1129076000
2025,성북구,장위2동,7806,15994,7813,8181,1129077000
2025,성북구,장위3동,7658,18806,9176,9630,1129078000
2025,성북구,정릉1동,7335,17832,8512,9320,1129062000
2025,성북구,정릉2동,9590,22008,10485,11523,1129063000
2025,성북구,정릉3동,7859,15656,7582,8074,1129064000
2025,성북구,정릉4동,10728,24078,11321,12757,1129065000
2025,성북구,종암동,17123,39208,19112,20096,1129070500
2025,송파구,가락1동,9666,27316,13147,14169,1171063100
2025,송파구,가락2동,11746,28758,14022,14736,1171063200
2025,송파구,가락본동,11622,24837,12245,12592,1171062000
2025,송파구,거여1동,5602,11819,5827,5992,1171053100
2025,송파구,거여2동,10041,23160,11153,12007,1171053200
2025,송파구,계,285903,649759,310784,338975,1171000000
2025,송파구,마천1동,7257,15315,7807,7508,1171054000
2025,송파구,마천2동,8404,17125,8697,8428,1171055000
2025,송파구,문정1동,8957,19797,9689,10108,1171064100
2025,송파구,문정2동,15859,28869,13173,15696,1171064200
2025,송파구,방이1동,6175,15031,7186,7845,1171056100
2025,송파구,방이2동,16098,26913,12084,14829,1171056200
2025,송파구,삼전동,16102,28796,13483,15313,1171061000
2025,송파구,석촌동,17057,30682,14448,16234,1171060000
2025,송파구,송파1동,12497,23162,10668,12494,1171058000
2025,송파구,송파2동,7542,19452,9356,10096,1171059000
2025,송파구,오금동,15763,37477,18053,19424,1171057000
2025,송파구,오륜동,5842,17553,8640,8913,1171056600
2025,송파구,위례동,14984,45114,21851,23263,1171064700
2025,송파구,잠실2동,11527,34722,16599,18123,1171067000
2025,송파구,잠실3동,11799,33772,15902,17870,1171068000
2025,송파구,잠실4동,7268,21197,10254,10943,1171069000
2025,송파구,잠실6동,5817,16531,7852,8679,1171071000
2025,송파구,잠실7동,3362,9340,4317,5023,1171072000
2025,송파구,잠실본동,16145,27831,13127,14704,1171065000
2025,송파구,장지동,13180,30855,14803,16052,1171064600
2025,송파구,풍납1동,5176,11193,5484,5709,1171051000
2025,송파구,풍납2동,10415,23142,10917,12225,1171052000
2025,양천구,계,179514,428537,208230,220307,1147000000
2025,양천구,목1동,10297,30028,14395,15633,1147051000
2025,양천구,목2동,13201,28100,13449,14651,1147052000
2025,양천구,목3동,10104,20871,9869,11002,1147053000
2025,양천구,목4동,9884,23864,11582,12282,1147054000
2025,양천구,목5동,13506,40661,20120,20541,1147055000
2025,양천구,신월1동,9832,18811,9613,9198,1147056000
2025,양천구,신월2동,8673,20551,9956,10595,1147057000
2025,양천구,신월3동,7459,13836,7254,6582,1147058000
2025,양천구,신월4동,6769,16813,8107,8706,1147059000
2025,양천구,신월5동,6335,13811,6790,7021,1147060000
2025,양천구,신월6동,5321,13765,6695,7070,1147061000
2025,양천구,신월7동,9037,18057,8683,9374,1147061100
2025,양천구,신정1동,6922,19547,9487,10060,1147062000
2025,양천구,신정2동,6794,18540,9069,9471,1147063000
2025,양천구,신정3동,19302,47738,23057,24681,1147064000
2025,양천구,신정4동,16467,31780,15242,16538,1147065000
2025,양천구,신정6동,8164,23886,11560,12326,1147067000
2025,양천구,신정7동,11447,27878,13302,14576,1147068000
2025,영등포구,계,192407,395248,193635,201613,1156000000
2025,영등포구,당산1동,11917,21500,10306,11194,1156055000
2025,영등포구,당산2동,18926,36735,17044,19691,1156056000
2025,영등포구,대림1동,6771,15785,7925,7860,1156070000
2025,영등포구,대림2동,6801,17436,8814,8622,1156071000
2025,영등포구,대림3동,10218,24392,12220,12172,1156072000
2025,영등포구,도림동,9906,19572,9864,9708,1156058500
2025,영등포구,문래동,12987,31483,15310,16173,1156060500
2025,영등포구,신길1동,11648,20279,10361,9918,1156063000
2025,영등포구,신길3동,7780,16997,8497,8500,1156065000
2025,영등포구,신길4동,5687,12471,6121,6350,1156066000
2025,영등포구,신길5동,4445,10575,5194,5381,1156067000
2025,영등포구,신길6동,9169,18475,8943,9532,1156068000
2025,영등포구,신길7동,7841,19587,9708,9879,1156069000
2025,영등포구,양평1동,10062,18497,8720,9777,1156061000
2025,영등포구,양평2동,11354,22782,10892,11890,1156062000
2025,영등포구,여의도동,14197,34490,16197,18293,1156054000
2025,영등포구,영등포동,22375,32124,16188,15936,1156053500
2025,영등포구,영등포본동,10323,22068,11331,10737,1156051500
2025,용산구,계,102959,214984,102809,112175,1117000000
2025,용산구,남영동,5001,7496,4459,3037,1117053000
2025,용산구,보광동,3791,7547,3925,3622,1117070000
2025,용산구,서빙고동,4999,12791,6154,6637,1117069000
2025,용산구,용문동,5292,11168,5242,5926,1117059000
2025,용산구,용산2가동,4985,9879,4832,5047,1117052000
2025,용산구,원효로1동,9367,17755,8152,9603,1117056000
2025,용산구,원효로2동,6280,13523,6285,7238,1117057000
2025,용산구,이촌1동,9114,25395,11961,13434,1117063000
2025,용산구,이촌2동,3570,7783,3647,4136,1117064000
2025,용산구,이태원1동,3368,7343,3815,3528,1117065000
2025,용산구,이태원2동,4673,9898,4717,5181,1117066000
2025,용산구,청파동,11348,19576,8819,10757,1117055500
2025,용산구,한강로동,11226,22624,10745,11879,1117062500
2025,용산구,한남동,6977,15545,7405,8140,1117068500
2025,용산구,효창동,4696,10553,4944,5609,1117058000
2025,용산구,후암동,8272,16108,7707,8401,1117051000
2025,은평구,갈현1동,7200,14138,6769,7369,1138055100
2025,은평구,갈현2동,12717,27051,12718,14333,1138055200
2025,은평구,계,214276,459586,216865,242721,1138000000
2025,은평구,구산동,13444,30861,14943,15918,1138056000
2025,은평구,녹번동,17426,35504,16556,18948,1138051000
2025,은평구,대조동,15516,27406,12560,14846,1138057000
2025,은평구,불광1동,16582,34670,16149,18521,1138052000
2025,은평구,불광2동,14087,26443,12662,13781,1138053000
2025,은평구,수색동,8578,21313,10249,11064,1138065000
2025,은평구,신사1동,11954,25938,12301,13637,1138063100
2025,은평구,신사2동,8801,18957,9270,9687,1138063200
2025,은평구,역촌동,21280,44974,21015,23959,1138062500
2025,은평구,응암1동,15109,32352,14960,17392,1138058000
2025,은평구,응암2동,10930,27091,13065,14026,1138059000
2025,은평구,응암3동,12526,23448,11235,12213,1138060000
2025,은평구,증산동,6620,15404,7399,8005,1138064000
2025,은평구,진관동,21506,54036,25014,29022,1138069000
2025,종로구,가회동,1829,3714,1733,1981,1111060000
2025,종로구,계,72324,148813,70635,78178,1111000000
2025,종로구,교남동,4314,9589,4391,5198,1111058000
2025,종로구,무악동,2959,7714,3526,4188,1111057000
2025,종로구,부암동,4109,9170,4273,4897,1111055000
2025,종로구,사직동,4584,9139,4036,5103,1111053000
2025,종로구,삼청동,1065,2353,1132,1221,1111054000
2025,종로구,숭인1동,3003,6067,2930,3137,1111070000
2025,종로구,숭인2동,7033,11439,5274,6165,1111071000
2025,종로구,이화동,4436,7607,3477,4130,1111064000
2025,종로구,종로1.2.3.4가동,4874,8628,4981,3647,1111061500
2025,종로구,종로5.6가동,3711,6017,3104,2913,1111063000
2025,종로구,창신1동,2643,5394,2844,2550,1111067000
2025,종로구,창신2동,3893,8456,4309,4147,1111068000
2025,종로구,창신3동,2738,6354,3127,3227,1111069000
2025,종로구,청운효자동,4873,11001,4973,6028,1111051500
2025,종로구,평창동,7096,17270,7997,9273,1111056000
2025,종로구,혜화동,9164,18901,8528,10373,1111065000
2025,중구,계,63817,128444,61514,66930,1114000000
2025,중구,광희동,3933,7055,3415,3640,1114059000
2025,중구,다산동,6743,13481,6493,6988,1114062500
2025,중구,동화동,3953,9871,4715,5156,1114066500
2025,중구,명동,1302,3389,1495,1894,1114055000
2025,중구,소공동,1236,3520,1700,1820,1114052000
2025,중구,신당5동,5410,10284,4947,5337,1114065000
2025,중구,신당동,4734,8878,4258,4620,1114061500
2025,중구,약수동,7682,15980,7343,8637,1114063500
2025,중구,을지로동,2048,3362,1771,1591,1114060500
2025,중구,장충동,2893,5427,2737,2690,1114058000
2025,중구,중림동,5846,12203,5955,6248,1114068000
2025,중구,청구동,5054,10914,5080,5834,1114064500
2025,중구,필동,2798,5293,2635,2658,1114057000
2025,중구,황학동,7862,14012,6519,7493,1114067000
2025,중구,회현동,2323,4775,2451,2324,1114054000
2025,중랑구,계,189383,383764,186939,196825,1126000000
2025,중랑구,망우3동,8209,15746,7860,7886,1126066000
2025,중랑구,망우본동,18793,38469,18825,19644,1126065500
2025,중랑구,면목2동,12054,23464,11569,11895,1126052000
2025,중랑구,면목3.8동,12712,24127,11892,12235,1126057500
2025,중랑구,면목4동,8852,17910,8854,9056,1126054000
2025,중랑구,면목5동,6306,14232,7006,7226,1126055000
2025,중랑구,면목7동,10469,20978,10371,10607,1126057000
2025,중랑구,면목본동,17635,32554,15968,16586,1126056500
2025,중랑구,묵1동,14844,33226,15789,17437,1126062000
2025,중랑구,묵2동,9173,17991,8744,9247,1126063000
2025,중랑구,상봉1동,10257,22993,11095,11898,1126058000
2025,중랑구,상봉2동,13533,21802,10175,11627,1126059000
2025,중랑구,신내1동,14665,36799,17612,19187,1126068000
2025,중랑구,신내2동,8827,19121,8995,10126,1126069000
2025,중랑구,중화1동,8727,18180,8932,9248,1126060000
2025,중랑구,중화2동,14327,26172,13252,12920,1126061000
