학구ID,학구명,학구분류,시도코드,시군구코드,시도교육청코드,시도교육청명,교육지원청코드,교육지원청명,생성일자,변경일자,공간객체ID,데이터기준일자
Z000103078,경포초통학구역,0,51,150,7801000,강원특별자치도교육청,7832000,강원특별자치도강릉교육지원청,2016-08-12,2023-04-11,3620,2026-03-20
Z000103079,교동초통학구역,0,51,150,7801000,강원특별자치도교육청,7832000,강원특별자치도강릉교육지원청,2016-08-12,2023-04-11,2050,2026-03-20
Z000102294,동삭초통학구역,0,41,220,7530000,경기도교육청,7631000,경기도평택교육지원청,2016-08-12,2023-04-24,688,2026-03-20
Z000104676,석곡초통학구역,0,46,720,8490000,전라남도교육청,8571000,전라남도곡성교육지원청,2016-08-12,2023-09-05,4497,2026-03-20
Z000105460,교방초통학구역,0,48,125,9010000,경상남도교육청,9022000,경상남도창원교육지원청,2016-08-12,2023-03-07,1498,2026-03-20
Z000105499,상북초통학구역,0,48,121,9010000,경상남도교육청,9022000,경상남도창원교육지원청,2016-08-12,2023-03-07,3435,2026-03-20
Z000106371,능평초통학구역,0,41,610,7530000,경기도교육청,7692000,경기도광주하남교육지원청,2023-02-27,2023-03-07,2661,2026-03-20
Z000151316,능평초광주광명초공동통학구역,1,41,610,7530000,경기도교육청,7692000,경기도광주하남교육지원청,2023-02-27,2023-03-07,5302,2026-03-20
Z000151317,능평초능원초공동통학구역,1,41,610,7530000,경기도교육청,7751000,경기도광주하남교육지원청,2023-02-28,2023-03-07,7118,2026-03-20
Z000106318,호연초통학구역,0,41,590,7530000,경기도교육청,7679000,경기도화성오산교육지원청,2021-02-22,2023-02-28,3953,2026-03-20
Z000103111,한솔초통학구역,0,51,150,7801000,강원특별자치도교육청,7832000,강원특별자치도강릉교육지원청,2016-08-12,2023-04-11,4718,2026-03-20
Z000103109,초당초통학구역,0,51,150,7801000,강원특별자치도교육청,7832000,강원특별자치도강릉교육지원청,2016-08-12,2023-04-11,4719,2026-03-20
Z000105279,임당초통학구역,0,47,290,8750000,경상북도교육청,8851000,경상북도경산교육지원청,2016-08-12,2024-01-04,924,2026-03-20
Z000106370,시화나래초통학구역,0,41,390,7530000,경기도교육청,7781000,경기도시흥교육지원청,2023-02-27,2023-03-07,2892,2026-03-20
Z000101627,내황초통학구역,0,31,110,7480000,울산광역시교육청,7491000,울산광역시강북교육지원청,2016-08-12,2023-03-14,3784,2026-03-20
Z000101674,학성초통학구역,0,31,110,7480000,울산광역시교육청,7491000,울산광역시강북교육지원청,2016-08-12,2023-03-14,5559,2026-03-20
Z000151324,대전산성초산서초공동(일방)통학구역,1,30,140,7430000,대전광역시교육청,7441000,대전광역시동부교육지원청,2023-04-07,2023-04-11,3412,2026-03-20
Z000102542,오산고현초통학구역,0,41,370,7530000,경기도교육청,7679000,경기도화성오산교육지원청,2016-08-12,2023-04-24,5113,2026-03-20
Z000150664,동인초목도초감물초문광초공동통학구역,1,43,760,8000000,충청북도교육청,8092000,충청북도괴산증평교육지원청,2022-11-30,2023-03-21,4632,2026-03-20
Z000101930,의정부서초통학구역,0,41,150,7530000,경기도교육청,7561000,경기도의정부교육지원청,2016-08-12,2023-03-28,3628,2026-03-20
Z000101935,의정부중앙초통학구역,0,41,150,7530000,경기도교육청,7561000,경기도의정부교육지원청,2016-08-12,2023-03-28,7129,2026-03-20
Z000150970,가남초가양초공동통학구역,1,48,330,9010000,경상남도교육청,9151000,경상남도양산교육지원청,2020-05-11,2023-04-04,4059,2026-03-20
Z000105040,영지초통학구역,0,47,130,8750000,경상북도교육청,8771000,경상북도경주교육지원청,2016-08-12,2016-08-12,2630,2026-03-20
Z000102841,상현초통학구역,0,41,465,7530000,경기도교육청,7751000,경기도용인교육지원청,2016-08-12,2024-01-23,6904,2026-03-20
Z000102883,이현초통학구역,0,41,463,7530000,경기도교육청,7751000,경기도용인교육지원청,2016-08-12,2024-01-23,2479,2026-03-20
Z000106317,여울초통학구역,0,41,590,7530000,경기도교육청,7679000,경기도화성오산교육지원청,2021-02-22,2024-01-23,663,2026-03-20
Z000100598,장림초통학구역,0,26,380,7150000,부산광역시교육청,7171000,부산광역시서부교육지원청,2016-08-12,2024-01-09,5809,2026-03-20
Z000101109,인천영종초금산분교장통학구역,0,28,110,7310000,인천광역시교육청,7321000,인천광역시남부교육지원청,2016-08-12,2024-02-06,6788,2026-03-20
Z000151424,금상초중원초공동통학구역,1,41,133,7530000,경기도교육청,7551000,경기도성남교육지원청,2024-02-20,2024-02-20,5987,2026-03-20
Z000101841,금상초통학구역,0,41,133,7530000,경기도교육청,7551000,경기도성남교육지원청,2016-08-12,2024-02-20,1552,2026-03-20
Z000106365,광주광명초통학구역,0,41,610,7530000,경기도교육청,7692000,경기도광주하남교육지원청,2023-02-02,2023-03-07,6180,2026-03-20
Z000150327,성복초성서초효자초공동통학구역,1,41,465,7530000,경기도교육청,7751000,경기도용인교육지원청,2016-08-12,2023-09-12,3682,2026-03-20
Z000106385,일로동초통학구역,0,46,840,8490000,전라남도교육청,8661000,전라남도무안교육지원청,2023-09-19,2023-09-19,2356,2026-03-20
Z000106316,해빛초통학구역,0,26,710,7150000,부산광역시교육청,7211000,부산광역시해운대교육지원청,2021-02-22,2023-09-19,2276,2026-03-20
Z000101628,녹수초통학구역,0,31,170,7480000,울산광역시교육청,7491000,울산광역시강북교육지원청,2016-08-12,2023-03-07,2036,2026-03-20
Z000101651,서부초통학구역,0,31,170,7480000,울산광역시교육청,7491000,울산광역시강북교육지원청,2016-08-12,2023-03-07,6444,2026-03-20
Z000102820,능원초통학구역,0,41,461,7530000,경기도교육청,7751000,경기도용인교육지원청,2016-08-12,2023-03-07,7052,2026-03-20
Z000106324,신현초통학구역,0,41,610,7530000,경기도교육청,7692000,경기도광주하남교육지원청,2021-03-08,2023-03-07,2000,2026-03-20
Z000101633,동대초통학구역,0,31,200,7480000,울산광역시교육청,7491000,울산광역시강북교육지원청,2016-08-12,2023-03-14,3782,2026-03-20
Z000100581,부민초통학구역,0,26,140,7150000,부산광역시교육청,7171000,부산광역시서부교육지원청,2016-08-12,2023-02-14,6724,2026-03-20
Z000106185,천안성성초통학구역,0,44,133,8140000,충청남도교육청,8151000,충청남도천안교육지원청,2018-04-23,2023-02-14,5449,2026-03-20
Z000106367,천안가람초통학구역,0,44,133,8140000,충청남도교육청,8151000,충청남도천안교육지원청,2023-02-07,2023-02-14,950,2026-03-20
Z000103705,천안청당초통학구역,0,44,131,8140000,충청남도교육청,8151000,충청남도천안교육지원청,2016-08-12,2023-02-14,1897,2026-03-20
Z000106366,천안능수초통학구역,0,44,131,8140000,충청남도교육청,8151000,충청남도천안교육지원청,2023-02-07,2023-02-14,6892,2026-03-20
Z000103369,가경초통학구역,0,43,113,8000000,충청북도교육청,8011000,충청북도청주교육지원청,2016-08-12,2023-02-14,5734,2026-03-20
Z000103377,경산초통학구역,0,43,113,8000000,충청북도교육청,8011000,충청북도청주교육지원청,2016-08-12,2023-02-14,2363,2026-03-20
Z000103415,서경초통학구역,0,43,113,8000000,충청북도교육청,8011000,충청북도청주교육지원청,2016-08-12,2023-02-14,6798,2026-03-20
Z000106009,이도초통학구역,0,50,110,9290000,제주특별자치도교육청,9296000,제주특별자치도제주시교육지원청,2016-08-12,2024-01-04,2353,2026-03-20
Z000150752,신라초월성초공동통학구역,1,47,130,8750000,경상북도교육청,8771000,경상북도경주교육지원청,2019-06-03,2024-01-09,4031,2026-03-20
Z000102946,고촌초통학구역,0,41,570,7530000,경기도교육청,7771000,경기도김포교육지원청,2016-08-12,2024-02-20,4889,2026-03-20
Z000150913,언양초두서초반곡초공동(일방)통학구역,1,31,710,7480000,울산광역시교육청,7501000,울산광역시강남교육지원청,2020-02-19,2024-02-27,1994,2026-03-20
Z000105261,경산중앙초통학구역,0,47,290,8750000,경상북도교육청,8851000,경상북도경산교육지원청,2016-08-12,2024-01-04,3599,2026-03-20
Z000100576,보림초통학구역,0,26,380,7150000,부산광역시교육청,7171000,부산광역시서부교육지원청,2016-08-12,2024-01-09,1356,2026-03-20
Z000100562,구평초통학구역,0,26,380,7150000,부산광역시교육청,7171000,부산광역시서부교육지원청,2016-08-12,2024-01-09,2300,2026-03-20
Z000150572,곤명초곤양초공동통학구역,1,48,240,9010000,경상남도교육청,9081000,경상남도사천교육지원청,2016-08-12,2023-12-19,3959,2026-03-20
Z000151371,남양초대성초공동통학구역,1,48,240,9010000,경상남도교육청,9081000,경상남도사천교육지원청,2023-12-15,2023-12-19,2254,2026-03-20
Z000150578,서포초진교초공동통학구역,1,48,240,9010000,경상남도교육청,9081000,경상남도사천교육지원청,2016-08-12,2023-12-19,5783,2026-03-20
Z000106120,참샘초통학구역,0,36,110,9300000,세종특별자치시교육청,9300000,세종특별자치시교육청,2016-08-12,2020-09-08,4179,2026-03-20
Z000106094,미르초통학구역,0,36,110,9300000,세종특별자치시교육청,9300000,세종특별자치시교육청,2016-08-12,2020-09-08,2394,2026-03-20
Z000106121,한솔초통학구역,0,36,110,9300000,세종특별자치시교육청,9300000,세종특별자치시교육청,2016-08-12,2020-09-08,4174,2026-03-20
Z000103773,거산초통학구역,0,44,200,8140000,충청남도교육청,8181000,충청남도아산교육지원청,2016-08-12,2020-09-09,6339,2026-03-20
Z000100017,서울신내초통학구역,0,11,260,7010000,서울특별시교육청,7021000,서울특별시동부교육지원청,2016-08-12,2022-01-18,2482,2026-03-20
Z000106338,서울양원숲초통학구역,0,11,260,7010000,서울특별시교육청,7021000,서울특별시동부교육지원청,2021-12-16,2022-01-18,6029,2026-03-20
Z000100004,서울동원초통학구역,0,11,260,7010000,서울특별시교육청,7021000,서울특별시동부교육지원청,2016-08-12,2022-01-18,6944,2026-03-20
Z000100526,서울미아초통학구역,0,11,290,7010000,서울특별시교육청,7121200,서울특별시성북강북교육지원청,2016-08-12,2022-03-18,2826,2026-03-20
Z000150478,세풍초해룡초공동통학구역,1,46,230,8490000,전라남도교육청,8551000,전라남도광양교육지원청,2016-08-12,2022-05-24,3213,2026-03-20
Z000100910,대구율하초통학구역,0,27,140,7240000,대구광역시교육청,7251000,대구광역시동부교육지원청,2016-08-12,2022-06-07,1682,2026-03-20
Z000106205,아산공수초통학구역,0,44,200,8140000,충청남도교육청,8181000,충청남도아산교육지원청,2018-12-03,2024-02-27,5326,2026-03-20
Z000151430,서울금옥초서울옥수초공동통학구역,1,11,200,7010000,서울특별시교육청,7134000,서울특별시성동광진교육지원청,2024-02-22,2024-02-27,3708,2026-03-20
Z000100750,덕포초통학구역,0,26,530,7150000,부산광역시교육청,7201000,부산광역시북부교육지원청,2016-08-12,2024-02-27,4056,2026-03-20
Z000100475,서울은로초통학구역,0,11,590,7010000,서울특별시교육청,7132000,서울특별시동작관악교육지원청,2016-08-12,2024-01-30,6733,2026-03-20
Z000101117,인천용현남초통학구역,0,28,177,7310000,인천광역시교육청,7321000,인천광역시남부교육지원청,2018-09-19,2024-02-06,5024,2026-03-20
Z000101094,인천삼목초통학구역,0,28,110,7310000,인천광역시교육청,7321000,인천광역시남부교육지원청,2016-08-12,2024-02-06,3231,2026-03-20
Z000105005,학천초통학구역,0,47,113,8750000,경상북도교육청,8761000,경상북도포항교육지원청,2016-08-12,2016-08-12,2632,2026-03-20
Z000150914,영화초두서초공동(일방)통학구역,1,31,710,7480000,울산광역시교육청,7501000,울산광역시강남교육지원청,2020-02-19,2024-02-27,4655,2026-03-20
Z000102974,장기초통학구역,0,41,570,7530000,경기도교육청,7771000,경기도김포교육지원청,2016-08-12,2023-09-12,4238,2026-03-20
Z000102832,매봉초통학구역,0,41,465,7530000,경기도교육청,7751000,경기도용인교육지원청,2016-08-12,2023-09-12,6116,2026-03-20
Z000101018,대구신흥초통학구역,0,27,290,7240000,대구광역시교육청,7271000,대구광역시남부교육지원청,2016-08-12,2022-02-15,1492,2026-03-20
Z000100983,대구감삼초통학구역,0,27,290,7240000,대구광역시교육청,7271000,대구광역시남부교육지원청,2016-08-12,2022-02-15,1340,2026-03-20
Z000101028,대구월암초통학구역,0,27,290,7240000,대구광역시교육청,7271000,대구광역시남부교육지원청,2016-08-12,2022-02-15,257,2026-03-20
Z000101041,대구학산초통학구역,0,27,290,7240000,대구광역시교육청,7271000,대구광역시남부교육지원청,2016-08-12,2022-02-15,2043,2026-03-20
Z000103789,신리초통학구역,0,44,200,8140000,충청남도교육청,8181000,충청남도아산교육지원청,2016-08-12,2019-12-18,7125,2026-03-20
Z000103810,용화초통학구역,0,44,200,8140000,충청남도교육청,8181000,충청남도아산교육지원청,2016-08-12,2020-09-09,5930,2026-03-20
Z000150241,교하초청석초공동통학구역,1,41,480,7530000,경기도교육청,7681000,경기도파주교육지원청,2016-08-12,2021-02-23,6600,2026-03-20
Z000103673,천안미라초통학구역,0,44,133,8140000,충청남도교육청,8151000,충청남도천안교육지원청,2016-08-12,2021-02-23,4553,2026-03-20
Z000106098,소담초통학구역,0,36,110,9300000,세종특별자치시교육청,9300000,세종특별자치시교육청,2016-08-12,2020-09-08,1309,2026-03-20
Z000150898,왜관동부초낙산초매원초신동초관호초공동(일방)통학구역,1,47,850,8750000,경상북도교육청,8941000,경상북도칠곡교육지원청,2020-02-14,2022-02-15,5428,2026-03-20
Z000151232,북삼초숭산초공동통학구역,1,47,850,8750000,경상북도교육청,8941000,경상북도칠곡교육지원청,2022-01-10,2022-02-08,5421,2026-03-20
Z000103694,천안쌍정초통학구역,0,44,200,8140000,충청남도교육청,8151000,충청남도천안교육지원청,2016-08-12,2022-02-08,5143,2026-03-20
Z000103692,천안신촌초통학구역,0,44,131,8140000,충청남도교육청,8151000,충청남도천안교육지원청,2016-08-12,2022-02-08,6268,2026-03-20
Z000100084,서울염리초통학구역,0,11,440,7010000,서울특별시교육청,7031000,서울특별시서부교육지원청,2016-08-12,2022-03-18,5600,2026-03-20
Z000101661,염포초통학구역,0,31,200,7480000,울산광역시교육청,7491000,울산광역시강북교육지원청,2016-08-12,2022-03-22,3796,2026-03-20
Z000150011,서울염리초서울용강초공동통학구역,1,11,440,7010000,서울특별시교육청,7031000,서울특별시서부교육지원청,2016-08-12,2022-03-18,1152,2026-03-20
Z000100904,대구안일초통학구역,0,27,140,7240000,대구광역시교육청,7251000,대구광역시동부교육지원청,2016-08-12,2022-06-07,493,2026-03-20
Z000104480,목포서산초통학구역,0,46,110,8490000,전라남도교육청,8501000,전라남도목포교육지원청,2016-08-12,2022-01-18,4969,2026-03-20
Z000106035,선흘초통학구역,0,50,110,9290000,제주특별자치도교육청,9296000,제주특별자치도제주시교육지원청,2016-08-12,2022-04-22,2206,2026-03-20
Z000151194,이동초도평초공동통학구역,1,41,650,7530000,경기도교육청,7711000,경기도포천교육지원청,2021-12-14,2022-01-18,3409,2026-03-20
Z000103788,신광초통학구역,0,44,200,8140000,충청남도교육청,8181000,충청남도아산교육지원청,2016-08-12,2022-06-07,2847,2026-03-20
Z000151247,광주남초광주용산초공동통학구역,1,29,110,7380000,광주광역시교육청,7391000,광주광역시동부교육지원청,2022-06-07,2022-06-14,3241,2026-03-20
Z000103087,명주초통학구역,0,51,150,7801000,강원특별자치도교육청,7832000,강원특별자치도강릉교육지원청,2016-08-12,2021-01-06,6247,2026-03-20
Z000101249,송해초통학구역,0,28,710,7310000,인천광역시교육청,7351000,인천광역시강화교육지원청,2016-08-12,2016-08-12,5966,2026-03-20
Z000104114,전주초통학구역,0,52,111,8321000,전북특별자치도교육청,8332000,전북특별자치도전주교육지원청,2016-08-12,2024-02-23,982,2026-03-20
Z000151227,전주양현초전주장동초공동(일방)통학구역,1,52,113,8321000,전북특별자치도교육청,8332000,전북특별자치도전주교육지원청,2022-01-07,2024-02-23,5105,2026-03-20
Z000150199,반지초이충초공동통학구역,1,41,220,7530000,경기도교육청,7631000,경기도평택교육지원청,2016-08-12,2019-09-09,1901,2026-03-20
Z000101336,광주동초통학구역,0,29,170,7380000,광주광역시교육청,7391000,광주광역시동부교육지원청,2016-08-12,2016-08-12,180,2026-03-20
Z000104090,전주양지초통학구역,0,52,111,8321000,전북특별자치도교육청,8332000,전북특별자치도전주교육지원청,2016-08-12,2024-02-23,954,2026-03-20
Z000103800,오목초통학구역,0,44,200,8140000,충청남도교육청,8181000,충청남도아산교육지원청,2016-08-12,2022-03-08,1614,2026-03-20
Z000102586,화원초통학구역,0,41,590,7530000,경기도교육청,7679000,경기도화성오산교육지원청,2016-08-12,2022-08-09,1139,2026-03-20
Z000105589,선학초통학구역,0,48,170,9010000,경상남도교육청,9051000,경상남도진주교육지원청,2016-08-12,2022-01-18,4085,2026-03-20
Z000151226,선학초동진초공동통학구역,1,48,170,9010000,경상남도교육청,9051000,경상남도진주교육지원청,2022-01-07,2022-01-18,509,2026-03-20
Z000103092,송양초통학구역,0,51,150,7801000,강원특별자치도교육청,7832000,강원특별자치도강릉교육지원청,2016-08-12,2021-01-06,6246,2026-03-20
Z000100883,대구반야월초통학구역,0,27,140,7240000,대구광역시교육청,7251000,대구광역시동부교육지원청,2016-08-12,2022-06-07,5820,2026-03-20
Z000151198,재산초일월초일월초청기분교수비초공동통학구역,1,47,920,8750000,경상북도교육청,8961000,경상북도봉화교육지원청,2016-08-12,2022-01-18,3166,2026-03-20
Z000106228,다산한강초통학구역,0,41,360,7530000,경기도교육청,7652000,경기도구리남양주교육지원청,2019-04-30,2022-01-18,7112,2026-03-20
Z000150818,안의초광역통학구역,1,48,870,9010000,경상남도교육청,9201000,경상남도함양교육지원청,2020-01-20,2020-01-20,3472,2026-03-20
Z000150488,노동초보성남초공동통학구역,1,46,780,8490000,전라남도교육청,8601000,전라남도보성교육지원청,2016-08-12,2016-08-12,5204,2026-03-20
Z000151228,전주효천초전주우림초공동(일방)통학구역,1,52,111,8321000,전북특별자치도교육청,8332000,전북특별자치도전주교육지원청,2022-01-07,2024-02-23,5718,2026-03-20
Z000151229,전주자연초전주초포초공동(일방)통학구역,1,52,113,8321000,전북특별자치도교육청,8332000,전북특별자치도전주교육지원청,2022-01-07,2024-02-23,5447,2026-03-20
Z000100286,서울석촌초통학구역,0,11,710,7010000,서울특별시교육청,7130000,서울특별시강동송파교육지원청,2016-08-12,2016-08-12,3955,2026-03-20
Z000105622,유영초통학구역,0,48,220,9010000,경상남도교육청,9071000,경상남도통영교육지원청,2016-08-12,2018-07-19,2776,2026-03-20
Z000104113,전주진북초통학구역,0,52,113,8321000,전북특별자치도교육청,8332000,전북특별자치도전주교육지원청,2016-08-12,2024-02-23,109,2026-03-20
Z000150041,서울동자초서울신양초공동통학구역,1,11,215,7010000,서울특별시교육청,7134000,서울특별시성동광진교육지원청,2016-08-12,2022-03-18,6114,2026-03-20
Z000100538,서울숭곡초통학구역,0,11,290,7010000,서울특별시교육청,7121200,서울특별시성북강북교육지원청,2016-08-12,2022-03-18,4539,2026-03-20
Z000101789,수일초통학구역,0,41,111,7530000,경기도교육청,7541000,경기도수원교육지원청,2016-08-12,2022-05-03,1626,2026-03-20
Z000104148,군산지곡초통학구역,0,52,130,8321000,전북특별자치도교육청,8342000,전북특별자치도군산교육지원청,2016-08-12,2024-02-23,5706,2026-03-20
Z000106337,집현초통학구역,0,36,110,9300000,세종특별자치시교육청,9300000,세종특별자치시교육청,2021-12-15,2022-01-18,2859,2026-03-20
Z000102703,화진초통학구역,0,41,800,7530000,경기도교육청,7701000,경기도연천교육지원청,2016-08-12,2016-08-12,7137,2026-03-20
Z000150542,임당초정평초공동통학구역,1,47,290,8750000,경상북도교육청,8851000,경상북도경산교육지원청,2016-08-12,2016-08-12,5373,2026-03-20
Z000101767,산남초통학구역,0,41,117,7530000,경기도교육청,7541000,경기도수원교육지원청,2016-08-12,2018-03-20,2679,2026-03-20
Z000101921,삼현초통학구역,0,41,150,7530000,경기도교육청,7561000,경기도의정부교육지원청,2016-08-12,2016-08-12,3376,2026-03-20
Z000105558,합포초통학구역,0,48,125,9010000,경상남도교육청,9022000,경상남도창원교육지원청,2016-08-12,2022-08-02,609,2026-03-20
Z000151001,논산부창초제한적공동(일방)통학구역,1,44,230,8140000,충청남도교육청,8222000,충청남도논산계룡교육지원청,2020-11-23,2022-02-24,4260,2026-03-20
Z000150503,기산초함평초공동통학구역,1,46,860,8490000,전라남도교육청,8671000,전라남도함평교육지원청,2016-08-12,2022-01-18,4124,2026-03-20
Z000150677,북일초북이초공동통학구역,1,46,880,8490000,전라남도교육청,8691000,전라남도장성교육지원청,2018-03-06,2018-03-06,3113,2026-03-20
Z000106165,양서초통학구역,0,47,113,8750000,경상북도교육청,8761000,경상북도포항교육지원청,2018-03-06,2018-03-06,2920,2026-03-20
Z000100800,내리초통학구역,0,26,710,7150000,부산광역시교육청,7211000,부산광역시해운대교육지원청,2016-08-12,2016-08-12,461,2026-03-20
Z000150479,고서초광주동초공동통학구역,1,46,710,8490000,전라남도교육청,8561000,전라남도담양교육지원청,2016-08-12,2016-08-12,6732,2026-03-20
Z000104471,목포미항초통학구역,0,46,110,8490000,전라남도교육청,8501000,전라남도목포교육지원청,2016-08-12,2016-08-12,6863,2026-03-20
Z000106146,감계초통학구역,0,48,121,9010000,경상남도교육청,9022000,경상남도창원교육지원청,2017-02-23,2017-02-23,3303,2026-03-20
Z000102426,수택초통학구역,0,41,310,7530000,경기도교육청,7652000,경기도구리남양주교육지원청,2016-08-12,2017-02-23,5464,2026-03-20
Z000150143,광숭초삼숭초공동통학구역,1,41,630,7530000,경기도교육청,7602000,경기도동두천양주교육지원청,2016-08-12,2016-08-12,3077,2026-03-20
Z000150651,전주하가초전주여울초공동통학구역,1,52,111,8321000,전북특별자치도교육청,8332000,전북특별자치도전주교육지원청,2017-02-20,2024-02-23,4282,2026-03-20
Z000150077,산정초하남초공동통학구역,1,29,200,7380000,광주광역시교육청,7401000,광주광역시서부교육지원청,2016-08-12,2016-08-12,3931,2026-03-20
Z000101417,봉산초통학구역,0,29,200,7380000,광주광역시교육청,7401000,광주광역시서부교육지원청,2016-08-12,2018-02-07,2689,2026-03-20
Z000150145,도둔초산북초공동통학구역,1,41,630,7530000,경기도교육청,7602000,경기도동두천양주교육지원청,2016-08-12,2016-08-12,5322,2026-03-20
Z000101204,인천송명초통학구역,0,28,185,7310000,인천광역시교육청,7341000,인천광역시동부교육지원청,2016-08-12,2016-12-12,3322,2026-03-20
Z000102178,안산청석초통학구역,0,41,271,7530000,경기도교육청,7611000,경기도안산교육지원청,2016-08-12,2016-08-12,3495,2026-03-20
Z000102065,안서초통학구역,0,41,210,7530000,경기도교육청,7591000,경기도광명교육지원청,2016-08-12,2016-08-12,4123,2026-03-20
Z000100620,당감초통학구역,0,26,230,7150000,부산광역시교육청,7181000,부산광역시남부교육지원청,2016-08-12,2017-08-14,993,2026-03-20
Z000104105,전주장동초통학구역,0,52,113,8321000,전북특별자치도교육청,8332000,전북특별자치도전주교육지원청,2016-08-12,2024-02-23,1702,2026-03-20
Z000104149,군산진포초통학구역,0,52,130,8321000,전북특별자치도교육청,8342000,전북특별자치도군산교육지원청,2016-08-12,2024-02-23,1246,2026-03-20
Z000101734,월봉초통학구역,0,31,140,7480000,울산광역시교육청,7501000,울산광역시강남교육지원청,2016-08-12,2017-03-30,7073,2026-03-20
Z000101062,대구서재초통학구역,0,27,710,7240000,대구광역시교육청,7281000,대구광역시달성교육지원청,2016-08-12,2018-03-20,2522,2026-03-20
Z000100322,서울갈산초통학구역,0,11,470,7010000,서울특별시교육청,7081300,서울특별시강서양천교육지원청,2016-08-12,2018-07-12,4118,2026-03-20
Z000101786,수원신곡초통학구역,0,41,113,7530000,경기도교육청,7541000,경기도수원교육지원청,2016-08-12,2018-03-09,2822,2026-03-20
Z000150688,담양남초담주초공동통학구역,1,46,710,8490000,전라남도교육청,8561000,전라남도담양교육지원청,2018-03-19,2018-03-19,575,2026-03-20
Z000102123,관산초통학구역,0,41,273,7530000,경기도교육청,7611000,경기도안산교육지원청,2016-08-12,2018-07-12,3117,2026-03-20
Z000150283,상리초연천초공동통학구역,1,41,800,7530000,경기도교육청,7701000,경기도연천교육지원청,2016-08-12,2021-06-29,3078,2026-03-20
Z000102472,송촌초통학구역,0,41,670,7530000,경기도교육청,7661000,경기도여주교육지원청,2016-08-12,2021-07-20,3725,2026-03-20
Z000150538,가은초은척초무릉분교공동통학구역,1,47,280,8750000,경상북도교육청,8831000,경상북도상주교육지원청,2016-08-12,2016-08-12,2222,2026-03-20
Z000101980,청계초통학구역,0,41,290,7530000,경기도교육청,7569000,경기도안양과천교육지원청,2016-08-12,2016-08-18,4306,2026-03-20
Z000102295,반지초통학구역,0,41,220,7530000,경기도교육청,7631000,경기도평택교육지원청,2016-08-12,2019-09-09,7041,2026-03-20
Z000150256,강하초도수초공동통학구역,1,41,610,7530000,경기도교육청,7692000,경기도광주하남교육지원청,2016-08-12,2021-06-08,6503,2026-03-20
Z000102400,남양주송촌초통학구역,0,41,360,7530000,경기도교육청,7652000,경기도구리남양주교육지원청,2016-08-12,2016-08-12,187,2026-03-20
Z000105254,점촌북초통학구역,0,47,280,8750000,경상북도교육청,8841000,경상북도문경교육지원청,2016-08-12,2016-08-12,5292,2026-03-20
Z000103908,백강초통학구역,0,44,760,8140000,충청남도교육청,8231000,충청남도부여교육지원청,2016-08-12,2016-08-12,1724,2026-03-20
Z000105062,김천다수초통학구역,0,47,150,8750000,경상북도교육청,8781000,경상북도김천교육지원청,2016-08-12,2016-08-12,1315,2026-03-20
Z000103104,정동초통학구역,0,51,150,7801000,강원특별자치도교육청,7832000,강원특별자치도강릉교육지원청,2016-08-12,2016-08-12,3168,2026-03-20
Z000102870,용인둔전초통학구역,0,41,461,7530000,경기도교육청,7751000,경기도용인교육지원청,2016-08-12,2021-06-22,1485,2026-03-20
Z000102816,나산초통학구역,0,41,463,7530000,경기도교육청,7751000,경기도용인교육지원청,2016-08-12,2021-06-29,5136,2026-03-20
Z000103284,백전초통학구역,0,51,770,7801000,강원특별자치도교육청,7922000,강원특별자치도정선교육지원청,2016-08-12,2017-03-17,1137,2026-03-20
Z000104082,전주서일초통학구역,0,52,111,8321000,전북특별자치도교육청,8332000,전북특별자치도전주교육지원청,2016-08-12,2024-02-23,69,2026-03-20
Z000102336,합정초통학구역,0,41,220,7530000,경기도교육청,7631000,경기도평택교육지원청,2016-08-12,2016-08-12,6605,2026-03-20
Z000105692,용산초통학구역,0,48,250,9010000,경상남도교육청,9091000,경상남도김해교육지원청,2016-08-12,2016-08-12,5807,2026-03-20
Z000101069,대구천내초통학구역,0,27,710,7240000,대구광역시교육청,7281000,대구광역시달성교육지원청,2016-08-12,2016-08-12,2928,2026-03-20
Z000150272,도수초분원초공동통학구역,1,41,610,7530000,경기도교육청,7692000,경기도광주하남교육지원청,2016-08-12,2021-06-08,2246,2026-03-20
Z000105059,개령초통학구역,0,47,150,8750000,경상북도교육청,8781000,경상북도김천교육지원청,2016-08-12,2016-08-12,6171,2026-03-20
Z000102658,도궁초통학구역,0,41,610,7530000,경기도교육청,7692000,경기도광주하남교육지원청,2016-08-12,2021-06-08,1980,2026-03-20
Z000151124,곤지암초도척초공동통학구역,1,41,610,7530000,경기도교육청,7692000,경기도광주하남교육지원청,2021-06-03,2021-06-08,4647,2026-03-20
Z000151127,병점초새봄초공동통학구역,1,41,590,7530000,경기도교육청,7679000,경기도화성오산교육지원청,2021-06-22,2021-06-29,1026,2026-03-20
Z000151128,나산초용인한일초공동통학구역,1,41,463,7530000,경기도교육청,7751000,경기도용인교육지원청,2021-06-22,2021-06-29,4856,2026-03-20
Z000102082,덕도초통학구역,0,41,630,7530000,경기도교육청,7602000,경기도동두천양주교육지원청,2016-08-12,2021-07-20,3266,2026-03-20
Z000103330,원당초통학구역,0,51,800,7801000,강원특별자치도교육청,7952000,강원특별자치도양구교육지원청,2016-08-12,2016-08-12,3089,2026-03-20
Z000105358,박곡초통학구역,0,47,830,8750000,경상북도교육청,8921000,경상북도고령교육지원청,2016-08-12,2016-08-12,5423,2026-03-20
Z000102218,고양화정초통학구역,0,41,281,7530000,경기도교육청,7621000,경기도고양교육지원청,2016-08-12,2016-08-12,3504,2026-03-20
Z000150186,성석초안곡초공동통학구역,1,41,285,7530000,경기도교육청,7621000,경기도고양교육지원청,2016-08-12,2021-07-20,5944,2026-03-20
Z000102416,마석초통학구역,0,41,360,7530000,경기도교육청,7652000,경기도구리남양주교육지원청,2016-08-12,2021-07-26,5525,2026-03-20
Z000102454,화도초통학구역,0,41,360,7530000,경기도교육청,7652000,경기도구리남양주교육지원청,2016-08-12,2021-07-26,5764,2026-03-20
Z000151133,남양주송라초화도초공동통학구역,1,41,360,7530000,경기도교육청,7652000,경기도구리남양주교육지원청,2021-07-20,2021-07-26,4899,2026-03-20
Z000102417,백문초통학구역,0,41,310,7530000,경기도교육청,7652000,경기도구리남양주교육지원청,2016-08-12,2021-07-26,108,2026-03-20
Z000102436,장자초통학구역,0,41,310,7530000,경기도교육청,7652000,경기도구리남양주교육지원청,2016-08-12,2021-07-26,5451,2026-03-20
Z000102420,부양초통학구역,0,41,310,7530000,경기도교육청,7652000,경기도구리남양주교육지원청,2016-08-12,2021-07-26,1887,2026-03-20
Z000102886,제일초통학구역,0,41,461,7530000,경기도교육청,7751000,경기도용인교육지원청,2016-08-12,2021-06-22,2865,2026-03-20
Z000150333,양지초제일초공동통학구역,1,41,461,7530000,경기도교육청,7751000,경기도용인교육지원청,2016-08-12,2021-06-22,6657,2026-03-20
Z000150338,제일초좌항초공동통학구역,1,41,461,7530000,경기도교육청,7751000,경기도용인교육지원청,2016-08-12,2021-06-22,1979,2026-03-20
Z000102243,성라초통학구역,0,41,281,7530000,경기도교육청,7621000,경기도고양교육지원청,2016-08-12,2021-07-20,1795,2026-03-20
Z000151132,대곡초원당초공동통학구역,1,41,281,7530000,경기도교육청,7621000,경기도고양교육지원청,2016-08-12,2021-07-20,7056,2026-03-20
Z000102458,강천초통학구역,0,41,670,7530000,경기도교육청,7661000,경기도여주교육지원청,2016-08-12,2021-07-20,6351,2026-03-20
Z000150147,가람초성사초화중초흥도초공동통학구역,1,41,281,7530000,경기도교육청,7621000,경기도고양교육지원청,2016-08-12,2021-07-20,6211,2026-03-20
Z000150258,곤지암초삼리초공동통학구역,1,41,610,7530000,경기도교육청,7692000,경기도광주하남교육지원청,2016-08-12,2021-06-08,1982,2026-03-20
Z000150255,청암초한가람초공동통학구역,1,41,480,7530000,경기도교육청,7681000,경기도파주교육지원청,2016-08-12,2021-06-15,681,2026-03-20
Z000151125,지산초한가람초공동통학구역,1,41,480,7530000,경기도교육청,7681000,경기도파주교육지원청,2016-08-12,2021-06-15,1876,2026-03-20
Z000102406,내양초통학구역,0,41,310,7530000,경기도교육청,7652000,경기도구리남양주교육지원청,2016-08-12,2016-08-12,4579,2026-03-20
Z000101567,대전느리울초통학구역,0,30,170,7430000,대전광역시교육청,7451000,대전광역시서부교육지원청,2016-08-12,2016-08-12,5530,2026-03-20
Z000150623,전동초상봉초공동통학구역,1,36,110,9300000,세종특별자치시교육청,9300000,세종특별자치시교육청,2016-08-12,2016-08-12,4003,2026-03-20
Z000150437,운산초운신초공동통학구역,1,44,210,8140000,충청남도교육청,8191000,충청남도서산교육지원청,2016-08-12,2016-08-12,6573,2026-03-20
Z000101960,삼봉초통학구역,0,41,171,7530000,경기도교육청,7569000,경기도안양과천교육지원청,2016-08-12,2016-08-12,4510,2026-03-20
Z000101771,서평초통학구역,0,41,113,7530000,경기도교육청,7541000,경기도수원교육지원청,2016-08-12,2016-08-12,5051,2026-03-20
Z000101832,효동초통학구역,0,41,117,7530000,경기도교육청,7541000,경기도수원교육지원청,2016-08-12,2016-08-12,5317,2026-03-20
Z000101478,대전가양초통학구역,0,30,110,7430000,대전광역시교육청,7441000,대전광역시동부교육지원청,2016-08-12,2016-08-12,5903,2026-03-20
Z000150141,안현초하안북초공동통학구역,1,41,210,7530000,경기도교육청,7591000,경기도광명교육지원청,2016-08-12,2016-08-12,3227,2026-03-20
Z000103687,천안수곡초통학구역,0,44,133,8140000,충청남도교육청,8151000,충청남도천안교육지원청,2016-08-12,2016-08-12,2751,2026-03-20
Z000101963,석수초통학구역,0,41,171,7530000,경기도교육청,7569000,경기도안양과천교육지원청,2016-08-12,2016-08-12,38,2026-03-20
Z000102328,평택도곡초통학구역,0,41,220,7530000,경기도교육청,7631000,경기도평택교육지원청,2016-08-12,2016-08-12,7,2026-03-20
Z000103215,협신초통학구역,0,51,720,7801000,강원특별자치도교육청,7882000,강원특별자치도홍천교육지원청,2016-08-12,2016-08-12,3464,2026-03-20
Z000101582,대전복수초통학구역,0,30,170,7430000,대전광역시교육청,7451000,대전광역시서부교육지원청,2016-08-12,2016-08-12,2975,2026-03-20
Z000101600,대전신계초통학구역,0,30,170,7430000,대전광역시교육청,7451000,대전광역시서부교육지원청,2016-08-12,2016-08-12,2086,2026-03-20
Z000103040,만대초통학구역,0,51,130,7801000,강원특별자치도교육청,7822000,강원특별자치도원주교육지원청,2016-08-12,2017-02-07,5774,2026-03-20
Z000103044,무실초통학구역,0,51,130,7801000,강원특별자치도교육청,7822000,강원특별자치도원주교육지원청,2016-08-12,2018-11-07,4909,2026-03-20
Z000104995,포항송도초통학구역,0,47,111,8750000,경상북도교육청,8761000,경상북도포항교육지원청,2016-08-12,2016-08-12,2917,2026-03-20
Z000103927,기산초통학구역,0,44,770,8140000,충청남도교육청,8241000,충청남도서천교육지원청,2016-08-12,2016-08-12,3930,2026-03-20
Z000103932,비인초통학구역,0,44,770,8140000,충청남도교육청,8241000,충청남도서천교육지원청,2016-08-12,2016-08-12,556,2026-03-20
Z000103148,손양초통학구역,0,51,830,7801000,강원특별자치도교육청,7863000,강원특별자치도속초양양교육지원청,2016-08-12,2017-04-03,3428,2026-03-20
Z000102389,구지초통학구역,0,41,310,7530000,경기도교육청,7652000,경기도구리남양주교육지원청,2016-08-12,2017-02-21,3671,2026-03-20
Z000102689,군남초통학구역,0,41,800,7530000,경기도교육청,7701000,경기도연천교육지원청,2016-08-12,2018-05-15,760,2026-03-20
Z000103756,오천초통학구역,0,44,180,8140000,충청남도교육청,8171000,충청남도보령교육지원청,2016-08-12,2017-12-08,1200,2026-03-20
Z000101572,대전두리초통학구역,0,30,200,7430000,대전광역시교육청,7451000,대전광역시서부교육지원청,2016-08-12,2016-08-12,5620,2026-03-20
Z000101553,남선초통학구역,0,30,200,7430000,대전광역시교육청,7451000,대전광역시서부교육지원청,2016-08-12,2016-08-12,2244,2026-03-20
Z000105069,김천중앙초통학구역,0,47,150,8750000,경상북도교육청,8781000,경상북도김천교육지원청,2016-08-12,2016-08-12,3184,2026-03-20
Z000103230,수백초통학구역,0,51,730,7801000,강원특별자치도교육청,7892000,강원특별자치도횡성교육지원청,2016-08-12,2016-08-12,184,2026-03-20
Z000104979,인덕초통학구역,0,47,111,8750000,경상북도교육청,8761000,경상북도포항교육지원청,2016-08-12,2016-08-12,4694,2026-03-20
Z000150088,구즉초대전송강초공동통학구역,1,30,200,7430000,대전광역시교육청,7451000,대전광역시서부교육지원청,2016-08-12,2016-08-12,2089,2026-03-20
Z000102795,이천매곡초통학구역,0,41,500,7530000,경기도교육청,7741000,경기도이천교육지원청,2016-08-12,2016-08-12,3406,2026-03-20
Z000102069,철산초통학구역,0,41,210,7530000,경기도교육청,7591000,경기도광명교육지원청,2016-08-12,2016-08-12,4756,2026-03-20
Z000106311,하랑초통학구역,0,41,360,7530000,경기도교육청,7652000,경기도구리남양주교육지원청,2021-02-01,2021-07-20,2392,2026-03-20
Z000102449,평동초통학구역,0,41,360,7530000,경기도교육청,7652000,경기도구리남양주교육지원청,2016-08-12,2021-07-20,2390,2026-03-20
Z000102077,광사초통학구역,0,41,630,7530000,경기도교육청,7602000,경기도동두천양주교육지원청,2016-08-12,2021-07-20,4265,2026-03-20
Z000106267,원흥초통학구역,0,41,281,7530000,경기도교육청,7621000,경기도고양교육지원청,2020-01-02,2021-07-20,1414,2026-03-20
Z000102642,한가람초통학구역,0,41,480,7530000,경기도교육청,7681000,경기도파주교육지원청,2016-08-12,2021-06-15,1875,2026-03-20
Z000103064,장양초통학구역,0,51,130,7801000,강원특별자치도교육청,7822000,강원특별자치도원주교육지원청,2016-08-12,2016-08-12,401,2026-03-20
Z000103928,마동초통학구역,0,44,770,8140000,충청남도교육청,8241000,충청남도서천교육지원청,2016-08-12,2016-08-12,3364,2026-03-20
Z000103020,지촌초지암분교장통학구역,0,51,110,7801000,강원특별자치도교육청,7812000,강원특별자치도춘천교육지원청,2016-08-12,2016-08-12,4984,2026-03-20
Z000103279,갈래초통학구역,0,51,770,7801000,강원특별자치도교육청,7922000,강원특별자치도정선교육지원청,2016-08-12,2016-08-12,5588,2026-03-20
Z000103209,원당초통학구역,0,51,720,7801000,강원특별자치도교육청,7882000,강원특별자치도홍천교육지원청,2016-08-12,2016-08-12,4040,2026-03-20
Z000102428,어람초통학구역,0,41,360,7530000,경기도교육청,7652000,경기도구리남양주교육지원청,2016-08-12,2016-08-12,5668,2026-03-20
Z000103041,만종초통학구역,0,51,130,7801000,강원특별자치도교육청,7822000,강원특별자치도원주교육지원청,2016-08-12,2016-08-12,6677,2026-03-20
Z000103120,삼화초통학구역,0,51,170,7801000,강원특별자치도교육청,7842000,강원특별자치도동해교육지원청,2016-08-12,2018-10-11,7005,2026-03-20
Z000103919,은산초통학구역,0,44,760,8140000,충청남도교육청,8231000,충청남도부여교육지원청,2016-08-12,2016-08-12,2347,2026-03-20
Z000103923,초촌초통학구역,0,44,760,8140000,충청남도교육청,8231000,충청남도부여교육지원청,2016-08-12,2016-08-12,1663,2026-03-20
Z000105433,노음초통학구역,0,47,930,8750000,경상북도교육청,8971000,경상북도울진교육지원청,2016-08-12,2016-08-12,2919,2026-03-20
Z000105333,병곡초통학구역,0,47,770,8750000,경상북도교육청,8901000,경상북도영덕교육지원청,2016-08-12,2016-08-12,1117,2026-03-20
Z000101585,대전삼천초통학구역,0,30,170,7430000,대전광역시교육청,7451000,대전광역시서부교육지원청,2016-08-12,2016-08-12,304,2026-03-20
Z000105207,공검초통학구역,0,47,250,8750000,경상북도교육청,8831000,경상북도상주교육지원청,2016-08-12,2016-08-12,2642,2026-03-20
Z000105192,신녕초통학구역,0,47,230,8750000,경상북도교육청,8821000,경상북도영천교육지원청,2016-08-12,2016-08-12,1838,2026-03-20
Z000105084,지례초부항분교장통학구역,0,47,150,8750000,경상북도교육청,8781000,경상북도김천교육지원청,2016-08-12,2016-08-12,1975,2026-03-20
Z000105445,죽변초통학구역,0,47,930,8750000,경상북도교육청,8971000,경상북도울진교육지원청,2016-08-12,2016-08-12,2028,2026-03-20
Z000105436,부구초통학구역,0,47,930,8750000,경상북도교육청,8971000,경상북도울진교육지원청,2016-08-12,2016-08-12,4691,2026-03-20
Z000105434,매화초통학구역,0,47,930,8750000,경상북도교육청,8971000,경상북도울진교육지원청,2016-08-12,2016-08-12,2027,2026-03-20
Z000104975,용흥초통학구역,0,47,113,8750000,경상북도교육청,8761000,경상북도포항교육지원청,2016-08-12,2016-08-12,7080,2026-03-20
Z000104993,포항동부초통학구역,0,47,113,8750000,경상북도교육청,8761000,경상북도포항교육지원청,2016-08-12,2016-08-12,4693,2026-03-20
Z000105368,도원초통학구역,0,47,840,8750000,경상북도교육청,8931000,경상북도성주교육지원청,2016-08-12,2017-02-15,5419,2026-03-20
Z000105332,남정초통학구역,0,47,770,8750000,경상북도교육청,8901000,경상북도영덕교육지원청,2016-08-12,2016-08-12,2020,2026-03-20
Z000105324,석보초통학구역,0,47,760,8750000,경상북도교육청,8891000,경상북도영양교육지원청,2016-08-12,2016-08-12,3146,2026-03-20
Z000104947,곡강초통학구역,0,47,113,8750000,경상북도교육청,8761000,경상북도포항교육지원청,2016-08-12,2016-08-12,2030,2026-03-20
Z000103940,오성초통학구역,0,44,770,8140000,충청남도교육청,8241000,충청남도서천교육지원청,2016-08-12,2016-08-12,5710,2026-03-20
Z000103946,남양초통학구역,0,44,790,8140000,충청남도교육청,8251000,충청남도청양교육지원청,2016-08-12,2016-08-12,7059,2026-03-20
Z000105226,은척초무릉분교장통학구역,0,47,250,8750000,경상북도교육청,8831000,경상북도상주교육지원청,2016-08-12,2016-08-12,2251,2026-03-20
Z000101575,대전둔천초통학구역,0,30,170,7430000,대전광역시교육청,7451000,대전광역시서부교육지원청,2016-08-12,2016-08-12,6501,2026-03-20
Z000105320,진보초통학구역,0,47,750,8750000,경상북도교육청,8881000,경상북도청송교육지원청,2016-08-12,2016-08-12,1993,2026-03-20
Z000104969,신흥초통학구역,0,47,111,8750000,경상북도교육청,8761000,경상북도포항교육지원청,2016-08-12,2018-09-05,4433,2026-03-20
Z000151089,중리초광역통학구역,1,48,127,9010000,경상남도교육청,9022000,경상남도창원교육지원청,2021-02-01,2021-02-23,2279,2026-03-20
Z000151090,호계초광역통학구역,1,48,127,9010000,경상남도교육청,9022000,경상남도창원교육지원청,2021-02-01,2021-02-23,6848,2026-03-20
Z000105631,한려초통학구역,0,48,220,9010000,경상남도교육청,9071000,경상남도통영교육지원청,2016-08-12,2021-02-23,2777,2026-03-20
Z000105887,고전초통학구역,0,48,850,9010000,경상남도교육청,9181000,경상남도하동교육지원청,2016-08-12,2021-02-23,1693,2026-03-20
Z000151053,진교초노량초공동통학구역,1,48,850,9010000,경상남도교육청,9181000,경상남도하동교육지원청,2020-12-28,2021-02-23,4913,2026-03-20
Z000105889,노량초통학구역,0,48,850,9010000,경상남도교육청,9181000,경상남도하동교육지원청,2016-08-12,2021-02-23,2584,2026-03-20
Z000103546,안내초통학구역,0,43,730,8000000,충청북도교육청,8061000,충청북도옥천교육지원청,2016-08-12,2021-02-23,7013,2026-03-20
Z000101268,인천경명초통학구역,0,28,260,7310000,인천광역시교육청,7361000,인천광역시서부교육지원청,2016-08-12,2021-02-23,1443,2026-03-20
Z000106308,인천청호초중학교통학구역,0,28,260,7310000,인천광역시교육청,7361000,인천광역시서부교육지원청,2021-01-05,2021-02-23,560,2026-03-20
Z000101903,탄천초통학구역,0,41,135,7530000,경기도교육청,7551000,경기도성남교육지원청,2016-08-12,2018-08-11,3374,2026-03-20
Z000101576,대전만년초통학구역,0,30,170,7430000,대전광역시교육청,7451000,대전광역시서부교육지원청,2016-08-12,2016-08-12,2087,2026-03-20
Z000104970,양포초통학구역,0,47,111,8750000,경상북도교육청,8761000,경상북도포항교육지원청,2016-08-12,2016-08-12,1124,2026-03-20
Z000105085,지례초통학구역,0,47,150,8750000,경상북도교육청,8781000,경상북도김천교육지원청,2016-08-12,2016-08-12,5772,2026-03-20
Z000105114,월곡초통학구역,0,47,170,8750000,경상북도교육청,8791000,경상북도안동교육지원청,2016-08-12,2016-08-12,485,2026-03-20
Z000106090,늘봄초통학구역,0,36,110,9300000,세종특별자치시교육청,9300000,세종특별자치시교육청,2016-08-12,2016-08-12,596,2026-03-20
Z000103071,호저초통학구역,0,51,130,7801000,강원특별자치도교육청,7822000,강원특별자치도원주교육지원청,2016-08-12,2016-08-12,4027,2026-03-20
Z000102098,소요초통학구역,0,41,250,7530000,경기도교육청,7602000,경기도동두천양주교육지원청,2016-08-12,2016-08-12,5999,2026-03-20
Z000103954,청송초통학구역,0,44,790,8140000,충청남도교육청,8251000,충청남도청양교육지원청,2016-08-12,2016-12-19,1242,2026-03-20
Z000103325,도촌초통학구역,0,51,800,7801000,강원특별자치도교육청,7952000,강원특별자치도양구교육지원청,2016-08-12,2016-08-12,4641,2026-03-20
Z000103213,창촌초통학구역,0,51,720,7801000,강원특별자치도교육청,7882000,강원특별자치도홍천교육지원청,2016-08-12,2016-08-12,5433,2026-03-20
Z000102141,본오초통학구역,0,41,271,7530000,경기도교육청,7611000,경기도안산교육지원청,2016-08-12,2016-08-12,539,2026-03-20
Z000102353,군포화산초통학구역,0,41,410,7530000,경기도교육청,7642000,경기도군포의왕교육지원청,2016-08-12,2016-08-12,277,2026-03-20
Z000101967,안양덕현초통학구역,0,41,173,7530000,경기도교육청,7569000,경기도안양과천교육지원청,2016-08-12,2016-08-12,4302,2026-03-20
Z000102959,마송초통학구역,0,41,570,7530000,경기도교육청,7771000,경기도김포교육지원청,2016-08-12,2021-02-23,5907,2026-03-20
Z000102969,옹정초통학구역,0,41,570,7530000,경기도교육청,7771000,경기도김포교육지원청,2016-08-12,2021-02-23,335,2026-03-20
Z000151045,통진초서암초공동통학구역,1,41,570,7530000,경기도교육청,7771000,경기도김포교육지원청,2020-12-22,2021-02-23,3015,2026-03-20
Z000103662,양대초통학구역,0,44,133,8140000,충청남도교육청,8151000,충청남도천안교육지원청,2016-08-12,2016-08-12,6653,2026-03-20
Z000101817,창용초통학구역,0,41,111,7530000,경기도교육청,7541000,경기도수원교육지원청,2016-08-12,2018-04-23,941,2026-03-20
Z000150850,안동송현초서선초북후초서후초공동(일방)통학구역,1,47,170,8750000,경상북도교육청,8791000,경상북도안동교육지원청,2020-02-05,2021-02-23,6100,2026-03-20
Z000150851,풍천풍서초신성초풍북초공동(일방)통학구역,1,47,170,8750000,경상북도교육청,8791000,경상북도안동교육지원청,2020-02-05,2021-02-23,4923,2026-03-20
Z000102054,광명남초통학구역,0,41,210,7530000,경기도교육청,7591000,경기도광명교육지원청,2016-08-12,2021-02-23,4495,2026-03-20
Z000102059,광문초통학구역,0,41,210,7530000,경기도교육청,7591000,경기도광명교육지원청,2016-08-12,2021-02-23,901,2026-03-20
Z000106033,한천초통학구역,0,50,110,9290000,제주특별자치도교육청,9296000,제주특별자치도제주시교육지원청,2016-08-12,2021-02-23,5967,2026-03-20
Z000105979,대흘초통학구역,0,50,110,9290000,제주특별자치도교육청,9296000,제주특별자치도제주시교육지원청,2016-08-12,2021-02-23,641,2026-03-20
Z000106021,조천초통학구역,0,50,110,9290000,제주특별자치도교육청,9296000,제주특별자치도제주시교육지원청,2016-08-12,2021-02-23,2365,2026-03-20
Z000151032,남부초퇴계초공동통학구역,1,51,110,7801000,강원특별자치도교육청,7812000,강원특별자치도춘천교육지원청,2020-12-22,2021-02-23,4369,2026-03-20
Z000151058,남원노암초수지초공동(일방)통학구역,1,52,190,8321000,전북특별자치도교육청,8372000,전북특별자치도남원교육지원청,2021-01-06,2024-02-23,1435,2026-03-20
Z000103192,내촌초통학구역,0,51,720,7801000,강원특별자치도교육청,7882000,강원특별자치도홍천교육지원청,2016-08-12,2021-02-23,1758,2026-03-20
Z000151084,광려초광역통학구역,1,48,127,9010000,경상남도교육청,9022000,경상남도창원교육지원청,2021-02-01,2021-02-23,3154,2026-03-20
Z000151085,삼계초광역통학구역,1,48,127,9010000,경상남도교육청,9022000,경상남도창원교육지원청,2021-02-01,2021-02-23,253,2026-03-20
Z000151086,상일초광역통학구역,1,48,127,9010000,경상남도교육청,9022000,경상남도창원교육지원청,2021-02-01,2021-02-23,3804,2026-03-20
Z000151087,안계초광역통학구역,1,48,127,9010000,경상남도교육청,9022000,경상남도창원교육지원청,2021-02-01,2021-02-23,1125,2026-03-20
Z000150113,왕남초서울대왕초공동통학구역,1,41,131,7530000,경기도교육청,7551000,경기도성남교육지원청,2016-08-12,2021-02-23,6033,2026-03-20
Z000106229,은여울초통학구역,0,41,570,7530000,경기도교육청,7771000,경기도김포교육지원청,2019-04-30,2021-02-23,5908,2026-03-20
Z000151044,은여울초김포구래초공동통학구역,1,41,570,7530000,경기도교육청,7771000,경기도김포교육지원청,2020-12-22,2021-02-23,3918,2026-03-20
Z000102976,통진초통학구역,0,41,570,7530000,경기도교육청,7771000,경기도김포교육지원청,2016-08-12,2021-02-23,3892,2026-03-20
Z000103715,공주금학초통학구역,0,44,150,8140000,충청남도교육청,8161000,충청남도공주교육지원청,2016-08-12,2016-08-12,1886,2026-03-20
Z000102732,포천삼정초통학구역,0,41,650,7530000,경기도교육청,7711000,경기도포천교육지원청,2016-08-12,2016-08-12,4584,2026-03-20
Z000150270,도곡초삼리초공동통학구역,1,41,610,7530000,경기도교육청,7692000,경기도광주하남교육지원청,2016-08-12,2016-08-12,3129,2026-03-20
Z000101798,영일초통학구역,0,41,117,7530000,경기도교육청,7541000,경기도수원교육지원청,2016-08-12,2018-03-05,2799,2026-03-20
Z000102837,산양초통학구역,0,41,463,7530000,경기도교육청,7751000,경기도용인교육지원청,2016-08-12,2018-03-06,3957,2026-03-20
Z000102350,군포양정초통학구역,0,41,410,7530000,경기도교육청,7642000,경기도군포의왕교육지원청,2016-08-12,2016-08-12,290,2026-03-20
Z000102087,동보초통학구역,0,41,250,7530000,경기도교육청,7602000,경기도동두천양주교육지원청,2016-08-12,2016-08-12,7036,2026-03-20
Z000151088,전안초광역통학구역,1,48,127,9010000,경상남도교육청,9022000,경상남도창원교육지원청,2021-02-01,2021-02-23,2936,2026-03-20
Z000103365,오호초통학구역,0,51,820,7801000,강원특별자치도교육청,7972000,강원특별자치도고성교육지원청,2016-08-12,2016-08-12,6044,2026-03-20
Z000150357,내촌초두촌초공동통학구역,1,51,720,7801000,강원특별자치도교육청,7882000,강원특별자치도홍천교육지원청,2016-08-12,2016-08-12,1379,2026-03-20
Z000101792,신영초통학구역,0,41,117,7530000,경기도교육청,7541000,경기도수원교육지원청,2016-08-12,2018-03-05,5342,2026-03-20
Z000102504,삼미초통학구역,0,41,370,7530000,경기도교육청,7679000,경기도화성오산교육지원청,2016-08-12,2020-11-25,761,2026-03-20
Z000102377,태을초통학구역,0,41,410,7530000,경기도교육청,7642000,경기도군포의왕교육지원청,2016-08-12,2016-08-12,3244,2026-03-20
Z000102522,성산초통학구역,0,41,370,7530000,경기도교육청,7679000,경기도화성오산교육지원청,2016-08-12,2016-08-12,5205,2026-03-20
Z000150897,왜관중앙초낙산초관호초공동(일방)통학구역,1,47,850,8750000,경상북도교육청,8941000,경상북도칠곡교육지원청,2020-02-14,2020-11-17,94,2026-03-20
Z000151029,대교초낙산초공동(일방)통학구역,1,47,850,8750000,경상북도교육청,8941000,경상북도칠곡교육지원청,2020-12-17,2021-02-23,3648,2026-03-20
Z000101281,인천도담초통학구역,0,28,260,7310000,인천광역시교육청,7361000,인천광역시서부교육지원청,2016-08-12,2021-02-23,5025,2026-03-20
Z000101319,인천청일초통학구역,0,28,260,7310000,인천광역시교육청,7361000,인천광역시서부교육지원청,2016-08-12,2021-02-23,5906,2026-03-20
Z000100768,상학초통학구역,0,26,320,7150000,부산광역시교육청,7201000,부산광역시북부교육지원청,2016-08-12,2021-02-23,5475,2026-03-20
Z000101318,인천청람초통학구역,0,28,260,7310000,인천광역시교육청,7361000,인천광역시서부교육지원청,2016-08-12,2021-02-23,561,2026-03-20
Z000151030,만덕초상학초공동통학구역,1,26,320,7150000,부산광역시교육청,7201000,부산광역시북부교육지원청,2020-12-17,2021-02-23,4951,2026-03-20
Z000100738,녹산초통학구역,0,26,440,7150000,부산광역시교육청,7201000,부산광역시북부교육지원청,2016-08-12,2021-02-23,475,2026-03-20
Z000102474,여흥초통학구역,0,41,670,7530000,경기도교육청,7661000,경기도여주교육지원청,2016-08-12,2021-05-06,6758,2026-03-20
Z000150211,세종초여흥초공동통학구역,1,41,670,7530000,경기도교육청,7661000,경기도여주교육지원청,2016-08-12,2021-05-06,6757,2026-03-20
Z000102475,연라초통학구역,0,41,670,7530000,경기도교육청,7661000,경기도여주교육지원청,2016-08-12,2021-05-06,1395,2026-03-20
Z000102481,점봉초통학구역,0,41,670,7530000,경기도교육청,7661000,경기도여주교육지원청,2016-08-12,2021-05-06,4991,2026-03-20
Z000102775,나래초통학구역,0,41,500,7530000,경기도교육청,7741000,경기도이천교육지원청,2016-08-12,2021-05-06,4978,2026-03-20
Z000102791,율면초통학구역,0,41,500,7530000,경기도교육청,7741000,경기도이천교육지원청,2016-08-12,2021-05-06,164,2026-03-20
Z000150298,대월초이천사동초공동통학구역,1,41,500,7530000,경기도교육청,7741000,경기도이천교육지원청,2016-08-12,2021-05-18,2099,2026-03-20
Z000102777,대월초통학구역,0,41,500,7530000,경기도교육청,7741000,경기도이천교육지원청,2016-08-12,2021-05-18,6222,2026-03-20
Z000102780,마장초통학구역,0,41,500,7530000,경기도교육청,7741000,경기도이천교육지원청,2016-08-12,2021-05-25,298,2026-03-20
Z000101401,광주효덕초통학구역,0,29,155,7380000,광주광역시교육청,7401000,광주광역시서부교육지원청,2016-08-12,2021-05-25,1193,2026-03-20
Z000102776,대서초통학구역,0,41,500,7530000,경기도교육청,7741000,경기도이천교육지원청,2016-08-12,2021-05-06,4979,2026-03-20
Z000106222,빛여울초통학구역,0,29,155,7380000,광주광역시교육청,7401000,광주광역시서부교육지원청,2019-04-10,2021-05-25,4121,2026-03-20
Z000151099,거제용소초광역통학구역,1,48,310,9010000,경상남도교육청,9111000,경상남도거제교육지원청,2021-01-29,2021-02-23,1371,2026-03-20
Z000100632,범일초통학구역,0,26,170,7150000,부산광역시교육청,7181000,부산광역시남부교육지원청,2016-08-12,2021-02-23,3689,2026-03-20
Z000106300,나성초통학구역,0,36,110,9300000,세종특별자치시교육청,9300000,세종특별자치시교육청,2020-11-09,2021-02-23,5939,2026-03-20
Z000100647,수정초통학구역,0,26,170,7150000,부산광역시교육청,7181000,부산광역시남부교육지원청,2016-08-12,2021-02-23,1914,2026-03-20
Z000150812,대구다사초대구하빈초대구동곡초(일방)통학구역,1,27,710,7240000,대구광역시교육청,7281000,대구광역시달성교육지원청,2020-01-13,2021-02-23,1606,2026-03-20
Z000151028,진만초큰별초은빛초공동통학구역,1,29,200,7380000,광주광역시교육청,7401000,광주광역시서부교육지원청,2020-12-17,2021-02-23,4412,2026-03-20
Z000150900,인평초숭산초공동(일방)통학구역,1,47,850,8750000,경상북도교육청,8941000,경상북도칠곡교육지원청,2020-02-14,2021-02-23,4731,2026-03-20
Z000106107,연세초통학구역,0,36,110,9300000,세종특별자치시교육청,9300000,세종특별자치시교육청,2016-08-12,2021-02-23,6835,2026-03-20
Z000103252,쌍룡초통학구역,0,51,750,7801000,강원특별자치도교육청,7902000,강원특별자치도영월교육지원청,2016-08-12,2021-02-23,4733,2026-03-20
Z000103509,송학초통학구역,0,43,150,8000000,충청북도교육청,8031000,충청북도제천교육지원청,2016-08-12,2021-02-23,3356,2026-03-20
Z000102778,도암초통학구역,0,41,500,7530000,경기도교육청,7741000,경기도이천교육지원청,2016-08-12,2026-04-04,4875,2026-03-20
Z000102787,신둔초통학구역,0,41,500,7530000,경기도교육청,7741000,경기도이천교육지원청,2016-08-12,2021-06-01,3410,2026-03-20
Z000102783,부발초통학구역,0,41,500,7530000,경기도교육청,7741000,경기도이천교육지원청,2016-08-12,2021-06-01,910,2026-03-20
Z000101860,상대원초통학구역,0,41,133,7530000,경기도교육청,7551000,경기도성남교육지원청,2016-08-12,2016-08-12,6179,2026-03-20
Z000103278,횡계초통학구역,0,51,760,7801000,강원특별자치도교육청,7912000,강원특별자치도평창교육지원청,2016-08-12,2017-04-03,2308,2026-03-20
Z000102367,산본초통학구역,0,41,410,7530000,경기도교육청,7642000,경기도군포의왕교육지원청,2016-08-12,2016-08-12,2063,2026-03-20
Z000102016,부천신흥초통학구역,0,41,192,7530000,경기도교육청,7581000,경기도부천교육지원청,2016-08-12,2024-03-29,3053,2026-03-20
Z000103737,학봉초통학구역,0,44,150,8140000,충청남도교육청,8161000,충청남도공주교육지원청,2016-08-12,2016-08-12,3991,2026-03-20
Z000102143,삼일초통학구역,0,41,271,7530000,경기도교육청,7611000,경기도안산교육지원청,2016-08-12,2016-08-12,13,2026-03-20
Z000101892,운중초통학구역,0,41,135,7530000,경기도교육청,7551000,경기도성남교육지원청,2016-08-12,2018-02-22,800,2026-03-20
Z000103984,덕산초통학구역,0,44,810,8140000,충청남도교육청,8271000,충청남도예산교육지원청,2016-08-12,2016-08-12,1255,2026-03-20
Z000101381,태봉초통학구역,0,29,170,7380000,광주광역시교육청,7391000,광주광역시동부교육지원청,2016-08-12,2016-08-12,2116,2026-03-20
Z000101466,첨단초통학구역,0,29,200,7380000,광주광역시교육청,7401000,광주광역시서부교육지원청,2016-08-12,2016-08-12,2693,2026-03-20
Z000101328,각화초통학구역,0,29,170,7380000,광주광역시교육청,7391000,광주광역시동부교육지원청,2016-08-12,2016-08-12,2524,2026-03-20
Z000100159,서울온수초통학구역,0,11,530,7010000,서울특별시교육청,7041000,서울특별시남부교육지원청,2016-08-12,2016-08-12,841,2026-03-20
Z000101929,의정부부용초통학구역,0,41,150,7530000,경기도교육청,7561000,경기도의정부교육지원청,2016-08-12,2016-08-12,6907,2026-03-20
Z000101933,의정부용현초통학구역,0,41,150,7530000,경기도교육청,7561000,경기도의정부교육지원청,2016-08-12,2021-03-15,5990,2026-03-20
Z000151117,봉담초수현초공동통학구역,1,41,590,7530000,경기도교육청,7679000,경기도화성오산교육지원청,2021-03-15,2021-03-15,2954,2026-03-20
Z000103310,광덕초통학구역,0,51,790,7801000,강원특별자치도교육청,7942000,강원특별자치도화천교육지원청,2016-08-12,2016-08-12,2097,2026-03-20
Z000102023,부천중원초통학구역,0,41,192,7530000,경기도교육청,7581000,경기도부천교육지원청,2016-08-12,2024-03-29,4798,2026-03-20
Z000102041,심곡초통학구역,0,41,192,7530000,경기도교육청,7581000,경기도부천교육지원청,2016-08-12,2024-03-29,3927,2026-03-20
Z000150539,모전초점촌초공동통학구역,1,47,280,8750000,경상북도교육청,8841000,경상북도문경교육지원청,2016-08-12,2016-08-12,2644,2026-03-20
Z000102545,오산원일초통학구역,0,41,370,7530000,경기도교육청,7679000,경기도화성오산교육지원청,2016-08-12,2016-08-12,5243,2026-03-20
Z000101977,안일초통학구역,0,41,171,7530000,경기도교육청,7569000,경기도안양과천교육지원청,2016-08-12,2016-08-12,3238,2026-03-20
Z000102039,송내초통학구역,0,41,192,7530000,경기도교육청,7581000,경기도부천교육지원청,2016-08-12,2024-03-29,1219,2026-03-20
Z000102151,성안초통학구역,0,41,271,7530000,경기도교육청,7611000,경기도안산교육지원청,2016-08-12,2016-08-12,3570,2026-03-20
Z000150364,도성초진부초공동통학구역,1,51,760,7801000,강원특별자치도교육청,7912000,강원특별자치도평창교육지원청,2016-08-12,2016-08-12,5185,2026-03-20
Z000101833,효성초통학구역,0,41,117,7530000,경기도교육청,7541000,경기도수원교육지원청,2016-08-12,2018-04-23,2674,2026-03-20
Z000102745,상색초통학구역,0,41,820,7530000,경기도교육청,7721000,경기도가평교육지원청,2016-08-12,2016-08-12,1175,2026-03-20
Z000106095,보람초통학구역,0,36,110,9300000,세종특별자치시교육청,9300000,세종특별자치시교육청,2016-08-12,2016-08-12,5762,2026-03-20
Z000150082,대전대동초대전대룡초공동통학구역,1,30,110,7430000,대전광역시교육청,7441000,대전광역시동부교육지원청,2016-08-12,2016-08-12,1273,2026-03-20
Z000150081,대전가양초대전흥룡초공동통학구역,1,30,110,7430000,대전광역시교육청,7441000,대전광역시동부교육지원청,2016-08-12,2016-08-12,1270,2026-03-20
Z000150618,늘봄초아름초공동통학구역,1,36,110,9300000,세종특별자치시교육청,9300000,세종특별자치시교육청,2016-08-12,2016-08-12,1474,2026-03-20
Z000102066,안현초통학구역,0,41,210,7530000,경기도교육청,7591000,경기도광명교육지원청,2016-08-12,2016-08-12,4115,2026-03-20
Z000102496,대호초통학구역,0,41,370,7530000,경기도교육청,7679000,경기도화성오산교육지원청,2016-08-12,2016-08-12,6087,2026-03-20
Z000101920,버들개초통학구역,0,41,150,7530000,경기도교육청,7561000,경기도의정부교육지원청,2016-08-12,2016-08-12,162,2026-03-20
Z000101866,성남매송초통학구역,0,41,135,7530000,경기도교육청,7551000,경기도성남교육지원청,2016-08-12,2016-08-12,1854,2026-03-20
Z000101759,수원동신초통학구역,0,41,111,7530000,경기도교육청,7541000,경기도수원교육지원청,2016-08-12,2016-08-12,5046,2026-03-20
Z000101757,대평초통학구역,0,41,111,7530000,경기도교육청,7541000,경기도수원교육지원청,2016-08-12,2016-08-12,2381,2026-03-20
Z000150169,덕이초백송초공동통학구역,1,41,287,7530000,경기도교육청,7621000,경기도고양교육지원청,2016-08-12,2016-08-12,2493,2026-03-20
Z000103165,회룡초통학구역,0,51,830,7801000,강원특별자치도교육청,7863000,강원특별자치도속초양양교육지원청,2016-08-12,2017-04-03,469,2026-03-20
Z000103332,죽리초통학구역,0,51,800,7801000,강원특별자치도교육청,7952000,강원특별자치도양구교육지원청,2016-08-12,2017-04-03,6382,2026-03-20
Z000101810,일월초통학구역,0,41,113,7530000,경기도교육청,7541000,경기도수원교육지원청,2016-08-12,2016-08-12,5518,2026-03-20
Z000105228,이안초통학구역,0,47,250,8750000,경상북도교육청,8831000,경상북도상주교육지원청,2016-08-12,2016-08-12,854,2026-03-20
Z000103341,상남초통학구역,0,51,810,7801000,강원특별자치도교육청,7962000,강원특별자치도인제교육지원청,2016-08-12,2016-08-12,2076,2026-03-20
Z000103367,죽왕초통학구역,0,51,820,7801000,강원특별자치도교육청,7972000,강원특별자치도고성교육지원청,2016-08-12,2017-04-03,6954,2026-03-20
Z000150899,북삼초숭산초공동(일방)통학구역,1,47,850,8750000,경상북도교육청,8941000,경상북도칠곡교육지원청,2020-02-14,2021-02-23,3843,2026-03-20
Z000150156,고양오금초신원초공동통학구역,1,41,281,7530000,경기도교육청,7621000,경기도고양교육지원청,2016-08-12,2021-02-23,1142,2026-03-20
Z000102788,신하초통학구역,0,41,500,7530000,경기도교육청,7741000,경기도이천교육지원청,2016-08-12,2021-06-01,2098,2026-03-20
Z000102785,설성초통학구역,0,41,500,7530000,경기도교육청,7741000,경기도이천교육지원청,2016-08-12,2021-06-01,1825,2026-03-20
Z000151115,광주송정초광주초공동통학구역,1,41,610,7530000,경기도교육청,7692000,경기도광주하남교육지원청,2021-03-08,2021-03-15,1300,2026-03-20
Z000150987,치악초서원주초공동통학구역,1,51,130,7801000,강원특별자치도교육청,7822000,강원특별자치도원주교육지원청,2020-07-15,2020-07-15,4020,2026-03-20
Z000103057,솔샘초통학구역,0,51,130,7801000,강원특별자치도교육청,7822000,강원특별자치도원주교육지원청,2016-08-12,2020-07-15,2264,2026-03-20
Z000101155,인천부흥초통학구역,0,28,237,7310000,인천광역시교육청,7331000,인천광역시북부교육지원청,2016-08-12,2020-07-14,224,2026-03-20
Z000101753,능실초통학구역,0,41,113,7530000,경기도교육청,7541000,경기도수원교육지원청,2016-08-12,2020-07-14,5164,2026-03-20
Z000150229,수기초안녕초공동통학구역,1,41,590,7530000,경기도교육청,7679000,경기도화성오산교육지원청,2016-08-12,2020-07-14,5052,2026-03-20
Z000101147,인천부내초통학구역,0,28,237,7310000,인천광역시교육청,7331000,인천광역시북부교육지원청,2016-08-12,2020-07-14,3360,2026-03-20
Z000102220,낙민초통학구역,0,41,285,7530000,경기도교육청,7621000,경기도고양교육지원청,2016-08-12,2016-08-12,6577,2026-03-20
Z000103679,천안부영초통학구역,0,44,131,8140000,충청남도교육청,8151000,충청남도천안교육지원청,2016-08-12,2016-08-12,3542,2026-03-20
Z000150090,대전갑천초대전성룡초공동통학구역,1,30,170,7430000,대전광역시교육청,7451000,대전광역시서부교육지원청,2016-08-12,2016-08-12,1165,2026-03-20
Z000103475,목행초통학구역,0,43,130,8000000,충청북도교육청,8021000,충청북도충주교육지원청,2016-08-12,2016-08-12,2268,2026-03-20
Z000150434,동암초서동초공동통학구역,1,44,210,8140000,충청남도교육청,8191000,충청남도서산교육지원청,2016-08-12,2016-08-12,3321,2026-03-20
Z000100117,서울당중초통학구역,0,11,560,7010000,서울특별시교육청,7041000,서울특별시남부교육지원청,2016-08-12,2016-08-12,1189,2026-03-20
Z000101893,위례고운초통학구역,0,41,131,7530000,경기도교육청,7551000,경기도성남교육지원청,2016-08-12,2018-08-11,5457,2026-03-20
Z000101392,광주백운초통학구역,0,29,155,7380000,광주광역시교육청,7401000,광주광역시서부교육지원청,2016-08-12,2018-02-06,915,2026-03-20
Z000100245,서울재동초통학구역,0,11,110,7010000,서울특별시교육청,7061000,서울특별시중부교육지원청,2016-08-12,2016-08-12,2377,2026-03-20
Z000100375,서울월촌초통학구역,0,11,470,7010000,서울특별시교육청,7081300,서울특별시강서양천교육지원청,2016-08-12,2016-08-12,3866,2026-03-20
Z000102268,주엽초통학구역,0,41,285,7530000,경기도교육청,7621000,경기도고양교육지원청,2016-08-12,2021-03-30,5675,2026-03-20
Z000106019,제주중앙초통학구역,0,50,110,9290000,제주특별자치도교육청,9296000,제주특별자치도제주시교육지원청,2016-08-12,2021-03-30,5084,2026-03-20
Z000151062,인천용현남초인천신선초공동통학구역,1,28,177,7310000,인천광역시교육청,7321000,인천광역시남부교육지원청,2021-01-05,2021-04-06,356,2026-03-20
Z000151061,인천용현남초인천학산초공동통학구역,1,28,177,7310000,인천광역시교육청,7321000,인천광역시남부교육지원청,2018-09-19,2021-04-06,3257,2026-03-20
Z000101105,인천신선초통학구역,0,28,110,7310000,인천광역시교육청,7321000,인천광역시남부교육지원청,2016-08-12,2021-04-06,557,2026-03-20
Z000104962,두호초통학구역,0,47,113,8750000,경상북도교육청,8761000,경상북도포항교육지원청,2016-08-12,2020-06-09,3787,2026-03-20
Z000104061,전주대성초통학구역,0,52,111,8321000,전북특별자치도교육청,8332000,전북특별자치도전주교육지원청,2016-08-12,2024-02-23,343,2026-03-20
Z000102081,덕계초통학구역,0,41,630,7530000,경기도교육청,7602000,경기도동두천양주교육지원청,2016-08-12,2016-08-12,4477,2026-03-20
Z000101910,가능초통학구역,0,41,150,7530000,경기도교육청,7561000,경기도의정부교육지원청,2016-08-12,2016-08-12,5399,2026-03-20
Z000105086,직지초통학구역,0,47,150,8750000,경상북도교육청,8781000,경상북도김천교육지원청,2016-08-12,2016-08-12,6612,2026-03-20
Z000102384,건원초통학구역,0,41,310,7530000,경기도교육청,7652000,경기도구리남양주교육지원청,2016-08-12,2016-08-12,110,2026-03-20
Z000103975,홍동초통학구역,0,44,800,8140000,충청남도교육청,8261000,충청남도홍성교육지원청,2016-08-12,2016-08-12,3946,2026-03-20
Z000103666,입장초통학구역,0,44,133,8140000,충청남도교육청,8151000,충청남도천안교육지원청,2016-08-12,2016-08-12,592,2026-03-20
Z000101369,서일초통학구역,0,29,170,7380000,광주광역시교육청,7391000,광주광역시동부교육지원청,2016-08-12,2016-12-12,5649,2026-03-20
Z000101428,선창초통학구역,0,29,200,7380000,광주광역시교육청,7401000,광주광역시서부교육지원청,2016-08-12,2016-08-12,2623,2026-03-20
Z000101432,송정동초통학구역,0,29,200,7380000,광주광역시교육청,7401000,광주광역시서부교육지원청,2016-08-12,2018-02-07,5260,2026-03-20
Z000102115,회정초통학구역,0,41,630,7530000,경기도교육청,7602000,경기도동두천양주교육지원청,2016-08-12,2016-08-12,5680,2026-03-20
Z000102873,용인신릉초통학구역,0,41,463,7530000,경기도교육청,7751000,경기도용인교육지원청,2016-08-12,2018-03-06,4287,2026-03-20
Z000101766,명인초통학구역,0,41,111,7530000,경기도교육청,7541000,경기도수원교육지원청,2016-08-12,2016-08-12,3271,2026-03-20
Z000102855,송전초통학구역,0,41,461,7530000,경기도교육청,7751000,경기도용인교육지원청,2016-08-12,2016-08-17,1472,2026-03-20
Z000102413,동구초통학구역,0,41,310,7530000,경기도교육청,7652000,경기도구리남양주교육지원청,2016-08-12,2016-08-12,6292,2026-03-20
Z000103992,신양초통학구역,0,44,810,8140000,충청남도교육청,8271000,충청남도예산교육지원청,2016-08-12,2016-08-12,5592,2026-03-20
Z000103732,이인초통학구역,0,44,150,8140000,충청남도교육청,8161000,충청남도공주교육지원청,2016-08-12,2016-08-12,4852,2026-03-20
Z000103726,수촌초통학구역,0,44,150,8140000,충청남도교육청,8161000,충청남도공주교육지원청,2016-08-12,2016-08-12,5304,2026-03-20
Z000103326,방산초통학구역,0,51,800,7801000,강원특별자치도교육청,7952000,강원특별자치도양구교육지원청,2016-08-12,2017-04-03,3962,2026-03-20
Z000102261,율동초통학구역,0,41,285,7530000,경기도교육청,7621000,경기도고양교육지원청,2016-08-12,2016-08-12,1239,2026-03-20
Z000150375,원통초월학초공동통학구역,1,51,810,7801000,강원특별자치도교육청,7962000,강원특별자치도인제교육지원청,2016-08-12,2017-02-20,2643,2026-03-20
Z000150376,원통초한계초공동통학구역,1,51,810,7801000,강원특별자치도교육청,7962000,강원특별자치도인제교육지원청,2016-08-12,2017-02-20,7085,2026-03-20
Z000101982,해오름초통학구역,0,41,173,7530000,경기도교육청,7569000,경기도안양과천교육지원청,2016-08-12,2016-08-12,4964,2026-03-20
Z000101825,팔달초통학구역,0,41,115,7530000,경기도교육청,7541000,경기도수원교육지원청,2016-08-12,2018-04-23,2741,2026-03-20
Z000103796,연화초통학구역,0,44,200,8140000,충청남도교육청,8181000,충청남도아산교육지원청,2016-08-12,2016-08-12,395,2026-03-20
Z000103129,장성초통학구역,0,51,190,7801000,강원특별자치도교육청,7852000,강원특별자치도태백교육지원청,2016-08-12,2016-08-12,4051,2026-03-20
Z000150377,간성초광산초공동통학구역,1,51,820,7801000,강원특별자치도교육청,7972000,강원특별자치도고성교육지원청,2016-08-12,2017-04-03,963,2026-03-20
Z000103296,화동초통학구역,0,51,770,7801000,강원특별자치도교육청,7922000,강원특별자치도정선교육지원청,2016-08-12,2016-08-12,5391,2026-03-20
Z000101386,광림초통학구역,0,29,140,7380000,광주광역시교육청,7401000,광주광역시서부교육지원청,2016-08-12,2016-08-12,5001,2026-03-20
Z000102200,하중초통학구역,0,41,390,7530000,경기도교육청,7781000,경기도시흥교육지원청,2016-08-12,2017-02-14,3985,2026-03-20
Z000100137,서울시흥초통학구역,0,11,545,7010000,서울특별시교육청,7041000,서울특별시남부교육지원청,2016-08-12,2016-08-12,5371,2026-03-20
Z000102679,위례초통학구역,0,41,450,7530000,경기도교육청,7692000,경기도광주하남교육지원청,2016-08-12,2018-01-29,125,2026-03-20
Z000100144,서울안천초통학구역,0,11,545,7010000,서울특별시교육청,7041000,서울특별시남부교육지원청,2016-08-12,2016-08-12,320,2026-03-20
Z000105719,산내초통학구역,0,48,270,9010000,경상남도교육청,9101000,경상남도밀양교육지원청,2016-08-12,2016-08-12,480,2026-03-20
Z000104583,순천성남초통학구역,0,46,150,8490000,전라남도교육청,8521000,전라남도순천교육지원청,2016-08-12,2017-02-13,2988,2026-03-20
Z000100689,동명초통학구역,0,26,470,7150000,부산광역시교육청,7191000,부산광역시동래교육지원청,2016-08-12,2016-08-12,3702,2026-03-20
Z000103995,예산중앙초통학구역,0,44,810,8140000,충청남도교육청,8271000,충청남도예산교육지원청,2016-08-12,2016-08-12,4488,2026-03-20
Z000150523,산대초안강제일초공동통학구역,1,47,130,8750000,경상북도교육청,8771000,경상북도경주교육지원청,2016-08-12,2016-08-12,5540,2026-03-20
Z000101052,대구논공초통학구역,0,27,710,7240000,대구광역시교육청,7281000,대구광역시달성교육지원청,2016-08-12,2016-08-12,2775,2026-03-20
Z000150087,동명초신탄진용정초공동통학구역,1,30,230,7430000,대전광역시교육청,7441000,대전광역시동부교육지원청,2016-08-12,2016-08-12,4880,2026-03-20
Z000100489,서울구의초통학구역,0,11,215,7010000,서울특별시교육청,7134000,서울특별시성동광진교육지원청,2016-08-12,2016-08-12,5111,2026-03-20
Z000100128,서울매봉초통학구역,0,11,530,7010000,서울특별시교육청,7041000,서울특별시남부교육지원청,2016-08-12,2016-08-12,1796,2026-03-20
Z000100486,서울광장초통학구역,0,11,215,7010000,서울특별시교육청,7134000,서울특별시성동광진교육지원청,2016-08-12,2016-08-12,3081,2026-03-20
Z000150239,화성금곡초숲속초공동통학구역,1,41,590,7530000,경기도교육청,7679000,경기도화성오산교육지원청,2016-08-12,2021-03-03,6085,2026-03-20
Z000102532,숲속초통학구역,0,41,590,7530000,경기도교육청,7679000,경기도화성오산교육지원청,2016-08-12,2021-03-03,1226,2026-03-20
Z000102506,무봉초통학구역,0,41,590,7530000,경기도교육청,7679000,경기도화성오산교육지원청,2016-08-12,2021-03-03,78,2026-03-20
Z000106321,단샘초통학구역,0,41,450,7530000,경기도교육청,7692000,경기도광주하남교육지원청,2021-03-03,2021-03-03,5984,2026-03-20
Z000102672,서부초통학구역,0,41,450,7530000,경기도교육청,7692000,경기도광주하남교육지원청,2016-08-12,2021-03-04,7109,2026-03-20
Z000100906,대구용호초통학구역,0,27,140,7240000,대구광역시교육청,7251000,대구광역시동부교육지원청,2016-08-12,2021-02-25,3436,2026-03-20
Z000103791,신화초통학구역,0,44,200,8140000,충청남도교육청,8181000,충청남도아산교육지원청,2016-08-12,2016-08-12,2535,2026-03-20
Z000150220,발안초양감초공동통학구역,1,41,590,7530000,경기도교육청,7679000,경기도화성오산교육지원청,2016-08-12,2016-08-12,822,2026-03-20
Z000104085,전주송원초통학구역,0,52,113,8321000,전북특별자치도교육청,8332000,전북특별자치도전주교육지원청,2016-08-12,2024-02-23,6036,2026-03-20
Z000102160,시흥능곡초통학구역,0,41,390,7530000,경기도교육청,7781000,경기도시흥교육지원청,2016-08-12,2021-04-06,7055,2026-03-20
Z000102156,승지초통학구역,0,41,390,7530000,경기도교육청,7781000,경기도시흥교육지원청,2016-08-12,2021-04-06,3289,2026-03-20
Z000101425,새별초통학구역,0,29,200,7380000,광주광역시교육청,7401000,광주광역시서부교육지원청,2016-08-12,2021-04-06,3121,2026-03-20
Z000102461,능서초통학구역,0,41,670,7530000,경기도교육청,7661000,경기도여주교육지원청,2016-08-12,2021-05-06,6748,2026-03-20
Z000103753,성주초통학구역,0,44,180,8140000,충청남도교육청,8171000,충청남도보령교육지원청,2016-08-12,2016-08-12,3059,2026-03-20
Z000103299,내대초통학구역,0,51,780,7801000,강원특별자치도교육청,7932000,강원특별자치도철원교육지원청,2016-08-12,2016-08-12,1070,2026-03-20
Z000100515,서울장안초통학구역,0,11,215,7010000,서울특별시교육청,7134000,서울특별시성동광진교육지원청,2016-08-12,2016-08-12,6118,2026-03-20
Z000101923,솔뫼초통학구역,0,41,150,7530000,경기도교육청,7561000,경기도의정부교육지원청,2016-08-12,2021-03-15,5992,2026-03-20
Z000105951,초계초덕곡분교장통학구역,0,48,890,9010000,경상남도교육청,9221000,경상남도합천교육지원청,2016-08-12,2016-08-12,4735,2026-03-20
Z000105870,하일초통학구역,0,48,820,9010000,경상남도교육청,9161000,경상남도고성교육지원청,2016-08-12,2016-08-12,3531,2026-03-20
Z000105956,쌍백초통학구역,0,48,890,9010000,경상남도교육청,9221000,경상남도합천교육지원청,2016-08-12,2016-08-12,3528,2026-03-20
Z000104123,전주효문초통학구역,0,52,111,8321000,전북특별자치도교육청,8332000,전북특별자치도전주교육지원청,2016-08-12,2024-02-23,2506,2026-03-20
Z000103649,성거초통학구역,0,44,133,8140000,충청남도교육청,8151000,충청남도천안교육지원청,2016-08-12,2016-08-12,2152,2026-03-20
Z000102570,한백초통학구역,0,41,590,7530000,경기도교육청,7679000,경기도화성오산교육지원청,2016-08-12,2018-10-19,1603,2026-03-20
Z000150116,청솔초늘푸른초공동통학구역,1,41,135,7530000,경기도교육청,7551000,경기도성남교육지원청,2016-08-12,2016-08-12,396,2026-03-20
Z000103889,양촌초통학구역,0,44,230,8140000,충청남도교육청,8222000,충청남도논산계룡교육지원청,2016-08-12,2016-08-12,1478,2026-03-20
Z000103210,율전초통학구역,0,51,720,7801000,강원특별자치도교육청,7882000,강원특별자치도홍천교육지원청,2016-08-12,2016-08-12,3842,2026-03-20
Z000150341,개곡초월곶초공동통학구역,1,41,570,7530000,경기도교육청,7771000,경기도김포교육지원청,2016-08-12,2016-08-12,3886,2026-03-20
Z000102740,미원초위곡분교장통학구역,0,41,820,7530000,경기도교육청,7721000,경기도가평교육지원청,2016-08-12,2016-08-12,6225,2026-03-20
Z000103859,신대초통학구역,0,44,710,8140000,충청남도교육청,8201000,충청남도금산교육지원청,2016-08-12,2017-10-30,3408,2026-03-20
Z000103894,왕전초통학구역,0,44,230,8140000,충청남도교육청,8222000,충청남도논산계룡교육지원청,2016-08-12,2016-08-12,955,2026-03-20
Z000103991,신암초통학구역,0,44,810,8140000,충청남도교육청,8271000,충청남도예산교육지원청,2016-08-12,2016-08-12,5,2026-03-20
Z000101365,문흥초통학구역,0,29,170,7380000,광주광역시교육청,7391000,광주광역시동부교육지원청,2016-08-12,2016-08-12,6127,2026-03-20
Z000103772,한내초통학구역,0,44,180,8140000,충청남도교육청,8171000,충청남도보령교육지원청,2016-08-12,2017-12-08,351,2026-03-20
Z000101773,선행초통학구역,0,41,113,7530000,경기도교육청,7541000,경기도수원교육지원청,2016-08-12,2016-08-12,156,2026-03-20
Z000102561,청목초통학구역,0,41,590,7530000,경기도교육청,7679000,경기도화성오산교육지원청,2016-08-12,2016-08-12,5144,2026-03-20
Z000102139,배곧초통학구역,0,41,390,7530000,경기도교육청,7781000,경기도시흥교육지원청,2016-08-12,2018-01-29,2008,2026-03-20
Z000101655,약사초통학구역,0,31,110,7480000,울산광역시교육청,7491000,울산광역시강북교육지원청,2016-08-12,2021-03-15,852,2026-03-20
Z000101675,함월초통학구역,0,31,110,7480000,울산광역시교육청,7491000,울산광역시강북교육지원청,2016-08-12,2021-03-15,7077,2026-03-20
Z000106213,은월초통학구역,0,31,200,7480000,울산광역시교육청,7491000,울산광역시강북교육지원청,2019-01-29,2021-03-15,6437,2026-03-20
Z000101637,매산초통학구역,0,31,200,7480000,울산광역시교육청,7491000,울산광역시강북교육지원청,2016-08-12,2021-03-15,237,2026-03-20
Z000106287,감일초통학구역,0,41,450,7530000,경기도교육청,7692000,경기도광주하남교육지원청,2020-04-14,2021-03-04,1550,2026-03-20
Z000106323,광주송정초통학구역,0,41,610,7530000,경기도교육청,7692000,경기도광주하남교육지원청,2021-03-08,2021-03-15,4181,2026-03-20
Z000104108,전주조촌초통학구역,0,52,113,8321000,전북특별자치도교육청,8332000,전북특별자치도전주교육지원청,2016-08-12,2024-02-23,667,2026-03-20
Z000104823,일로초통학구역,0,46,840,8490000,전라남도교육청,8661000,전라남도무안교육지원청,2016-08-12,2020-08-25,6786,2026-03-20
Z000104068,전주만성초통학구역,0,52,113,8321000,전북특별자치도교육청,8332000,전북특별자치도전주교육지원청,2016-08-12,2024-02-23,3343,2026-03-20
Z000104228,이리중앙초통학구역,0,52,140,8321000,전북특별자치도교육청,8352000,전북특별자치도익산교육지원청,2016-08-12,2024-02-23,709,2026-03-20
Z000104233,익산옥야초통학구역,0,52,140,8321000,전북특별자치도교육청,8352000,전북특별자치도익산교육지원청,2016-08-12,2024-02-23,5924,2026-03-20
Z000101837,효탑초통학구역,0,41,113,7530000,경기도교육청,7541000,경기도수원교육지원청,2016-08-12,2018-03-06,6369,2026-03-20
Z000103759,웅천초통학구역,0,44,180,8140000,충청남도교육청,8171000,충청남도보령교육지원청,2016-08-12,2017-12-08,2368,2026-03-20
Z000103567,학산초통학구역,0,43,740,8000000,충청북도교육청,8071000,충청북도영동교육지원청,2016-08-12,2016-08-12,3731,2026-03-20
Z000102076,고암초통학구역,0,41,630,7530000,경기도교육청,7602000,경기도동두천양주교육지원청,2016-08-12,2016-08-12,5208,2026-03-20
Z000100242,서울원효초통학구역,0,11,170,7010000,서울특별시교육청,7061000,서울특별시중부교육지원청,2016-08-12,2017-02-06,6961,2026-03-20
Z000100998,대구대진초통학구역,0,27,290,7240000,대구광역시교육청,7271000,대구광역시남부교육지원청,2016-08-12,2017-12-11,2042,2026-03-20
Z000105801,길곡초통학구역,0,48,740,9010000,경상남도교육청,9141000,경상남도창녕교육지원청,2016-08-12,2016-08-12,2852,2026-03-20
Z000102685,하남천현초통학구역,0,41,450,7530000,경기도교육청,7692000,경기도광주하남교육지원청,2016-08-12,2018-01-29,5669,2026-03-20
Z000103459,현도초통학구역,0,43,112,8000000,충청북도교육청,8011000,충청북도청주교육지원청,2016-08-12,2016-08-12,6633,2026-03-20
Z000102195,조남초통학구역,0,41,390,7530000,경기도교육청,7781000,경기도시흥교육지원청,2016-08-12,2018-01-29,2344,2026-03-20
Z000103025,호반초통학구역,0,51,110,7801000,강원특별자치도교육청,7812000,강원특별자치도춘천교육지원청,2016-08-12,2016-08-12,4624,2026-03-20
Z000105116,임동초통학구역,0,47,170,8750000,경상북도교육청,8791000,경상북도안동교육지원청,2016-08-12,2016-08-12,2290,2026-03-20
Z000150514,구정초인덕초청림초공동통학구역,1,47,111,8750000,경상북도교육청,8761000,경상북도포항교육지원청,2016-08-12,2016-08-12,243,2026-03-20
Z000150337,용인신릉초언남초공동통학구역,1,41,463,7530000,경기도교육청,7751000,경기도용인교육지원청,2016-08-12,2016-08-12,5141,2026-03-20
Z000106322,대구연경초통학구역,0,27,230,7240000,대구광역시교육청,7261000,대구광역시서부교육지원청,2021-03-03,2021-03-03,6073,2026-03-20
Z000100961,대구성북초통학구역,0,27,230,7240000,대구광역시교육청,7261000,대구광역시서부교육지원청,2016-08-12,2021-03-03,6857,2026-03-20
Z000101701,백합초통학구역,0,31,140,7480000,울산광역시교육청,7501000,울산광역시강남교육지원청,2016-08-12,2021-03-03,2909,2026-03-20
Z000101704,삼산초통학구역,0,31,140,7480000,울산광역시교육청,7501000,울산광역시강남교육지원청,2016-08-12,2021-03-03,3786,2026-03-20
Z000151114,온산초삼평초공동(일방)통학구역,1,31,710,7480000,울산광역시교육청,7501000,울산광역시강남교육지원청,2021-03-04,2021-03-04,3518,2026-03-20
Z000100459,서울사당초통학구역,0,11,620,7010000,서울특별시교육청,7132000,서울특별시동작관악교육지원청,2016-08-12,2016-08-12,5039,2026-03-20
Z000150243,금신초금촌초파주송화초공동통학구역,1,41,480,7530000,경기도교육청,7681000,경기도파주교육지원청,2016-08-12,2016-08-12,4812,2026-03-20
Z000106122,서울금나래초통학구역,0,11,545,7010000,서울특별시교육청,7041000,서울특별시남부교육지원청,2017-01-09,2017-01-09,1192,2026-03-20
Z000102949,금파초통학구역,0,41,570,7530000,경기도교육청,7771000,경기도김포교육지원청,2016-08-12,2016-08-12,2899,2026-03-20
Z000102147,서해초통학구역,0,41,390,7530000,경기도교육청,7781000,경기도시흥교육지원청,2016-08-12,2017-02-14,216,2026-03-20
Z000102127,냉정초통학구역,0,41,390,7530000,경기도교육청,7781000,경기도시흥교육지원청,2016-08-12,2017-02-14,3780,2026-03-20
Z000106210,서울가락초통학구역,0,11,710,7010000,서울특별시교육청,7130000,서울특별시강동송파교육지원청,2019-01-19,2019-01-19,4862,2026-03-20
Z000150726,서울석촌초서울해누리초공동통학구역,1,11,710,7010000,서울특별시교육청,7130000,서울특별시강동송파교육지원청,2016-08-12,2019-01-19,3071,2026-03-20
Z000100680,금성초통학구역,0,26,320,7150000,부산광역시교육청,7191000,부산광역시동래교육지원청,2016-08-12,2016-08-12,1001,2026-03-20
Z000103180,장원초통학구역,0,51,230,7801000,강원특별자치도교육청,7872000,강원특별자치도삼척교육지원청,2016-08-12,2016-08-12,5536,2026-03-20
Z000103226,둔내초통학구역,0,51,730,7801000,강원특별자치도교육청,7892000,강원특별자치도횡성교육지원청,2016-08-12,2016-08-12,4273,2026-03-20
Z000103298,김화초통학구역,0,51,780,7801000,강원특별자치도교육청,7932000,강원특별자치도철원교육지원청,2016-08-12,2016-08-12,2228,2026-03-20
Z000101409,동곡초통학구역,0,29,200,7380000,광주광역시교육청,7401000,광주광역시서부교육지원청,2016-08-12,2018-02-07,2195,2026-03-20
Z000100287,서울선린초통학구역,0,11,740,7010000,서울특별시교육청,7130000,서울특별시강동송파교육지원청,2016-08-12,2016-08-12,3675,2026-03-20
Z000101800,영화초통학구역,0,41,111,7530000,경기도교육청,7541000,경기도수원교육지원청,2016-08-12,2018-03-20,5494,2026-03-20
Z000101932,의정부신곡초통학구역,0,41,150,7530000,경기도교육청,7561000,경기도의정부교육지원청,2016-08-12,2019-02-19,3441,2026-03-20
Z000103246,마차초통학구역,0,51,750,7801000,강원특별자치도교육청,7902000,강원특별자치도영월교육지원청,2016-08-12,2020-01-16,1609,2026-03-20
Z000105997,신제주초통학구역,0,50,110,9290000,제주특별자치도교육청,9296000,제주특별자치도제주시교육지원청,2016-08-12,2020-02-10,2352,2026-03-20
Z000104156,당북초통학구역,0,52,130,8321000,전북특별자치도교육청,8342000,전북특별자치도군산교육지원청,2016-08-12,2026-03-01,1102,2026-03-20
Z000100596,을숙도초통학구역,0,26,380,7150000,부산광역시교육청,7171000,부산광역시서부교육지원청,2016-08-12,2016-08-12,4934,2026-03-20
Z000104697,녹동초소록도분교통학구역,0,46,770,8490000,전라남도교육청,8591000,전라남도고흥교육지원청,2016-08-12,2016-08-12,5452,2026-03-20
Z000100204,서울원광초통학구역,0,11,350,7010000,서울특별시교육청,7051000,서울특별시북부교육지원청,2016-08-12,2016-08-12,1704,2026-03-20
Z000100157,서울오류초통학구역,0,11,530,7010000,서울특별시교육청,7041000,서울특별시남부교육지원청,2016-08-12,2016-08-12,6204,2026-03-20
Z000100019,서울신묵초통학구역,0,11,260,7010000,서울특별시교육청,7021000,서울특별시동부교육지원청,2016-08-12,2016-08-12,6119,2026-03-20
Z000101341,광주서산초통학구역,0,29,170,7380000,광주광역시교육청,7391000,광주광역시동부교육지원청,2016-08-12,2016-08-12,917,2026-03-20
Z000102161,시흥도원초통학구역,0,41,390,7530000,경기도교육청,7781000,경기도시흥교육지원청,2016-08-12,2018-01-29,368,2026-03-20
Z000103489,충주교현초통학구역,0,43,130,8000000,충청북도교육청,8021000,충청북도충주교육지원청,2016-08-12,2019-12-24,6688,2026-03-20
Z000150484,곡성중앙초죽곡초공동통학구역,1,46,720,8490000,전라남도교육청,8571000,전라남도곡성교육지원청,2016-08-12,2016-08-12,1631,2026-03-20
Z000150473,순천봉화초순천이수초공동통학구역,1,46,150,8490000,전라남도교육청,8521000,전라남도순천교육지원청,2016-08-12,2016-08-12,2991,2026-03-20
Z000101912,고산초통학구역,0,41,150,7530000,경기도교육청,7561000,경기도의정부교육지원청,2016-08-12,2016-08-12,3634,2026-03-20
Z000106061,서호초통학구역,0,50,130,9290000,제주특별자치도교육청,9299000,제주특별자치도서귀포시교육지원청,2016-08-12,2019-11-12,1419,2026-03-20
Z000150408,옥동초초평초공동통학구역,1,43,750,8000000,충청북도교육청,8081000,충청북도진천교육지원청,2016-08-12,2019-12-19,1822,2026-03-20
Z000103571,만승초통학구역,0,43,750,8000000,충청북도교육청,8081000,충청북도진천교육지원청,2016-08-12,2019-12-19,3094,2026-03-20
Z000106212,고헌초통학구역,0,31,200,7480000,울산광역시교육청,7491000,울산광역시강북교육지원청,2019-01-29,2019-01-30,241,2026-03-20
Z000100053,서울망원초통학구역,0,11,440,7010000,서울특별시교육청,7031000,서울특별시서부교육지원청,2016-08-12,2016-08-12,2721,2026-03-20
Z000150001,서울군자초서울답십리초공동통학구역,1,11,230,7010000,서울특별시교육청,7021000,서울특별시동부교육지원청,2016-08-12,2016-08-12,5333,2026-03-20
Z000100639,성남초통학구역,0,26,170,7150000,부산광역시교육청,7181000,부산광역시남부교육지원청,2016-08-12,2016-08-12,5477,2026-03-20
Z000100391,서울대도초통학구역,0,11,680,7010000,서울특별시교육청,7091300,서울특별시강남서초교육지원청,2016-08-12,2016-08-12,5331,2026-03-20
Z000100318,서울풍성초통학구역,0,11,710,7010000,서울특별시교육청,7130000,서울특별시강동송파교육지원청,2016-08-12,2016-08-12,5142,2026-03-20
Z000100369,서울염경초통학구역,0,11,500,7010000,서울특별시교육청,7081300,서울특별시강서양천교육지원청,2016-08-12,2016-08-12,3864,2026-03-20
Z000100332,서울내발산초통학구역,0,11,500,7010000,서울특별시교육청,7081300,서울특별시강서양천교육지원청,2016-08-12,2016-08-12,887,2026-03-20
Z000101936,의정부청룡초통학구역,0,41,150,7530000,경기도교육청,7561000,경기도의정부교육지원청,2016-08-12,2019-02-20,4474,2026-03-20
Z000100481,서울흑석초통학구역,0,11,590,7010000,서울특별시교육청,7132000,서울특별시동작관악교육지원청,2016-08-12,2016-08-12,567,2026-03-20
Z000100327,서울경인초통학구역,0,11,470,7010000,서울특별시교육청,7081300,서울특별시강서양천교육지원청,2016-08-12,2016-08-12,319,2026-03-20
Z000101450,월곡초통학구역,0,29,200,7380000,광주광역시교육청,7401000,광주광역시서부교육지원청,2016-08-12,2016-08-18,1296,2026-03-20
Z000150950,일직초단촌초공동통학구역,1,47,170,8750000,경상북도교육청,8791000,경상북도안동교육지원청,2020-01-14,2020-01-14,49,2026-03-20
Z000105197,영화초통학구역,0,47,230,8750000,경상북도교육청,8821000,경상북도영천교육지원청,2016-08-12,2020-01-16,1348,2026-03-20
Z000101634,동부초통학구역,0,31,170,7480000,울산광역시교육청,7491000,울산광역시강북교육지원청,2016-08-12,2020-02-19,6445,2026-03-20
Z000150811,대구세천초대구하빈초공동(일방)통학구역,1,27,710,7240000,대구광역시교육청,7281000,대구광역시달성교육지원청,2020-01-13,2020-01-13,2515,2026-03-20
Z000101374,오치초통학구역,0,29,170,7380000,광주광역시교육청,7391000,광주광역시동부교육지원청,2016-08-12,2016-08-12,3881,2026-03-20
Z000104813,망운초통학구역,0,46,840,8490000,전라남도교육청,8661000,전라남도무안교육지원청,2016-08-12,2016-08-12,1510,2026-03-20
Z000104800,도포초통학구역,0,46,830,8490000,전라남도교육청,8651000,전라남도영암교육지원청,2016-08-12,2017-02-14,4239,2026-03-20
Z000150300,신하초아미초이천사동초공동통학구역,1,41,500,7530000,경기도교육청,7741000,경기도이천교육지원청,2016-08-12,2021-06-01,4884,2026-03-20
Z000106327,판교대장초통학구역,0,41,135,7530000,경기도교육청,7551000,경기도성남교육지원청,2020-11-27,2021-06-01,7033,2026-03-20
Z000150106,판교대장초고기초산운초공동통학구역,1,41,135,7530000,경기도교육청,7551000,경기도성남교육지원청,2016-08-12,2021-06-01,3482,2026-03-20
Z000103153,온정초통학구역,0,51,210,7801000,강원특별자치도교육청,7863000,강원특별자치도속초양양교육지원청,2016-08-12,2021-02-24,4705,2026-03-20
Z000100660,용호초통학구역,0,26,290,7150000,부산광역시교육청,7181000,부산광역시남부교육지원청,2016-08-12,2016-08-12,1992,2026-03-20
Z000105600,진성초통학구역,0,48,170,9010000,경상남도교육청,9051000,경상남도진주교육지원청,2016-08-12,2016-08-12,6007,2026-03-20
Z000102704,가산초통학구역,0,41,650,7530000,경기도교육청,7711000,경기도포천교육지원청,2016-08-12,2016-08-12,5058,2026-03-20
Z000102730,태봉초통학구역,0,41,650,7530000,경기도교육청,7711000,경기도포천교육지원청,2016-08-12,2016-08-12,1899,2026-03-20
Z000102710,송우초통학구역,0,41,650,7530000,경기도교육청,7711000,경기도포천교육지원청,2016-08-12,2016-08-12,1895,2026-03-20
Z000100256,서울흥인초통학구역,0,11,140,7010000,서울특별시교육청,7061000,서울특별시중부교육지원청,2016-08-12,2017-02-17,1933,2026-03-20
Z000102162,시흥매화초통학구역,0,41,390,7530000,경기도교육청,7781000,경기도시흥교육지원청,2016-08-12,2017-02-14,3502,2026-03-20
Z000100382,서울탑산초통학구역,0,11,500,7010000,서울특별시교육청,7081300,서울특별시강서양천교육지원청,2016-08-12,2018-04-25,3572,2026-03-20
Z000100363,서울양명초통학구역,0,11,470,7010000,서울특별시교육청,7081300,서울특별시강서양천교육지원청,2016-08-12,2016-08-12,19,2026-03-20
Z000150015,서울공연초서울용원초공동통학구역,1,11,350,7010000,서울특별시교육청,7051000,서울특별시북부교육지원청,2016-08-12,2016-08-12,3475,2026-03-20
Z000102322,진위초통학구역,0,41,220,7530000,경기도교육청,7631000,경기도평택교육지원청,2016-08-12,2016-08-12,5712,2026-03-20
Z000100284,서울삼전초통학구역,0,11,710,7010000,서울특별시교육청,7130000,서울특별시강동송파교육지원청,2016-08-12,2016-08-12,662,2026-03-20
Z000103740,개화초통학구역,0,44,180,8140000,충청남도교육청,8171000,충청남도보령교육지원청,2016-08-12,2016-08-12,2452,2026-03-20
Z000100962,대구신암초통학구역,0,27,230,7240000,대구광역시교육청,7261000,대구광역시서부교육지원청,2016-08-12,2016-08-12,6923,2026-03-20
Z000103779,도고초통학구역,0,44,200,8140000,충청남도교육청,8181000,충청남도아산교육지원청,2016-08-12,2016-08-12,288,2026-03-20
Z000101611,대전죽동초통학구역,0,30,200,7430000,대전광역시교육청,7451000,대전광역시서부교육지원청,2016-08-12,2016-08-12,188,2026-03-20
Z000100047,서울녹번초통학구역,0,11,380,7010000,서울특별시교육청,7031000,서울특별시서부교육지원청,2016-08-12,2016-08-12,3243,2026-03-20
Z000100183,서울상수초통학구역,0,11,350,7010000,서울특별시교육청,7051000,서울특별시북부교육지원청,2016-08-12,2016-08-12,1660,2026-03-20
Z000106325,위례숲초통학구역,0,41,450,7530000,경기도교육청,7692000,경기도광주하남교육지원청,2021-03-08,2021-03-15,2464,2026-03-20
Z000150982,단계초우산초공동통학구역,1,51,130,7801000,강원특별자치도교육청,7822000,강원특별자치도원주교육지원청,2020-07-09,2020-07-09,3141,2026-03-20
Z000103031,구곡초통학구역,0,51,130,7801000,강원특별자치도교육청,7822000,강원특별자치도원주교육지원청,2016-08-12,2020-07-09,4916,2026-03-20
Z000150983,구곡초교동초공통통학구역,1,51,130,7801000,강원특별자치도교육청,7822000,강원특별자치도원주교육지원청,2020-07-09,2020-07-09,5777,2026-03-20
Z000150984,솔샘초무실초공동통학구역,1,51,130,7801000,강원특별자치도교육청,7822000,강원특별자치도원주교육지원청,2020-07-09,2020-07-09,4907,2026-03-20
Z000103047,반곡초통학구역,0,51,130,7801000,강원특별자치도교육청,7822000,강원특별자치도원주교육지원청,2016-08-12,2020-07-09,400,2026-03-20
Z000105151,옥계초통학구역,0,47,190,8750000,경상북도교육청,8801000,경상북도구미교육지원청,2016-08-12,2020-03-16,2768,2026-03-20
Z000105990,삼성초통학구역,0,50,110,9290000,제주특별자치도교육청,9296000,제주특별자치도제주시교육지원청,2016-08-12,2020-06-08,5885,2026-03-20
Z000100122,서울덕의초통학구역,0,11,530,7010000,서울특별시교육청,7041000,서울특별시남부교육지원청,2016-08-12,2016-08-12,6761,2026-03-20
Z000150598,양산초양주초삽량초공동통학구역,1,48,330,9010000,경상남도교육청,9151000,경상남도양산교육지원청,2016-08-12,2016-08-12,5833,2026-03-20
Z000104401,삼계초통학구역,0,52,750,8321000,전북특별자치도교육청,8432000,전북특별자치도임실교육지원청,2016-08-12,2024-02-23,4009,2026-03-20
Z000104411,금과초통학구역,0,52,770,8321000,전북특별자치도교육청,8442000,전북특별자치도순창교육지원청,2016-08-12,2024-02-23,5148,2026-03-20
Z000106004,영평초통학구역,0,50,110,9290000,제주특별자치도교육청,9296000,제주특별자치도제주시교육지원청,2016-08-12,2016-08-12,2127,2026-03-20
Z000106024,추자초통학구역,0,50,110,9290000,제주특별자치도교육청,9296000,제주특별자치도제주시교육지원청,2016-08-12,2016-08-12,2329,2026-03-20
Z000105721,산외초통학구역,0,48,270,9010000,경상남도교육청,9101000,경상남도밀양교육지원청,2016-08-12,2016-08-12,4720,2026-03-20
Z000104134,군산문화초통학구역,0,52,130,8321000,전북특별자치도교육청,8342000,전북특별자치도군산교육지원청,2016-08-12,2024-02-23,1249,2026-03-20
Z000150617,감성초반포초공동통학구역,1,36,110,9300000,세종특별자치시교육청,9300000,세종특별자치시교육청,2016-08-12,2016-08-12,3285,2026-03-20
Z000101051,대구남동초통학구역,0,27,710,7240000,대구광역시교육청,7281000,대구광역시달성교육지원청,2016-08-12,2016-08-12,2519,2026-03-20
Z000104892,청산초통학구역,0,46,890,8490000,전라남도교육청,8701000,전라남도완도교육지원청,2016-08-12,2016-08-12,548,2026-03-20
Z000104871,고금초통학구역,0,46,890,8490000,전라남도교육청,8701000,전라남도완도교육지원청,2016-08-12,2016-08-12,6216,2026-03-20
Z000103177,신동초통학구역,0,51,230,7801000,강원특별자치도교육청,7872000,강원특별자치도삼척교육지원청,2016-08-12,2016-08-12,5474,2026-03-20
Z000103193,대곡초통학구역,0,51,720,7801000,강원특별자치도교육청,7882000,강원특별자치도홍천교육지원청,2016-08-12,2016-08-12,534,2026-03-20
Z000103953,청남초통학구역,0,44,790,8140000,충청남도교육청,8251000,충청남도청양교육지원청,2016-08-12,2016-08-12,4159,2026-03-20
Z000103056,소초초통학구역,0,51,130,7801000,강원특별자치도교육청,7822000,강원특별자치도원주교육지원청,2016-08-12,2016-08-12,4640,2026-03-20
Z000103764,청라초통학구역,0,44,180,8140000,충청남도교육청,8171000,충청남도보령교육지원청,2016-08-12,2017-12-08,2890,2026-03-20
Z000101216,인천옥련초통학구역,0,28,185,7310000,인천광역시교육청,7341000,인천광역시동부교육지원청,2016-08-12,2018-11-15,6805,2026-03-20
Z000101335,광주동초충효분교장통학구역,0,29,170,7380000,광주광역시교육청,7391000,광주광역시동부교육지원청,2016-08-12,2016-08-12,151,2026-03-20
Z000150569,대곡초미천초공동통학구역,1,48,170,9010000,경상남도교육청,9051000,경상남도진주교육지원청,2016-08-12,2016-08-12,4086,2026-03-20
Z000102125,군자초통학구역,0,41,390,7530000,경기도교육청,7781000,경기도시흥교육지원청,2016-08-12,2017-02-14,3052,2026-03-20
Z000104381,무풍초통학구역,0,52,730,8321000,전북특별자치도교육청,8412000,전북특별자치도무주교육지원청,2016-08-12,2024-02-23,452,2026-03-20
Z000150411,괴산명덕초문광초공동통학구역,1,43,760,8000000,충청북도교육청,8092000,충청북도괴산증평교육지원청,2016-08-12,2016-08-12,1046,2026-03-20
Z000104593,순천인안초통학구역,0,46,150,8490000,전라남도교육청,8521000,전라남도순천교육지원청,2016-08-12,2016-08-12,6517,2026-03-20
Z000100239,서울신용산초통학구역,0,11,170,7010000,서울특별시교육청,7061000,서울특별시중부교육지원청,2016-08-12,2017-02-06,5921,2026-03-20
Z000150628,서울광희초서울창신초공동통학구역,1,11,110,7010000,서울특별시교육청,7061000,서울특별시중부교육지원청,2017-02-06,2017-02-06,2823,2026-03-20
Z000150629,서울강솔초서울강일초공동통학구역,1,11,740,7010000,서울특별시교육청,7130000,서울특별시강동송파교육지원청,2017-02-06,2017-02-27,5303,2026-03-20
Z000100078,서울연가초통학구역,0,11,410,7010000,서울특별시교육청,7031000,서울특별시서부교육지원청,2016-08-12,2017-12-08,4407,2026-03-20
Z000100272,서울대명초통학구역,0,11,740,7010000,서울특별시교육청,7130000,서울특별시강동송파교육지원청,2016-08-12,2016-08-12,2465,2026-03-20
Z000100250,서울충무초통학구역,0,11,140,7010000,서울특별시교육청,7061000,서울특별시중부교육지원청,2016-08-12,2018-02-23,5167,2026-03-20
Z000101454,유촌초통학구역,0,29,140,7380000,광주광역시교육청,7401000,광주광역시서부교육지원청,2016-08-12,2017-02-16,5356,2026-03-20
Z000100761,모산초통학구역,0,26,530,7150000,부산광역시교육청,7201000,부산광역시북부교육지원청,2016-08-12,2016-08-12,1363,2026-03-20
Z000100693,명동초통학구역,0,26,260,7150000,부산광역시교육청,7191000,부산광역시동래교육지원청,2016-08-12,2016-08-12,1063,2026-03-20
Z000100477,서울인헌초통학구역,0,11,620,7010000,서울특별시교육청,7132000,서울특별시동작관악교육지원청,2016-08-12,2016-08-12,4089,2026-03-20
Z000102860,신일초통학구역,0,41,465,7530000,경기도교육청,7751000,경기도용인교육지원청,2016-08-12,2016-08-12,2592,2026-03-20
Z000100803,대청초통학구역,0,26,710,7150000,부산광역시교육청,7211000,부산광역시해운대교육지원청,2016-08-12,2021-02-22,464,2026-03-20
Z000100798,기장초통학구역,0,26,710,7150000,부산광역시교육청,7211000,부산광역시해운대교육지원청,2016-08-12,2021-02-22,2277,2026-03-20
Z000106162,방곡초통학구역,0,26,710,7150000,부산광역시교육청,7211000,부산광역시해운대교육지원청,2018-02-07,2021-02-22,4919,2026-03-20
Z000151109,방곡초달산초공동통학구역,1,26,710,7150000,부산광역시교육청,7211000,부산광역시해운대교육지원청,2021-02-22,2021-02-22,2886,2026-03-20
Z000101046,대구가창초통학구역,0,27,710,7240000,대구광역시교육청,7281000,대구광역시달성교육지원청,2016-08-12,2016-08-12,2567,2026-03-20
Z000101049,대구금계초통학구역,0,27,710,7240000,대구광역시교육청,7281000,대구광역시달성교육지원청,2016-08-12,2016-08-12,1607,2026-03-20
Z000101731,울주명지초통학구역,0,31,710,7480000,울산광역시교육청,7501000,울산광역시강남교육지원청,2016-08-12,2016-08-12,3147,2026-03-20
Z000100782,주양초통학구역,0,26,530,7150000,부산광역시교육청,7201000,부산광역시북부교육지원청,2016-08-12,2016-08-12,5214,2026-03-20
Z000100942,대구대성초통학구역,0,27,170,7240000,대구광역시교육청,7261000,대구광역시서부교육지원청,2016-08-12,2016-08-12,5073,2026-03-20
Z000100410,서울서이초통학구역,0,11,650,7010000,서울특별시교육청,7091300,서울특별시강남서초교육지원청,2016-08-12,2016-08-12,1030,2026-03-20
Z000100155,서울영중초통학구역,0,11,560,7010000,서울특별시교육청,7041000,서울특별시남부교육지원청,2016-08-12,2017-09-05,1712,2026-03-20
Z000101455,은빛초통학구역,0,29,200,7380000,광주광역시교육청,7401000,광주광역시서부교육지원청,2016-08-12,2017-02-16,5263,2026-03-20
Z000101385,고실초통학구역,0,29,200,7380000,광주광역시교육청,7401000,광주광역시서부교육지원청,2016-08-12,2016-08-12,3288,2026-03-20
Z000103288,사북초통학구역,0,51,770,7801000,강원특별자치도교육청,7922000,강원특별자치도정선교육지원청,2016-08-12,2016-08-12,2731,2026-03-20
Z000103138,광정초통학구역,0,51,830,7801000,강원특별자치도교육청,7863000,강원특별자치도속초양양교육지원청,2016-08-12,2016-08-12,1654,2026-03-20
Z000104286,대강초통학구역,0,52,190,8321000,전북특별자치도교육청,8372000,전북특별자치도남원교육지원청,2016-08-12,2024-02-23,2241,2026-03-20
Z000101698,반곡초통학구역,0,31,710,7480000,울산광역시교육청,7501000,울산광역시강남교육지원청,2016-08-12,2016-08-12,1328,2026-03-20
Z000103962,금마초통학구역,0,44,800,8140000,충청남도교육청,8261000,충청남도홍성교육지원청,2016-08-12,2016-08-12,2162,2026-03-20
Z000150110,대하초중원초공동통학구역,1,41,133,7530000,경기도교육청,7551000,경기도성남교육지원청,2016-08-12,2016-08-12,2463,2026-03-20
Z000105035,안강초통학구역,0,47,130,8750000,경상북도교육청,8771000,경상북도경주교육지원청,2016-08-12,2016-08-12,5792,2026-03-20
Z000103035,단계초통학구역,0,51,130,7801000,강원특별자치도교육청,7822000,강원특별자치도원주교육지원청,2016-08-12,2020-07-09,4910,2026-03-20
Z000100842,정원초통학구역,0,26,710,7150000,부산광역시교육청,7211000,부산광역시해운대교육지원청,2016-08-12,2021-02-22,1093,2026-03-20
Z000151110,정원초신정초공동통학구역,1,26,710,7150000,부산광역시교육청,7211000,부산광역시해운대교육지원청,2016-08-12,2021-02-22,4669,2026-03-20
Z000106181,서연초통학구역,0,41,590,7530000,경기도교육청,7679000,경기도화성오산교육지원청,2018-03-27,2021-02-22,6037,2026-03-20
Z000103738,호계초통학구역,0,44,150,8140000,충청남도교육청,8161000,충청남도공주교육지원청,2016-08-12,2016-08-12,4392,2026-03-20
Z000150328,소현초솔개초공동통학구역,1,41,465,7530000,경기도교육청,7751000,경기도용인교육지원청,2016-08-12,2016-08-12,6901,2026-03-20
Z000100311,서울중대초통학구역,0,11,710,7010000,서울특별시교육청,7130000,서울특별시강동송파교육지원청,2016-08-12,2016-08-12,5149,2026-03-20
Z000100935,대구구암초통학구역,0,27,230,7240000,대구광역시교육청,7261000,대구광역시서부교육지원청,2016-08-12,2016-08-12,3298,2026-03-20
Z000105827,서남초통학구역,0,48,330,9010000,경상남도교육청,9151000,경상남도양산교육지원청,2016-08-12,2016-08-12,4062,2026-03-20
Z000150075,봉산초월봉초공동통학구역,1,29,200,7380000,광주광역시교육청,7401000,광주광역시서부교육지원청,2016-08-12,2016-08-12,1742,2026-03-20
Z000105582,반성초통학구역,0,48,170,9010000,경상남도교육청,9051000,경상남도진주교육지원청,2016-08-12,2016-08-12,4279,2026-03-20
Z000105723,상남초통학구역,0,48,270,9010000,경상남도교육청,9101000,경상남도밀양교육지원청,2016-08-12,2016-08-12,3615,2026-03-20
Z000100733,금곡초통학구역,0,26,320,7150000,부산광역시교육청,7201000,부산광역시북부교육지원청,2016-08-12,2016-08-12,4358,2026-03-20
Z000150567,갈전초금산초공동통학구역,1,48,170,9010000,경상남도교육청,9051000,경상남도진주교육지원청,2016-08-12,2018-10-26,4437,2026-03-20
Z000150571,수곡초촉석초공동통학구역,1,48,170,9010000,경상남도교육청,9051000,경상남도진주교육지원청,2016-08-12,2018-02-22,2857,2026-03-20
Z000100779,와석초통학구역,0,26,320,7150000,부산광역시교육청,7201000,부산광역시북부교육지원청,2016-08-12,2016-08-12,4357,2026-03-20
Z000150360,쌍룡초연당초공동통학구역,1,51,750,7801000,강원특별자치도교육청,7902000,강원특별자치도영월교육지원청,2016-08-12,2016-08-12,5610,2026-03-20
Z000101438,수완초통학구역,0,29,200,7380000,광주광역시교육청,7401000,광주광역시서부교육지원청,2016-08-12,2018-02-07,840,2026-03-20
Z000101203,인천송도초통학구역,0,28,185,7310000,인천광역시교육청,7341000,인천광역시동부교육지원청,2016-08-12,2018-11-15,2449,2026-03-20
Z000101446,운남초통학구역,0,29,200,7380000,광주광역시교육청,7401000,광주광역시서부교육지원청,2016-08-12,2016-08-12,600,2026-03-20
Z000100377,서울장수초통학구역,0,11,470,7010000,서울특별시교육청,7081300,서울특별시강서양천교육지원청,2016-08-12,2020-07-13,9,2026-03-20
Z000100506,서울양남초통학구역,0,11,215,7010000,서울특별시교육청,7134000,서울특별시성동광진교육지원청,2016-08-12,2016-08-12,1561,2026-03-20
Z000100514,서울자양초통학구역,0,11,215,7010000,서울특별시교육청,7134000,서울특별시성동광진교육지원청,2016-08-12,2016-08-12,131,2026-03-20
Z000150351,양도초풍무초공동통학구역,1,41,570,7530000,경기도교육청,7771000,경기도김포교육지원청,2016-08-12,2016-08-12,5544,2026-03-20
Z000102724,정교초통학구역,0,41,650,7530000,경기도교육청,7711000,경기도포천교육지원청,2016-08-12,2016-08-12,3016,2026-03-20
Z000100312,서울천동초통학구역,0,11,740,7010000,서울특별시교육청,7130000,서울특별시강동송파교육지원청,2016-08-12,2016-08-12,1882,2026-03-20
Z000150045,서울중광초서울중마초공동통학구역,1,11,215,7010000,서울특별시교육청,7134000,서울특별시성동광진교육지원청,2016-08-12,2017-04-03,1705,2026-03-20
Z000100361,서울양강초통학구역,0,11,470,7010000,서울특별시교육청,7081300,서울특별시강서양천교육지원청,2016-08-12,2016-08-12,2696,2026-03-20
Z000100323,서울강서초통학구역,0,11,470,7010000,서울특별시교육청,7081300,서울특별시강서양천교육지원청,2016-08-12,2016-08-12,2690,2026-03-20
Z000102184,옥터초통학구역,0,41,390,7530000,경기도교육청,7781000,경기도시흥교육지원청,2016-08-12,2017-02-14,6886,2026-03-20
Z000105739,능포초통학구역,0,48,310,9010000,경상남도교육청,9111000,경상남도거제교육지원청,2016-08-12,2018-05-03,2727,2026-03-20
Z000100984,대구감천초통학구역,0,27,290,7240000,대구광역시교육청,7271000,대구광역시남부교육지원청,2016-08-12,2016-08-12,2047,2026-03-20
Z000103372,갈원초통학구역,0,43,112,8000000,충청북도교육청,8011000,충청북도청주교육지원청,2016-08-12,2016-08-12,6979,2026-03-20
Z000106081,하원초통학구역,0,50,130,9290000,제주특별자치도교육청,9299000,제주특별자치도서귀포시교육지원청,2016-08-12,2016-08-12,2442,2026-03-20
Z000100574,동신초통학구역,0,26,140,7150000,부산광역시교육청,7171000,부산광역시서부교육지원청,2016-08-12,2016-08-12,4075,2026-03-20
Z000106015,제주남초통학구역,0,50,110,9290000,제주특별자치도교육청,9296000,제주특별자치도제주시교육지원청,2016-08-12,2020-06-08,6779,2026-03-20
Z000150955,서산서남초오산초공동(일방)통학구역,1,44,210,8140000,충청남도교육청,8191000,충청남도서산교육지원청,2020-03-24,2020-03-24,6867,2026-03-20
Z000101564,대전구봉초통학구역,0,30,170,7430000,대전광역시교육청,7451000,대전광역시서부교육지원청,2016-08-12,2016-11-28,1069,2026-03-20
Z000100109,서울구로남초통학구역,0,11,530,7010000,서울특별시교육청,7041000,서울특별시남부교육지원청,2016-08-12,2016-08-12,3002,2026-03-20
Z000103777,남창초통학구역,0,44,200,8140000,충청남도교육청,8181000,충청남도아산교육지원청,2016-08-12,2016-08-12,3712,2026-03-20
Z000104014,시목초통학구역,0,44,825,8140000,충청남도교육청,8281000,충청남도태안교육지원청,2016-08-12,2016-08-12,263,2026-03-20
Z000103797,염작초통학구역,0,44,200,8140000,충청남도교육청,8181000,충청남도아산교육지원청,2016-08-12,2018-10-10,990,2026-03-20
Z000103830,서산대진초통학구역,0,44,210,8140000,충청남도교육청,8191000,충청남도서산교육지원청,2016-08-12,2016-08-12,2427,2026-03-20
Z000101208,인천신송초통학구역,0,28,185,7310000,인천광역시교육청,7341000,인천광역시동부교육지원청,2016-08-12,2016-08-12,2372,2026-03-20
Z000150442,남양초청양초공동통학구역,1,44,790,8140000,충청남도교육청,8251000,충청남도청양교육지원청,2016-08-12,2016-08-12,4796,2026-03-20
Z000101437,수문초통학구역,0,29,200,7380000,광주광역시교육청,7401000,광주광역시서부교육지원청,2016-08-12,2016-08-12,7066,2026-03-20
Z000104047,유곡초통학구역,0,44,270,8140000,충청남도교육청,8291000,충청남도당진교육지원청,2016-08-12,2018-10-02,6599,2026-03-20
Z000150304,고림초한터초공동통학구역,1,41,461,7530000,경기도교육청,7751000,경기도용인교육지원청,2016-08-12,2016-08-12,4790,2026-03-20
Z000102851,성지초통학구역,0,41,463,7530000,경기도교육청,7751000,경기도용인교육지원청,2016-08-12,2016-08-12,951,2026-03-20
Z000150299,도지초백사초공동통학구역,1,41,500,7530000,경기도교육청,7741000,경기도이천교육지원청,2016-08-12,2016-08-12,412,2026-03-20
Z000104418,쌍치초통학구역,0,52,770,8321000,전북특별자치도교육청,8442000,전북특별자치도순창교육지원청,2016-08-12,2024-02-23,2682,2026-03-20
Z000104833,나산초통학구역,0,46,860,8490000,전라남도교육청,8671000,전라남도함평교육지원청,2016-08-12,2016-08-12,558,2026-03-20
Z000104694,금산초통학구역,0,46,770,8490000,전라남도교육청,8591000,전라남도고흥교육지원청,2016-08-12,2016-08-12,4172,2026-03-20
Z000104718,미력초통학구역,0,46,780,8490000,전라남도교육청,8601000,전라남도보성교육지원청,2016-08-12,2016-08-12,6279,2026-03-20
Z000104435,부안초통학구역,0,52,790,8321000,전북특별자치도교육청,8452000,전북특별자치도고창교육지원청,2016-08-12,2024-02-23,2450,2026-03-20
Z000104372,장승초통학구역,0,52,720,8321000,전북특별자치도교육청,8402000,전북특별자치도진안교육지원청,2016-08-12,2024-02-23,3849,2026-03-20
Z000104000,응봉초통학구역,0,44,810,8140000,충청남도교육청,8271000,충청남도예산교육지원청,2016-08-12,2016-08-12,371,2026-03-20
Z000150027,서울토성초서울풍성초공동통학구역,1,11,710,7010000,서울특별시교육청,7130000,서울특별시강동송파교육지원청,2016-08-12,2016-08-12,3371,2026-03-20
Z000104794,화원초통학구역,0,46,820,8490000,전라남도교육청,8641000,전라남도해남교육지원청,2016-08-12,2016-08-12,4094,2026-03-20
Z000101408,도산초통학구역,0,29,200,7380000,광주광역시교육청,7401000,광주광역시서부교육지원청,2016-08-12,2018-02-07,6581,2026-03-20
Z000104086,전주송천초통학구역,0,52,113,8321000,전북특별자치도교육청,8332000,전북특별자치도전주교육지원청,2016-08-12,2024-02-23,4577,2026-03-20
Z000100628,동평초통학구역,0,26,230,7150000,부산광역시교육청,7181000,부산광역시남부교육지원청,2016-08-12,2016-08-12,5836,2026-03-20
Z000100432,서울율현초통학구역,0,11,680,7010000,서울특별시교육청,7091300,서울특별시강남서초교육지원청,2016-08-12,2016-08-12,2502,2026-03-20
Z000100428,서울우솔초통학구역,0,11,650,7010000,서울특별시교육청,7091300,서울특별시강남서초교육지원청,2016-08-12,2016-08-12,1028,2026-03-20
Z000105390,숭산초통학구역,0,47,850,8750000,경상북도교육청,8941000,경상북도칠곡교육지원청,2016-08-12,2016-08-12,3838,2026-03-20
Z000105401,감천초통학구역,0,47,900,8750000,경상북도교육청,8951000,경상북도예천교육지원청,2016-08-12,2016-08-12,6843,2026-03-20
Z000104971,양학초통학구역,0,47,113,8750000,경상북도교육청,8761000,경상북도포항교육지원청,2016-08-12,2016-08-12,850,2026-03-20
Z000101887,안말초통학구역,0,41,135,7530000,경기도교육청,7551000,경기도성남교육지원청,2016-08-12,2016-08-12,5454,2026-03-20
Z000104426,고수초통학구역,0,52,790,8321000,전북특별자치도교육청,8452000,전북특별자치도고창교육지원청,2016-08-12,2024-02-23,2896,2026-03-20
Z000104430,대아초통학구역,0,52,790,8321000,전북특별자치도교육청,8452000,전북특별자치도고창교육지원청,2016-08-12,2024-02-23,5910,2026-03-20
Z000104425,가평초통학구역,0,52,790,8321000,전북특별자치도교육청,8452000,전북특별자치도고창교육지원청,2016-08-12,2024-02-23,5673,2026-03-20
Z000104278,남원교룡초통학구역,0,52,190,8321000,전북특별자치도교육청,8372000,전북특별자치도남원교육지원청,2016-08-12,2024-02-23,297,2026-03-20
Z000105511,안민초통학구역,0,48,123,9010000,경상남도교육청,9022000,경상남도창원교육지원청,2016-08-12,2016-08-12,1367,2026-03-20
Z000105547,창원상남초통학구역,0,48,123,9010000,경상남도교육청,9022000,경상남도창원교육지원청,2016-08-12,2016-08-12,776,2026-03-20
Z000150586,대합초이방초공동통학구역,1,48,740,9010000,경상남도교육청,9141000,경상남도창녕교육지원청,2016-08-12,2016-08-12,2770,2026-03-20
Z000104100,전주우림초통학구역,0,52,111,8321000,전북특별자치도교육청,8332000,전북특별자치도전주교육지원청,2016-08-12,2024-02-23,3952,2026-03-20
Z000150580,칠천초하청초공동통학구역,1,48,310,9010000,경상남도교육청,9111000,경상남도거제교육지원청,2016-08-12,2016-08-12,753,2026-03-20
Z000100739,대사초통학구역,0,26,440,7150000,부산광역시교육청,7201000,부산광역시북부교육지원청,2016-08-12,2016-08-12,6712,2026-03-20
Z000100337,서울등원초통학구역,0,11,500,7010000,서울특별시교육청,7081300,서울특별시강서양천교육지원청,2016-08-12,2016-08-12,5352,2026-03-20
Z000100111,서울구일초통학구역,0,11,530,7010000,서울특별시교육청,7041000,서울특별시남부교육지원청,2016-08-12,2016-08-12,6522,2026-03-20
Z000101373,오정초통학구역,0,29,170,7380000,광주광역시교육청,7391000,광주광역시동부교육지원청,2016-08-12,2016-08-12,5372,2026-03-20
Z000101793,신풍초통학구역,0,41,117,7530000,경기도교육청,7541000,경기도수원교육지원청,2016-08-12,2018-03-07,3552,2026-03-20
Z000100249,서울청파초통학구역,0,11,170,7010000,서울특별시교육청,7061000,서울특별시중부교육지원청,2016-08-12,2018-03-08,1387,2026-03-20
Z000104098,전주용와초통학구역,0,52,111,8321000,전북특별자치도교육청,8332000,전북특별자치도전주교육지원청,2016-08-12,2024-02-23,947,2026-03-20
Z000104076,전주삼천남초통학구역,0,52,111,8321000,전북특별자치도교육청,8332000,전북특별자치도전주교육지원청,2016-08-12,2024-02-23,2759,2026-03-20
Z000104988,창포초통학구역,0,47,113,8750000,경상북도교육청,8761000,경상북도포항교육지원청,2016-08-12,2020-06-09,2912,2026-03-20
Z000103837,오산초통학구역,0,44,210,8140000,충청남도교육청,8191000,충청남도서산교육지원청,2016-08-12,2016-08-12,545,2026-03-20
Z000105925,위림초통학구역,0,48,870,9010000,경상남도교육청,9201000,경상남도함양교육지원청,2016-08-12,2017-03-20,1042,2026-03-20
Z000104327,종정초통학구역,0,52,210,8321000,전북특별자치도교육청,8382000,전북특별자치도김제교육지원청,2016-08-12,2024-02-23,6467,2026-03-20
Z000104301,공덕초통학구역,0,52,210,8321000,전북특별자치도교육청,8382000,전북특별자치도김제교육지원청,2016-08-12,2024-02-23,2948,2026-03-20
Z000100794,강동초통학구역,0,26,350,7150000,부산광역시교육청,7211000,부산광역시해운대교육지원청,2016-08-12,2018-04-04,3765,2026-03-20
Z000105711,무안초통학구역,0,48,270,9010000,경상남도교육청,9101000,경상남도밀양교육지원청,2016-08-12,2016-08-12,3173,2026-03-20
Z000104597,순천향림초통학구역,0,46,150,8490000,전라남도교육청,8521000,전라남도순천교육지원청,2016-08-12,2016-08-12,3109,2026-03-20
Z000105768,가례초통학구역,0,48,720,9010000,경상남도교육청,9121000,경상남도의령교육지원청,2016-08-12,2016-08-12,6006,2026-03-20
Z000150461,봉동초봉성초공동통학구역,1,52,710,8321000,전북특별자치도교육청,8392000,전북특별자치도완주교육지원청,2016-08-12,2024-02-23,5983,2026-03-20
Z000100498,서울무학초통학구역,0,11,200,7010000,서울특별시교육청,7134000,서울특별시성동광진교육지원청,2016-08-12,2017-10-30,161,2026-03-20
Z000101359,매곡초통학구역,0,29,170,7380000,광주광역시교육청,7391000,광주광역시동부교육지원청,2016-08-12,2016-08-12,323,2026-03-20
Z000101361,문산초통학구역,0,29,170,7380000,광주광역시교육청,7391000,광주광역시동부교육지원청,2016-08-12,2016-08-12,7049,2026-03-20
Z000101855,복정초통학구역,0,41,131,7530000,경기도교육청,7551000,경기도성남교육지원청,2016-08-12,2017-04-03,5456,2026-03-20
Z000150076,산월초첨단초공동통학구역,1,29,200,7380000,광주광역시교육청,7401000,광주광역시서부교육지원청,2016-08-12,2016-08-12,6148,2026-03-20
Z000100511,서울용답초통학구역,0,11,200,7010000,서울특별시교육청,7134000,서울특별시성동광진교육지원청,2016-08-12,2016-08-12,4466,2026-03-20
Z000150533,길주초송천초임하초공동통학구역,1,47,170,8750000,경상북도교육청,8791000,경상북도안동교육지원청,2016-08-12,2016-08-12,4045,2026-03-20
Z000105000,포항제철지곡초통학구역,0,47,111,8750000,경상북도교육청,8761000,경상북도포항교육지원청,2016-08-12,2016-08-12,7071,2026-03-20
Z000106111,의랑초통학구역,0,36,110,9300000,세종특별자치시교육청,9300000,세종특별자치시교육청,2016-08-12,2016-08-12,6560,2026-03-20
Z000101395,광주서초통학구역,0,29,140,7380000,광주광역시교육청,7401000,광주광역시서부교육지원청,2016-08-12,2016-08-12,315,2026-03-20
Z000103774,관대초통학구역,0,44,200,8140000,충청남도교육청,8181000,충청남도아산교육지원청,2016-08-12,2016-08-12,3555,2026-03-20
Z000103664,위례초통학구역,0,44,131,8140000,충청남도교육청,8151000,충청남도천안교육지원청,2016-08-12,2016-08-12,1306,2026-03-20
Z000103682,천안삼거리초통학구역,0,44,131,8140000,충청남도교육청,8151000,충청남도천안교육지원청,2016-08-12,2018-04-23,7114,2026-03-20
Z000102048,중동초통학구역,0,41,192,7530000,경기도교육청,7581000,경기도부천교육지원청,2016-08-12,2024-03-29,3033,2026-03-20
Z000104535,여수구봉초통학구역,0,46,130,8490000,전라남도교육청,8511000,전라남도여수교육지원청,2016-08-12,2016-08-12,5220,2026-03-20
Z000105930,가북초통학구역,0,48,880,9010000,경상남도교육청,9211000,경상남도거창교육지원청,2016-08-12,2016-08-12,448,2026-03-20
Z000104608,황전초통학구역,0,46,150,8490000,전라남도교육청,8521000,전라남도순천교육지원청,2016-08-12,2025-03-19,1817,2026-03-20
Z000104081,전주서원초통학구역,0,52,111,8321000,전북특별자치도교육청,8332000,전북특별자치도전주교육지원청,2016-08-12,2024-02-23,946,2026-03-20
Z000104520,소라초사곡분교장통학구역,0,46,130,8490000,전라남도교육청,8511000,전라남도여수교육지원청,2016-08-12,2016-08-12,6749,2026-03-20
Z000104864,서삼초통학구역,0,46,880,8490000,전라남도교육청,8691000,전라남도장성교육지원청,2016-08-12,2016-08-12,3050,2026-03-20
Z000104606,해룡초통학구역,0,46,150,8490000,전라남도교육청,8521000,전라남도순천교육지원청,2016-08-12,2016-08-12,1041,2026-03-20
Z000104439,성송초통학구역,0,52,790,8321000,전북특별자치도교육청,8452000,전북특별자치도고창교육지원청,2016-08-12,2024-02-23,6807,2026-03-20
Z000104413,동산초통학구역,0,52,770,8321000,전북특별자치도교육청,8442000,전북특별자치도순창교육지원청,2016-08-12,2024-02-23,6963,2026-03-20
Z000105573,내동초통학구역,0,48,170,9010000,경상남도교육청,9051000,경상남도진주교육지원청,2016-08-12,2016-08-12,1313,2026-03-20
Z000105795,칠서초이룡분교장통학구역,0,48,730,9010000,경상남도교육청,9131000,경상남도함안교육지원청,2016-08-12,2016-08-12,2045,2026-03-20
Z000104887,신지동초통학구역,0,46,890,8490000,전라남도교육청,8701000,전라남도완도교육지원청,2016-08-12,2016-08-12,4771,2026-03-20
Z000100575,몰운대초통학구역,0,26,380,7150000,부산광역시교육청,7171000,부산광역시서부교육지원청,2016-08-12,2016-08-12,4053,2026-03-20
Z000103660,안서초통학구역,0,44,131,8140000,충청남도교육청,8151000,충청남도천안교육지원청,2016-08-12,2016-08-12,3900,2026-03-20
Z000150107,판교대장초고기초운중초공동통학구역,1,41,135,7530000,경기도교육청,7551000,경기도성남교육지원청,2016-08-12,2021-06-01,6197,2026-03-20
Z000104759,장흥서초통학구역,0,46,800,8490000,전라남도교육청,8621000,전라남도장흥교육지원청,2016-08-12,2016-08-12,3879,2026-03-20
Z000103073,흥양초통학구역,0,51,130,7801000,강원특별자치도교육청,7822000,강원특별자치도원주교육지원청,2016-08-12,2016-08-12,404,2026-03-20
Z000101769,상률초통학구역,0,41,111,7530000,경기도교육청,7541000,경기도수원교육지원청,2016-08-12,2016-08-12,4090,2026-03-20
Z000102673,선동초통학구역,0,41,610,7530000,경기도교육청,7692000,경기도광주하남교육지원청,2016-08-12,2016-08-12,6397,2026-03-20
Z000150276,산곡초하남초공동통학구역,1,41,450,7530000,경기도교육청,7692000,경기도광주하남교육지원청,2016-08-12,2016-08-12,5670,2026-03-20
Z000150271,도곡초선동초공동통학구역,1,41,610,7530000,경기도교육청,7692000,경기도광주하남교육지원청,2016-08-12,2016-08-12,2247,2026-03-20
Z000104065,전주동북초통학구역,0,52,113,8321000,전북특별자치도교육청,8332000,전북특별자치도전주교육지원청,2016-08-12,2024-02-23,122,2026-03-20
Z000100900,대구신매초통학구역,0,27,260,7240000,대구광역시교육청,7251000,대구광역시동부교육지원청,2016-08-12,2016-08-12,496,2026-03-20
Z000105488,봉덕초통학구역,0,48,127,9010000,경상남도교육청,9022000,경상남도창원교육지원청,2016-08-12,2020-05-18,5187,2026-03-20
Z000100597,응봉초통학구역,0,26,380,7150000,부산광역시교육청,7171000,부산광역시서부교육지원청,2016-08-12,2016-08-12,6714,2026-03-20
Z000100820,송수초통학구역,0,26,350,7150000,부산광역시교육청,7211000,부산광역시해운대교육지원청,2016-08-12,2016-08-12,2874,2026-03-20
Z000100840,재송초통학구역,0,26,350,7150000,부산광역시교육청,7211000,부산광역시해운대교육지원청,2016-08-12,2018-04-04,6412,2026-03-20
Z000100807,무정초통학구역,0,26,350,7150000,부산광역시교육청,7211000,부산광역시해운대교육지원청,2016-08-12,2016-08-12,4661,2026-03-20
Z000101690,도산초통학구역,0,31,140,7480000,울산광역시교육청,7501000,울산광역시강남교육지원청,2016-08-12,2016-08-12,6160,2026-03-20
Z000100925,대구효신초통학구역,0,27,140,7240000,대구광역시교육청,7251000,대구광역시동부교육지원청,2016-08-12,2017-02-27,1642,2026-03-20
Z000100877,대구두산초통학구역,0,27,260,7240000,대구광역시교육청,7251000,대구광역시동부교육지원청,2016-08-12,2016-08-12,5188,2026-03-20
Z000100310,서울문현초등통학구역,0,11,710,7010000,서울특별시교육청,7130000,서울특별시강동송파교육지원청,2016-08-12,2016-08-12,4554,2026-03-20
Z000100265,서울거여초통학구역,0,11,710,7010000,서울특별시교육청,7130000,서울특별시강동송파교육지원청,2016-08-12,2017-02-07,2786,2026-03-20
Z000101196,인천서면초통학구역,0,28,185,7310000,인천광역시교육청,7341000,인천광역시동부교육지원청,2016-08-12,2018-11-15,632,2026-03-20
Z000104038,석문초통학구역,0,44,270,8140000,충청남도교육청,8291000,충청남도당진교육지원청,2016-08-12,2018-10-01,6803,2026-03-20
Z000100277,서울명일초통학구역,0,11,740,7010000,서울특별시교육청,7130000,서울특별시강동송파교육지원청,2016-08-12,2016-08-12,5455,2026-03-20
Z000101162,인천십정초통학구역,0,28,237,7310000,인천광역시교육청,7331000,인천광역시북부교육지원청,2016-08-12,2016-08-12,1247,2026-03-20
Z000105038,양북초통학구역,0,47,130,8750000,경상북도교육청,8771000,경상북도경주교육지원청,2016-08-12,2016-08-12,249,2026-03-20
Z000150094,대전상대초유성초공동통학구역,1,30,200,7430000,대전광역시교육청,7451000,대전광역시서부교육지원청,2016-08-12,2016-08-12,6394,2026-03-20
Z000104052,초락초통학구역,0,44,270,8140000,충청남도교육청,8291000,충청남도당진교육지원청,2016-08-12,2018-10-01,5892,2026-03-20
Z000105559,해운초통학구역,0,48,125,9010000,경상남도교육청,9022000,경상남도창원교육지원청,2016-08-12,2020-05-18,606,2026-03-20
Z000103760,월전초통학구역,0,44,180,8140000,충청남도교육청,8171000,충청남도보령교육지원청,2016-08-12,2016-08-12,6548,2026-03-20
Z000100593,아미초통학구역,0,26,140,7150000,부산광역시교육청,7171000,부산광역시서부교육지원청,2016-08-12,2016-08-12,1671,2026-03-20
Z000100734,금명초통학구역,0,26,320,7150000,부산광역시교육청,7201000,부산광역시북부교육지원청,2016-08-12,2016-08-12,3447,2026-03-20
Z000100640,성동초통학구역,0,26,290,7150000,부산광역시교육청,7181000,부산광역시남부교육지원청,2016-08-12,2016-08-12,3695,2026-03-20
Z000101733,월계초통학구역,0,31,140,7480000,울산광역시교육청,7501000,울산광역시강남교육지원청,2016-08-12,2016-08-12,466,2026-03-20
Z000150590,물금초서남초공동통학구역,1,48,330,9010000,경상남도교육청,9151000,경상남도양산교육지원청,2016-08-12,2016-08-12,1362,2026-03-20
Z000150573,동성초수양초공동통학구역,1,48,240,9010000,경상남도교육청,9081000,경상남도사천교육지원청,2016-08-12,2016-08-12,6673,2026-03-20
Z000150585,대지초명덕초공동통학구역,1,48,740,9010000,경상남도교육청,9141000,경상남도창녕교육지원청,2016-08-12,2016-08-12,2516,2026-03-20
Z000150069,광주극락초유덕초공동통학구역,1,29,140,7380000,광주광역시교육청,7401000,광주광역시서부교육지원청,2016-08-12,2016-08-12,893,2026-03-20
Z000104048,전대초통학구역,0,44,270,8140000,충청남도교육청,8291000,충청남도당진교육지원청,2016-08-12,2018-10-01,359,2026-03-20
Z000100711,연산초통학구역,0,26,470,7150000,부산광역시교육청,7191000,부산광역시동래교육지원청,2016-08-12,2021-03-15,2814,2026-03-20
Z000100654,연학초통학구역,0,26,230,7150000,부산광역시교육청,7181000,부산광역시남부교육지원청,2016-08-12,2021-03-15,2807,2026-03-20
Z000100669,초읍초통학구역,0,26,230,7150000,부산광역시교육청,7181000,부산광역시남부교육지원청,2016-08-12,2021-03-15,5476,2026-03-20
Z000104050,조금초통학구역,0,44,270,8140000,충청남도교육청,8291000,충청남도당진교육지원청,2016-08-12,2018-10-01,4777,2026-03-20
Z000104051,천의초통학구역,0,44,270,8140000,충청남도교육청,8291000,충청남도당진교육지원청,2016-08-12,2018-10-01,1206,2026-03-20
Z000104054,한정초통학구역,0,44,270,8140000,충청남도교육청,8291000,충청남도당진교육지원청,2016-08-12,2018-10-02,1745,2026-03-20
Z000150957,서동초오산초공동(일방)통학구역,1,44,210,8140000,충청남도교육청,8191000,충청남도서산교육지원청,2020-03-24,2020-03-24,1531,2026-03-20
Z000150663,새서귀초도순초강정초공동통학구역,1,50,130,9290000,제주특별자치도교육청,9299000,제주특별자치도서귀포시교육지원청,2018-02-07,2020-07-14,3314,2026-03-20
Z000150125,계남초부명초중흥초공동통학구역,1,41,192,7530000,경기도교육청,7581000,경기도부천교육지원청,2016-08-12,2024-03-29,2175,2026-03-20
Z000150131,부천남초도원초성주초공동통학구역,1,41,194,7530000,경기도교육청,7581000,경기도부천교육지원청,2016-08-12,2024-03-29,3922,2026-03-20
Z000100354,서울신남초통학구역,0,11,470,7010000,서울특별시교육청,7081300,서울특별시강서양천교육지원청,2016-08-12,2020-07-13,1798,2026-03-20
Z000103275,진부초통학구역,0,51,760,7801000,강원특별자치도교육청,7912000,강원특별자치도평창교육지원청,2016-08-12,2016-08-12,2411,2026-03-20
Z000103067,치악초통학구역,0,51,130,7801000,강원특별자치도교육청,7822000,강원특별자치도원주교육지원청,2016-08-12,2016-08-12,4024,2026-03-20
Z000102146,서촌초통학구역,0,41,390,7530000,경기도교육청,7781000,경기도시흥교육지원청,2016-08-12,2017-02-14,5553,2026-03-20
Z000102557,정림초통학구역,0,41,590,7530000,경기도교육청,7679000,경기도화성오산교육지원청,2016-08-12,2021-03-15,1033,2026-03-20
Z000102556,정남초통학구역,0,41,590,7530000,경기도교육청,7679000,경기도화성오산교육지원청,2016-08-12,2021-03-15,4169,2026-03-20
Z000106319,이솔초통학구역,0,41,590,7530000,경기도교육청,7679000,경기도화성오산교육지원청,2021-02-22,2021-02-22,1593,2026-03-20
Z000150223,병점초진안초공동통학구역,1,41,590,7530000,경기도교육청,7679000,경기도화성오산교육지원청,2016-08-12,2021-02-23,3705,2026-03-20
Z000106259,새솔초통학구역,0,41,590,7530000,경기도교육청,7679000,경기도화성오산교육지원청,2019-12-02,2021-02-23,3497,2026-03-20
Z000101008,대구성당초통학구역,0,27,290,7240000,대구광역시교육청,7271000,대구광역시남부교육지원청,2016-08-12,2016-08-12,4188,2026-03-20
Z000101705,삼신초통학구역,0,31,140,7480000,울산광역시교육청,7501000,울산광역시강남교육지원청,2016-08-12,2016-08-12,3517,2026-03-20
Z000104196,오산초통학구역,0,52,140,8321000,전북특별자치도교육청,8352000,전북특별자치도익산교육지원청,2016-08-12,2024-02-23,1726,2026-03-20
Z000101006,대구성곡초통학구역,0,27,290,7240000,대구광역시교육청,7271000,대구광역시남부교육지원청,2016-08-12,2016-08-12,2039,2026-03-20
Z000104320,성덕초통학구역,0,52,210,8321000,전북특별자치도교육청,8382000,전북특별자치도김제교육지원청,2016-08-12,2024-02-23,5346,2026-03-20
Z000104363,화산초통학구역,0,52,710,8321000,전북특별자치도교육청,8392000,전북특별자치도완주교육지원청,2016-08-12,2024-02-23,6826,2026-03-20
Z000104300,주생초통학구역,0,52,190,8321000,전북특별자치도교육청,8372000,전북특별자치도남원교육지원청,2016-08-12,2024-02-23,2079,2026-03-20
Z000103842,차동초통학구역,0,44,210,8140000,충청남도교육청,8191000,충청남도서산교육지원청,2016-08-12,2016-08-12,2430,2026-03-20
Z000103667,직산초통학구역,0,44,133,8140000,충청남도교육청,8151000,충청남도천안교육지원청,2016-08-12,2016-08-12,3540,2026-03-20
Z000105010,흥해초통학구역,0,47,113,8750000,경상북도교육청,8761000,경상북도포항교육지원청,2016-08-12,2016-08-12,3791,2026-03-20
Z000150311,동막초동백초공동통학구역,1,41,463,7530000,경기도교육청,7751000,경기도용인교육지원청,2016-08-12,2016-08-12,3678,2026-03-20
Z000150313,동백초용인백현초공동통학구역,1,41,463,7530000,경기도교육청,7751000,경기도용인교육지원청,2016-08-12,2016-08-12,4252,2026-03-20
Z000150228,수기초정남초공동통학구역,1,41,590,7530000,경기도교육청,7679000,경기도화성오산교육지원청,2016-08-12,2021-03-15,5917,2026-03-20
Z000150985,반곡초봉대초공동통학구역,1,51,130,7801000,강원특별자치도교육청,7822000,강원특별자치도원주교육지원청,2020-07-09,2020-07-09,4863,2026-03-20
Z000150315,둔전제일초포곡초공동통학구역,1,41,461,7530000,경기도교육청,7751000,경기도용인교육지원청,2016-08-12,2016-08-12,2143,2026-03-20
Z000150891,청도초화양초남성현초공동(일방)통학구역,1,47,820,8750000,경상북도교육청,8911000,경상북도청도교육지원청,2020-02-13,2020-07-14,925,2026-03-20
Z000150951,장항초마동초송림초공동(일방)통학구역,1,44,770,8140000,충청남도교육청,8241000,충청남도서천교육지원청,2020-03-12,2020-03-18,2897,2026-03-20
Z000101815,조원초통학구역,0,41,111,7530000,경기도교육청,7541000,경기도수원교육지원청,2016-08-12,2018-03-20,5492,2026-03-20
Z000100317,서울풍납초통학구역,0,11,710,7010000,서울특별시교육청,7130000,서울특별시강동송파교육지원청,2016-08-12,2016-08-12,4292,2026-03-20
Z000100192,서울신방학초통학구역,0,11,320,7010000,서울특별시교육청,7051000,서울특별시북부교육지원청,2016-08-12,2016-08-12,5499,2026-03-20
Z000150046,서울미양초서울삼각산초공동통학구역,1,11,305,7010000,서울특별시교육청,7121200,서울특별시성북강북교육지원청,2016-08-12,2016-08-12,5172,2026-03-20
Z000150003,서울면남초서울중곡초공동통학구역,1,11,260,7010000,서울특별시교육청,7021000,서울특별시동부교육지원청,2016-08-12,2016-08-12,652,2026-03-20
Z000103640,광덕초통학구역,0,44,131,8140000,충청남도교육청,8151000,충청남도천안교육지원청,2016-08-12,2016-08-12,6291,2026-03-20
Z000103654,수신초통학구역,0,44,131,8140000,충청남도교육청,8151000,충청남도천안교육지원청,2016-08-12,2016-08-12,1308,2026-03-20
Z000103650,성남초통학구역,0,44,131,8140000,충청남도교육청,8151000,충청남도천안교육지원청,2016-08-12,2016-08-12,5938,2026-03-20
Z000150872,소야초청호초대포초설악초온정초공동(일방)통학구역,1,51,210,7801000,강원특별자치도교육청,7863000,강원특별자치도속초양양교육지원청,2020-02-10,2021-02-24,4713,2026-03-20
Z000101859,산운초통학구역,0,41,135,7530000,경기도교육청,7551000,경기도성남교육지원청,2016-08-12,2021-02-25,2468,2026-03-20
Z000101842,낙생초통학구역,0,41,135,7530000,경기도교육청,7551000,경기도성남교육지원청,2016-08-12,2021-02-25,5120,2026-03-20
Z000100875,대구동촌초통학구역,0,27,140,7240000,대구광역시교육청,7251000,대구광역시동부교육지원청,2016-08-12,2021-02-25,751,2026-03-20
Z000102529,수기초통학구역,0,41,590,7530000,경기도교육청,7679000,경기도화성오산교육지원청,2016-08-12,2021-03-15,579,2026-03-20
Z000100408,서울서래초통학구역,0,11,650,7010000,서울특별시교육청,7091300,서울특별시강남서초교육지원청,2016-08-12,2018-12-13,5050,2026-03-20
Z000101717,야음초통학구역,0,31,140,7480000,울산광역시교육청,7501000,울산광역시강남교육지원청,2016-08-12,2018-11-22,2635,2026-03-20
Z000101729,울산남부초통학구역,0,31,140,7480000,울산광역시교육청,7501000,울산광역시강남교육지원청,2016-08-12,2018-11-22,2633,2026-03-20
Z000150317,매봉초성복초공동통학구역,1,41,465,7530000,경기도교육청,7751000,경기도용인교육지원청,2016-08-12,2016-08-12,7040,2026-03-20
Z000150952,장항중앙초마동초송림초공동(일방)통학구역,1,44,770,8140000,충청남도교육청,8241000,충청남도서천교육지원청,2020-03-12,2020-03-18,5098,2026-03-20
Z000105070,김천초통학구역,0,47,150,8750000,경상북도교육청,8781000,경상북도김천교육지원청,2016-08-12,2018-12-03,5840,2026-03-20
Z000102711,신봉초통학구역,0,41,650,7530000,경기도교육청,7711000,경기도포천교육지원청,2016-08-12,2016-08-12,6290,2026-03-20
Z000150356,남산초오안초공동통학구역,1,51,720,7801000,강원특별자치도교육청,7882000,강원특별자치도홍천교육지원청,2016-08-12,2016-08-12,788,2026-03-20
Z000103860,용문초통학구역,0,44,710,8140000,충청남도교육청,8201000,충청남도금산교육지원청,2016-08-12,2016-08-12,2993,2026-03-20
Z000104028,고산초통학구역,0,44,270,8140000,충청남도교육청,8291000,충청남도당진교육지원청,2016-08-12,2018-10-01,4607,2026-03-20
Z000100658,용산초통학구역,0,26,290,7150000,부산광역시교육청,7181000,부산광역시남부교육지원청,2016-08-12,2016-08-12,1991,2026-03-20
Z000105467,내서초통학구역,0,48,127,9010000,경상남도교육청,9022000,경상남도창원교육지원청,2016-08-12,2016-08-12,3296,2026-03-20
Z000104429,대산초통학구역,0,52,790,8321000,전북특별자치도교육청,8452000,전북특별자치도고창교육지원청,2016-08-12,2024-02-23,4779,2026-03-20
Z000100822,송정초통학구역,0,26,350,7150000,부산광역시교육청,7211000,부산광역시해운대교육지원청,2016-08-12,2016-08-18,463,2026-03-20
Z000100754,명덕초통학구역,0,26,320,7150000,부산광역시교육청,7201000,부산광역시북부교육지원청,2016-08-12,2016-08-12,7003,2026-03-20
Z000150588,대운초서창초공동통학구역,1,48,330,9010000,경상남도교육청,9151000,경상남도양산교육지원청,2016-08-12,2016-08-12,205,2026-03-20
Z000101653,송정초통학구역,0,31,200,7480000,울산광역시교육청,7491000,울산광역시강북교육지원청,2016-08-12,2018-12-20,2024,2026-03-20
Z000100076,서울안산초통학구역,0,11,410,7010000,서울특별시교육청,7031000,서울특별시서부교육지원청,2016-08-12,2016-08-12,712,2026-03-20
Z000100270,서울길동초통학구역,0,11,740,7010000,서울특별시교육청,7130000,서울특별시강동송파교육지원청,2016-08-12,2016-10-05,4580,2026-03-20
Z000102183,연성초통학구역,0,41,390,7530000,경기도교육청,7781000,경기도시흥교육지원청,2016-08-12,2017-02-14,7063,2026-03-20
Z000101379,일동초통학구역,0,29,170,7380000,광주광역시교육청,7391000,광주광역시동부교육지원청,2016-08-12,2016-08-12,5648,2026-03-20
Z000150718,도량초원남초공동통학구역,1,47,190,8750000,경상북도교육청,8801000,경상북도구미교육지원청,2018-12-20,2018-12-20,4280,2026-03-20
Z000103189,교동초통학구역,0,51,110,7801000,강원특별자치도교육청,7812000,강원특별자치도춘천교육지원청,2016-08-12,2017-04-20,5232,2026-03-20
Z000105804,대합초통학구역,0,48,740,9010000,경상남도교육청,9141000,경상남도창녕교육지원청,2016-08-12,2016-08-12,704,2026-03-20
Z000103748,대창초통학구역,0,44,180,8140000,충청남도교육청,8171000,충청남도보령교육지원청,2016-08-12,2016-08-12,2170,2026-03-20
Z000150130,부인초상미초공동통학구역,1,41,192,7530000,경기도교육청,7581000,경기도부천교육지원청,2016-08-12,2024-03-29,1583,2026-03-20
Z000104043,신촌초통학구역,0,44,270,8140000,충청남도교육청,8291000,충청남도당진교육지원청,2016-08-12,2018-10-02,2191,2026-03-20
Z000104044,신평초통학구역,0,44,270,8140000,충청남도교육청,8291000,충청남도당진교육지원청,2016-08-12,2018-10-02,2627,2026-03-20
Z000103293,정선초가수분교장통학구역,0,51,770,7801000,강원특별자치도교육청,7922000,강원특별자치도정선교육지원청,2016-08-12,2016-08-12,736,2026-03-20
Z000105542,진전초통학구역,0,48,125,9010000,경상남도교육청,9022000,경상남도창원교육지원청,2016-08-12,2016-08-12,1612,2026-03-20
Z000103836,언암초통학구역,0,44,210,8140000,충청남도교육청,8191000,충청남도서산교육지원청,2016-08-12,2016-08-12,2355,2026-03-20
Z000102803,진가초통학구역,0,41,500,7530000,경기도교육청,7741000,경기도이천교육지원청,2016-08-12,2016-08-12,2987,2026-03-20
Z000103414,샛별초통학구역,0,43,112,8000000,충청북도교육청,8011000,충청북도청주교육지원청,2016-08-12,2016-08-12,1280,2026-03-20
Z000101382,하백초통학구역,0,29,170,7380000,광주광역시교육청,7391000,광주광역시동부교육지원청,2016-08-12,2016-08-12,4767,2026-03-20
Z000101457,장덕초통학구역,0,29,200,7380000,광주광역시교육청,7401000,광주광역시서부교육지원청,2016-08-12,2017-04-03,6836,2026-03-20
Z000103955,청양초통학구역,0,44,790,8140000,충청남도교육청,8251000,충청남도청양교육지원청,2016-08-12,2016-12-19,6234,2026-03-20
Z000150096,대전전민초문지초공동통학구역,1,30,200,7430000,대전광역시교육청,7451000,대전광역시서부교육지원청,2016-11-28,2016-11-28,6974,2026-03-20
Z000103999,웅산초통학구역,0,44,810,8140000,충청남도교육청,8271000,충청남도예산교육지원청,2016-08-12,2016-08-12,2,2026-03-20
Z000105620,욕지초통학구역,0,48,220,9010000,경상남도교육청,9071000,경상남도통영교육지원청,2016-08-12,2025-09-29,1159,2026-03-20
Z000101233,인천함박초통학구역,0,28,185,7310000,인천광역시교육청,7341000,인천광역시동부교육지원청,2016-08-12,2018-11-15,1540,2026-03-20
Z000100959,대구서부초통학구역,0,27,170,7240000,대구광역시교육청,7261000,대구광역시서부교육지원청,2016-08-12,2016-08-12,5952,2026-03-20
Z000100725,현곡초통학구역,0,26,410,7150000,부산광역시교육청,7191000,부산광역시동래교육지원청,2016-08-12,2020-02-24,6374,2026-03-20
Z000100691,동현초통학구역,0,26,410,7150000,부산광역시교육청,7191000,부산광역시동래교육지원청,2016-08-12,2020-02-24,6373,2026-03-20
Z000100717,예원초통학구역,0,26,260,7150000,부산광역시교육청,7191000,부산광역시동래교육지원청,2016-08-12,2020-02-24,134,2026-03-20
Z000101682,개운초통학구역,0,31,140,7480000,울산광역시교육청,7501000,울산광역시강남교육지원청,2016-08-12,2020-02-21,4429,2026-03-20
Z000106202,용인한얼초통학구역,0,41,463,7530000,경기도교육청,7751000,경기도용인교육지원청,2018-10-18,2018-10-18,3631,2026-03-20
Z000100502,서울송원초통학구역,0,11,200,7010000,서울특별시교육청,7134000,서울특별시성동광진교육지원청,2016-08-12,2016-08-12,7026,2026-03-20
Z000100168,서울공연초통학구역,0,11,350,7010000,서울특별시교육청,7051000,서울특별시북부교육지원청,2016-08-12,2016-08-12,1908,2026-03-20
Z000104805,서창초통학구역,0,46,830,8490000,전라남도교육청,8651000,전라남도영암교육지원청,2016-08-12,2016-08-12,1196,2026-03-20
Z000150789,대지초유어초공동통학구역,1,48,740,9010000,경상남도교육청,9141000,경상남도창녕교육지원청,2019-12-11,2019-12-11,6040,2026-03-20
Z000102024,부천초통학구역,0,41,192,7530000,경기도교육청,7581000,경기도부천교육지원청,2016-08-12,2024-03-29,3914,2026-03-20
Z000150815,양곡초김포한가람초공동통학구역,1,41,570,7530000,경기도교육청,7771000,경기도김포교육지원청,2020-01-20,2020-01-20,1015,2026-03-20
Z000102296,복창초통학구역,0,41,220,7530000,경기도교육청,7631000,경기도평택교육지원청,2016-08-12,2020-01-08,5325,2026-03-20
Z000102954,김포한가람초통학구역,0,41,570,7530000,경기도교육청,7771000,경기도김포교육지원청,2016-08-12,2020-01-17,3917,2026-03-20
Z000104684,구례중앙초통학구역,0,46,730,8490000,전라남도교육청,8581000,전라남도구례교육지원청,2016-08-12,2016-08-12,2234,2026-03-20
Z000100324,서울강신초통학구역,0,11,470,7010000,서울특별시교육청,7081300,서울특별시강서양천교육지원청,2016-08-12,2016-08-12,1738,2026-03-20
Z000104223,이리석암초통학구역,0,52,140,8321000,전북특별자치도교육청,8352000,전북특별자치도익산교육지원청,2016-08-12,2024-02-23,4541,2026-03-20
Z000104237,춘포초통학구역,0,52,140,8321000,전북특별자치도교육청,8352000,전북특별자치도익산교육지원청,2016-08-12,2024-02-23,942,2026-03-20
Z000100325,서울강월초통학구역,0,11,470,7010000,서울특별시교육청,7081300,서울특별시강서양천교육지원청,2016-08-12,2016-08-12,5269,2026-03-20
Z000103034,남원주초통학구역,0,51,130,7801000,강원특별자치도교육청,7822000,강원특별자치도원주교육지원청,2016-08-12,2020-02-18,5780,2026-03-20
Z000150739,각골초상록초공동통학구역,1,41,271,7530000,경기도교육청,7611000,경기도안산교육지원청,2019-03-12,2020-02-18,6771,2026-03-20
Z000100338,서울등촌초통학구역,0,11,500,7010000,서울특별시교육청,7081300,서울특별시강서양천교육지원청,2016-08-12,2016-08-12,538,2026-03-20
Z000104809,용당초통학구역,0,46,830,8490000,전라남도교육청,8651000,전라남도영암교육지원청,2016-08-12,2016-08-12,615,2026-03-20
Z000104797,금정초통학구역,0,46,830,8490000,전라남도교육청,8651000,전라남도영암교육지원청,2016-08-12,2016-08-12,892,2026-03-20
Z000150735,의정부장암초의정부청룡초공동통학구역,1,41,150,7530000,경기도교육청,7561000,경기도의정부교육지원청,2019-02-19,2019-02-19,4475,2026-03-20
Z000105002,포항초통학구역,0,47,113,8750000,경상북도교육청,8761000,경상북도포항교육지원청,2016-08-12,2019-02-20,4689,2026-03-20
Z000104883,보길동초통학구역,0,46,890,8490000,전라남도교육청,8701000,전라남도완도교육지원청,2016-08-12,2019-12-10,5665,2026-03-20
Z000103306,장흥초통학구역,0,51,780,7801000,강원특별자치도교육청,7932000,강원특별자치도철원교육지원청,2016-08-12,2016-08-12,6654,2026-03-20
Z000100528,서울번동초통학구역,0,11,305,7010000,서울특별시교육청,7121200,서울특별시성북강북교육지원청,2016-08-12,2017-02-10,64,2026-03-20
Z000101917,민락초통학구역,0,41,150,7530000,경기도교육청,7561000,경기도의정부교육지원청,2016-08-12,2019-02-19,4268,2026-03-20
Z000101931,의정부송산초통학구역,0,41,150,7530000,경기도교육청,7561000,경기도의정부교육지원청,2016-08-12,2019-02-19,2501,2026-03-20
Z000100817,삼어초통학구역,0,26,350,7150000,부산광역시교육청,7211000,부산광역시해운대교육지원청,2016-08-12,2018-04-04,3763,2026-03-20
Z000104818,삼향초통학구역,0,46,840,8490000,전라남도교육청,8661000,전라남도무안교육지원청,2016-08-12,2016-08-12,1516,2026-03-20
Z000104852,염산초낙월분교장통학구역,0,46,870,8490000,전라남도교육청,8681000,전라남도영광교육지원청,2016-08-12,2016-08-12,5533,2026-03-20
Z000104777,북일초통학구역,0,46,820,8490000,전라남도교육청,8641000,전라남도해남교육지원청,2016-08-12,2016-08-12,1100,2026-03-20
Z000106198,송린초통학구역,0,41,590,7530000,경기도교육청,7679000,경기도화성오산교육지원청,2018-10-11,2021-02-23,837,2026-03-20
Z000151111,새솔초송린초공동통학구역,1,41,590,7530000,경기도교육청,7679000,경기도화성오산교육지원청,2021-02-23,2021-02-23,826,2026-03-20
Z000150871,조양초청호초대포초설악초온정초공동(일방)통학구역,1,51,210,7801000,강원특별자치도교육청,7863000,강원특별자치도속초양양교육지원청,2020-02-10,2021-02-24,3293,2026-03-20
Z000151113,소야초온정초공동통학구역,1,51,210,7801000,강원특별자치도교육청,7863000,강원특별자치도속초양양교육지원청,2021-02-24,2021-02-24,3803,2026-03-20
Z000102533,아인초통학구역,0,41,590,7530000,경기도교육청,7679000,경기도화성오산교육지원청,2016-08-12,2021-02-23,398,2026-03-20
Z000101700,방기초통학구역,0,31,710,7480000,울산광역시교육청,7501000,울산광역시강남교육지원청,2016-08-12,2016-08-12,5521,2026-03-20
Z000101713,성동초통학구역,0,31,710,7480000,울산광역시교육청,7501000,울산광역시강남교육지원청,2016-08-12,2016-08-12,2022,2026-03-20
Z000100176,서울동일초통학구역,0,11,350,7010000,서울특별시교육청,7051000,서울특별시북부교육지원청,2016-08-12,2016-08-12,5332,2026-03-20
Z000100082,서울연천초통학구역,0,11,380,7010000,서울특별시교육청,7031000,서울특별시서부교육지원청,2016-08-12,2016-08-12,6470,2026-03-20
Z000150352,운유초푸른솔초공동통학구역,1,41,570,7530000,경기도교육청,7771000,경기도김포교육지원청,2016-08-12,2016-08-12,3261,2026-03-20
Z000150931,창리초오창초공동(일방)통학구역,1,43,114,8000000,충청북도교육청,8011000,충청북도청주교육지원청,2020-02-20,2020-02-20,5735,2026-03-20
Z000100400,서울매헌초통학구역,0,11,650,7010000,서울특별시교육청,7091300,서울특별시강남서초교육지원청,2016-08-12,2018-02-22,6187,2026-03-20
Z000100421,서울언남초통학구역,0,11,650,7010000,서울특별시교육청,7091300,서울특별시강남서초교육지원청,2016-08-12,2016-08-12,3344,2026-03-20
Z000150039,서울광장초서울양진초공동통학구역,1,11,215,7010000,서울특별시교육청,7134000,서울특별시성동광진교육지원청,2016-08-12,2016-08-12,3070,2026-03-20
Z000150044,서울양남초서울성자초공동통학구역,1,11,215,7010000,서울특별시교육청,7134000,서울특별시성동광진교육지원청,2016-08-12,2016-08-12,6897,2026-03-20
Z000100222,서울태릉초통학구역,0,11,350,7010000,서울특별시교육청,7051000,서울특별시북부교육지원청,2016-08-12,2016-08-12,1557,2026-03-20
Z000104225,이리신동초통학구역,0,52,140,8321000,전북특별자치도교육청,8352000,전북특별자치도익산교육지원청,2016-08-12,2024-02-23,4961,2026-03-20
Z000102341,현화초통학구역,0,41,220,7530000,경기도교육청,7631000,경기도평택교육지원청,2016-08-12,2020-01-06,816,2026-03-20
Z000150643,화순제일초화순초공동통학구역,1,46,790,8490000,전라남도교육청,8611000,전라남도화순교육지원청,2017-02-16,2020-01-08,6809,2026-03-20
Z000150040,서울금옥초서울금호초공동통학구역,1,11,200,7010000,서울특별시교육청,7134000,서울특별시성동광진교육지원청,2016-08-12,2016-08-12,1928,2026-03-20
Z000150347,김포초김포신풍초공동통학구역,1,41,570,7530000,경기도교육청,7771000,경기도김포교육지원청,2016-08-12,2016-08-12,4676,2026-03-20
Z000100710,연미초통학구역,0,26,470,7150000,부산광역시교육청,7191000,부산광역시동래교육지원청,2016-08-12,2018-04-04,6326,2026-03-20
Z000150237,팔탄초팔탄초대방분교공동통학구역,1,41,590,7530000,경기도교육청,7679000,경기도화성오산교육지원청,2016-08-12,2016-08-12,2113,2026-03-20
Z000103822,명지초통학구역,0,44,210,8140000,충청남도교육청,8191000,충청남도서산교육지원청,2016-08-12,2016-08-12,3311,2026-03-20
Z000106086,감성초통학구역,0,36,110,9300000,세종특별자치시교육청,9300000,세종특별자치시교육청,2016-08-12,2016-08-12,4645,2026-03-20
Z000100985,대구남덕초통학구역,0,27,200,7240000,대구광역시교육청,7271000,대구광역시남부교육지원청,2016-08-12,2016-08-12,2416,2026-03-20
Z000100881,대구매호초통학구역,0,27,260,7240000,대구광역시교육청,7251000,대구광역시동부교육지원청,2016-08-12,2016-08-12,3175,2026-03-20
Z000100678,금사초통학구역,0,26,410,7150000,부산광역시교육청,7191000,부산광역시동래교육지원청,2016-08-12,2022-03-08,202,2026-03-20
Z000105403,예천남부초통학구역,0,47,900,8750000,경상북도교육청,8951000,경상북도예천교육지원청,2016-08-12,2019-01-19,468,2026-03-20
Z000104027,고대초통학구역,0,44,270,8140000,충청남도교육청,8291000,충청남도당진교육지원청,2016-08-12,2018-10-01,6575,2026-03-20
Z000104035,삼봉초통학구역,0,44,270,8140000,충청남도교육청,8291000,충청남도당진교육지원청,2016-08-12,2018-10-01,6545,2026-03-20
Z000104034,삼봉초난지분교장통학구역,0,44,270,8140000,충청남도교육청,8291000,충청남도당진교육지원청,2016-08-12,2018-10-01,6873,2026-03-20
Z000104037,서정초통학구역,0,44,270,8140000,충청남도교육청,8291000,충청남도당진교육지원청,2016-08-12,2018-10-02,3911,2026-03-20
Z000103191,남산초통학구역,0,51,720,7801000,강원특별자치도교육청,7882000,강원특별자치도홍천교육지원청,2016-08-12,2018-11-06,4905,2026-03-20
Z000150035,서울서이초서울서일초공동통학구역,1,11,650,7010000,서울특별시교육청,7091300,서울특별시강남서초교육지원청,2016-08-12,2016-08-12,1024,2026-03-20
Z000100293,서울송전초통학구역,0,11,710,7010000,서울특별시교육청,7130000,서울특별시강동송파교육지원청,2016-08-12,2016-08-12,5998,2026-03-20
Z000150365,속사초장평초공동통학구역,1,51,760,7801000,강원특별자치도교육청,7912000,강원특별자치도평창교육지원청,2016-08-12,2016-08-12,1604,2026-03-20
Z000150366,주진초평창초공동통학구역,1,51,760,7801000,강원특별자치도교육청,7912000,강원특별자치도평창교육지원청,2016-08-12,2016-08-12,2965,2026-03-20
Z000100298,서울신천초통학구역,0,11,710,7010000,서울특별시교육청,7130000,서울특별시강동송파교육지원청,2016-08-12,2016-08-12,2480,2026-03-20
Z000104216,이리백제초통학구역,0,52,140,8321000,전북특별자치도교육청,8352000,전북특별자치도익산교육지원청,2016-08-12,2024-02-23,6365,2026-03-20
Z000100850,해동초통학구역,0,26,350,7150000,부산광역시교육청,7211000,부산광역시해운대교육지원청,2016-08-12,2016-08-12,1091,2026-03-20
Z000100071,서울신도초통학구역,0,11,380,7010000,서울특별시교육청,7031000,서울특별시서부교육지원청,2016-08-12,2018-11-27,1147,2026-03-20
Z000103008,서상초통학구역,0,51,110,7801000,강원특별자치도교육청,7812000,강원특별자치도춘천교육지원청,2016-08-12,2018-11-27,1685,2026-03-20
Z000105991,삼양초통학구역,0,50,110,9290000,제주특별자치도교육청,9296000,제주특별자치도제주시교육지원청,2016-08-12,2018-12-03,2135,2026-03-20
Z000103776,금성초통학구역,0,44,200,8140000,충청남도교육청,8181000,충청남도아산교육지원청,2016-08-12,2018-11-15,6124,2026-03-20
Z000100659,용소초통학구역,0,26,290,7150000,부산광역시교육청,7181000,부산광역시남부교육지원청,2016-08-12,2016-08-12,1970,2026-03-20
Z000100236,서울서빙고초통학구역,0,11,170,7010000,서울특별시교육청,7061000,서울특별시중부교육지원청,2016-08-12,2017-02-06,3270,2026-03-20
Z000101516,대전양지초통학구역,0,30,230,7430000,대전광역시교육청,7441000,대전광역시동부교육지원청,2016-08-12,2016-08-12,3247,2026-03-20
Z000150084,대전매봉초대전법동초공동통학구역,1,30,230,7430000,대전광역시교육청,7441000,대전광역시동부교육지원청,2016-08-12,2016-08-12,2545,2026-03-20
Z000101998,부광초통학구역,0,41,192,7530000,경기도교육청,7581000,경기도부천교육지원청,2016-08-12,2024-03-29,974,2026-03-20
Z000100415,서울신구초통학구역,0,11,680,7010000,서울특별시교육청,7091300,서울특별시강남서초교육지원청,2016-08-12,2016-08-12,1032,2026-03-20
Z000100320,서울가곡초통학구역,0,11,500,7010000,서울특별시교육청,7081300,서울특별시강서양천교육지원청,2016-08-12,2016-08-12,1794,2026-03-20
Z000103813,인주초통학구역,0,44,200,8140000,충청남도교육청,8181000,충청남도아산교육지원청,2016-08-12,2018-11-15,547,2026-03-20
Z000104030,당산초통학구역,0,44,270,8140000,충청남도교육청,8291000,충청남도당진교육지원청,2016-08-12,2018-10-02,4146,2026-03-20
Z000104040,송산초통학구역,0,44,270,8140000,충청남도교육청,8291000,충청남도당진교육지원청,2016-08-12,2018-10-02,2204,2026-03-20
Z000150724,대강초단양초공동통학구역,1,43,800,8000000,충청북도교육청,8111000,충청북도단양교육지원청,2018-01-15,2019-01-15,97,2026-03-20
Z000101317,인천청라초통학구역,0,28,260,7310000,인천광역시교육청,7361000,인천광역시서부교육지원청,2016-08-12,2020-02-17,5031,2026-03-20
Z000101320,인천초은초통학구역,0,28,260,7310000,인천광역시교육청,7361000,인천광역시서부교육지원청,2016-08-12,2020-02-17,5030,2026-03-20
Z000150476,반남초신북초공동통학구역,1,46,170,8490000,전라남도교육청,8531000,전라남도나주교육지원청,2016-08-12,2016-08-12,630,2026-03-20
Z000100281,서울방산초통학구역,0,11,710,7010000,서울특별시교육청,7130000,서울특별시강동송파교육지원청,2016-08-12,2016-08-12,70,2026-03-20
Z000100197,서울쌍문초통학구역,0,11,305,7010000,서울특별시교육청,7051000,서울특별시북부교육지원청,2016-08-12,2016-08-12,157,2026-03-20
Z000102899,한터초통학구역,0,41,461,7530000,경기도교육청,7751000,경기도용인교육지원청,2016-08-12,2016-08-12,6658,2026-03-20
Z000103002,동춘천초통학구역,0,51,110,7801000,강원특별자치도교육청,7812000,강원특별자치도춘천교육지원청,2016-08-12,2018-01-09,4364,2026-03-20
Z000106197,방교초통학구역,0,41,590,7530000,경기도교육청,7679000,경기도화성오산교육지원청,2018-10-11,2018-10-11,5711,2026-03-20
Z000100861,대구노변초통학구역,0,27,260,7240000,대구광역시교육청,7251000,대구광역시동부교육지원청,2016-08-12,2019-02-19,2570,2026-03-20
Z000100406,서울봉은초통학구역,0,11,680,7010000,서울특별시교육청,7091300,서울특별시강남서초교육지원청,2016-08-12,2016-08-12,6995,2026-03-20
Z000100472,서울영화초통학구역,0,11,590,7010000,서울특별시교육청,7132000,서울특별시동작관악교육지원청,2016-08-12,2016-08-12,4721,2026-03-20
Z000100124,서울도신초통학구역,0,11,560,7010000,서울특별시교육청,7041000,서울특별시남부교육지원청,2016-08-12,2017-11-20,41,2026-03-20
Z000150034,서울방일초서울방현초공동통학구역,1,11,650,7010000,서울특별시교육청,7091300,서울특별시강남서초교육지원청,2016-08-12,2016-08-12,5928,2026-03-20
Z000100413,서울세명초통학구역,0,11,680,7010000,서울특별시교육청,7091300,서울특별시강남서초교육지원청,2016-08-12,2016-08-12,393,2026-03-20
Z000100132,서울문성초통학구역,0,11,545,7010000,서울특별시교육청,7041000,서울특별시남부교육지원청,2016-08-12,2016-08-12,4775,2026-03-20
Z000100411,서울서일초통학구역,0,11,650,7010000,서울특별시교육청,7091300,서울특별시강남서초교육지원청,2016-08-12,2016-08-12,6346,2026-03-20
Z000102726,지현초통학구역,0,41,650,7530000,경기도교육청,7711000,경기도포천교육지원청,2016-08-12,2016-08-12,3124,2026-03-20
Z000100198,서울연지초통학구역,0,11,350,7010000,서울특별시교육청,7051000,서울특별시북부교육지원청,2016-08-12,2016-08-12,5340,2026-03-20
Z000100533,서울성북초통학구역,0,11,290,7010000,서울특별시교육청,7121200,서울특별시성북강북교육지원청,2016-08-12,2016-08-17,4170,2026-03-20
Z000100341,서울목운초통학구역,0,11,470,7010000,서울특별시교육청,7081300,서울특별시강서양천교육지원청,2016-08-12,2016-08-12,4764,2026-03-20
Z000150013,서울당산초서울선유초공동통학구역,1,11,560,7010000,서울특별시교육청,7041000,서울특별시남부교육지원청,2016-08-12,2016-08-12,3875,2026-03-20
Z000150030,서울화곡초서울화일초공동통학구역,1,11,500,7010000,서울특별시교육청,7081300,서울특별시강서양천교육지원청,2016-08-12,2016-08-12,2697,2026-03-20
Z000101615,덕송초통학구역,0,30,200,7430000,대전광역시교육청,7451000,대전광역시서부교육지원청,2016-08-12,2020-02-18,439,2026-03-20
Z000150911,동부초주전초공동(일방)통학구역,1,31,170,7480000,울산광역시교육청,7491000,울산광역시강북교육지원청,2020-02-19,2020-02-19,2922,2026-03-20
Z000102708,도평초통학구역,0,41,650,7530000,경기도교육청,7711000,경기도포천교육지원청,2016-08-12,2016-08-12,549,2026-03-20
Z000102719,운담초통학구역,0,41,650,7530000,경기도교육청,7711000,경기도포천교육지원청,2016-08-12,2016-08-12,2083,2026-03-20
Z000101378,일곡초통학구역,0,29,170,7380000,광주광역시교육청,7391000,광주광역시동부교육지원청,2016-08-12,2016-08-12,2601,2026-03-20
Z000101451,월봉초통학구역,0,29,200,7380000,광주광역시교육청,7401000,광주광역시서부교육지원청,2016-08-12,2018-02-22,3564,2026-03-20
Z000101429,성덕초통학구역,0,29,200,7380000,광주광역시교육청,7401000,광주광역시서부교육지원청,2016-08-12,2016-08-12,1292,2026-03-20
Z000103713,계룡초통학구역,0,44,150,8140000,충청남도교육청,8161000,충청남도공주교육지원청,2016-08-12,2016-08-12,2142,2026-03-20
Z000100055,서울북가좌초통학구역,0,11,410,7010000,서울특별시교육청,7031000,서울특별시서부교육지원청,2016-08-12,2017-11-20,7043,2026-03-20
Z000100543,서울오현초통학구역,0,11,305,7010000,서울특별시교육청,7121200,서울특별시성북강북교육지원청,2016-08-12,2016-08-12,5316,2026-03-20
Z000100552,서울정덕초통학구역,0,11,290,7010000,서울특별시교육청,7121200,서울특별시성북강북교육지원청,2016-08-12,2019-01-15,150,2026-03-20
Z000150332,신일초홍천초공동통학구역,1,41,465,7530000,경기도교육청,7751000,경기도용인교육지원청,2016-08-12,2016-08-12,4393,2026-03-20
Z000150335,언동초중일초공동통학구역,1,41,463,7530000,경기도교육청,7751000,경기도용인교육지원청,2016-08-12,2016-08-12,4578,2026-03-20
Z000102189,월포초통학구역,0,41,390,7530000,경기도교육청,7781000,경기도시흥교육지원청,2016-08-12,2017-02-14,1579,2026-03-20
Z000150600,대성초방산초공동통학구역,1,48,820,9010000,경상남도교육청,9161000,경상남도고성교육지원청,2016-08-12,2017-02-07,1163,2026-03-20
Z000150197,갈곶초오산대원초공동통학구역,1,41,370,7530000,경기도교육청,7631000,경기도평택교육지원청,2016-08-12,2016-08-12,1698,2026-03-20
Z000100637,석포초통학구역,0,26,290,7150000,부산광역시교육청,7181000,부산광역시남부교육지원청,2016-08-12,2016-08-12,1968,2026-03-20
Z000100555,서울청덕초통학구역,0,11,290,7010000,서울특별시교육청,7121200,서울특별시성북강북교육지원청,2016-08-12,2016-08-12,4307,2026-03-20
Z000103960,구항초통학구역,0,44,800,8140000,충청남도교육청,8261000,충청남도홍성교육지원청,2016-08-12,2016-08-12,1229,2026-03-20
Z000103819,고북초통학구역,0,44,210,8140000,충청남도교육청,8191000,충청남도서산교육지원청,2016-08-12,2016-08-12,2128,2026-03-20
Z000103840,음암초통학구역,0,44,210,8140000,충청남도교육청,8191000,충청남도서산교육지원청,2016-08-12,2016-08-12,1198,2026-03-20
Z000150235,장명초화성장안초공동통학구역,1,41,590,7530000,경기도교육청,7679000,경기도화성오산교육지원청,2016-08-12,2016-08-12,1805,2026-03-20
Z000150445,성당초운산초공동통학구역,1,44,270,8140000,충청남도교육청,8291000,충청남도당진교육지원청,2016-08-12,2018-10-02,1207,2026-03-20
Z000100446,서울남부초통학구역,0,11,620,7010000,서울특별시교육청,7132000,서울특별시동작관악교육지원청,2016-08-12,2016-08-12,5896,2026-03-20
Z000100329,서울공진초통학구역,0,11,500,7010000,서울특별시교육청,7081300,서울특별시강서양천교육지원청,2016-08-12,2018-07-24,6140,2026-03-20
Z000102145,생금초통학구역,0,41,390,7530000,경기도교육청,7781000,경기도시흥교육지원청,2016-08-12,2017-02-14,347,2026-03-20
Z000103287,북평초통학구역,0,51,770,7801000,강원특별자치도교육청,7922000,강원특별자치도정선교육지원청,2016-08-12,2016-08-12,4333,2026-03-20
Z000105869,하이초통학구역,0,48,820,9010000,경상남도교육청,9161000,경상남도고성교육지원청,2016-08-12,2020-02-10,5295,2026-03-20
Z000100460,서울삼성초통학구역,0,11,620,7010000,서울특별시교육청,7132000,서울특별시동작관악교육지원청,2016-08-12,2016-08-12,5847,2026-03-20
Z000105060,구성초통학구역,0,47,150,8750000,경상북도교육청,8781000,경상북도김천교육지원청,2016-08-12,2016-08-12,449,2026-03-20
Z000105244,동로초통학구역,0,47,280,8750000,경상북도교육청,8841000,경상북도문경교육지원청,2016-08-12,2016-08-12,1157,2026-03-20
Z000102840,상하초통학구역,0,41,463,7530000,경기도교육청,7751000,경기도용인교육지원청,2016-08-12,2016-08-12,3667,2026-03-20
Z000101431,송우초통학구역,0,29,200,7380000,광주광역시교육청,7401000,광주광역시서부교육지원청,2016-08-12,2018-02-07,3118,2026-03-20
Z000105410,지보초통학구역,0,47,900,8750000,경상북도교육청,8951000,경상북도예천교육지원청,2016-08-12,2019-01-25,3656,2026-03-20
Z000100442,서울구암초통학구역,0,11,620,7010000,서울특별시교육청,7132000,서울특별시동작관악교육지원청,2016-08-12,2016-08-12,6046,2026-03-20
Z000101430,성진초통학구역,0,29,140,7380000,광주광역시교육청,7401000,광주광역시서부교육지원청,2016-08-12,2016-11-28,4996,2026-03-20
Z000102746,상천초통학구역,0,41,820,7530000,경기도교육청,7721000,경기도가평교육지원청,2016-08-12,2019-01-25,4883,2026-03-20
Z000103391,동화초통학구역,0,43,112,8000000,충청북도교육청,8011000,충청북도청주교육지원청,2016-08-12,2016-08-12,2101,2026-03-20
Z000105039,연안초통학구역,0,47,130,8750000,경상북도교육청,8771000,경상북도경주교육지원청,2016-08-12,2016-08-12,6436,2026-03-20
Z000105235,화령초통학구역,0,47,250,8750000,경상북도교육청,8831000,경상북도상주교육지원청,2016-08-12,2016-08-12,4642,2026-03-20
Z000105310,의성남부초통학구역,0,47,730,8750000,경상북도교육청,8871000,경상북도의성교육지원청,2016-08-12,2016-08-12,3606,2026-03-20
Z000103063,일산초통학구역,0,51,130,7801000,강원특별자치도교육청,7822000,강원특별자치도원주교육지원청,2016-08-12,2016-08-12,6687,2026-03-20
Z000105137,도봉초통학구역,0,47,190,8750000,경상북도교육청,8801000,경상북도구미교육지원청,2016-08-12,2016-08-12,4278,2026-03-20
Z000105266,남성초통학구역,0,47,290,8750000,경상북도교육청,8851000,경상북도경산교육지원청,2016-08-12,2016-08-12,933,2026-03-20
Z000105304,단촌초통학구역,0,47,730,8750000,경상북도교육청,8871000,경상북도의성교육지원청,2016-08-12,2016-08-12,4945,2026-03-20
Z000105360,쌍림초통학구역,0,47,830,8750000,경상북도교육청,8921000,경상북도고령교육지원청,2016-08-12,2016-08-12,6009,2026-03-20
Z000105364,가천초통학구역,0,47,840,8750000,경상북도교육청,8931000,경상북도성주교육지원청,2016-08-12,2018-03-07,5296,2026-03-20
Z000105373,수륜초통학구역,0,47,840,8750000,경상북도교육청,8931000,경상북도성주교육지원청,2016-08-12,2016-08-12,2483,2026-03-20
Z000103097,옥계초통학구역,0,51,150,7801000,강원특별자치도교육청,7832000,강원특별자치도강릉교육지원청,2016-08-12,2016-08-12,766,2026-03-20
Z000103950,운곡초통학구역,0,44,790,8140000,충청남도교육청,8251000,충청남도청양교육지원청,2016-08-12,2016-08-12,3006,2026-03-20
Z000150367,백전초사북초공동통학구역,1,51,770,7801000,강원특별자치도교육청,7922000,강원특별자치도정선교육지원청,2016-08-12,2016-08-12,60,2026-03-20
Z000150085,대전비래초동대전초공동통학구역,1,30,230,7430000,대전광역시교육청,7441000,대전광역시동부교육지원청,2016-08-12,2016-08-12,3971,2026-03-20
Z000100066,서울성서초통학구역,0,11,440,7010000,서울특별시교육청,7031000,서울특별시서부교육지원청,2016-08-12,2016-08-12,4403,2026-03-20
Z000106082,한마음초통학구역,0,50,130,9290000,제주특별자치도교육청,9299000,제주특별자치도서귀포시교육지원청,2016-08-12,2016-08-12,5273,2026-03-20
Z000105219,상주동부초통학구역,0,47,250,8750000,경상북도교육청,8831000,경상북도상주교육지원청,2016-08-12,2016-08-12,5298,2026-03-20
Z000101360,무등초통학구역,0,29,170,7380000,광주광역시교육청,7391000,광주광역시동부교육지원청,2016-08-12,2016-08-12,3239,2026-03-20
Z000101422,산월초통학구역,0,29,200,7380000,광주광역시교육청,7401000,광주광역시서부교육지원청,2016-08-12,2016-08-12,839,2026-03-20
Z000101449,월계초통학구역,0,29,200,7380000,광주광역시교육청,7401000,광주광역시서부교육지원청,2016-08-12,2016-08-12,4422,2026-03-20
Z000103645,미죽초통학구역,0,44,131,8140000,충청남도교육청,8151000,충청남도천안교육지원청,2016-08-12,2016-08-12,6893,2026-03-20
Z000103853,남이초통학구역,0,44,710,8140000,충청남도교육청,8201000,충청남도금산교육지원청,2016-08-12,2016-08-12,4882,2026-03-20
Z000103190,구송초통학구역,0,51,720,7801000,강원특별자치도교육청,7882000,강원특별자치도홍천교육지원청,2016-08-12,2016-08-12,4864,2026-03-20
Z000100858,대구고산초통학구역,0,27,260,7240000,대구광역시교육청,7251000,대구광역시동부교육지원청,2016-08-12,2019-02-19,5224,2026-03-20
Z000101393,광주봉주초통학구역,0,29,155,7380000,광주광역시교육청,7401000,광주광역시서부교육지원청,2016-08-12,2016-08-12,2117,2026-03-20
Z000100146,서울영남초통학구역,0,11,545,7010000,서울특별시교육청,7041000,서울특별시남부교육지원청,2016-08-12,2016-08-12,921,2026-03-20
Z000150465,괴목초무주중앙초공동통학구역,1,52,730,8321000,전북특별자치도교육청,8412000,전북특별자치도무주교육지원청,2016-08-12,2024-02-23,2838,2026-03-20
Z000150477,세지초봉황초공동통학구역,1,46,170,8490000,전라남도교육청,8531000,전라남도나주교육지원청,2016-08-12,2016-08-12,6935,2026-03-20
Z000100165,서울가인초통학구역,0,11,320,7010000,서울특별시교육청,7051000,서울특별시북부교육지원청,2016-08-12,2016-08-12,944,2026-03-20
Z000102984,도창초통학구역,0,41,390,7530000,경기도교육청,7781000,경기도시흥교육지원청,2016-08-12,2016-08-18,3565,2026-03-20
Z000102153,송운초통학구역,0,41,390,7530000,경기도교육청,7781000,경기도시흥교육지원청,2016-08-12,2017-02-14,6426,2026-03-20
Z000101376,용주초통학구역,0,29,170,7380000,광주광역시교육청,7391000,광주광역시동부교육지원청,2016-08-12,2016-08-12,6539,2026-03-20
Z000101828,화서초통학구역,0,41,115,7530000,경기도교육청,7541000,경기도수원교육지원청,2016-08-12,2018-03-15,6818,2026-03-20
Z000100154,서울영일초통학구역,0,11,530,7010000,서울특별시교육청,7041000,서울특별시남부교육지원청,2016-08-12,2016-08-12,4762,2026-03-20
Z000102990,포리초통학구역,0,41,390,7530000,경기도교육청,7781000,경기도시흥교육지원청,2016-08-12,2016-08-12,4817,2026-03-20
Z000104757,장평초통학구역,0,46,800,8490000,전라남도교육청,8621000,전라남도장흥교육지원청,2016-08-12,2016-08-12,6250,2026-03-20
Z000104775,칠량초통학구역,0,46,810,8490000,전라남도교육청,8631000,전라남도강진교육지원청,2016-08-12,2016-08-12,2110,2026-03-20
Z000100340,서울목동초통학구역,0,11,470,7010000,서울특별시교육청,7081300,서울특별시강서양천교육지원청,2016-08-12,2016-08-12,3863,2026-03-20
Z000150032,서울매헌초서울언남초공동통학구역,1,11,650,7010000,서울특별시교육청,7091300,서울특별시강남서초교육지원청,2016-08-12,2016-08-12,1782,2026-03-20
Z000104766,군동초통학구역,0,46,810,8490000,전라남도교육청,8631000,전라남도강진교육지원청,2016-08-12,2016-08-12,6772,2026-03-20
Z000150536,옥계초양포초산동초옥계동부초구미원당초공동통학구역,1,47,190,8750000,경상북도교육청,8801000,경상북도구미교육지원청,2016-08-12,2020-02-25,5429,2026-03-20
Z000100282,서울방이초통학구역,0,11,710,7010000,서울특별시교육청,7130000,서울특별시강동송파교육지원청,2016-08-12,2016-08-12,1855,2026-03-20
Z000100220,서울초당초통학구역,0,11,320,7010000,서울특별시교육청,7051000,서울특별시북부교육지원청,2016-08-12,2016-08-12,1939,2026-03-20
Z000104806,시종초통학구역,0,46,830,8490000,전라남도교육청,8651000,전라남도영암교육지원청,2016-08-12,2016-08-12,4609,2026-03-20
Z000104811,학산초통학구역,0,46,830,8490000,전라남도교육청,8651000,전라남도영암교육지원청,2016-08-12,2016-08-12,4234,2026-03-20
Z000104789,우수영초통학구역,0,46,820,8490000,전라남도교육청,8641000,전라남도해남교육지원청,2016-08-12,2016-08-12,3201,2026-03-20
Z000103001,동부초통학구역,0,51,110,7801000,강원특별자치도교육청,7812000,강원특별자치도춘천교육지원청,2016-08-12,2016-08-12,4622,2026-03-20
Z000103004,봄내초통학구역,0,51,110,7801000,강원특별자치도교육청,7812000,강원특별자치도춘천교육지원청,2016-08-12,2016-08-12,7009,2026-03-20
Z000150910,서울염경초서울염동초공동통학구역,1,11,500,7010000,서울특별시교육청,7081300,서울특별시강서양천교육지원청,2020-02-18,2020-02-18,540,2026-03-20
Z000150309,능원초현암초공동통학구역,1,41,461,7530000,경기도교육청,7751000,경기도용인교육지원청,2016-08-12,2016-08-12,4446,2026-03-20
Z000150114,성남신기초성남정자초공동통학구역,1,41,135,7530000,경기도교육청,7551000,경기도성남교육지원청,2016-08-12,2017-02-14,6004,2026-03-20
Z000100462,서울상도초통학구역,0,11,590,7010000,서울특별시교육청,7132000,서울특별시동작관악교육지원청,2016-08-12,2016-08-12,279,2026-03-20
Z000100131,서울문백초통학구역,0,11,545,7010000,서울특별시교육청,7041000,서울특별시남부교육지원청,2016-08-12,2016-08-12,3009,2026-03-20
Z000100843,좌동초통학구역,0,26,350,7150000,부산광역시교육청,7211000,부산광역시해운대교육지원청,2016-08-12,2016-08-12,207,2026-03-20
Z000104141,군산수송초통학구역,0,52,130,8321000,전북특별자치도교육청,8342000,전북특별자치도군산교육지원청,2016-08-12,2024-02-23,4847,2026-03-20
Z000104827,해제남초통학구역,0,46,840,8490000,전라남도교육청,8661000,전라남도무안교육지원청,2016-08-12,2016-08-12,3807,2026-03-20
Z000104099,전주용흥초통학구역,0,52,111,8321000,전북특별자치도교육청,8332000,전북특별자치도전주교육지원청,2016-08-12,2024-02-23,6032,2026-03-20
Z000150767,해남동초해남서초공동통학구역,1,46,820,8490000,전라남도교육청,8641000,전라남도해남교육지원청,2019-10-28,2019-10-28,5662,2026-03-20
Z000150495,해남동초제한적공동통학구역,1,46,820,8490000,전라남도교육청,8641000,전라남도해남교육지원청,2016-08-12,2019-10-28,6328,2026-03-20
Z000106055,새서귀초통학구역,0,50,130,9290000,제주특별자치도교육청,9299000,제주특별자치도서귀포시교육지원청,2016-08-12,2019-11-12,627,2026-03-20
Z000150769,법환초새서귀초공동통학구역,1,50,130,9290000,제주특별자치도교육청,9299000,제주특별자치도서귀포시교육지원청,2019-11-12,2019-11-12,3315,2026-03-20
Z000150770,법환초서호초공동통학구역,1,50,130,9290000,제주특별자치도교육청,9299000,제주특별자치도서귀포시교육지원청,2019-11-12,2019-11-12,3316,2026-03-20
Z000150253,봉일천초파주대원초공동통학구역,1,41,480,7530000,경기도교육청,7681000,경기도파주교육지원청,2016-08-12,2016-08-12,828,2026-03-20
Z000100295,서울신가초통학구역,0,11,710,7010000,서울특별시교육청,7130000,서울특별시강동송파교육지원청,2016-08-12,2016-08-12,4547,2026-03-20
Z000101411,마지초통학구역,0,29,200,7380000,광주광역시교육청,7401000,광주광역시서부교육지원청,2016-08-12,2016-08-12,1736,2026-03-20
Z000100307,서울잠일초통학구역,0,11,710,7010000,서울특별시교육청,7130000,서울특별시강동송파교육지원청,2016-08-12,2016-08-12,5469,2026-03-20
Z000103821,동암초통학구역,0,44,210,8140000,충청남도교육청,8191000,충청남도서산교육지원청,2016-08-12,2016-08-12,5888,2026-03-20
Z000106277,훈민초통학구역,0,41,150,7530000,경기도교육청,7561000,경기도의정부교육지원청,2020-02-21,2020-02-21,6034,2026-03-20
Z000101911,경의초통학구역,0,41,150,7530000,경기도교육청,7561000,경기도의정부교육지원청,2016-08-12,2020-02-21,4462,2026-03-20
Z000150079,수완초은빛초공동통학구역,1,29,200,7380000,광주광역시교육청,7401000,광주광역시서부교육지원청,2016-08-12,2016-08-12,4414,2026-03-20
Z000150068,고실초성덕초공동통학구역,1,29,200,7380000,광주광역시교육청,7401000,광주광역시서부교육지원청,2016-08-12,2016-08-12,1297,2026-03-20
Z000104263,이평초통학구역,0,52,180,8321000,전북특별자치도교육청,8362000,전북특별자치도정읍교육지원청,2016-08-12,2024-02-23,3575,2026-03-20
Z000103239,춘당초통학구역,0,51,730,7801000,강원특별자치도교육청,7892000,강원특별자치도횡성교육지원청,2016-08-12,2016-08-12,862,2026-03-20
Z000150827,포항대흥초기북초공동(일방)통학구역,1,47,113,8750000,경상북도교육청,8761000,경상북도포항교육지원청,2020-02-03,2020-02-03,2636,2026-03-20
Z000102379,한얼초통학구역,0,41,410,7530000,경기도교육청,7642000,경기도군포의왕교육지원청,2016-08-12,2020-02-18,2062,2026-03-20
Z000150788,가평초가평마장초상색초공동통학구역,1,41,820,7530000,경기도교육청,7721000,경기도가평교육지원청,2019-12-10,2019-12-10,6514,2026-03-20
Z000106276,두왕초통학구역,0,31,140,7480000,울산광역시교육청,7501000,울산광역시강남교육지원청,2020-02-21,2020-02-21,845,2026-03-20
Z000102960,사우초통학구역,0,41,570,7530000,경기도교육청,7771000,경기도김포교육지원청,2016-08-12,2016-08-12,6433,2026-03-20
Z000100041,서울갈현초통학구역,0,11,380,7010000,서울특별시교육청,7031000,서울특별시서부교육지원청,2016-08-12,2016-08-12,5251,2026-03-20
Z000101399,광주학강초통학구역,0,29,155,7380000,광주광역시교육청,7401000,광주광역시서부교육지원청,2016-08-12,2018-02-06,2609,2026-03-20
Z000100027,서울전농초통학구역,0,11,230,7010000,서울특별시교육청,7021000,서울특별시동부교육지원청,2016-08-12,2016-10-05,4469,2026-03-20
Z000100189,서울수암초통학구역,0,11,350,7010000,서울특별시교육청,7051000,서울특별시북부교육지원청,2016-08-12,2016-08-12,5993,2026-03-20
Z000100957,대구서도초통학구역,0,27,170,7240000,대구광역시교육청,7261000,대구광역시서부교육지원청,2016-08-12,2016-08-12,2413,2026-03-20
Z000105720,산동초통학구역,0,48,270,9010000,경상남도교육청,9101000,경상남도밀양교육지원청,2016-08-12,2016-08-12,1360,2026-03-20
Z000105731,태룡초통학구역,0,48,270,9010000,경상남도교육청,9101000,경상남도밀양교육지원청,2016-08-12,2016-08-12,1349,2026-03-20
Z000103807,온양초사초통학구역,0,44,200,8140000,충청남도교육청,8181000,충청남도아산교육지원청,2016-08-12,2016-08-12,1455,2026-03-20
Z000101875,성남여수초통학구역,0,41,133,7530000,경기도교육청,7551000,경기도성남교육지원청,2016-08-12,2016-08-12,6276,2026-03-20
Z000100339,서울등현초통학구역,0,11,500,7010000,서울특별시교육청,7081300,서울특별시강서양천교육지원청,2016-08-12,2016-08-12,3561,2026-03-20
Z000103396,미원초금관분교장통학구역,0,43,111,8000000,충청북도교육청,8011000,충청북도청주교육지원청,2016-08-12,2016-08-12,5512,2026-03-20
Z000103724,상서초통학구역,0,44,150,8140000,충청남도교육청,8161000,충청남도공주교육지원청,2016-08-12,2016-08-12,4270,2026-03-20
Z000103721,덕암초통학구역,0,44,150,8140000,충청남도교육청,8161000,충청남도공주교육지원청,2016-08-12,2016-08-12,4611,2026-03-20
Z000100527,서울미양초통학구역,0,11,305,7010000,서울특별시교육청,7121200,서울특별시성북강북교육지원청,2016-08-12,2016-08-12,2820,2026-03-20
Z000100740,대상초통학구역,0,26,440,7150000,부산광역시교육청,7201000,부산광역시북부교육지원청,2016-08-12,2016-08-12,5811,2026-03-20
Z000102166,시흥초통학구역,0,41,390,7530000,경기도교육청,7781000,경기도시흥교육지원청,2016-08-12,2017-02-14,6429,2026-03-20
Z000100251,서울한강초통학구역,0,11,170,7010000,서울특별시교육청,7061000,서울특별시중부교육지원청,2016-08-12,2017-02-06,3196,2026-03-20
Z000101539,산흥초통학구역,0,30,110,7430000,대전광역시교육청,7441000,대전광역시동부교육지원청,2016-08-12,2019-01-24,4888,2026-03-20
Z000101492,대전동산초통학구역,0,30,110,7430000,대전광역시교육청,7441000,대전광역시동부교육지원청,2016-08-12,2019-01-25,1636,2026-03-20
Z000101277,인천능내초통학구역,0,28,260,7310000,인천광역시교육청,7361000,인천광역시서부교육지원청,2016-08-12,2019-01-23,4240,2026-03-20
Z000101480,대전글꽃초통학구역,0,30,140,7430000,대전광역시교육청,7441000,대전광역시동부교육지원청,2016-08-12,2019-01-24,1630,2026-03-20
Z000150963,서산예천초오산초공동(일방)통학구역,1,44,210,8140000,충청남도교육청,8191000,충청남도서산교육지원청,2020-03-24,2020-03-24,1519,2026-03-20
Z000150965,성연초관내면지역초제한적공동(일방)통학구역,1,44,210,8140000,충청남도교육청,8191000,충청남도서산교육지원청,2020-03-24,2020-03-24,5886,2026-03-20
Z000150964,대산초명지초서산대진초공동(일방)통학구역,1,44,210,8140000,충청남도교육청,8191000,충청남도서산교육지원청,2020-03-24,2020-03-24,624,2026-03-20
Z000101624,강동초통학구역,0,31,200,7480000,울산광역시교육청,7491000,울산광역시강북교육지원청,2016-08-12,2019-04-02,4701,2026-03-20
Z000104041,송악초통학구역,0,44,270,8140000,충청남도교육청,8291000,충청남도당진교육지원청,2016-08-12,2020-03-30,378,2026-03-20
Z000104116,전주팔복초통학구역,0,52,113,8321000,전북특별자치도교육청,8332000,전북특별자치도전주교육지원청,2016-08-12,2024-02-23,2210,2026-03-20
Z000101777,송원초통학구역,0,41,111,7530000,경기도교육청,7541000,경기도수원교육지원청,2016-08-12,2018-03-06,4309,2026-03-20
Z000101895,위례푸른초통학구역,0,41,131,7530000,경기도교육청,7551000,경기도성남교육지원청,2016-08-12,2018-08-11,4585,2026-03-20
Z000150369,정선초봉양초공동통학구역,1,51,770,7801000,강원특별자치도교육청,7922000,강원특별자치도정선교육지원청,2016-08-12,2016-08-12,5199,2026-03-20
Z000103775,금곡초통학구역,0,44,200,8140000,충청남도교육청,8181000,충청남도아산교육지원청,2016-08-12,2018-11-27,2801,2026-03-20
Z000105988,봉개초통학구역,0,50,110,9290000,제주특별자치도교육청,9296000,제주특별자치도제주시교육지원청,2016-08-12,2018-12-03,6330,2026-03-20
Z000106027,하귀초통학구역,0,50,110,9290000,제주특별자치도교육청,9296000,제주특별자치도제주시교육지원청,2016-08-12,2018-12-05,614,2026-03-20
Z000105968,광령초통학구역,0,50,110,9290000,제주특별자치도교육청,9296000,제주특별자치도제주시교육지원청,2016-08-12,2018-12-05,5884,2026-03-20
Z000101309,인천완정초통학구역,0,28,260,7310000,인천광역시교육청,7361000,인천광역시서부교육지원청,2016-08-12,2018-12-13,5970,2026-03-20
Z000104498,목포하당초통학구역,0,46,110,8490000,전라남도교육청,8501000,전라남도목포교육지원청,2016-08-12,2016-08-12,1512,2026-03-20
Z000100938,대구달서초통학구역,0,27,170,7240000,대구광역시교육청,7261000,대구광역시서부교육지원청,2016-08-12,2016-08-12,3292,2026-03-20
Z000105555,하북초통학구역,0,48,125,9010000,경상남도교육청,9022000,경상남도창원교육지원청,2016-08-12,2016-08-12,6955,2026-03-20
Z000150482,담양동초담양남초공동통학구역,1,46,710,8490000,전라남도교육청,8561000,전라남도담양교육지원청,2016-08-12,2018-03-19,6812,2026-03-20
Z000100089,서울은평초통학구역,0,11,380,7010000,서울특별시교육청,7031000,서울특별시서부교육지원청,2016-08-12,2018-09-05,2955,2026-03-20
Z000150288,전곡초화진초공동통학구역,1,41,800,7530000,경기도교육청,7701000,경기도연천교육지원청,2016-08-12,2016-08-12,5337,2026-03-20
Z000100299,서울아주초통학구역,0,11,710,7010000,서울특별시교육청,7130000,서울특별시강동송파교육지원청,2016-08-12,2016-08-12,6304,2026-03-20
Z000101406,대반초통학구역,0,29,200,7380000,광주광역시교육청,7401000,광주광역시서부교육지원청,2016-08-12,2016-08-12,6646,2026-03-20
Z000104129,군산금광초통학구역,0,52,130,8321000,전북특별자치도교육청,8342000,전북특별자치도군산교육지원청,2016-08-12,2024-02-23,3939,2026-03-20
Z000150723,김해가야초김해외동초공동통학구역,1,48,250,9010000,경상남도교육청,9091000,경상남도김해교육지원청,2019-01-10,2019-01-14,3809,2026-03-20
Z000103866,강경산양초통학구역,0,44,230,8140000,충청남도교육청,8222000,충청남도논산계룡교육지원청,2016-08-12,2016-08-12,1779,2026-03-20
Z000104219,이리북일초통학구역,0,52,140,8321000,전북특별자치도교육청,8352000,전북특별자치도익산교육지원청,2016-08-12,2024-02-23,5843,2026-03-20
Z000100025,서울장평초통학구역,0,11,230,7010000,서울특별시교육청,7021000,서울특별시동부교육지원청,2016-08-12,2016-08-12,5242,2026-03-20
Z000150073,광주효덕초진제초공동통학구역,1,29,155,7380000,광주광역시교육청,7401000,광주광역시서부교육지원청,2016-08-12,2016-08-12,4773,2026-03-20
Z000101465,진제초통학구역,0,29,155,7380000,광주광역시교육청,7401000,광주광역시서부교육지원청,2016-08-12,2016-08-12,4513,2026-03-20
Z000104073,전주반월초통학구역,0,52,113,8321000,전북특별자치도교육청,8332000,전북특별자치도전주교육지원청,2016-08-12,2024-02-23,1707,2026-03-20
Z000104497,목포청호초통학구역,0,46,110,8490000,전라남도교육청,8501000,전라남도목포교육지원청,2016-08-12,2016-08-12,618,2026-03-20
Z000103970,은하초통학구역,0,44,800,8140000,충청남도교육청,8261000,충청남도홍성교육지원청,2016-08-12,2016-08-12,5681,2026-03-20
Z000100578,봉래초통학구역,0,26,110,7150000,부산광역시교육청,7171000,부산광역시서부교육지원청,2016-08-12,2016-08-12,2314,2026-03-20
Z000102289,계성초통학구역,0,41,220,7530000,경기도교육청,7631000,경기도평택교육지원청,2016-08-12,2016-08-12,3717,2026-03-20
Z000150524,산대초옥산초공동통학구역,1,47,130,8750000,경상북도교육청,8771000,경상북도경주교육지원청,2016-08-12,2016-08-12,1092,2026-03-20
Z000150370,정선초봉양초남평초공동통학구역,1,51,770,7801000,강원특별자치도교육청,7922000,강원특별자치도정선교육지원청,2016-08-12,2016-08-12,6078,2026-03-20
Z000102110,주원초통학구역,0,41,630,7530000,경기도교육청,7602000,경기도동두천양주교육지원청,2016-08-12,2016-08-12,5240,2026-03-20
Z000100227,서울남산초통학구역,0,11,140,7010000,서울특별시교육청,7061000,서울특별시중부교육지원청,2016-08-12,2017-02-06,576,2026-03-20
Z000100790,화명초통학구역,0,26,320,7150000,부산광역시교육청,7201000,부산광역시북부교육지원청,2016-08-12,2016-08-12,4359,2026-03-20
Z000103263,대화초통학구역,0,51,760,7801000,강원특별자치도교육청,7912000,강원특별자치도평창교육지원청,2016-08-12,2019-12-24,2518,2026-03-20
Z000106038,화북초통학구역,0,50,110,9290000,제주특별자치도교육청,9296000,제주특별자치도제주시교육지원청,2016-08-12,2020-01-17,2122,2026-03-20
Z000150526,양남초입실초공동통학구역,1,47,130,8750000,경상북도교육청,8771000,경상북도경주교육지원청,2016-08-12,2016-08-12,2031,2026-03-20
Z000102541,예원초통학구역,0,41,590,7530000,경기도교육청,7679000,경기도화성오산교육지원청,2016-08-12,2016-08-12,803,2026-03-20
Z000101358,두암초통학구역,0,29,170,7380000,광주광역시교육청,7391000,광주광역시동부교육지원청,2016-08-12,2016-08-12,5593,2026-03-20
Z000100392,서울대모초통학구역,0,11,680,7010000,서울특별시교육청,7091300,서울특별시강남서초교육지원청,2016-08-12,2016-08-12,4848,2026-03-20
Z000100452,서울동작초통학구역,0,11,590,7010000,서울특별시교육청,7132000,서울특별시동작관악교육지원청,2016-08-12,2016-08-12,4155,2026-03-20
Z000100541,서울숭인초통학구역,0,11,290,7010000,서울특별시교육청,7121200,서울특별시성북강북교육지원청,2016-08-12,2016-08-12,6254,2026-03-20
Z000103493,충주삼원초통학구역,0,43,130,8000000,충청북도교육청,8021000,충청북도충주교육지원청,2016-08-12,2019-12-24,3142,2026-03-20
Z000150806,증평초청안초공동(일방)통학구역,1,43,745,8000000,충청북도교육청,8092000,충청북도괴산증평교육지원청,2020-01-03,2020-01-03,526,2026-03-20
Z000150287,전곡초초성초공동통학구역,1,41,800,7530000,경기도교육청,7701000,경기도연천교육지원청,2016-08-12,2019-12-24,2588,2026-03-20
Z000150804,부천초부천중원초공동통학구역,1,41,192,7530000,경기도교육청,7581000,경기도부천교육지원청,2020-01-02,2024-03-29,2158,2026-03-20
Z000150886,경산동부초용성초공동(일방)통학구역,1,47,290,8750000,경상북도교육청,8851000,경상북도경산교육지원청,2020-02-12,2020-02-12,3603,2026-03-20
Z000106255,송안초통학구역,0,41,410,7530000,경기도교육청,7642000,경기도군포의왕교육지원청,2019-11-18,2020-02-18,1426,2026-03-20
Z000102346,곡란초통학구역,0,41,410,7530000,경기도교육청,7642000,경기도군포의왕교육지원청,2016-08-12,2020-02-18,1140,2026-03-20
Z000105992,삼화초통학구역,0,50,110,9290000,제주특별자치도교육청,9296000,제주특별자치도제주시교육지원청,2016-08-12,2020-01-17,2123,2026-03-20
Z000100362,서울양동초통학구역,0,11,470,7010000,서울특별시교육청,7081300,서울특별시강서양천교육지원청,2016-08-12,2016-08-12,898,2026-03-20
Z000100326,서울개화초통학구역,0,11,500,7010000,서울특별시교육청,7081300,서울특별시강서양천교육지원청,2016-08-12,2016-08-12,2402,2026-03-20
Z000101377,율곡초통학구역,0,29,110,7380000,광주광역시교육청,7391000,광주광역시동부교육지원청,2016-08-12,2016-10-13,3819,2026-03-20
Z000101414,무학초통학구역,0,29,155,7380000,광주광역시교육청,7401000,광주광역시서부교육지원청,2016-08-12,2016-08-12,6137,2026-03-20
Z000100853,해운대초통학구역,0,26,350,7150000,부산광역시교육청,7211000,부산광역시해운대교육지원청,2016-08-12,2018-04-04,1999,2026-03-20
Z000100856,대구강동초통학구역,0,27,140,7240000,대구광역시교육청,7251000,대구광역시동부교육지원청,2016-08-12,2017-04-14,5827,2026-03-20
Z000100929,대구경진초통학구역,0,27,230,7240000,대구광역시교육청,7261000,대구광역시서부교육지원청,2016-08-12,2016-08-12,3421,2026-03-20
Z000100720,장전초통학구역,0,26,410,7150000,부산광역시교육청,7191000,부산광역시동래교육지원청,2016-08-12,2016-08-12,4599,2026-03-20
Z000100765,사상초통학구역,0,26,530,7150000,부산광역시교육청,7201000,부산광역시북부교육지원청,2016-08-12,2016-08-12,2295,2026-03-20
Z000150795,만승초금구초공동(일방)학구,1,43,750,8000000,충청북도교육청,8081000,충청북도진천교육지원청,2019-12-19,2019-12-19,5904,2026-03-20
Z000100141,서울신미림초통학구역,0,11,530,7010000,서울특별시교육청,7041000,서울특별시남부교육지원청,2016-08-12,2020-01-17,2999,2026-03-20
Z000100321,서울가양초통학구역,0,11,500,7010000,서울특별시교육청,7081300,서울특별시강서양천교육지원청,2016-08-12,2016-08-12,6763,2026-03-20
Z000150885,사동초용성초공동(일방)통학구역,1,47,290,8750000,경상북도교육청,8851000,경상북도경산교육지원청,2020-02-12,2020-02-12,926,2026-03-20
Z000100949,대구문성초통학구역,0,27,230,7240000,대구광역시교육청,7261000,대구광역시서부교육지원청,2016-08-12,2016-08-12,5186,2026-03-20
Z000100153,서울영원초통학구역,0,11,560,7010000,서울특별시교육청,7041000,서울특별시남부교육지원청,2016-08-12,2016-08-12,1717,2026-03-20
Z000101354,광주학운초통학구역,0,29,170,7380000,광주광역시교육청,7391000,광주광역시동부교육지원청,2016-08-12,2016-08-12,715,2026-03-20
Z000105609,남포초통학구역,0,48,220,9010000,경상남도교육청,9071000,경상남도통영교육지원청,2016-08-12,2018-07-19,1873,2026-03-20
Z000100516,서울중광초통학구역,0,11,215,7010000,서울특별시교육청,7134000,서울특별시성동광진교육지원청,2016-08-12,2017-04-19,992,2026-03-20
Z000103455,한국교원대학교부설월곡초통학구역,0,43,113,8000000,충청북도교육청,8011000,충청북도청주교육지원청,2016-08-12,2016-08-12,3404,2026-03-20
Z000100810,반산초통학구역,0,26,350,7150000,부산광역시교육청,7211000,부산광역시해운대교육지원청,2016-08-12,2020-02-20,2876,2026-03-20
Z000100836,인지초통학구역,0,26,350,7150000,부산광역시교육청,7211000,부산광역시해운대교육지원청,2016-08-12,2020-02-20,6406,2026-03-20
Z000100226,서울금양초통학구역,0,11,170,7010000,서울특별시교육청,7061000,서울특별시중부교육지원청,2016-08-12,2018-03-08,5848,2026-03-20
Z000150144,광숭초양주덕현초공동통학구역,1,41,630,7530000,경기도교육청,7602000,경기도동두천양주교육지원청,2016-08-12,2016-08-12,4264,2026-03-20
Z000102686,하남초통학구역,0,41,450,7530000,경기도교육청,7692000,경기도광주하남교육지원청,2016-08-12,2016-08-12,4897,2026-03-20
Z000150242,금릉초새금초공동통학구역,1,41,480,7530000,경기도교육청,7681000,경기도파주교육지원청,2016-08-12,2016-08-12,348,2026-03-20
Z000100434,서울일원초통학구역,0,11,680,7010000,서울특별시교육청,7091300,서울특별시강남서초교육지원청,2016-08-12,2016-08-12,6305,2026-03-20
Z000105001,포항중앙초통학구역,0,47,113,8750000,경상북도교육청,8761000,경상북도포항교육지원청,2017-02-16,2020-01-30,2911,2026-03-20
Z000104877,넙도초서리분교장통학구역,0,46,890,8490000,전라남도교육청,8701000,전라남도완도교육지원청,2016-08-12,2016-08-12,5081,2026-03-20
Z000100444,서울난우초통학구역,0,11,620,7010000,서울특별시교육청,7132000,서울특별시동작관악교육지원청,2016-08-12,2016-08-12,2610,2026-03-20
Z000100140,서울신도림초통학구역,0,11,530,7010000,서울특별시교육청,7041000,서울특별시남부교육지원청,2016-08-12,2020-01-17,5645,2026-03-20
Z000106246,명일초통학구역,0,26,440,7150000,부산광역시교육청,7201000,부산광역시북부교육지원청,2019-09-02,2019-12-18,1350,2026-03-20
Z000100164,서울탑동초통학구역,0,11,545,7010000,서울특별시교육청,7041000,서울특별시남부교육지원청,2016-08-12,2016-08-12,813,2026-03-20
Z000100398,서울도곡초통학구역,0,11,680,7010000,서울특별시교육청,7091300,서울특별시강남서초교육지원청,2016-08-12,2016-08-12,1789,2026-03-20
Z000101337,광주문화초통학구역,0,29,170,7380000,광주광역시교육청,7391000,광주광역시동부교육지원청,2016-08-12,2016-08-12,3816,2026-03-20
Z000104206,이리계문초통학구역,0,52,140,8321000,전북특별자치도교육청,8352000,전북특별자치도익산교육지원청,2016-08-12,2024-02-23,2525,2026-03-20
Z000100275,서울명덕초통학구역,0,11,740,7010000,서울특별시교육청,7130000,서울특별시강동송파교육지원청,2016-08-12,2016-08-12,6294,2026-03-20
Z000150363,대화초안미초공동통학구역,1,51,760,7801000,강원특별자치도교육청,7912000,강원특별자치도평창교육지원청,2016-08-12,2016-08-12,5611,2026-03-20
Z000150245,금향초새금초공동통학구역,1,41,480,7530000,경기도교육청,7681000,경기도파주교육지원청,2016-08-12,2016-08-12,2181,2026-03-20
Z000105580,문산초통학구역,0,48,170,9010000,경상남도교육청,9051000,경상남도진주교육지원청,2016-08-12,2018-10-26,1769,2026-03-20
Z000106199,왕배초통학구역,0,41,590,7530000,경기도교육청,7679000,경기도화성오산교육지원청,2018-10-11,2018-10-11,4291,2026-03-20
Z000101685,구영초통학구역,0,31,710,7480000,울산광역시교육청,7501000,울산광역시강남교육지원청,2016-08-12,2017-02-17,4034,2026-03-20
Z000103006,부안초통학구역,0,51,110,7801000,강원특별자치도교육청,7812000,강원특별자치도춘천교육지원청,2016-08-12,2016-08-12,6349,2026-03-20
Z000101345,광주용봉초통학구역,0,29,170,7380000,광주광역시교육청,7391000,광주광역시동부교육지원청,2016-08-12,2016-08-12,4512,2026-03-20
Z000101322,인천해원초통학구역,0,28,260,7310000,인천광역시교육청,7361000,인천광역시서부교육지원청,2016-08-12,2020-02-17,2173,2026-03-20
Z000101490,대전동도초통학구역,0,30,230,7430000,대전광역시교육청,7441000,대전광역시동부교육지원청,2016-08-12,2019-01-25,6976,2026-03-20
Z000100355,서울신목초통학구역,0,11,470,7010000,서울특별시교육청,7081300,서울특별시강서양천교육지원청,2016-08-12,2016-08-12,314,2026-03-20
Z000104213,이리동초통학구역,0,52,140,8321000,전북특별자치도교육청,8352000,전북특별자치도익산교육지원청,2016-08-12,2024-02-23,4151,2026-03-20
Z000150736,발곡초의정부장암초공동통학구역,1,41,150,7530000,경기도교육청,7561000,경기도의정부교육지원청,2019-02-20,2019-02-20,883,2026-03-20
Z000101756,대선초통학구역,0,41,117,7530000,경기도교육청,7541000,경기도수원교육지원청,2016-08-12,2018-03-05,4345,2026-03-20
Z000101380,일신초통학구역,0,29,170,7380000,광주광역시교육청,7391000,광주광역시동부교육지원청,2016-08-12,2016-08-12,4769,2026-03-20
Z000104120,전주홍산초통학구역,0,52,111,8321000,전북특별자치도교육청,8332000,전북특별자치도전주교육지원청,2016-08-12,2024-02-23,3369,2026-03-20
Z000104227,이리영등초통학구역,0,52,140,8321000,전북특별자치도교육청,8352000,전북특별자치도익산교육지원청,2016-08-12,2024-02-23,1055,2026-03-20
Z000100356,서울신서초통학구역,0,11,470,7010000,서울특별시교육청,7081300,서울특별시강서양천교육지원청,2016-08-12,2016-08-12,1409,2026-03-20
Z000104130,군산나운초통학구역,0,52,130,8321000,전북특별자치도교육청,8342000,전북특별자치도군산교육지원청,2016-08-12,2024-02-23,3334,2026-03-20
Z000104288,보절초통학구역,0,52,190,8321000,전북특별자치도교육청,8372000,전북특별자치도남원교육지원청,2016-08-12,2024-02-23,3097,2026-03-20
Z000103741,관당초통학구역,0,44,180,8140000,충청남도교육청,8171000,충청남도보령교육지원청,2016-08-12,2017-12-08,332,2026-03-20
Z000103839,운신초통학구역,0,44,210,8140000,충청남도교육청,8191000,충청남도서산교육지원청,2016-08-12,2016-08-12,2136,2026-03-20
Z000104201,용북초통학구역,0,52,140,8321000,전북특별자치도교육청,8352000,전북특별자치도익산교육지원청,2016-08-12,2024-02-23,516,2026-03-20
Z000100454,서울미성초통학구역,0,11,620,7010000,서울특별시교육청,7132000,서울특별시동작관악교육지원청,2016-08-12,2016-08-12,1719,2026-03-20
Z000100119,서울대동초통학구역,0,11,560,7010000,서울특별시교육청,7041000,서울특별시남부교육지원청,2016-08-12,2016-08-12,3010,2026-03-20
Z000100125,서울독산초통학구역,0,11,545,7010000,서울특별시교육청,7041000,서울특별시남부교육지원청,2016-08-12,2016-08-12,5654,2026-03-20
Z000100955,대구사수초통학구역,0,27,230,7240000,대구광역시교육청,7261000,대구광역시서부교육지원청,2016-08-12,2017-11-20,1127,2026-03-20
Z000104248,능교초통학구역,0,52,180,8321000,전북특별자치도교육청,8362000,전북특별자치도정읍교육지원청,2016-08-12,2024-02-23,1599,2026-03-20
Z000104726,조성남초통학구역,0,46,780,8490000,전라남도교육청,8601000,전라남도보성교육지원청,2016-08-12,2016-08-12,1465,2026-03-20
Z000100811,반석초통학구역,0,26,350,7150000,부산광역시교육청,7211000,부산광역시해운대교육지원청,2016-08-12,2020-02-20,200,2026-03-20
Z000100580,봉학초통학구역,0,26,200,7150000,부산광역시교육청,7171000,부산광역시서부교육지원청,2016-08-12,2016-08-12,4595,2026-03-20
Z000104723,예당초통학구역,0,46,780,8490000,전라남도교육청,8601000,전라남도보성교육지원청,2016-08-12,2016-08-12,6562,2026-03-20
Z000104727,조성초통학구역,0,46,780,8490000,전라남도교육청,8601000,전라남도보성교육지원청,2016-08-12,2016-08-12,434,2026-03-20
Z000100138,서울신구로초통학구역,0,11,530,7010000,서울특별시교육청,7041000,서울특별시남부교육지원청,2016-08-12,2017-11-20,3873,2026-03-20
Z000100064,서울서신초통학구역,0,11,380,7010000,서울특별시교육청,7031000,서울특별시서부교육지원청,2016-08-12,2016-08-12,4518,2026-03-20
Z000101467,치평초통학구역,0,29,140,7380000,광주광역시교육청,7401000,광주광역시서부교육지원청,2016-08-12,2017-02-16,3559,2026-03-20
Z000104912,가거도초통학구역,0,46,910,8490000,전라남도교육청,8721000,전라남도신안교육지원청,2016-08-12,2016-08-12,1792,2026-03-20
Z000104828,해제초통학구역,0,46,840,8490000,전라남도교육청,8661000,전라남도무안교육지원청,2016-08-12,2016-08-12,4093,2026-03-20
Z000100859,대구공산초통학구역,0,27,140,7240000,대구광역시교육청,7251000,대구광역시동부교육지원청,2016-08-12,2016-08-12,1834,2026-03-20
Z000100932,대구관음초통학구역,0,27,230,7240000,대구광역시교육청,7261000,대구광역시서부교육지원청,2016-08-12,2016-08-12,4924,2026-03-20
Z000101458,장산초통학구역,0,29,155,7380000,광주광역시교육청,7401000,광주광역시서부교육지원청,2016-08-12,2016-08-12,6534,2026-03-20
Z000101400,광주화정초통학구역,0,29,140,7380000,광주광역시교육청,7401000,광주광역시서부교육지원청,2016-08-12,2016-08-12,2106,2026-03-20
Z000104782,삼산초통학구역,0,46,820,8490000,전라남도교육청,8641000,전라남도해남교육지원청,2016-08-12,2016-08-12,5087,2026-03-20
Z000104751,부산초통학구역,0,46,800,8490000,전라남도교육청,8621000,전라남도장흥교육지원청,2016-08-12,2016-08-12,2067,2026-03-20
Z000105928,지곡초통학구역,0,48,870,9010000,경상남도교육청,9201000,경상남도함양교육지원청,2016-08-12,2016-08-12,2843,2026-03-20
Z000104236,천서초통학구역,0,52,140,8321000,전북특별자치도교육청,8352000,전북특별자치도익산교육지원청,2016-08-12,2024-02-23,6192,2026-03-20
Z000104858,동화초통학구역,0,46,880,8490000,전라남도교육청,8691000,전라남도장성교육지원청,2016-08-12,2016-08-12,2016,2026-03-20
Z000104888,신지초통학구역,0,46,890,8490000,전라남도교육청,8701000,전라남도완도교육지원청,2016-08-12,2016-08-12,42,2026-03-20
Z000104230,이리팔봉초통학구역,0,52,140,8321000,전북특별자치도교육청,8352000,전북특별자치도익산교육지원청,2016-08-12,2024-02-23,879,2026-03-20
Z000104865,약수초통학구역,0,46,880,8490000,전라남도교육청,8691000,전라남도장성교육지원청,2016-08-12,2016-08-12,5256,2026-03-20
Z000104857,홍농초통학구역,0,46,870,8490000,전라남도교육청,8681000,전라남도영광교육지원청,2016-08-12,2016-08-12,4230,2026-03-20
Z000105621,원평초통학구역,0,48,220,9010000,경상남도교육청,9071000,경상남도통영교육지원청,2016-08-12,2018-07-19,2523,2026-03-20
Z000105618,용남초통학구역,0,48,220,9010000,경상남도교육청,9071000,경상남도통영교육지원청,2016-08-12,2016-08-12,700,2026-03-20
Z000101262,인천가좌초통학구역,0,28,260,7310000,인천광역시교육청,7361000,인천광역시서부교육지원청,2016-08-12,2016-08-12,1546,2026-03-20
Z000105985,동화초통학구역,0,50,110,9290000,제주특별자치도교육청,9296000,제주특별자치도제주시교육지원청,2016-08-12,2016-08-12,5659,2026-03-20
Z000105336,원황초통학구역,0,47,770,8750000,경상북도교육청,8901000,경상북도영덕교육지원청,2016-08-12,2016-08-12,5568,2026-03-20
Z000102573,행정초통학구역,0,41,590,7530000,경기도교육청,7679000,경기도화성오산교육지원청,2016-08-12,2016-08-18,278,2026-03-20
Z000104440,신림초통학구역,0,52,790,8321000,전북특별자치도교육청,8452000,전북특별자치도고창교육지원청,2016-08-12,2024-02-23,6422,2026-03-20
Z000103458,행정초통학구역,0,43,111,8000000,충청북도교육청,8011000,충청북도청주교육지원청,2016-08-12,2016-08-12,1826,2026-03-20
Z000105810,영산초통학구역,0,48,740,9010000,경상남도교육청,9141000,경상남도창녕교육지원청,2016-08-12,2016-08-12,2418,2026-03-20
Z000105800,고암초통학구역,0,48,740,9010000,경상남도교육청,9141000,경상남도창녕교육지원청,2016-08-12,2016-08-12,3302,2026-03-20
Z000105876,미조초통학구역,0,48,840,9010000,경상남도교육청,9171000,경상남도남해교육지원청,2016-08-12,2016-08-12,4954,2026-03-20
Z000100414,서울수서초통학구역,0,11,680,7010000,서울특별시교육청,7091300,서울특별시강남서초교육지원청,2016-08-12,2016-08-12,3956,2026-03-20
Z000100636,분포초통학구역,0,26,290,7150000,부산광역시교육청,7181000,부산광역시남부교육지원청,2016-08-12,2017-08-14,1990,2026-03-20
Z000100963,대구옥산초통학구역,0,27,230,7240000,대구광역시교육청,7261000,대구광역시서부교육지원청,2016-08-12,2016-08-12,613,2026-03-20
Z000100333,서울등마초통학구역,0,11,500,7010000,서울특별시교육청,7081300,서울특별시강서양천교육지원청,2016-08-12,2016-08-12,6765,2026-03-20
Z000104036,상록초통학구역,0,44,270,8140000,충청남도교육청,8291000,충청남도당진교육지원청,2016-08-12,2020-02-19,6578,2026-03-20
Z000100113,서울금산초통학구역,0,11,545,7010000,서울특별시교육청,7041000,서울특별시남부교육지원청,2016-08-12,2016-08-12,5246,2026-03-20
Z000104673,고달초통학구역,0,46,720,8490000,전라남도교육청,8571000,전라남도곡성교육지원청,2016-08-12,2016-08-12,2537,2026-03-20
Z000104485,목포연동초통학구역,0,46,110,8490000,전라남도교육청,8501000,전라남도목포교육지원청,2016-08-12,2016-08-12,5857,2026-03-20
Z000104289,사매초통학구역,0,52,190,8321000,전북특별자치도교육청,8372000,전북특별자치도남원교육지원청,2016-08-12,2024-02-23,1172,2026-03-20
Z000104198,왕궁초통학구역,0,52,140,8321000,전북특별자치도교육청,8352000,전북특별자치도익산교육지원청,2016-08-12,2024-02-23,3076,2026-03-20
Z000101447,운리초통학구역,0,29,140,7380000,광주광역시교육청,7401000,광주광역시서부교육지원청,2016-08-12,2016-08-12,6762,2026-03-20
Z000104211,이리동북초통학구역,0,52,140,8321000,전북특별자치도교육청,8352000,전북특별자치도익산교육지원청,2016-08-12,2024-02-23,515,2026-03-20
Z000104778,북평초통학구역,0,46,820,8490000,전라남도교육청,8641000,전라남도해남교육지원청,2016-08-12,2016-08-12,1444,2026-03-20
Z000100185,서울상월초통학구역,0,11,350,7010000,서울특별시교육청,7051000,서울특별시북부교육지원청,2016-08-12,2016-08-12,4803,2026-03-20
Z000100418,서울압구정초통학구역,0,11,680,7010000,서울특별시교육청,7091300,서울특별시강남서초교육지원청,2016-08-12,2016-08-12,1031,2026-03-20
Z000100825,신곡초통학구역,0,26,350,7150000,부산광역시교육청,7211000,부산광역시해운대교육지원청,2016-08-12,2018-04-04,3768,2026-03-20
Z000100812,반송초통학구역,0,26,350,7150000,부산광역시교육청,7211000,부산광역시해운대교육지원청,2016-08-12,2018-04-04,5538,2026-03-20
Z000101426,서광초통학구역,0,29,140,7380000,광주광역시교육청,7401000,광주광역시서부교육지원청,2016-08-12,2016-08-12,536,2026-03-20
Z000103768,청보초통학구역,0,44,180,8140000,충청남도교육청,8171000,충청남도보령교육지원청,2016-08-12,2017-12-08,4237,2026-03-20
Z000100517,서울중마초통학구역,0,11,215,7010000,서울특별시교육청,7134000,서울특별시성동광진교육지원청,2016-08-12,2017-04-03,3684,2026-03-20
Z000150215,노진초화성장안초공동통학구역,1,41,590,7530000,경기도교육청,7679000,경기도화성오산교육지원청,2016-08-12,2016-08-12,2400,2026-03-20
Z000103697,천안와촌초통학구역,0,44,133,8140000,충청남도교육청,8151000,충청남도천안교육지원청,2016-08-12,2016-08-12,2788,2026-03-20
Z000102157,시곡초통학구역,0,41,271,7530000,경기도교육청,7611000,경기도안산교육지원청,2016-08-12,2016-08-12,6210,2026-03-20
Z000105097,서선초통학구역,0,47,170,8750000,경상북도교육청,8791000,경상북도안동교육지원청,2016-08-12,2016-08-12,2551,2026-03-20
Z000100544,서울우이초통학구역,0,11,305,7010000,서울특별시교육청,7121200,서울특별시성북강북교육지원청,2016-08-12,2016-08-12,6337,2026-03-20
Z000100559,광일초통학구역,0,26,110,7150000,부산광역시교육청,7171000,부산광역시서부교육지원청,2016-08-12,2016-08-12,2805,2026-03-20
Z000101707,삼평초통학구역,0,31,710,7480000,울산광역시교육청,7501000,울산광역시강남교육지원청,2016-08-12,2016-08-12,235,2026-03-20
Z000104261,영원초통학구역,0,52,180,8321000,전북특별자치도교육청,8362000,전북특별자치도정읍교육지원청,2016-08-12,2024-02-23,3932,2026-03-20
Z000105627,충렬초통학구역,0,48,220,9010000,경상남도교육청,9071000,경상남도통영교육지원청,2016-08-12,2018-07-19,101,2026-03-20
Z000104856,홍농서초통학구역,0,46,870,8490000,전라남도교육청,8681000,전라남도영광교육지원청,2016-08-12,2016-08-12,5080,2026-03-20
Z000105888,궁항초통학구역,0,48,850,9010000,경상남도교육청,9181000,경상남도하동교육지원청,2016-08-12,2016-08-12,785,2026-03-20
Z000104890,완도초통학구역,0,46,890,8490000,전라남도교육청,8701000,전라남도완도교육지원청,2016-08-12,2016-08-12,6565,2026-03-20
Z000104284,남원용성초통학구역,0,52,190,8321000,전북특별자치도교육청,8372000,전북특별자치도남원교육지원청,2016-08-12,2024-02-23,5621,2026-03-20
Z000104765,계산초통학구역,0,46,810,8490000,전라남도교육청,8631000,전라남도강진교육지원청,2016-08-12,2016-08-12,4820,2026-03-20
Z000105655,계동초통학구역,0,48,250,9010000,경상남도교육청,9091000,경상남도김해교육지원청,2016-08-12,2016-08-12,4533,2026-03-20
Z000100115,서울당산초통학구역,0,11,560,7010000,서울특별시교육청,7041000,서울특별시남부교육지원청,2016-08-12,2016-08-12,3008,2026-03-20
Z000101384,계수초통학구역,0,29,140,7380000,광주광역시교육청,7401000,광주광역시서부교육지원청,2016-08-12,2017-02-16,888,2026-03-20
Z000100409,서울서원초통학구역,0,11,650,7010000,서울특별시교육청,7091300,서울특별시강남서초교육지원청,2016-08-12,2016-08-12,1929,2026-03-20
Z000101922,새말초통학구역,0,41,150,7530000,경기도교육청,7561000,경기도의정부교육지원청,2016-08-12,2020-02-21,4348,2026-03-20
Z000101265,인천건지초통학구역,0,28,260,7310000,인천광역시교육청,7361000,인천광역시서부교육지원청,2016-08-12,2016-08-12,6884,2026-03-20
Z000104956,대송초통학구역,0,47,111,8750000,경상북도교육청,8761000,경상북도포항교육지원청,2016-08-12,2016-08-12,2033,2026-03-20
Z000101297,인천석남초통학구역,0,28,260,7310000,인천광역시교육청,7361000,인천광역시서부교육지원청,2016-08-12,2016-08-12,2456,2026-03-20
Z000105472,대원초통학구역,0,48,121,9010000,경상남도교육청,9022000,경상남도창원교육지원청,2016-08-12,2016-08-12,4332,2026-03-20
Z000105809,부곡초학포분교장통학구역,0,48,740,9010000,경상남도교육청,9141000,경상남도창녕교육지원청,2016-08-12,2016-08-12,4330,2026-03-20
Z000105905,단계초통학구역,0,48,860,9010000,경상남도교육청,9191000,경상남도산청교육지원청,2016-08-12,2016-08-12,3966,2026-03-20
Z000105856,구만초통학구역,0,48,820,9010000,경상남도교육청,9161000,경상남도고성교육지원청,2016-08-12,2016-08-12,2967,2026-03-20
Z000101581,대전변동초통학구역,0,30,170,7430000,대전광역시교육청,7451000,대전광역시서부교육지원청,2016-08-12,2016-08-12,6506,2026-03-20
Z000104664,담주초통학구역,0,46,710,8490000,전라남도교육청,8561000,전라남도담양교육지원청,2016-08-12,2016-08-12,1457,2026-03-20
Z000105890,묵계초청암분교장통학구역,0,48,850,9010000,경상남도교육청,9181000,경상남도하동교육지원청,2016-08-12,2016-08-12,6109,2026-03-20
Z000100203,서울용원초통학구역,0,11,350,7010000,서울특별시교육청,7051000,서울특별시북부교육지원청,2016-08-12,2016-08-12,5210,2026-03-20
Z000101913,금오초통학구역,0,41,150,7530000,경기도교육청,7561000,경기도의정부교육지원청,2016-08-12,2019-02-20,6942,2026-03-20
Z000101924,송양초통학구역,0,41,150,7530000,경기도교육청,7561000,경기도의정부교육지원청,2016-08-12,2019-02-19,73,2026-03-20
Z000150776,대덕초제한적공동통학구역,1,46,800,8490000,전라남도교육청,8621000,전라남도장흥교육지원청,2019-12-16,2019-12-16,1149,2026-03-20
Z000103010,성림초통학구역,0,51,110,7801000,강원특별자치도교육청,7812000,강원특별자치도춘천교육지원청,2016-08-12,2020-01-06,3451,2026-03-20
Z000150794,김해신명초삼계초공동통학구역,1,48,250,9010000,경상남도교육청,9091000,경상남도김해교육지원청,2019-12-18,2019-12-18,2945,2026-03-20
Z000100244,서울장충초통학구역,0,11,140,7010000,서울특별시교육청,7061000,서울특별시중부교육지원청,2016-08-12,2017-02-20,1627,2026-03-20
Z000103922,장암초통학구역,0,44,760,8140000,충청남도교육청,8231000,충청남도부여교육지원청,2016-08-12,2016-08-12,1384,2026-03-20
Z000100379,서울정목초통학구역,0,11,470,7010000,서울특별시교육청,7081300,서울특별시강서양천교육지원청,2016-08-12,2016-08-12,6769,2026-03-20
Z000150017,서울수암초서울을지초공동통학구역,1,11,350,7010000,서울특별시교육청,7051000,서울특별시북부교육지원청,2016-08-12,2016-08-12,5239,2026-03-20
Z000150137,성주초부천송일초공동통학구역,1,41,194,7530000,경기도교육청,7581000,경기도부천교육지원청,2016-08-12,2024-03-29,2160,2026-03-20
Z000102029,상인초통학구역,0,41,192,7530000,경기도교육청,7581000,경기도부천교육지원청,2016-08-12,2024-03-29,3659,2026-03-20
Z000102536,양감초통학구역,0,41,590,7530000,경기도교육청,7679000,경기도화성오산교육지원청,2016-08-12,2016-08-12,5844,2026-03-20
Z000103624,하당초통학구역,0,43,770,8000000,충청북도교육청,8101000,충청북도음성교육지원청,2016-08-12,2016-08-12,5228,2026-03-20
Z000103547,이원초통학구역,0,43,730,8000000,충청북도교육청,8061000,충청북도옥천교육지원청,2016-08-12,2016-08-12,6103,2026-03-20
Z000101324,인천효성남초통학구역,0,28,245,7310000,인천광역시교육청,7331000,인천광역시북부교육지원청,2016-08-12,2024-04-01,3949,2026-03-20
Z000105133,남계초통학구역,0,47,190,8750000,경상북도교육청,8801000,경상북도구미교육지원청,2016-08-12,2016-08-12,2075,2026-03-20
Z000106069,예래초통학구역,0,50,130,9290000,제주특별자치도교육청,9299000,제주특별자치도서귀포시교육지원청,2016-08-12,2016-08-12,5856,2026-03-20
Z000100208,서울자운초통학구역,0,11,320,7010000,서울특별시교육청,7051000,서울특별시북부교육지원청,2016-08-12,2016-08-12,3549,2026-03-20
Z000104711,풍남초통학구역,0,46,770,8490000,전라남도교육청,8591000,전라남도고흥교육지원청,2016-08-12,2016-08-12,431,2026-03-20
Z000104702,도화초통학구역,0,46,770,8490000,전라남도교육청,8591000,전라남도고흥교육지원청,2016-08-12,2016-08-12,2980,2026-03-20
Z000100752,동주초통학구역,0,26,530,7150000,부산광역시교육청,7201000,부산광역시북부교육지원청,2016-08-12,2016-08-12,6095,2026-03-20
Z000104710,포두초통학구역,0,46,770,8490000,전라남도교육청,8591000,전라남도고흥교육지원청,2016-08-12,2016-08-12,3104,2026-03-20
Z000104716,득량남초통학구역,0,46,780,8490000,전라남도교육청,8601000,전라남도보성교육지원청,2016-08-12,2016-08-12,1217,2026-03-20
Z000104701,도덕초통학구역,0,46,770,8490000,전라남도교육청,8591000,전라남도고흥교육지원청,2016-08-12,2016-08-12,1215,2026-03-20
Z000104704,두원초통학구역,0,46,770,8490000,전라남도교육청,8591000,전라남도고흥교육지원청,2016-08-12,2016-08-12,3998,2026-03-20
Z000100993,대구대남초통학구역,0,27,290,7240000,대구광역시교육청,7271000,대구광역시남부교육지원청,2016-08-12,2016-08-12,2409,2026-03-20
Z000104143,군산신흥초통학구역,0,52,130,8321000,전북특별자치도교육청,8342000,전북특별자치도군산교육지원청,2016-08-12,2024-02-23,4836,2026-03-20
Z000100627,동천초통학구역,0,26,290,7150000,부산광역시교육청,7181000,부산광역시남부교육지원청,2016-08-12,2016-08-12,1921,2026-03-20
Z000100631,백운초통학구역,0,26,290,7150000,부산광역시교육청,7181000,부산광역시남부교육지원청,2016-08-12,2016-08-12,5522,2026-03-20
Z000104373,조림초통학구역,0,52,720,8321000,전북특별자치도교육청,8402000,전북특별자치도진안교육지원청,2016-08-12,2024-02-23,3580,2026-03-20
Z000104367,부귀초통학구역,0,52,720,8321000,전북특별자치도교육청,8402000,전북특별자치도진안교육지원청,2016-08-12,2024-02-23,5899,2026-03-20
Z000100776,양천초통학구역,0,26,320,7150000,부산광역시교육청,7201000,부산광역시북부교육지원청,2016-08-12,2016-08-12,5828,2026-03-20
Z000104683,구례북초통학구역,0,46,730,8490000,전라남도교육청,8581000,전라남도구례교육지원청,2016-08-12,2016-08-12,1281,2026-03-20
Z000101483,대전대문초통학구역,0,30,140,7430000,대전광역시교육청,7441000,대전광역시동부교육지원청,2016-08-12,2016-08-12,722,2026-03-20
Z000106041,가파초통학구역,0,50,130,9290000,제주특별자치도교육청,9299000,제주특별자치도서귀포시교육지원청,2016-08-12,2016-08-12,5535,2026-03-20
Z000103542,동이초우산분교장통학구역,0,43,730,8000000,충청북도교육청,8061000,충청북도옥천교육지원청,2016-08-12,2016-08-12,3460,2026-03-20
Z000102385,광릉초통학구역,0,41,360,7530000,경기도교육청,7652000,경기도구리남양주교육지원청,2016-08-12,2016-08-12,4175,2026-03-20
Z000103100,왕산초통학구역,0,51,150,7801000,강원특별자치도교육청,7832000,강원특별자치도강릉교육지원청,2016-08-12,2016-08-12,2051,2026-03-20
Z000100572,대평초통학구역,0,26,200,7150000,부산광역시교육청,7171000,부산광역시서부교육지원청,2016-08-12,2016-08-12,5837,2026-03-20
Z000104679,입면초통학구역,0,46,720,8490000,전라남도교육청,8571000,전라남도곡성교육지원청,2016-08-12,2016-08-12,1470,2026-03-20
Z000104675,삼기초통학구역,0,46,720,8490000,전라남도교육청,8571000,전라남도곡성교육지원청,2016-08-12,2016-08-12,6831,2026-03-20
Z000100819,센텀초통학구역,0,26,350,7150000,부산광역시교육청,7211000,부산광역시해운대교육지원청,2016-08-12,2016-08-12,4660,2026-03-20
Z000100951,대구북부초통학구역,0,27,230,7240000,대구광역시교육청,7261000,대구광역시서부교육지원청,2016-08-12,2016-08-12,1491,2026-03-20
Z000100818,상당초통학구역,0,26,350,7150000,부산광역시교육청,7211000,부산광역시해운대교육지원청,2016-08-12,2016-08-12,4673,2026-03-20
Z000100816,부흥초통학구역,0,26,350,7150000,부산광역시교육청,7211000,부산광역시해운대교육지원청,2016-08-12,2016-08-12,2885,2026-03-20
Z000106254,화남초통학구역,0,41,590,7530000,경기도교육청,7679000,경기도화성오산교육지원청,2019-12-02,2019-12-02,5117,2026-03-20
Z000101663,외솔초통학구역,0,31,110,7480000,울산광역시교육청,7491000,울산광역시강북교육지원청,2016-08-12,2016-08-12,6163,2026-03-20
Z000105957,쌍책초통학구역,0,48,890,9010000,경상남도교육청,9221000,경상남도합천교육지원청,2016-08-12,2016-08-12,2071,2026-03-20
Z000106251,서경초통학구역,0,41,590,7530000,경기도교육청,7679000,경기도화성오산교육지원청,2019-12-02,2019-12-02,7130,2026-03-20
Z000150924,초전초광역통학구역,1,48,170,9010000,경상남도교육청,9051000,경상남도진주교육지원청,2020-02-20,2020-02-20,4955,2026-03-20
Z000100992,대구대곡초통학구역,0,27,290,7240000,대구광역시교육청,7271000,대구광역시남부교육지원청,2016-08-12,2020-02-20,4922,2026-03-20
Z000100991,대구노전초통학구역,0,27,290,7240000,대구광역시교육청,7271000,대구광역시남부교육지원청,2016-08-12,2020-02-20,1128,2026-03-20
Z000106275,대구한실초통학구역,0,27,290,7240000,대구광역시교육청,7271000,대구광역시남부교육지원청,2020-02-20,2020-02-20,3155,2026-03-20
Z000101363,문정초통학구역,0,29,170,7380000,광주광역시교육청,7391000,광주광역시동부교육지원청,2016-08-12,2016-08-12,1722,2026-03-20
Z000101452,유덕초통학구역,0,29,140,7380000,광주광역시교육청,7401000,광주광역시서부교육지원청,2016-08-12,2016-08-12,15,2026-03-20
Z000150388,금가초대미초오석초공동통학구역,1,43,130,8000000,충청북도교육청,8021000,충청북도충주교육지원청,2016-08-12,2018-12-20,2260,2026-03-20
Z000103530,속리초통학구역,0,43,720,8000000,충청북도교육청,8051000,충청북도보은교육지원청,2016-08-12,2016-08-12,7023,2026-03-20
Z000103397,미원초통학구역,0,43,111,8000000,충청북도교육청,8011000,충청북도청주교육지원청,2016-08-12,2016-08-12,3462,2026-03-20
Z000103510,수산초통학구역,0,43,150,8000000,충청북도교육청,8031000,충청북도제천교육지원청,2016-08-12,2016-08-12,7096,2026-03-20
Z000105150,오태초통학구역,0,47,850,8750000,경상북도교육청,8801000,경상북도구미교육지원청,2016-08-12,2016-08-12,6487,2026-03-20
Z000104447,곰소초통학구역,0,52,800,8321000,전북특별자치도교육청,8462000,전북특별자치도부안교육지원청,2016-08-12,2024-02-23,2816,2026-03-20
Z000103733,정안초통학구역,0,44,150,8140000,충청남도교육청,8161000,충청남도공주교육지원청,2016-08-12,2016-08-12,6302,2026-03-20
Z000100231,서울매동초통학구역,0,11,110,7010000,서울특별시교육청,7061000,서울특별시중부교육지원청,2016-08-12,2017-02-06,6737,2026-03-20
Z000150006,서울원묵초서울공릉초공동통학구역,1,11,260,7010000,서울특별시교육청,7021000,서울특별시동부교육지원청,2016-08-12,2016-08-12,6120,2026-03-20
Z000103723,반포초통학구역,0,44,150,8140000,충청남도교육청,8161000,충청남도공주교육지원청,2016-08-12,2016-08-12,3992,2026-03-20
Z000101081,영흥초통학구역,0,28,720,7310000,인천광역시교육청,7321000,인천광역시남부교육지원청,2016-08-12,2016-08-12,5011,2026-03-20
Z000101077,덕적초통학구역,0,28,720,7310000,인천광역시교육청,7321000,인천광역시남부교육지원청,2016-08-12,2016-08-12,191,2026-03-20
Z000101066,대구용계초통학구역,0,27,710,7240000,대구광역시교육청,7281000,대구광역시달성교육지원청,2016-08-12,2016-08-12,3425,2026-03-20
Z000100909,대구율원초통학구역,0,27,140,7240000,대구광역시교육청,7251000,대구광역시동부교육지원청,2016-08-12,2016-08-12,3454,2026-03-20
Z000100902,대구신천초통학구역,0,27,140,7240000,대구광역시교육청,7251000,대구광역시동부교육지원청,2016-08-12,2018-02-22,3422,2026-03-20
Z000104295,오동초통학구역,0,52,190,8321000,전북특별자치도교육청,8372000,전북특별자치도남원교육지원청,2016-08-12,2024-02-23,6625,2026-03-20
Z000105960,용주초통학구역,0,48,890,9010000,경상남도교육청,9221000,경상남도합천교육지원청,2016-08-12,2016-08-12,6164,2026-03-20
Z000105850,하북초통학구역,0,48,330,9010000,경상남도교육청,9151000,경상남도양산교육지원청,2016-08-12,2016-08-12,6403,2026-03-20
Z000105525,웅남초통학구역,0,48,123,9010000,경상남도교육청,9022000,경상남도창원교육지원청,2016-08-12,2016-08-12,5814,2026-03-20
Z000101012,대구성지초통학구역,0,27,290,7240000,대구광역시교육청,7271000,대구광역시남부교육지원청,2016-08-12,2016-08-12,6450,2026-03-20
Z000100439,서울학동초통학구역,0,11,680,7010000,서울특별시교육청,7091300,서울특별시강남서초교육지원청,2016-08-12,2016-08-12,4455,2026-03-20
Z000100370,서울염동초통학구역,0,11,500,7010000,서울특별시교육청,7081300,서울특별시강서양천교육지원청,2016-08-12,2016-08-12,2107,2026-03-20
Z000100118,서울대길초통학구역,0,11,560,7010000,서울특별시교육청,7041000,서울특별시남부교육지원청,2016-08-12,2017-08-14,4402,2026-03-20
Z000104586,순천연향초통학구역,0,46,150,8490000,전라남도교육청,8521000,전라남도순천교육지원청,2016-08-12,2016-08-12,2710,2026-03-20
Z000150537,산동초해마루초공동통학구역,1,47,190,8750000,경상북도교육청,8801000,경상북도구미교육지원청,2016-08-12,2016-08-12,3384,2026-03-20
Z000102102,양주덕현초통학구역,0,41,630,7530000,경기도교육청,7602000,경기도동두천양주교육지원청,2016-08-12,2016-08-12,2469,2026-03-20
Z000103590,백봉초통학구역,0,43,760,8000000,충청북도교육청,8092000,충청북도괴산증평교육지원청,2016-08-12,2016-08-12,5510,2026-03-20
Z000103585,괴산명덕초통학구역,0,43,760,8000000,충청북도교육청,8092000,충청북도괴산증평교육지원청,2016-08-12,2016-08-12,4378,2026-03-20
Z000103589,문광초통학구역,0,43,760,8000000,충청북도교육청,8092000,충청북도괴산증평교육지원청,2016-08-12,2016-08-12,782,2026-03-20
Z000101080,연평초통학구역,0,28,720,7310000,인천광역시교육청,7321000,인천광역시남부교육지원청,2016-08-12,2016-08-12,1074,2026-03-20
Z000101730,울산중앙초통학구역,0,31,140,7480000,울산광역시교육청,7501000,울산광역시강남교육지원청,2016-08-12,2016-08-12,847,2026-03-20
Z000105701,주석초통학구역,0,48,250,9010000,경상남도교육청,9091000,경상남도김해교육지원청,2016-08-12,2016-08-17,3613,2026-03-20
Z000105791,월촌초통학구역,0,48,730,9010000,경상남도교육청,9131000,경상남도함안교육지원청,2016-08-12,2016-08-12,1154,2026-03-20
Z000104362,태봉초통학구역,0,52,710,8321000,전북특별자치도교육청,8392000,전북특별자치도완주교육지원청,2016-08-12,2024-02-23,5312,2026-03-20
Z000100471,서울영본초통학구역,0,11,590,7010000,서울특별시교육청,7132000,서울특별시동작관악교육지원청,2016-08-12,2016-08-12,2957,2026-03-20
Z000105612,벽방초통학구역,0,48,220,9010000,경상남도교육청,9071000,경상남도통영교육지원청,2016-08-12,2016-08-12,969,2026-03-20
Z000104226,이리신흥초통학구역,0,52,140,8321000,전북특별자치도교육청,8352000,전북특별자치도익산교육지원청,2016-08-12,2024-02-23,1451,2026-03-20
Z000104915,비금초통학구역,0,46,910,8490000,전라남도교육청,8721000,전라남도신안교육지원청,2016-08-12,2016-08-12,5532,2026-03-20
Z000104924,압해서초통학구역,0,46,910,8490000,전라남도교육청,8721000,전라남도신안교육지원청,2016-08-12,2016-08-12,2048,2026-03-20
Z000104913,도초초통학구역,0,46,910,8490000,전라남도교육청,8721000,전라남도신안교육지원청,2016-08-12,2016-08-12,4649,2026-03-20
Z000100884,대구방촌초통학구역,0,27,140,7240000,대구광역시교육청,7251000,대구광역시동부교육지원청,2016-08-12,2016-08-12,1650,2026-03-20
Z000101333,광주동산초통학구역,0,29,110,7380000,광주광역시교육청,7391000,광주광역시동부교육지원청,2016-08-12,2016-08-12,6465,2026-03-20
Z000150893,다산초박곡초공동(일방)통학구역,1,47,830,8750000,경상북도교육청,8921000,경상북도고령교육지원청,2020-02-13,2020-02-13,701,2026-03-20
Z000150896,왜관초낙산초관호초신동초공동(일방)통학구역,1,47,850,8750000,경상북도교육청,8941000,경상북도칠곡교육지원청,2020-02-14,2020-02-14,5424,2026-03-20
Z000100009,서울면북초통학구역,0,11,260,7010000,서울특별시교육청,7021000,서울특별시동부교육지원청,2016-08-12,2016-08-12,6610,2026-03-20
Z000104377,괴목초통학구역,0,52,730,8321000,전북특별자치도교육청,8412000,전북특별자치도무주교육지원청,2016-08-12,2024-02-23,5508,2026-03-20
Z000102571,한울초통학구역,0,41,590,7530000,경기도교육청,7679000,경기도화성오산교육지원청,2016-08-12,2016-08-12,812,2026-03-20
Z000105760,장승포초통학구역,0,48,310,9010000,경상남도교육청,9111000,경상남도거제교육지원청,2016-08-12,2018-05-03,6242,2026-03-20
Z000101290,인천부평초통학구역,0,28,245,7310000,인천광역시교육청,7331000,인천광역시북부교육지원청,2016-08-12,2024-04-01,217,2026-03-20
Z000106109,온빛초통학구역,0,36,110,9300000,세종특별자치시교육청,9300000,세종특별자치시교육청,2016-08-12,2016-08-12,1468,2026-03-20
Z000105441,온정초통학구역,0,47,930,8750000,경상북도교육청,8971000,경상북도울진교육지원청,2016-08-12,2016-08-12,2029,2026-03-20
Z000102612,새금초통학구역,0,41,480,7530000,경기도교육청,7681000,경기도파주교육지원청,2016-08-12,2016-08-12,5684,2026-03-20
Z000105273,삼성현초통학구역,0,47,290,8750000,경상북도교육청,8851000,경상북도경산교육지원청,2016-08-12,2016-08-12,4524,2026-03-20
Z000103435,용암초통학구역,0,43,111,8000000,충청북도교육청,8011000,충청북도청주교육지원청,2016-08-12,2016-08-12,4752,2026-03-20
Z000103622,청룡초통학구역,0,43,770,8000000,충청북도교육청,8101000,충청북도음성교육지원청,2016-08-12,2016-08-12,5750,2026-03-20
Z000104193,여산초통학구역,0,52,140,8321000,전북특별자치도교육청,8352000,전북특별자치도익산교육지원청,2016-08-12,2024-02-23,2783,2026-03-20
Z000105813,장마초통학구역,0,48,740,9010000,경상남도교육청,9141000,경상남도창녕교육지원청,2016-08-12,2016-08-12,4921,2026-03-20
Z000105934,남상초통학구역,0,48,880,9010000,경상남도교육청,9211000,경상남도거창교육지원청,2016-08-12,2016-08-12,1066,2026-03-20
Z000104618,다시초통학구역,0,46,170,8490000,전라남도교육청,8531000,전라남도나주교육지원청,2016-08-12,2016-08-12,4243,2026-03-20
Z000100344,서울방화초통학구역,0,11,500,7010000,서울특별시교육청,7081300,서울특별시강서양천교육지원청,2016-08-12,2017-11-20,6651,2026-03-20
Z000102985,동두천신천초통학구역,0,41,250,7530000,경기도교육청,7602000,경기도동두천양주교육지원청,2016-08-12,2017-02-14,6193,2026-03-20
Z000100423,서울언주초통학구역,0,11,680,7010000,서울특별시교육청,7091300,서울특별시강남서초교육지원청,2016-08-12,2016-08-12,3547,2026-03-20
Z000150095,대전송강초대전두리초공동통학구역,1,30,200,7430000,대전광역시교육청,7451000,대전광역시서부교육지원청,2016-08-12,2016-08-12,4744,2026-03-20
Z000100352,서울신곡초통학구역,0,11,500,7010000,서울특별시교육청,7081300,서울특별시강서양천교육지원청,2016-08-12,2016-08-12,4112,2026-03-20
Z000100683,낙민초통학구역,0,26,260,7150000,부산광역시교육청,7191000,부산광역시동래교육지원청,2016-08-12,2016-08-12,144,2026-03-20
Z000104937,팔금초통학구역,0,46,910,8490000,전라남도교육청,8721000,전라남도신안교육지원청,2016-08-12,2016-08-12,3761,2026-03-20
Z000105917,금반초통학구역,0,48,870,9010000,경상남도교육청,9201000,경상남도함양교육지원청,2016-08-12,2017-03-23,4631,2026-03-20
Z000105748,숭덕초통학구역,0,48,310,9010000,경상남도교육청,9111000,경상남도거제교육지원청,2016-08-12,2016-08-12,1494,2026-03-20
Z000105603,천전초통학구역,0,48,170,9010000,경상남도교육청,9051000,경상남도진주교육지원청,2016-08-12,2016-08-12,3137,2026-03-20
Z000101421,빛고을초통학구역,0,29,140,7380000,광주광역시교육청,7401000,광주광역시서부교육지원청,2016-08-12,2016-08-12,16,2026-03-20
Z000101090,인천만석초통학구역,0,28,140,7310000,인천광역시교육청,7321000,인천광역시남부교육지원청,2016-08-12,2016-08-12,6801,2026-03-20
Z000101089,인천도화초통학구역,0,28,177,7310000,인천광역시교육청,7321000,인천광역시남부교육지원청,2018-09-19,2018-01-07,6880,2026-03-20
Z000101164,인천용마초통학구역,0,28,237,7310000,인천광역시교육청,7331000,인천광역시북부교육지원청,2016-08-12,2016-08-12,3942,2026-03-20
Z000101511,대전선화초통학구역,0,30,140,7430000,대전광역시교육청,7441000,대전광역시동부교육지원청,2016-08-12,2016-08-12,2544,2026-03-20
Z000106084,흥산초통학구역,0,50,130,9290000,제주특별자치도교육청,9299000,제주특별자치도서귀포시교육지원청,2016-08-12,2016-08-12,1879,2026-03-20
Z000106026,하귀일초통학구역,0,50,110,9290000,제주특별자치도교육청,9296000,제주특별자치도제주시교육지원청,2016-08-12,2016-08-12,5077,2026-03-20
Z000105139,무을초통학구역,0,47,190,8750000,경상북도교육청,8801000,경상북도구미교육지원청,2016-08-12,2016-08-12,2654,2026-03-20
Z000102311,어연초통학구역,0,41,220,7530000,경기도교육청,7631000,경기도평택교육지원청,2016-08-12,2016-08-12,1456,2026-03-20
Z000104904,조도초거차분교장통학구역,0,46,900,8490000,전라남도교육청,8711000,전라남도진도교육지원청,2016-08-12,2016-08-12,6400,2026-03-20
Z000102707,내촌초통학구역,0,41,650,7530000,경기도교육청,7711000,경기도포천교육지원청,2016-08-12,2016-08-12,2242,2026-03-20
Z000102108,은현초통학구역,0,41,630,7530000,경기도교육청,7602000,경기도동두천양주교육지원청,2016-08-12,2016-08-12,882,2026-03-20
Z000105023,모량초통학구역,0,47,130,8750000,경상북도교육청,8771000,경상북도경주교육지원청,2016-08-12,2016-08-12,6411,2026-03-20
Z000103850,금산초통학구역,0,44,710,8140000,충청남도교육청,8201000,충청남도금산교육지원청,2016-08-12,2018-05-04,306,2026-03-20
Z000100821,송운초통학구역,0,26,350,7150000,부산광역시교육청,7211000,부산광역시해운대교육지원청,2016-08-12,2016-08-12,4670,2026-03-20
Z000104665,만덕초통학구역,0,46,710,8490000,전라남도교육청,8561000,전라남도담양교육지원청,2016-08-12,2016-08-12,6946,2026-03-20
Z000105915,오부초통학구역,0,48,860,9010000,경상남도교육청,9191000,경상남도산청교육지원청,2016-08-12,2016-08-12,4911,2026-03-20
Z000105892,북천초통학구역,0,48,850,9010000,경상남도교육청,9181000,경상남도하동교육지원청,2016-08-12,2016-08-12,6682,2026-03-20
Z000105878,상주초통학구역,0,48,840,9010000,경상남도교육청,9171000,경상남도남해교육지원청,2016-08-12,2016-08-12,4866,2026-03-20
Z000105962,청덕초통학구역,0,48,890,9010000,경상남도교육청,9221000,경상남도합천교육지원청,2016-08-12,2016-08-12,2968,2026-03-20
Z000104131,군산남초통학구역,0,52,130,8321000,전북특별자치도교육청,8342000,전북특별자치도군산교육지원청,2016-08-12,2024-02-23,4843,2026-03-20
Z000100107,서울고원초통학구역,0,11,530,7010000,서울특별시교육청,7041000,서울특별시남부교육지원청,2016-08-12,2016-08-12,1410,2026-03-20
Z000100105,서울개웅초통학구역,0,11,530,7010000,서울특별시교육청,7041000,서울특별시남부교육지원청,2016-08-12,2016-08-12,6209,2026-03-20
Z000101350,광주중앙초통학구역,0,29,110,7380000,광주광역시교육청,7391000,광주광역시동부교육지원청,2016-08-12,2016-08-12,2605,2026-03-20
Z000100903,대구아양초통학구역,0,27,140,7240000,대구광역시교육청,7251000,대구광역시동부교육지원청,2016-08-12,2017-02-27,6983,2026-03-20
Z000104083,전주서천초통학구역,0,52,111,8321000,전북특별자치도교육청,8332000,전북특별자치도전주교육지원청,2016-08-12,2024-02-23,1592,2026-03-20
Z000150920,서진초광역통학구역,1,48,170,9010000,경상남도교육청,9051000,경상남도진주교육지원청,2020-02-20,2020-02-20,3967,2026-03-20
Z000100609,화랑초통학구역,0,26,140,7150000,부산광역시교육청,7171000,부산광역시서부교육지원청,2016-08-12,2016-08-12,6727,2026-03-20
Z000100342,서울목원초통학구역,0,11,470,7010000,서울특별시교육청,7081300,서울특별시강서양천교육지원청,2016-08-12,2016-08-12,3000,2026-03-20
Z000103461,가흥초통학구역,0,43,130,8000000,충청북도교육청,8021000,충청북도충주교육지원청,2016-08-12,2016-08-12,1694,2026-03-20
Z000101274,인천귤현초통학구역,0,28,245,7310000,인천광역시교육청,7331000,인천광역시북부교육지원청,2016-08-12,2024-04-01,1224,2026-03-20
Z000103560,양강초통학구역,0,43,740,8000000,충청북도교육청,8071000,충청북도영동교육지원청,2016-08-12,2018-02-27,2580,2026-03-20
Z000150446,전주만성초전주온빛초공동통학구역,1,52,113,8321000,전북특별자치도교육청,8332000,전북특별자치도전주교육지원청,2016-08-12,2024-02-23,6084,2026-03-20
Z000104075,전주북초통학구역,0,52,113,8321000,전북특별자치도교육청,8332000,전북특별자치도전주교육지원청,2016-08-12,2024-02-23,3681,2026-03-20
Z000104214,이리마한초통학구역,0,52,140,8321000,전북특별자치도교육청,8352000,전북특별자치도익산교육지원청,2016-08-12,2024-02-23,3739,2026-03-20
Z000101231,인천축현초통학구역,0,28,185,7310000,인천광역시교육청,7341000,인천광역시동부교육지원청,2016-08-12,2016-08-12,564,2026-03-20
Z000103745,남포초통학구역,0,44,180,8140000,충청남도교육청,8171000,충청남도보령교육지원청,2016-08-12,2017-12-08,6574,2026-03-20
Z000104297,원천초통학구역,0,52,190,8321000,전북특별자치도교육청,8372000,전북특별자치도남원교육지원청,2016-08-12,2024-02-23,4885,2026-03-20
Z000101210,인천신정초통학구역,0,28,185,7310000,인천광역시교육청,7341000,인천광역시동부교육지원청,2016-08-12,2016-08-12,4140,2026-03-20
Z000100698,부곡초통학구역,0,26,410,7150000,부산광역시교육청,7191000,부산광역시동래교육지원청,2016-08-12,2016-08-12,5520,2026-03-20
Z000100335,서울등서초통학구역,0,11,500,7010000,서울특별시교육청,7081300,서울특별시강서양천교육지원청,2016-08-12,2016-08-12,6212,2026-03-20
Z000100644,성지초통학구역,0,26,230,7150000,부산광역시교육청,7181000,부산광역시남부교육지원청,2016-08-12,2016-08-12,3690,2026-03-20
Z000104843,군남초통학구역,0,46,870,8490000,전라남도교육청,8681000,전라남도영광교육지원청,2016-08-12,2016-08-12,2441,2026-03-20
Z000100851,해림초통학구역,0,26,350,7150000,부산광역시교육청,7211000,부산광역시해운대교육지원청,2016-08-12,2018-04-04,2878,2026-03-20
Z000104881,노화초통학구역,0,46,890,8490000,전라남도교육청,8701000,전라남도완도교육지원청,2016-08-12,2016-08-12,2817,2026-03-20
Z000104869,진원동초통학구역,0,46,880,8490000,전라남도교육청,8691000,전라남도장성교육지원청,2016-08-12,2016-08-12,2350,2026-03-20
Z000104876,금일초통학구역,0,46,890,8490000,전라남도교육청,8701000,전라남도완도교육지원청,2016-08-12,2016-08-12,4781,2026-03-20
Z000150808,삼호중앙초대불초공동통학구역,1,46,830,8490000,전라남도교육청,8651000,전라남도영암교육지원청,2020-01-08,2020-01-08,2433,2026-03-20
Z000106230,군산월명초통학구역,0,52,130,8321000,전북특별자치도교육청,8342000,전북특별자치도군산교육지원청,2019-05-08,2024-02-23,6601,2026-03-20
Z000105115,일직초통학구역,0,47,170,8750000,경상북도교육청,8791000,경상북도안동교육지원청,2016-08-12,2020-01-14,1677,2026-03-20
Z000100081,서울연은초통학구역,0,11,380,7010000,서울특별시교육청,7031000,서울특별시서부교육지원청,2016-08-12,2016-08-12,6789,2026-03-20
Z000104626,세지초통학구역,0,46,170,8490000,전라남도교육청,8531000,전라남도나주교육지원청,2016-08-12,2016-08-12,3661,2026-03-20
Z000104472,목포부영초통학구역,0,46,110,8490000,전라남도교육청,8501000,전라남도목포교육지원청,2016-08-12,2016-08-12,4216,2026-03-20
Z000150450,익산한벌초이리부송초공동통학구역,1,52,140,8321000,전북특별자치도교육청,8352000,전북특별자치도익산교육지원청,2016-08-12,2024-02-23,5049,2026-03-20
Z000103492,충주대림초통학구역,0,43,130,8000000,충청북도교육청,8021000,충청북도충주교육지원청,2016-08-12,2019-12-24,4908,2026-03-20
Z000150101,서평초서호초공동통학구역,1,41,113,7530000,경기도교육청,7541000,경기도수원교육지원청,2016-08-12,2016-08-12,1458,2026-03-20
Z000103824,부석초통학구역,0,44,210,8140000,충청남도교육청,8191000,충청남도서산교육지원청,2016-08-12,2016-08-12,5961,2026-03-20
Z000150221,발안초제암초공동통학구역,1,41,590,7530000,경기도교육청,7679000,경기도화성오산교육지원청,2016-08-12,2016-08-12,6125,2026-03-20
Z000101507,대전삼성초통학구역,0,30,110,7430000,대전광역시교육청,7441000,대전광역시동부교육지원청,2016-08-12,2016-08-12,5901,2026-03-20
Z000101303,인천신현초통학구역,0,28,260,7310000,인천광역시교육청,7361000,인천광역시서부교육지원청,2016-08-12,2016-08-12,5975,2026-03-20
Z000101123,인천주안남초통학구역,0,28,177,7310000,인천광역시교육청,7321000,인천광역시남부교육지원청,2018-09-19,2016-08-12,3333,2026-03-20
Z000101276,인천길주초통학구역,0,28,245,7310000,인천광역시교육청,7331000,인천광역시북부교육지원청,2016-08-12,2024-04-01,2494,2026-03-20
Z000105520,용원초통학구역,0,48,129,9010000,경상남도교육청,9022000,경상남도창원교육지원청,2016-08-12,2016-08-12,3618,2026-03-20
Z000101140,인천마장초통학구역,0,28,237,7310000,인천광역시교육청,7331000,인천광역시북부교육지원청,2016-08-12,2016-08-12,1258,2026-03-20
Z000106025,평대초통학구역,0,50,110,9290000,제주특별자치도교육청,9296000,제주특별자치도제주시교육지원청,2016-08-12,2016-08-12,3562,2026-03-20
Z000105971,구좌중앙초통학구역,0,50,110,9290000,제주특별자치도교육청,9296000,제주특별자치도제주시교육지원청,2016-08-12,2017-01-09,599,2026-03-20
Z000105391,신동초통학구역,0,47,850,8750000,경상북도교육청,8941000,경상북도칠곡교육지원청,2016-08-12,2016-08-12,255,2026-03-20
Z000106029,한동초통학구역,0,50,110,9290000,제주특별자치도교육청,9296000,제주특별자치도제주시교육지원청,2016-08-12,2016-08-12,7057,2026-03-20
Z000150800,목포이로초목포용호초공동통학구역,1,46,110,8490000,전라남도교육청,8501000,전라남도목포교육지원청,2019-12-26,2019-12-26,4212,2026-03-20
Z000150927,창신초사직초공동(일방)통학구역,1,43,112,8000000,충청북도교육청,8011000,충청북도청주교육지원청,2020-02-20,2020-02-20,4878,2026-03-20
Z000101269,인천경서초통학구역,0,28,260,7310000,인천광역시교육청,7361000,인천광역시서부교육지원청,2016-08-12,2020-01-21,3260,2026-03-20
Z000106273,보름초통학구역,0,41,570,7530000,경기도교육청,7771000,경기도김포교육지원청,2020-01-22,2020-01-22,4794,2026-03-20
Z000100294,서울송파초통학구역,0,11,710,7010000,서울특별시교육청,7130000,서울특별시강동송파교육지원청,2016-08-12,2016-08-12,6024,2026-03-20
Z000100808,민락초통학구역,0,26,500,7150000,부산광역시교육청,7211000,부산광역시해운대교육지원청,2016-08-12,2018-04-04,1088,2026-03-20
Z000104785,송호초통학구역,0,46,820,8490000,전라남도교육청,8641000,전라남도해남교육지원청,2016-08-12,2016-08-12,6543,2026-03-20
Z000104784,송지초통학구역,0,46,820,8490000,전라남도교육청,8641000,전라남도해남교육지원청,2016-08-12,2016-08-12,5656,2026-03-20
Z000100296,서울신명초통학구역,0,11,740,7010000,서울특별시교육청,7130000,서울특별시강동송파교육지원청,2016-08-12,2016-10-05,5982,2026-03-20
Z000104837,신광초통학구역,0,46,860,8490000,전라남도교육청,8671000,전라남도함평교육지원청,2016-08-12,2016-08-12,5887,2026-03-20
Z000104771,성전초통학구역,0,46,810,8490000,전라남도교육청,8631000,전라남도강진교육지원청,2016-08-12,2016-08-12,4569,2026-03-20
Z000100083,서울연희초통학구역,0,11,410,7010000,서울특별시교육청,7031000,서울특별시서부교육지원청,2016-08-12,2018-11-11,286,2026-03-20
Z000150921,수정초광역통학구역,1,48,170,9010000,경상남도교육청,9051000,경상남도진주교육지원청,2020-02-20,2020-02-20,5730,2026-03-20
Z000150922,장재초광역통학구역,1,48,170,9010000,경상남도교육청,9051000,경상남도진주교육지원청,2020-02-20,2020-02-20,4083,2026-03-20
Z000100826,신도초통학구역,0,26,350,7150000,부산광역시교육청,7211000,부산광역시해운대교육지원청,2016-08-12,2016-08-12,6414,2026-03-20
Z000100786,포천초통학구역,0,26,320,7150000,부산광역시교육청,7201000,부산광역시북부교육지원청,2016-08-12,2016-08-12,770,2026-03-20
Z000100583,사동초통학구역,0,26,380,7150000,부산광역시교육청,7171000,부산광역시서부교육지원청,2016-08-12,2016-08-12,4057,2026-03-20
Z000101165,인천일신초통학구역,0,28,237,7310000,인천광역시교육청,7331000,인천광역시북부교육지원청,2016-08-12,2016-08-12,6931,2026-03-20
Z000101313,인천작동초통학구역,0,28,245,7310000,인천광역시교육청,7331000,인천광역시북부교육지원청,2016-08-12,2024-04-01,2906,2026-03-20
Z000101592,대전서원초통학구역,0,30,170,7430000,대전광역시교육청,7451000,대전광역시서부교육지원청,2016-08-12,2016-08-12,5628,2026-03-20
Z000101205,인천송원초통학구역,0,28,185,7310000,인천광역시교육청,7341000,인천광역시동부교육지원청,2016-08-12,2017-08-14,637,2026-03-20
Z000101201,인천성리초통학구역,0,28,200,7310000,인천광역시교육청,7341000,인천광역시동부교육지원청,2016-08-12,2016-08-12,3065,2026-03-20
Z000106104,연동초통학구역,0,36,110,9300000,세종특별자치시교육청,9300000,세종특별자치시교육청,2016-08-12,2016-08-12,3847,2026-03-20
Z000105092,남후초통학구역,0,47,170,8750000,경상북도교육청,8791000,경상북도안동교육지원청,2016-08-12,2016-08-12,6081,2026-03-20
Z000105094,녹전초통학구역,0,47,170,8750000,경상북도교육청,8791000,경상북도안동교육지원청,2016-08-12,2016-08-12,929,2026-03-20
Z000101131,인천갈월초통학구역,0,28,237,7310000,인천광역시교육청,7331000,인천광역시북부교육지원청,2016-08-12,2016-08-12,4679,2026-03-20
Z000106112,장기초통학구역,0,36,110,9300000,세종특별자치시교육청,9300000,세종특별자치시교육청,2016-08-12,2016-08-12,2386,2026-03-20
Z000101496,대전목상초통학구역,0,30,230,7430000,대전광역시교육청,7441000,대전광역시동부교육지원청,2016-08-12,2016-08-12,2541,2026-03-20
Z000104984,죽도초통학구역,0,47,113,8750000,경상북도교육청,8761000,경상북도포항교육지원청,2016-08-12,2016-08-12,1757,2026-03-20
Z000101616,문지초통학구역,0,30,200,7430000,대전광역시교육청,7451000,대전광역시서부교육지원청,2016-08-12,2016-08-12,724,2026-03-20
Z000101501,대전버드내초통학구역,0,30,140,7430000,대전광역시교육청,7441000,대전광역시동부교육지원청,2016-08-12,2016-08-12,299,2026-03-20
Z000101485,대전대암초통학구역,0,30,110,7430000,대전광역시교육청,7441000,대전광역시동부교육지원청,2016-08-12,2016-08-12,411,2026-03-20
Z000100898,대구숙천초통학구역,0,27,140,7240000,대구광역시교육청,7251000,대구광역시동부교육지원청,2016-08-12,2017-03-27,6241,2026-03-20
Z000101068,대구죽곡초통학구역,0,27,710,7240000,대구광역시교육청,7281000,대구광역시달성교육지원청,2016-08-12,2016-08-12,6948,2026-03-20
Z000101071,대구현풍초통학구역,0,27,710,7240000,대구광역시교육청,7281000,대구광역시달성교육지원청,2016-08-12,2018-03-20,5439,2026-03-20
Z000150058,대구한샘초대구신월초공동통학구역,1,27,290,7240000,대구광역시교육청,7271000,대구광역시남부교육지원청,2016-08-12,2016-10-05,2929,2026-03-20
Z000100895,대구송정초통학구역,0,27,140,7240000,대구광역시교육청,7251000,대구광역시동부교육지원청,2016-08-12,2017-06-23,4521,2026-03-20
Z000104168,성산초통학구역,0,52,130,8321000,전북특별자치도교육청,8342000,전북특별자치도군산교육지원청,2016-08-12,2024-02-23,3987,2026-03-20
Z000100584,사하초통학구역,0,26,380,7150000,부산광역시교육청,7171000,부산광역시서부교육지원청,2016-08-12,2016-08-12,5812,2026-03-20
Z000100558,감천초통학구역,0,26,380,7150000,부산광역시교육청,7171000,부산광역시서부교육지원청,2016-08-12,2016-08-12,5216,2026-03-20
Z000100852,해송초통학구역,0,26,350,7150000,부산광역시교육청,7211000,부산광역시해운대교육지원청,2016-08-12,2018-04-04,2884,2026-03-20
Z000150917,갈전초광역통학구역,1,48,170,9010000,경상남도교육청,9051000,경상남도진주교육지원청,2020-02-20,2020-02-20,2641,2026-03-20
Z000150918,무지개초광역통학구역,1,48,170,9010000,경상남도교육청,9051000,경상남도진주교육지원청,2020-02-20,2020-02-20,4434,2026-03-20
Z000105466,내동초통학구역,0,48,123,9010000,경상남도교육청,9022000,경상남도창원교육지원청,2016-08-12,2016-08-12,4334,2026-03-20
Z000101032,대구장기초통학구역,0,27,290,7240000,대구광역시교육청,7271000,대구광역시남부교육지원청,2016-08-12,2016-08-12,258,2026-03-20
Z000150592,상북초좌삼초공동통학구역,1,48,330,9010000,경상남도교육청,9151000,경상남도양산교육지원청,2016-08-12,2016-08-12,4602,2026-03-20
Z000105722,삼랑진초통학구역,0,48,270,9010000,경상남도교육청,9101000,경상남도밀양교육지원청,2016-08-12,2016-08-12,6708,2026-03-20
Z000105954,삼가초통학구역,0,48,890,9010000,경상남도교육청,9221000,경상남도합천교육지원청,2016-08-12,2016-08-12,1764,2026-03-20
Z000103426,신송초통학구역,0,43,111,8000000,충청북도교육청,8011000,충청북도청주교육지원청,2016-08-12,2016-08-12,5634,2026-03-20
Z000101218,인천은봉초통학구역,0,28,200,7310000,인천광역시교육청,7341000,인천광역시동부교육지원청,2016-08-12,2016-08-12,5549,2026-03-20
Z000106028,하도초통학구역,0,50,110,9290000,제주특별자치도교육청,9296000,제주특별자치도제주시교육지원청,2016-08-12,2016-08-12,326,2026-03-20
Z000104199,왕북초통학구역,0,52,140,8321000,전북특별자치도교육청,8352000,전북특별자치도익산교육지원청,2016-08-12,2024-02-23,71,2026-03-20
Z000100478,서울조원초통학구역,0,11,620,7010000,서울특별시교육청,7132000,서울특별시동작관악교육지원청,2016-08-12,2016-08-12,4399,2026-03-20
Z000100844,좌산초통학구역,0,26,350,7150000,부산광역시교육청,7211000,부산광역시해운대교육지원청,2016-08-12,2018-04-04,6416,2026-03-20
Z000101638,명덕초통학구역,0,31,170,7480000,울산광역시교육청,7491000,울산광역시강북교육지원청,2016-08-12,2016-08-12,247,2026-03-20
Z000105931,가조초통학구역,0,48,880,9010000,경상남도교육청,9211000,경상남도거창교육지원청,2016-08-12,2016-08-12,2252,2026-03-20
Z000100606,토성초통학구역,0,26,140,7150000,부산광역시교육청,7171000,부산광역시서부교육지원청,2016-08-12,2016-08-18,3182,2026-03-20
Z000105935,남하초통학구역,0,48,880,9010000,경상남도교육청,9211000,경상남도거창교육지원청,2016-08-12,2016-08-12,3963,2026-03-20
Z000105576,동진초통학구역,0,48,170,9010000,경상남도교육청,9051000,경상남도진주교육지원청,2016-08-12,2016-08-12,1382,2026-03-20
Z000105619,욕지초연화분교장통학구역,0,48,220,9010000,경상남도교육청,9071000,경상남도통영교육지원청,2016-08-12,2025-09-29,6281,2026-03-20
Z000100933,대구관천초통학구역,0,27,230,7240000,대구광역시교육청,7261000,대구광역시서부교육지원청,2016-08-12,2016-08-12,5069,2026-03-20
Z000101057,대구매곡초통학구역,0,27,710,7240000,대구광역시교육청,7281000,대구광역시달성교육지원청,2016-08-12,2016-08-12,1608,2026-03-20
Z000105521,용지초통학구역,0,48,123,9010000,경상남도교육청,9022000,경상남도창원교육지원청,2016-08-12,2016-08-12,4340,2026-03-20
Z000101687,남산초통학구역,0,31,140,7480000,울산광역시교육청,7501000,울산광역시강남교육지원청,2016-08-12,2018-10-19,2628,2026-03-20
Z000100079,서울연광초통학구역,0,11,380,7010000,서울특별시교육청,7031000,서울특별시서부교육지원청,2016-08-12,2016-08-12,3237,2026-03-20
Z000104909,진도서초가사도분교장통학구역,0,46,900,8490000,전라남도교육청,8711000,전라남도진도교육지원청,2016-08-12,2016-08-12,2870,2026-03-20
Z000100217,서울창원초통학구역,0,11,320,7010000,서울특별시교육청,7051000,서울특별시북부교육지원청,2016-08-12,2016-08-12,2746,2026-03-20
Z000100278,서울묘곡초통학구역,0,11,740,7010000,서울특별시교육청,7130000,서울특별시강동송파교육지원청,2016-08-12,2016-08-12,3680,2026-03-20
Z000100554,서울정수초통학구역,0,11,290,7010000,서울특별시교육청,7121200,서울특별시성북강북교육지원청,2016-08-12,2016-08-12,5169,2026-03-20
Z000100672,공덕초통학구역,0,26,410,7150000,부산광역시교육청,7191000,부산광역시동래교육지원청,2016-08-12,2016-08-12,2875,2026-03-20
Z000105577,망경초통학구역,0,48,170,9010000,경상남도교육청,9051000,경상남도진주교육지원청,2016-08-12,2016-08-12,5771,2026-03-20
Z000100981,서대구초통학구역,0,27,170,7240000,대구광역시교육청,7261000,대구광역시서부교육지원청,2016-08-12,2016-08-12,6840,2026-03-20
Z000150059,대구한샘초대구월배초공동통학구역,1,27,290,7240000,대구광역시교육청,7271000,대구광역시남부교육지원청,2016-08-12,2016-10-05,2930,2026-03-20
Z000150060,대구한샘초대구진천초공동통학구역,1,27,290,7240000,대구광역시교육청,7271000,대구광역시남부교육지원청,2016-08-12,2016-10-05,3802,2026-03-20
Z000100624,대천초통학구역,0,26,290,7150000,부산광역시교육청,7181000,부산광역시남부교육지원청,2016-08-12,2016-08-12,2850,2026-03-20
Z000101657,양사초통학구역,0,31,110,7480000,울산광역시교육청,7491000,울산광역시강북교육지원청,2016-08-12,2016-08-12,3513,2026-03-20
Z000104998,포항장원초통학구역,0,47,113,8750000,경상북도교육청,8761000,경상북도포항교육지원청,2016-08-12,2020-01-30,5564,2026-03-20
Z000100467,서울신봉초통학구역,0,11,620,7010000,서울특별시교육청,7132000,서울특별시동작관악교육지원청,2016-08-12,2016-08-12,4299,2026-03-20
Z000100564,남부민초통학구역,0,26,140,7150000,부산광역시교육청,7171000,부산광역시서부교육지원청,2016-08-12,2016-08-18,4949,2026-03-20
Z000104208,이리남창초통학구역,0,52,140,8321000,전북특별자치도교육청,8352000,전북특별자치도익산교육지원청,2016-08-12,2024-02-23,5160,2026-03-20
Z000104929,자은초통학구역,0,46,910,8490000,전라남도교육청,8721000,전라남도신안교육지원청,2016-08-12,2016-08-12,1984,2026-03-20
Z000100793,가동초통학구역,0,26,710,7150000,부산광역시교육청,7211000,부산광역시해운대교육지원청,2016-08-12,2018-02-07,4671,2026-03-20
Z000101338,광주북초통학구역,0,29,170,7380000,광주광역시교육청,7391000,광주광역시동부교육지원청,2016-08-12,2016-08-12,1427,2026-03-20
Z000100730,구남초통학구역,0,26,320,7150000,부산광역시교육청,7201000,부산광역시북부교육지원청,2016-08-12,2016-08-12,490,2026-03-20
Z000105554,풍호초통학구역,0,48,129,9010000,경상남도교육청,9022000,경상남도창원교육지원청,2016-08-12,2020-01-16,3177,2026-03-20
Z000150916,덕신초삼평초공동(일방)통학구역,1,31,710,7480000,울산광역시교육청,7501000,울산광역시강남교육지원청,2020-02-19,2020-02-19,6157,2026-03-20
Z000101000,대구도원초통학구역,0,27,290,7240000,대구광역시교육청,7271000,대구광역시남부교육지원청,2016-08-12,2016-08-12,4043,2026-03-20
Z000100553,서울정릉초통학구역,0,11,290,7010000,서울특별시교육청,7121200,서울특별시성북강북교육지원청,2016-08-12,2016-08-12,1625,2026-03-20
Z000150780,기산초서경초공동통학구역,1,41,590,7530000,경기도교육청,7679000,경기도화성오산교육지원청,2019-12-02,2019-12-02,2681,2026-03-20
Z000100269,서울고일초통학구역,0,11,740,7010000,서울특별시교육청,7130000,서울특별시강동송파교육지원청,2016-08-12,2019-11-26,5301,2026-03-20
Z000106258,서울고현초통학구역,0,11,740,7010000,서울특별시교육청,7130000,서울특별시강동송파교육지원청,2019-11-26,2019-11-26,4443,2026-03-20
Z000102955,김포호수초통학구역,0,41,570,7530000,경기도교육청,7771000,경기도김포교육지원청,2016-08-12,2020-01-17,5023,2026-03-20
Z000105861,마암초통학구역,0,48,820,9010000,경상남도교육청,9161000,경상남도고성교육지원청,2016-08-12,2018-02-22,6499,2026-03-20
Z000105779,지정초통학구역,0,48,720,9010000,경상남도교육청,9121000,경상남도의령교육지원청,2016-08-12,2016-08-12,6284,2026-03-20
Z000104817,삼향북초통학구역,0,46,840,8490000,전라남도교육청,8661000,전라남도무안교육지원청,2016-08-12,2016-08-12,5962,2026-03-20
Z000104788,옥천초통학구역,0,46,820,8490000,전라남도교육청,8641000,전라남도해남교육지원청,2016-08-12,2016-08-12,2457,2026-03-20
Z000150507,광주지산초진원동초공동통학구역,1,46,880,8490000,전라남도교육청,8691000,전라남도장성교육지원청,2016-08-12,2016-08-12,4114,2026-03-20
Z000105590,수곡초통학구역,0,48,170,9010000,경상남도교육청,9051000,경상남도진주교육지원청,2016-08-12,2016-08-12,2217,2026-03-20
Z000104138,군산서초통학구역,0,52,130,8321000,전북특별자치도교육청,8342000,전북특별자치도군산교육지원청,2016-08-12,2024-02-23,2198,2026-03-20
Z000101013,대구송일초통학구역,0,27,290,7240000,대구광역시교육청,7271000,대구광역시남부교육지원청,2016-08-12,2016-08-12,5578,2026-03-20
Z000104927,임자남초통학구역,0,46,910,8490000,전라남도교육청,8721000,전라남도신안교육지원청,2016-08-12,2016-08-12,189,2026-03-20
Z000104814,몽탄초통학구역,0,46,840,8490000,전라남도교육청,8661000,전라남도무안교육지원청,2016-08-12,2016-08-12,6784,2026-03-20
Z000105659,금동초통학구역,0,48,250,9010000,경상남도교육청,9091000,경상남도김해교육지원청,2016-08-12,2016-08-12,4052,2026-03-20
Z000105375,월항초지방분교장통학구역,0,47,840,8750000,경상북도교육청,8931000,경상북도성주교육지원청,2016-08-12,2016-08-12,2487,2026-03-20
Z000105901,화개초왕성분교장통학구역,0,48,850,9010000,경상남도교육청,9181000,경상남도하동교육지원청,2016-08-12,2016-08-12,3459,2026-03-20
Z000105793,중앙초통학구역,0,48,730,9010000,경상남도교육청,9131000,경상남도함안교육지원청,2016-08-12,2016-08-12,4565,2026-03-20
Z000104330,청운초통학구역,0,52,210,8321000,전북특별자치도교육청,8382000,전북특별자치도김제교육지원청,2016-08-12,2024-02-23,6814,2026-03-20
Z000104252,백암초통학구역,0,52,180,8321000,전북특별자치도교육청,8362000,전북특별자치도정읍교육지원청,2016-08-12,2024-02-23,1388,2026-03-20
Z000104293,수지초통학구역,0,52,190,8321000,전북특별자치도교육청,8372000,전북특별자치도남원교육지원청,2016-08-12,2024-02-23,1633,2026-03-20
Z000104397,관촌초통학구역,0,52,750,8321000,전북특별자치도교육청,8432000,전북특별자치도임실교육지원청,2016-08-12,2024-02-23,4738,2026-03-20
Z000105741,동부초통학구역,0,48,310,9010000,경상남도교육청,9111000,경상남도거제교육지원청,2016-08-12,2016-08-12,4337,2026-03-20
Z000105709,한림초통학구역,0,48,250,9010000,경상남도교육청,9091000,경상남도김해교육지원청,2016-08-12,2016-08-12,4538,2026-03-20
Z000105691,영운초통학구역,0,48,250,9010000,경상남도교육청,9091000,경상남도김해교육지원청,2016-08-12,2016-08-12,2286,2026-03-20
Z000100567,다선초통학구역,0,26,380,7150000,부산광역시교육청,7171000,부산광역시서부교육지원청,2016-08-12,2016-08-12,489,2026-03-20
Z000100787,학사초통학구역,0,26,320,7150000,부산광역시교육청,7201000,부산광역시북부교육지원청,2016-08-12,2016-08-12,768,2026-03-20
Z000101999,부명초통학구역,0,41,192,7530000,경기도교육청,7581000,경기도부천교육지원청,2016-08-12,2024-03-29,2161,2026-03-20
Z000100610,효림초통학구역,0,26,380,7150000,부산광역시교육청,7171000,부산광역시서부교육지원청,2016-08-12,2016-08-12,2292,2026-03-20
Z000105787,산인초통학구역,0,48,730,9010000,경상남도교육청,9131000,경상남도함안교육지원청,2016-08-12,2016-08-12,699,2026-03-20
Z000100978,대구학정초통학구역,0,27,230,7240000,대구광역시교육청,7261000,대구광역시서부교육지원청,2016-08-12,2016-08-12,603,2026-03-20
Z000105761,장평초통학구역,0,48,310,9010000,경상남도교육청,9111000,경상남도거제교육지원청,2016-08-12,2016-08-12,737,2026-03-20
Z000104830,현경초통학구역,0,46,840,8490000,전라남도교육청,8661000,전라남도무안교육지원청,2016-08-12,2018-02-27,623,2026-03-20
Z000100879,대구만촌초통학구역,0,27,260,7240000,대구광역시교육청,7251000,대구광역시동부교육지원청,2016-08-12,2017-06-23,3430,2026-03-20
Z000104151,군산푸른솔초통학구역,0,52,130,8321000,전북특별자치도교육청,8342000,전북특별자치도군산교육지원청,2016-08-12,2024-02-23,1253,2026-03-20
Z000105690,어방초통학구역,0,48,250,9010000,경상남도교육청,9091000,경상남도김해교육지원청,2016-08-12,2016-08-12,1346,2026-03-20
Z000101643,미포초통학구역,0,31,170,7480000,울산광역시교육청,7491000,울산광역시강북교육지원청,2016-08-12,2016-08-12,5570,2026-03-20
Z000104732,도곡초통학구역,0,46,790,8490000,전라남도교육청,8611000,전라남도화순교육지원청,2016-08-12,2016-08-12,3823,2026-03-20
Z000100828,신정초통학구역,0,26,710,7150000,부산광역시교육청,7211000,부산광역시해운대교육지원청,2016-08-12,2018-02-07,3766,2026-03-20
Z000104861,분향초통학구역,0,46,880,8490000,전라남도교육청,8691000,전라남도장성교육지원청,2016-08-12,2016-08-12,5276,2026-03-20
Z000105556,하천초통학구역,0,48,121,9010000,경상남도교육청,9022000,경상남도창원교육지원청,2016-08-12,2016-08-12,6985,2026-03-20
Z000104207,이리고현초통학구역,0,52,140,8321000,전북특별자치도교육청,8352000,전북특별자치도익산교육지원청,2016-08-12,2024-02-23,3391,2026-03-20
Z000100622,대남초통학구역,0,26,290,7150000,부산광역시교육청,7181000,부산광역시남부교육지원청,2016-08-12,2016-08-12,3744,2026-03-20
Z000104544,여수서초통학구역,0,46,130,8490000,전라남도교육청,8511000,전라남도여수교육지원청,2016-08-12,2016-08-12,168,2026-03-20
Z000104386,적상초통학구역,0,52,730,8321000,전북특별자치도교육청,8412000,전북특별자치도무주교육지원청,2016-08-12,2024-02-23,3457,2026-03-20
Z000101703,삼동초통학구역,0,31,710,7480000,울산광역시교육청,7501000,울산광역시강남교육지원청,2016-08-12,2016-08-12,3145,2026-03-20
Z000105688,신어초통학구역,0,48,250,9010000,경상남도교육청,9091000,경상남도김해교육지원청,2016-08-12,2016-08-17,4049,2026-03-20
Z000105916,차황초통학구역,0,48,860,9010000,경상남도교육청,9191000,경상남도산청교육지원청,2016-08-12,2016-08-12,1267,2026-03-20
Z000105636,노산초통학구역,0,48,240,9010000,경상남도교육청,9081000,경상남도사천교육지원청,2016-08-12,2016-08-12,2255,2026-03-20
Z000100599,절영초통학구역,0,26,200,7150000,부산광역시교육청,7171000,부산광역시서부교육지원청,2016-08-12,2016-08-12,6321,2026-03-20
Z000104126,개정초통학구역,0,52,130,8321000,전북특별자치도교육청,8342000,전북특별자치도군산교육지원청,2016-08-12,2024-02-23,3112,2026-03-20
Z000104627,양산초통학구역,0,46,170,8490000,전라남도교육청,8531000,전라남도나주교육지원청,2016-08-12,2016-08-12,6590,2026-03-20
Z000105698,임호초통학구역,0,48,250,9010000,경상남도교육청,9091000,경상남도김해교육지원청,2016-08-12,2016-08-12,5589,2026-03-20
Z000104616,노안초통학구역,0,46,170,8490000,전라남도교육청,8531000,전라남도나주교육지원청,2016-08-12,2016-08-12,6928,2026-03-20
Z000105550,창원한들초통학구역,0,48,121,9010000,경상남도교육청,9022000,경상남도창원교육지원청,2016-08-12,2016-08-12,754,2026-03-20
Z000103466,노은초통학구역,0,43,130,8000000,충청북도교육청,8021000,충청북도충주교육지원청,2016-08-12,2016-08-12,6363,2026-03-20
Z000106071,위미초통학구역,0,50,130,9290000,제주특별자치도교육청,9299000,제주특별자치도서귀포시교육지원청,2016-08-12,2016-08-12,2454,2026-03-20
Z000106080,하례초통학구역,0,50,130,9290000,제주특별자치도교육청,9299000,제주특별자치도서귀포시교육지원청,2016-08-12,2016-08-12,6800,2026-03-20
Z000104621,반남초통학구역,0,46,170,8490000,전라남도교육청,8531000,전라남도나주교육지원청,2016-08-12,2016-08-12,4233,2026-03-20
Z000104672,한재초통학구역,0,46,710,8490000,전라남도교육청,8561000,전라남도담양교육지원청,2016-08-12,2016-08-12,5249,2026-03-20
Z000104641,광양제철남초통학구역,0,46,230,8490000,전라남도교육청,8551000,전라남도광양교육지원청,2016-08-12,2016-08-12,1676,2026-03-20
Z000100848,칠암초통학구역,0,26,710,7150000,부산광역시교육청,7211000,부산광역시해운대교육지원청,2016-08-12,2016-08-12,4038,2026-03-20
Z000105958,야로초통학구역,0,48,890,9010000,경상남도교육청,9221000,경상남도합천교육지원청,2016-08-12,2016-08-12,1766,2026-03-20
Z000104071,전주문학초통학구역,0,52,111,8321000,전북특별자치도교육청,8332000,전북특별자치도전주교육지원청,2016-08-12,2024-02-23,6940,2026-03-20
Z000104378,구천초통학구역,0,52,730,8321000,전북특별자치도교육청,8412000,전북특별자치도무주교육지원청,2016-08-12,2024-02-23,6113,2026-03-20
Z000104291,산동초통학구역,0,52,190,8321000,전북특별자치도교육청,8372000,전북특별자치도남원교육지원청,2016-08-12,2024-02-23,4503,2026-03-20
Z000104339,고산초통학구역,0,52,710,8321000,전북특별자치도교육청,8392000,전북특별자치도완주교육지원청,2016-08-12,2024-02-23,2864,2026-03-20
Z000101002,대구봉덕초통학구역,0,27,200,7240000,대구광역시교육청,7271000,대구광역시남부교육지원청,2016-08-12,2020-08-04,612,2026-03-20
Z000101782,수원금곡초통학구역,0,41,113,7530000,경기도교육청,7541000,경기도수원교육지원청,2016-08-12,2016-08-12,3392,2026-03-20
Z000104685,문척초통학구역,0,46,730,8490000,전라남도교육청,8581000,전라남도구례교육지원청,2016-08-12,2016-08-12,1816,2026-03-20
Z000104693,과역초통학구역,0,46,770,8490000,전라남도교육청,8591000,전라남도고흥교육지원청,2016-08-12,2016-08-12,6631,2026-03-20
Z000104700,대서초통학구역,0,46,770,8490000,전라남도교육청,8591000,전라남도고흥교육지원청,2016-08-12,2016-08-12,6387,2026-03-20
Z000105519,용마초통학구역,0,48,125,9010000,경상남도교육청,9022000,경상남도창원교육지원청,2016-08-12,2016-08-12,4208,2026-03-20
Z000105785,문암초통학구역,0,48,730,9010000,경상남도교육청,9131000,경상남도함안교육지원청,2016-08-12,2016-08-12,706,2026-03-20
Z000104707,영남초통학구역,0,46,770,8490000,전라남도교육청,8591000,전라남도고흥교육지원청,2016-08-12,2016-08-12,5358,2026-03-20
Z000104379,무주중앙초통학구역,0,52,730,8321000,전북특별자치도교육청,8412000,전북특별자치도무주교육지원청,2016-08-12,2024-02-23,2566,2026-03-20
Z000100104,서울개봉초통학구역,0,11,530,7010000,서울특별시교육청,7041000,서울특별시남부교육지원청,2016-08-12,2016-08-12,2345,2026-03-20
Z000105669,김해신안초통학구역,0,48,250,9010000,경상남도교육청,9091000,경상남도김해교육지원청,2016-08-12,2016-08-12,3611,2026-03-20
Z000100973,대구태전초통학구역,0,27,230,7240000,대구광역시교육청,7261000,대구광역시서부교육지원청,2016-08-12,2016-08-12,6703,2026-03-20
Z000104938,하의초통학구역,0,46,910,8490000,전라남도교육청,8721000,전라남도신안교육지원청,2016-08-12,2016-08-12,6401,2026-03-20
Z000104338,간중초통학구역,0,52,710,8321000,전북특별자치도교육청,8392000,전북특별자치도완주교육지원청,2016-08-12,2024-02-23,3024,2026-03-20
Z000100719,장서초통학구역,0,26,410,7150000,부산광역시교육청,7191000,부산광역시동래교육지원청,2016-08-12,2016-08-12,4603,2026-03-20
Z000100705,안락초통학구역,0,26,260,7150000,부산광역시교육청,7191000,부산광역시동래교육지원청,2016-08-12,2016-08-12,1061,2026-03-20
Z000104650,봉강초통학구역,0,46,230,8490000,전라남도교육청,8551000,전라남도광양교육지원청,2016-08-12,2016-08-12,6751,2026-03-20
Z000104609,공산초통학구역,0,46,170,8490000,전라남도교육청,8531000,전라남도나주교육지원청,2016-08-12,2016-08-12,3036,2026-03-20
Z000100016,서울상봉초통학구역,0,11,260,7010000,서울특별시교육청,7021000,서울특별시동부교육지원청,2016-08-12,2016-08-12,651,2026-03-20
Z000100067,서울성원초통학구역,0,11,440,7010000,서울특별시교육청,7031000,서울특별시서부교육지원청,2016-08-12,2016-08-12,4514,2026-03-20
Z000104698,녹동초시산분교통학구역,0,46,770,8490000,전라남도교육청,8591000,전라남도고흥교육지원청,2016-08-12,2016-08-12,2243,2026-03-20
Z000104705,백양초통학구역,0,46,770,8490000,전라남도교육청,8591000,전라남도고흥교육지원청,2016-08-12,2016-08-12,3861,2026-03-20
Z000105752,연초초통학구역,0,48,310,9010000,경상남도교육청,9111000,경상남도거제교육지원청,2016-08-12,2017-04-03,4067,2026-03-20
Z000103478,소태초통학구역,0,43,130,8000000,충청북도교육청,8021000,충청북도충주교육지원청,2016-08-12,2016-08-12,4377,2026-03-20
Z000103432,용담초통학구역,0,43,111,8000000,충청북도교육청,8011000,충청북도청주교육지원청,2016-08-12,2018-03-06,5633,2026-03-20
Z000104204,용안초통학구역,0,52,140,8321000,전북특별자치도교육청,8352000,전북특별자치도익산교육지원청,2016-08-12,2024-02-23,5515,2026-03-20
Z000103529,세중초통학구역,0,43,720,8000000,충청북도교육청,8051000,충청북도보은교육지원청,2016-08-12,2016-08-12,6676,2026-03-20
Z000104316,벽량초통학구역,0,52,210,8321000,전북특별자치도교육청,8382000,전북특별자치도김제교육지원청,2016-08-12,2024-02-23,2994,2026-03-20
Z000105824,삼성초통학구역,0,48,330,9010000,경상남도교육청,9151000,경상남도양산교육지원청,2016-08-12,2016-08-12,6327,2026-03-20
Z000104453,변산초통학구역,0,52,800,8321000,전북특별자치도교육청,8462000,전북특별자치도부안교육지원청,2016-08-12,2024-02-23,4780,2026-03-20
Z000104466,행안초통학구역,0,52,800,8321000,전북특별자치도교육청,8462000,전북특별자치도부안교육지원청,2016-08-12,2024-02-23,1097,2026-03-20
Z000100331,서울남명초통학구역,0,11,470,7010000,서울특별시교육청,7081300,서울특별시강서양천교육지원청,2016-08-12,2016-08-12,12,2026-03-20
Z000150930,솔밭초서촌초공동(일방)통학구역,1,43,113,8000000,충청북도교육청,8011000,충청북도청주교육지원청,2020-02-21,2020-02-21,1635,2026-03-20
Z000104306,김제검산초통학구역,0,52,210,8321000,전북특별자치도교육청,8382000,전북특별자치도김제교육지원청,2016-08-12,2024-02-23,6233,2026-03-20
Z000104799,덕진초통학구역,0,46,830,8490000,전라남도교육청,8651000,전라남도영암교육지원청,2016-08-12,2017-02-13,2014,2026-03-20
Z000105724,상동초통학구역,0,48,270,9010000,경상남도교육청,9101000,경상남도밀양교육지원청,2016-08-12,2016-08-12,6248,2026-03-20
Z000100764,백양초통학구역,0,26,320,7150000,부산광역시교육청,7201000,부산광역시북부교육지원청,2016-08-12,2016-08-12,5471,2026-03-20
Z000104666,무정초통학구역,0,46,710,8490000,전라남도교육청,8561000,전라남도담양교육지원청,2016-08-12,2016-08-12,6912,2026-03-20
Z000101045,대구효명초통학구역,0,27,200,7240000,대구광역시교육청,7271000,대구광역시남부교육지원청,2016-08-12,2020-08-04,1506,2026-03-20
Z000104816,삼향동초통학구역,0,46,840,8490000,전라남도교육청,8661000,전라남도무안교육지원청,2016-08-12,2016-08-12,3313,2026-03-20
Z000105633,곤명초통학구역,0,48,240,9010000,경상남도교육청,9081000,경상남도사천교육지원청,2016-08-12,2016-08-12,1976,2026-03-20
Z000105652,축동초통학구역,0,48,240,9010000,경상남도교육청,9081000,경상남도사천교육지원청,2016-08-12,2016-08-12,3136,2026-03-20
Z000105684,삼방초통학구역,0,48,250,9010000,경상남도교육청,9091000,경상남도김해교육지원청,2016-08-12,2016-08-12,6707,2026-03-20
Z000150486,노동초미력초보성남초공동통학구역,1,46,780,8490000,전라남도교육청,8601000,전라남도보성교육지원청,2016-08-12,2017-02-15,1602,2026-03-20
Z000104280,남원대산초통학구역,0,52,190,8321000,전북특별자치도교육청,8372000,전북특별자치도남원교육지원청,2016-08-12,2024-02-23,2705,2026-03-20
Z000104462,주산초통학구역,0,52,800,8321000,전북특별자치도교육청,8462000,전북특별자치도부안교육지원청,2016-08-12,2024-02-23,4686,2026-03-20
Z000104455,부안초통학구역,0,52,800,8321000,전북특별자치도교육청,8462000,전북특별자치도부안교육지원청,2016-08-12,2024-02-23,972,2026-03-20
Z000104203,용성초통학구역,0,52,140,8321000,전북특별자치도교육청,8352000,전북특별자치도익산교육지원청,2016-08-12,2024-02-23,1945,2026-03-20
Z000105756,외간초통학구역,0,48,310,9010000,경상남도교육청,9111000,경상남도거제교육지원청,2016-08-12,2017-02-14,2851,2026-03-20
Z000104631,골약초통학구역,0,46,230,8490000,전라남도교육청,8551000,전라남도광양교육지원청,2016-08-12,2016-08-12,533,2026-03-20
Z000105912,생초초통학구역,0,48,860,9010000,경상남도교육청,9191000,경상남도산청교육지원청,2016-08-12,2016-08-12,3474,2026-03-20
Z000101736,장생포초통학구역,0,31,140,7480000,울산광역시교육청,7501000,울산광역시강남교육지원청,2016-08-12,2016-08-12,242,2026-03-20
Z000100106,서울고산초통학구역,0,11,530,7010000,서울특별시교육청,7041000,서울특별시남부교육지원청,2016-08-12,2016-08-12,4116,2026-03-20
Z000104860,북일초통학구역,0,46,880,8490000,전라남도교육청,8691000,전라남도장성교육지원청,2016-08-12,2018-03-06,5067,2026-03-20
Z000101009,대구성명초통학구역,0,27,200,7240000,대구광역시교육청,7271000,대구광역시남부교육지원청,2016-08-12,2016-08-12,5954,2026-03-20
Z000100996,대구대봉초통학구역,0,27,200,7240000,대구광역시교육청,7271000,대구광역시남부교육지원청,2016-08-12,2016-08-12,1508,2026-03-20
Z000101694,두서초통학구역,0,31,710,7480000,울산광역시교육청,7501000,울산광역시강남교육지원청,2016-08-12,2016-08-12,208,2026-03-20
Z000105815,창녕성산초통학구역,0,48,740,9010000,경상남도교육청,9141000,경상남도창녕교육지원청,2016-08-12,2016-08-12,3301,2026-03-20
Z000150414,도안초증평초공동통학구역,1,43,745,8000000,충청북도교육청,8092000,충청북도괴산증평교육지원청,2016-08-12,2020-01-03,1392,2026-03-20
Z000100229,서울덕수초통학구역,0,11,140,7010000,서울특별시교육청,7061000,서울특별시중부교육지원청,2016-08-12,2017-02-20,2374,2026-03-20
Z000104410,구림초통학구역,0,52,770,8321000,전북특별자치도교육청,8442000,전북특별자치도순창교육지원청,2016-08-12,2024-02-23,1891,2026-03-20
Z000104412,동계초통학구역,0,52,770,8321000,전북특별자치도교육청,8442000,전북특별자치도순창교육지원청,2016-08-12,2024-02-23,1310,2026-03-20
Z000105574,대곡초통학구역,0,48,170,9010000,경상남도교육청,9051000,경상남도진주교육지원청,2016-08-12,2016-08-12,7097,2026-03-20
Z000105526,웅동초통학구역,0,48,129,9010000,경상남도교육청,9022000,경상남도창원교육지원청,2016-08-12,2016-08-12,3619,2026-03-20
Z000100829,신진초통학구역,0,26,710,7150000,부산광역시교육청,7211000,부산광역시해운대교육지원청,2016-08-12,2016-08-12,209,2026-03-20
Z000104317,봉남초통학구역,0,52,210,8321000,전북특별자치도교육청,8382000,전북특별자치도김제교육지원청,2016-08-12,2024-02-23,4164,2026-03-20
Z000104169,술산초통학구역,0,52,130,8321000,전북특별자치도교육청,8342000,전북특별자치도군산교육지원청,2016-08-12,2024-02-23,4766,2026-03-20
Z000104176,옥산초통학구역,0,52,130,8321000,전북특별자치도교육청,8342000,전북특별자치도군산교육지원청,2016-08-12,2024-02-23,2163,2026-03-20
Z000104155,나포초통학구역,0,52,130,8321000,전북특별자치도교육청,8342000,전북특별자치도군산교육지원청,2016-08-12,2024-02-23,4117,2026-03-20
Z000105766,칠천초통학구역,0,48,310,9010000,경상남도교육청,9111000,경상남도거제교육지원청,2016-08-12,2016-08-12,752,2026-03-20
Z000105868,철성초통학구역,0,48,820,9010000,경상남도교육청,9161000,경상남도고성교육지원청,2016-08-12,2016-08-12,2077,2026-03-20
Z000104514,백초초통학구역,0,46,130,8490000,전라남도교육청,8511000,전라남도여수교육지원청,2016-08-12,2016-08-12,1961,2026-03-20
Z000105725,송진초통학구역,0,48,270,9010000,경상남도교육청,9101000,경상남도밀양교육지원청,2016-08-12,2016-08-12,2943,2026-03-20
Z000104454,부안남초통학구역,0,52,800,8321000,전북특별자치도교육청,8462000,전북특별자치도부안교육지원청,2016-08-12,2024-02-23,4570,2026-03-20
Z000100722,청룡초통학구역,0,26,410,7150000,부산광역시교육청,7191000,부산광역시동래교육지원청,2016-08-12,2016-08-12,3742,2026-03-20
Z000104879,노화북초통학구역,0,46,890,8490000,전라남도교육청,8701000,전라남도완도교육지원청,2016-08-12,2016-08-12,3012,2026-03-20
Z000100195,서울신학초통학구역,0,11,320,7010000,서울특별시교육청,7051000,서울특별시북부교육지원청,2016-08-12,2016-08-12,3716,2026-03-20
Z000100093,서울증산초통학구역,0,11,380,7010000,서울특별시교육청,7031000,서울특별시서부교육지원청,2016-08-12,2018-01-07,807,2026-03-20
Z000105740,동부초율포분교장통학구역,0,48,310,9010000,경상남도교육청,9111000,경상남도거제교육지원청,2016-08-12,2016-08-12,4325,2026-03-20
Z000104630,왕곡초통학구역,0,46,170,8490000,전라남도교육청,8531000,전라남도나주교육지원청,2016-08-12,2016-08-12,3327,2026-03-20
Z000100150,서울영문초통학구역,0,11,560,7010000,서울특별시교육청,7041000,서울특별시남부교육지원청,2016-08-12,2016-08-12,4765,2026-03-20
Z000101021,대구용산초통학구역,0,27,290,7240000,대구광역시교육청,7271000,대구광역시남부교육지원청,2016-08-12,2016-08-12,2046,2026-03-20
Z000100913,대구중앙초통학구역,0,27,260,7240000,대구광역시교육청,7251000,대구광역시동부교육지원청,2016-08-12,2017-06-23,4326,2026-03-20
Z000105663,김해대곡초통학구역,0,48,250,9010000,경상남도교육청,9091000,경상남도김해교육지원청,2016-08-12,2016-08-12,474,2026-03-20
Z000104356,용진초통학구역,0,52,710,8321000,전북특별자치도교육청,8392000,전북특별자치도완주교육지원청,2016-08-12,2024-02-23,7053,2026-03-20
Z000100457,서울봉천초통학구역,0,11,620,7010000,서울특별시교육청,7132000,서울특별시동작관악교육지원청,2016-08-12,2016-08-12,1620,2026-03-20
Z000100213,서울창경초통학구역,0,11,320,7010000,서울특별시교육청,7051000,서울특별시북부교육지원청,2016-08-12,2016-08-12,1844,2026-03-20
Z000101370,신용초통학구역,0,29,170,7380000,광주광역시교육청,7391000,광주광역시동부교육지원청,2016-08-12,2016-08-12,3571,2026-03-20
Z000101410,마재초통학구역,0,29,140,7380000,광주광역시교육청,7401000,광주광역시서부교육지원청,2016-08-12,2016-08-12,900,2026-03-20
Z000104851,불갑초통학구역,0,46,870,8490000,전라남도교육청,8681000,전라남도영광교육지원청,2016-08-12,2016-08-12,5655,2026-03-20
Z000100937,대구달산초통학구역,0,27,230,7240000,대구광역시교육청,7261000,대구광역시서부교육지원청,2016-08-12,2016-08-12,5075,2026-03-20
Z000105894,악양초통학구역,0,48,850,9010000,경상남도교육청,9181000,경상남도하동교육지원청,2016-08-12,2016-08-12,5509,2026-03-20
Z000104458,우덕초통학구역,0,52,800,8321000,전북특별자치도교육청,8462000,전북특별자치도부안교육지원청,2016-08-12,2024-02-23,3936,2026-03-20
Z000104319,비룡초통학구역,0,52,210,8321000,전북특별자치도교육청,8382000,전북특별자치도김제교육지원청,2016-08-12,2024-02-23,6811,2026-03-20
Z000104457,영전초통학구역,0,52,800,8321000,전북특별자치도교육청,8462000,전북특별자치도부안교육지원청,2016-08-12,2024-02-23,5708,2026-03-20
Z000104688,중동초통학구역,0,46,730,8490000,전라남도교육청,8581000,전라남도구례교육지원청,2016-08-12,2016-08-12,3720,2026-03-20
Z000104686,용방초통학구역,0,46,730,8490000,전라남도교육청,8581000,전라남도구례교육지원청,2016-08-12,2016-08-12,6624,2026-03-20
Z000104677,오산초통학구역,0,46,720,8490000,전라남도교육청,8571000,전라남도곡성교육지원청,2016-08-12,2016-08-12,4450,2026-03-20
Z000104325,월성초통학구역,0,52,210,8321000,전북특별자치도교육청,8382000,전북특별자치도김제교육지원청,2016-08-12,2024-02-23,2061,2026-03-20
Z000104669,용면초통학구역,0,46,710,8490000,전라남도교육청,8561000,전라남도담양교육지원청,2016-08-12,2016-08-12,878,2026-03-20
Z000104659,고서초통학구역,0,46,710,8490000,전라남도교육청,8561000,전라남도담양교육지원청,2016-08-12,2016-08-12,3402,2026-03-20
Z000104283,남원왕치초통학구역,0,52,190,8321000,전북특별자치도교육청,8372000,전북특별자치도남원교육지원청,2016-08-12,2024-02-23,6062,2026-03-20
Z000104712,풍양초통학구역,0,46,770,8490000,전라남도교육청,8591000,전라남도고흥교육지원청,2016-08-12,2016-08-12,3993,2026-03-20
Z000104186,다송초통학구역,0,52,140,8321000,전북특별자치도교육청,8352000,전북특별자치도익산교육지원청,2016-08-12,2024-02-23,5849,2026-03-20
Z000104332,초처초통학구역,0,52,210,8321000,전북특별자치도교육청,8382000,전북특별자치도김제교육지원청,2016-08-12,2024-02-23,4156,2026-03-20
Z000150612,가회초삼가초공동통학구역,1,48,890,9010000,경상남도교육청,9221000,경상남도합천교육지원청,2016-08-12,2016-08-12,4903,2026-03-20
Z000105776,유곡초통학구역,0,48,720,9010000,경상남도교육청,9121000,경상남도의령교육지원청,2016-08-12,2016-08-12,3845,2026-03-20
Z000104534,여도초통학구역,0,46,130,8490000,전라남도교육청,8511000,전라남도여수교육지원청,2016-08-12,2016-08-12,4366,2026-03-20
Z000104902,의신초접도분교장통학구역,0,46,900,8490000,전라남도교육청,8711000,전라남도진도교육지원청,2016-08-12,2016-08-12,2939,2026-03-20
Z000105778,정곡초통학구역,0,48,720,9010000,경상남도교육청,9121000,경상남도의령교육지원청,2016-08-12,2016-08-12,1866,2026-03-20
Z000102626,자유초통학구역,0,41,480,7530000,경기도교육청,7681000,경기도파주교육지원청,2016-08-12,2019-12-18,4890,2026-03-20
Z000105770,낙서초통학구역,0,48,720,9010000,경상남도교육청,9121000,경상남도의령교육지원청,2016-08-12,2016-08-12,95,2026-03-20
Z000104452,백산초통학구역,0,52,800,8321000,전북특별자치도교육청,8462000,전북특별자치도부안교육지원청,2016-08-12,2024-02-23,7065,2026-03-20
Z000101677,화봉초통학구역,0,31,200,7480000,울산광역시교육청,7491000,울산광역시강북교육지원청,2016-08-12,2018-12-20,2916,2026-03-20
Z000104531,안일초백야분교장통학구역,0,46,130,8490000,전라남도교육청,8511000,전라남도여수교육지원청,2016-08-12,2016-08-12,1404,2026-03-20
Z000101022,대구용전초통학구역,0,27,290,7240000,대구광역시교육청,7271000,대구광역시남부교육지원청,2016-08-12,2016-08-12,4715,2026-03-20
Z000100797,교리초통학구역,0,26,710,7150000,부산광역시교육청,7211000,부산광역시해운대교육지원청,2016-08-12,2016-08-12,1330,2026-03-20
Z000100833,월내초통학구역,0,26,710,7150000,부산광역시교육청,7211000,부산광역시해운대교육지원청,2016-08-12,2016-08-12,846,2026-03-20
Z000100845,좌천초통학구역,0,26,710,7150000,부산광역시교육청,7211000,부산광역시해운대교육지원청,2016-08-12,2016-08-12,6699,2026-03-20
Z000100162,서울정심초통학구역,0,11,545,7010000,서울특별시교육청,7041000,서울특별시남부교육지원청,2016-08-12,2016-08-12,3591,2026-03-20
Z000104730,능주초통학구역,0,46,790,8490000,전라남도교육청,8611000,전라남도화순교육지원청,2016-08-12,2016-08-12,2379,2026-03-20
Z000105459,교동초통학구역,0,48,127,9010000,경상남도교육청,9022000,경상남도창원교육지원청,2016-08-12,2016-08-12,4199,2026-03-20
Z000101714,수암초통학구역,0,31,140,7480000,울산광역시교육청,7501000,울산광역시강남교육지원청,2016-08-12,2017-02-17,2631,2026-03-20
Z000100588,승학초통학구역,0,26,380,7150000,부산광역시교육청,7171000,부산광역시서부교육지원청,2016-08-12,2016-08-12,4355,2026-03-20
Z000104550,여수중앙초통학구역,0,46,130,8490000,전라남도교육청,8511000,전라남도여수교육지원청,2016-08-12,2018-05-14,6359,2026-03-20
Z000100912,대구종로초통학구역,0,27,110,7240000,대구광역시교육청,7251000,대구광역시동부교육지원청,2016-08-12,2017-02-22,6853,2026-03-20
Z000105595,이반성초통학구역,0,48,170,9010000,경상남도교육청,9051000,경상남도진주교육지원청,2016-08-12,2016-08-12,4736,2026-03-20
Z000100887,대구범일초통학구역,0,27,260,7240000,대구광역시교육청,7251000,대구광역시동부교육지원청,2016-08-12,2017-06-23,744,2026-03-20
Z000104142,군산신풍초통학구역,0,52,130,8321000,전북특별자치도교육청,8342000,전북특별자치도군산교육지원청,2016-08-12,2024-02-23,5101,2026-03-20
Z000104135,군산미성초통학구역,0,52,130,8321000,전북특별자치도교육청,8342000,전북특별자치도군산교육지원청,2016-08-12,2024-02-23,3323,2026-03-20
Z000104741,한천초통학구역,0,46,790,8490000,전라남도교육청,8611000,전라남도화순교육지원청,2016-08-12,2016-08-12,5328,2026-03-20
Z000100987,대구남명초통학구역,0,27,200,7240000,대구광역시교육청,7271000,대구광역시남부교육지원청,2016-08-12,2016-08-12,6847,2026-03-20
Z000100749,덕천초통학구역,0,26,320,7150000,부산광역시교육청,7201000,부산광역시북부교육지원청,2016-08-12,2016-08-12,769,2026-03-20
Z000100633,부산진초통학구역,0,26,230,7150000,부산광역시교육청,7181000,부산광역시남부교육지원청,2016-08-12,2016-08-12,1000,2026-03-20
Z000150413,도안초삼보초증평초공동통학구역,1,43,745,8000000,충청북도교육청,8092000,충청북도괴산증평교육지원청,2016-08-12,2020-01-03,3724,2026-03-20
Z000150665,증평초보광초공동통학구역,1,43,745,8000000,충청북도교육청,8092000,충청북도괴산증평교육지원청,2018-02-23,2020-01-03,3722,2026-03-20
Z000150805,증평초보광초청안초공동(일방)통학구역,1,43,745,8000000,충청북도교육청,8092000,충청북도괴산증평교육지원청,2020-01-03,2020-01-03,5503,2026-03-20
Z000104928,임자초통학구역,0,46,910,8490000,전라남도교육청,8721000,전라남도신안교육지원청,2016-08-12,2016-08-12,1076,2026-03-20
Z000100052,서울마포초통학구역,0,11,440,7010000,서울특별시교육청,7031000,서울특별시서부교육지원청,2016-08-12,2016-08-12,6048,2026-03-20
Z000100923,대구효동초통학구역,0,27,140,7240000,대구광역시교육청,7251000,대구광역시동부교육지원청,2016-08-12,2017-02-27,6986,2026-03-20
Z000104414,복흥초통학구역,0,52,770,8321000,전북특별자치도교육청,8442000,전북특별자치도순창교육지원청,2016-08-12,2024-02-23,580,2026-03-20
Z000104421,인계초통학구역,0,52,770,8321000,전북특별자치도교육청,8442000,전북특별자치도순창교육지원청,2016-08-12,2024-02-23,874,2026-03-20
Z000104743,화순오성초통학구역,0,46,790,8490000,전라남도교육청,8611000,전라남도화순교육지원청,2016-08-12,2016-08-12,3267,2026-03-20
Z000100643,성전초통학구역,0,26,230,7150000,부산광역시교육청,7181000,부산광역시남부교육지원청,2016-08-12,2016-08-12,3692,2026-03-20
Z000100645,성천초통학구역,0,26,290,7150000,부산광역시교육청,7181000,부산광역시남부교육지원청,2016-08-12,2016-08-12,1004,2026-03-20
Z000100703,수안초통학구역,0,26,260,7150000,부산광역시교육청,7191000,부산광역시동래교육지원청,2016-08-12,2016-08-12,3697,2026-03-20
Z000104190,석불초통학구역,0,52,140,8321000,전북특별자치도교육청,8352000,전북특별자치도익산교육지원청,2016-08-12,2024-02-23,1846,2026-03-20
Z000105744,사등초통학구역,0,48,310,9010000,경상남도교육청,9111000,경상남도거제교육지원청,2016-08-12,2016-08-12,2406,2026-03-20
Z000105831,소토초통학구역,0,48,330,9010000,경상남도교육청,9151000,경상남도양산교육지원청,2016-08-12,2016-08-12,1967,2026-03-20
Z000104863,삼서초통학구역,0,46,880,8490000,전라남도교육청,8691000,전라남도장성교육지원청,2016-08-12,2016-08-12,6586,2026-03-20
Z000104385,안성초통학구역,0,52,730,8321000,전북특별자치도교육청,8412000,전북특별자치도무주교육지원청,2016-08-12,2024-02-23,169,2026-03-20
Z000100831,운봉초통학구역,0,26,350,7150000,부산광역시교육청,7211000,부산광역시해운대교육지원청,2016-08-12,2016-08-12,4668,2026-03-20
Z000100675,구서초통학구역,0,26,410,7150000,부산광역시교육청,7191000,부산광역시동래교육지원청,2016-08-12,2016-08-12,6325,2026-03-20
Z000100031,서울중목초통학구역,0,11,260,7010000,서울특별시교육청,7021000,서울특별시동부교육지원청,2016-08-12,2016-08-12,989,2026-03-20
Z000100050,서울대조초통학구역,0,11,380,7010000,서울특별시교육청,7031000,서울특별시서부교육지원청,2016-08-12,2016-08-12,820,2026-03-20
Z000100126,서울동구로초통학구역,0,11,530,7010000,서울특별시교육청,7041000,서울특별시남부교육지원청,2016-08-12,2016-08-12,3003,2026-03-20
Z000100378,서울정곡초통학구역,0,11,500,7010000,서울특별시교육청,7081300,서울특별시강서양천교육지원청,2016-08-12,2016-08-12,1734,2026-03-20
Z000100748,덕양초통학구역,0,26,320,7150000,부산광역시교육청,7201000,부산광역시북부교육지원청,2016-08-12,2016-08-12,1376,2026-03-20
Z000100975,대구팔달초통학구역,0,27,230,7240000,대구광역시교육청,7261000,대구광역시서부교육지원청,2016-08-12,2016-08-12,1490,2026-03-20
Z000100030,서울중랑초통학구역,0,11,260,7010000,서울특별시교육청,7021000,서울특별시동부교육지원청,2016-08-12,2016-08-12,4395,2026-03-20
Z000100048,서울대신초통학구역,0,11,410,7010000,서울특별시교육청,7031000,서울특별시서부교육지원청,2016-08-12,2016-08-12,6479,2026-03-20
Z000104570,별량초통학구역,0,46,150,8490000,전라남도교육청,8521000,전라남도순천교육지원청,2016-08-12,2016-08-12,3858,2026-03-20
Z000104448,동북초통학구역,0,52,800,8321000,전북특별자치도교육청,8462000,전북특별자치도부안교육지원청,2016-08-12,2024-02-23,4793,2026-03-20
Z000104189,삼기초통학구역,0,52,140,8321000,전북특별자치도교육청,8352000,전북특별자치도익산교육지원청,2016-08-12,2024-02-23,5056,2026-03-20
Z000104689,청천초통학구역,0,46,730,8490000,전라남도교육청,8581000,전라남도구례교육지원청,2016-08-12,2016-08-12,909,2026-03-20
Z000104687,원촌초통학구역,0,46,730,8490000,전라남도교육청,8581000,전라남도구례교육지원청,2016-08-12,2016-08-12,416,2026-03-20
Z000104682,광의초통학구역,0,46,730,8490000,전라남도교육청,8581000,전라남도구례교육지원청,2016-08-12,2016-08-12,907,2026-03-20
Z000104680,죽곡초통학구역,0,46,720,8490000,전라남도교육청,8571000,전라남도곡성교육지원청,2016-08-12,2016-08-12,4313,2026-03-20
Z000104660,금성초통학구역,0,46,710,8490000,전라남도교육청,8561000,전라남도담양교육지원청,2016-08-12,2016-08-12,3444,2026-03-20
Z000104619,동강초통학구역,0,46,170,8490000,전라남도교육청,8531000,전라남도나주교육지원청,2016-08-12,2016-08-12,1201,2026-03-20
Z000104652,옥곡초통학구역,0,46,230,8490000,전라남도교육청,8551000,전라남도광양교육지원청,2016-08-12,2016-08-12,7018,2026-03-20
Z000104173,오봉초통학구역,0,52,130,8321000,전북특별자치도교육청,8342000,전북특별자치도군산교육지원청,2016-08-12,2024-02-23,683,2026-03-20
Z000101710,상북초통학구역,0,31,710,7480000,울산광역시교육청,7501000,울산광역시강남교육지원청,2016-08-12,2016-08-12,1064,2026-03-20
Z000104290,산내초통학구역,0,52,190,8321000,전북특별자치도교육청,8372000,전북특별자치도남원교육지원청,2016-08-12,2024-02-23,1407,2026-03-20
Z000101059,대구반송초통학구역,0,27,710,7240000,대구광역시교육청,7281000,대구광역시달성교육지원청,2016-08-12,2016-08-12,3152,2026-03-20
Z000102164,시흥월곶초통학구역,0,41,390,7530000,경기도교육청,7781000,경기도시흥교육지원청,2016-08-12,2017-02-14,4687,2026-03-20
Z000100832,운송초통학구역,0,26,350,7150000,부산광역시교육청,7211000,부산광역시해운대교육지원청,2016-08-12,2018-04-04,204,2026-03-20
Z000100072,서울신북초통학구역,0,11,440,7010000,서울특별시교육청,7031000,서울특별시서부교육지원청,2016-08-12,2016-08-23,923,2026-03-20
Z000100773,신천초통학구역,0,26,320,7150000,부산광역시교육청,7201000,부산광역시북부교육지원청,2016-08-12,2016-08-12,6096,2026-03-20
Z000105564,가람초통학구역,0,48,170,9010000,경상남도교육청,9051000,경상남도진주교육지원청,2016-08-12,2016-08-12,3189,2026-03-20
Z000100841,정관초통학구역,0,26,710,7150000,부산광역시교육청,7211000,부산광역시해운대교육지원청,2016-08-12,2018-02-07,1998,2026-03-20
Z000100451,서울대림초통학구역,0,11,590,7010000,서울특별시교육청,7132000,서울특별시동작관악교육지원청,2016-08-12,2016-08-12,2359,2026-03-20
Z000105826,상북초통학구역,0,48,330,9010000,경상남도교육청,9151000,경상남도양산교육지원청,2016-08-12,2016-08-12,4605,2026-03-20
Z000150483,고달초곡성중앙초공동통학구역,1,46,720,8490000,전라남도교육청,8571000,전라남도곡성교육지원청,2016-08-12,2016-08-12,6510,2026-03-20
Z000104391,산서초통학구역,0,52,740,8321000,전북특별자치도교육청,8422000,전북특별자치도장수교육지원청,2016-08-12,2024-02-23,6626,2026-03-20
Z000101684,격동초통학구역,0,31,140,7480000,울산광역시교육청,7501000,울산광역시강남교육지원청,2016-08-12,2016-08-12,3510,2026-03-20
Z000104344,동양초통학구역,0,52,710,8321000,전북특별자치도교육청,8392000,전북특별자치도완주교육지원청,2016-08-12,2024-02-23,5767,2026-03-20
Z000104475,목포산정초통학구역,0,46,110,8490000,전라남도교육청,8501000,전라남도목포교육지원청,2016-08-12,2016-08-12,4973,2026-03-20
Z000100561,구덕초통학구역,0,26,140,7150000,부산광역시교육청,7171000,부산광역시서부교육지원청,2016-08-12,2016-08-12,2310,2026-03-20
Z000150031,서울대도초서울도곡초공동통학구역,1,11,680,7010000,서울특별시교육청,7091300,서울특별시강남서초교육지원청,2016-08-12,2016-08-12,7134,2026-03-20
Z000104681,간문초통학구역,0,46,730,8490000,전라남도교육청,8581000,전라남도구례교육지원청,2016-08-12,2016-08-12,4103,2026-03-20
Z000105567,관봉초통학구역,0,48,170,9010000,경상남도교육청,9051000,경상남도진주교육지원청,2016-08-12,2016-08-12,859,2026-03-20
Z000105613,사량초통학구역,0,48,220,9010000,경상남도교육청,9071000,경상남도통영교육지원청,2016-08-12,2016-08-12,1575,2026-03-20
Z000105592,신안초통학구역,0,48,170,9010000,경상남도교육청,9051000,경상남도진주교육지원청,2016-08-12,2016-08-12,1314,2026-03-20
Z000101742,호연초통학구역,0,31,710,7480000,울산광역시교육청,7501000,울산광역시강남교육지원청,2016-08-12,2016-08-12,5793,2026-03-20
Z000105616,산양초풍화분교장통학구역,0,48,220,9010000,경상남도교육청,9071000,경상남도통영교육지원청,2016-08-12,2016-08-12,4559,2026-03-20
Z000104896,군내북초통학구역,0,46,900,8490000,전라남도교육청,8711000,전라남도진도교육지원청,2016-08-12,2016-08-12,4717,2026-03-20
Z000104840,학다리중앙초통학구역,0,46,860,8490000,전라남도교육청,8671000,전라남도함평교육지원청,2016-08-12,2016-08-12,2134,2026-03-20
Z000104417,시산초통학구역,0,52,770,8321000,전북특별자치도교육청,8442000,전북특별자치도순창교육지원청,2016-08-12,2024-02-23,4161,2026-03-20
Z000104185,낭산초통학구역,0,52,140,8321000,전북특별자치도교육청,8352000,전북특별자치도익산교육지원청,2016-08-12,2024-02-23,2685,2026-03-20
Z000104402,성수초통학구역,0,52,750,8321000,전북특별자치도교육청,8432000,전북특별자치도임실교육지원청,2016-08-12,2024-02-23,3248,2026-03-20
Z000100854,해원초통학구역,0,26,350,7150000,부산광역시교육청,7211000,부산광역시해운대교육지원청,2016-08-12,2018-10-02,3764,2026-03-20
Z000100792,화정초통학구역,0,26,320,7150000,부산광역시교육청,7201000,부산광역시북부교육지원청,2016-08-12,2016-08-12,1667,2026-03-20
Z000100747,덕성초통학구역,0,26,320,7150000,부산광역시교육청,7201000,부산광역시북부교육지원청,2016-08-12,2016-08-12,502,2026-03-20
Z000105697,이작초통학구역,0,48,250,9010000,경상남도교육청,9091000,경상남도김해교육지원청,2016-08-12,2016-08-12,2947,2026-03-20
Z000150627,금오초형일초공동통학구역,1,47,190,8750000,경상북도교육청,8801000,경상북도구미교육지원청,2017-01-02,2017-01-02,6482,2026-03-20
Z000104200,용남초통학구역,0,52,140,8321000,전북특별자치도교육청,8352000,전북특별자치도익산교육지원청,2016-08-12,2024-02-23,5915,2026-03-20
Z000100847,철마초통학구역,0,26,710,7150000,부산광역시교육청,7211000,부산광역시해운대교육지원청,2016-08-12,2016-08-12,1094,2026-03-20
Z000104205,웅포초통학구역,0,52,140,8321000,전북특별자치도교육청,8352000,전북특별자치도익산교육지원청,2016-08-12,2024-02-23,5247,2026-03-20
Z000104829,현경북초통학구역,0,46,840,8490000,전라남도교육청,8661000,전라남도무안교육지원청,2016-08-12,2016-08-12,4968,2026-03-20
Z000104110,전주중앙초통학구역,0,52,111,8321000,전북특별자치도교육청,8332000,전북특별자치도전주교육지원청,2016-08-12,2024-02-23,3538,2026-03-20
Z000100735,금창초통학구역,0,26,320,7150000,부산광역시교육청,7201000,부산광역시북부교육지원청,2016-08-12,2016-08-12,4072,2026-03-20
Z000100771,신금초통학구역,0,26,320,7150000,부산광역시교육청,7201000,부산광역시북부교육지원청,2016-08-12,2016-08-12,3448,2026-03-20
Z000104796,구림초통학구역,0,46,830,8490000,전라남도교육청,8651000,전라남도영암교육지원청,2016-08-12,2016-08-12,633,2026-03-20
Z000100713,연신초통학구역,0,26,470,7150000,부산광역시교육청,7191000,부산광역시동래교육지원청,2016-08-12,2016-08-12,3741,2026-03-20
Z000104706,봉래초통학구역,0,46,770,8490000,전라남도교육청,8591000,전라남도고흥교육지원청,2016-08-12,2016-08-12,3585,2026-03-20
Z000104923,압해동초통학구역,0,46,910,8490000,전라남도교육청,8721000,전라남도신안교육지원청,2016-08-12,2016-08-12,2328,2026-03-20
Z000104916,신의초통학구역,0,46,910,8490000,전라남도교육청,8721000,전라남도신안교육지원청,2016-08-12,2016-08-12,4651,2026-03-20
Z000104930,장산초통학구역,0,46,910,8490000,전라남도교육청,8721000,전라남도신안교육지원청,2016-08-12,2016-08-12,3760,2026-03-20
Z000104342,대덕초통학구역,0,52,710,8321000,전북특별자치도교육청,8392000,전북특별자치도완주교육지원청,2016-08-12,2024-02-23,6277,2026-03-20
Z000104333,치문초통학구역,0,52,210,8321000,전북특별자치도교육청,8382000,전북특별자치도김제교육지원청,2016-08-12,2024-02-23,5161,2026-03-20
Z000105468,대방초통학구역,0,48,123,9010000,경상남도교육청,9022000,경상남도창원교육지원청,2016-08-12,2016-08-12,5823,2026-03-20
Z000101639,명정초통학구역,0,31,110,7480000,울산광역시교육청,7491000,울산광역시강북교육지원청,2016-08-12,2016-08-12,1749,2026-03-20
Z000100892,대구새론초통학구역,0,27,140,7240000,대구광역시교육청,7251000,대구광역시동부교육지원청,2016-08-12,2017-06-23,5379,2026-03-20
Z000104282,남원서원초통학구역,0,52,190,8321000,전북특별자치도교육청,8372000,전북특별자치도남원교육지원청,2016-08-12,2024-02-23,4737,2026-03-20
Z000105902,화개초통학구역,0,48,850,9010000,경상남도교육청,9181000,경상남도하동교육지원청,2016-08-12,2016-08-12,779,2026-03-20
Z000100882,대구명덕초통학구역,0,27,110,7240000,대구광역시교육청,7251000,대구광역시동부교육지원청,2016-08-12,2018-02-22,4205,2026-03-20
Z000104490,목포용호초통학구역,0,46,110,8490000,전라남도교육청,8501000,전라남도목포교육지원청,2016-08-12,2016-08-12,3205,2026-03-20
Z000101711,서생초통학구역,0,31,710,7480000,울산광역시교육청,7501000,울산광역시강남교육지원청,2016-08-12,2016-08-12,5562,2026-03-20
Z000105581,미천초통학구역,0,48,170,9010000,경상남도교육청,9051000,경상남도진주교육지원청,2016-08-12,2016-08-12,3521,2026-03-20
Z000104369,안천초통학구역,0,52,720,8321000,전북특별자치도교육청,8402000,전북특별자치도진안교육지원청,2016-08-12,2024-02-23,1950,2026-03-20
Z000104874,금당초통학구역,0,46,890,8490000,전라남도교육청,8701000,전라남도완도교육지원청,2016-08-12,2016-08-12,2510,2026-03-20
Z000104885,생영초통학구역,0,46,890,8490000,전라남도교육청,8701000,전라남도완도교육지원청,2016-08-12,2016-08-12,3707,2026-03-20
Z000104870,진원초통학구역,0,46,880,8490000,전라남도교육청,8691000,전라남도장성교육지원청,2016-08-12,2016-08-12,890,2026-03-20
Z000150708,인제초귀둔초공동통학구역,1,51,810,7801000,강원특별자치도교육청,7962000,강원특별자치도인제교육지원청,2018-10-11,2018-10-11,672,2026-03-20
Z000100535,서울송천초통학구역,0,11,305,7010000,서울특별시교육청,7121200,서울특별시성북강북교육지원청,2016-08-12,2019-01-19,6341,2026-03-20
Z000100173,서울당현초통학구역,0,11,350,7010000,서울특별시교육청,7051000,서울특별시북부교육지원청,2016-08-12,2016-08-12,4481,2026-03-20
Z000150772,김포한가람초나비초공동통학구역,1,41,570,7530000,경기도교육청,7771000,경기도김포교육지원청,2020-01-17,2020-01-17,352,2026-03-20
Z000100049,서울대은초통학구역,0,11,380,7010000,서울특별시교육청,7031000,서울특별시서부교육지원청,2016-08-12,2016-08-12,2358,2026-03-20
Z000105803,대지초통학구역,0,48,740,9010000,경상남도교육청,9141000,경상남도창녕교육지원청,2016-08-12,2019-12-11,703,2026-03-20
Z000150790,창녕초유어초공동통학구역,1,48,740,9010000,경상남도교육청,9141000,경상남도창녕교육지원청,2019-12-11,2019-12-11,3388,2026-03-20
Z000104528,신풍초통학구역,0,46,130,8490000,전라남도교육청,8511000,전라남도여수교육지원청,2016-08-12,2019-12-11,1399,2026-03-20
Z000104398,대리초통학구역,0,52,750,8321000,전북특별자치도교육청,8432000,전북특별자치도임실교육지원청,2016-08-12,2024-02-23,5759,2026-03-20
Z000105718,산내남명초통학구역,0,48,270,9010000,경상남도교육청,9101000,경상남도밀양교육지원청,2016-08-12,2016-08-12,4356,2026-03-20
Z000101679,화정초통학구역,0,31,170,7480000,울산광역시교육청,7491000,울산광역시강북교육지원청,2016-08-12,2016-08-12,1121,2026-03-20
Z000150066,광주남초광주방림초공동통학구역,1,29,110,7380000,광주광역시교육청,7391000,광주광역시동부교육지원청,2016-08-12,2018-02-06,1424,2026-03-20
Z000103381,남이초통학구역,0,43,112,8000000,충청북도교육청,8011000,충청북도청주교육지원청,2016-08-12,2016-08-12,4881,2026-03-20
Z000106068,안덕초통학구역,0,50,130,9290000,제주특별자치도교육청,9299000,제주특별자치도서귀포시교육지원청,2016-08-12,2016-08-12,5852,2026-03-20
Z000103519,청풍초통학구역,0,43,150,8000000,충청북도교육청,8031000,충청북도제천교육지원청,2016-08-12,2016-08-12,866,2026-03-20
Z000150420,남신초하당초공동통학구역,1,43,770,8000000,충청북도교육청,8101000,충청북도음성교육지원청,2016-08-12,2016-08-12,4111,2026-03-20
Z000105753,오량초통학구역,0,48,310,9010000,경상남도교육청,9111000,경상남도거제교육지원청,2016-08-12,2016-08-12,3153,2026-03-20
Z000100458,서울봉현초통학구역,0,11,620,7010000,서울특별시교육청,7132000,서울특별시동작관악교육지원청,2016-08-12,2016-08-12,3395,2026-03-20
Z000100795,광남초통학구역,0,26,500,7150000,부산광역시교육청,7211000,부산광역시해운대교육지원청,2016-08-12,2016-08-12,1989,2026-03-20
Z000104310,김제초통학구역,0,52,210,8321000,전북특별자치도교육청,8382000,전북특별자치도김제교육지원청,2016-08-12,2024-02-23,3483,2026-03-20
Z000150074,광주효덕초효천초공동통학구역,1,29,155,7380000,광주광역시교육청,7401000,광주광역시서부교육지원청,2016-08-12,2018-02-07,914,2026-03-20
Z000104093,전주온빛초통학구역,0,52,113,8321000,전북특별자치도교육청,8332000,전북특별자치도전주교육지원청,2016-08-12,2024-02-23,6996,2026-03-20
Z000104305,금산초통학구역,0,52,210,8321000,전북특별자치도교육청,8382000,전북특별자치도김제교육지원청,2016-08-12,2024-02-23,5108,2026-03-20
Z000104336,황산초통학구역,0,52,210,8321000,전북특별자치도교육청,8382000,전북특별자치도김제교육지원청,2016-08-12,2024-02-23,5914,2026-03-20
Z000104368,송풍초통학구역,0,52,720,8321000,전북특별자치도교육청,8402000,전북특별자치도진안교육지원청,2016-08-12,2024-02-23,4508,2026-03-20
Z000105872,고현초통학구역,0,48,840,9010000,경상남도교육청,9171000,경상남도남해교육지원청,2016-08-12,2016-08-12,6678,2026-03-20
Z000104561,화양초통학구역,0,46,130,8490000,전라남도교육청,8511000,전라남도여수교육지원청,2016-08-12,2016-08-12,4106,2026-03-20
Z000104474,목포북교초통학구역,0,46,110,8490000,전라남도교육청,8501000,전라남도목포교육지원청,2016-08-12,2016-08-12,521,2026-03-20
Z000104667,봉산초통학구역,0,46,710,8490000,전라남도교육청,8561000,전라남도담양교육지원청,2016-08-12,2016-08-12,5916,2026-03-20
Z000105674,대감초통학구역,0,48,250,9010000,경상남도교육청,9091000,경상남도김해교육지원청,2016-08-12,2016-08-17,3446,2026-03-20
Z000105533,자여초통학구역,0,48,121,9010000,경상남도교육청,9022000,경상남도창원교육지원청,2016-08-12,2016-08-12,4946,2026-03-20
Z000105532,일동초통학구역,0,48,121,9010000,경상남도교육청,9022000,경상남도창원교육지원청,2016-08-12,2016-08-12,4065,2026-03-20
Z000105765,창호초통학구역,0,48,310,9010000,경상남도교육청,9111000,경상남도거제교육지원청,2016-08-12,2016-08-12,2407,2026-03-20
Z000150554,내동초대원초공동통학구역,1,48,121,9010000,경상남도교육청,9022000,경상남도창원교육지원청,2016-08-12,2016-08-12,6988,2026-03-20
Z000104571,상사초통학구역,0,46,150,8490000,전라남도교육청,8521000,전라남도순천교육지원청,2016-08-12,2016-08-12,6635,2026-03-20
Z000104449,동진초통학구역,0,52,800,8321000,전북특별자치도교육청,8462000,전북특별자치도부안교육지원청,2016-08-12,2024-02-23,421,2026-03-20
Z000104445,격포초통학구역,0,52,800,8321000,전북특별자치도교육청,8462000,전북특별자치도부안교육지원청,2016-08-12,2024-02-23,3234,2026-03-20
Z000150055,양덕초양천초공동통학구역,1,26,320,7150000,부산광역시교육청,7201000,부산광역시북부교육지원청,2016-08-12,2016-08-12,771,2026-03-20
Z000104287,덕과초통학구역,0,52,190,8321000,전북특별자치도교육청,8372000,전북특별자치도남원교육지원청,2016-08-12,2024-02-23,2977,2026-03-20
Z000104296,운봉초통학구역,0,52,190,8321000,전북특별자치도교육청,8372000,전북특별자치도남원교육지원청,2016-08-12,2024-02-23,166,2026-03-20
Z000104323,용지초통학구역,0,52,210,8321000,전북특별자치도교육청,8382000,전북특별자치도김제교육지원청,2016-08-12,2024-02-23,5048,2026-03-20
Z000105703,진례초통학구역,0,48,250,9010000,경상남도교육청,9091000,경상남도김해교육지원청,2016-08-12,2016-08-12,5385,2026-03-20
Z000104328,죽산초통학구역,0,52,210,8321000,전북특별자치도교육청,8382000,전북특별자치도김제교육지원청,2016-08-12,2024-02-23,6203,2026-03-20
Z000104420,유등초통학구역,0,52,770,8321000,전북특별자치도교육청,8442000,전북특별자치도순창교육지원청,2016-08-12,2024-02-23,1214,2026-03-20
Z000103581,초평초통학구역,0,43,750,8000000,충청북도교육청,8081000,충청북도진천교육지원청,2016-08-12,2017-02-10,2719,2026-03-20
Z000105479,마산중앙초통학구역,0,48,127,9010000,경상남도교육청,9022000,경상남도창원교육지원청,2016-08-12,2016-08-12,675,2026-03-20
Z000105947,가회초통학구역,0,48,890,9010000,경상남도교육청,9221000,경상남도합천교육지원청,2016-08-12,2016-08-12,447,2026-03-20
Z000105863,삼산초통학구역,0,48,820,9010000,경상남도교육청,9161000,경상남도고성교육지원청,2016-08-12,2016-08-12,6481,2026-03-20
Z000105786,법수초통학구역,0,48,730,9010000,경상남도교육청,9131000,경상남도함안교육지원청,2016-08-12,2016-08-12,3650,2026-03-20
Z000104517,상암초묘도분교장통학구역,0,46,130,8490000,전라남도교육청,8511000,전라남도여수교육지원청,2016-08-12,2016-08-12,6354,2026-03-20
Z000104463,줄포초통학구역,0,52,800,8321000,전북특별자치도교육청,8462000,전북특별자치도부안교육지원청,2016-08-12,2024-02-23,390,2026-03-20
Z000150568,관봉초정촌초공동통학구역,1,48,170,9010000,경상남도교육청,9051000,경상남도진주교육지원청,2016-08-12,2016-08-12,4084,2026-03-20
Z000100762,배영초통학구역,0,26,440,7150000,부산광역시교육청,7201000,부산광역시북부교육지원청,2016-08-12,2016-08-12,1353,2026-03-20
Z000100585,상리초통학구역,0,26,200,7150000,부산광역시교육청,7171000,부산광역시서부교육지원청,2016-08-12,2016-08-12,6322,2026-03-20
Z000104875,금일동초통학구역,0,46,890,8490000,전라남도교육청,8701000,전라남도완도교육지원청,2016-08-12,2016-08-12,2141,2026-03-20
Z000104889,약산초통학구역,0,46,890,8490000,전라남도교육청,8701000,전라남도완도교육지원청,2016-08-12,2016-08-12,4729,2026-03-20
Z000105571,금호초통학구역,0,48,170,9010000,경상남도교육청,9051000,경상남도진주교육지원청,2016-08-12,2016-08-12,4438,2026-03-20
Z000150490,관산초용산초공동통학구역,1,46,800,8490000,전라남도교육청,8621000,전라남도장흥교육지원청,2016-08-12,2016-08-12,4727,2026-03-20
Z000150398,수산초청풍초공동통학구역,1,43,150,8000000,충청북도교육청,8031000,충청북도제천교육지원청,2016-08-12,2016-08-12,4442,2026-03-20
Z000105548,창원신월초통학구역,0,48,121,9010000,경상남도교육청,9022000,경상남도창원교육지원청,2016-08-12,2016-08-12,1366,2026-03-20
Z000101739,천상초통학구역,0,31,710,7480000,울산광역시교육청,7501000,울산광역시강남교육지원청,2016-08-12,2016-08-12,462,2026-03-20
Z000105729,청도초통학구역,0,48,270,9010000,경상남도교육청,9101000,경상남도밀양교육지원청,2016-08-12,2016-08-12,2569,2026-03-20
Z000104541,여수봉산초통학구역,0,46,130,8490000,전라남도교육청,8511000,전라남도여수교육지원청,2016-08-12,2016-08-12,4623,2026-03-20
Z000100573,동삼초통학구역,0,26,200,7150000,부산광역시교육청,7171000,부산광역시서부교육지원청,2016-08-12,2016-08-12,6323,2026-03-20
Z000100618,개포초통학구역,0,26,230,7150000,부산광역시교육청,7181000,부산광역시남부교육지원청,2016-08-12,2016-08-12,4076,2026-03-20
Z000150597,양산초양주초공동통학구역,1,48,330,9010000,경상남도교육청,9151000,경상남도양산교육지원청,2016-08-12,2016-08-12,4079,2026-03-20
Z000100889,대구불로초통학구역,0,27,140,7240000,대구광역시교육청,7251000,대구광역시동부교육지원청,2016-08-12,2016-08-12,3427,2026-03-20
Z000101706,삼정초통학구역,0,31,710,7480000,울산광역시교육청,7501000,울산광역시강남교육지원청,2016-08-12,2017-03-15,3149,2026-03-20
Z000100563,낙동초통학구역,0,26,380,7150000,부산광역시교육청,7171000,부산광역시서부교육지원청,2016-08-12,2016-08-12,1364,2026-03-20
Z000100763,백산초통학구역,0,26,320,7150000,부산광역시교육청,7201000,부산광역시북부교육지원청,2016-08-12,2016-08-12,5835,2026-03-20
Z000105792,유원초통학구역,0,48,730,9010000,경상남도교육청,9131000,경상남도함안교육지원청,2016-08-12,2016-08-12,4704,2026-03-20
Z000150419,남신초수봉초공동통학구역,1,43,770,8000000,충청북도교육청,8101000,충청북도음성교육지원청,2016-08-12,2016-08-12,4109,2026-03-20
Z000106126,지한초통학구역,0,29,110,7380000,광주광역시교육청,7391000,광주광역시동부교육지원청,2016-08-12,2017-02-07,4957,2026-03-20
Z000103638,어상천초통학구역,0,43,800,8000000,충청북도교육청,8111000,충청북도단양교육지원청,2016-08-12,2016-08-12,6496,2026-03-20
Z000103604,남신초통학구역,0,43,770,8000000,충청북도교육청,8101000,충청북도음성교육지원청,2016-08-12,2016-08-12,3225,2026-03-20
Z000103395,문의초통학구역,0,43,111,8000000,충청북도교육청,8011000,충청북도청주교육지원청,2016-08-12,2016-08-12,3719,2026-03-20
Z000105938,신원초통학구역,0,48,880,9010000,경상남도교육청,9211000,경상남도거창교육지원청,2016-08-12,2016-08-12,1065,2026-03-20
Z000105942,위천초통학구역,0,48,880,9010000,경상남도교육청,9211000,경상남도거창교육지원청,2016-08-12,2016-08-12,5238,2026-03-20
Z000106001,더럭초통학구역,0,50,110,9290000,제주특별자치도교육청,9296000,제주특별자치도제주시교육지원청,2016-08-12,2018-06-01,2428,2026-03-20
Z000104292,송동초통학구역,0,52,190,8321000,전북특별자치도교육청,8372000,전북특별자치도남원교육지원청,2016-08-12,2024-02-23,6504,2026-03-20
Z000104400,마암초통학구역,0,52,750,8321000,전북특별자치도교육청,8432000,전북특별자치도임실교육지원청,2016-08-12,2024-02-23,115,2026-03-20
Z000105562,화양초통학구역,0,48,121,9010000,경상남도교육청,9022000,경상남도창원교육지원청,2016-08-12,2016-08-12,6718,2026-03-20
Z000104422,적성초통학구역,0,52,770,8321000,전북특별자치도교육청,8442000,전북특별자치도순창교육지원청,2016-08-12,2024-02-23,3282,2026-03-20
Z000104436,상하초통학구역,0,52,790,8321000,전북특별자치도교육청,8452000,전북특별자치도고창교육지원청,2016-08-12,2024-02-23,6783,2026-03-20
Z000104423,팔덕초통학구역,0,52,770,8321000,전북특별자치도교육청,8442000,전북특별자치도순창교육지원청,2016-08-12,2024-02-23,4542,2026-03-20
Z000105546,창원남산초통학구역,0,48,123,9010000,경상남도교육청,9022000,경상남도창원교육지원청,2016-08-12,2016-08-12,5819,2026-03-20
Z000104164,발산초통학구역,0,52,130,8321000,전북특별자치도교육청,8342000,전북특별자치도군산교육지원청,2016-08-12,2024-02-23,3982,2026-03-20
Z000101695,명산초통학구역,0,31,710,7480000,울산광역시교육청,7501000,울산광역시강남교육지원청,2016-08-12,2016-08-12,7072,2026-03-20
Z000105914,신천초통학구역,0,48,860,9010000,경상남도교육청,9191000,경상남도산청교육지원청,2016-08-12,2016-08-12,178,2026-03-20
Z000104197,왕궁남초통학구역,0,52,140,8321000,전북특별자치도교육청,8352000,전북특별자치도익산교육지원청,2016-08-12,2024-02-23,4269,2026-03-20
Z000104395,천천초통학구역,0,52,740,8321000,전북특별자치도교육청,8422000,전북특별자치도장수교육지원청,2016-08-12,2024-02-23,5501,2026-03-20
Z000104388,계북초통학구역,0,52,740,8321000,전북특별자치도교육청,8422000,전북특별자치도장수교육지원청,2016-08-12,2024-02-23,778,2026-03-20
Z000105921,서상초통학구역,0,48,870,9010000,경상남도교육청,9201000,경상남도함양교육지원청,2016-08-12,2016-08-12,167,2026-03-20
Z000101065,대구왕선초통학구역,0,27,710,7240000,대구광역시교육청,7281000,대구광역시달성교육지원청,2016-08-12,2016-08-12,6950,2026-03-20
Z000101678,화암초통학구역,0,31,170,7480000,울산광역시교육청,7491000,울산광역시강북교육지원청,2016-08-12,2016-08-12,245,2026-03-20
Z000105670,김해외동초통학구역,0,48,250,9010000,경상남도교육청,9091000,경상남도김해교육지원청,2016-08-12,2016-08-12,2944,2026-03-20
Z000105654,경운초통학구역,0,48,250,9010000,경상남도교육청,9091000,경상남도김해교육지원청,2016-08-12,2016-08-12,6459,2026-03-20
Z000105828,서창초통학구역,0,48,330,9010000,경상남도교육청,9151000,경상남도양산교육지원청,2016-08-12,2016-08-12,5790,2026-03-20
Z000150449,익산옥야초이리동산초공동통학구역,1,52,140,8321000,전북특별자치도교육청,8352000,전북특별자치도익산교육지원청,2016-08-12,2024-02-23,5044,2026-03-20
Z000104406,운암초통학구역,0,52,750,8321000,전북특별자치도교육청,8432000,전북특별자치도임실교육지원청,2016-08-12,2024-02-23,4453,2026-03-20
Z000104601,월등초통학구역,0,46,150,8490000,전라남도교육청,8521000,전라남도순천교육지원청,2016-08-12,2016-08-12,553,2026-03-20
Z000104122,전주효림초통학구역,0,52,111,8321000,전북특별자치도교육청,8332000,전북특별자치도전주교육지원청,2016-08-12,2024-02-23,2504,2026-03-20
Z000104404,신평초통학구역,0,52,750,8321000,전북특별자치도교육청,8432000,전북특별자치도임실교육지원청,2016-08-12,2024-02-23,6828,2026-03-20
Z000104456,상서초통학구역,0,52,800,8321000,전북특별자치도교육청,8462000,전북특별자치도부안교육지원청,2016-08-12,2024-02-23,3330,2026-03-20
Z000105507,신방초통학구역,0,48,121,9010000,경상남도교육청,9022000,경상남도창원교육지원청,2016-08-12,2016-08-12,2571,2026-03-20
Z000104389,번암초동화분교장통학구역,0,52,740,8321000,전북특별자치도교육청,8422000,전북특별자치도장수교육지원청,2016-08-12,2024-02-23,3215,2026-03-20
Z000104886,소안초통학구역,0,46,890,8490000,전라남도교육청,8701000,전라남도완도교육지원청,2016-08-12,2016-08-12,1533,2026-03-20
Z000150485,오산초옥과초공동통학구역,1,46,720,8490000,전라남도교육청,8571000,전라남도곡성교육지원청,2016-08-12,2016-08-12,2749,2026-03-20
Z000150587,대합초장천초공동통학구역,1,48,740,9010000,경상남도교육청,9141000,경상남도창녕교육지원청,2016-08-12,2016-08-12,3649,2026-03-20
Z000105696,이북초통학구역,0,48,250,9010000,경상남도교육청,9091000,경상남도김해교육지원청,2016-08-12,2016-08-12,5389,2026-03-20
Z000104220,이리북초통학구역,0,52,140,8321000,전북특별자치도교육청,8352000,전북특별자치도익산교육지원청,2016-08-12,2024-02-23,5165,2026-03-20
Z000105775,용덕초통학구역,0,48,720,9010000,경상남도교육청,9121000,경상남도의령교육지원청,2016-08-12,2016-08-12,6011,2026-03-20
Z000102424,수동초송천분교장통학구역,0,41,360,7530000,경기도교육청,7652000,경기도구리남양주교육지원청,2016-08-12,2016-08-12,2081,2026-03-20
Z000100805,망미초통학구역,0,26,500,7150000,부산광역시교육청,7211000,부산광역시해운대교육지원청,2016-08-12,2018-04-04,5537,2026-03-20
Z000100182,서울상곡초통학구역,0,11,350,7010000,서울특별시교육청,7051000,서울특별시북부교육지원청,2016-08-12,2016-08-12,1790,2026-03-20
Z000104740,춘양초통학구역,0,46,790,8490000,전라남도교육청,8611000,전라남도화순교육지원청,2016-08-12,2016-08-12,4304,2026-03-20
Z000101043,대구한솔초통학구역,0,27,290,7240000,대구광역시교육청,7271000,대구광역시남부교육지원청,2016-08-12,2016-10-05,3801,2026-03-20
Z000104153,군산흥남초통학구역,0,52,130,8321000,전북특별자치도교육청,8342000,전북특별자치도군산교육지원청,2016-08-12,2024-02-23,3061,2026-03-20
Z000104713,겸백초통학구역,0,46,780,8490000,전라남도교육청,8601000,전라남도보성교육지원청,2016-08-12,2016-08-12,2148,2026-03-20
Z000104735,사평초통학구역,0,46,790,8490000,전라남도교육청,8611000,전라남도화순교육지원청,2016-08-12,2016-08-12,5310,2026-03-20
Z000104733,동면초통학구역,0,46,790,8490000,전라남도교육청,8611000,전라남도화순교육지원청,2016-08-12,2016-08-12,1567,2026-03-20
Z000104736,아산초통학구역,0,46,790,8490000,전라남도교육청,8611000,전라남도화순교육지원청,2016-08-12,2016-08-12,337,2026-03-20
Z000102040,신도초통학구역,0,41,192,7530000,경기도교육청,7581000,경기도부천교육지원청,2016-08-12,2024-03-29,3028,2026-03-20
Z000102351,군포옥천초통학구역,0,41,410,7530000,경기도교육청,7642000,경기도군포의왕교육지원청,2016-08-12,2016-08-12,6473,2026-03-20
Z000102550,운암초통학구역,0,41,370,7530000,경기도교육청,7679000,경기도화성오산교육지원청,2016-08-12,2016-08-12,1706,2026-03-20
Z000103235,정금초통학구역,0,51,730,7801000,강원특별자치도교육청,7892000,강원특별자치도횡성교육지원청,2016-08-12,2016-08-12,2320,2026-03-20
Z000103170,맹방초통학구역,0,51,230,7801000,강원특별자치도교육청,7872000,강원특별자치도삼척교육지원청,2016-08-12,2016-08-12,5539,2026-03-20
Z000150609,수동초지곡초공동통학구역,1,48,870,9010000,경상남도교육청,9201000,경상남도함양교육지원청,2016-08-12,2016-08-12,6362,2026-03-20
Z000101646,병영초통학구역,0,31,110,7480000,울산광역시교육청,7491000,울산광역시강북교육지원청,2016-08-12,2016-08-12,3783,2026-03-20
Z000105867,율천초통학구역,0,48,820,9010000,경상남도교육청,9161000,경상남도고성교육지원청,2016-08-12,2016-08-12,5607,2026-03-20
Z000101722,옥산초통학구역,0,31,140,7480000,울산광역시교육청,7501000,울산광역시강남교육지원청,2016-08-12,2016-08-12,6698,2026-03-20
Z000106007,우도초통학구역,0,50,110,9290000,제주특별자치도교육청,9296000,제주특별자치도제주시교육지원청,2016-08-12,2016-08-12,3191,2026-03-20
Z000105972,귀덕초통학구역,0,50,110,9290000,제주특별자치도교육청,9296000,제주특별자치도제주시교육지원청,2016-08-12,2016-08-12,1130,2026-03-20
Z000103479,수안보초통학구역,0,43,130,8000000,충청북도교육청,8021000,충청북도충주교육지원청,2016-08-12,2016-08-12,6675,2026-03-20
Z000103561,양산초통학구역,0,43,740,8000000,충청북도교육청,8071000,충청북도영동교육지원청,2016-08-12,2016-08-12,1684,2026-03-20
Z000103558,상촌초통학구역,0,43,740,8000000,충청북도교육청,8071000,충청북도영동교육지원청,2016-08-12,2016-08-12,3084,2026-03-20
Z000101676,호계초통학구역,0,31,200,7480000,울산광역시교육청,7491000,울산광역시강북교육지원청,2016-08-12,2018-12-20,6435,2026-03-20
Z000150552,남양초성주초창원남산초공동통학구역,1,48,123,9010000,경상남도교육청,9022000,경상남도창원교육지원청,2016-08-12,2016-08-12,5817,2026-03-20
Z000150565,용남초용호초공동통학구역,1,48,121,9010000,경상남도교육청,9022000,경상남도창원교육지원청,2016-08-12,2016-08-12,2556,2026-03-20
Z000150557,대방초창원남산초공동통학구역,1,48,123,9010000,경상남도교육청,9022000,경상남도창원교육지원청,2016-08-12,2016-08-12,6721,2026-03-20
Z000150556,대방초안남초창원남산초공동통학구역,1,48,123,9010000,경상남도교육청,9022000,경상남도창원교육지원청,2016-08-12,2016-08-12,1372,2026-03-20
Z000150563,신방초화양초공동통학구역,1,48,121,9010000,경상남도교육청,9022000,경상남도창원교육지원청,2016-08-12,2016-08-12,4336,2026-03-20
Z000150562,신방초자여초공동통학구역,1,48,121,9010000,경상남도교육청,9022000,경상남도창원교육지원청,2016-08-12,2016-08-12,498,2026-03-20
Z000150560,무동초북면초공동통학구역,1,48,121,9010000,경상남도교육청,9022000,경상남도창원교육지원청,2016-08-12,2016-08-12,2490,2026-03-20
Z000100380,서울지향초통학구역,0,11,470,7010000,서울특별시교육청,7081300,서울특별시강서양천교육지원청,2016-08-12,2016-08-17,4486,2026-03-20
Z000104358,이서초통학구역,0,52,710,8321000,전북특별자치도교육청,8392000,전북특별자치도완주교육지원청,2016-08-12,2024-02-23,1661,2026-03-20
Z000100905,대구용지초통학구역,0,27,260,7240000,대구광역시교육청,7251000,대구광역시동부교육지원청,2016-08-12,2016-08-12,741,2026-03-20
Z000103665,은석초통학구역,0,44,131,8140000,충청남도교육청,8151000,충청남도천안교육지원청,2016-08-12,2016-08-12,1299,2026-03-20
Z000103658,신사초통학구역,0,44,131,8140000,충청남도교육청,8151000,충청남도천안교육지원청,2016-08-12,2016-08-12,1486,2026-03-20
Z000103643,도하초통학구역,0,44,133,8140000,충청남도교육청,8151000,충청남도천안교육지원청,2016-08-12,2016-08-12,2139,2026-03-20
Z000103896,원봉초통학구역,0,44,230,8140000,충청남도교육청,8222000,충청남도논산계룡교육지원청,2016-08-12,2016-08-12,6117,2026-03-20
Z000103897,은진초통학구역,0,44,230,8140000,충청남도교육청,8222000,충청남도논산계룡교육지원청,2016-08-12,2016-08-12,6295,2026-03-20
Z000103812,음봉초통학구역,0,44,200,8140000,충청남도교육청,8181000,충청남도아산교육지원청,2016-08-12,2017-02-16,1853,2026-03-20
Z000102233,문촌초통학구역,0,41,287,7530000,경기도교육청,7621000,경기도고양교육지원청,2016-08-12,2016-08-12,3663,2026-03-20
Z000103746,대관초통학구역,0,44,180,8140000,충청남도교육청,8171000,충청남도보령교육지원청,2016-08-12,2017-12-08,3888,2026-03-20
Z000100453,서울문창초통학구역,0,11,590,7010000,서울특별시교육청,7132000,서울특별시동작관악교육지원청,2016-08-12,2016-08-12,811,2026-03-20
Z000100707,안진초통학구역,0,26,260,7150000,부산광역시교육청,7191000,부산광역시동래교육지원청,2016-08-12,2016-08-12,2849,2026-03-20
Z000100604,청학초통학구역,0,26,200,7150000,부산광역시교육청,7171000,부산광역시서부교육지원청,2016-08-12,2016-08-18,1002,2026-03-20
Z000106314,대구팔공초통학구역,0,27,140,7240000,대구광역시교육청,7251000,대구광역시동부교육지원청,2021-02-17,2021-02-23,2547,2026-03-20
Z000104118,전주풍남초통학구역,0,52,111,8321000,전북특별자치도교육청,8332000,전북특별자치도전주교육지원청,2016-08-12,2024-02-23,1770,2026-03-20
Z000105606,평거초통학구역,0,48,170,9010000,경상남도교육청,9051000,경상남도진주교육지원청,2016-08-12,2016-08-12,3965,2026-03-20
Z000101356,대자초통학구역,0,29,170,7380000,광주광역시교육청,7391000,광주광역시동부교육지원청,2016-08-12,2016-08-12,4122,2026-03-20
Z000101133,인천구산초통학구역,0,28,237,7310000,인천광역시교육청,7331000,인천광역시북부교육지원청,2016-08-12,2016-08-12,679,2026-03-20
Z000150389,금가초대미초공동통학구역,1,43,130,8000000,충청북도교육청,8021000,충청북도충주교육지원청,2016-08-12,2016-08-12,4019,2026-03-20
Z000105267,남천초통학구역,0,47,290,8750000,경상북도교육청,8851000,경상북도경산교육지원청,2016-08-12,2016-08-12,52,2026-03-20
Z000105281,장산초통학구역,0,47,290,8750000,경상북도교육청,8851000,경상북도경산교육지원청,2016-08-12,2016-08-12,4069,2026-03-20
Z000101211,인천약산초통학구역,0,28,200,7310000,인천광역시교육청,7341000,인천광역시동부교육지원청,2016-08-12,2017-05-19,3948,2026-03-20
Z000100028,서울종암초통학구역,0,11,230,7010000,서울특별시교육청,7021000,서울특별시동부교육지원청,2016-08-12,2016-08-12,6347,2026-03-20
Z000100982,남대구초통학구역,0,27,200,7240000,대구광역시교육청,7271000,대구광역시남부교육지원청,2016-08-12,2016-08-12,6850,2026-03-20
Z000100868,대구동산초통학구역,0,27,260,7240000,대구광역시교육청,7251000,대구광역시동부교육지원청,2016-08-12,2016-08-12,4321,2026-03-20
Z000101011,대구성서초통학구역,0,27,290,7240000,대구광역시교육청,7271000,대구광역시남부교육지원청,2016-08-12,2016-08-12,4710,2026-03-20
Z000100914,대구지묘초통학구역,0,27,140,7240000,대구광역시교육청,7251000,대구광역시동부교육지원청,2016-08-12,2021-02-23,750,2026-03-20
Z000102421,부평초통학구역,0,41,360,7530000,경기도교육청,7652000,경기도구리남양주교육지원청,2016-08-12,2016-08-12,1208,2026-03-20
Z000103966,배양초통학구역,0,44,800,8140000,충청남도교육청,8261000,충청남도홍성교육지원청,2016-08-12,2016-08-12,6420,2026-03-20
Z000105918,마천초통학구역,0,48,870,9010000,경상남도교육청,9201000,경상남도함양교육지원청,2016-08-12,2017-03-23,1957,2026-03-20
Z000104562,화정초통학구역,0,46,130,8490000,전라남도교육청,8511000,전라남도여수교육지원청,2016-08-12,2016-08-12,5230,2026-03-20
Z000103637,상진초통학구역,0,43,800,8000000,충청북도교육청,8111000,충청북도단양교육지원청,2016-08-12,2016-08-12,2962,2026-03-20
Z000104867,장성성산초통학구역,0,46,880,8490000,전라남도교육청,8691000,전라남도장성교육지원청,2016-08-12,2016-08-12,4494,2026-03-20
Z000104859,북이초통학구역,0,46,880,8490000,전라남도교육청,8691000,전라남도장성교육지원청,2016-08-12,2016-08-12,4424,2026-03-20
Z000104866,월평초통학구역,0,46,880,8490000,전라남도교육청,8691000,전라남도장성교육지원청,2016-08-12,2016-08-12,365,2026-03-20
Z000100393,서울대왕초통학구역,0,11,680,7010000,서울특별시교육청,7091300,서울특별시강남서초교육지원청,2016-08-12,2016-08-12,4543,2026-03-20
Z000101708,삼호초통학구역,0,31,140,7480000,울산광역시교육청,7501000,울산광역시강남교육지원청,2016-08-12,2017-12-11,5795,2026-03-20
Z000104174,옥구초통학구역,0,52,130,8321000,전북특별자치도교육청,8342000,전북특별자치도군산교육지원청,2016-08-12,2024-02-23,1099,2026-03-20
Z000103500,금성초통학구역,0,43,150,8000000,충청북도교육청,8031000,충청북도제천교육지원청,2016-08-12,2016-08-12,4441,2026-03-20
Z000103505,두학초통학구역,0,43,150,8000000,충청북도교육청,8031000,충청북도제천교육지원청,2016-08-12,2016-08-12,5123,2026-03-20
Z000103596,장연초통학구역,0,43,760,8000000,충청북도교육청,8092000,충청북도괴산증평교육지원청,2016-08-12,2016-08-12,1265,2026-03-20
Z000103595,연풍초통학구역,0,43,760,8000000,충청북도교육청,8092000,충청북도괴산증평교육지원청,2016-08-12,2016-08-12,6615,2026-03-20
Z000103591,보광초통학구역,0,43,760,8000000,충청북도교육청,8092000,충청북도괴산증평교육지원청,2016-08-12,2016-08-12,5219,2026-03-20
Z000105871,회화초통학구역,0,48,820,9010000,경상남도교육청,9161000,경상남도고성교육지원청,2016-08-12,2016-08-12,2772,2026-03-20
Z000105545,진해중앙초통학구역,0,48,129,9010000,경상남도교육청,9022000,경상남도창원교육지원청,2016-08-12,2016-08-17,4341,2026-03-20
Z000106164,샘말초통학구역,0,41,463,7530000,경기도교육청,7751000,경기도용인교육지원청,2018-03-06,2018-03-06,130,2026-03-20
Z000150675,석현초샘말초공동통학구역,1,41,463,7530000,경기도교육청,7751000,경기도용인교육지원청,2018-03-06,2018-03-06,988,2026-03-20
Z000150104,영동초영통초공동통학구역,1,41,117,7530000,경기도교육청,7541000,경기도수원교육지원청,2016-08-12,2018-03-05,3442,2026-03-20
Z000150673,동암초회룡초공동통학구역,1,41,150,7530000,경기도교육청,7561000,경기도의정부교육지원청,2018-03-05,2018-03-05,2675,2026-03-20
Z000100174,서울덕암초통학구역,0,11,350,7010000,서울특별시교육청,7051000,서울특별시북부교육지원청,2016-08-12,2016-08-12,2802,2026-03-20
Z000104715,노동초통학구역,0,46,780,8490000,전라남도교육청,8601000,전라남도보성교육지원청,2016-08-12,2016-08-12,656,2026-03-20
Z000102378,포일초통학구역,0,41,430,7530000,경기도교육청,7642000,경기도군포의왕교육지원청,2016-08-12,2019-11-18,574,2026-03-20
Z000150733,성남제일초성남중앙초공동통학구역,1,41,133,7530000,경기도교육청,7551000,경기도성남교육지원청,2019-02-11,2019-02-11,2794,2026-03-20
Z000150732,성남제일초대하초공동통학구역,1,41,133,7530000,경기도교육청,7551000,경기도성남교육지원청,2019-02-11,2019-02-11,120,2026-03-20
Z000100346,서울삼정초통학구역,0,11,500,7010000,서울특별시교육청,7081300,서울특별시강서양천교육지원청,2016-08-12,2019-09-16,6145,2026-03-20
Z000104709,점암초통학구역,0,46,770,8490000,전라남도교육청,8591000,전라남도고흥교육지원청,2016-08-12,2019-10-07,3855,2026-03-20
Z000150765,고흥동초제한적공동통학구역,1,46,770,8490000,전라남도교육청,8591000,전라남도고흥교육지원청,2019-10-10,2019-10-10,1073,2026-03-20
Z000150766,녹동초제한적공동통학구역,1,46,770,8490000,전라남도교육청,8591000,전라남도고흥교육지원청,2019-10-10,2019-10-10,6181,2026-03-20
Z000106201,거제양정초통학구역,0,48,310,9010000,경상남도교육청,9111000,경상남도거제교육지원청,2018-10-19,2019-06-25,6080,2026-03-20
Z000100088,서울은진초통학구역,0,11,380,7010000,서울특별시교육청,7031000,서울특별시서부교육지원청,2016-08-12,2019-05-13,4408,2026-03-20
Z000101404,금부초통학구역,0,29,140,7380000,광주광역시교육청,7401000,광주광역시서부교육지원청,2016-08-12,2016-08-12,3573,2026-03-20
Z000150268,덕풍초하남풍산초공동통학구역,1,41,450,7530000,경기도교육청,7692000,경기도광주하남교육지원청,2016-08-12,2016-08-12,1728,2026-03-20
Z000105611,두룡초통학구역,0,48,220,9010000,경상남도교육청,9071000,경상남도통영교육지원청,2016-08-12,2016-08-12,5432,2026-03-20
Z000101702,범서초통학구역,0,31,710,7480000,울산광역시교육청,7501000,울산광역시강남교육지원청,2016-08-12,2017-02-17,4035,2026-03-20
Z000150402,삼양초죽향초공동통학구역,1,43,730,8000000,충청북도교육청,8061000,충청북도옥천교육지원청,2016-08-12,2016-08-12,165,2026-03-20
Z000105974,김녕초동복분교장통학구역,0,50,110,9290000,제주특별자치도교육청,9296000,제주특별자치도제주시교육지원청,2016-08-12,2016-08-12,5543,2026-03-20
Z000101033,대구장동초통학구역,0,27,290,7240000,대구광역시교육청,7271000,대구광역시남부교육지원청,2016-08-12,2016-08-12,6454,2026-03-20
Z000105528,월성초통학구역,0,48,125,9010000,경상남도교육청,9022000,경상남도창원교육지원청,2016-08-12,2016-08-12,5956,2026-03-20
Z000150458,김제중앙초벽량초치문초공동통학구역,1,52,210,8321000,전북특별자치도교육청,8382000,전북특별자치도김제교육지원청,2016-08-12,2024-02-23,5650,2026-03-20
Z000104658,태인초통학구역,0,46,230,8490000,전라남도교육청,8551000,전라남도광양교육지원청,2016-08-12,2016-08-12,1960,2026-03-20
Z000103117,묵호초통학구역,0,51,170,7801000,강원특별자치도교육청,7842000,강원특별자치도동해교육지원청,2016-08-12,2018-10-11,995,2026-03-20
Z000103061,원주초통학구역,0,51,130,7801000,강원특별자치도교육청,7822000,강원특별자치도원주교육지원청,2016-08-12,2016-08-12,1977,2026-03-20
Z000102033,성곡초통학구역,0,41,196,7530000,경기도교육청,7581000,경기도부천교육지원청,2016-08-12,2024-03-29,3990,2026-03-20
Z000101962,샘모루초통학구역,0,41,173,7530000,경기도교육청,7569000,경기도안양과천교육지원청,2016-08-12,2017-12-08,3824,2026-03-20
Z000102312,오성초통학구역,0,41,220,7530000,경기도교육청,7631000,경기도평택교육지원청,2016-08-12,2016-08-12,717,2026-03-20
Z000101954,민백초통학구역,0,41,173,7530000,경기도교육청,7569000,경기도안양과천교육지원청,2016-08-12,2016-08-12,4962,2026-03-20
Z000101948,달안초통학구역,0,41,173,7530000,경기도교육청,7569000,경기도안양과천교육지원청,2016-08-12,2016-08-12,3393,2026-03-20
Z000103314,산양초통학구역,0,51,790,7801000,강원특별자치도교육청,7942000,강원특별자치도화천교육지원청,2016-08-12,2016-08-12,7014,2026-03-20
Z000102047,원종초통학구역,0,41,196,7530000,경기도교육청,7581000,경기도부천교육지원청,2016-08-12,2024-03-29,424,2026-03-20
Z000150666,금구초만승초공동통학구역,1,43,750,8000000,충청북도교육청,8081000,충청북도진천교육지원청,2018-02-23,2018-02-23,6799,2026-03-20
Z000150005,서울신답초서울전농초공동통학구역,1,11,230,7010000,서울특별시교육청,7021000,서울특별시동부교육지원청,2016-08-12,2017-03-30,3548,2026-03-20
Z000101905,판교초통학구역,0,41,135,7530000,경기도교육청,7551000,경기도성남교육지원청,2016-08-12,2018-02-22,1571,2026-03-20
Z000150273,동부초신장초공동통학구역,1,41,450,7530000,경기도교육청,7692000,경기도광주하남교육지원청,2016-08-12,2017-03-30,6136,2026-03-20
Z000100623,대연초통학구역,0,26,290,7150000,부산광역시교육청,7181000,부산광역시남부교육지원청,2016-08-12,2016-08-12,6375,2026-03-20
Z000103583,한천초통학구역,0,43,750,8000000,충청북도교육청,8081000,충청북도진천교육지원청,2016-08-12,2016-08-12,3581,2026-03-20
Z000104331,청하초통학구역,0,52,210,8321000,전북특별자치도교육청,8382000,전북특별자치도김제교육지원청,2016-08-12,2024-02-23,2995,2026-03-20
Z000104255,산외초통학구역,0,52,180,8321000,전북특별자치도교육청,8362000,전북특별자치도정읍교육지원청,2016-08-12,2024-02-23,1261,2026-03-20
Z000104357,운주초통학구역,0,52,710,8321000,전북특별자치도교육청,8392000,전북특별자치도완주교육지원청,2016-08-12,2024-02-23,296,2026-03-20
Z000103474,동량초통학구역,0,43,130,8000000,충청북도교육청,8021000,충청북도충주교육지원청,2016-08-12,2016-08-12,3090,2026-03-20
Z000104364,동향초통학구역,0,52,720,8321000,전북특별자치도교육청,8402000,전북특별자치도진안교육지원청,2016-08-12,2024-02-23,6752,2026-03-20
Z000104326,월촌초통학구역,0,52,210,8321000,전북특별자치도교육청,8382000,전북특별자치도김제교육지원청,2016-08-12,2024-02-23,5642,2026-03-20
Z000104183,금마초통학구역,0,52,140,8321000,전북특별자치도교육청,8352000,전북특별자치도익산교육지원청,2016-08-12,2024-02-23,3340,2026-03-20
Z000101200,인천선학초통학구역,0,28,185,7310000,인천광역시교육청,7341000,인천광역시동부교육지원청,2016-08-12,2016-08-12,6589,2026-03-20
Z000105417,물야초통학구역,0,47,920,8750000,경상북도교육청,8961000,경상북도봉화교육지원청,2016-08-12,2018-01-29,930,2026-03-20
Z000102721,이곡초통학구역,0,41,650,7530000,경기도교육청,7711000,경기도포천교육지원청,2016-08-12,2016-08-12,2662,2026-03-20
Z000101078,백령초통학구역,0,28,720,7310000,인천광역시교육청,7321000,인천광역시남부교육지원청,2016-08-12,2016-08-12,2688,2026-03-20
Z000105509,안골포초통학구역,0,48,129,9010000,경상남도교육청,9022000,경상남도창원교육지원청,2016-08-12,2016-08-12,4535,2026-03-20
Z000101816,지동초통학구역,0,41,115,7530000,경기도교육청,7541000,경기도수원교육지원청,2016-08-12,2018-03-19,2830,2026-03-20
Z000150281,궁평초전곡초공동통학구역,1,41,800,7530000,경기도교육청,7701000,경기도연천교육지원청,2016-08-12,2016-08-12,4267,2026-03-20
Z000150430,오창초천동초공동통학구역,1,44,131,8140000,충청남도교육청,8151000,충청남도천안교육지원청,2016-08-12,2016-08-12,6972,2026-03-20
Z000150267,덕풍초서울상일초공동통학구역,1,41,450,7530000,경기도교육청,7692000,경기도광주하남교육지원청,2016-08-12,2016-08-12,2666,2026-03-20
Z000101014,대구송현초통학구역,0,27,290,7240000,대구광역시교육청,7271000,대구광역시남부교육지원청,2016-08-12,2016-08-12,4187,2026-03-20
Z000106243,백운호수초통학구역,0,41,430,7530000,경기도교육청,7642000,경기도군포의왕교육지원청,2019-08-12,2019-08-12,4613,2026-03-20
Z000150099,명인초송정초공동통학구역,1,41,111,7530000,경기도교육청,7541000,경기도수원교육지원청,2016-08-12,2016-08-12,578,2026-03-20
Z000101928,의순초통학구역,0,41,150,7530000,경기도교육청,7561000,경기도의정부교육지원청,2016-08-12,2016-08-12,3476,2026-03-20
Z000150203,군포초군포양정초공동통학구역,1,41,410,7530000,경기도교육청,7642000,경기도군포의왕교육지원청,2016-08-12,2016-08-12,2069,2026-03-20
Z000105572,남강초통학구역,0,48,170,9010000,경상남도교육청,9051000,경상남도진주교육지원청,2016-08-12,2016-08-12,5839,2026-03-20
Z000100685,남산초통학구역,0,26,410,7150000,부산광역시교육청,7191000,부산광역시동래교육지원청,2016-08-12,2016-08-12,3700,2026-03-20
Z000104989,청림초통학구역,0,47,111,8750000,경상북도교육청,8761000,경상북도포항교육지원청,2016-08-12,2016-08-12,3797,2026-03-20
Z000150416,장연초칠성초공동통학구역,1,43,760,8000000,충청북도교육청,8092000,충청북도괴산증평교육지원청,2016-08-12,2016-08-12,1325,2026-03-20
Z000103545,안남초통학구역,0,43,730,8000000,충청북도교육청,8061000,충청북도옥천교육지원청,2016-08-12,2016-08-12,4368,2026-03-20
Z000150412,도안초보광초공동통학구역,1,43,745,8000000,충청북도교육청,8092000,충청북도괴산증평교육지원청,2016-08-12,2016-08-12,4104,2026-03-20
Z000150403,심천초이원초공동통학구역,1,43,740,8000000,충청북도교육청,8071000,충청북도영동교육지원청,2016-08-12,2016-08-12,1687,2026-03-20
Z000105883,창선초통학구역,0,48,840,9010000,경상남도교육청,9171000,경상남도남해교육지원청,2016-08-12,2016-08-12,6671,2026-03-20
Z000105853,개천초통학구역,0,48,820,9010000,경상남도교육청,9161000,경상남도고성교육지원청,2016-08-12,2016-08-12,2074,2026-03-20
Z000105949,대병초통학구역,0,48,890,9010000,경상남도교육청,9221000,경상남도합천교육지원청,2016-08-12,2016-08-12,6618,2026-03-20
Z000105933,고제초통학구역,0,48,880,9010000,경상남도교육청,9211000,경상남도거창교육지원청,2016-08-12,2016-08-12,2258,2026-03-20
Z000100570,대교초통학구역,0,26,200,7150000,부산광역시교육청,7171000,부산광역시서부교육지원청,2016-08-12,2016-08-12,5472,2026-03-20
Z000104884,보길초통학구역,0,46,890,8490000,전라남도교육청,8701000,전라남도완도교육지원청,2016-08-12,2016-08-12,2125,2026-03-20
Z000101048,대구구지초통학구역,0,27,710,7240000,대구광역시교육청,7281000,대구광역시달성교육지원청,2016-08-12,2018-03-07,4566,2026-03-20
Z000102237,백신초통학구역,0,41,285,7530000,경기도교육청,7621000,경기도고양교육지원청,2016-08-12,2016-08-12,4818,2026-03-20
Z000102276,한산초통학구역,0,41,287,7530000,경기도교육청,7621000,경기도고양교육지원청,2016-08-12,2016-08-12,970,2026-03-20
Z000100407,서울삼릉초통학구역,0,11,680,7010000,서울특별시교육청,7091300,서울특별시강남서초교육지원청,2016-08-12,2018-01-07,6198,2026-03-20
Z000104750,명덕초통학구역,0,46,800,8490000,전라남도교육청,8621000,전라남도장흥교육지원청,2016-08-12,2016-08-12,1054,2026-03-20
Z000100305,서울잠신초통학구역,0,11,710,7010000,서울특별시교육청,7130000,서울특별시강동송파교육지원청,2016-08-12,2016-08-12,1562,2026-03-20
Z000104807,신북초통학구역,0,46,830,8490000,전라남도교육청,8651000,전라남도영암교육지원청,2016-08-12,2016-08-12,1101,2026-03-20
Z000100169,서울노원초통학구역,0,11,350,7010000,서울특별시교육청,7051000,서울특별시북부교육지원청,2016-08-12,2016-08-12,2558,2026-03-20
Z000103333,한전초통학구역,0,51,800,7801000,강원특별자치도교육청,7952000,강원특별자치도양구교육지원청,2016-08-12,2016-08-12,6385,2026-03-20
Z000103295,함백초통학구역,0,51,770,7801000,강원특별자치도교육청,7922000,강원특별자치도정선교육지원청,2016-08-12,2016-08-12,4064,2026-03-20
Z000104063,전주덕일초통학구역,0,52,113,8321000,전북특별자치도교육청,8332000,전북특별자치도전주교육지원청,2016-08-12,2024-02-23,2511,2026-03-20
Z000105943,주상초통학구역,0,48,880,9010000,경상남도교육청,9211000,경상남도거창교육지원청,2016-08-12,2016-08-12,5723,2026-03-20
Z000105923,수동초통학구역,0,48,870,9010000,경상남도교육청,9201000,경상남도함양교육지원청,2016-08-12,2016-08-12,5235,2026-03-20
Z000105922,서하초통학구역,0,48,870,9010000,경상남도교육청,9201000,경상남도함양교육지원청,2016-08-12,2016-08-12,2842,2026-03-20
Z000104901,의신초모도분교장통학구역,0,46,900,8490000,전라남도교육청,8711000,전라남도진도교육지원청,2016-08-12,2016-08-12,4966,2026-03-20
Z000103498,칠금초통학구역,0,43,130,8000000,충청북도교육청,8021000,충청북도충주교육지원청,2016-08-12,2016-08-12,6679,2026-03-20
Z000103485,오석초통학구역,0,43,130,8000000,충청북도교육청,8021000,충청북도충주교육지원청,2016-08-12,2016-08-12,4016,2026-03-20
Z000103565,초강초통학구역,0,43,740,8000000,충청북도교육청,8071000,충청북도영동교육지원청,2016-08-12,2016-08-12,6353,2026-03-20
Z000106044,대정서초통학구역,0,50,130,9290000,제주특별자치도교육청,9299000,제주특별자치도서귀포시교육지원청,2016-08-12,2016-08-12,5534,2026-03-20
Z000100922,대구황금초통학구역,0,27,260,7240000,대구광역시교육청,7251000,대구광역시동부교육지원청,2016-08-12,2016-08-12,733,2026-03-20
Z000104769,마량초통학구역,0,46,810,8490000,전라남도교육청,8631000,전라남도강진교육지원청,2016-08-12,2016-08-12,5270,2026-03-20
Z000100170,서울노일초통학구역,0,11,350,7010000,서울특별시교육청,7051000,서울특별시북부교육지원청,2016-08-12,2016-08-12,4465,2026-03-20
Z000100351,서울신강초통학구역,0,11,500,7010000,서울특별시교육청,7081300,서울특별시강서양천교육지원청,2016-08-12,2018-12-21,2692,2026-03-20
Z000100114,서울금천초통학구역,0,11,545,7010000,서울특별시교육청,7041000,서울특별시남부교육지원청,2016-08-12,2016-08-12,1713,2026-03-20
Z000150783,김포금빛초감정초공동통학구역,1,41,570,7530000,경기도교육청,7771000,경기도김포교육지원청,2018-10-02,2021-02-23,1544,2026-03-20
Z000101102,인천숭의초통학구역,0,28,177,7310000,인천광역시교육청,7321000,인천광역시남부교육지원청,2018-09-19,2021-02-23,1446,2026-03-20
Z000100263,서울강일초통학구역,0,11,740,7010000,서울특별시교육청,7130000,서울특별시강동송파교육지원청,2016-08-12,2017-02-27,3539,2026-03-20
Z000150222,발안초한울초공동통학구역,1,41,590,7530000,경기도교육청,7679000,경기도화성오산교육지원청,2016-08-12,2016-08-12,3489,2026-03-20
Z000103712,경천초통학구역,0,44,150,8140000,충청남도교육청,8161000,충청남도공주교육지원청,2016-08-12,2016-08-12,2140,2026-03-20
Z000150233,오산대원초원동초공동통학구역,1,41,370,7530000,경기도교육청,7679000,경기도화성오산교육지원청,2016-08-12,2016-08-12,4388,2026-03-20
Z000103899,채운초통학구역,0,44,230,8140000,충청남도교육청,8222000,충청남도논산계룡교육지원청,2016-08-12,2016-08-12,6005,2026-03-20
Z000100241,서울용암초통학구역,0,11,170,7010000,서울특별시교육청,7061000,서울특별시중부교육지원청,2016-08-12,2017-02-06,2378,2026-03-20
Z000100036,서울홍파초통학구역,0,11,230,7010000,서울특별시교육청,7021000,서울특별시동부교육지원청,2016-08-12,2016-08-12,6256,2026-03-20
Z000100775,양덕초통학구역,0,26,320,7150000,부산광역시교육청,7201000,부산광역시북부교육지원청,2016-08-12,2016-08-12,773,2026-03-20
Z000104359,이성초통학구역,0,52,210,8321000,전북특별자치도교육청,8392000,전북특별자치도완주교육지원청,2016-08-12,2024-02-23,128,2026-03-20
Z000100894,대구성동초통학구역,0,27,260,7240000,대구광역시교육청,7251000,대구광역시동부교육지원청,2016-08-12,2016-08-12,2550,2026-03-20
Z000100594,영도초통학구역,0,26,200,7150000,부산광역시교육청,7171000,부산광역시서부교육지원청,2016-08-12,2016-08-12,6316,2026-03-20
Z000150464,오천초진안초공동통학구역,1,52,720,8321000,전북특별자치도교육청,8402000,전북특별자치도진안교육지원청,2016-08-12,2024-02-23,1271,2026-03-20
Z000104405,오수초통학구역,0,52,750,8321000,전북특별자치도교육청,8432000,전북특별자치도임실교육지원청,2016-08-12,2024-02-23,1809,2026-03-20
Z000104341,남관초통학구역,0,52,710,8321000,전북특별자치도교육청,8392000,전북특별자치도완주교육지원청,2016-08-12,2024-02-23,6829,2026-03-20
Z000105685,생림초통학구역,0,48,250,9010000,경상남도교육청,9091000,경상남도김해교육지원청,2016-08-12,2016-08-12,1344,2026-03-20
Z000103228,성남초통학구역,0,51,730,7801000,강원특별자치도교육청,7892000,강원특별자치도횡성교육지원청,2016-08-12,2016-08-12,5724,2026-03-20
Z000103915,양화초통학구역,0,44,760,8140000,충청남도교육청,8231000,충청남도부여교육지원청,2016-08-12,2016-08-12,5640,2026-03-20
Z000102003,부천남초통학구역,0,41,194,7530000,경기도교육청,7581000,경기도부천교육지원청,2016-08-12,2024-03-29,6579,2026-03-20
Z000102046,원미초통학구역,0,41,192,7530000,경기도교육청,7581000,경기도부천교육지원청,2016-08-12,2024-03-29,5694,2026-03-20
Z000102018,부천여월초통학구역,0,41,196,7530000,경기도교육청,7581000,경기도부천교육지원청,2016-08-12,2024-03-29,3981,2026-03-20
Z000100997,대구대서초통학구역,0,27,290,7240000,대구광역시교육청,7271000,대구광역시남부교육지원청,2016-08-12,2016-08-12,1341,2026-03-20
Z000101023,대구용천초통학구역,0,27,290,7240000,대구광역시교육청,7271000,대구광역시남부교육지원청,2016-10-05,2016-10-05,4707,2026-03-20
Z000101030,대구유천초통학구역,0,27,710,7240000,대구광역시교육청,7271000,대구광역시남부교육지원청,2016-08-12,2016-08-12,2040,2026-03-20
Z000104144,군산아리울초통학구역,0,52,130,8321000,전북특별자치도교육청,8342000,전북특별자치도군산교육지원청,2016-08-12,2024-02-23,6598,2026-03-20
Z000106231,망포초통학구역,0,41,117,7530000,경기도교육청,7541000,경기도수원교육지원청,2019-05-08,2019-05-08,875,2026-03-20
Z000100134,서울백산초통학구역,0,11,545,7010000,서울특별시교육청,7041000,서울특별시남부교육지원청,2016-08-12,2016-08-12,6232,2026-03-20
Z000150933,화순제일초제한적공동통학구역,1,46,790,8490000,전라남도교육청,8611000,전라남도화순교육지원청,2020-02-26,2020-02-26,4305,2026-03-20
Z000103937,송림초통학구역,0,44,770,8140000,충청남도교육청,8241000,충청남도서천교육지원청,2016-08-12,2016-08-12,5701,2026-03-20
Z000104507,관기초통학구역,0,46,130,8490000,전라남도교육청,8511000,전라남도여수교육지원청,2016-08-12,2018-04-23,6754,2026-03-20
Z000104566,낙안초통학구역,0,46,150,8490000,전라남도교육청,8521000,전라남도순천교육지원청,2016-08-12,2016-08-12,6971,2026-03-20
Z000104604,창촌초통학구역,0,46,150,8490000,전라남도교육청,8521000,전라남도순천교육지원청,2016-08-12,2016-08-12,4643,2026-03-20
Z000100206,서울월천초통학구역,0,11,320,7010000,서울특별시교육청,7051000,서울특별시북부교육지원청,2016-08-12,2016-08-12,4464,2026-03-20
Z000103623,평곡초통학구역,0,43,770,8000000,충청북도교육청,8101000,충청북도음성교육지원청,2016-08-12,2016-08-12,4373,2026-03-20
Z000101664,우정초통학구역,0,31,110,7480000,울산광역시교육청,7491000,울산광역시강북교육지원청,2016-08-12,2016-08-12,5282,2026-03-20
Z000105808,부곡초통학구역,0,48,740,9010000,경상남도교육청,9141000,경상남도창녕교육지원청,2016-08-12,2016-08-12,5195,2026-03-20
Z000150457,김제동초초처초월성초용동초공동통학구역,1,52,210,8321000,전북특별자치도교육청,8382000,전북특별자치도김제교육지원청,2016-08-12,2024-02-23,922,2026-03-20
Z000101342,광주서석초통학구역,0,29,110,7380000,광주광역시교육청,7391000,광주광역시동부교육지원청,2016-08-12,2018-02-06,7048,2026-03-20
Z000102391,금남초통학구역,0,41,360,7530000,경기도교육청,7652000,경기도구리남양주교육지원청,2016-08-12,2016-08-12,2972,2026-03-20
Z000103857,상곡초통학구역,0,44,710,8140000,충청남도교육청,8201000,충청남도금산교육지원청,2016-08-12,2016-08-12,4977,2026-03-20
Z000105503,성주초통학구역,0,48,123,9010000,경상남도교육청,9022000,경상남도창원교육지원청,2016-08-12,2020-05-18,1369,2026-03-20
Z000102185,와동초통학구역,0,41,273,7530000,경기도교육청,7611000,경기도안산교육지원청,2016-08-12,2016-08-12,4417,2026-03-20
Z000101907,하탑초통학구역,0,41,135,7530000,경기도교육청,7551000,경기도성남교육지원청,2016-08-12,2016-08-12,74,2026-03-20
Z000101973,안양양지초통학구역,0,41,171,7530000,경기도교육청,7569000,경기도안양과천교육지원청,2016-08-12,2016-08-12,3593,2026-03-20
Z000102994,금산초통학구역,0,51,110,7801000,강원특별자치도교육청,7812000,강원특별자치도춘천교육지원청,2016-08-12,2016-08-12,2572,2026-03-20
Z000102013,부천서초통학구역,0,41,192,7530000,경기도교육청,7581000,경기도부천교육지원청,2016-08-12,2024-03-29,3920,2026-03-20
Z000102981,학운초통학구역,0,41,570,7530000,경기도교육청,7771000,경기도김포교육지원청,2016-08-12,2016-08-12,3253,2026-03-20
Z000101629,농서초통학구역,0,31,200,7480000,울산광역시교육청,7491000,울산광역시강북교육지원청,2016-08-12,2019-06-25,3781,2026-03-20
Z000103370,가덕초통학구역,0,43,111,8000000,충청북도교육청,8011000,충청북도청주교육지원청,2016-08-12,2016-08-12,3210,2026-03-20
Z000105891,묵계초통학구역,0,48,850,9010000,경상남도교육청,9181000,경상남도하동교육지원청,2016-08-12,2016-08-12,174,2026-03-20
Z000105758,일운초통학구역,0,48,310,9010000,경상남도교육청,9111000,경상남도거제교육지원청,2016-08-12,2016-08-12,3604,2026-03-20
Z000103497,충주중앙초통학구역,0,43,130,8000000,충청북도교육청,8021000,충청북도충주교육지원청,2016-08-12,2016-08-12,4021,2026-03-20
Z000103384,낭성초통학구역,0,43,111,8000000,충청북도교육청,8011000,충청북도청주교육지원청,2016-08-12,2016-08-12,2335,2026-03-20
Z000104311,난산초통학구역,0,52,210,8321000,전북특별자치도교육청,8382000,전북특별자치도김제교육지원청,2016-08-12,2024-02-23,6820,2026-03-20
Z000101652,성안초통학구역,0,31,110,7480000,울산광역시교육청,7491000,울산광역시강북교육지원청,2016-08-12,2016-08-12,6155,2026-03-20
Z000105906,단성초통학구역,0,48,860,9010000,경상남도교육청,9191000,경상남도산청교육지원청,2016-08-12,2017-02-07,5523,2026-03-20
Z000103317,실내초통학구역,0,51,790,7801000,강원특별자치도교육청,7942000,강원특별자치도화천교육지원청,2016-08-12,2016-08-12,6228,2026-03-20
Z000102246,성신초통학구역,0,41,281,7530000,경기도교육청,7621000,경기도고양교육지원청,2016-08-12,2016-08-12,1,2026-03-20
Z000103847,군북초통학구역,0,44,710,8140000,충청남도교육청,8201000,충청남도금산교육지원청,2016-08-12,2016-08-12,6229,2026-03-20
Z000103199,삼생초통학구역,0,51,720,7801000,강원특별자치도교육청,7882000,강원특별자치도홍천교육지원청,2016-08-12,2016-08-12,6917,2026-03-20
Z000103434,용성초통학구역,0,43,111,8000000,충청북도교육청,8011000,충청북도청주교육지원청,2016-08-12,2019-04-02,2992,2026-03-20
Z000100288,서울선사초통학구역,0,11,740,7010000,서울특별시교육청,7130000,서울특별시강동송파교육지원청,2016-08-12,2016-08-12,5412,2026-03-20
Z000100218,서울창일초통학구역,0,11,320,7010000,서울특별시교육청,7051000,서울특별시북부교육지원청,2016-08-12,2016-08-12,5323,2026-03-20
Z000100529,서울삼선초통학구역,0,11,290,7010000,서울특별시교육청,7121200,서울특별시성북강북교육지원청,2016-08-12,2016-08-12,5489,2026-03-20
Z000100211,서울중평초통학구역,0,11,350,7010000,서울특별시교육청,7051000,서울특별시북부교육지원청,2016-08-12,2016-08-12,1658,2026-03-20
Z000100815,배산초통학구역,0,26,500,7150000,부산광역시교육청,7211000,부산광역시해운대교육지원청,2016-08-12,2018-04-04,1971,2026-03-20
Z000103576,성암초통학구역,0,43,750,8000000,충청북도교육청,8081000,충청북도진천교육지원청,2016-08-12,2016-08-12,2543,2026-03-20
Z000105977,납읍초통학구역,0,50,110,9290000,제주특별자치도교육청,9296000,제주특별자치도제주시교육지원청,2016-08-12,2016-08-12,3200,2026-03-20
Z000103402,북이초통학구역,0,43,114,8000000,충청북도교육청,8011000,충청북도청주교육지원청,2016-08-12,2016-08-12,5502,2026-03-20
Z000104671,창평초통학구역,0,46,710,8490000,전라남도교육청,8561000,전라남도담양교육지원청,2016-08-12,2016-08-12,7126,2026-03-20
Z000102526,송라초통학구역,0,41,590,7530000,경기도교육청,7679000,경기도화성오산교육지원청,2016-08-12,2016-08-12,5250,2026-03-20
Z000105463,구암초통학구역,0,48,121,9010000,경상남도교육청,9022000,경상남도창원교육지원청,2016-08-12,2016-08-12,6381,2026-03-20
Z000103436,우암초통학구역,0,43,111,8000000,충청북도교육청,8011000,충청북도청주교육지원청,2016-08-12,2018-03-06,6515,2026-03-20
Z000104298,이백초통학구역,0,52,190,8321000,전북특별자치도교육청,8372000,전북특별자치도남원교육지원청,2016-08-12,2024-02-23,2102,2026-03-20
Z000101329,건국초통학구역,0,29,170,7380000,광주광역시교육청,7391000,광주광역시동부교육지원청,2016-08-12,2016-08-12,6217,2026-03-20
Z000103448,진흥초통학구역,0,43,113,8000000,충청북도교육청,8011000,충청북도청주교육지원청,2016-08-12,2016-08-12,1434,2026-03-20
Z000103594,송면초통학구역,0,43,760,8000000,충청북도교육청,8092000,충청북도괴산증평교육지원청,2016-08-12,2016-08-12,456,2026-03-20
Z000150392,덕신초용원초공동통학구역,1,43,130,8000000,충청북도교육청,8021000,충청북도충주교육지원청,2016-08-12,2016-08-12,1043,2026-03-20
Z000103599,청안초통학구역,0,43,760,8000000,충청북도교육청,8092000,충청북도괴산증평교육지원청,2016-08-12,2016-08-12,1406,2026-03-20
Z000103584,감물초통학구역,0,43,760,8000000,충청북도교육청,8092000,충청북도괴산증평교육지원청,2016-08-12,2016-08-12,6680,2026-03-20
Z000103600,청천초통학구역,0,43,760,8000000,충청북도교육청,8092000,충청북도괴산증평교육지원청,2016-08-12,2016-08-12,787,2026-03-20
Z000150570,미천초집현초공동통학구역,1,48,170,9010000,경상남도교육청,9051000,경상남도진주교육지원청,2016-08-12,2016-08-12,2319,2026-03-20
Z000100171,서울녹천초통학구역,0,11,350,7010000,서울특별시교육청,7051000,서울특별시북부교육지원청,2016-08-12,2016-08-12,6089,2026-03-20
Z000100656,용당초통학구역,0,26,290,7150000,부산광역시교육청,7181000,부산광역시남부교육지원청,2016-08-12,2016-08-12,1062,2026-03-20
Z000100077,서울역촌초통학구역,0,11,380,7010000,서울특별시교육청,7031000,서울특별시서부교육지원청,2016-08-12,2016-08-12,7046,2026-03-20
Z000105628,충무초통학구역,0,48,220,9010000,경상남도교육청,9071000,경상남도통영교육지원청,2016-08-12,2018-07-19,694,2026-03-20
Z000150547,서벽초녹전초공동통학구역,1,47,920,8750000,경상북도교육청,8961000,경상북도봉화교육지원청,2016-08-12,2017-04-03,4526,2026-03-20
Z000103419,석교초통학구역,0,43,111,8000000,충청북도교육청,8011000,충청북도청주교육지원청,2016-08-12,2016-08-12,4750,2026-03-20
Z000103454,풍광초통학구역,0,43,113,8000000,충청북도교육청,8011000,충청북도청주교육지원청,2016-08-12,2016-08-12,6793,2026-03-20
Z000101134,인천굴포초통학구역,0,28,237,7310000,인천광역시교육청,7331000,인천광역시북부교육지원청,2016-08-12,2016-08-12,2907,2026-03-20
Z000103440,원평초통학구역,0,43,112,8000000,충청북도교육청,8011000,충청북도청주교육지원청,2016-08-12,2016-08-12,3111,2026-03-20
Z000106054,사계초통학구역,0,50,130,9290000,제주특별자치도교육청,9299000,제주특별자치도서귀포시교육지원청,2016-08-12,2016-08-12,1133,2026-03-20
Z000105897,적량초통학구역,0,48,850,9010000,경상남도교육청,9181000,경상남도하동교육지원청,2016-08-12,2016-08-12,1053,2026-03-20
Z000104532,안일초통학구역,0,46,130,8490000,전라남도교육청,8511000,전라남도여수교육지원청,2016-08-12,2016-08-12,2338,2026-03-20
Z000101673,평산초통학구역,0,31,110,7480000,울산광역시교육청,7491000,울산광역시강북교육지원청,2016-08-12,2016-08-12,6162,2026-03-20
Z000101626,남외초통학구역,0,31,110,7480000,울산광역시교육청,7491000,울산광역시강북교육지원청,2016-08-12,2016-08-12,4688,2026-03-20
Z000150025,서울석촌초서울송전초공동통학구역,1,11,710,7010000,서울특별시교육청,7130000,서울특별시강동송파교육지원청,2016-08-12,2016-08-12,4266,2026-03-20
Z000101602,대전용산초통학구역,0,30,200,7430000,대전광역시교육청,7451000,대전광역시서부교육지원청,2016-08-12,2016-08-12,6068,2026-03-20
Z000106119,종촌초통학구역,0,36,110,9300000,세종특별자치시교육청,9300000,세종특별자치시교육청,2016-08-12,2016-08-12,6824,2026-03-20
Z000106091,다빛초통학구역,0,36,110,9300000,세종특별자치시교육청,9300000,세종특별자치시교육청,2016-08-12,2016-08-12,5933,2026-03-20
Z000105016,괘릉초통학구역,0,47,130,8750000,경상북도교육청,8771000,경상북도경주교육지원청,2016-08-12,2016-08-12,2019,2026-03-20
Z000105018,나산초통학구역,0,47,130,8750000,경상북도교육청,8771000,경상북도경주교육지원청,2016-08-12,2016-08-12,4702,2026-03-20
Z000102469,상품초통학구역,0,41,670,7530000,경기도교육청,7661000,경기도여주교육지원청,2016-08-12,2016-08-12,419,2026-03-20
Z000106048,동남초통학구역,0,50,130,9290000,제주특별자치도교육청,9299000,제주특별자치도서귀포시교육지원청,2016-08-12,2016-08-12,4129,2026-03-20
Z000101086,인천남부초이작분교장통학구역,0,28,720,7310000,인천광역시교육청,7321000,인천광역시남부교육지원청,2016-08-12,2016-08-12,1132,2026-03-20
Z000101228,인천첨단초통학구역,0,28,185,7310000,인천광역시교육청,7341000,인천광역시동부교육지원청,2016-12-12,2016-12-12,4150,2026-03-20
Z000103657,신방초통학구역,0,44,133,8140000,충청남도교육청,8151000,충청남도천안교육지원청,2016-08-12,2016-08-12,5717,2026-03-20
Z000102297,부용초통학구역,0,41,220,7530000,경기도교육청,7631000,경기도평택교육지원청,2016-08-12,2018-03-07,3069,2026-03-20
Z000102212,고양신일초통학구역,0,41,287,7530000,경기도교육청,7621000,경기도고양교육지원청,2016-08-12,2016-08-12,362,2026-03-20
Z000103033,금대초통학구역,0,51,130,7801000,강원특별자치도교육청,7822000,강원특별자치도원주교육지원청,2016-08-12,2016-08-12,5726,2026-03-20
Z000105345,남성현초통학구역,0,47,820,8750000,경상북도교육청,8911000,경상북도청도교육지원청,2016-08-12,2016-08-12,45,2026-03-20
Z000103225,공근초통학구역,0,51,730,7801000,강원특별자치도교육청,7892000,강원특별자치도횡성교육지원청,2016-08-12,2016-08-12,2219,2026-03-20
Z000103929,마산초통학구역,0,44,770,8140000,충청남도교육청,8241000,충청남도서천교육지원청,2016-08-12,2016-08-12,3494,2026-03-20
Z000102358,능내초통학구역,0,41,410,7530000,경기도교육청,7642000,경기도군포의왕교육지원청,2016-08-12,2016-08-12,3493,2026-03-20
Z000105586,봉원초통학구역,0,48,170,9010000,경상남도교육청,9051000,경상남도진주교육지원청,2016-08-12,2016-08-12,445,2026-03-20
Z000150610,가조초가북초공동통학구역,1,48,880,9010000,경상남도교육청,9211000,경상남도거창교육지원청,2016-08-12,2016-08-12,2854,2026-03-20
Z000103523,화산초통학구역,0,43,150,8000000,충청북도교육청,8031000,충청북도제천교육지원청,2016-08-12,2016-08-12,7088,2026-03-20
Z000101060,대구북동초통학구역,0,27,710,7240000,대구광역시교육청,7281000,대구광역시달성교육지원청,2016-08-12,2016-08-12,967,2026-03-20
Z000101042,대구한샘초통학구역,0,27,290,7240000,대구광역시교육청,7271000,대구광역시남부교육지원청,2016-08-12,2016-08-12,254,2026-03-20
Z000104195,오산남초통학구역,0,52,140,8321000,전북특별자치도교육청,8352000,전북특별자치도익산교육지원청,2016-08-12,2024-02-23,804,2026-03-20
Z000104308,김제북초통학구역,0,52,210,8321000,전북특별자치도교육청,8382000,전북특별자치도김제교육지원청,2016-08-12,2024-02-23,1148,2026-03-20
Z000104409,청웅초통학구역,0,52,750,8321000,전북특별자치도교육청,8432000,전북특별자치도임실교육지원청,2016-08-12,2024-02-23,2388,2026-03-20
Z000105385,동명초통학구역,0,47,850,8750000,경상북도교육청,8941000,경상북도칠곡교육지원청,2016-08-12,2016-08-12,610,2026-03-20
Z000100545,서울월곡초통학구역,0,11,290,7010000,서울특별시교육청,7121200,서울특별시성북강북교육지원청,2016-08-12,2016-08-12,7124,2026-03-20
Z000105051,천포초통학구역,0,47,130,8750000,경상북도교육청,8771000,경상북도경주교육지원청,2016-08-12,2016-08-12,1919,2026-03-20
Z000102211,고양백석초통학구역,0,41,285,7530000,경기도교육청,7621000,경기도고양교육지원청,2016-08-12,2016-08-12,1244,2026-03-20
Z000100280,서울문정초통학구역,0,11,710,7010000,서울특별시교육청,7130000,서울특별시강동송파교육지원청,2016-08-12,2016-08-12,6275,2026-03-20
Z000105524,우암초통학구역,0,48,121,9010000,경상남도교육청,9022000,경상남도창원교육지원청,2016-08-12,2016-08-12,6244,2026-03-20
Z000150448,영만초이리송학초공동통학구역,1,52,140,8321000,전북특별자치도교육청,8352000,전북특별자치도익산교육지원청,2016-08-12,2024-02-23,5015,2026-03-20
Z000101641,무룡초통학구역,0,31,110,7480000,울산광역시교육청,7491000,울산광역시강북교육지원청,2016-08-12,2016-08-12,5286,2026-03-20
Z000101648,삼일초통학구역,0,31,110,7480000,울산광역시교육청,7491000,울산광역시강북교육지원청,2016-08-12,2016-08-12,231,2026-03-20
Z000105746,송정초통학구역,0,48,310,9010000,경상남도교육청,9111000,경상남도거제교육지원청,2016-08-12,2016-08-12,6719,2026-03-20
Z000101505,대전비래초통학구역,0,30,230,7430000,대전광역시교육청,7441000,대전광역시동부교육지원청,2016-08-12,2016-08-12,409,2026-03-20
Z000105361,우곡초통학구역,0,47,830,8750000,경상북도교육청,8921000,경상북도고령교육지원청,2016-08-12,2016-08-12,4561,2026-03-20
Z000105352,풍각초통학구역,0,47,820,8750000,경상북도교육청,8911000,경상북도청도교육지원청,2016-08-12,2016-08-12,5190,2026-03-20
Z000101640,명촌초통학구역,0,31,200,7480000,울산광역시교육청,7491000,울산광역시강북교육지원청,2016-08-12,2016-08-12,5567,2026-03-20
Z000101630,농소초통학구역,0,31,200,7480000,울산광역시교육청,7491000,울산광역시강북교육지원청,2016-08-12,2018-12-20,2026,2026-03-20
Z000100029,서울중곡초통학구역,0,11,260,7010000,서울특별시교육청,7021000,서울특별시동부교육지원청,2016-08-12,2016-08-12,2473,2026-03-20
Z000100625,동양초통학구역,0,26,230,7150000,부산광역시교육청,7181000,부산광역시남부교육지원청,2016-08-12,2016-08-12,5830,2026-03-20
Z000103200,삼포초통학구역,0,51,720,7801000,강원특별자치도교육청,7882000,강원특별자치도홍천교육지원청,2016-08-12,2016-08-12,6668,2026-03-20
Z000106174,광교호수초통학구역,0,41,117,7530000,경기도교육청,7541000,경기도수원교육지원청,2018-03-08,2019-11-25,1655,2026-03-20
Z000101491,대전동문초통학구역,0,30,140,7430000,대전광역시교육청,7441000,대전광역시동부교육지원청,2016-08-12,2019-11-11,6977,2026-03-20
Z000101528,대전중촌초통학구역,0,30,140,7430000,대전광역시교육청,7441000,대전광역시동부교육지원청,2016-08-12,2019-11-11,725,2026-03-20
Z000104739,청풍초통학구역,0,46,790,8490000,전라남도교육청,8611000,전라남도화순교육지원청,2016-08-12,2016-08-12,4160,2026-03-20
Z000104072,전주미산초통학구역,0,52,113,8321000,전북특별자치도교육청,8332000,전북특별자치도전주교육지원청,2016-08-12,2024-02-23,3642,2026-03-20
Z000150934,화순초제한적공동통학구역,1,46,790,8490000,전라남도교육청,8611000,전라남도화순교육지원청,2020-02-26,2020-02-26,4461,2026-03-20
Z000150720,산동초구미원당초공동통학구역,1,47,190,8750000,경상북도교육청,8801000,경상북도구미교육지원청,2018-12-20,2020-02-27,5430,2026-03-20
Z000100014,서울배봉초통학구역,0,11,230,7010000,서울특별시교육청,7021000,서울특별시동부교육지원청,2016-08-12,2016-08-12,4390,2026-03-20
Z000104773,옴천초통학구역,0,46,810,8490000,전라남도교육청,8631000,전라남도강진교육지원청,2016-08-12,2016-08-12,2619,2026-03-20
Z000104734,동복초통학구역,0,46,790,8490000,전라남도교육청,8611000,전라남도화순교육지원청,2016-08-12,2016-08-12,6185,2026-03-20
Z000104745,화순초이서분교장통학구역,0,46,790,8490000,전라남도교육청,8611000,전라남도화순교육지원청,2016-08-12,2016-08-12,84,2026-03-20
Z000100767,삼덕초통학구역,0,26,530,7150000,부산광역시교육청,7201000,부산광역시북부교육지원청,2016-08-12,2016-08-12,5810,2026-03-20
Z000105265,남산초통학구역,0,47,290,8750000,경상북도교육청,8851000,경상북도경산교육지원청,2016-08-12,2016-08-12,2052,2026-03-20
Z000105309,옥전초통학구역,0,47,730,8750000,경상북도교육청,8871000,경상북도의성교육지원청,2016-08-12,2016-08-12,2055,2026-03-20
Z000100136,서울세곡초통학구역,0,11,530,7010000,서울특별시교육청,7041000,서울특별시남부교육지원청,2016-08-12,2016-08-12,10,2026-03-20
Z000150559,명도초명서초공동통학구역,1,48,121,9010000,경상남도교육청,9022000,경상남도창원교육지원청,2016-08-12,2016-08-12,1647,2026-03-20
Z000150548,가고파초산호초공동통학구역,1,48,127,9010000,경상남도교육청,9022000,경상남도창원교육지원청,2016-08-12,2016-08-12,5958,2026-03-20
Z000150686,전곡초봉암초공동통학구역,1,41,800,7530000,경기도교육청,7701000,경기도연천교육지원청,2016-08-12,2018-03-08,4614,2026-03-20
Z000101323,인천화전초통학구역,0,28,245,7310000,인천광역시교육청,7331000,인천광역시북부교육지원청,2016-08-12,2024-04-01,2903,2026-03-20
Z000104221,이리삼성초통학구역,0,52,140,8321000,전북특별자치도교육청,8352000,전북특별자치도익산교육지원청,2016-08-12,2024-02-23,583,2026-03-20
Z000105911,생비량초통학구역,0,48,860,9010000,경상남도교육청,9191000,경상남도산청교육지원청,2016-08-12,2016-08-12,4082,2026-03-20
Z000101498,대전문성초통학구역,0,30,140,7430000,대전광역시교육청,7441000,대전광역시동부교육지원청,2016-08-12,2016-08-12,5624,2026-03-20
Z000105877,삼동초통학구역,0,48,840,9010000,경상남도교육청,9171000,경상남도남해교육지원청,2016-08-12,2016-08-12,6619,2026-03-20
Z000105936,마리초통학구역,0,48,880,9010000,경상남도교육청,9211000,경상남도거창교육지원청,2016-08-12,2016-08-12,3473,2026-03-20
Z000105919,백전초통학구역,0,48,870,9010000,경상남도교육청,9201000,경상남도함양교육지원청,2016-08-12,2016-08-12,4108,2026-03-20
Z000100941,대구대산초통학구역,0,27,230,7240000,대구광역시교육청,7261000,대구광역시서부교육지원청,2016-08-12,2016-08-12,4210,2026-03-20
Z000102325,청옥초통학구역,0,41,220,7530000,경기도교육청,7631000,경기도평택교육지원청,2016-08-12,2019-09-06,808,2026-03-20
Z000104419,옥천초통학구역,0,52,770,8321000,전북특별자치도교육청,8442000,전북특별자치도순창교육지원청,2016-08-12,2024-02-23,2659,2026-03-20
Z000100276,서울명원초통학구역,0,11,740,7010000,서울특별시교육청,7130000,서울특별시강동송파교육지원청,2016-08-12,2016-08-12,5463,2026-03-20
Z000103241,구래초통학구역,0,51,750,7801000,강원특별자치도교육청,7902000,강원특별자치도영월교육지원청,2016-08-12,2016-08-12,1135,2026-03-20
Z000103127,삼성초통학구역,0,51,190,7801000,강원특별자치도교육청,7852000,강원특별자치도태백교육지원청,2016-08-12,2016-08-12,6715,2026-03-20
Z000103270,신리초통학구역,0,51,760,7801000,강원특별자치도교육청,7912000,강원특별자치도평창교육지원청,2016-08-12,2016-08-12,2513,2026-03-20
Z000100225,서울교동초통학구역,0,11,110,7010000,서울특별시교육청,7061000,서울특별시중부교육지원청,2016-08-12,2018-03-07,577,2026-03-20
Z000102118,각골초통학구역,0,41,271,7530000,경기도교육청,7611000,경기도안산교육지원청,2016-08-12,2016-08-12,3198,2026-03-20
Z000102085,동두천송내초통학구역,0,41,630,7530000,경기도교육청,7602000,경기도동두천양주교육지원청,2016-08-12,2016-08-12,5330,2026-03-20
Z000102171,안산서초통학구역,0,41,273,7530000,경기도교육청,7611000,경기도안산교육지원청,2016-08-12,2016-08-12,3114,2026-03-20
Z000102555,장명초통학구역,0,41,590,7530000,경기도교육청,7679000,경기도화성오산교육지원청,2016-08-12,2025-03-19,4758,2026-03-20
Z000102587,활초초통학구역,0,41,590,7530000,경기도교육청,7679000,경기도화성오산교육지원청,2016-08-12,2016-08-12,6202,2026-03-20
Z000102152,성포초통학구역,0,41,271,7530000,경기도교육청,7611000,경기도안산교육지원청,2016-08-12,2016-08-12,3560,2026-03-20
Z000102326,팽성초통학구역,0,41,220,7530000,경기도교육청,7631000,경기도평택교육지원청,2016-08-12,2016-08-12,1699,2026-03-20
Z000102010,부천부흥초통학구역,0,41,192,7530000,경기도교육청,7581000,경기도부천교육지원청,2016-08-12,2024-03-29,3030,2026-03-20
Z000150521,나산초양남초공동통학구역,1,47,130,8750000,경상북도교육청,8771000,경상북도경주교육지원청,2016-08-12,2016-08-12,2925,2026-03-20
Z000103728,신풍초통학구역,0,44,150,8140000,충청남도교육청,8161000,충청남도공주교육지원청,2016-08-12,2016-08-12,6059,2026-03-20
Z000103747,대남초통학구역,0,44,180,8140000,충청남도교육청,8171000,충청남도보령교육지원청,2016-08-12,2016-08-12,3890,2026-03-20
Z000150132,부천동초부천부안초공동통학구역,1,41,194,7530000,경기도교육청,7581000,경기도부천교육지원청,2016-08-12,2024-03-29,1290,2026-03-20
Z000150135,상미초상동초공동통학구역,1,41,192,7530000,경기도교육청,7581000,경기도부천교육지원청,2016-08-12,2024-03-29,3362,2026-03-20
Z000103865,감곡초통학구역,0,44,230,8140000,충청남도교육청,8222000,충청남도논산계룡교육지원청,2016-08-12,2016-08-12,873,2026-03-20
Z000150115,성남양지초성남은행초공동통학구역,1,41,131,7530000,경기도교육청,7551000,경기도성남교육지원청,2016-08-12,2016-08-12,5986,2026-03-20
Z000103762,주포초통학구역,0,44,180,8140000,충청남도교육청,8171000,충청남도보령교육지원청,2016-08-12,2016-08-12,5663,2026-03-20
Z000101258,인천가림초통학구역,0,28,260,7310000,인천광역시교육청,7361000,인천광역시서부교육지원청,2016-08-12,2016-08-12,1542,2026-03-20
Z000101500,대전문화초통학구역,0,30,140,7430000,대전광역시교육청,7441000,대전광역시동부교육지원청,2016-08-12,2016-08-12,303,2026-03-20
Z000104302,광활초통학구역,0,52,210,8321000,전북특별자치도교육청,8382000,전북특별자치도김제교육지원청,2016-08-12,2024-02-23,2180,2026-03-20
Z000104271,정읍수성초통학구역,0,52,180,8321000,전북특별자치도교육청,8362000,전북특별자치도정읍교육지원청,2016-08-12,2024-02-23,5354,2026-03-20
Z000106046,덕수초통학구역,0,50,130,9290000,제주특별자치도교육청,9299000,제주특별자치도서귀포시교육지원청,2016-08-12,2016-08-12,3808,2026-03-20
Z000104084,전주송북초통학구역,0,52,113,8321000,전북특별자치도교육청,8332000,전북특별자치도전주교육지원청,2016-08-12,2024-02-23,5409,2026-03-20
Z000150463,상관초남관초공동통학구역,1,52,710,8321000,전북특별자치도교육청,8392000,전북특별자치도완주교육지원청,2016-08-12,2024-02-23,6834,2026-03-20
Z000105989,북촌초통학구역,0,50,110,9290000,제주특별자치도교육청,9296000,제주특별자치도제주시교육지원청,2016-08-12,2016-08-12,5702,2026-03-20
Z000106023,추자초신양분교장통학구역,0,50,110,9290000,제주특별자치도교육청,9296000,제주특별자치도제주시교육지원청,2016-08-12,2016-08-12,2818,2026-03-20
Z000105995,수원초통학구역,0,50,110,9290000,제주특별자치도교육청,9296000,제주특별자치도제주시교육지원청,2016-08-12,2016-08-12,1080,2026-03-20
Z000103553,청성초통학구역,0,43,730,8000000,충청북도교육청,8061000,충청북도옥천교육지원청,2016-08-12,2016-08-12,1052,2026-03-20
Z000104242,흥왕초통학구역,0,52,140,8321000,전북특별자치도교육청,8352000,전북특별자치도익산교육지원청,2016-08-12,2024-02-23,148,2026-03-20
Z000105735,거제초통학구역,0,48,310,9010000,경상남도교육청,9111000,경상남도거제교육지원청,2016-08-12,2017-02-14,6074,2026-03-20
Z000105846,중부초통학구역,0,48,330,9010000,경상남도교육청,9151000,경상남도양산교육지원청,2016-08-12,2016-08-12,5834,2026-03-20
Z000105516,완월초통학구역,0,48,125,9010000,경상남도교육청,9022000,경상남도창원교육지원청,2016-08-12,2016-08-12,2417,2026-03-20
Z000101264,인천간재울초통학구역,0,28,260,7310000,인천광역시교육청,7361000,인천광역시서부교육지원청,2016-08-12,2016-08-12,4242,2026-03-20
Z000105164,형곡초통학구역,0,47,190,8750000,경상북도교육청,8801000,경상북도구미교육지원청,2016-08-12,2016-08-12,6486,2026-03-20
Z000105181,이산초통학구역,0,47,210,8750000,경상북도교육청,8811000,경상북도영주교육지원청,2016-08-12,2016-08-12,497,2026-03-20
Z000104307,김제동초통학구역,0,52,210,8321000,전북특별자치도교육청,8382000,전북특별자치도김제교육지원청,2016-08-12,2024-02-23,2065,2026-03-20
Z000105821,백동초통학구역,0,48,330,9010000,경상남도교육청,9151000,경상남도양산교육지원청,2016-08-12,2016-08-12,4667,2026-03-20
Z000105774,부림초통학구역,0,48,720,9010000,경상남도교육청,9121000,경상남도의령교육지원청,2016-08-12,2016-08-12,6282,2026-03-20
Z000102599,대성동초통학구역,0,41,480,7530000,경기도교육청,7681000,경기도파주교육지원청,2016-08-12,2016-08-12,3058,2026-03-20
Z000103433,용담초현양원분교장통학구역,0,43,111,8000000,충청북도교육청,8011000,충청북도청주교육지원청,2016-08-12,2016-08-12,6224,2026-03-20
Z000103439,원봉초통학구역,0,43,111,8000000,충청북도교육청,8011000,충청북도청주교육지원청,2016-08-12,2016-08-12,2989,2026-03-20
Z000101146,인천부광초통학구역,0,28,237,7310000,인천광역시교육청,7331000,인천광역시북부교육지원청,2016-08-12,2016-08-12,2012,2026-03-20
Z000101079,북포초통학구역,0,28,720,7310000,인천광역시교육청,7321000,인천광역시남부교육지원청,2016-08-12,2016-08-12,1791,2026-03-20
Z000150614,노형초한라초공동통학구역,1,50,110,9290000,제주특별자치도교육청,9296000,제주특별자치도제주시교육지원청,2016-08-12,2016-08-12,4223,2026-03-20
Z000103507,백운초통학구역,0,43,150,8000000,충청북도교육청,8031000,충청북도제천교육지원청,2016-08-12,2016-08-12,6616,2026-03-20
Z000104577,순천도사초통학구역,0,46,150,8490000,전라남도교육청,8521000,전라남도순천교육지원청,2016-08-12,2016-08-12,1813,2026-03-20
Z000101709,상북초소호분교통학구역,0,31,710,7480000,울산광역시교육청,7501000,울산광역시강남교육지원청,2016-08-12,2016-08-12,4606,2026-03-20
Z000105860,동해초통학구역,0,48,820,9010000,경상남도교육청,9161000,경상남도고성교육지원청,2016-08-12,2016-08-12,1126,2026-03-20
Z000105560,현동초통학구역,0,48,125,9010000,경상남도교육청,9022000,경상남도창원교육지원청,2016-08-12,2016-08-12,2853,2026-03-20
Z000103468,달천초매현분교장통학구역,0,43,130,8000000,충청북도교육청,8021000,충청북도충주교육지원청,2016-08-12,2016-08-12,4015,2026-03-20
Z000105851,화제초통학구역,0,48,330,9010000,경상남도교육청,9151000,경상남도양산교육지원청,2016-08-12,2016-08-12,4063,2026-03-20
Z000150417,죽리초증평초공동통학구역,1,43,745,8000000,충청북도교육청,8092000,충청북도괴산증평교육지원청,2016-08-12,2016-08-12,2331,2026-03-20
Z000105328,일월초청기분교장통학구역,0,47,760,8750000,경상북도교육청,8891000,경상북도영양교육지원청,2016-08-12,2016-08-12,996,2026-03-20
Z000104948,구룡포초통학구역,0,47,111,8750000,경상북도교육청,8761000,경상북도포항교육지원청,2016-08-12,2016-08-12,6447,2026-03-20
Z000105413,도촌초통학구역,0,47,920,8750000,경상북도교육청,8961000,경상북도봉화교육지원청,2016-08-12,2016-08-12,6102,2026-03-20
Z000101093,인천삼목초장봉분교장통학구역,0,28,720,7310000,인천광역시교육청,7321000,인천광역시남부교육지원청,2016-08-12,2016-08-12,523,2026-03-20
Z000105512,안청초통학구역,0,48,129,9010000,경상남도교육청,9022000,경상남도창원교육지원청,2016-08-12,2016-08-12,1840,2026-03-20
Z000106052,보목초통학구역,0,50,130,9290000,제주특별자치도교육청,9299000,제주특별자치도서귀포시교육지원청,2016-08-12,2016-08-12,6551,2026-03-20
Z000103409,산남초통학구역,0,43,112,8000000,충청북도교육청,8011000,충청북도청주교육지원청,2016-08-12,2016-08-12,3974,2026-03-20
Z000101279,인천당산초통학구역,0,28,245,7310000,인천광역시교육청,7331000,인천광역시북부교육지원청,2016-08-12,2024-04-01,2182,2026-03-20
Z000104620,문평초통학구역,0,46,170,8490000,전라남도교육청,8531000,전라남도나주교육지원청,2016-08-12,2016-08-12,4806,2026-03-20
Z000101390,광주대성초통학구역,0,29,155,7380000,광주광역시교육청,7401000,광주광역시서부교육지원청,2016-08-12,2018-02-06,805,2026-03-20
Z000105862,방산초통학구역,0,48,820,9010000,경상남도교육청,9161000,경상남도고성교육지원청,2016-08-12,2016-08-12,91,2026-03-20
Z000105885,갈육초통학구역,0,48,850,9010000,경상남도교육청,9181000,경상남도하동교육지원청,2016-08-12,2016-08-12,4376,2026-03-20
Z000105462,구산초통학구역,0,48,125,9010000,경상남도교육청,9022000,경상남도창원교육지원청,2016-08-12,2016-08-17,6921,2026-03-20
Z000105610,도산초통학구역,0,48,220,9010000,경상남도교육청,9071000,경상남도통영교육지원청,2016-08-12,2016-08-12,2765,2026-03-20
Z000105838,어곡초통학구역,0,48,330,9010000,경상남도교육청,9151000,경상남도양산교육지원청,2016-08-12,2016-08-12,4078,2026-03-20
Z000101662,옥성초통학구역,0,31,110,7480000,울산광역시교육청,7491000,울산광역시강북교육지원청,2016-08-12,2016-08-12,851,2026-03-20
Z000104657,진월초통학구역,0,46,230,8490000,전라남도교육청,8551000,전라남도광양교육지원청,2016-08-12,2016-08-12,3734,2026-03-20
Z000105772,대의초통학구역,0,48,720,9010000,경상남도교육청,9121000,경상남도의령교육지원청,2016-08-12,2016-08-12,2651,2026-03-20
Z000101645,백양초통학구역,0,31,110,7480000,울산광역시교육청,7491000,울산광역시강북교육지원청,2016-08-12,2016-08-12,6156,2026-03-20
Z000105784,대산초통학구역,0,48,730,9010000,경상남도교육청,9131000,경상남도함안교육지원청,2016-08-12,2016-08-12,6957,2026-03-20
Z000105743,명사초통학구역,0,48,310,9010000,경상남도교육청,9111000,경상남도거제교육지원청,2016-08-12,2016-08-12,932,2026-03-20
Z000101672,태화초통학구역,0,31,110,7480000,울산광역시교육청,7491000,울산광역시강북교육지원청,2016-08-12,2016-08-12,5279,2026-03-20
Z000105963,초계초통학구역,0,48,890,9010000,경상남도교육청,9221000,경상남도합천교육지원청,2016-08-12,2016-08-12,3353,2026-03-20
Z000104384,설천초통학구역,0,52,730,8321000,전북특별자치도교육청,8412000,전북특별자치도무주교육지원청,2016-08-12,2024-02-23,7024,2026-03-20
Z000104313,만경초통학구역,0,52,210,8321000,전북특별자치도교육청,8382000,전북특별자치도김제교육지원청,2016-08-12,2024-02-23,3576,2026-03-20
Z000105843,원동초이천분교장통학구역,0,48,330,9010000,경상남도교육청,9151000,경상남도양산교육지원청,2016-08-12,2016-08-12,6311,2026-03-20
Z000105937,북상초통학구역,0,48,880,9010000,경상남도교육청,9211000,경상남도거창교육지원청,2016-08-12,2016-08-12,6111,2026-03-20
Z000101305,인천안남초통학구역,0,28,245,7310000,인천광역시교육청,7331000,인천광역시북부교육지원청,2016-08-12,2024-04-01,1110,2026-03-20
Z000101306,인천안산초통학구역,0,28,245,7310000,인천광역시교육청,7331000,인천광역시북부교육지원청,2016-08-12,2024-04-01,5554,2026-03-20
Z000105300,구천초통학구역,0,47,730,8750000,경상북도교육청,8871000,경상북도의성교육지원청,2016-08-12,2016-08-12,1872,2026-03-20
Z000104951,기북초통학구역,0,47,113,8750000,경상북도교육청,8761000,경상북도포항교육지원청,2016-08-12,2016-08-12,459,2026-03-20
Z000104611,나주북초통학구역,0,46,170,8490000,전라남도교육청,8531000,전라남도나주교육지원청,2016-08-12,2016-08-12,3776,2026-03-20
Z000101415,미산초통학구역,0,29,200,7380000,광주광역시교육청,7401000,광주광역시서부교육지원청,2016-08-12,2016-08-12,831,2026-03-20
Z000150409,진천삼수초초평초공동통학구역,1,43,750,8000000,충청북도교육청,8081000,충청북도진천교육지원청,2016-08-12,2016-08-12,1176,2026-03-20
Z000105689,안명초통학구역,0,48,250,9010000,경상남도교육청,9091000,경상남도김해교육지원청,2016-08-12,2016-08-12,2053,2026-03-20
Z000104653,옥룡북초통학구역,0,46,230,8490000,전라남도교육청,8551000,전라남도광양교육지원청,2016-08-12,2016-08-12,6755,2026-03-20
Z000104376,진안초통학구역,0,52,720,8321000,전북특별자치도교육청,8402000,전북특별자치도진안교육지원청,2016-08-12,2024-02-23,3106,2026-03-20
Z000103283,남평초통학구역,0,51,770,7801000,강원특별자치도교육청,7922000,강원특별자치도정선교육지원청,2016-08-12,2016-08-12,4339,2026-03-20
Z000105067,김천서부초통학구역,0,47,150,8750000,경상북도교육청,8781000,경상북도김천교육지원청,2016-08-12,2016-08-12,6674,2026-03-20
Z000101189,인천만월초통학구역,0,28,200,7310000,인천광역시교육청,7341000,인천광역시동부교육지원청,2016-08-12,2016-08-12,1256,2026-03-20
Z000101100,인천송월초통학구역,0,28,110,7310000,인천광역시교육청,7321000,인천광역시남부교육지원청,2016-08-12,2016-08-12,1230,2026-03-20
Z000104519,성산초통학구역,0,46,130,8490000,전라남도교육청,8511000,전라남도여수교육지원청,2016-08-12,2016-08-12,4988,2026-03-20
Z000104441,심원초통학구역,0,52,790,8321000,전북특별자치도교육청,8452000,전북특별자치도고창교육지원청,2016-08-12,2024-02-23,2132,2026-03-20
Z000103609,맹동초통학구역,0,43,770,8000000,충청북도교육청,8101000,충청북도음성교육지원청,2016-08-12,2016-08-12,2836,2026-03-20
Z000104353,소양초통학구역,0,52,710,8321000,전북특별자치도교육청,8392000,전북특별자치도완주교육지원청,2016-08-12,2024-02-23,5934,2026-03-20
Z000104360,청명초통학구역,0,52,710,8321000,전북특별자치도교육청,8392000,전북특별자치도완주교육지원청,2016-08-12,2024-02-23,2792,2026-03-20
Z000104340,구이초통학구역,0,52,710,8321000,전북특별자치도교육청,8392000,전북특별자치도완주교육지원청,2016-08-12,2024-02-23,3664,2026-03-20
Z000104162,문창초통학구역,0,52,130,8321000,전북특별자치도교육청,8342000,전북특별자치도군산교육지원청,2016-08-12,2024-02-23,4236,2026-03-20
Z000150502,일로초일로동초몽탄초공동통학구역,1,46,840,8490000,전라남도교육청,8661000,전라남도무안교육지원청,2016-08-12,2016-08-12,6787,2026-03-20
Z000104649,다압초통학구역,0,46,230,8490000,전라남도교육청,8551000,전라남도광양교육지원청,2016-08-12,2016-08-12,6358,2026-03-20
Z000105623,인평초통학구역,0,48,220,9010000,경상남도교육청,9071000,경상남도통영교육지원청,2016-08-12,2018-07-19,3653,2026-03-20
Z000105730,초동초통학구역,0,48,270,9010000,경상남도교육청,9101000,경상남도밀양교육지원청,2016-08-12,2016-08-12,4947,2026-03-20
Z000106074,창천초통학구역,0,50,130,9290000,제주특별자치도교육청,9299000,제주특별자치도서귀포시교육지원청,2016-08-12,2016-08-12,4214,2026-03-20
Z000103481,앙성초통학구역,0,43,130,8000000,충청북도교육청,8021000,충청북도충주교육지원청,2016-08-12,2018-12-20,1690,2026-03-20
Z000100979,대구함지초통학구역,0,27,230,7240000,대구광역시교육청,7261000,대구광역시서부교육지원청,2016-08-12,2016-08-12,6838,2026-03-20
Z000105486,반송초통학구역,0,48,123,9010000,경상남도교육청,9022000,경상남도창원교육지원청,2016-08-12,2016-08-12,5202,2026-03-20
Z000104322,용동초통학구역,0,52,210,8321000,전북특별자치도교육청,8382000,전북특별자치도김제교육지원청,2016-08-12,2024-02-23,4310,2026-03-20
Z000104314,백구초통학구역,0,52,210,8321000,전북특별자치도교육청,8382000,전북특별자치도김제교육지원청,2016-08-12,2024-02-23,3268,2026-03-20
Z000104392,수남초통학구역,0,52,740,8321000,전북특별자치도교육청,8422000,전북특별자치도장수교육지원청,2016-08-12,2024-02-23,3583,2026-03-20
Z000104352,소양서초통학구역,0,52,710,8321000,전북특별자치도교육청,8392000,전북특별자치도완주교육지원청,2016-08-12,2024-02-23,346,2026-03-20
Z000103858,성대초통학구역,0,44,710,8140000,충청남도교육청,8201000,충청남도금산교육지원청,2016-08-12,2016-12-05,1819,2026-03-20
Z000150379,낭성초미원초공동통학구역,1,43,111,8000000,충청북도교육청,8011000,충청북도청주교육지원청,2016-08-12,2016-08-12,5866,2026-03-20
Z000105398,장곡초통학구역,0,47,850,8750000,경상북도교육청,8941000,경상북도칠곡교육지원청,2016-08-12,2016-08-12,6953,2026-03-20
Z000105369,벽진초통학구역,0,47,840,8750000,경상북도교육청,8931000,경상북도성주교육지원청,2016-08-12,2016-08-12,5299,2026-03-20
Z000101130,인천갈산초통학구역,0,28,237,7310000,인천광역시교육청,7331000,인천광역시북부교육지원청,2016-08-12,2016-08-12,4681,2026-03-20
Z000101956,벌말초통학구역,0,41,173,7530000,경기도교육청,7569000,경기도안양과천교육지원청,2016-08-12,2017-12-08,5036,2026-03-20
Z000101183,인천동막초통학구역,0,28,185,7310000,인천광역시교육청,7341000,인천광역시동부교육지원청,2016-08-12,2016-08-12,1536,2026-03-20
Z000105790,외암초통학구역,0,48,730,9010000,경상남도교육청,9131000,경상남도함안교육지원청,2016-08-12,2016-08-12,2521,2026-03-20
Z000105602,집현초통학구역,0,48,170,9010000,경상남도교육청,9051000,경상남도진주교육지원청,2016-08-12,2016-08-12,3519,2026-03-20
Z000105578,명석초통학구역,0,48,170,9010000,경상남도교육청,9051000,경상남도진주교육지원청,2016-08-12,2016-08-12,2223,2026-03-20
Z000104521,소라초소라남분교장통학구역,0,46,130,8490000,전라남도교육청,8511000,전라남도여수교육지원청,2016-08-12,2016-08-12,1398,2026-03-20
Z000100931,대구관문초통학구역,0,27,230,7240000,대구광역시교육청,7261000,대구광역시서부교육지원청,2016-08-12,2016-08-12,5798,2026-03-20
Z000103467,단월초통학구역,0,43,130,8000000,충청북도교육청,8021000,충청북도충주교육지원청,2016-08-12,2016-08-12,6684,2026-03-20
Z000104424,풍산초통학구역,0,52,770,8321000,전북특별자치도교육청,8442000,전북특별자치도순창교육지원청,2016-08-12,2024-02-23,7122,2026-03-20
Z000104408,지사초통학구역,0,52,750,8321000,전북특별자치도교육청,8432000,전북특별자치도임실교육지원청,2016-08-12,2024-02-23,5619,2026-03-20
Z000150601,대성초율천초공동통학구역,1,48,820,9010000,경상남도교육청,9161000,경상남도고성교육지원청,2016-08-12,2016-08-12,2960,2026-03-20
Z000102063,서면초통학구역,0,41,210,7530000,경기도교육청,7591000,경기도광명교육지원청,2016-08-12,2017-10-12,2118,2026-03-20
Z000102092,산북초통학구역,0,41,630,7530000,경기도교육청,7602000,경기도동두천양주교육지원청,2016-08-12,2016-08-12,5334,2026-03-20
Z000105418,법전중앙초통학구역,0,47,920,8750000,경상북도교육청,8961000,경상북도봉화교육지원청,2016-08-12,2016-08-12,2283,2026-03-20
Z000104431,동호초통학구역,0,52,790,8321000,전북특별자치도교육청,8452000,전북특별자치도고창교육지원청,2016-08-12,2024-02-23,1415,2026-03-20
Z000104825,청계북초통학구역,0,46,840,8490000,전라남도교육청,8661000,전라남도무안교육지원청,2016-08-12,2016-08-12,1521,2026-03-20
Z000105483,무동초통학구역,0,48,121,9010000,경상남도교육청,9022000,경상남도창원교육지원청,2016-08-12,2016-08-12,4209,2026-03-20
Z000100149,서울영림초통학구역,0,11,560,7010000,서울특별시교육청,7041000,서울특별시남부교육지원청,2016-08-12,2016-08-12,35,2026-03-20
Z000101578,대전반석초통학구역,0,30,200,7430000,대전광역시교육청,7451000,대전광역시서부교육지원청,2016-08-12,2016-08-12,3131,2026-03-20
Z000150063,인천부곡초인천부마초공동통학구역,1,28,237,7310000,인천광역시교육청,7331000,인천광역시북부교육지원청,2016-08-12,2016-08-12,3940,2026-03-20
Z000100970,대구칠성초통학구역,0,27,230,7240000,대구광역시교육청,7261000,대구광역시서부교육지원청,2016-08-12,2016-09-05,607,2026-03-20
Z000103460,흥덕초통학구역,0,43,113,8000000,충청북도교육청,8011000,충청북도청주교육지원청,2016-08-12,2016-08-12,5747,2026-03-20
Z000150696,해성초새만금초공동통학구역,1,52,130,8321000,전북특별자치도교육청,8342000,전북특별자치도군산교육지원청,2018-03-28,2024-02-23,2171,2026-03-20
Z000103476,산척초통학구역,0,43,130,8000000,충청북도교육청,8021000,충청북도충주교육지원청,2016-08-12,2016-08-12,3088,2026-03-20
Z000105632,한산초통학구역,0,48,220,9010000,경상남도교육청,9071000,경상남도통영교육지원청,2016-08-12,2018-07-19,1509,2026-03-20
Z000103486,용원초통학구역,0,43,130,8000000,충청북도교육청,8021000,충청북도충주교육지원청,2016-08-12,2016-08-12,5511,2026-03-20
Z000101132,인천개흥초통학구역,0,28,237,7310000,인천광역시교육청,7331000,인천광역시북부교육지원청,2016-08-12,2016-08-12,223,2026-03-20
Z000104354,송광초통학구역,0,52,710,8321000,전북특별자치도교육청,8392000,전북특별자치도완주교육지원청,2016-08-12,2024-02-23,3126,2026-03-20
Z000105461,구산초구서분교장통학구역,0,48,125,9010000,경상남도교육청,9022000,경상남도창원교육지원청,2016-08-12,2016-08-12,5072,2026-03-20
Z000105515,온천초통학구역,0,48,121,9010000,경상남도교육청,9022000,경상남도창원교육지원청,2016-08-12,2016-08-12,746,2026-03-20
Z000106056,서광초통학구역,0,50,130,9290000,제주특별자치도교육청,9299000,제주특별자치도서귀포시교육지원청,2016-08-12,2016-08-12,4967,2026-03-20
Z000100916,대구지산초통학구역,0,27,260,7240000,대구광역시교육청,7251000,대구광역시동부교육지원청,2016-08-12,2016-08-12,2546,2026-03-20
Z000105882,지족초통학구역,0,48,840,9010000,경상남도교육청,9171000,경상남도남해교육지원청,2016-08-12,2016-08-12,5728,2026-03-20
Z000106053,보성초통학구역,0,50,130,9290000,제주특별자치도교육청,9299000,제주특별자치도서귀포시교육지원청,2016-08-12,2016-08-12,264,2026-03-20
Z000100990,대구내당초통학구역,0,27,290,7240000,대구광역시교육청,7271000,대구광역시남부교육지원청,2016-08-12,2016-08-12,2415,2026-03-20
Z000103543,동이초통학구역,0,43,730,8000000,충청북도교육청,8061000,충청북도옥천교육지원청,2016-08-12,2016-08-12,1403,2026-03-20
Z000150555,내서초북성초공동통학구역,1,48,127,9010000,경상남도교육청,9022000,경상남도창원교육지원청,2016-08-12,2016-08-12,4195,2026-03-20
Z000150558,마산신월초해운초공동통학구역,1,48,125,9010000,경상남도교육청,9022000,경상남도창원교육지원청,2016-08-12,2016-08-12,3295,2026-03-20
Z000102371,오전초통학구역,0,41,430,7530000,경기도교육청,7642000,경기도군포의왕교육지원청,2016-08-12,2016-08-12,3737,2026-03-20
Z000101001,대구본리초통학구역,0,27,290,7240000,대구광역시교육청,7271000,대구광역시남부교육지원청,2016-08-12,2016-08-12,1338,2026-03-20
Z000105569,금산초통학구역,0,48,170,9010000,경상남도교육청,9051000,경상남도진주교육지원청,2016-08-12,2016-08-12,2649,2026-03-20
Z000101686,굴화초통학구역,0,31,710,7480000,울산광역시교육청,7501000,울산광역시강남교육지원청,2016-08-12,2016-08-12,3150,2026-03-20
Z000101669,전하초통학구역,0,31,170,7480000,울산광역시교육청,7491000,울산광역시강북교육지원청,2016-08-12,2016-08-12,4697,2026-03-20
Z000103539,회인초통학구역,0,43,720,8000000,충청북도교육청,8051000,충청북도보은교육지원청,2016-08-12,2016-08-12,3216,2026-03-20
Z000101636,매곡초통학구역,0,31,200,7480000,울산광역시교육청,7491000,울산광역시강북교육지원청,2016-08-12,2017-02-17,6434,2026-03-20
Z000104343,동상초통학구역,0,52,710,8321000,전북특별자치도교육청,8392000,전북특별자치도완주교육지원청,2016-08-12,2024-02-23,2704,2026-03-20
Z000104315,백석초통학구역,0,52,210,8321000,전북특별자치도교육청,8382000,전북특별자치도김제교육지원청,2016-08-12,2024-02-23,3246,2026-03-20
Z000104390,번암초통학구역,0,52,740,8321000,전북특별자치도교육청,8422000,전북특별자치도장수교육지원청,2016-08-12,2024-02-23,4619,2026-03-20
Z000105903,횡천초통학구역,0,48,850,9010000,경상남도교육청,9181000,경상남도하동교육지원청,2016-08-12,2016-08-12,3466,2026-03-20
Z000104177,임피초통학구역,0,52,130,8321000,전북특별자치도교육청,8342000,전북특별자치도군산교육지원청,2016-08-12,2024-02-23,2342,2026-03-20
Z000104355,용봉초통학구역,0,52,710,8321000,전북특별자치도교육청,8392000,전북특별자치도완주교육지원청,2016-08-12,2024-02-23,7120,2026-03-20
Z000103364,아야진초통학구역,0,51,820,7801000,강원특별자치도교육청,7972000,강원특별자치도고성교육지원청,2016-08-12,2016-08-12,5155,2026-03-20
Z000150200,오산초서탄초공동통학구역,1,41,220,7530000,경기도교육청,7631000,경기도평택교육지원청,2016-08-12,2016-08-12,5397,2026-03-20
Z000150433,의당초의랑초공동통학구역,1,44,150,8140000,충청남도교육청,8161000,충청남도공주교육지원청,2016-08-12,2016-08-12,1209,2026-03-20
Z000106075,태흥초통학구역,0,50,130,9290000,제주특별자치도교육청,9299000,제주특별자치도서귀포시교육지원청,2016-08-12,2016-08-12,6933,2026-03-20
Z000150282,백학초연천노곡초공동통학구역,1,41,800,7530000,경기도교육청,7701000,경기도연천교육지원청,2016-08-12,2016-08-12,6533,2026-03-20
Z000100365,서울양원초통학구역,0,11,470,7010000,서울특별시교육청,7081300,서울특별시강서양천교육지원청,2016-08-12,2016-08-12,3500,2026-03-20
Z000103469,달천초통학구역,0,43,130,8000000,충청북도교육청,8021000,충청북도충주교육지원청,2016-08-12,2016-08-12,2585,2026-03-20
Z000150429,대가초상진초공동통학구역,1,43,800,8000000,충청북도교육청,8111000,충청북도단양교육지원청,2016-08-12,2016-08-12,1578,2026-03-20
Z000105282,정평초통학구역,0,47,290,8750000,경상북도교육청,8851000,경상북도경산교육지원청,2016-08-12,2016-08-12,4070,2026-03-20
Z000102670,산곡초통학구역,0,41,450,7530000,경기도교육청,7692000,경기도광주하남교육지원청,2016-08-12,2016-08-12,2393,2026-03-20
Z000101291,인천부현동초통학구역,0,28,245,7310000,인천광역시교육청,7331000,인천광역시북부교육지원청,2016-08-12,2024-04-01,5129,2026-03-20
Z000101283,인천명현초통학구역,0,28,245,7310000,인천광역시교육청,7331000,인천광역시북부교육지원청,2016-08-12,2024-04-01,5707,2026-03-20
Z000101225,인천조동초통학구역,0,28,200,7310000,인천광역시교육청,7341000,인천광역시동부교육지원청,2016-08-12,2018-11-11,2498,2026-03-20
Z000103534,수한초통학구역,0,43,720,8000000,충청북도교육청,8051000,충청북도보은교육지원청,2016-08-12,2016-08-12,3458,2026-03-20
Z000103525,내북초통학구역,0,43,720,8000000,충청북도교육청,8051000,충청북도보은교육지원청,2016-08-12,2016-08-12,4362,2026-03-20
Z000103538,회남초통학구역,0,43,720,8000000,충청북도교육청,8051000,충청북도보은교육지원청,2016-08-12,2016-08-12,3211,2026-03-20
Z000104824,청계남초통학구역,0,46,840,8490000,전라남도교육청,8661000,전라남도무안교육지원청,2016-08-12,2016-08-12,2436,2026-03-20
Z000100212,서울중현초통학구역,0,11,350,7010000,서울특별시교육청,7051000,서울특별시북부교육지원청,2016-08-12,2016-08-12,6997,2026-03-20
Z000101719,여천초통학구역,0,31,140,7480000,울산광역시교육청,7501000,울산광역시강남교육지원청,2016-08-12,2016-08-12,1756,2026-03-20
Z000150401,안내초판동초공동통학구역,1,43,730,8000000,충청북도교육청,8051000,충청북도보은교육지원청,2016-08-12,2016-08-12,2565,2026-03-20
Z000150422,대소초부윤초공동통학구역,1,43,770,8000000,충청북도교육청,8101000,충청북도음성교육지원청,2016-08-12,2016-08-12,4754,2026-03-20
Z000103568,황간초통학구역,0,43,740,8000000,충청북도교육청,8071000,충청북도영동교육지원청,2016-08-12,2016-08-12,2216,2026-03-20
Z000103618,오선초통학구역,0,43,770,8000000,충청북도교육청,8101000,충청북도음성교육지원청,2016-08-12,2016-08-12,4620,2026-03-20
Z000105858,대흥초통학구역,0,48,820,9010000,경상남도교육청,9161000,경상남도고성교육지원청,2016-08-12,2016-08-12,5605,2026-03-20
Z000104754,용산초통학구역,0,46,800,8490000,전라남도교육청,8621000,전라남도장흥교육지원청,2016-08-12,2016-08-12,2531,2026-03-20
Z000105781,화정초통학구역,0,48,720,9010000,경상남도교육청,9121000,경상남도의령교육지원청,2016-08-12,2016-08-12,4274,2026-03-20
Z000105493,사파초통학구역,0,48,123,9010000,경상남도교육청,9022000,경상남도창원교육지원청,2016-08-12,2016-08-12,4943,2026-03-20
Z000150468,변산초상서초공동통학구역,1,52,800,8321000,전북특별자치도교육청,8462000,전북특별자치도부안교육지원청,2016-08-12,2024-02-23,3034,2026-03-20
Z000105477,동산초통학구역,0,48,123,9010000,경상남도교육청,9022000,경상남도창원교육지원청,2016-08-12,2016-08-12,494,2026-03-20
Z000103617,오갑초통학구역,0,43,770,8000000,충청북도교육청,8101000,충청북도음성교육지원청,2016-08-12,2016-08-12,2577,2026-03-20
Z000101121,인천인주초통학구역,0,28,177,7310000,인천광역시교육청,7321000,인천광역시남부교육지원청,2018-09-19,2016-08-12,5090,2026-03-20
Z000103688,천안신대초통학구역,0,44,133,8140000,충청남도교육청,8151000,충청남도천안교육지원청,2016-08-12,2016-08-12,1889,2026-03-20
Z000104822,일로초청망분교통학구역,0,46,840,8490000,전라남도교육청,8661000,전라남도무안교육지원청,2016-08-12,2016-08-12,6781,2026-03-20
Z000104826,청계초통학구역,0,46,840,8490000,전라남도교육청,8661000,전라남도무안교육지원청,2016-08-12,2016-08-12,1515,2026-03-20
Z000101681,강남초통학구역,0,31,140,7480000,울산광역시교육청,7501000,울산광역시강남교육지원청,2016-08-12,2016-08-12,4431,2026-03-20
Z000103755,오천초삽시분교장통학구역,0,44,180,8140000,충청남도교육청,8171000,충청남도보령교육지원청,2016-08-12,2016-08-12,6860,2026-03-20
Z000101795,연무초통학구역,0,41,115,7530000,경기도교육청,7541000,경기도수원교육지원청,2018-03-20,2018-04-23,2828,2026-03-20
Z000105384,동명동부초통학구역,0,47,850,8750000,경상북도교육청,8941000,경상북도칠곡교육지원청,2016-08-12,2016-08-12,2548,2026-03-20
Z000105357,덕곡초통학구역,0,47,830,8750000,경상북도교육청,8921000,경상북도고령교육지원청,2016-08-12,2016-08-12,6915,2026-03-20
Z000105350,청도중앙초통학구역,0,47,820,8750000,경상북도교육청,8911000,경상북도청도교육지원청,2016-08-12,2016-08-12,6245,2026-03-20
Z000105349,이서초통학구역,0,47,820,8750000,경상북도교육청,8911000,경상북도청도교육지원청,2016-08-12,2016-08-12,4944,2026-03-20
Z000104309,김제중앙초통학구역,0,52,210,8321000,전북특별자치도교육청,8382000,전북특별자치도김제교육지원청,2016-08-12,2024-02-23,6535,2026-03-20
Z000103404,분평초통학구역,0,43,112,8000000,충청북도교육청,8011000,충청북도청주교육지원청,2016-08-12,2016-08-12,3977,2026-03-20
Z000102569,한마음초통학구역,0,41,590,7530000,경기도교육청,7679000,경기도화성오산교육지원청,2016-08-12,2016-08-19,5335,2026-03-20
Z000102948,금성초통학구역,0,41,570,7530000,경기도교육청,7771000,경기도김포교육지원청,2016-08-12,2016-08-12,1538,2026-03-20
Z000103464,금가초통학구역,0,43,130,8000000,충청북도교육청,8021000,충청북도충주교육지원청,2016-08-12,2016-08-12,6681,2026-03-20
Z000105920,병곡초통학구역,0,48,870,9010000,경상남도교육청,9201000,경상남도함양교육지원청,2016-08-12,2016-08-12,3726,2026-03-20
Z000106114,전의초통학구역,0,36,110,9300000,세종특별자치시교육청,9300000,세종특별자치시교육청,2016-08-12,2016-08-12,3275,2026-03-20
Z000102601,도마산초통학구역,0,41,480,7530000,경기도교육청,7681000,경기도파주교육지원청,2016-08-12,2016-08-12,3595,2026-03-20
Z000101510,대전석봉초통학구역,0,30,230,7430000,대전광역시교육청,7441000,대전광역시동부교육지원청,2016-08-12,2016-08-12,4137,2026-03-20
Z000104477,목포상동초통학구역,0,46,110,8490000,전라남도교육청,8501000,전라남도목포교육지원청,2016-08-12,2016-08-12,3306,2026-03-20
Z000103524,관기초통학구역,0,43,720,8000000,충청북도교육청,8051000,충청북도보은교육지원청,2016-08-12,2016-08-12,793,2026-03-20
Z000103501,남당초통학구역,0,43,150,8000000,충청북도교육청,8031000,충청북도제천교육지원청,2016-08-12,2017-03-08,7086,2026-03-20
Z000102104,연곡초통학구역,0,41,630,7530000,경기도교육청,7602000,경기도동두천양주교육지원청,2016-08-12,2016-08-12,569,2026-03-20
Z000101448,운천초통학구역,0,29,140,7380000,광주광역시교육청,7401000,광주광역시서부교육지원청,2016-08-12,2017-02-16,4489,2026-03-20
Z000105166,형일초통학구역,0,47,190,8750000,경상북도교육청,8801000,경상북도구미교육지원청,2016-08-12,2016-08-12,2958,2026-03-20
Z000105146,송정초통학구역,0,47,190,8750000,경상북도교육청,8801000,경상북도구미교육지원청,2016-08-12,2016-08-12,6489,2026-03-20
Z000150024,서울삼전초서울송전초공동통학구역,1,11,710,7010000,서울특별시교육청,7130000,서울특별시강동송파교육지원청,2016-08-12,2016-08-12,5115,2026-03-20
Z000101520,대전용전초통학구역,0,30,110,7430000,대전광역시교육청,7441000,대전광역시동부교육지원청,2016-08-12,2016-08-12,6796,2026-03-20
Z000104603,주암초통학구역,0,46,150,8490000,전라남도교육청,8521000,전라남도순천교육지원청,2016-08-12,2016-08-12,430,2026-03-20
Z000104575,순천남초통학구역,0,46,150,8490000,전라남도교육청,8521000,전라남도순천교육지원청,2016-08-12,2017-02-13,6511,2026-03-20
Z000104617,다도초통학구역,0,46,170,8490000,전라남도교육청,8531000,전라남도나주교육지원청,2016-08-12,2016-08-12,1412,2026-03-20
Z000105683,삼문초통학구역,0,48,250,9010000,경상남도교육청,9091000,경상남도김해교육지원청,2016-08-12,2016-08-12,54,2026-03-20
Z000101574,대전둔원초통학구역,0,30,170,7430000,대전광역시교육청,7451000,대전광역시서부교육지원청,2016-08-12,2016-08-12,1167,2026-03-20
Z000101173,인천고잔초통학구역,0,28,200,7310000,인천광역시교육청,7341000,인천광역시동부교육지원청,2016-08-12,2016-08-12,220,2026-03-20
Z000101273,인천공촌초통학구역,0,28,260,7310000,인천광역시교육청,7361000,인천광역시서부교육지원청,2016-08-12,2016-08-12,5980,2026-03-20
Z000100972,대구태암초통학구역,0,27,230,7240000,대구광역시교육청,7261000,대구광역시서부교육지원청,2016-08-12,2016-08-12,5071,2026-03-20
Z000103407,사직초통학구역,0,43,112,8000000,충청북도교육청,8011000,충청북도청주교육지원청,2016-08-12,2016-08-12,3107,2026-03-20
Z000150423,맹동초부윤초한천초공동통학구역,1,43,770,8000000,충청북도교육청,8101000,충청북도음성교육지원청,2016-08-12,2016-08-12,2708,2026-03-20
Z000103472,덕신초통학구역,0,43,130,8000000,충청북도교육청,8021000,충청북도충주교육지원청,2016-08-12,2016-08-12,6361,2026-03-20
Z000102661,동부초통학구역,0,41,450,7530000,경기도교육청,7692000,경기도광주하남교육지원청,2016-08-12,2018-01-29,339,2026-03-20
Z000101558,대전갑천초통학구역,0,30,170,7430000,대전광역시교육청,7451000,대전광역시서부교육지원청,2016-08-12,2016-08-12,3848,2026-03-20
Z000101098,인천석암초통학구역,0,28,177,7310000,인천광역시교육청,7321000,인천광역시남부교육지원청,2018-09-19,2016-12-12,1545,2026-03-20
Z000104318,부용초통학구역,0,52,210,8321000,전북특별자치도교육청,8382000,전북특별자치도김제교육지원청,2016-08-12,2024-02-23,2526,2026-03-20
Z000104622,봉황초통학구역,0,46,170,8490000,전라남도교육청,8531000,전라남도나주교육지원청,2016-08-12,2016-08-12,5258,2026-03-20
Z000150459,김제초비룡초공동통학구역,1,52,210,8321000,전북특별자치도교육청,8382000,전북특별자치도김제교육지원청,2016-08-12,2024-02-23,6531,2026-03-20
Z000105759,장목초통학구역,0,48,310,9010000,경상남도교육청,9111000,경상남도거제교육지원청,2016-08-12,2016-08-12,48,2026-03-20
Z000105337,지품초통학구역,0,47,770,8750000,경상북도교육청,8901000,경상북도영덕교육지원청,2016-08-12,2016-08-12,6158,2026-03-20
Z000105331,강구초통학구역,0,47,770,8750000,경상북도교육청,8901000,경상북도영덕교육지원청,2016-08-12,2016-08-12,240,2026-03-20
Z000102575,화산초통학구역,0,41,590,7530000,경기도교육청,7679000,경기도화성오산교육지원청,2016-08-12,2016-08-12,1023,2026-03-20
Z000101153,인천부평북초통학구역,0,28,237,7310000,인천광역시교육청,7331000,인천광역시북부교육지원청,2016-08-12,2016-08-12,4683,2026-03-20
Z000101289,인천봉화초통학구역,0,28,260,7310000,인천광역시교육청,7361000,인천광역시서부교육지원청,2016-08-12,2017-06-23,5974,2026-03-20
Z000150516,연일초연일형산초공동통학구역,1,47,111,8750000,경상북도교육청,8761000,경상북도포항교육지원청,2016-08-12,2016-08-12,1754,2026-03-20
Z000105108,안동초통학구역,0,47,170,8750000,경상북도교육청,8791000,경상북도안동교육지원청,2016-08-12,2016-08-12,6236,2026-03-20
Z000104178,창오초통학구역,0,52,130,8321000,전북특별자치도교육청,8342000,전북특별자치도군산교육지원청,2016-08-12,2024-02-23,830,2026-03-20
Z000105845,좌삼초통학구역,0,48,330,9010000,경상남도교육청,9151000,경상남도양산교육지원청,2016-08-12,2016-08-12,6314,2026-03-20
Z000105485,반동초통학구역,0,48,125,9010000,경상남도교육청,9022000,경상남도창원교육지원청,2016-08-12,2016-08-12,2555,2026-03-20
Z000101625,남목초통학구역,0,31,170,7480000,울산광역시교육청,7491000,울산광역시강북교육지원청,2016-08-12,2016-08-12,246,2026-03-20
Z000105893,쌍계초통학구역,0,48,850,9010000,경상남도교육청,9181000,경상남도하동교육지원청,2016-08-12,2016-08-12,2575,2026-03-20
Z000105456,감천초통학구역,0,48,127,9010000,경상남도교육청,9022000,경상남도창원교육지원청,2016-08-12,2016-08-12,473,2026-03-20
Z000103386,내수초통학구역,0,43,114,8000000,충청북도교육청,8011000,충청북도청주교육지원청,2016-08-12,2016-08-12,5367,2026-03-20
Z000103371,각리초통학구역,0,43,114,8000000,충청북도교육청,8011000,충청북도청주교육지원청,2016-08-12,2016-08-12,3093,2026-03-20
Z000104536,여수남산초통학구역,0,46,130,8490000,전라남도교육청,8511000,전라남도여수교육지원청,2016-08-12,2016-08-12,1953,2026-03-20
Z000102880,용천초통학구역,0,41,461,7530000,경기도교육청,7751000,경기도용인교육지원청,2016-08-12,2016-08-17,2397,2026-03-20
Z000150481,담양남초무정초공동통학구역,1,46,710,8490000,전라남도교육청,8561000,전라남도담양교육지원청,2016-08-12,2016-08-12,5929,2026-03-20
Z000104600,외서초통학구역,0,46,150,8490000,전라남도교육청,8521000,전라남도순천교육지원청,2016-08-12,2016-08-12,5765,2026-03-20
Z000104615,노안남초통학구역,0,46,170,8490000,전라남도교육청,8531000,전라남도나주교육지원청,2016-08-12,2016-08-12,107,2026-03-20
Z000104188,미륵초통학구역,0,52,140,8321000,전북특별자치도교육청,8352000,전북특별자치도익산교육지원청,2016-08-12,2024-02-23,65,2026-03-20
Z000104350,삼례초통학구역,0,52,710,8321000,전북특별자치도교육청,8392000,전북특별자치도완주교육지원청,2016-08-12,2024-02-23,77,2026-03-20
Z000101947,나눔초통학구역,0,41,173,7530000,경기도교육청,7569000,경기도안양과천교육지원청,2016-08-12,2016-08-12,5516,2026-03-20
Z000101957,범계초통학구역,0,41,173,7530000,경기도교육청,7569000,경기도안양과천교육지원청,2016-08-12,2016-08-12,1618,2026-03-20
Z000102072,하안북초통학구역,0,41,210,7530000,경기도교육청,7591000,경기도광명교육지원청,2016-08-12,2016-08-12,5878,2026-03-20
Z000105680,봉명초통학구역,0,48,250,9010000,경상남도교육청,9091000,경상남도김해교육지원청,2016-08-12,2016-08-12,3813,2026-03-20
Z000104642,광양제철초통학구역,0,46,230,8490000,전라남도교육청,8551000,전라남도광양교육지원청,2016-08-12,2016-08-12,5506,2026-03-20
Z000104558,율촌초상봉분교장통학구역,0,46,130,8490000,전라남도교육청,8511000,전라남도여수교육지원청,2016-08-12,2016-08-12,1949,2026-03-20
Z000105277,와촌초통학구역,0,47,290,8750000,경상북도교육청,8851000,경상북도경산교육지원청,2016-08-12,2016-08-12,3623,2026-03-20
Z000150065,인천명선초인천연송초공동통학구역,1,28,185,7310000,인천광역시교육청,7341000,인천광역시동부교육지원청,2016-08-12,2016-08-12,3256,2026-03-20
Z000100865,대구동도초통학구역,0,27,260,7240000,대구광역시교육청,7251000,대구광역시동부교육지원청,2016-08-12,2016-08-12,3423,2026-03-20
Z000105149,양포초통학구역,0,47,190,8750000,경상북도교육청,8801000,경상북도구미교육지원청,2016-08-12,2016-08-12,5425,2026-03-20
Z000103792,쌍룡초통학구역,0,44,200,8140000,충청남도교육청,8181000,충청남도아산교육지원청,2016-08-12,2017-02-16,5713,2026-03-20
Z000150126,도원초성주초공동통학구역,1,41,194,7530000,경기도교육청,7581000,경기도부천교육지원청,2016-08-12,2024-03-29,3921,2026-03-20
Z000102539,예당초통학구역,0,41,590,7530000,경기도교육청,7679000,경기도화성오산교육지원청,2016-08-12,2016-08-12,2596,2026-03-20
Z000103949,수정초통학구역,0,44,790,8140000,충청남도교육청,8251000,충청남도청양교육지원청,2016-08-12,2016-12-19,3874,2026-03-20
Z000104747,관산남초통학구역,0,46,800,8490000,전라남도교육청,8621000,전라남도장흥교육지원청,2016-08-12,2016-08-12,1965,2026-03-20
Z000101724,옥현초통학구역,0,31,140,7480000,울산광역시교육청,7501000,울산광역시강남교육지원청,2016-08-12,2017-12-11,5277,2026-03-20
Z000106002,애월초통학구역,0,50,110,9290000,제주특별자치도교육청,9296000,제주특별자치도제주시교육지원청,2016-08-12,2017-12-11,4092,2026-03-20
Z000101138,인천동암초통학구역,0,28,237,7310000,인천광역시교육청,7331000,인천광역시북부교육지원청,2016-08-12,2016-08-12,1103,2026-03-20
Z000101287,인천병방초통학구역,0,28,245,7310000,인천광역시교육청,7331000,인천광역시북부교육지원청,2016-08-12,2024-04-01,3361,2026-03-20
Z000101179,인천논현초통학구역,0,28,200,7310000,인천광역시교육청,7341000,인천광역시동부교육지원청,2016-08-12,2016-08-12,5552,2026-03-20
Z000106099,소정초통학구역,0,36,110,9300000,세종특별자치시교육청,9300000,세종특별자치시교육청,2016-08-12,2016-08-12,6182,2026-03-20
Z000105158,정수초통학구역,0,47,190,8750000,경상북도교육청,8801000,경상북도구미교육지원청,2016-08-12,2016-08-12,2963,2026-03-20
Z000105165,형남초통학구역,0,47,190,8750000,경상북도교육청,8801000,경상북도구미교육지원청,2016-08-12,2016-08-12,3839,2026-03-20
Z000106102,양지초통학구역,0,36,110,9300000,세종특별자치시교육청,9300000,세종특별자치시교육청,2016-08-12,2016-08-12,3284,2026-03-20
Z000101267,인천검암초통학구역,0,28,260,7310000,인천광역시교육청,7361000,인천광역시서부교육지원청,2016-08-12,2016-08-12,5979,2026-03-20
Z000150525,석계초입실초공동통학구역,1,47,130,8750000,경상북도교육청,8771000,경상북도경주교육지원청,2016-08-12,2016-08-12,7078,2026-03-20
Z000103887,성동초통학구역,0,44,230,8140000,충청남도교육청,8222000,충청남도논산계룡교육지원청,2016-08-12,2016-08-12,4468,2026-03-20
Z000103134,함태초통학구역,0,51,190,7801000,강원특별자치도교육청,7852000,강원특별자치도태백교육지원청,2016-08-12,2016-08-12,483,2026-03-20
Z000101156,인천산곡남초통학구역,0,28,237,7310000,인천광역시교육청,7331000,인천광역시북부교육지원청,2016-08-12,2017-06-23,384,2026-03-20
Z000100186,서울상천초통학구역,0,11,350,7010000,서울특별시교육청,7051000,서울특별시북부교육지원청,2016-08-12,2016-08-12,4482,2026-03-20
Z000101298,인천성지초통학구역,0,28,245,7310000,인천광역시교육청,7331000,인천광역시북부교육지원청,2016-08-12,2024-04-01,2891,2026-03-20
Z000103552,청산초통학구역,0,43,730,8000000,충청북도교육청,8061000,충청북도옥천교육지원청,2016-08-12,2016-08-12,4385,2026-03-20
Z000103540,군남초통학구역,0,43,730,8000000,충청북도교육청,8061000,충청북도옥천교육지원청,2016-08-12,2016-08-12,2334,2026-03-20
Z000104537,여수남초통학구역,0,46,130,8490000,전라남도교육청,8511000,전라남도여수교육지원청,2016-08-12,2016-08-12,5221,2026-03-20
Z000105487,봉강초통학구역,0,48,121,9010000,경상남도교육청,9022000,경상남도창원교육지원청,2016-08-12,2016-08-12,3453,2026-03-20
Z000106047,도순초통학구역,0,50,130,9290000,제주특별자치도교육청,9299000,제주특별자치도서귀포시교육지원청,2016-08-12,2016-08-12,4231,2026-03-20
Z000103541,군서초통학구역,0,43,730,8000000,충청북도교육청,8061000,충청북도옥천교육지원청,2016-08-12,2016-12-05,3586,2026-03-20
Z000103593,소수초통학구역,0,43,760,8000000,충청북도교육청,8092000,충청북도괴산증평교육지원청,2016-08-12,2016-08-12,1050,2026-03-20
Z000106060,서귀포초통학구역,0,50,130,9290000,제주특별자치도교육청,9299000,제주특별자치도서귀포시교육지원청,2016-08-12,2016-08-12,1203,2026-03-20
Z000104438,성내초통학구역,0,52,790,8321000,전북특별자치도교육청,8452000,전북특별자치도고창교육지원청,2016-08-12,2024-02-23,2159,2026-03-20
Z000101166,인천진산초통학구역,0,28,237,7310000,인천광역시교육청,7331000,인천광역시북부교육지원청,2016-08-12,2016-08-12,6018,2026-03-20
Z000105126,구미오산초통학구역,0,47,190,8750000,경상북도교육청,8801000,경상북도구미교육지원청,2016-08-12,2016-08-12,2073,2026-03-20
Z000100531,서울석계초통학구역,0,11,290,7010000,서울특별시교육청,7121200,서울특별시성북강북교육지원청,2016-08-12,2016-08-12,1697,2026-03-20
Z000105879,설천초통학구역,0,48,840,9010000,경상남도교육청,9171000,경상남도남해교육지원청,2016-08-12,2016-08-12,5785,2026-03-20
Z000101304,인천심곡초통학구역,0,28,260,7310000,인천광역시교육청,7361000,인천광역시서부교육지원청,2016-08-12,2016-08-12,643,2026-03-20
Z000104335,황강초통학구역,0,52,210,8321000,전북특별자치도교육청,8382000,전북특별자치도김제교육지원청,2016-08-12,2024-02-23,2951,2026-03-20
Z000150509,장성중앙초월평초공동통학구역,1,46,880,8490000,전라남도교육청,8691000,전라남도장성교육지원청,2016-08-12,2016-08-12,3043,2026-03-20
Z000100070,서울수색초통학구역,0,11,380,7010000,서울특별시교육청,7031000,서울특별시서부교육지원청,2016-08-12,2018-01-07,2119,2026-03-20
Z000105113,월곡초삼계분교장통학구역,0,47,170,8750000,경상북도교육청,8791000,경상북도안동교육지원청,2016-08-12,2016-08-12,3165,2026-03-20
Z000102695,연천노곡초통학구역,0,41,800,7530000,경기도교육청,7701000,경기도연천교육지원청,2016-08-12,2016-08-12,4087,2026-03-20
Z000102702,초성초통학구역,0,41,800,7530000,경기도교육청,7701000,경기도연천교육지원청,2016-08-12,2016-08-12,90,2026-03-20
Z000150418,감곡초원당초공동통학구역,1,43,770,8000000,충청북도교육청,8101000,충청북도음성교육지원청,2016-08-12,2016-08-12,4110,2026-03-20
Z000105103,안동동부초통학구역,0,47,170,8750000,경상북도교육청,8791000,경상북도안동교육지원청,2016-08-12,2016-08-12,931,2026-03-20
Z000103383,남평초통학구역,0,43,112,8000000,충청북도교육청,8011000,충청북도청주교육지원청,2016-08-12,2016-08-12,6638,2026-03-20
Z000103582,학성초통학구역,0,43,750,8000000,충청북도교육청,8081000,충청북도진천교육지원청,2016-08-12,2016-08-12,6627,2026-03-20
Z000103613,생극초통학구역,0,43,770,8000000,충청북도교육청,8101000,충청북도음성교육지원청,2016-08-12,2016-08-12,2339,2026-03-20
Z000103574,백곡초통학구역,0,43,750,8000000,충청북도교육청,8081000,충청북도진천교육지원청,2016-08-12,2016-08-12,6063,2026-03-20
Z000103572,문백초통학구역,0,43,750,8000000,충청북도교육청,8081000,충청북도진천교육지원청,2016-08-12,2016-08-12,307,2026-03-20
Z000103603,감곡초통학구역,0,43,770,8000000,충청북도교육청,8101000,충청북도음성교육지원청,2016-08-12,2016-08-12,4987,2026-03-20
Z000103569,구정초통학구역,0,43,750,8000000,충청북도교육청,8081000,충청북도진천교육지원청,2016-08-12,2017-02-10,1824,2026-03-20
Z000103578,이월초통학구역,0,43,750,8000000,충청북도교육청,8081000,충청북도진천교육지원청,2016-08-12,2018-02-23,1437,2026-03-20
Z000103586,도안초통학구역,0,43,745,8000000,충청북도교육청,8092000,충청북도괴산증평교육지원청,2016-08-12,2016-08-12,6753,2026-03-20
Z000103495,충주예성초통학구역,0,43,130,8000000,충청북도교육청,8021000,충청북도충주교육지원청,2016-08-12,2018-07-26,6683,2026-03-20
Z000104451,백룡초통학구역,0,52,800,8321000,전북특별자치도교육청,8462000,전북특별자치도부안교육지원청,2016-08-12,2024-02-23,3503,2026-03-20
Z000101741,청솔초통학구역,0,31,140,7480000,울산광역시교육청,7501000,울산광역시강남교육지원청,2016-08-12,2016-08-12,6154,2026-03-20
Z000150390,남신초무극초공동통학구역,1,43,770,8000000,충청북도교육청,8101000,충청북도음성교육지원청,2016-08-12,2017-02-16,2337,2026-03-20
Z000104476,목포삼학초통학구역,0,46,110,8490000,전라남도교육청,8501000,전라남도목포교육지원청,2016-08-12,2016-08-12,6859,2026-03-20
Z000101036,대구조암초통학구역,0,27,290,7240000,대구광역시교육청,7271000,대구광역시남부교육지원청,2016-08-12,2016-08-12,5575,2026-03-20
Z000105193,영천동부초통학구역,0,47,230,8750000,경상북도교육청,8821000,경상북도영천교육지원청,2016-08-12,2016-08-12,6713,2026-03-20
Z000106070,온평초통학구역,0,50,130,9290000,제주특별자치도교육청,9299000,제주특별자치도서귀포시교육지원청,2016-08-12,2016-08-12,918,2026-03-20
Z000101527,대전중원초통학구역,0,30,230,7430000,대전광역시교육청,7441000,대전광역시동부교육지원청,2016-08-12,2016-08-12,4316,2026-03-20
Z000104496,목포중앙초통학구역,0,46,110,8490000,전라남도교육청,8501000,전라남도목포교육지원청,2016-08-12,2016-08-12,3204,2026-03-20
Z000104543,여수북초통학구역,0,46,130,8490000,전라남도교육청,8511000,전라남도여수교육지원청,2016-08-12,2016-08-12,4630,2026-03-20
Z000105660,금산초통학구역,0,48,250,9010000,경상남도교육청,9091000,경상남도김해교육지원청,2016-08-12,2016-08-12,5378,2026-03-20
Z000102736,가평초통학구역,0,41,820,7530000,경기도교육청,7721000,경기도가평교육지원청,2016-08-12,2016-08-12,24,2026-03-20
Z000150238,화성금곡초반송초솔빛초공동통학구역,1,41,590,7530000,경기도교육청,7679000,경기도화성오산교육지원청,2016-08-12,2016-08-12,6092,2026-03-20
Z000150026,서울석촌초서울가락초공동통학구역,1,11,710,7010000,서울특별시교육청,7130000,서울특별시강동송파교육지원청,2016-08-12,2019-01-19,2212,2026-03-20
Z000104950,기계초통학구역,0,47,113,8750000,경상북도교육청,8761000,경상북도포항교육지원청,2016-08-12,2016-08-12,2273,2026-03-20
Z000101126,인천창영초통학구역,0,28,177,7310000,인천광역시교육청,7321000,인천광역시남부교육지원청,2018-09-19,2016-08-12,2369,2026-03-20
Z000105429,춘양초통학구역,0,47,920,8750000,경상북도교육청,8961000,경상북도봉화교육지원청,2016-08-12,2016-08-12,4929,2026-03-20
Z000105173,안정초통학구역,0,47,210,8750000,경상북도교육청,8811000,경상북도영주교육지원청,2016-08-12,2016-08-12,4201,2026-03-20
Z000105172,순흥초통학구역,0,47,210,8750000,경상북도교육청,8811000,경상북도영주교육지원청,2016-08-12,2016-08-12,4196,2026-03-20
Z000102762,양동초통학구역,0,41,830,7530000,경기도교육청,7731000,경기도양평교육지원청,2016-08-12,2016-08-12,5513,2026-03-20
Z000102753,강하초통학구역,0,41,830,7530000,경기도교육청,7731000,경기도양평교육지원청,2016-08-12,2016-08-12,1436,2026-03-20
Z000102774,청운초통학구역,0,41,830,7530000,경기도교육청,7731000,경기도양평교육지원청,2016-08-12,2016-08-12,5234,2026-03-20
Z000150097,상북초원동초이천분교공동통학구역,1,31,710,7480000,울산광역시교육청,7501000,울산광역시강남교육지원청,2016-08-12,2016-08-12,2806,2026-03-20
Z000106072,의귀초통학구역,0,50,130,9290000,제주특별자치도교육청,9299000,제주특별자치도서귀포시교육지원청,2016-08-12,2016-08-12,2900,2026-03-20
Z000104551,여수진남초통학구역,0,46,130,8490000,전라남도교육청,8511000,전라남도여수교육지원청,2016-08-12,2016-08-12,1955,2026-03-20
Z000150415,삼보초증평초공동통학구역,1,43,745,8000000,충청북도교육청,8092000,충청북도괴산증평교육지원청,2016-08-12,2016-08-12,1948,2026-03-20
Z000105666,김해부곡초통학구역,0,48,250,9010000,경상남도교육청,9091000,경상남도김해교육지원청,2016-08-12,2016-08-17,1839,2026-03-20
Z000101148,인천부마초통학구역,0,28,237,7310000,인천광역시교육청,7331000,인천광역시북부교육지원청,2016-08-12,2016-08-12,2199,2026-03-20
Z000101149,인천부원초통학구역,0,28,237,7310000,인천광역시교육청,7331000,인천광역시북부교육지원청,2016-08-12,2016-08-12,211,2026-03-20
Z000104944,흑산초흑산동분교장통학구역,0,46,910,8490000,전라남도교육청,8721000,전라남도신안교육지원청,2016-08-12,2016-08-12,4485,2026-03-20
Z000105311,의성북부초통학구역,0,47,730,8750000,경상북도교육청,8871000,경상북도의성교육지원청,2016-08-12,2016-08-12,5225,2026-03-20
Z000100129,서울문교초통학구역,0,11,545,7010000,서울특별시교육청,7041000,서울특별시남부교육지원청,2016-08-12,2016-08-12,43,2026-03-20
Z000150394,용원초주덕초공동통학구역,1,43,130,8000000,충청북도교육청,8021000,충청북도충주교육지원청,2016-08-12,2016-08-12,171,2026-03-20
Z000150424,무극초용천초공동통학구역,1,43,770,8000000,충청북도교육청,8101000,충청북도음성교육지원청,2016-08-12,2016-08-12,4621,2026-03-20
Z000105967,곽금초통학구역,0,50,110,9290000,제주특별자치도교육청,9296000,제주특별자치도제주시교육지원청,2016-08-12,2016-08-12,5580,2026-03-20
Z000103502,남천초통학구역,0,43,150,8000000,충청북도교육청,8031000,충청북도제천교육지원청,2016-08-12,2016-08-12,864,2026-03-20
Z000105599,지수초통학구역,0,48,170,9010000,경상남도교육청,9051000,경상남도진주교육지원청,2016-08-12,2016-08-12,2486,2026-03-20
Z000102755,곡수초통학구역,0,41,830,7530000,경기도교육청,7731000,경기도양평교육지원청,2016-08-12,2016-08-12,1400,2026-03-20
Z000105751,양지초통학구역,0,48,310,9010000,경상남도교육청,9111000,경상남도거제교육지원청,2016-08-12,2017-04-03,3424,2026-03-20
Z000105077,아포초통학구역,0,47,150,8750000,경상북도교육청,8781000,경상북도김천교육지원청,2016-08-12,2016-08-12,1576,2026-03-20
Z000104968,신광초통학구역,0,47,113,8750000,경상북도교육청,8761000,경상북도포항교육지원청,2016-08-12,2016-08-12,7068,2026-03-20
Z000105073,대룡초통학구역,0,47,150,8750000,경상북도교육청,8781000,경상북도김천교육지원청,2016-08-12,2016-08-12,6617,2026-03-20
Z000105110,영남초통학구역,0,47,170,8750000,경상북도교육청,8791000,경상북도안동교육지원청,2016-08-12,2016-08-12,2307,2026-03-20
Z000105326,영양중앙초통학구역,0,47,760,8750000,경상북도교육청,8891000,경상북도영양교육지원청,2016-08-12,2016-08-12,3148,2026-03-20
Z000105330,입암초통학구역,0,47,760,8750000,경상북도교육청,8891000,경상북도영양교육지원청,2016-08-12,2016-08-12,5519,2026-03-20
Z000105170,봉현초통학구역,0,47,210,8750000,경상북도교육청,8811000,경상북도영주교육지원청,2016-08-12,2016-08-12,4706,2026-03-20
Z000105927,유림초통학구역,0,48,870,9010000,경상남도교육청,9201000,경상남도함양교육지원청,2016-08-12,2016-08-12,2579,2026-03-20
Z000102478,이포초통학구역,0,41,670,7530000,경기도교육청,7661000,경기도여주교육지원청,2016-08-12,2016-08-12,1811,2026-03-20
Z000102113,칠봉초통학구역,0,41,630,7530000,경기도교육청,7602000,경기도동두천양주교육지원청,2016-08-12,2016-08-12,2587,2026-03-20
Z000105180,옥대초통학구역,0,47,210,8750000,경상북도교육청,8811000,경상북도영주교육지원청,2016-08-12,2016-08-12,1638,2026-03-20
Z000150551,감천초전안초공동통학구역,1,48,127,9010000,경상남도교육청,9022000,경상남도창원교육지원청,2016-08-12,2016-08-12,6449,2026-03-20
Z000150564,안골포초안청초공동통학구역,1,48,129,9010000,경상남도교육청,9022000,경상남도창원교육지원청,2016-08-12,2016-08-12,1841,2026-03-20
Z000102324,청북초통학구역,0,41,220,7530000,경기도교육청,7631000,경기도평택교육지원청,2016-08-12,2016-08-12,3197,2026-03-20
Z000102437,장현초통학구역,0,41,360,7530000,경기도교육청,7652000,경기도구리남양주교육지원청,2016-08-12,2016-08-12,7116,2026-03-20
Z000101904,태평초통학구역,0,41,131,7530000,경기도교육청,7551000,경기도성남교육지원청,2016-08-12,2018-02-22,6271,2026-03-20
Z000101844,늘푸른초통학구역,0,41,135,7530000,경기도교육청,7551000,경기도성남교육지원청,2016-08-12,2016-08-12,4854,2026-03-20
Z000103470,대미초통학구역,0,43,130,8000000,충청북도교육청,8021000,충청북도충주교육지원청,2016-08-12,2016-08-12,6691,2026-03-20
Z000102364,모락초통학구역,0,41,430,7530000,경기도교육청,7642000,경기도군포의왕교육지원청,2016-08-12,2016-08-12,1056,2026-03-20
Z000106096,부강초통학구역,0,36,110,9300000,세종특별자치시교육청,9300000,세종특별자치시교육청,2016-08-12,2016-08-12,4312,2026-03-20
Z000106106,연서초통학구역,0,36,110,9300000,세종특별자치시교육청,9300000,세종특별자치시교육청,2016-08-12,2016-08-12,5757,2026-03-20
Z000103870,구자곡초통학구역,0,44,230,8140000,충청남도교육청,8222000,충청남도논산계룡교육지원청,2016-08-12,2016-08-12,3679,2026-03-20
Z000100476,서울은천초통학구역,0,11,620,7010000,서울특별시교육청,7132000,서울특별시동작관악교육지원청,2016-08-12,2016-08-12,3828,2026-03-20
Z000150801,고양동산초원흥초공동통학구역,1,41,281,7530000,경기도교육청,7621000,경기도고양교육지원청,2020-01-02,2021-12-14,6526,2026-03-20
Z000102210,고양동산초통학구역,0,41,281,7530000,경기도교육청,7621000,경기도고양교육지원청,2016-08-12,2021-12-14,1184,2026-03-20
Z000102140,별망초통학구역,0,41,273,7530000,경기도교육청,7611000,경기도안산교육지원청,2016-08-12,2021-07-06,5942,2026-03-20
Z000102170,안산부곡초통학구역,0,41,271,7530000,경기도교육청,7611000,경기도안산교육지원청,2016-08-12,2021-07-06,5875,2026-03-20
Z000102203,호동초통학구역,0,41,271,7530000,경기도교육청,7611000,경기도안산교육지원청,2016-08-12,2021-07-06,6523,2026-03-20
Z000102175,안산중앙초통학구역,0,41,273,7530000,경기도교육청,7611000,경기도안산교육지원청,2016-08-12,2021-07-06,4426,2026-03-20
Z000103998,용동초통학구역,0,44,810,8140000,충청남도교육청,8271000,충청남도예산교육지원청,2016-08-12,2016-08-12,5555,2026-03-20
Z000150226,성호초운암초공동통학구역,1,41,370,7530000,경기도교육청,7679000,경기도화성오산교육지원청,2016-08-12,2016-08-12,3686,2026-03-20
Z000103269,속사초통학구역,0,51,760,7801000,강원특별자치도교육청,7912000,강원특별자치도평창교육지원청,2016-08-12,2016-08-12,2514,2026-03-20
Z000101296,인천석남서초통학구역,0,28,260,7310000,인천광역시교육청,7361000,인천광역시서부교육지원청,2016-08-12,2017-06-23,6879,2026-03-20
Z000101536,동명초통학구역,0,30,110,7430000,대전광역시교육청,7441000,대전광역시동부교육지원청,2016-08-12,2016-08-12,2100,2026-03-20
Z000103477,세성초통학구역,0,43,130,8000000,충청북도교육청,8021000,충청북도충주교육지원청,2016-08-12,2016-08-12,6614,2026-03-20
Z000106020,조천초교래분교장통학구역,0,50,110,9290000,제주특별자치도교육청,9296000,제주특별자치도제주시교육지원청,2016-08-12,2016-08-12,3947,2026-03-20
Z000101259,인천가석초통학구역,0,28,260,7310000,인천광역시교육청,7361000,인천광역시서부교육지원청,2016-08-12,2016-08-12,2455,2026-03-20
Z000105183,평은초통학구역,0,47,210,8750000,경상북도교육청,8811000,경상북도영주교육지원청,2016-08-12,2016-08-12,5223,2026-03-20
Z000105075,아천초능치분교장통학구역,0,47,150,8750000,경상북도교육청,8781000,경상북도김천교육지원청,2016-08-12,2016-08-12,1312,2026-03-20
Z000105140,문장초통학구역,0,47,190,8750000,경상북도교육청,8801000,경상북도구미교육지원청,2016-08-12,2018-10-18,3836,2026-03-20
Z000101972,안양신기초통학구역,0,41,173,7530000,경기도교육청,7569000,경기도안양과천교육지원청,2016-08-12,2016-08-12,6052,2026-03-20
Z000106011,일도초통학구역,0,50,110,9290000,제주특별자치도교육청,9296000,제주특별자치도제주시교육지원청,2016-08-12,2016-08-12,544,2026-03-20
Z000106252,평택새빛초통학구역,0,41,220,7530000,경기도교육청,7631000,경기도평택교육지원청,2019-09-09,2019-09-09,5139,2026-03-20
Z000101761,매여울초통학구역,0,41,115,7530000,경기도교육청,7541000,경기도수원교육지원청,2016-08-12,2019-12-09,5396,2026-03-20
Z000150699,천안아름초천안불당초공동통학구역,1,44,133,8140000,충청남도교육청,8151000,충청남도천안교육지원청,2018-04-18,2020-04-21,4860,2026-03-20
Z000103669,천안가온초통학구역,0,44,131,8140000,충청남도교육청,8151000,충청남도천안교육지원청,2016-08-12,2020-04-21,1095,2026-03-20
Z000102680,윤슬초통학구역,0,41,450,7530000,경기도교육청,7692000,경기도광주하남교육지원청,2016-08-12,2016-08-12,4449,2026-03-20
Z000150969,천안가온초천안삼거리초공동통학구역,1,44,131,8140000,충청남도교육청,8151000,충청남도천안교육지원청,2020-04-21,2020-04-21,4255,2026-03-20
Z000102443,창현초통학구역,0,41,360,7530000,경기도교육청,7652000,경기도구리남양주교육지원청,2016-08-12,2019-05-10,436,2026-03-20
Z000102222,냉천초통학구역,0,41,285,7530000,경기도교육청,7621000,경기도고양교육지원청,2016-08-12,2016-08-12,4819,2026-03-20
Z000103851,금성초금계분교장통학구역,0,44,710,8140000,충청남도교육청,8201000,충청남도금산교육지원청,2016-08-12,2016-08-12,6516,2026-03-20
Z000103709,풍세초통학구역,0,44,131,8140000,충청남도교육청,8151000,충청남도천안교육지원청,2016-08-12,2016-08-12,4573,2026-03-20
Z000103522,화당초통학구역,0,43,150,8000000,충청북도교육청,8031000,충청북도제천교육지원청,2016-08-12,2016-08-12,3749,2026-03-20
Z000105422,서벽초통학구역,0,47,920,8750000,경상북도교육청,8961000,경상북도봉화교육지원청,2016-08-12,2016-08-12,1843,2026-03-20
Z000103354,간성초통학구역,0,51,820,7801000,강원특별자치도교육청,7972000,강원특별자치도고성교육지원청,2016-08-12,2017-04-03,2773,2026-03-20
Z000103994,예덕초통학구역,0,44,810,8140000,충청남도교육청,8271000,충청남도예산교육지원청,2016-08-12,2016-08-12,6012,2026-03-20
Z000102961,서암초통학구역,0,41,570,7530000,경기도교육청,7771000,경기도김포교육지원청,2016-08-12,2021-07-06,1925,2026-03-20
Z000102943,개곡초통학구역,0,41,570,7530000,경기도교육청,7771000,경기도김포교육지원청,2016-08-12,2021-07-06,1014,2026-03-20
Z000102972,월곶초통학구역,0,41,570,7530000,경기도교육청,7771000,경기도김포교육지원청,2016-08-12,2021-07-06,3889,2026-03-20
Z000102792,이천가산초통학구역,0,41,500,7530000,경기도교육청,7741000,경기도이천교육지원청,2016-08-12,2019-10-15,27,2026-03-20
Z000103026,효제초통학구역,0,51,110,7801000,강원특별자치도교육청,7812000,강원특별자치도춘천교육지원청,2016-08-12,2016-08-12,5218,2026-03-20
Z000106220,서울항동초통학구역,0,11,530,7010000,서울특별시교육청,7041000,서울특별시남부교육지원청,2019-04-04,2019-04-04,3505,2026-03-20
Z000102006,부천덕산초통학구역,0,41,196,7530000,경기도교육청,7581000,경기도부천교육지원청,2016-08-12,2024-03-29,5696,2026-03-20
Z000103855,복수초통학구역,0,44,710,8140000,충청남도교육청,8201000,충청남도금산교육지원청,2016-08-12,2016-08-12,4873,2026-03-20
Z000101886,신백현초통학구역,0,41,135,7530000,경기도교육청,7551000,경기도성남교육지원청,2016-08-12,2016-08-12,6026,2026-03-20
Z000101748,광교초통학구역,0,41,117,7530000,경기도교육청,7541000,경기도수원교육지원청,2016-08-12,2018-03-08,4463,2026-03-20
Z000103271,안미초통학구역,0,51,760,7801000,강원특별자치도교육청,7912000,강원특별자치도평창교육지원청,2016-08-12,2016-08-12,5438,2026-03-20
Z000100374,서울월정초통학구역,0,11,500,7010000,서울특별시교육청,7081300,서울특별시강서양천교육지원청,2016-08-12,2016-08-12,842,2026-03-20
Z000100372,서울영도초통학구역,0,11,470,7010000,서울특별시교육청,7081300,서울특별시강서양천교육지원청,2016-08-12,2016-08-12,5006,2026-03-20
Z000101540,새일초통학구역,0,30,230,7430000,대전광역시교육청,7441000,대전광역시동부교육지원청,2016-08-12,2016-08-12,3249,2026-03-20
Z000102094,삼숭초통학구역,0,41,630,7530000,경기도교육청,7602000,경기도동두천양주교육지원청,2016-08-12,2016-08-12,5137,2026-03-20
Z000104002,평촌초통학구역,0,44,810,8140000,충청남도교육청,8271000,충청남도예산교육지원청,2016-08-12,2016-08-12,1294,2026-03-20
Z000103982,대술초통학구역,0,44,810,8140000,충청남도교육청,8271000,충청남도예산교육지원청,2016-08-12,2016-08-12,3194,2026-03-20
Z000101402,금구초통학구역,0,29,200,7380000,광주광역시교육청,7401000,광주광역시서부교육지원청,2016-08-12,2016-08-12,3989,2026-03-20
Z000103302,서면초통학구역,0,51,780,7801000,강원특별자치도교육청,7932000,강원특별자치도철원교육지원청,2016-08-12,2016-08-12,3251,2026-03-20
Z000103782,둔포초통학구역,0,44,200,8140000,충청남도교육청,8181000,충청남도아산교육지원청,2016-08-12,2018-10-10,7136,2026-03-20
Z000102927,산평초통학구역,0,41,550,7530000,경기도교육청,7761000,경기도안성교육지원청,2016-08-12,2021-08-10,3999,2026-03-20
Z000101979,인덕원초통학구역,0,41,173,7530000,경기도교육청,7569000,경기도안양과천교육지원청,2016-08-12,2016-08-12,1449,2026-03-20
Z000150124,신안초안양서초공동통학구역,1,41,171,7530000,경기도교육청,7569000,경기도안양과천교육지원청,2016-08-12,2016-08-12,3484,2026-03-20
Z000101943,과천초통학구역,0,41,290,7530000,경기도교육청,7569000,경기도안양과천교육지원청,2016-08-12,2016-08-18,1936,2026-03-20
Z000102559,진안초통학구역,0,41,590,7530000,경기도교육청,7679000,경기도화성오산교육지원청,2016-08-12,2021-07-06,2683,2026-03-20
Z000102284,화중초통학구역,0,41,281,7530000,경기도교육청,7621000,경기도고양교육지원청,2016-08-12,2021-07-20,1741,2026-03-20
Z000100232,서울명신초통학구역,0,11,110,7010000,서울특별시교육청,7061000,서울특별시중부교육지원청,2016-08-12,2017-02-16,146,2026-03-20
Z000150289,백의초창수초공동통학구역,1,41,650,7530000,경기도교육청,7711000,경기도포천교육지원청,2016-08-12,2016-08-12,4444,2026-03-20
Z000103739,효포초통학구역,0,44,150,8140000,충청남도교육청,8161000,충청남도공주교육지원청,2016-08-12,2016-08-12,6891,2026-03-20
Z000101198,인천석정초통학구역,0,28,200,7310000,인천광역시교육청,7341000,인천광역시동부교육지원청,2016-08-12,2016-12-12,2196,2026-03-20
Z000102154,송호초통학구역,0,41,273,7530000,경기도교육청,7611000,경기도안산교육지원청,2016-08-12,2016-08-12,5275,2026-03-20
Z000101994,동곡초통학구역,0,41,192,7530000,경기도교육청,7581000,경기도부천교육지원청,2016-08-12,2024-03-29,3496,2026-03-20
Z000101884,수내초통학구역,0,41,135,7530000,경기도교육청,7551000,경기도성남교육지원청,2016-08-12,2018-02-22,2757,2026-03-20
Z000101487,대전대화초통학구역,0,30,230,7430000,대전광역시교육청,7441000,대전광역시동부교육지원청,2016-08-12,2019-11-05,5178,2026-03-20
Z000101533,대전화정초통학구역,0,30,230,7430000,대전광역시교육청,7441000,대전광역시동부교육지원청,2016-08-12,2016-08-12,5176,2026-03-20
Z000104349,삼례중앙초통학구역,0,52,710,8321000,전북특별자치도교육청,8392000,전북특별자치도완주교육지원청,2016-08-12,2024-02-23,6001,2026-03-20
Z000106010,인화초통학구역,0,50,110,9290000,제주특별자치도교육청,9296000,제주특별자치도제주시교육지원청,2016-08-12,2016-08-12,1420,2026-03-20
Z000101215,인천연화초통학구역,0,28,185,7310000,인천광역시교육청,7341000,인천광역시동부교육지원청,2016-08-12,2016-08-12,5095,2026-03-20
Z000102610,봉일천초통학구역,0,41,480,7530000,경기도교육청,7681000,경기도파주교육지원청,2016-08-12,2018-08-23,6213,2026-03-20
Z000105030,서라벌초통학구역,0,47,130,8750000,경상북도교육청,8771000,경상북도경주교육지원청,2016-08-12,2016-08-12,2023,2026-03-20
Z000102572,해운초통학구역,0,41,590,7530000,경기도교육청,7679000,경기도화성오산교육지원청,2016-08-12,2016-08-12,389,2026-03-20
Z000150608,수동초유림초공동통학구역,1,48,870,9010000,경상남도교육청,9201000,경상남도함양교육지원청,2016-08-12,2016-08-12,1964,2026-03-20
Z000102427,양오초통학구역,0,41,360,7530000,경기도교육청,7652000,경기도구리남양주교육지원청,2016-08-12,2020-05-06,1729,2026-03-20
Z000103647,보산원초통학구역,0,44,131,8140000,충청남도교육청,8151000,충청남도천안교육지원청,2016-08-12,2016-08-12,392,2026-03-20
Z000103925,합송초통학구역,0,44,760,8140000,충청남도교육청,8231000,충청남도부여교육지원청,2016-08-12,2016-08-12,2349,2026-03-20
Z000150318,백암초백암초수정분교공동통학구역,1,41,461,7530000,경기도교육청,7751000,경기도용인교육지원청,2016-08-12,2021-06-22,3405,2026-03-20
Z000102818,남사초통학구역,0,41,461,7530000,경기도교육청,7751000,경기도용인교육지원청,2021-06-14,2021-06-22,872,2026-03-20
Z000102819,남촌초통학구역,0,41,461,7530000,경기도교육청,7751000,경기도용인교육지원청,2021-06-14,2021-06-22,5307,2026-03-20
Z000100507,서울양진초통학구역,0,11,215,7010000,서울특별시교육청,7134000,서울특별시성동광진교육지원청,2016-08-12,2016-08-12,1569,2026-03-20
Z000100870,대구동신초통학구역,0,27,140,7240000,대구광역시교육청,7251000,대구광역시동부교육지원청,2016-08-12,2018-02-22,676,2026-03-20
Z000100638,선암초통학구역,0,26,230,7150000,부산광역시교육청,7181000,부산광역시남부교육지원청,2016-08-12,2016-08-12,5473,2026-03-20
Z000101010,대구성산초통학구역,0,27,290,7240000,대구광역시교육청,7271000,대구광역시남부교육지원청,2016-08-12,2016-08-12,6451,2026-03-20
Z000103680,천안불당초통학구역,0,44,133,8140000,충청남도교육청,8151000,충청남도천안교육지원청,2016-08-12,2020-07-29,686,2026-03-20
Z000150988,천안호수초천안불당초공동통학구역,1,44,133,8140000,충청남도교육청,8151000,충청남도천안교육지원청,2020-07-28,2020-07-29,6913,2026-03-20
Z000106292,천안호수초통학구역,0,44,133,8140000,충청남도교육청,8151000,충청남도천안교육지원청,2020-07-28,2020-07-29,4853,2026-03-20
Z000104634,광양동초통학구역,0,46,230,8490000,전라남도교육청,8551000,전라남도광양교육지원청,2016-08-12,2021-10-05,5863,2026-03-20
Z000106193,김포금빛초통학구역,0,41,570,7530000,경기도교육청,7771000,경기도김포교육지원청,2018-10-02,2019-12-04,6883,2026-03-20
Z000101758,동수원초통학구역,0,41,117,7530000,경기도교육청,7541000,경기도수원교육지원청,2016-08-12,2019-12-09,5401,2026-03-20
Z000106232,인천장아초통학구역,0,28,200,7310000,인천광역시교육청,7341000,인천광역시동부교육지원청,2019-05-08,2019-05-08,5441,2026-03-20
Z000103125,동점초통학구역,0,51,190,7801000,강원특별자치도교육청,7852000,강원특별자치도태백교육지원청,2016-08-12,2016-08-12,133,2026-03-20
Z000104006,대기초통학구역,0,44,825,8140000,충청남도교육청,8281000,충청남도태안교육지원청,2016-08-12,2016-08-12,6402,2026-03-20
Z000100417,서울신중초통학구역,0,11,650,7010000,서울특별시교육청,7091300,서울특별시강남서초교육지원청,2016-08-12,2016-08-12,6060,2026-03-20
Z000100148,서울영등포초통학구역,0,11,560,7010000,서울특별시교육청,7041000,서울특별시남부교육지원청,2016-08-12,2016-08-12,2120,2026-03-20
Z000100315,서울토성초통학구역,0,11,710,7010000,서울특별시교육청,7130000,서울특별시강동송파교육지원청,2016-08-12,2016-08-12,5145,2026-03-20
Z000101993,도원초통학구역,0,41,194,7530000,경기도교육청,7581000,경기도부천교육지원청,2016-08-12,2024-03-29,4810,2026-03-20
Z000103905,내산초통학구역,0,44,760,8140000,충청남도교육청,8231000,충청남도부여교육지원청,2016-08-12,2016-08-12,3055,2026-03-20
Z000103910,부여초통학구역,0,44,760,8140000,충청남도교육청,8231000,충청남도부여교육지원청,2016-08-12,2016-08-12,2322,2026-03-20
Z000103133,통리초통학구역,0,51,190,7801000,강원특별자치도교육청,7852000,강원특별자치도태백교육지원청,2016-08-12,2016-08-12,3183,2026-03-20
Z000103126,미동초통학구역,0,51,190,7801000,강원특별자치도교육청,7852000,강원특별자치도태백교육지원청,2016-08-12,2016-08-12,1354,2026-03-20
Z000102264,장성초통학구역,0,41,287,7530000,경기도교육청,7621000,경기도고양교육지원청,2016-08-12,2016-08-12,6936,2026-03-20
Z000102271,토당초통학구역,0,41,281,7530000,경기도교육청,7621000,경기도고양교육지원청,2016-08-12,2016-08-12,4416,2026-03-20
Z000103818,강당초통학구역,0,44,210,8140000,충청남도교육청,8191000,충청남도서산교육지원청,2016-08-12,2016-08-12,3308,2026-03-20
Z000150286,전곡초적암초공동통학구역,1,41,800,7530000,경기도교육청,7701000,경기도연천교육지원청,2016-08-12,2016-08-12,4308,2026-03-20
Z000100396,서울대치초통학구역,0,11,680,7010000,서울특별시교육청,7091300,서울특별시강남서초교육지원청,2016-08-12,2016-08-12,6572,2026-03-20
Z000101405,금호초통학구역,0,29,140,7380000,광주광역시교육청,7401000,광주광역시서부교육지원청,2016-08-12,2017-02-16,6215,2026-03-20
Z000103039,둔둔초통학구역,0,51,130,7801000,강원특별자치도교육청,7822000,강원특별자치도원주교육지원청,2016-08-12,2016-08-12,402,2026-03-20
Z000150019,서울신학초서울초당초공동통학구역,1,11,320,7010000,서울특별시교육청,7051000,서울특별시북부교육지원청,2016-08-12,2016-08-12,6340,2026-03-20
Z000150018,서울신학초서울창경초공동통학구역,1,11,320,7010000,서울특별시교육청,7051000,서울특별시북부교육지원청,2016-08-12,2016-08-12,6345,2026-03-20
Z000100523,서울길음초통학구역,0,11,305,7010000,서울특별시교육청,7121200,서울특별시성북강북교육지원청,2016-08-12,2016-08-12,1022,2026-03-20
Z000105215,사벌초통학구역,0,47,250,8750000,경상북도교육청,8831000,경상북도상주교육지원청,2016-08-12,2016-08-12,6174,2026-03-20
Z000103602,칠성초통학구역,0,43,760,8000000,충청북도교육청,8092000,충청북도괴산증평교육지원청,2016-08-12,2016-08-12,6690,2026-03-20
Z000103628,가평초통학구역,0,43,800,8000000,충청북도교육청,8111000,충청북도단양교육지원청,2016-08-12,2016-08-12,6008,2026-03-20
Z000103566,추풍령초통학구역,0,43,740,8000000,충청북도교육청,8071000,충청북도영동교육지원청,2016-08-12,2016-08-12,2221,2026-03-20
Z000101202,인천소래초통학구역,0,28,200,7310000,인천광역시교육청,7341000,인천광역시동부교육지원청,2016-08-12,2016-08-12,5127,2026-03-20
Z000103294,증산초통학구역,0,51,770,7801000,강원특별자치도교육청,7922000,강원특별자치도정선교육지원청,2016-08-12,2016-08-12,3605,2026-03-20
Z000101830,화홍초통학구역,0,41,115,7530000,경기도교육청,7541000,경기도수원교육지원청,2016-08-12,2018-03-20,3400,2026-03-20
Z000105362,운수초통학구역,0,47,830,8750000,경상북도교육청,8921000,경상북도고령교육지원청,2016-08-12,2016-08-12,6484,2026-03-20
Z000105189,단포초통학구역,0,47,230,8750000,경상북도교육청,8821000,경상북도영천교육지원청,2016-08-12,2016-08-12,5470,2026-03-20
Z000105201,자천초통학구역,0,47,230,8750000,경상북도교육청,8821000,경상북도영천교육지원청,2016-08-12,2016-08-12,487,2026-03-20
Z000101299,인천소양초통학구역,0,28,245,7310000,인천광역시교육청,7331000,인천광역시북부교육지원청,2016-08-12,2024-04-01,5442,2026-03-20
Z000105206,화산초통학구역,0,47,230,8750000,경상북도교육청,8821000,경상북도영천교육지원청,2016-08-12,2016-08-12,2284,2026-03-20
Z000105199,임고초통학구역,0,47,230,8750000,경상북도교육청,8821000,경상북도영천교육지원청,2016-08-12,2016-08-12,6407,2026-03-20
Z000105188,금호초통학구역,0,47,230,8750000,경상북도교육청,8821000,경상북도영천교육지원청,2016-08-12,2016-08-12,3159,2026-03-20
Z000100190,서울숭미초통학구역,0,11,320,7010000,서울특별시교육청,7051000,서울특별시북부교육지원청,2016-08-12,2016-08-12,2835,2026-03-20
Z000104147,군산중앙초통학구역,0,52,130,8321000,전북특별자치도교육청,8342000,전북특별자치도군산교육지원청,2016-08-12,2024-02-23,6421,2026-03-20
Z000100087,서울은빛초통학구역,0,11,380,7010000,서울특별시교육청,7031000,서울특별시서부교육지원청,2016-08-12,2019-05-13,3491,2026-03-20
Z000150738,진천상신초이월초학성초금구초공동통학구역,1,43,750,8000000,충청북도교육청,8081000,충청북도진천교육지원청,2019-03-04,2019-03-04,1282,2026-03-20
Z000150406,진천상신초한천초공동통학구역,1,43,750,8000000,충청북도교육청,8081000,충청북도진천교육지원청,2019-03-04,2019-03-04,1180,2026-03-20
Z000103614,소이초통학구역,0,43,770,8000000,충청북도교육청,8101000,충청북도음성교육지원청,2016-08-12,2019-04-02,5514,2026-03-20
Z000100737,녹명초통학구역,0,26,440,7150000,부산광역시교육청,7201000,부산광역시북부교육지원청,2016-08-12,2017-02-10,3160,2026-03-20
Z000103130,철암초통학구역,0,51,190,7801000,강원특별자치도교육청,7852000,강원특별자치도태백교육지원청,2016-08-12,2016-08-12,4953,2026-03-20
Z000102405,남양주월산초통학구역,0,41,360,7530000,경기도교육청,7652000,경기도구리남양주교육지원청,2016-08-12,2021-07-26,4644,2026-03-20
Z000102401,남양주신촌초통학구역,0,41,360,7530000,경기도교육청,7652000,경기도구리남양주교육지원청,2016-08-12,2021-07-26,6563,2026-03-20
Z000102434,장내초통학구역,0,41,360,7530000,경기도교육청,7652000,경기도구리남양주교육지원청,2016-08-12,2021-07-26,4791,2026-03-20
Z000102448,평내초통학구역,0,41,360,7530000,경기도교육청,7652000,경기도구리남양주교육지원청,2016-08-12,2021-07-26,3280,2026-03-20
Z000100151,서울영서초통학구역,0,11,530,7010000,서울특별시교육청,7041000,서울특별시남부교육지원청,2016-08-12,2020-05-25,1191,2026-03-20
Z000101486,대전대양초통학구역,0,30,230,7430000,대전광역시교육청,7441000,대전광역시동부교육지원청,2016-08-12,2016-08-12,5905,2026-03-20
Z000101522,대전유평초통학구역,0,30,140,7430000,대전광역시교육청,7441000,대전광역시동부교육지원청,2016-08-12,2016-08-12,302,2026-03-20
Z000105243,당포초통학구역,0,47,280,8750000,경상북도교육청,8841000,경상북도문경교육지원청,2016-08-12,2016-08-12,4439,2026-03-20
Z000105864,상리초통학구역,0,48,820,9010000,경상남도교육청,9161000,경상남도고성교육지원청,2016-08-12,2016-08-12,4272,2026-03-20
Z000101294,인천서곶초통학구역,0,28,260,7310000,인천광역시교육청,7361000,인천광역시서부교육지원청,2016-08-12,2016-08-12,635,2026-03-20
Z000103388,덕벌초통학구역,0,43,114,8000000,충청북도교육청,8011000,충청북도청주교육지원청,2016-08-12,2016-08-12,1283,2026-03-20
Z000103678,천안부성초통학구역,0,44,133,8140000,충청남도교육청,8151000,충청남도천안교육지원청,2016-08-12,2019-06-25,89,2026-03-20
Z000150150,고양관산초고양초공동통학구역,1,41,281,7530000,경기도교육청,7621000,경기도고양교육지원청,2016-08-12,2016-08-12,4770,2026-03-20
Z000102201,학현초통학구역,0,41,271,7530000,경기도교육청,7611000,경기도안산교육지원청,2016-08-12,2016-08-12,2700,2026-03-20
Z000103032,귀래초통학구역,0,51,130,7801000,강원특별자치도교육청,7822000,강원특별자치도원주교육지원청,2016-08-12,2016-08-12,455,2026-03-20
Z000103027,고산초통학구역,0,51,130,7801000,강원특별자치도교육청,7822000,강원특별자치도원주교육지원청,2016-08-12,2016-08-12,5781,2026-03-20
Z000103030,교학초통학구역,0,51,130,7801000,강원특별자치도교육청,7822000,강원특별자치도원주교육지원청,2016-08-12,2016-08-12,407,2026-03-20
Z000100302,서울오륜초통학구역,0,11,710,7010000,서울특별시교육청,7130000,서울특별시강동송파교육지원청,2016-08-12,2016-08-12,1861,2026-03-20
Z000100262,서울강명초통학구역,0,11,740,7010000,서울특별시교육청,7130000,서울특별시강동송파교육지원청,2016-08-12,2016-08-12,4448,2026-03-20
Z000100133,서울미래초통학구역,0,11,530,7010000,서울특별시교육청,7041000,서울특별시남부교육지원청,2016-08-12,2017-11-20,4768,2026-03-20
Z000100271,서울남천초통학구역,0,11,710,7010000,서울특별시교육청,7130000,서울특별시강동송파교육지원청,2016-08-12,2017-02-07,985,2026-03-20
Z000102440,진건초통학구역,0,41,360,7530000,경기도교육청,7652000,경기도구리남양주교육지원청,2016-08-12,2021-07-26,3025,2026-03-20
Z000102432,용신초통학구역,0,41,360,7530000,경기도교육청,7652000,경기도구리남양주교육지원청,2016-08-12,2021-07-26,5257,2026-03-20
Z000100172,서울누원초통학구역,0,11,320,7010000,서울특별시교육청,7051000,서울특별시북부교육지원청,2016-08-12,2016-08-12,6196,2026-03-20
Z000100219,서울청계초통학구역,0,11,350,7010000,서울특별시교육청,7051000,서울특별시북부교육지원청,2016-08-12,2016-08-12,4347,2026-03-20
Z000150760,창수초영해초공동통학구역,1,47,770,8750000,경상북도교육청,8901000,경상북도영덕교육지원청,2019-07-08,2019-07-09,6441,2026-03-20
Z000104933,증도초통학구역,0,46,910,8490000,전라남도교육청,8721000,전라남도신안교육지원청,2016-08-12,2019-07-09,4652,2026-03-20
Z000101169,인천한길초통학구역,0,28,237,7310000,인천광역시교육청,7331000,인천광역시북부교육지원청,2016-08-12,2020-05-20,2499,2026-03-20
Z000101136,인천대정초통학구역,0,28,237,7310000,인천광역시교육청,7331000,인천광역시북부교육지원청,2016-08-12,2020-05-20,3943,2026-03-20
Z000102359,당동초통학구역,0,41,410,7530000,경기도교육청,7642000,경기도군포의왕교육지원청,2016-08-12,2019-12-03,282,2026-03-20
Z000101222,인천장서초통학구역,0,28,200,7310000,인천광역시교육청,7341000,인천광역시동부교육지원청,2016-08-12,2019-05-08,3365,2026-03-20
Z000103959,광천초통학구역,0,44,800,8140000,충청남도교육청,8261000,충청남도홍성교육지원청,2016-08-12,2019-05-08,6878,2026-03-20
Z000101232,인천한빛초통학구역,0,28,200,7310000,인천광역시교육청,7341000,인천광역시동부교육지원청,2016-08-12,2019-05-08,1586,2026-03-20
Z000100353,서울신기초통학구역,0,11,470,7010000,서울특별시교육청,7081300,서울특별시강서양천교육지원청,2016-08-12,2017-11-20,1800,2026-03-20
Z000100359,서울신은초통학구역,0,11,470,7010000,서울특별시교육청,7081300,서울특별시강서양천교육지원청,2016-08-12,2016-08-12,5266,2026-03-20
Z000105497,삼정자초통학구역,0,48,123,9010000,경상남도교육청,9022000,경상남도창원교육지원청,2016-08-12,2020-05-18,4520,2026-03-20
Z000105465,남정초통학구역,0,48,123,9010000,경상남도교육청,9022000,경상남도창원교육지원청,2016-08-12,2020-05-18,4942,2026-03-20
Z000105557,합성초통학구역,0,48,127,9010000,경상남도교육청,9022000,경상남도창원교육지원청,2016-08-12,2020-05-18,6854,2026-03-20
Z000101951,만안초통학구역,0,41,171,7530000,경기도교육청,7569000,경기도안양과천교육지원청,2016-08-12,2016-08-12,3492,2026-03-20
Z000150340,개곡초서암초공동통학구역,1,41,570,7530000,경기도교육청,7771000,경기도김포교육지원청,2016-08-12,2021-07-06,4805,2026-03-20
Z000103256,청령포초통학구역,0,51,750,7801000,강원특별자치도교육청,7902000,강원특별자치도영월교육지원청,2016-08-12,2019-07-15,5431,2026-03-20
Z000150213,기산초진안초공동통학구역,1,41,590,7530000,경기도교육청,7679000,경기도화성오산교육지원청,2016-08-12,2021-07-06,6257,2026-03-20
Z000101794,안룡초통학구역,0,41,113,7530000,경기도교육청,7541000,경기도수원교육지원청,2016-08-12,2021-07-06,3718,2026-03-20
Z000103143,상평초통학구역,0,51,830,7801000,강원특별자치도교육청,7863000,강원특별자치도속초양양교육지원청,2016-08-12,2016-08-12,6839,2026-03-20
Z000103751,명천초통학구역,0,44,180,8140000,충청남도교육청,8171000,충청남도보령교육지원청,2016-08-12,2017-12-08,1017,2026-03-20
Z000102962,석정초통학구역,0,41,570,7530000,경기도교육청,7771000,경기도김포교육지원청,2016-08-12,2016-08-12,3887,2026-03-20
Z000101199,인천석천초통학구역,0,28,200,7310000,인천광역시교육청,7341000,인천광역시동부교육지원청,2016-08-12,2018-11-11,3944,2026-03-20
Z000102240,삼송초통학구역,0,41,281,7530000,경기도교육청,7621000,경기도고양교육지원청,2016-08-12,2021-12-14,4772,2026-03-20
Z000102229,도래울초통학구역,0,41,281,7530000,경기도교육청,7621000,경기도고양교육지원청,2016-08-12,2021-12-14,5004,2026-03-20
Z000101530,대전태평초통학구역,0,30,140,7430000,대전광역시교육청,7441000,대전광역시동부교육지원청,2016-08-12,2016-08-12,2094,2026-03-20
Z000102001,부인초통학구역,0,41,192,7530000,경기도교육청,7581000,경기도부천교육지원청,2016-08-12,2024-03-29,6934,2026-03-20
Z000101882,성남화랑초통학구역,0,41,135,7530000,경기도교육청,7551000,경기도성남교육지원청,2016-08-12,2016-08-12,3375,2026-03-20
Z000100547,서울인수초통학구역,0,11,305,7010000,서울특별시교육청,7121200,서울특별시성북강북교육지원청,2016-08-12,2016-08-12,1930,2026-03-20
Z000103280,고한초통학구역,0,51,770,7801000,강원특별자치도교육청,7922000,강원특별자치도정선교육지원청,2016-08-12,2016-08-12,5395,2026-03-20
Z000103863,추부초통학구역,0,44,710,8140000,충청남도교육청,8201000,충청남도금산교육지원청,2016-08-12,2016-08-12,2990,2026-03-20
Z000101144,인천부개초통학구역,0,28,237,7310000,인천광역시교육청,7331000,인천광역시북부교육지원청,2016-08-12,2016-08-12,2908,2026-03-20
Z000151157,명호초온혜초공동통학구역,1,47,920,8750000,경상북도교육청,8961000,경상북도봉화교육지원청,2021-11-22,2022-01-18,5583,2026-03-20
Z000105415,명호초통학구역,0,47,920,8750000,경상북도교육청,8961000,경상북도봉화교육지원청,2016-08-12,2022-01-18,2285,2026-03-20
Z000150331,신일초용인신봉초공동통학구역,1,41,465,7530000,경기도교육청,7751000,경기도용인교육지원청,2016-08-12,2021-08-03,3916,2026-03-20
Z000106244,역동초통학구역,0,41,610,7530000,경기도교육청,7692000,경기도광주하남교육지원청,2019-08-14,2021-08-03,1477,2026-03-20
Z000102684,태전초통학구역,0,41,610,7530000,경기도교육청,7692000,경기도광주하남교육지원청,2016-08-12,2021-08-03,4786,2026-03-20
Z000102648,광남초통학구역,0,41,610,7530000,경기도교육청,7692000,경기도광주하남교육지원청,2016-08-12,2021-08-03,6821,2026-03-20
Z000102662,만선초통학구역,0,41,610,7530000,경기도교육청,7692000,경기도광주하남교육지원청,2016-08-12,2021-08-03,550,2026-03-20
Z000101224,인천정각초통학구역,0,28,200,7310000,인천광역시교육청,7341000,인천광역시동부교육지원청,2016-08-12,2016-08-12,3066,2026-03-20
Z000102337,현덕초광덕분교장통학구역,0,41,220,7530000,경기도교육청,7631000,경기도평택교육지원청,2016-08-12,2016-08-12,568,2026-03-20
Z000101145,인천부곡초통학구역,0,28,237,7310000,인천광역시교육청,7331000,인천광역시북부교육지원청,2016-08-12,2020-05-20,3064,2026-03-20
Z000101141,인천미산초통학구역,0,28,237,7310000,인천광역시교육청,7331000,인천광역시북부교육지원청,2016-08-12,2020-05-20,5709,2026-03-20
Z000101158,인천산곡초통학구역,0,28,237,7310000,인천광역시교육청,7331000,인천광역시북부교육지원청,2016-08-12,2020-05-20,3938,2026-03-20
Z000101159,인천삼산초통학구역,0,28,237,7310000,인천광역시교육청,7331000,인천광역시북부교육지원청,2016-08-12,2020-05-20,5557,2026-03-20
Z000102828,두창초통학구역,0,41,461,7530000,경기도교육청,7751000,경기도용인교육지원청,2016-08-12,2021-06-22,3758,2026-03-20
Z000151129,안룡초진안초공동통학구역,1,41,590,7530000,경기도교육청,7679000,경기도화성오산교육지원청,2016-08-12,2021-07-06,6261,2026-03-20
Z000150977,유구초구산초덕암초공동(일방)통학구역,1,44,150,8140000,충청남도교육청,8161000,충청남도공주교육지원청,2016-08-12,2020-05-26,5040,2026-03-20
Z000150866,영암초제한적공동통학구역,1,46,830,8490000,전라남도교육청,8651000,전라남도영암교육지원청,2020-02-06,2020-03-04,106,2026-03-20
Z000102964,수남초통학구역,0,41,570,7530000,경기도교육청,7771000,경기도김포교육지원청,2016-08-12,2016-08-12,6554,2026-03-20
Z000101143,인천부개서초통학구역,0,28,237,7310000,인천광역시교육청,7331000,인천광역시북부교육지원청,2016-08-12,2016-08-12,2018,2026-03-20
Z000102483,흥천초통학구역,0,41,670,7530000,경기도교육청,7661000,경기도여주교육지원청,2016-08-12,2016-08-12,1828,2026-03-20
Z000105376,월항초통학구역,0,47,840,8750000,경상북도교육청,8931000,경상북도성주교육지원청,2016-08-12,2016-08-12,3841,2026-03-20
Z000103451,청남초통학구역,0,43,111,8000000,충청북도교육청,8011000,충청북도청주교육지원청,2016-08-12,2016-08-12,309,2026-03-20
Z000103536,탄부초통학구역,0,43,720,8000000,충청북도교육청,8051000,충청북도보은교육지원청,2016-08-12,2016-08-12,4635,2026-03-20
Z000102392,남양주금곡초통학구역,0,41,360,7530000,경기도교육청,7652000,경기도구리남양주교육지원청,2016-08-12,2021-07-26,4787,2026-03-20
Z000102258,용정초통학구역,0,41,281,7530000,경기도교육청,7621000,경기도고양교육지원청,2016-08-12,2021-07-20,4420,2026-03-20
Z000150208,남양주금곡초남양주동곡초공동통학구역,1,41,360,7530000,경기도교육청,7652000,경기도구리남양주교육지원청,2016-08-12,2021-07-26,6133,2026-03-20
Z000101764,매현초통학구역,0,41,117,7530000,경기도교육청,7541000,경기도수원교육지원청,2016-08-12,2016-08-12,7123,2026-03-20
Z000102088,만송초통학구역,0,41,630,7530000,경기도교육청,7602000,경기도동두천양주교육지원청,2016-08-12,2016-08-17,1555,2026-03-20
Z000102824,독정초통학구역,0,41,463,7530000,경기도교육청,7751000,경기도용인교육지원청,2016-08-12,2021-06-22,2747,2026-03-20
Z000102821,대지초통학구역,0,41,465,7530000,경기도교육청,7751000,경기도용인교육지원청,2016-08-12,2021-06-22,1597,2026-03-20
Z000100542,서울안암초통학구역,0,11,290,7010000,서울특별시교육청,7121200,서울특별시성북강북교육지원청,2016-08-12,2021-12-14,6338,2026-03-20
Z000104042,순성초통학구역,0,44,270,8140000,충청남도교육청,8291000,충청남도당진교육지원청,2016-08-12,2021-12-27,1108,2026-03-20
Z000104032,면천초통학구역,0,44,270,8140000,충청남도교육청,8291000,충청남도당진교육지원청,2016-08-12,2021-12-27,4844,2026-03-20
Z000102558,제암초통학구역,0,41,590,7530000,경기도교육청,7679000,경기도화성오산교육지원청,2016-08-12,2021-12-27,32,2026-03-20
Z000101840,금빛초통학구역,0,41,131,7530000,경기도교육청,7551000,경기도성남교육지원청,2016-08-12,2022-01-18,112,2026-03-20
Z000151173,수진초성남서초공동통학구역,1,41,131,7530000,경기도교육청,7551000,경기도성남교육지원청,2021-12-01,2022-01-18,952,2026-03-20
Z000102347,관모초통학구역,0,41,410,7530000,경기도교육청,7642000,경기도군포의왕교육지원청,2016-08-12,2022-01-18,4724,2026-03-20
Z000151174,관모초금정초공동통학구역,1,41,410,7530000,경기도교육청,7642000,경기도군포의왕교육지원청,2021-12-01,2022-01-18,4725,2026-03-20
Z000102368,수리초통학구역,0,41,410,7530000,경기도교육청,7642000,경기도군포의왕교육지원청,2016-08-12,2016-08-12,815,2026-03-20
Z000103357,공현진초통학구역,0,51,820,7801000,강원특별자치도교육청,7972000,강원특별자치도고성교육지원청,2016-08-12,2016-08-12,697,2026-03-20
Z000150194,저동초주엽초공동통학구역,1,41,285,7530000,경기도교육청,7621000,경기도고양교육지원청,2016-08-12,2016-08-12,4802,2026-03-20
Z000103864,가야곡초통학구역,0,44,230,8140000,충청남도교육청,8222000,충청남도논산계룡교육지원청,2016-08-12,2016-08-12,3897,2026-03-20
Z000103292,임계초통학구역,0,51,770,7801000,강원특별자치도교육청,7922000,강원특별자치도정선교육지원청,2016-08-12,2016-08-12,2287,2026-03-20
Z000102137,목감초통학구역,0,41,390,7530000,경기도교육청,7781000,경기도시흥교육지원청,2016-08-12,2018-01-29,5639,2026-03-20
Z000102235,백마초통학구역,0,41,285,7530000,경기도교육청,7621000,경기도고양교육지원청,2016-08-12,2016-08-12,4822,2026-03-20
Z000100210,서울중원초통학구역,0,11,350,7010000,서울특별시교육청,7051000,서울특별시북부교육지원청,2016-08-12,2016-08-12,758,2026-03-20
Z000102884,장평초통학구역,0,41,461,7530000,경기도교육청,7751000,경기도용인교육지원청,2016-08-12,2016-08-12,2542,2026-03-20
Z000150747,서울천왕초서울하늘숲초공동통학구역,1,11,530,7010000,서울특별시교육청,7041000,서울특별시남부교육지원청,2019-04-04,2019-04-04,5345,2026-03-20
Z000106221,서울하늘숲초통학구역,0,11,530,7010000,서울특별시교육청,7041000,서울특별시남부교육지원청,2019-04-04,2019-04-04,889,2026-03-20
Z000101187,인천만수북초통학구역,0,28,200,7310000,인천광역시교육청,7341000,인천광역시동부교육지원청,2016-08-12,2016-08-12,2011,2026-03-20
Z000101190,인천먼우금초통학구역,0,28,185,7310000,인천광역시교육청,7341000,인천광역시동부교육지원청,2016-08-12,2016-08-12,3258,2026-03-20
Z000101194,인천상아초통학구역,0,28,200,7310000,인천광역시교육청,7341000,인천광역시동부교육지원청,2016-08-12,2016-08-12,385,2026-03-20
Z000103588,목도초통학구역,0,43,760,8000000,충청북도교육청,8092000,충청북도괴산증평교육지원청,2016-08-12,2017-05-19,3465,2026-03-20
Z000106108,연양초통학구역,0,36,110,9300000,세종특별자치시교육청,9300000,세종특별자치시교육청,2016-08-12,2016-08-12,597,2026-03-20
Z000100253,서울혜화초통학구역,0,11,110,7010000,서울특별시교육청,7061000,서울특별시중부교육지원청,2016-08-12,2017-02-15,2385,2026-03-20
Z000101858,불정초통학구역,0,41,135,7530000,경기도교육청,7551000,경기도성남교육지원청,2016-08-12,2018-02-22,6267,2026-03-20
Z000100200,서울오봉초통학구역,0,11,320,7010000,서울특별시교육청,7051000,서울특별시북부교육지원청,2016-08-12,2016-08-12,6255,2026-03-20
Z000100235,서울삼광초통학구역,0,11,170,7010000,서울특별시교육청,7061000,서울특별시중부교육지원청,2016-08-12,2017-02-16,566,2026-03-20
Z000101219,인천인동초통학구역,0,28,200,7310000,인천광역시교육청,7341000,인천광역시동부교육지원청,2016-08-12,2016-08-12,214,2026-03-20
Z000101885,수진초통학구역,0,41,131,7530000,경기도교육청,7551000,경기도성남교육지원청,2016-08-12,2022-01-18,2764,2026-03-20
Z000101074,대구화원초통학구역,0,27,710,7240000,대구광역시교육청,7281000,대구광역시달성교육지원청,2016-08-12,2022-01-18,3390,2026-03-20
Z000105896,옥종초통학구역,0,48,850,9010000,경상남도교육청,9181000,경상남도하동교육지원청,2016-08-12,2022-01-18,2267,2026-03-20
Z000105899,진정초통학구역,0,48,850,9010000,경상남도교육청,9181000,경상남도하동교육지원청,2016-08-12,2022-01-18,794,2026-03-20
Z000103262,대관령초통학구역,0,51,760,7801000,강원특별자치도교육청,7912000,강원특별자치도평창교육지원청,2016-08-12,2016-08-12,4331,2026-03-20
Z000150529,김천다수초김천부곡초공동통학구역,1,47,150,8750000,경상북도교육청,8781000,경상북도김천교육지원청,2016-08-12,2016-08-12,6665,2026-03-20
Z000103417,서촌초통학구역,0,43,113,8000000,충청북도교육청,8011000,충청북도청주교육지원청,2016-08-12,2018-01-29,5177,2026-03-20
Z000105076,아천초통학구역,0,47,150,8750000,경상북도교육청,8781000,경상북도김천교육지원청,2016-08-12,2016-08-12,853,2026-03-20
Z000102926,비룡초통학구역,0,41,550,7530000,경기도교육청,7761000,경기도안성교육지원청,2016-08-12,2019-10-30,598,2026-03-20
Z000150083,대전대화초대전화정초공동통학구역,1,30,230,7430000,대전광역시교육청,7441000,대전광역시동부교육지원청,2016-08-12,2019-11-05,3415,2026-03-20
Z000150148,가좌초송포초공동통학구역,1,41,287,7530000,경기도교육청,7621000,경기도고양교육지원청,2016-08-12,2021-07-20,1105,2026-03-20
Z000102249,송포초통학구역,0,41,287,7530000,경기도교육청,7621000,경기도고양교육지원청,2016-08-12,2021-07-20,6423,2026-03-20
Z000102457,가남초통학구역,0,41,670,7530000,경기도교육청,7661000,경기도여주교육지원청,2016-08-12,2021-07-20,912,2026-03-20
Z000102281,현산초통학구역,0,41,287,7530000,경기도교육청,7621000,경기도고양교육지원청,2016-08-12,2021-07-20,1234,2026-03-20
Z000102968,양도초통학구역,0,41,570,7530000,경기도교육청,7771000,경기도김포교육지원청,2016-08-12,2016-08-12,2894,2026-03-20
Z000150265,나룰초신평초공동통학구역,1,41,450,7530000,경기도교육청,7692000,경기도광주하남교육지원청,2016-08-12,2016-08-12,1731,2026-03-20
Z000102234,문화초통학구역,0,41,287,7530000,경기도교육청,7621000,경기도고양교육지원청,2016-08-12,2016-08-12,4807,2026-03-20
Z000103320,원천초통학구역,0,51,790,7801000,강원특별자치도교육청,7942000,강원특별자치도화천교육지원청,2016-08-12,2016-08-12,4989,2026-03-20
Z000101372,연제초통학구역,0,29,170,7380000,광주광역시교육청,7391000,광주광역시동부교육지원청,2016-08-12,2016-08-12,3001,2026-03-20
Z000100214,서울창도초통학구역,0,11,320,7010000,서울특별시교육청,7051000,서울특별시북부교육지원청,2016-08-12,2016-08-12,876,2026-03-20
Z000101504,대전보운초통학구역,0,30,140,7430000,대전광역시교육청,7441000,대전광역시동부교육지원청,2016-08-12,2019-01-30,2362,2026-03-20
Z000103988,수덕초통학구역,0,44,810,8140000,충청남도교육청,8271000,충청남도예산교육지원청,2016-08-12,2016-08-12,353,2026-03-20
Z000100492,서울금호초통학구역,0,11,200,7010000,서울특별시교육청,7134000,서울특별시성동광진교육지원청,2016-08-12,2018-03-26,2824,2026-03-20
Z000101797,영동초통학구역,0,41,117,7530000,경기도교육청,7541000,경기도수원교육지원청,2016-08-12,2018-03-05,4350,2026-03-20
Z000100103,서울개명초통학구역,0,11,530,7010000,서울특별시교육청,7041000,서울특별시남부교육지원청,2016-08-12,2019-04-04,3567,2026-03-20
Z000102251,신원초통학구역,0,41,281,7530000,경기도교육청,7621000,경기도고양교육지원청,2016-08-12,2021-06-29,3876,2026-03-20
Z000151191,제석초도산초광역통학구역,1,48,220,9010000,경상남도교육청,9071000,경상남도통영교육지원청,2021-12-14,2022-01-18,2771,2026-03-20
Z000102918,문기초통학구역,0,41,550,7530000,경기도교육청,7761000,경기도안성교육지원청,2016-08-12,2021-08-10,1211,2026-03-20
Z000102920,미양초통학구역,0,41,550,7530000,경기도교육청,7761000,경기도안성교육지원청,2016-08-12,2021-08-10,586,2026-03-20
Z000106093,두루초통학구역,0,36,110,9300000,세종특별자치시교육청,9300000,세종특별자치시교육청,2016-08-12,2016-08-12,6822,2026-03-20
Z000105449,남양초통학구역,0,47,940,8750000,경상북도교육청,8981000,경상북도울릉교육지원청,2016-08-12,2017-12-28,250,2026-03-20
Z000105742,마전초통학구역,0,48,310,9010000,경상남도교육청,9111000,경상남도거제교육지원청,2016-08-12,2018-05-03,3600,2026-03-20
Z000150603,적량초하동초공동통학구역,1,48,850,9010000,경상남도교육청,9181000,경상남도하동교육지원청,2016-08-12,2016-08-12,2844,2026-03-20
Z000101125,인천주안초통학구역,0,28,177,7310000,인천광역시교육청,7321000,인천광역시남부교육지원청,2018-09-19,2018-01-07,3332,2026-03-20
Z000104894,화흥초통학구역,0,46,890,8490000,전라남도교육청,8701000,전라남도완도교육지원청,2016-08-12,2016-08-12,4833,2026-03-20
Z000100772,신덕초통학구역,0,26,320,7150000,부산광역시교육청,7201000,부산광역시북부교육지원청,2016-08-12,2016-08-12,1377,2026-03-20
Z000100746,덕상초통학구역,0,26,530,7150000,부산광역시교육청,7201000,부산광역시북부교육지원청,2016-08-12,2016-08-12,4061,2026-03-20
Z000100316,서울평화초통학구역,0,11,710,7010000,서울특별시교육청,7130000,서울특별시강동송파교육지원청,2016-08-12,2016-08-12,948,2026-03-20
Z000100042,서울고은초통학구역,0,11,410,7010000,서울특별시교육청,7031000,서울특별시서부교육지원청,2016-08-12,2016-08-12,6474,2026-03-20
Z000150157,고양초신원초공동통학구역,1,41,281,7530000,경기도교육청,7621000,경기도고양교육지원청,2016-08-12,2021-06-29,2598,2026-03-20
Z000102666,미사초통학구역,0,41,450,7530000,경기도교육청,7692000,경기도광주하남교육지원청,2016-08-12,2021-06-15,2669,2026-03-20
Z000102664,미사강변초통학구역,0,41,450,7530000,경기도교육청,7692000,경기도광주하남교육지원청,2016-08-12,2021-06-15,3541,2026-03-20
Z000102463,매류초통학구역,0,41,670,7530000,경기도교육청,7661000,경기도여주교육지원청,2016-08-12,2016-08-12,5504,2026-03-20
Z000102800,장천초통학구역,0,41,500,7530000,경기도교육청,7741000,경기도이천교육지원청,2016-08-12,2021-06-01,2718,2026-03-20
Z000102869,용인대일초통학구역,0,41,465,7530000,경기도교육청,7751000,경기도용인교육지원청,2016-08-12,2021-06-22,5146,2026-03-20
Z000150336,용인대일초용인신촌초공동통학구역,1,41,465,7530000,경기도교육청,7751000,경기도용인교육지원청,2016-08-12,2021-06-22,4283,2026-03-20
Z000150184,서정초아람초흥도초공동통학구역,1,41,281,7530000,경기도교육청,7621000,경기도고양교육지원청,2016-08-12,2016-08-12,4995,2026-03-20
Z000102479,이포초하호분교장통학구역,0,41,670,7530000,경기도교육청,7661000,경기도여주교육지원청,2016-08-12,2016-08-12,4501,2026-03-20
Z000100193,서울신상계초통학구역,0,11,350,7010000,서울특별시교육청,7051000,서울특별시북부교육지원청,2016-08-12,2016-08-12,1554,2026-03-20
Z000105129,구운초통학구역,0,47,190,8750000,경상북도교육청,8801000,경상북도구미교육지원청,2016-08-12,2016-08-12,1161,2026-03-20
Z000105844,원동초통학구역,0,48,330,9010000,경상남도교육청,9151000,경상남도양산교육지원청,2016-08-12,2016-08-12,2291,2026-03-20
Z000105841,용연초통학구역,0,48,330,9010000,경상남도교육청,9151000,경상남도양산교육지원청,2016-08-12,2016-08-12,2877,2026-03-20
Z000105767,하청초통학구역,0,48,310,9010000,경상남도교육청,9111000,경상남도거제교육지원청,2016-08-12,2016-08-12,4338,2026-03-20
Z000100147,서울영동초통학구역,0,11,560,7010000,서울특별시교육청,7041000,서울특별시남부교육지원청,2016-08-12,2016-09-05,4401,2026-03-20
Z000101195,인천새말초통학구역,0,28,200,7310000,인천광역시교육청,7341000,인천광역시동부교육지원청,2016-08-12,2016-08-12,2905,2026-03-20
Z000102908,광덕초통학구역,0,41,550,7530000,경기도교육청,7761000,경기도안성교육지원청,2016-08-12,2018-03-26,1218,2026-03-20
Z000102280,행주초통학구역,0,41,281,7530000,경기도교육청,7621000,경기도고양교육지원청,2016-08-12,2016-08-12,834,2026-03-20
Z000103247,무릉초통학구역,0,51,750,7801000,강원특별자치도교육청,7902000,강원특별자치도영월교육지원청,2016-08-12,2016-08-12,6916,2026-03-20
Z000103366,인흥초통학구역,0,51,820,7801000,강원특별자치도교육청,7972000,강원특별자치도고성교육지원청,2016-08-12,2016-08-12,259,2026-03-20
Z000100525,서울동신초통학구역,0,11,290,7010000,서울특별시교육청,7121200,서울특별시성북강북교육지원청,2016-08-12,2021-12-14,6336,2026-03-20
Z000103635,매포초통학구역,0,43,800,8000000,충청북도교육청,8111000,충청북도단양교육지원청,2016-08-12,2022-01-18,6492,2026-03-20
Z000151187,단양초가곡초공동(일방)통학구역,1,43,800,8000000,충청북도교육청,8111000,충청북도단양교육지원청,2021-12-09,2022-01-18,968,2026-03-20
Z000102932,양성초통학구역,0,41,550,7530000,경기도교육청,7761000,경기도안성교육지원청,2016-08-12,2021-08-10,588,2026-03-20
Z000102913,대덕초통학구역,0,41,550,7530000,경기도교육청,7761000,경기도안성교육지원청,2016-08-12,2021-08-10,3281,2026-03-20
Z000103997,오가초통학구역,0,44,810,8140000,충청남도교육청,8271000,충청남도예산교육지원청,2016-08-12,2016-08-12,1733,2026-03-20
Z000103220,화촌초통학구역,0,51,720,7801000,강원특별자치도교육청,7882000,강원특별자치도홍천교육지원청,2016-08-12,2016-08-12,2220,2026-03-20
Z000103817,가사초통학구역,0,44,210,8140000,충청남도교육청,8191000,충청남도서산교육지원청,2016-08-12,2016-08-12,1511,2026-03-20
Z000103906,대왕초통학구역,0,44,760,8140000,충청남도교육청,8231000,충청남도부여교육지원청,2016-08-12,2016-08-12,281,2026-03-20
Z000150047,서울석계초서울석관초공동통학구역,1,11,290,7010000,서울특별시교육청,7121200,서울특별시성북강북교육지원청,2016-08-12,2019-01-19,6086,2026-03-20
Z000102060,광일초통학구역,0,41,210,7530000,경기도교육청,7591000,경기도광명교육지원청,2016-08-12,2016-08-12,8,2026-03-20
Z000102299,삼덕초통학구역,0,41,220,7530000,경기도교육청,7631000,경기도평택교육지원청,2016-08-12,2016-08-12,2608,2026-03-20
Z000150178,벽제초성석초파주대원초공동통학구역,1,41,285,7530000,경기도교육청,7621000,경기도고양교육지원청,2016-08-12,2016-08-12,827,2026-03-20
Z000102579,화성벌말초통학구역,0,41,590,7530000,경기도교육청,7679000,경기도화성오산교육지원청,2016-08-12,2021-06-15,6253,2026-03-20
Z000150224,병점초태안초공동통학구역,1,41,590,7530000,경기도교육청,7679000,경기도화성오산교육지원청,2016-08-12,2021-06-15,5398,2026-03-20
Z000100456,서울본동초통학구역,0,11,590,7010000,서울특별시교육청,7132000,서울특별시동작관악교육지원청,2016-08-12,2016-08-12,3396,2026-03-20
Z000100247,서울청구초통학구역,0,11,140,7010000,서울특별시교육청,7061000,서울특별시중부교육지원청,2016-08-12,2017-02-06,1020,2026-03-20
Z000102403,남양주양지초통학구역,0,41,360,7530000,경기도교육청,7652000,경기도구리남양주교육지원청,2016-08-12,2020-05-06,2145,2026-03-20
Z000102833,모현초통학구역,0,41,461,7530000,경기도교육청,7751000,경기도용인교육지원청,2016-08-12,2021-06-22,5059,2026-03-20
Z000150989,산청초차황초공동통학구역,1,48,860,9010000,경상남도교육청,9191000,경상남도산청교육지원청,2020-07-29,2020-07-29,1323,2026-03-20
Z000100065,서울성산초통학구역,0,11,440,7010000,서울특별시교육청,7031000,서울특별시서부교육지원청,2016-08-12,2016-08-12,7045,2026-03-20
Z000104755,유치초통학구역,0,46,800,8490000,전라남도교육청,8621000,전라남도장흥교육지원청,2016-08-12,2016-08-12,810,2026-03-20
Z000100731,구포초통학구역,0,26,320,7150000,부산광역시교육청,7201000,부산광역시북부교육지원청,2016-08-12,2016-08-12,491,2026-03-20
Z000106034,함덕초선인분교장통학구역,0,50,110,9290000,제주특별자치도교육청,9296000,제주특별자치도제주시교육지원청,2016-08-12,2016-08-12,6597,2026-03-20
Z000104629,영산포초통학구역,0,46,170,8490000,전라남도교육청,8531000,전라남도나주교육지원청,2016-08-12,2016-08-18,1587,2026-03-20
Z000103882,백석초통학구역,0,44,230,8140000,충청남도교육청,8222000,충청남도논산계룡교육지원청,2016-08-12,2016-08-12,6135,2026-03-20
Z000105065,김천모암초통학구역,0,47,150,8750000,경상북도교육청,8781000,경상북도김천교육지원청,2016-08-12,2016-08-12,510,2026-03-20
Z000101901,청솔초통학구역,0,41,135,7530000,경기도교육청,7551000,경기도성남교육지원청,2016-08-12,2018-08-11,3372,2026-03-20
Z000101908,한솔초통학구역,0,41,135,7530000,경기도교육청,7551000,경기도성남교육지원청,2016-08-12,2016-08-12,1601,2026-03-20
Z000103233,우천초통학구역,0,51,730,7801000,강원특별자치도교육청,7892000,강원특별자치도횡성교육지원청,2016-08-12,2016-08-12,4014,2026-03-20
Z000103250,신천초통학구역,0,51,750,7801000,강원특별자치도교육청,7902000,강원특별자치도영월교육지원청,2016-08-12,2016-08-12,5609,2026-03-20
Z000103253,연당초통학구역,0,51,750,7801000,강원특별자치도교육청,7902000,강원특별자치도영월교육지원청,2016-08-12,2016-08-12,98,2026-03-20
Z000103257,옥동초통학구역,0,51,750,7801000,강원특별자치도교육청,7902000,강원특별자치도영월교육지원청,2016-08-12,2016-08-12,1368,2026-03-20
Z000103224,강림초통학구역,0,51,730,7801000,강원특별자치도교육청,7892000,강원특별자치도횡성교육지원청,2016-08-12,2016-08-12,5290,2026-03-20
Z000150358,명덕초협신초매산초공동통학구역,1,51,720,7801000,강원특별자치도교육청,7882000,강원특별자치도홍천교육지원청,2016-08-12,2016-08-12,3733,2026-03-20
Z000103059,신평초통학구역,0,51,130,7801000,강원특별자치도교육청,7822000,강원특별자치도원주교육지원청,2016-08-12,2019-08-19,1318,2026-03-20
Z000150520,금장초사방초공동통학구역,1,47,130,8750000,경상북도교육청,8771000,경상북도경주교육지원청,2016-08-12,2016-08-12,6694,2026-03-20
Z000100255,서울후암초통학구역,0,11,170,7010000,서울특별시교육청,7061000,서울특별시중부교육지원청,2016-08-12,2017-02-06,5037,2026-03-20
Z000101596,대전송강초통학구역,0,30,200,7430000,대전광역시교육청,7451000,대전광역시서부교육지원청,2016-08-12,2016-08-12,2088,2026-03-20
Z000101562,대전관평초통학구역,0,30,200,7430000,대전광역시교육청,7451000,대전광역시서부교육지원청,2016-08-12,2016-08-12,5625,2026-03-20
Z000150139,구름산초소하초공동통학구역,1,41,210,7530000,경기도교육청,7591000,경기도광명교육지원청,2016-08-12,2016-08-12,6530,2026-03-20
Z000150343,은여울초양곡초공동통학구역,1,41,570,7530000,경기도교육청,7771000,경기도김포교육지원청,2016-08-12,2019-04-30,5026,2026-03-20
Z000105820,물금초통학구역,0,48,330,9010000,경상남도교육청,9151000,경상남도양산교육지원청,2016-08-12,2020-05-11,2298,2026-03-20
Z000150768,남양주양정초다산한강초공동통학구역,1,41,360,7530000,경기도교육청,7652000,경기도구리남양주교육지원청,2019-11-12,2019-11-12,7102,2026-03-20
Z000106101,쌍류초통학구역,0,36,110,9300000,세종특별자치시교육청,9300000,세종특별자치시교육청,2016-08-12,2016-08-12,5937,2026-03-20
Z000105316,도평초통학구역,0,47,750,8750000,경상북도교육청,8881000,경상북도청송교육지원청,2016-08-12,2016-08-12,2809,2026-03-20
Z000105250,산양초통학구역,0,47,280,8750000,경상북도교육청,8841000,경상북도문경교육지원청,2016-08-12,2016-08-12,671,2026-03-20
Z000105184,풍기북부초통학구역,0,47,210,8750000,경상북도교육청,8811000,경상북도영주교육지원청,2016-08-12,2016-08-12,2935,2026-03-20
Z000102144,상록초통학구역,0,41,271,7530000,경기도교육청,7611000,경기도안산교육지원청,2016-08-12,2019-03-12,542,2026-03-20
Z000150740,송호초안산양지초공동통학구역,1,41,273,7530000,경기도교육청,7611000,경기도안산교육지원청,2016-08-12,2019-03-12,1740,2026-03-20
Z000102173,안산양지초통학구역,0,41,273,7530000,경기도교육청,7611000,경기도안산교육지원청,2016-08-12,2019-03-12,844,2026-03-20
Z000102441,진접초통학구역,0,41,360,7530000,경기도교육청,7652000,경기도구리남양주교육지원청,2016-08-12,2016-08-12,585,2026-03-20
Z000101763,매탄초통학구역,0,41,117,7530000,경기도교육청,7541000,경기도수원교육지원청,2016-08-12,2018-03-20,6259,2026-03-20
Z000150181,상탄초현산초공동통학구역,1,41,287,7530000,경기도교육청,7621000,경기도고양교육지원청,2016-08-12,2016-08-12,5677,2026-03-20
Z000102425,수동초통학구역,0,41,360,7530000,경기도교육청,7652000,경기도구리남양주교육지원청,2016-08-12,2016-08-12,3755,2026-03-20
Z000101535,동대전초통학구역,0,30,110,7430000,대전광역시교육청,7441000,대전광역시동부교육지원청,2016-08-12,2016-08-12,5737,2026-03-20
Z000104005,남면초통학구역,0,44,825,8140000,충청남도교육청,8281000,충청남도태안교육지원청,2016-08-12,2016-08-12,5854,2026-03-20
Z000150953,옥계초구미원당초공동통학구역,1,47,190,8750000,경상북도교육청,8801000,경상북도구미교육지원청,2020-03-16,2020-03-16,960,2026-03-20
Z000150269,하남풍산초나룰초공동통학구역,1,41,450,7530000,경기도교육청,7692000,경기도광주하남교육지원청,2016-08-12,2018-03-27,3896,2026-03-20
Z000100394,서울대진초통학구역,0,11,680,7010000,서울특별시교육청,7091300,서울특별시강남서초교육지원청,2016-08-12,2016-08-12,1558,2026-03-20
Z000100424,서울역삼초통학구역,0,11,680,7010000,서울특별시교육청,7091300,서울특별시강남서초교육지원청,2016-08-12,2016-08-12,66,2026-03-20
Z000150136,상일초상원초공동통학구역,1,41,192,7530000,경기도교육청,7581000,경기도부천교육지원청,2016-08-12,2024-03-29,684,2026-03-20
Z000102045,옥산초통학구역,0,41,192,7530000,경기도교육청,7581000,경기도부천교육지원청,2016-08-12,2024-03-29,4809,2026-03-20
Z000105907,덕산초통학구역,0,48,860,9010000,경상남도교육청,9191000,경상남도산청교육지원청,2016-08-12,2020-07-29,5237,2026-03-20
Z000104756,장동초통학구역,0,46,800,8490000,전라남도교육청,8621000,전라남도장흥교육지원청,2016-08-12,2016-08-12,154,2026-03-20
Z000102382,가양초통학구역,0,41,360,7530000,경기도교육청,7652000,경기도구리남양주교육지원청,2016-08-12,2016-08-12,1307,2026-03-20
Z000101867,성남미금초통학구역,0,41,135,7530000,경기도교육청,7551000,경기도성남교육지원청,2016-08-12,2016-08-12,3377,2026-03-20
Z000103046,반계초통학구역,0,51,130,7801000,강원특별자치도교육청,7822000,강원특별자치도원주교육지원청,2016-08-12,2016-08-12,3735,2026-03-20
Z000102207,강선초통학구역,0,41,287,7530000,경기도교육청,7621000,경기도고양교육지원청,2016-08-12,2016-08-12,6568,2026-03-20
Z000103353,한계초통학구역,0,51,810,7801000,강원특별자치도교육청,7962000,강원특별자치도인제교육지원청,2016-08-12,2016-08-12,5608,2026-03-20
Z000105522,용호초통학구역,0,48,121,9010000,경상남도교육청,9022000,경상남도창원교육지원청,2016-08-12,2019-07-10,1653,2026-03-20
Z000102022,부천중앙초통학구역,0,41,192,7530000,경기도교육청,7581000,경기도부천교육지원청,2016-08-12,2024-03-29,3928,2026-03-20
Z000106195,태성초통학구역,0,41,610,7530000,경기도교육청,7692000,경기도광주하남교육지원청,2018-10-10,2020-05-19,2153,2026-03-20
Z000150707,태전초태성초공동통학구역,1,41,610,7530000,경기도교육청,7692000,경기도광주하남교육지원청,2018-10-10,2020-05-21,3908,2026-03-20
Z000103872,노성초통학구역,0,44,230,8140000,충청남도교육청,8222000,충청남도논산계룡교육지원청,2016-08-12,2016-08-12,3670,2026-03-20
Z000104013,송암초통학구역,0,44,825,8140000,충청남도교육청,8281000,충청남도태안교육지원청,2016-08-12,2016-12-05,6743,2026-03-20
Z000103453,청주내덕초통학구역,0,43,114,8000000,충청북도교육청,8011000,충청북도청주교육지원청,2016-08-12,2018-01-30,5630,2026-03-20
Z000103480,수회초통학구역,0,43,130,8000000,충청북도교육청,8021000,충청북도충주교육지원청,2016-08-12,2016-08-12,5725,2026-03-20
Z000103555,매곡초통학구역,0,43,740,8000000,충청북도교육청,8071000,충청북도영동교육지원청,2016-08-12,2016-08-12,6384,2026-03-20
Z000101176,인천남동초통학구역,0,28,200,7310000,인천광역시교육청,7341000,인천광역시동부교육지원청,2016-08-12,2016-08-12,678,2026-03-20
Z000103597,죽리초통학구역,0,43,745,8000000,충청북도교육청,8092000,충청북도괴산증평교육지원청,2016-08-12,2016-08-12,1402,2026-03-20
Z000105993,세화초통학구역,0,50,110,9290000,제주특별자치도교육청,9296000,제주특별자치도제주시교육지원청,2016-08-12,2016-08-12,5880,2026-03-20
Z000104891,청산초모도분교장통학구역,0,46,890,8490000,전라남도교육청,8701000,전라남도완도교육지원청,2016-08-12,2016-08-12,973,2026-03-20
Z000100876,대구동호초통학구역,0,27,140,7240000,대구광역시교육청,7251000,대구광역시동부교육지원청,2016-08-12,2017-06-23,501,2026-03-20
Z000104166,서수초통학구역,0,52,130,8321000,전북특별자치도교육청,8342000,전북특별자치도군산교육지원청,2016-08-12,2025-03-19,2597,2026-03-20
Z000102287,가사초통학구역,0,41,220,7530000,경기도교육청,7631000,경기도평택교육지원청,2016-08-12,2016-08-12,2949,2026-03-20
Z000102097,생연초통학구역,0,41,250,7530000,경기도교육청,7602000,경기도동두천양주교육지원청,2016-08-12,2016-08-12,7042,2026-03-20
Z000102091,사동초통학구역,0,41,250,7530000,경기도교육청,7602000,경기도동두천양주교육지원청,2016-08-12,2016-08-12,6194,2026-03-20
Z000105260,경산서부초통학구역,0,47,290,8750000,경상북도교육청,8851000,경상북도경산교육지원청,2016-08-12,2019-07-09,1375,2026-03-20
Z000104954,대도초통학구역,0,47,111,8750000,경상북도교육청,8761000,경상북도포항교육지원청,2016-08-12,2016-08-12,5561,2026-03-20
Z000105283,진량초통학구역,0,47,290,8750000,경상북도교육청,8851000,경상북도경산교육지원청,2016-08-12,2016-08-12,57,2026-03-20
Z000105271,부림초통학구역,0,47,290,8750000,경상북도교육청,8851000,경상북도경산교육지원청,2016-08-12,2016-08-12,2941,2026-03-20
Z000101517,대전오류초통학구역,0,30,140,7430000,대전광역시교육청,7441000,대전광역시동부교육지원청,2016-08-12,2016-08-12,5173,2026-03-20
Z000103642,도장초통학구역,0,44,131,8140000,충청남도교육청,8151000,충청남도천안교육지원청,2016-08-12,2016-11-14,824,2026-03-20
Z000103621,원당초통학구역,0,43,770,8000000,충청북도교육청,8101000,충청북도음성교육지원청,2016-08-12,2016-08-12,4981,2026-03-20
Z000100449,서울노량진초통학구역,0,11,590,7010000,서울특별시교육청,7132000,서울특별시동작관악교육지원청,2016-08-12,2016-08-12,2068,2026-03-20
Z000100437,서울청담초통학구역,0,11,680,7010000,서울특별시교육청,7091300,서울특별시강남서초교육지원청,2016-08-12,2016-08-12,6191,2026-03-20
Z000100556,서울화계초통학구역,0,11,305,7010000,서울특별시교육청,7121200,서울특별시성북강북교육지원청,2016-08-12,2016-08-12,1944,2026-03-20
Z000104337,가천초통학구역,0,52,710,8321000,전북특별자치도교육청,8392000,전북특별자치도완주교육지원청,2016-08-12,2024-02-23,3133,2026-03-20
Z000100956,대구산격초통학구역,0,27,230,7240000,대구광역시교육청,7261000,대구광역시서부교육지원청,2016-08-12,2017-10-30,4638,2026-03-20
Z000100023,서울원묵초통학구역,0,11,260,7010000,서울특별시교육청,7021000,서울특별시동부교육지원청,2016-08-12,2016-08-12,3339,2026-03-20
Z000100524,서울돈암초통학구역,0,11,290,7010000,서울특별시교육청,7121200,서울특별시성북강북교육지원청,2016-08-12,2016-12-05,6335,2026-03-20
Z000100301,서울오금초통학구역,0,11,710,7010000,서울특별시교육청,7130000,서울특별시강동송파교육지원청,2016-08-12,2016-08-12,6274,2026-03-20
Z000100308,서울잠전초통학구역,0,11,710,7010000,서울특별시교육청,7130000,서울특별시강동송파교육지원청,2016-08-12,2016-08-12,5991,2026-03-20
Z000150102,신영초태장초공동통학구역,1,41,117,7530000,경기도교육청,7541000,경기도수원교육지원청,2016-08-12,2016-08-12,1783,2026-03-20
Z000103750,대천초통학구역,0,44,180,8140000,충청남도교육청,8171000,충청남도보령교육지원청,2016-08-12,2017-12-08,3703,2026-03-20
Z000150378,강서초솔밭초공동통학구역,1,43,113,8000000,충청북도교육청,8011000,충청북도청주교육지원청,2016-08-12,2018-01-29,727,2026-03-20
Z000106039,가마초통학구역,0,50,130,9290000,제주특별자치도교육청,9299000,제주특별자치도서귀포시교육지원청,2016-08-12,2017-03-20,420,2026-03-20
Z000101991,까치울초통학구역,0,41,196,7530000,경기도교육청,7581000,경기도부천교육지원청,2016-08-12,2024-03-29,5262,2026-03-20
Z000103260,거문초통학구역,0,51,760,7801000,강원특별자치도교육청,7912000,강원특별자치도평창교육지원청,2016-08-12,2016-08-12,4192,2026-03-20
Z000102136,매화초통학구역,0,41,271,7530000,경기도교육청,7611000,경기도안산교육지원청,2016-08-12,2016-08-12,5881,2026-03-20
Z000150546,물야초봉화초공동통학구역,1,47,920,8750000,경상북도교육청,8961000,경상북도봉화교육지원청,2016-08-12,2016-08-12,1679,2026-03-20
Z000100063,서울서교초통학구역,0,11,440,7010000,서울특별시교육청,7031000,서울특별시서부교육지원청,2016-08-12,2019-05-13,6792,2026-03-20
Z000100058,서울불광초통학구역,0,11,380,7010000,서울특별시교육청,7031000,서울특별시서부교육지원청,2016-08-12,2019-05-14,283,2026-03-20
Z000100069,서울수리초통학구역,0,11,380,7010000,서울특별시교육청,7031000,서울특별시서부교육지원청,2016-08-12,2019-05-14,3818,2026-03-20
Z000150380,문의초행정초공동통학구역,1,43,111,8000000,충청북도교육청,8011000,충청북도청주교육지원청,2016-08-12,2016-08-12,3860,2026-03-20
Z000103554,구룡초통학구역,0,43,740,8000000,충청북도교육청,8071000,충청북도영동교육지원청,2016-08-12,2016-08-12,1691,2026-03-20
Z000100068,서울소의초통학구역,0,11,440,7010000,서울특별시교육청,7031000,서울특별시서부교육지원청,2016-08-12,2019-05-14,2529,2026-03-20
Z000104655,진상초통학구역,0,46,230,8490000,전라남도교육청,8551000,전라남도광양교육지원청,2016-08-12,2020-03-17,1045,2026-03-20
Z000101732,웅촌초통학구역,0,31,710,7480000,울산광역시교육청,7501000,울산광역시강남교육지원청,2016-08-12,2020-03-17,6696,2026-03-20
Z000100257,서울가동초통학구역,0,11,710,7010000,서울특별시교육청,7130000,서울특별시강동송파교육지원청,2016-08-12,2019-02-26,1862,2026-03-20
Z000101247,서도초통학구역,0,28,710,7310000,인천광역시교육청,7351000,인천광역시강화교육지원청,2016-08-12,2019-02-26,6456,2026-03-20
Z000105536,장천초통학구역,0,48,129,9010000,경상남도교육청,9022000,경상남도창원교육지원청,2016-08-12,2020-03-16,2309,2026-03-20
Z000101784,수원매화초통학구역,0,41,117,7530000,경기도교육청,7541000,경기도수원교육지원청,2016-08-12,2019-12-09,5320,2026-03-20
Z000102038,솔안초통학구역,0,41,194,7530000,경기도교육청,7581000,경기도부천교육지원청,2016-08-12,2024-03-29,1590,2026-03-20
Z000150447,삼례초천서초공동통학구역,1,52,140,8321000,전북특별자치도교육청,8352000,전북특별자치도익산교육지원청,2016-08-12,2024-02-23,1786,2026-03-20
Z000106083,효돈초통학구역,0,50,130,9290000,제주특별자치도교육청,9299000,제주특별자치도서귀포시교육지원청,2016-08-12,2016-08-12,5664,2026-03-20
Z000103639,영춘초통학구역,0,43,800,8000000,충청북도교육청,8111000,충청북도단양교육지원청,2016-08-12,2016-08-12,4319,2026-03-20
Z000103620,원남초통학구역,0,43,770,8000000,충청북도교육청,8101000,충청북도음성교육지원청,2016-08-12,2016-08-12,532,2026-03-20
Z000103616,쌍봉초통학구역,0,43,770,8000000,충청북도교육청,8101000,충청북도음성교육지원청,2016-08-12,2016-08-12,1827,2026-03-20
Z000102342,홍원초통학구역,0,41,220,7530000,경기도교육청,7631000,경기도평택교육지원청,2016-08-12,2016-08-12,4511,2026-03-20
Z000101944,관문초통학구역,0,41,290,7530000,경기도교육청,7569000,경기도안양과천교육지원청,2016-08-12,2016-08-12,6816,2026-03-20
Z000102199,팔곡초통학구역,0,41,271,7530000,경기도교육청,7611000,경기도안산교육지원청,2016-08-12,2016-08-12,2115,2026-03-20
Z000102692,백의초통학구역,0,41,650,7530000,경기도교육청,7701000,경기도연천교육지원청,2016-08-12,2016-08-12,2664,2026-03-20
Z000101261,인천가정초통학구역,0,28,260,7310000,인천광역시교육청,7361000,인천광역시서부교육지원청,2016-08-12,2016-08-12,2459,2026-03-20
Z000102544,오산원당초통학구역,0,41,370,7530000,경기도교육청,7679000,경기도화성오산교육지원청,2016-08-12,2018-03-28,2207,2026-03-20
Z000102004,부천대명초통학구역,0,41,196,7530000,경기도교육청,7581000,경기도부천교육지원청,2016-08-12,2024-03-29,6644,2026-03-20
Z000150266,덕풍초동부초공동통학구역,1,41,450,7530000,경기도교육청,7692000,경기도광주하남교육지원청,2016-08-12,2016-08-12,2671,2026-03-20
Z000103742,관창초통학구역,0,44,180,8140000,충청남도교육청,8171000,충청남도보령교육지원청,2016-08-12,2016-08-12,2138,2026-03-20
Z000150285,적암초연천왕산초공동통학구역,1,41,800,7530000,경기도교육청,7701000,경기도연천교육지원청,2016-08-12,2016-08-12,571,2026-03-20
Z000100521,서울개운초통학구역,0,11,290,7010000,서울특별시교육청,7121200,서울특별시성북강북교육지원청,2016-08-12,2017-02-10,158,2026-03-20
Z000103754,송학초통학구역,0,44,180,8140000,충청남도교육청,8171000,충청남도보령교육지원청,2016-08-12,2017-12-08,5012,2026-03-20
Z000150438,신도초엄사초공동통학구역,1,44,250,8140000,충청남도교육청,8222000,충청남도논산계룡교육지원청,2016-08-12,2016-08-12,3278,2026-03-20
Z000101989,고강초통학구역,0,41,196,7530000,경기도교육청,7581000,경기도부천교육지원청,2016-08-12,2024-03-29,2614,2026-03-20
Z000103214,한서초통학구역,0,51,720,7801000,강원특별자치도교육청,7882000,강원특별자치도홍천교육지원청,2016-08-12,2016-08-12,5859,2026-03-20
Z000102999,당림초통학구역,0,51,110,7801000,강원특별자치도교육청,7812000,강원특별자치도춘천교육지원청,2016-08-12,2016-08-12,4982,2026-03-20
Z000103197,모곡초통학구역,0,51,720,7801000,강원특별자치도교육청,7882000,강원특별자치도홍천교육지원청,2016-08-12,2016-08-12,529,2026-03-20
Z000102323,창신초통학구역,0,41,220,7530000,경기도교육청,7631000,경기도평택교육지원청,2016-08-12,2016-08-12,6251,2026-03-20
Z000103274,주진초통학구역,0,51,760,7801000,강원특별자치도교육청,7912000,강원특별자치도평창교육지원청,2016-08-12,2016-08-12,92,2026-03-20
Z000150432,공주중동초효포초공동통학구역,1,44,150,8140000,충청남도교육청,8161000,충청남도공주교육지원청,2016-08-12,2016-08-12,338,2026-03-20
Z000102709,선단초통학구역,0,41,650,7530000,경기도교육청,7711000,경기도포천교육지원청,2016-08-12,2016-08-12,7111,2026-03-20
Z000102768,옥천초통학구역,0,41,830,7530000,경기도교육청,7731000,경기도양평교육지원청,2016-08-12,2016-08-12,4507,2026-03-20
Z000102044,오정초통학구역,0,41,196,7530000,경기도교육청,7581000,경기도부천교육지원청,2016-08-12,2024-03-29,5945,2026-03-20
Z000104003,고남초통학구역,0,44,825,8140000,충청남도교육청,8281000,충청남도태안교육지원청,2016-08-12,2016-08-12,4217,2026-03-20
Z000103986,봉산초통학구역,0,44,810,8140000,충청남도교육청,8271000,충청남도예산교육지원청,2016-08-12,2016-08-12,2461,2026-03-20
Z000103957,갈산초통학구역,0,44,800,8140000,충청남도교육청,8261000,충청남도홍성교육지원청,2016-08-12,2016-08-12,1924,2026-03-20
Z000103729,우성초통학구역,0,44,150,8140000,충청남도교육청,8161000,충청남도공주교육지원청,2016-08-12,2016-08-12,5112,2026-03-20
Z000150231,예당초예원초공동통학구역,1,41,590,7530000,경기도교육청,7679000,경기도화성오산교육지원청,2016-08-12,2016-08-12,5245,2026-03-20
Z000103725,석송초통학구역,0,44,150,8140000,충청남도교육청,8161000,충청남도공주교육지원청,2016-08-12,2016-08-12,6299,2026-03-20
Z000103720,귀산초통학구역,0,44,150,8140000,충청남도교육청,8161000,충청남도공주교육지원청,2016-08-12,2016-08-12,5415,2026-03-20
Z000103719,구산초통학구역,0,44,150,8140000,충청남도교육청,8161000,충청남도공주교육지원청,2016-08-12,2016-08-12,2834,2026-03-20
Z000100657,용문초통학구역,0,26,290,7150000,부산광역시교육청,7181000,부산광역시남부교육지원청,2016-08-12,2017-08-14,181,2026-03-20
Z000150487,노동초미력초보성초공동통학구역,1,46,780,8490000,전라남도교육청,8601000,전라남도보성교육지원청,2016-08-12,2016-08-12,6943,2026-03-20
Z000104846,묘량중앙초통학구역,0,46,870,8490000,전라남도교육청,8681000,전라남도영광교육지원청,2016-08-12,2016-08-12,3014,2026-03-20
Z000104844,군서초통학구역,0,46,870,8490000,전라남도교육청,8681000,전라남도영광교육지원청,2016-08-12,2016-08-12,6778,2026-03-20
Z000104838,엄다초통학구역,0,46,860,8490000,전라남도교육청,8671000,전라남도함평교육지원청,2016-08-12,2016-08-12,5891,2026-03-20
Z000104370,오천초통학구역,0,52,720,8321000,전북특별자치도교육청,8402000,전북특별자치도진안교육지원청,2016-08-12,2024-02-23,3579,2026-03-20
Z000100673,과정초통학구역,0,26,470,7150000,부산광역시교육청,7191000,부산광역시동래교육지원청,2016-08-12,2016-08-12,1987,2026-03-20
Z000100015,서울봉화초통학구역,0,11,260,7010000,서울특별시교육청,7021000,서울특별시동부교육지원청,2016-08-12,2016-08-12,4263,2026-03-20
Z000100123,서울도림초통학구역,0,11,560,7010000,서울특별시교육청,7041000,서울특별시남부교육지원청,2016-08-12,2017-10-30,4517,2026-03-20
Z000100629,동항초통학구역,0,26,290,7150000,부산광역시교육청,7181000,부산광역시남부교육지원청,2016-08-12,2016-08-12,1008,2026-03-20
Z000102549,운산초통학구역,0,41,370,7530000,경기도교육청,7679000,경기도화성오산교육지원청,2016-08-12,2016-08-12,5468,2026-03-20
Z000102180,안산해양초통학구역,0,41,271,7530000,경기도교육청,7611000,경기도안산교육지원청,2016-08-12,2016-08-12,6139,2026-03-20
Z000103074,흥업초통학구역,0,51,130,7801000,강원특별자치도교육청,7822000,강원특별자치도원주교육지원청,2016-08-12,2016-08-12,3140,2026-03-20
Z000103052,비두초통학구역,0,51,130,7801000,강원특별자치도교육청,7822000,강원특별자치도원주교육지원청,2016-08-12,2016-08-12,791,2026-03-20
Z000103195,두촌초통학구역,0,51,720,7801000,강원특별자치도교육청,7882000,강원특별자치도홍천교육지원청,2016-08-12,2016-08-12,5729,2026-03-20
Z000100364,서울양목초통학구역,0,11,470,7010000,서울특별시교육청,7081300,서울특별시강서양천교육지원청,2016-08-12,2016-08-12,2343,2026-03-20
Z000103881,반곡초통학구역,0,44,230,8140000,충청남도교육청,8222000,충청남도논산계룡교육지원청,2016-08-12,2016-08-12,3023,2026-03-20
Z000103848,금산동초통학구역,0,44,710,8140000,충청남도교육청,8201000,충청남도금산교육지원청,2016-08-12,2018-05-04,4506,2026-03-20
Z000102537,양산초통학구역,0,41,370,7530000,경기도교육청,7679000,경기도화성오산교육지원청,2016-08-12,2016-08-19,1038,2026-03-20
Z000103869,광석초통학구역,0,44,230,8140000,충청남도교육청,8222000,충청남도논산계룡교육지원청,2016-08-12,2016-08-12,391,2026-03-20
Z000102007,부천동초통학구역,0,41,192,7530000,경기도교육청,7581000,경기도부천교육지원청,2016-08-12,2024-03-29,5753,2026-03-20
Z000150138,옥산초중흥초공동통학구역,1,41,192,7530000,경기도교육청,7581000,경기도부천교육지원청,2016-08-12,2024-03-29,3925,2026-03-20
Z000102439,주곡초통학구역,0,41,360,7530000,경기도교육청,7652000,경기도구리남양주교육지원청,2016-08-12,2016-08-12,341,2026-03-20
Z000102015,부천수주초통학구역,0,41,196,7530000,경기도교육청,7581000,경기도부천교육지원청,2016-08-12,2024-03-29,2616,2026-03-20
Z000103867,강경중앙초통학구역,0,44,230,8140000,충청남도교육청,8222000,충청남도논산계룡교육지원청,2016-08-12,2016-08-12,6199,2026-03-20
Z000104965,상대초통학구역,0,47,111,8750000,경상북도교육청,8761000,경상북도포항교육지원청,2016-08-12,2016-08-12,234,2026-03-20
Z000150117,판교초낙생초공동통학구역,1,41,135,7530000,경기도교육청,7551000,경기도성남교육지원청,2016-08-12,2017-02-14,1572,2026-03-20
Z000102034,성주초통학구역,0,41,194,7530000,경기도교육청,7581000,경기도부천교육지원청,2016-08-12,2024-03-29,361,2026-03-20
Z000103131,태백초통학구역,0,51,190,7801000,강원특별자치도교육청,7852000,강원특별자치도태백교육지원청,2016-08-12,2016-08-12,4933,2026-03-20
Z000102414,동인초통학구역,0,41,310,7530000,경기도교육청,7652000,경기도구리남양주교육지원청,2016-08-12,2016-08-12,3668,2026-03-20
Z000106286,안산해솔초통학구역,0,41,271,7530000,경기도교육청,7611000,경기도안산교육지원청,2020-04-01,2020-04-01,835,2026-03-20
Z000101391,광주방림초통학구역,0,29,155,7380000,광주광역시교육청,7401000,광주광역시서부교육지원청,2016-08-12,2020-05-19,819,2026-03-20
Z000103122,창호초통학구역,0,51,170,7801000,강원특별자치도교육청,7842000,강원특별자치도동해교육지원청,2016-08-12,2018-10-11,4593,2026-03-20
Z000150966,산들초청암초공동통학구역,1,41,480,7530000,경기도교육청,7681000,경기도파주교육지원청,2020-04-01,2020-04-01,4685,2026-03-20
Z000103276,평창초통학구역,0,51,760,7801000,강원특별자치도교육청,7912000,강원특별자치도평창교육지원청,2016-08-12,2017-02-07,6041,2026-03-20
Z000103234,유현초통학구역,0,51,730,7801000,강원특별자치도교육청,7892000,강원특별자치도횡성교육지원청,2016-08-12,2016-08-12,453,2026-03-20
Z000103663,용정초통학구역,0,44,131,8140000,충청남도교육청,8151000,충청남도천안교육지원청,2016-08-12,2016-08-12,5410,2026-03-20
Z000103778,도고온천초통학구역,0,44,200,8140000,충청남도교육청,8181000,충청남도아산교육지원청,2016-08-12,2016-08-12,5647,2026-03-20
Z000103961,금당초통학구역,0,44,800,8140000,충청남도교육청,8261000,충청남도홍성교육지원청,2016-08-12,2016-08-12,1581,2026-03-20
Z000103644,목천초통학구역,0,44,131,8140000,충청남도교육청,8151000,충청남도천안교육지원청,2016-08-12,2017-02-16,6827,2026-03-20
Z000103668,천동초통학구역,0,44,131,8140000,충청남도교육청,8151000,충청남도천안교육지원청,2016-08-12,2016-08-12,3411,2026-03-20
Z000103674,천안백석초통학구역,0,44,133,8140000,충청남도교육청,8151000,충청남도천안교육지원청,2016-08-12,2016-08-12,3639,2026-03-20
Z000102330,평택송화초통학구역,0,41,220,7530000,경기도교육청,7631000,경기도평택교육지원청,2016-08-12,2016-08-12,4397,2026-03-20
Z000102431,와부초통학구역,0,41,360,7530000,경기도교육청,7652000,경기도구리남양주교육지원청,2016-08-12,2016-08-12,2149,2026-03-20
Z000103179,임원초통학구역,0,51,230,7801000,강원특별자치도교육청,7872000,강원특별자치도삼척교육지원청,2016-08-12,2016-08-12,2629,2026-03-20
Z000103186,호산초통학구역,0,51,230,7801000,강원특별자치도교육청,7872000,강원특별자치도삼척교육지원청,2016-08-12,2016-08-12,4428,2026-03-20
Z000104974,오천초통학구역,0,47,111,8750000,경상북도교육청,8761000,경상북도포항교육지원청,2016-08-12,2016-08-12,4700,2026-03-20
Z000103344,어론초통학구역,0,51,810,7801000,강원특별자치도교육청,7962000,강원특별자치도인제교육지원청,2016-08-12,2016-08-12,508,2026-03-20
Z000102111,지행초통학구역,0,41,250,7530000,경기도교육청,7602000,경기도동두천양주교육지원청,2016-08-12,2016-08-12,3338,2026-03-20
Z000103879,도산초통학구역,0,44,230,8140000,충청남도교육청,8222000,충청남도논산계룡교육지원청,2016-08-12,2016-08-12,2863,2026-03-20
Z000150296,곤지암초신둔초공동통학구역,1,41,610,7530000,경기도교육청,7741000,경기도이천교육지원청,2016-08-12,2016-08-12,1173,2026-03-20
Z000100461,서울삼일초통학구역,0,11,590,7010000,서울특별시교육청,7132000,서울특별시동작관악교육지원청,2016-08-12,2017-10-12,6370,2026-03-20
Z000103914,송간초통학구역,0,44,760,8140000,충청남도교육청,8231000,충청남도부여교육지원청,2016-08-12,2016-08-12,5927,2026-03-20
Z000103935,서면초통학구역,0,44,770,8140000,충청남도교육청,8241000,충청남도서천교육지원청,2016-08-12,2016-08-12,6552,2026-03-20
Z000150620,부강초강내초공동통학구역,1,36,110,9300000,세종특별자치시교육청,9300000,세종특별자치시교육청,2016-08-12,2016-08-12,5612,2026-03-20
Z000100479,서울청룡초통학구역,0,11,620,7010000,서울특별시교육청,7132000,서울특별시동작관악교육지원청,2016-08-12,2016-08-12,5156,2026-03-20
Z000150295,옥천초방일초공동통학구역,1,41,830,7530000,경기도교육청,7731000,경기도양평교육지원청,2016-08-12,2017-02-06,1820,2026-03-20
Z000103178,오저초통학구역,0,51,230,7801000,강원특별자치도교육청,7872000,강원특별자치도삼척교육지원청,2016-08-12,2016-08-12,4674,2026-03-20
Z000101565,대전금동초통학구역,0,30,170,7430000,대전광역시교육청,7451000,대전광역시서부교육지원청,2016-08-12,2020-05-27,6396,2026-03-20
Z000150784,고창초김포금빛초공동통학구역,1,41,570,7530000,경기도교육청,7771000,경기도김포교육지원청,2018-10-02,2019-12-04,4246,2026-03-20
Z000106045,대정초통학구역,0,50,130,9290000,제주특별자치도교육청,9299000,제주특별자치도서귀포시교육지원청,2016-08-12,2019-06-24,4654,2026-03-20
Z000100360,서울신정초통학구역,0,11,500,7010000,서울특별시교육청,7081300,서울특별시강서양천교육지원청,2016-08-12,2016-08-12,1802,2026-03-20
Z000100399,서울도성초통학구역,0,11,680,7010000,서울특별시교육청,7091300,서울특별시강남서초교육지원청,2016-08-12,2016-08-12,2676,2026-03-20
Z000103900,청동초통학구역,0,44,230,8140000,충청남도교육청,8222000,충청남도논산계룡교육지원청,2016-08-12,2016-08-12,6559,2026-03-20
Z000101925,신동초통학구역,0,41,150,7530000,경기도교육청,7561000,경기도의정부교육지원청,2016-08-12,2018-03-05,3553,2026-03-20
Z000102863,언남초통학구역,0,41,463,7530000,경기도교육청,7751000,경기도용인교육지원청,2016-08-12,2018-03-06,3633,2026-03-20
Z000101580,대전백운초통학구역,0,30,170,7430000,대전광역시교육청,7451000,대전광역시서부교육지원청,2016-08-12,2016-08-12,2979,2026-03-20
Z000104982,장량초통학구역,0,47,113,8750000,경상북도교육청,8761000,경상북도포항교육지원청,2016-08-12,2016-08-12,2025,2026-03-20
Z000102752,강상초통학구역,0,41,830,7530000,경기도교육청,7731000,경기도양평교육지원청,2016-08-12,2016-08-12,6639,2026-03-20
Z000100447,서울남사초통학구역,0,11,590,7010000,서울특별시교육청,7132000,서울특별시동작관악교육지원청,2016-08-12,2016-08-12,3262,2026-03-20
Z000104518,상암초통학구역,0,46,130,8490000,전라남도교육청,8511000,전라남도여수교육지원청,2016-08-12,2016-08-12,1051,2026-03-20
Z000105435,부구초삼당분교장통학구역,0,47,930,8750000,경상북도교육청,8971000,경상북도울진교육지원청,2016-08-12,2016-08-12,6153,2026-03-20
Z000102765,양평단월초통학구역,0,41,830,7530000,경기도교육청,7731000,경기도양평교육지원청,2016-08-12,2016-08-12,3223,2026-03-20
Z000102773,지평초통학구역,0,41,830,7530000,경기도교육청,7731000,경기도양평교육지원청,2016-08-12,2016-08-12,2574,2026-03-20
Z000104990,청하초통학구역,0,47,113,8750000,경상북도교육청,8761000,경상북도포항교육지원청,2016-08-12,2016-08-12,1115,2026-03-20
Z000104964,문충초통학구역,0,47,111,8750000,경상북도교육청,8761000,경상북도포항교육지원청,2016-08-12,2016-08-12,6442,2026-03-20
Z000105187,고경초통학구역,0,47,230,8750000,경상북도교육청,8821000,경상북도영천교육지원청,2016-08-12,2016-08-12,4659,2026-03-20
Z000150607,금반초유림초공동통학구역,1,48,870,9010000,경상남도교육청,9201000,경상남도함양교육지원청,2016-08-12,2017-03-23,3732,2026-03-20
Z000105143,상모초통학구역,0,47,190,8750000,경상북도교육청,8801000,경상북도구미교육지원청,2016-08-12,2016-08-12,4734,2026-03-20
Z000100264,서울개롱초통학구역,0,11,710,7010000,서울특별시교육청,7130000,서울특별시강동송파교육지원청,2016-08-12,2019-02-26,5445,2026-03-20
Z000101969,안양부안초통학구역,0,41,173,7530000,경기도교육청,7569000,경기도안양과천교육지원청,2016-08-12,2016-08-12,6049,2026-03-20
Z000100291,서울세륜초통학구역,0,11,710,7010000,서울특별시교육청,7130000,서울특별시강동송파교육지원청,2016-08-12,2020-05-19,88,2026-03-20
Z000100289,서울성내초통학구역,0,11,740,7010000,서울특별시교육청,7130000,서울특별시강동송파교육지원청,2016-08-12,2016-08-12,4549,2026-03-20
Z000100860,대구남산초통학구역,0,27,110,7240000,대구광역시교육청,7251000,대구광역시동부교육지원청,2016-08-12,2018-02-22,5074,2026-03-20
Z000102963,솔터초통학구역,0,41,570,7530000,경기도교육청,7771000,경기도김포교육지원청,2016-08-12,2020-02-25,2367,2026-03-20
Z000100966,대구인지초통학구역,0,27,230,7240000,대구광역시교육청,7261000,대구광역시서부교육지원청,2016-08-12,2016-08-12,1493,2026-03-20
Z000150802,삼송초원흥초공동통학구역,1,41,281,7530000,경기도교육청,7621000,경기도고양교육지원청,2020-01-02,2020-01-02,4757,2026-03-20
Z000106281,김포구래초통학구역,0,41,570,7530000,경기도교육청,7771000,경기도김포교육지원청,2020-02-25,2020-02-25,355,2026-03-20
Z000102956,나비초통학구역,0,41,570,7530000,경기도교육청,7771000,경기도김포교육지원청,2016-08-12,2020-02-25,1018,2026-03-20
Z000105190,대창초통학구역,0,47,230,8750000,경상북도교육청,8821000,경상북도영천교육지원청,2016-08-12,2016-08-12,3164,2026-03-20
Z000105494,사화초통학구역,0,48,121,9010000,경상남도교육청,9022000,경상남도창원교육지원청,2016-08-12,2016-08-12,4323,2026-03-20
Z000101270,인천계산초통학구역,0,28,245,7310000,인천광역시교육청,7331000,인천광역시북부교육지원청,2016-08-12,2024-04-01,4680,2026-03-20
Z000101864,서현초통학구역,0,41,135,7530000,경기도교육청,7551000,경기도성남교육지원청,2016-08-12,2020-05-20,867,2026-03-20
Z000104139,군산서해초통학구역,0,52,130,8321000,전북특별자치도교육청,8342000,전북특별자치도군산교육지원청,2016-08-12,2024-02-23,3057,2026-03-20
Z000150227,송산초청원초공동통학구역,1,41,590,7530000,경기도교육청,7679000,경기도화성오산교육지원청,2016-08-12,2016-08-12,6432,2026-03-20
Z000150278,신평초창우초공동통학구역,1,41,450,7530000,경기도교육청,7692000,경기도광주하남교육지원청,2016-08-12,2016-08-12,3020,2026-03-20
Z000100445,서울난향초통학구역,0,11,620,7010000,서울특별시교육청,7132000,서울특별시동작관악교육지원청,2016-08-12,2016-08-12,2606,2026-03-20
Z000103917,외산초통학구역,0,44,760,8140000,충청남도교육청,8231000,충청남도부여교육지원청,2016-08-12,2016-08-12,5678,2026-03-20
Z000101334,광주동운초통학구역,0,29,170,7380000,광주광역시교육청,7391000,광주광역시동부교육지원청,2016-08-12,2016-08-12,4763,2026-03-20
Z000102074,하일초통학구역,0,41,210,7530000,경기도교육청,7591000,경기도광명교육지원청,2016-08-12,2016-08-12,2996,2026-03-20
Z000102464,문장초통학구역,0,41,670,7530000,경기도교육청,7661000,경기도여주교육지원청,2016-08-12,2016-08-12,1815,2026-03-20
Z000105033,아화초통학구역,0,47,130,8750000,경상북도교육청,8771000,경상북도경주교육지원청,2016-08-12,2016-08-12,1011,2026-03-20
Z000104955,대보초통학구역,0,47,111,8750000,경상북도교육청,8761000,경상북도포항교육지원청,2016-08-12,2016-08-12,5571,2026-03-20
Z000105072,대덕초통학구역,0,47,150,8750000,경상북도교육청,8781000,경상북도김천교육지원청,2016-08-12,2016-08-12,1067,2026-03-20
Z000105083,증산초통학구역,0,47,150,8750000,경상북도교육청,8781000,경상북도김천교육지원청,2016-08-12,2016-08-12,4902,2026-03-20
Z000102508,반석초통학구역,0,41,590,7530000,경기도교육청,7679000,경기도화성오산교육지원청,2016-08-12,2016-08-18,2800,2026-03-20
Z000101667,이화초통학구역,0,31,200,7480000,울산광역시교육청,7491000,울산광역시강북교육지원청,2016-08-12,2016-08-12,6439,2026-03-20
Z000101869,성남서초통학구역,0,41,131,7530000,경기도교육청,7551000,경기도성남교육지원청,2016-08-12,2016-08-12,2760,2026-03-20
Z000100908,대구율금초통학구역,0,27,140,7240000,대구광역시교육청,7251000,대구광역시동부교육지원청,2016-08-12,2016-08-12,6993,2026-03-20
Z000100946,대구동평초통학구역,0,27,230,7240000,대구광역시교육청,7261000,대구광역시서부교육지원청,2016-08-12,2016-08-12,5948,2026-03-20
Z000100911,대구입석초통학구역,0,27,140,7240000,대구광역시교육청,7251000,대구광역시동부교육지원청,2016-08-12,2016-08-12,6987,2026-03-20
Z000100297,서울신암초통학구역,0,11,740,7010000,서울특별시교육청,7130000,서울특별시강동송파교육지원청,2016-08-12,2016-08-12,2750,2026-03-20
Z000100742,대저초통학구역,0,26,440,7150000,부산광역시교육청,7201000,부산광역시북부교육지원청,2016-08-12,2016-08-12,4932,2026-03-20
Z000103656,신계초통학구역,0,44,131,8140000,충청남도교육청,8151000,충청남도천안교육지원청,2016-08-12,2016-11-14,1213,2026-03-20
Z000102052,광명광덕초통학구역,0,41,210,7530000,경기도교육청,7591000,경기도광명교육지원청,2016-08-12,2016-08-12,6764,2026-03-20
Z000150140,서면초충현초공동통학구역,1,41,210,7530000,경기도교육청,7591000,경기도광명교육지원청,2016-08-12,2016-08-12,2998,2026-03-20
Z000102049,중흥초통학구역,0,41,192,7530000,경기도교육청,7581000,경기도부천교육지원청,2016-08-12,2024-03-29,3041,2026-03-20
Z000101113,인천용일초통학구역,0,28,177,7310000,인천광역시교육청,7321000,인천광역시남부교육지원청,2018-09-19,2020-05-12,6876,2026-03-20
Z000101551,기성초길헌분교장통학구역,0,30,170,7430000,대전광역시교육청,7451000,대전광역시서부교육지원청,2016-08-12,2016-08-12,3752,2026-03-20
Z000101601,대전어은초통학구역,0,30,200,7430000,대전광역시교육청,7451000,대전광역시서부교육지원청,2016-08-12,2016-08-12,5618,2026-03-20
Z000150280,군남초연천왕산초공동통학구역,1,41,800,7530000,경기도교육청,7701000,경기도연천교육지원청,2016-08-12,2016-08-12,2827,2026-03-20
Z000101470,풍암초통학구역,0,29,140,7380000,광주광역시교육청,7401000,광주광역시서부교육지원청,2016-08-12,2016-08-12,4119,2026-03-20
Z000101403,금당초통학구역,0,29,140,7380000,광주광역시교육청,7401000,광주광역시서부교육지원청,2016-08-12,2018-02-07,3867,2026-03-20
Z000103361,도학초통학구역,0,51,820,7801000,강원특별자치도교육청,7972000,강원특별자치도고성교육지원청,2016-08-12,2016-08-12,3386,2026-03-20
Z000103311,다목초통학구역,0,51,790,7801000,강원특별자치도교육청,7942000,강원특별자치도화천교육지원청,2016-08-12,2016-08-12,3721,2026-03-20
Z000103347,원통초통학구역,0,51,810,7801000,강원특별자치도교육청,7962000,강원특별자치도인제교육지원청,2016-08-12,2017-02-20,6166,2026-03-20
Z000100603,청동초통학구역,0,26,200,7150000,부산광역시교육청,7171000,부산광역시서부교육지원청,2016-08-12,2016-08-12,137,2026-03-20
Z000100178,서울백운초통학구역,0,11,305,7010000,서울특별시교육청,7051000,서울특별시북부교육지원청,2016-08-12,2016-08-12,4612,2026-03-20
Z000100215,서울창동초통학구역,0,11,320,7010000,서울특별시교육청,7051000,서울특별시북부교육지원청,2016-08-12,2016-08-12,3546,2026-03-20
Z000104839,월야초통학구역,0,46,860,8490000,전라남도교육청,8671000,전라남도함평교육지원청,2016-08-12,2016-08-12,6808,2026-03-20
Z000101118,인천용현초통학구역,0,28,177,7310000,인천광역시교육청,7321000,인천광역시남부교육지원청,2018-09-19,2020-05-12,4145,2026-03-20
Z000100347,서울서정초통학구역,0,11,470,7010000,서울특별시교육청,7081300,서울특별시강서양천교육지원청,2016-08-12,2016-08-12,537,2026-03-20
Z000150020,서울태랑초서울태릉초공동통학구역,1,11,350,7010000,서울특별시교육청,7051000,서울특별시북부교육지원청,2016-08-12,2016-08-12,2804,2026-03-20
Z000100493,서울동명초통학구역,0,11,200,7010000,서울특별시교육청,7134000,서울특별시성동광진교육지원청,2016-08-12,2016-08-12,2740,2026-03-20
Z000105036,양남초통학구역,0,47,130,8750000,경상북도교육청,8771000,경상북도경주교육지원청,2016-08-12,2016-08-12,1122,2026-03-20
Z000105232,함창중앙초통학구역,0,47,250,8750000,경상북도교육청,8831000,경상북도상주교육지원청,2016-08-12,2016-08-12,1761,2026-03-20
Z000105157,장천초통학구역,0,47,190,8750000,경상북도교육청,8801000,경상북도구미교육지원청,2016-08-12,2016-08-12,4189,2026-03-20
Z000105127,구미왕산초통학구역,0,47,190,8750000,경상북도교육청,8801000,경상북도구미교육지원청,2016-08-12,2016-08-12,6495,2026-03-20
Z000101103,인천승학초통학구역,0,28,177,7310000,인천광역시교육청,7321000,인천광역시남부교육지원청,2018-09-19,2016-08-12,4831,2026-03-20
Z000102388,구리초통학구역,0,41,310,7530000,경기도교육청,7652000,경기도구리남양주교육지원청,2016-08-12,2017-02-21,3674,2026-03-20
Z000102644,해솔초통학구역,0,41,480,7530000,경기도교육청,7681000,경기도파주교육지원청,2016-08-12,2016-08-12,6019,2026-03-20
Z000101916,동오초통학구역,0,41,150,7530000,경기도교육청,7561000,경기도의정부교육지원청,2016-08-12,2016-08-12,3557,2026-03-20
Z000101970,안양부흥초통학구역,0,41,173,7530000,경기도교육청,7569000,경기도안양과천교육지원청,2016-08-12,2016-08-12,6475,2026-03-20
Z000102020,부천원일초통학구역,0,41,196,7530000,경기도교육청,7581000,경기도부천교육지원청,2016-08-12,2024-03-29,3116,2026-03-20
Z000102344,갈뫼초통학구역,0,41,430,7530000,경기도교육청,7642000,경기도군포의왕교육지원청,2016-08-12,2016-08-12,6367,2026-03-20
Z000150277,신장초신평초공동통학구역,1,41,450,7530000,경기도교육청,7692000,경기도광주하남교육지원청,2016-08-12,2016-08-12,340,2026-03-20
Z000101368,삼정초통학구역,0,29,170,7380000,광주광역시교육청,7391000,광주광역시동부교육지원청,2016-08-12,2016-08-12,3820,2026-03-20
Z000101418,봉선초통학구역,0,29,155,7380000,광주광역시교육청,7401000,광주광역시서부교육지원청,2016-08-12,2016-08-12,809,2026-03-20
Z000150731,성남제일초단남초공동통학구역,1,41,133,7530000,경기도교육청,7551000,경기도성남교육지원청,2019-02-11,2019-02-11,5467,2026-03-20
Z000150695,산청초금서초공동통학구역,1,48,860,9010000,경상남도교육청,9191000,경상남도산청교육지원청,2018-03-27,2018-03-27,4384,2026-03-20
Z000100871,대구동원초통학구역,0,27,260,7240000,대구광역시교육청,7251000,대구광역시동부교육지원청,2016-08-12,2017-02-06,1645,2026-03-20
Z000150619,미르초공주봉황초공동통학구역,1,36,110,9300000,세종특별자치시교육청,9300000,세종특별자치시교육청,2016-08-12,2020-07-29,3909,2026-03-20
Z000101752,남창초통학구역,0,41,115,7530000,경기도교육청,7541000,경기도수원교육지원청,2016-08-12,2018-04-23,2819,2026-03-20
Z000102465,북내초도전분교장통학구역,0,41,670,7530000,경기도교육청,7661000,경기도여주교육지원청,2016-08-12,2016-08-12,4625,2026-03-20
Z000102766,양평동초통학구역,0,41,830,7530000,경기도교육청,7731000,경기도양평교육지원청,2016-08-12,2018-11-06,2707,2026-03-20
Z000150605,단성초덕산초공동통학구역,1,48,860,9010000,경상남도교육청,9191000,경상남도산청교육지원청,2016-08-12,2017-02-07,4906,2026-03-20
Z000103769,청소초통학구역,0,44,180,8140000,충청남도교육청,8171000,충청남도보령교육지원청,2016-08-12,2016-08-12,562,2026-03-20
Z000101349,광주장원초통학구역,0,29,110,7380000,광주광역시교육청,7391000,광주광역시동부교육지원청,2016-08-12,2016-08-12,3821,2026-03-20
Z000103814,충무초통학구역,0,44,200,8140000,충청남도교육청,8181000,충청남도아산교육지원청,2016-08-12,2018-10-10,4616,2026-03-20
Z000101879,성남제일초통학구역,0,41,133,7530000,경기도교육청,7551000,경기도성남교육지원청,2016-08-12,2019-02-11,6298,2026-03-20
Z000101671,천곡초통학구역,0,31,200,7480000,울산광역시교육청,7491000,울산광역시강북교육지원청,2016-08-12,2019-06-25,849,2026-03-20
Z000100727,가락초통학구역,0,26,440,7150000,부산광역시교육청,7201000,부산광역시북부교육지원청,2016-08-12,2016-08-12,479,2026-03-20
Z000104371,외궁초통학구역,0,52,720,8321000,전북특별자치도교육청,8402000,전북특별자치도진안교육지원청,2016-08-12,2024-02-23,2085,2026-03-20
Z000150746,주전초강동초공동통학구역,1,31,200,7480000,울산광역시교육청,7491000,울산광역시강북교육지원청,2019-04-02,2019-04-02,6446,2026-03-20
Z000103700,천안용암초통학구역,0,44,133,8140000,충청남도교육청,8151000,충청남도천안교육지원청,2016-08-12,2016-08-12,5404,2026-03-20
Z000106154,천안한들초통학구역,0,44,133,8140000,충청남도교육청,8151000,충청남도천안교육지원청,2017-02-14,2017-10-12,6262,2026-03-20
Z000103670,천안구성초통학구역,0,44,131,8140000,충청남도교육청,8151000,충청남도천안교육지원청,2016-08-12,2018-04-23,3337,2026-03-20
Z000101544,신탄진초통학구역,0,30,230,7430000,대전광역시교육청,7441000,대전광역시동부교육지원청,2016-08-12,2016-08-12,1634,2026-03-20
Z000101865,성남동초통학구역,0,41,133,7530000,경기도교육청,7551000,경기도성남교육지원청,2016-08-12,2016-08-12,2466,2026-03-20
Z000101861,상원초통학구역,0,41,133,7530000,경기도교육청,7551000,경기도성남교육지원청,2016-08-12,2016-08-12,3533,2026-03-20
Z000100328,서울계남초통학구역,0,11,470,7010000,서울특별시교육청,7081300,서울특별시강서양천교육지원청,2016-08-12,2016-08-12,5872,2026-03-20
Z000100367,서울양화초통학구역,0,11,470,7010000,서울특별시교육청,7081300,서울특별시강서양천교육지원청,2016-08-12,2016-08-12,6524,2026-03-20
Z000100175,서울도봉초통학구역,0,11,320,7010000,서울특별시교육청,7051000,서울특별시북부교육지원청,2016-08-12,2016-08-12,6258,2026-03-20
Z000102523,성호초통학구역,0,41,370,7530000,경기도교육청,7679000,경기도화성오산교육지원청,2016-08-12,2016-08-12,4387,2026-03-20
Z000104509,나진초통학구역,0,46,130,8490000,전라남도교육청,8511000,전라남도여수교육지원청,2016-08-12,2020-03-17,6756,2026-03-20
Z000100443,서울난곡초통학구역,0,11,620,7010000,서울특별시교육청,7132000,서울특별시동작관악교육지원청,2016-08-12,2016-08-12,4406,2026-03-20
Z000150425,부윤초한천초공동통학구역,1,43,770,8000000,충청북도교육청,8101000,충청북도음성교육지원청,2016-08-12,2016-08-12,313,2026-03-20
Z000104010,삼성초통학구역,0,44,825,8140000,충청남도교육청,8281000,충청남도태안교육지원청,2016-08-12,2016-08-12,4096,2026-03-20
Z000104016,안중초통학구역,0,44,825,8140000,충청남도교육청,8281000,충청남도태안교육지원청,2016-08-12,2016-08-12,2432,2026-03-20
Z000150541,경산초삼성현초공동통학구역,1,47,290,8750000,경상북도교육청,8851000,경상북도경산교육지원청,2016-08-12,2016-08-12,5376,2026-03-20
Z000103297,근남초통학구역,0,51,780,7801000,강원특별자치도교육청,7932000,강원특별자치도철원교육지원청,2016-08-12,2016-08-12,1039,2026-03-20
Z000103349,인제남초통학구역,0,51,810,7801000,강원특별자치도교육청,7962000,강원특별자치도인제교육지원청,2016-08-12,2016-08-12,855,2026-03-20
Z000106051,법환초통학구역,0,50,130,9290000,제주특별자치도교육청,9299000,제주특별자치도서귀포시교육지원청,2016-08-12,2019-03-05,5085,2026-03-20
Z000102313,용이초통학구역,0,41,220,7530000,경기도교육청,7631000,경기도평택교육지원청,2016-08-12,2016-08-12,1898,2026-03-20
Z000103069,평원초통학구역,0,51,130,7801000,강원특별자치도교육청,7822000,강원특별자치도원주교육지원청,2016-08-12,2017-02-07,5776,2026-03-20
Z000100928,대구경운초통학구역,0,27,170,7240000,대구광역시교육청,7261000,대구광역시서부교육지원청,2016-08-12,2016-08-12,5070,2026-03-20
Z000100947,대구두류초통학구역,0,27,170,7240000,대구광역시교육청,7261000,대구광역시서부교육지원청,2016-08-12,2016-08-12,2412,2026-03-20
Z000104738,천태초통학구역,0,46,790,8490000,전라남도교육청,8611000,전라남도화순교육지원청,2016-08-12,2016-08-12,5248,2026-03-20
Z000100191,서울신계초통학구역,0,11,350,7010000,서울특별시교육청,7051000,서울특별시북부교육지원청,2016-08-12,2016-08-12,2684,2026-03-20
Z000100121,서울대영초통학구역,0,11,560,7010000,서울특별시교육청,7041000,서울특별시남부교육지원청,2016-08-12,2017-11-20,919,2026-03-20
Z000103893,연산초통학구역,0,44,230,8140000,충청남도교육청,8222000,충청남도논산계룡교육지원청,2016-08-12,2016-08-12,5057,2026-03-20
Z000102283,호수초통학구역,0,41,285,7530000,경기도교육청,7621000,경기도고양교육지원청,2016-08-12,2016-08-12,367,2026-03-20
Z000101770,상촌초통학구역,0,41,113,7530000,경기도교육청,7541000,경기도수원교육지원청,2016-08-12,2016-08-12,5595,2026-03-20
Z000101843,내정초통학구역,0,41,135,7530000,경기도교육청,7551000,경기도성남교육지원청,2016-08-12,2016-08-12,68,2026-03-20
Z000104834,대동향교초통학구역,0,46,860,8490000,전라남도교육청,8671000,전라남도함평교육지원청,2016-08-12,2016-08-12,2133,2026-03-20
Z000104835,손불서초통학구역,0,46,860,8490000,전라남도교육청,8671000,전라남도함평교육지원청,2016-08-12,2016-08-12,5960,2026-03-20
Z000150694,영양초일월초일월초청기분교장공동통학구역,1,47,760,8750000,경상북도교육청,8891000,경상북도영양교육지원청,2018-03-27,2018-03-27,998,2026-03-20
Z000102565,팔탄초통학구역,0,41,590,7530000,경기도교육청,7679000,경기도화성오산교육지원청,2016-08-12,2017-03-30,285,2026-03-20
Z000102564,팔탄초대방분교장통학구역,0,41,590,7530000,경기도교육청,7679000,경기도화성오산교육지원청,2016-08-12,2017-03-30,541,2026-03-20
Z000104515,봉덕초통학구역,0,46,130,8490000,전라남도교육청,8511000,전라남도여수교육지원청,2016-08-12,2020-03-17,7020,2026-03-20
Z000104559,율촌초통학구역,0,46,130,8490000,전라남도교육청,8511000,전라남도여수교육지원청,2016-08-12,2020-03-17,4105,2026-03-20
Z000101597,대전송림초통학구역,0,30,200,7430000,대전광역시교육청,7451000,대전광역시서부교육지원청,2016-08-12,2019-07-10,5528,2026-03-20
Z000103883,벌곡초통학구역,0,44,230,8140000,충청남도교육청,8222000,충청남도논산계룡교육지원청,2016-08-12,2019-07-10,6389,2026-03-20
Z000101614,대전하기초통학구역,0,30,200,7430000,대전광역시교육청,7451000,대전광역시서부교육지원청,2016-08-12,2019-07-10,2861,2026-03-20
Z000101992,도당초통학구역,0,41,192,7530000,경기도교육청,7581000,경기도부천교육지원청,2016-08-12,2024-03-29,2192,2026-03-20
Z000103964,대정초통학구역,0,44,800,8140000,충청남도교육청,8261000,충청남도홍성교육지원청,2016-08-12,2016-08-12,1445,2026-03-20
Z000105404,예천동부초통학구역,0,47,900,8750000,경상북도교육청,8951000,경상북도예천교육지원청,2016-08-12,2016-08-12,4204,2026-03-20
Z000102067,연서초통학구역,0,41,210,7530000,경기도교육청,7591000,경기도광명교육지원청,2016-08-12,2016-08-12,6525,2026-03-20
Z000102442,차산초통학구역,0,41,360,7530000,경기도교육청,7652000,경기도구리남양주교육지원청,2016-08-12,2016-08-12,3132,2026-03-20
Z000102950,김포대명초통학구역,0,41,570,7530000,경기도교육청,7771000,경기도김포교육지원청,2016-08-12,2016-08-12,6546,2026-03-20
Z000100448,서울남성초통학구역,0,11,590,7010000,서울특별시교육청,7132000,서울특별시동작관악교육지원청,2016-08-12,2016-08-12,1057,2026-03-20
Z000103972,장곡초통학구역,0,44,800,8140000,충청남도교육청,8261000,충청남도홍성교육지원청,2016-08-12,2017-03-23,4800,2026-03-20
Z000100577,보수초통학구역,0,26,110,7150000,부산광역시교육청,7171000,부산광역시서부교육지원청,2016-08-12,2016-08-12,5829,2026-03-20
Z000150368,정선초벽탄초공동통학구역,1,51,770,7801000,강원특별자치도교육청,7922000,강원특별자치도정선교육지원청,2016-08-12,2016-08-12,4211,2026-03-20
Z000150626,조치원신봉초전동초상봉초공동통학구역,1,36,110,9300000,세종특별자치시교육청,9300000,세종특별자치시교육청,2016-08-12,2016-08-12,3994,2026-03-20
Z000150622,세종도원초조치원대동초공동통학구역,1,36,110,9300000,세종특별자치시교육청,9300000,세종특별자치시교육청,2016-08-12,2016-08-12,6652,2026-03-20
Z000102560,청룡초통학구역,0,41,590,7530000,경기도교육청,7679000,경기도화성오산교육지원청,2016-08-12,2017-03-30,40,2026-03-20
Z000100712,연서초통학구역,0,26,470,7150000,부산광역시교육청,7191000,부산광역시동래교육지원청,2016-08-12,2016-08-12,1009,2026-03-20
Z000100671,거학초통학구역,0,26,470,7150000,부산광역시교육청,7191000,부산광역시동래교육지원청,2016-08-12,2016-08-12,141,2026-03-20
Z000101037,대구죽전초통학구역,0,27,170,7240000,대구광역시교육청,7271000,대구광역시남부교육지원청,2016-08-12,2016-08-12,2281,2026-03-20
Z000104366,백운초통학구역,0,52,720,8321000,전북특별자치도교육청,8402000,전북특별자치도진안교육지원청,2016-08-12,2024-02-23,3108,2026-03-20
Z000101005,대구선원초통학구역,0,27,290,7240000,대구광역시교육청,7271000,대구광역시남부교육지원청,2016-08-12,2016-08-12,5573,2026-03-20
Z000100642,성서초통학구역,0,26,230,7150000,부산광역시교육청,7181000,부산광역시남부교육지원청,2016-08-12,2016-08-12,1915,2026-03-20
Z000100809,민안초통학구역,0,26,500,7150000,부산광역시교육청,7211000,부산광역시해운대교육지원청,2016-08-12,2018-04-04,6408,2026-03-20
Z000150737,청주내곡초서촌초공동통학구역,1,43,113,8000000,충청북도교육청,8011000,충청북도청주교육지원청,2019-02-28,2019-02-28,726,2026-03-20
Z000150602,대성초철성초공동통학구역,1,48,820,9010000,경상남도교육청,9161000,경상남도고성교육지원청,2016-08-12,2019-12-03,6490,2026-03-20
Z000106032,한림초통학구역,0,50,110,9290000,제주특별자치도교육청,9296000,제주특별자치도제주시교육지원청,2016-08-12,2019-04-10,5579,2026-03-20
Z000105638,대방초통학구역,0,48,240,9010000,경상남도교육청,9081000,경상남도사천교육지원청,2016-08-12,2019-04-22,1311,2026-03-20
Z000103631,단천초통학구역,0,43,800,8000000,충청북도교육청,8111000,충청북도단양교육지원청,2016-08-12,2019-04-30,2072,2026-03-20
Z000150750,솔터초은여울초공동통학구역,1,41,570,7530000,경기도교육청,7771000,경기도김포교육지원청,2019-04-30,2019-04-30,4138,2026-03-20
Z000103229,성북초통학구역,0,51,730,7801000,강원특별자치도교육청,7892000,강원특별자치도횡성교육지원청,2016-08-12,2016-08-12,2218,2026-03-20
Z000105100,송천초통학구역,0,47,170,8750000,경상북도교육청,8791000,경상북도안동교육지원청,2016-08-12,2016-08-12,4534,2026-03-20
Z000103137,강현초통학구역,0,51,830,7801000,강원특별자치도교육청,7863000,강원특별자치도속초양양교육지원청,2016-08-12,2017-04-03,4197,2026-03-20
Z000150119,솔뫼초의정부부용초공동통학구역,1,41,150,7530000,경기도교육청,7561000,경기도의정부교육지원청,2016-08-12,2016-08-12,1553,2026-03-20
Z000105727,숭진초통학구역,0,48,270,9010000,경상남도교육청,9101000,경상남도밀양교육지원청,2016-08-12,2016-08-12,3622,2026-03-20
Z000106345,대전호수초통학구역,0,30,170,7430000,대전광역시교육청,7451000,대전광역시서부교육지원청,2022-01-10,2022-01-18,5357,2026-03-20
Z000100663,전포초통학구역,0,26,230,7150000,부산광역시교육청,7181000,부산광역시남부교육지원청,2016-08-12,2022-08-16,6320,2026-03-20
Z000105587,사봉초통학구역,0,48,170,9010000,경상남도교육청,9051000,경상남도진주교육지원청,2016-08-12,2022-01-18,1153,2026-03-20
Z000151225,사봉초반성초공동통학구역,1,48,170,9010000,경상남도교육청,9051000,경상남도진주교육지원청,2022-01-06,2022-01-18,4275,2026-03-20
Z000102482,천남초통학구역,0,41,670,7530000,경기도교육청,7661000,경기도여주교육지원청,2016-08-12,2021-08-10,4985,2026-03-20
Z000103051,북원초통학구역,0,51,130,7801000,강원특별자치도교육청,7822000,강원특별자치도원주교육지원청,2016-08-12,2021-12-27,4022,2026-03-20
Z000102043,약대초통학구역,0,41,192,7530000,경기도교육청,7581000,경기도부천교육지원청,2016-08-12,2024-03-29,2184,2026-03-20
Z000151222,약대초중흥초공동통학구역,1,41,192,7530000,경기도교육청,7581000,경기도부천교육지원청,2021-12-28,2024-03-29,358,2026-03-20
Z000151223,약대초부천중원초공동통학구역,1,41,192,7530000,경기도교육청,7581000,경기도부천교육지원청,2021-12-28,2024-03-29,3913,2026-03-20
Z000106237,세마초통학구역,0,41,370,7530000,경기도교육청,7679000,경기도화성오산교육지원청,2019-05-27,2020-11-25,5498,2026-03-20
Z000100617,개원초통학구역,0,26,230,7150000,부산광역시교육청,7181000,부산광역시남부교육지원청,2016-08-12,2019-08-13,3181,2026-03-20
Z000101631,다운초통학구역,0,31,110,7480000,울산광역시교육청,7491000,울산광역시강북교육지원청,2016-08-12,2019-08-13,6701,2026-03-20
Z000106236,청림초통학구역,0,41,590,7530000,경기도교육청,7679000,경기도화성오산교육지원청,2019-05-27,2019-05-27,4288,2026-03-20
Z000100619,개화초통학구역,0,26,230,7150000,부산광역시교육청,7181000,부산광역시남부교육지원청,2016-08-12,2019-08-13,4073,2026-03-20
Z000150185,성사초신원초공동통학구역,1,41,281,7530000,경기도교육청,7621000,경기도고양교육지원청,2020-03-09,2020-03-09,4997,2026-03-20
Z000150180,삼송초성사초신원초공동통학구역,1,41,281,7530000,경기도교육청,7621000,경기도고양교육지원청,2016-08-12,2020-03-09,2351,2026-03-20
Z000102681,창우초통학구역,0,41,450,7530000,경기도교육청,7692000,경기도광주하남교육지원청,2016-08-12,2020-03-12,6561,2026-03-20
Z000104787,어란진초통학구역,0,46,820,8490000,전라남도교육청,8641000,전라남도해남교육지원청,2016-08-12,2020-03-17,2443,2026-03-20
Z000104873,군외초통학구역,0,46,890,8490000,전라남도교육청,8701000,전라남도완도교육지원청,2016-08-12,2020-03-17,2009,2026-03-20
Z000104850,법성포초통학구역,0,46,870,8490000,전라남도교육청,8681000,전라남도영광교육지원청,2016-08-12,2025-03-04,626,2026-03-20
Z000100051,서울동교초통학구역,0,11,440,7010000,서울특별시교육청,7031000,서울특별시서부교육지원청,2016-08-12,2016-08-12,2723,2026-03-20
Z000102737,대성초통학구역,0,41,820,7530000,경기도교육청,7721000,경기도가평교육지원청,2016-08-12,2022-03-08,6507,2026-03-20
Z000103140,남애초통학구역,0,51,830,7801000,강원특별자치도교육청,7863000,강원특별자치도속초양양교육지원청,2016-08-12,2021-02-23,6240,2026-03-20
Z000150611,남하초가조초공동통학구역,1,48,880,9010000,경상남도교육청,9211000,경상남도거창교육지원청,2016-08-12,2016-08-12,5524,2026-03-20
Z000104380,무주초통학구역,0,52,730,8321000,전북특별자치도교육청,8412000,전북특별자치도무주교육지원청,2016-08-12,2024-02-23,4990,2026-03-20
Z000104111,전주중인초통학구역,0,52,111,8321000,전북특별자치도교육청,8332000,전북특별자치도전주교육지원청,2016-08-12,2024-02-23,6264,2026-03-20
Z000101697,문수초통학구역,0,31,710,7480000,울산광역시교육청,7501000,울산광역시강남교육지원청,2016-08-12,2016-08-12,1746,2026-03-20
Z000103023,추곡초통학구역,0,51,110,7801000,강원특별자치도교육청,7812000,강원특별자치도춘천교육지원청,2016-08-12,2017-04-07,1974,2026-03-20
Z000105598,주약초통학구역,0,48,170,9010000,경상남도교육청,9051000,경상남도진주교육지원청,2016-08-12,2016-08-12,2256,2026-03-20
Z000105952,묘산초통학구역,0,48,890,9010000,경상남도교육청,9221000,경상남도합천교육지원청,2016-08-12,2016-08-12,5291,2026-03-20
Z000104091,전주여울초통학구역,0,52,111,8321000,전북특별자치도교육청,8332000,전북특별자치도전주교육지원청,2016-08-12,2024-02-23,1598,2026-03-20
Z000103484,연수초통학구역,0,43,130,8000000,충청북도교육청,8021000,충청북도충주교육지원청,2016-08-12,2021-12-27,1263,2026-03-20
Z000101064,대구옥포초통학구역,0,27,710,7240000,대구광역시교육청,7281000,대구광역시달성교육지원청,2016-08-12,2016-08-18,3387,2026-03-20
Z000100002,서울답십리초통학구역,0,11,230,7010000,서울특별시교육청,7021000,서울특별시동부교육지원청,2016-08-12,2016-10-05,2686,2026-03-20
Z000100425,서울영희초통학구역,0,11,680,7010000,서울특별시교육청,7091300,서울특별시강남서초교육지원청,2016-08-12,2016-08-12,5989,2026-03-20
Z000103038,동화초통학구역,0,51,130,7801000,강원특별자치도교육청,7822000,강원특별자치도원주교육지원청,2016-08-12,2016-08-12,2582,2026-03-20
Z000102992,근화초통학구역,0,51,110,7801000,강원특별자치도교육청,7812000,강원특별자치도춘천교육지원청,2016-08-12,2016-08-12,6108,2026-03-20
Z000102348,광정초통학구역,0,41,410,7530000,경기도교육청,7642000,경기도군포의왕교육지원청,2016-08-12,2016-08-12,4130,2026-03-20
Z000103352,하남초통학구역,0,51,810,7801000,강원특별자치도교육청,7962000,강원특별자치도인제교육지원청,2016-08-12,2016-08-12,1577,2026-03-20
Z000105381,낙산초통학구역,0,47,850,8750000,경상북도교육청,8941000,경상북도칠곡교육지원청,2016-08-12,2016-08-12,1868,2026-03-20
Z000102973,유현초통학구역,0,41,570,7530000,경기도교육청,7771000,경기도김포교육지원청,2016-08-12,2022-01-18,3775,2026-03-20
Z000100676,금강초통학구역,0,26,260,7150000,부산광역시교육청,7191000,부산광역시동래교육지원청,2016-08-12,2022-02-15,3691,2026-03-20
Z000150706,웅담초천현초공동통학구역,1,41,480,7530000,경기도교육청,7681000,경기도파주교육지원청,2018-08-23,2018-08-23,920,2026-03-20
Z000106191,서울어울초통학구역,0,11,380,7010000,서울특별시교육청,7031000,서울특별시서부교육지원청,2018-09-05,2018-09-05,5594,2026-03-20
Z000101896,위례한빛초통학구역,0,41,131,7530000,경기도교육청,7551000,경기도성남교육지원청,2016-08-12,2018-08-14,6300,2026-03-20
Z000150705,위례한빛초위례고운초공동통학구역,1,41,131,7530000,경기도교육청,7551000,경기도성남교육지원청,2018-08-11,2018-08-14,5453,2026-03-20
Z000103685,천안서초통학구역,0,44,133,8140000,충청남도교육청,8151000,충청남도천안교육지원청,2016-08-12,2022-04-05,3673,2026-03-20
Z000102902,효자초통학구역,0,41,465,7530000,경기도교육청,7751000,경기도용인교육지원청,2016-08-12,2022-04-05,7001,2026-03-20
Z000103672,천안두정초통학구역,0,44,133,8140000,충청남도교육청,8151000,충청남도천안교육지원청,2016-08-12,2022-04-05,645,2026-03-20
Z000100179,서울불암초통학구역,0,11,350,7010000,서울특별시교육청,7051000,서울특별시북부교육지원청,2016-08-12,2016-08-12,5106,2026-03-20
Z000100221,서울태랑초통학구역,0,11,350,7010000,서울특별시교육청,7051000,서울특별시북부교육지원청,2016-08-12,2016-08-12,2474,2026-03-20
Z000100702,서명초통학구역,0,26,410,7150000,부산광역시교육청,7191000,부산광역시동래교육지원청,2016-08-12,2016-08-12,3740,2026-03-20
Z000101877,성남장안초통학구역,0,41,135,7530000,경기도교육청,7551000,경기도성남교육지원청,2016-08-12,2016-08-12,121,2026-03-20
Z000103236,창림초통학구역,0,51,730,7801000,강원특별자치도교육청,7892000,강원특별자치도횡성교육지원청,2016-08-12,2016-08-12,5727,2026-03-20
Z000102919,미곡초통학구역,0,41,550,7530000,경기도교육청,7761000,경기도안성교육지원청,2016-08-12,2021-08-17,1483,2026-03-20
Z000101473,하남초통학구역,0,29,200,7380000,광주광역시교육청,7401000,광주광역시서부교육지원청,2016-08-12,2021-11-30,427,2026-03-20
Z000101845,단남초통학구역,0,41,133,7530000,경기도교육청,7551000,경기도성남교육지원청,2016-08-12,2021-11-30,2462,2026-03-20
Z000101906,하원초통학구역,0,41,133,7530000,경기도교육청,7551000,경기도성남교육지원청,2016-08-12,2021-11-30,7105,2026-03-20
Z000103892,연무초통학구역,0,44,230,8140000,충청남도교육청,8222000,충청남도논산계룡교육지원청,2016-08-12,2022-01-18,6278,2026-03-20
Z000102924,보개초통학구역,0,41,550,7530000,경기도교육청,7761000,경기도안성교육지원청,2016-08-12,2021-08-10,4646,2026-03-20
Z000102928,삼죽초통학구역,0,41,550,7530000,경기도교육청,7761000,경기도안성교육지원청,2016-08-12,2021-08-10,6065,2026-03-20
Z000102905,개정초통학구역,0,41,550,7530000,경기도교육청,7761000,경기도안성교육지원청,2016-08-12,2021-08-10,3022,2026-03-20
Z000102925,보체초통학구역,0,41,550,7530000,경기도교육청,7761000,경기도안성교육지원청,2016-08-12,2021-08-10,5063,2026-03-20
Z000102930,서운초통학구역,0,41,550,7530000,경기도교육청,7761000,경기도안성교육지원청,2016-08-12,2021-08-10,433,2026-03-20
Z000105875,도마초통학구역,0,48,840,9010000,경상남도교육청,9171000,경상남도남해교육지원청,2016-08-12,2016-08-12,1321,2026-03-20
Z000100980,북대구초통학구역,0,27,230,7240000,대구광역시교육청,7261000,대구광역시서부교육지원청,2016-08-12,2017-11-20,6924,2026-03-20
Z000104092,전주오송초통학구역,0,52,113,8321000,전북특별자치도교육청,8332000,전북특별자치도전주교육지원청,2016-08-12,2024-02-23,1865,2026-03-20
Z000100040,서울가재울초통학구역,0,11,440,7010000,서울특별시교육청,7031000,서울특별시서부교육지원청,2016-08-23,2016-08-23,4405,2026-03-20
Z000151216,목포영산초목포부주초공동통학구역,1,46,110,8490000,전라남도교육청,8501000,전라남도목포교육지원청,2021-12-24,2022-01-18,2434,2026-03-20
Z000150682,매안초좌야초공동통학구역,1,46,150,8490000,전라남도교육청,8521000,전라남도순천교육지원청,2018-03-07,2018-03-07,2716,2026-03-20
Z000103355,거성초통학구역,0,51,820,7801000,강원특별자치도교육청,7972000,강원특별자치도고성교육지원청,2016-08-12,2016-08-12,5427,2026-03-20
Z000103337,기린초진동분교장통학구역,0,51,810,7801000,강원특별자치도교육청,7962000,강원특별자치도인제교육지원청,2016-08-12,2016-08-12,3382,2026-03-20
Z000102247,성저초통학구역,0,41,287,7530000,경기도교육청,7621000,경기도고양교육지원청,2016-08-12,2016-08-12,105,2026-03-20
Z000101821,칠보초통학구역,0,41,113,7530000,경기도교육청,7541000,경기도수원교육지원청,2016-08-12,2016-08-12,1619,2026-03-20
Z000104021,이원초관동분교장통학구역,0,44,825,8140000,충청남도교육청,8281000,충청남도태안교육지원청,2016-08-12,2016-08-12,2324,2026-03-20
Z000102941,가현초통학구역,0,41,570,7530000,경기도교육청,7771000,경기도김포교육지원청,2016-08-12,2017-10-12,2453,2026-03-20
Z000102132,대부초통학구역,0,41,273,7530000,경기도교육청,7611000,경기도안산교육지원청,2016-08-12,2016-08-12,1204,2026-03-20
Z000102373,용호초통학구역,0,41,410,7530000,경기도교육청,7642000,경기도군포의왕교육지원청,2016-08-12,2016-08-12,3825,2026-03-20
Z000102856,수지초통학구역,0,41,465,7530000,경기도교육청,7751000,경기도용인교육지원청,2016-08-12,2021-08-03,5995,2026-03-20
Z000102794,이천단월초통학구역,0,41,500,7530000,경기도교육청,7741000,경기도이천교육지원청,2016-08-12,2021-06-08,6630,2026-03-20
Z000102865,역북초통학구역,0,41,461,7530000,경기도교육청,7751000,경기도용인교육지원청,2016-08-12,2021-08-03,2611,2026-03-20
Z000106180,어울초통학구역,0,41,550,7530000,경기도교육청,7761000,경기도안성교육지원청,2018-03-26,2021-08-10,345,2026-03-20
Z000105099,서후초통학구역,0,47,170,8750000,경상북도교육청,8791000,경상북도안동교육지원청,2016-08-12,2022-01-18,6083,2026-03-20
Z000150823,포항양덕초죽천초곡강초신광초송라초월포초흥해서부초청하초공동(일방)통학구역,1,47,113,8750000,경상북도교육청,8761000,경상북도포항교육지원청,2020-01-30,2022-01-18,5569,2026-03-20
Z000150824,포항송곡초죽천초곡강초신광초송라초월포초흥해서부초청하초공동(일방)통학구역,1,47,113,8750000,경상북도교육청,8761000,경상북도포항교육지원청,2020-01-30,2022-01-18,5565,2026-03-20
Z000150321,상현초솔개초공동통학구역,1,41,465,7530000,경기도교육청,7751000,경기도용인교육지원청,2016-08-12,2021-08-03,6308,2026-03-20
Z000100469,서울신성초통학구역,0,11,620,7010000,서울특별시교육청,7132000,서울특별시동작관악교육지원청,2016-08-12,2021-11-30,4728,2026-03-20
Z000105329,일월초통학구역,0,47,760,8750000,경상북도교육청,8891000,경상북도영양교육지원청,2016-08-12,2021-12-07,4665,2026-03-20
Z000150621,부강초연동초공동통학구역,1,36,110,9300000,세종특별자치시교육청,9300000,세종특별자치시교육청,2016-08-12,2016-08-12,4741,2026-03-20
Z000103408,사천초통학구역,0,43,114,8000000,충청북도교육청,8011000,충청북도청주교육지원청,2016-08-12,2016-08-12,415,2026-03-20
Z000104469,목포대연초통학구역,0,46,110,8490000,전라남도교육청,8501000,전라남도목포교육지원청,2016-08-12,2022-01-18,3305,2026-03-20
Z000103641,대홍초통학구역,0,44,133,8140000,충청남도교육청,8151000,충청남도천안교육지원청,2016-08-12,2016-08-12,5300,2026-03-20
Z000102315,이충초통학구역,0,41,220,7530000,경기도교육청,7631000,경기도평택교육지원청,2016-08-12,2016-08-12,765,2026-03-20
Z000100035,서울홍릉초통학구역,0,11,230,7010000,서울특별시교육청,7021000,서울특별시동부교육지원청,2016-08-12,2020-12-10,877,2026-03-20
Z000150053,백산초신덕초공동통학구역,1,26,320,7150000,부산광역시교육청,7201000,부산광역시북부교육지원청,2016-08-12,2016-08-12,6728,2026-03-20
Z000150054,신천초포천초공동통학구역,1,26,320,7150000,부산광역시교육청,7201000,부산광역시북부교육지원청,2016-08-12,2016-08-12,6094,2026-03-20
Z000150683,좌야초신대초공동통학구역,1,46,150,8490000,전라남도교육청,8521000,전라남도순천교육지원청,2018-03-07,2018-03-07,911,2026-03-20
Z000101696,무거초통학구역,0,31,710,7480000,울산광역시교육청,7501000,울산광역시강남교육지원청,2016-08-12,2018-07-12,1333,2026-03-20
Z000102850,성서초통학구역,0,41,465,7530000,경기도교육청,7751000,경기도용인교육지원청,2016-08-12,2021-08-03,5207,2026-03-20
Z000102852,소현초통학구역,0,41,463,7530000,경기도교육청,7751000,경기도용인교육지원청,2016-08-12,2021-08-03,665,2026-03-20
Z000150325,서원초이현초공동통학구역,1,41,465,7530000,경기도교육청,7751000,경기도용인교육지원청,2016-08-12,2021-08-03,6309,2026-03-20
Z000102854,솔개초통학구역,0,41,465,7530000,경기도교육청,7751000,경기도용인교육지원청,2016-08-12,2021-08-03,5107,2026-03-20
Z000150329,소현초이현초공동통학구역,1,41,463,7530000,경기도교육청,7751000,경기도용인교육지원청,2016-08-12,2021-08-03,4850,2026-03-20
Z000102827,동천초통학구역,0,41,465,7530000,경기도교육청,7751000,경기도용인교육지원청,2016-08-12,2021-08-03,3072,2026-03-20
Z000104842,해보초통학구역,0,46,860,8490000,전라남도교육청,8671000,전라남도함평교육지원청,2016-08-12,2016-08-12,1228,2026-03-20
Z000100839,장안초통학구역,0,26,710,7150000,부산광역시교육청,7211000,부산광역시해운대교육지원청,2016-08-12,2016-08-12,5278,2026-03-20
Z000104926,압해초통학구역,0,46,910,8490000,전라남도교육청,8721000,전라남도신안교육지원청,2016-08-12,2018-10-18,5853,2026-03-20
Z000100709,연동초통학구역,0,26,470,7150000,부산광역시교육청,7191000,부산광역시동래교육지원청,2016-08-12,2016-08-12,5483,2026-03-20
Z000103875,논산반월초통학구역,0,44,230,8140000,충청남도교육청,8222000,충청남도논산계룡교육지원청,2016-08-12,2023-09-19,1564,2026-03-20
Z000151250,덕은초덕은한강초공동통학구역,1,41,281,7530000,경기도교육청,7621000,경기도고양교육지원청,2022-08-18,2022-08-23,3865,2026-03-20
Z000104832,기산초통학구역,0,46,860,8490000,전라남도교육청,8671000,전라남도함평교육지원청,2016-08-12,2022-01-18,4125,2026-03-20
Z000103785,선장초통학구역,0,44,200,8140000,충청남도교육청,8181000,충청남도아산교육지원청,2016-08-12,2022-03-08,4516,2026-03-20
Z000100846,죽성초통학구역,0,26,710,7150000,부산광역시교육청,7211000,부산광역시해운대교육지원청,2016-08-12,2016-08-12,1332,2026-03-20
Z000101803,우만초통학구역,0,41,115,7530000,경기도교육청,7541000,경기도수원교육지원청,2016-08-12,2018-04-23,1037,2026-03-20
Z000104180,해성초통학구역,0,52,130,8321000,전북특별자치도교육청,8342000,전북특별자치도군산교육지원청,2016-08-12,2024-02-23,6576,2026-03-20
Z000106182,새만금초통학구역,0,52,130,8321000,전북특별자치도교육청,8342000,전북특별자치도군산교육지원청,2018-03-28,2024-02-23,6547,2026-03-20
Z000106194,서울새솔초통학구역,0,11,260,7010000,서울특별시교육청,7021000,서울특별시동부교육지원청,2018-10-02,2022-03-22,689,2026-03-20
Z000100260,서울강덕초통학구역,0,11,740,7010000,서울특별시교육청,7130000,서울특별시강동송파교육지원청,2016-08-12,2022-02-15,647,2026-03-20
Z000100924,대구효목초통학구역,0,27,140,7240000,대구광역시교육청,7251000,대구광역시동부교육지원청,2016-08-12,2016-08-12,742,2026-03-20
Z000104103,전주인봉초통학구역,0,52,113,8321000,전북특별자치도교육청,8332000,전북특별자치도전주교육지원청,2016-08-12,2024-02-23,3536,2026-03-20
Z000100791,화잠초통학구역,0,26,320,7150000,부산광역시교육청,7201000,부산광역시북부교육지원청,2016-08-12,2016-08-12,1670,2026-03-20
Z000100770,송정초통학구역,0,26,440,7150000,부산광역시교육청,7201000,부산광역시북부교육지원청,2016-08-12,2018-02-01,2057,2026-03-20
Z000100470,서울신우초통학구역,0,11,620,7010000,서울특별시교육청,7132000,서울특별시동작관악교육지원청,2016-08-12,2016-08-12,2950,2026-03-20
Z000104776,계곡초통학구역,0,46,820,8490000,전라남도교육청,8641000,전라남도해남교육지원청,2016-08-12,2016-08-12,5100,2026-03-20
Z000104770,병영초통학구역,0,46,810,8490000,전라남도교육청,8631000,전라남도강진교육지원청,2016-08-12,2016-08-12,3563,2026-03-20
Z000105904,금서초통학구역,0,48,860,9010000,경상남도교육청,9191000,경상남도산청교육지원청,2016-08-12,2016-08-12,4379,2026-03-20
Z000104175,옥봉초통학구역,0,52,130,8321000,전북특별자치도교육청,8342000,전북특별자치도군산교육지원청,2016-08-12,2024-02-23,4142,2026-03-20
Z000100917,대구청림초통학구역,0,27,260,7240000,대구광역시교육청,7251000,대구광역시동부교육지원청,2016-08-12,2016-08-12,1683,2026-03-20
Z000150330,신리초신일초용인신봉초공동통학구역,1,41,465,7530000,경기도교육청,7751000,경기도용인교육지원청,2016-08-12,2023-09-19,6899,2026-03-20
Z000102901,홍천초통학구역,0,41,465,7530000,경기도교육청,7751000,경기도용인교육지원청,2016-08-12,2023-09-19,2594,2026-03-20
Z000101394,광주상무초통학구역,0,29,140,7380000,광주광역시교육청,7401000,광주광역시서부교육지원청,2016-08-12,2023-09-19,6208,2026-03-20
Z000101456,임곡초통학구역,0,29,200,7380000,광주광역시교육청,7401000,광주광역시서부교육지원청,2016-08-12,2023-09-19,3044,2026-03-20
Z000103203,석화초통학구역,0,51,720,7801000,강원특별자치도교육청,7882000,강원특별자치도홍천교육지원청,2016-08-12,2022-03-22,2259,2026-03-20
Z000101735,월평초통학구역,0,31,140,7480000,울산광역시교육청,7501000,울산광역시강남교육지원청,2016-08-12,2016-08-12,3512,2026-03-20
Z000150491,마산초용전분교장해남동초해남서초공동통학구역,1,46,820,8490000,전라남도교육청,8641000,전라남도해남교육지원청,2016-08-12,2016-08-12,4778,2026-03-20
Z000104802,미암초통학구역,0,46,830,8490000,전라남도교육청,8651000,전라남도영암교육지원청,2016-08-12,2016-08-12,3891,2026-03-20
Z000150497,독천초장천초학산초공동통학구역,1,46,830,8490000,전라남도교육청,8651000,전라남도영암교육지원청,2016-08-12,2017-02-14,5661,2026-03-20
Z000150662,삼양초동화초공동통학구역,1,50,110,9290000,제주특별자치도교육청,9296000,제주특별자치도제주시교육지원청,2017-12-09,2017-12-09,3885,2026-03-20
Z000150661,삼봉초빛가온초공동통학구역,1,41,171,7530000,경기도교육청,7569000,경기도안양과천교육지원청,2017-12-12,2017-12-12,4761,2026-03-20
Z000100988,대구남부초통학구역,0,27,290,7240000,대구광역시교육청,7271000,대구광역시남부교육지원청,2016-08-12,2016-08-12,3294,2026-03-20
Z000100778,오션초통학구역,0,26,440,7150000,부산광역시교육청,7201000,부산광역시북부교육지원청,2016-08-12,2016-08-12,476,2026-03-20
Z000100785,천가초통학구역,0,26,440,7150000,부산광역시교육청,7201000,부산광역시북부교육지원청,2016-08-12,2016-08-12,5586,2026-03-20
Z000100679,금샘초통학구역,0,26,410,7150000,부산광역시교육청,7191000,부산광역시동래교육지원청,2016-08-12,2016-08-12,2813,2026-03-20
Z000100921,대구해안초통학구역,0,27,140,7240000,대구광역시교육청,7251000,대구광역시동부교육지원청,2016-08-12,2017-01-02,5226,2026-03-20
Z000104717,문덕초통학구역,0,46,780,8490000,전라남도교육청,8601000,전라남도보성교육지원청,2016-08-12,2016-08-12,3274,2026-03-20
Z000104375,진안중앙초통학구역,0,52,720,8321000,전북특별자치도교육청,8402000,전북특별자치도진안교육지원청,2016-08-12,2024-02-23,3584,2026-03-20
Z000103535,종곡초통학구역,0,43,720,8000000,충청북도교육청,8051000,충청북도보은교육지원청,2016-08-12,2022-04-12,4627,2026-03-20
Z000104060,전주남초통학구역,0,52,111,8321000,전북특별자치도교육청,8332000,전북특별자치도전주교육지원청,2016-08-12,2024-02-23,5104,2026-03-20
Z000100641,성북초통학구역,0,26,230,7150000,부산광역시교육청,7181000,부산광역시남부교육지원청,2016-08-12,2022-08-16,140,2026-03-20
Z000103491,충주남산초통학구역,0,43,130,8000000,충청북도교육청,8021000,충청북도충주교육지원청,2016-08-12,2022-02-15,3086,2026-03-20
Z000103496,충주용산초통학구역,0,43,130,8000000,충청북도교육청,8021000,충청북도충주교육지원청,2016-08-12,2022-02-15,4029,2026-03-20
Z000103438,운천초통학구역,0,43,113,8000000,충청북도교육청,8011000,충청북도청주교육지원청,2016-08-12,2022-03-29,6632,2026-03-20
Z000104058,전주금평초통학구역,0,52,113,8321000,전북특별자치도교육청,8332000,전북특별자치도전주교육지원청,2016-08-12,2024-02-23,6301,2026-03-20
Z000100926,동대구초통학구역,0,27,140,7240000,대구광역시교육청,7251000,대구광역시동부교육지원청,2016-08-12,2018-02-22,5184,2026-03-20
Z000100550,서울장월초통학구역,0,11,290,7010000,서울특별시교육청,7121200,서울특별시성북강북교육지원청,2016-08-12,2020-12-09,6190,2026-03-20
Z000105159,지산초통학구역,0,47,190,8750000,경상북도교육청,8801000,경상북도구미교육지원청,2016-08-12,2018-05-02,1158,2026-03-20
Z000100789,학진초통학구역,0,26,530,7150000,부산광역시교육청,7201000,부산광역시북부교육지원청,2016-08-12,2016-08-12,2293,2026-03-20
Z000151135,곤지암초만선초공동통학구역,1,41,610,7530000,경기도교육청,7692000,경기도광주하남교육지원청,2021-07-26,2021-08-03,6066,2026-03-20
Z000101440,신암초통학구역,0,29,140,7380000,광주광역시교육청,7401000,광주광역시서부교육지원청,2016-08-12,2021-09-01,2109,2026-03-20
Z000150152,도래울초원흥초공동통학구역,1,41,281,7530000,경기도교육청,7621000,경기도고양교육지원청,2016-08-12,2021-12-14,5003,2026-03-20
Z000151002,논산동성초제한적공동(일방)통학구역,1,44,230,8140000,충청남도교육청,8222000,충청남도논산계룡교육지원청,2020-11-23,2023-09-19,72,2026-03-20
Z000101853,백현초통학구역,0,41,135,7530000,경기도교육청,7551000,경기도성남교육지원청,2016-08-12,2023-09-19,1596,2026-03-20
Z000101878,성남정자초통학구역,0,41,135,7530000,경기도교육청,7551000,경기도성남교육지원청,2016-08-12,2023-09-19,3080,2026-03-20
Z000106206,백성초통학구역,0,41,550,7530000,경기도교육청,7761000,경기도안성교육지원청,2018-03-26,2023-11-07,595,2026-03-20
Z000151272,내혜홀초백성초공동통학구역,1,41,550,7530000,경기도교육청,7761000,경기도안성교육지원청,2022-12-12,2023-11-07,2396,2026-03-20
Z000102934,용머리초통학구역,0,41,550,7530000,경기도교육청,7761000,경기도안성교육지원청,2016-08-12,2023-11-07,6890,2026-03-20
Z000102907,공도초통학구역,0,41,550,7530000,경기도교육청,7761000,경기도안성교육지원청,2016-08-12,2023-11-07,4410,2026-03-20
Z000104008,방포초통학구역,0,44,825,8140000,충청남도교육청,8281000,충청남도태안교육지원청,2016-08-12,2016-08-12,4970,2026-03-20
Z000150594,성산초신주초공동통학구역,1,48,330,9010000,경상남도교육청,9151000,경상남도양산교육지원청,2016-08-12,2016-08-12,7006,2026-03-20
Z000104783,서정초통학구역,0,46,820,8490000,전라남도교육청,8641000,전라남도해남교육지원청,2016-08-12,2016-08-12,1202,2026-03-20
Z000105200,자천초보현분교장통학구역,0,47,230,8750000,경상북도교육청,8821000,경상북도영천교육지원청,2016-08-12,2016-08-12,6318,2026-03-20
Z000102896,포곡초통학구역,0,41,461,7530000,경기도교육청,7751000,경기도용인교육지원청,2016-08-12,2022-08-02,3276,2026-03-20
Z000102829,둔전제일초통학구역,0,41,461,7530000,경기도교육청,7751000,경기도용인교육지원청,2016-08-12,2022-08-02,4785,2026-03-20
Z000151207,대소초만승초공동통학구역,1,43,770,8000000,충청북도교육청,8101000,충청북도음성교육지원청,2021-12-21,2022-01-18,5743,2026-03-20
Z000150421,대소초만승초청룡초공동통학구역,1,43,770,8000000,충청북도교육청,8101000,충청북도음성교육지원청,2016-08-12,2022-01-18,4874,2026-03-20
Z000150404,만승초청룡초공동통학구역,1,43,770,8000000,충청북도교육청,8081000,충청북도진천교육지원청,2016-08-12,2022-01-18,3969,2026-03-20
Z000101587,대전상원초통학구역,0,30,200,7430000,대전광역시교육청,7451000,대전광역시서부교육지원청,2016-08-12,2022-01-18,2866,2026-03-20
Z000105408,유천초통학구역,0,47,900,8750000,경상북도교육청,8951000,경상북도예천교육지원청,2016-08-12,2016-08-12,5420,2026-03-20
Z000102402,남양주양정초통학구역,0,41,360,7530000,경기도교육청,7652000,경기도구리남양주교육지원청,2016-08-12,2022-01-18,2144,2026-03-20
Z000105325,수비초통학구역,0,47,760,8750000,경상북도교육청,8891000,경상북도영양교육지원청,2016-08-12,2022-01-18,6700,2026-03-20
Z000151195,일월초일월초청기분교장수비초소천초공동통학구역,1,47,760,8750000,경상북도교육청,8891000,경상북도영양교육지원청,2021-12-15,2022-01-18,1327,2026-03-20
Z000150998,진도초제한적공동(일방)통학구역,1,46,900,8490000,전라남도교육청,8711000,전라남도진도교육지원청,2020-11-19,2022-01-18,2938,2026-03-20
Z000105041,옥산초통학구역,0,47,130,8750000,경상북도교육청,8771000,경상북도경주교육지원청,2016-08-12,2016-08-12,1997,2026-03-20
Z000105338,창수초인천분교장통학구역,0,47,770,8750000,경상북도교육청,8901000,경상북도영덕교육지원청,2016-08-12,2016-08-12,1752,2026-03-20
Z000104299,인월초통학구역,0,52,190,8321000,전북특별자치도교육청,8372000,전북특별자치도남원교육지원청,2016-08-12,2024-02-23,3218,2026-03-20
Z000104294,아영초통학구역,0,52,190,8321000,전북특별자치도교육청,8372000,전북특별자치도남원교육지원청,2016-08-12,2024-02-23,3221,2026-03-20
Z000102306,송신초통학구역,0,41,220,7530000,경기도교육청,7631000,경기도평택교육지원청,2016-08-12,2020-12-09,1785,2026-03-20
Z000100026,서울전곡초통학구역,0,11,230,7010000,서울특별시교육청,7021000,서울특별시동부교육지원청,2016-08-12,2020-12-09,3556,2026-03-20
Z000100950,대구복현초통학구역,0,27,230,7240000,대구광역시교육청,7261000,대구광역시서부교육지원청,2016-08-12,2016-08-12,735,2026-03-20
Z000100964,대구운암초통학구역,0,27,230,7240000,대구광역시교육청,7261000,대구광역시서부교육지원청,2016-08-12,2016-08-12,3297,2026-03-20
Z000150359,천전초추곡초두촌초공동통학구역,1,51,110,7801000,강원특별자치도교육청,7882000,강원특별자치도홍천교육지원청,2016-08-12,2017-04-07,1264,2026-03-20
Z000150637,야탑초돌마초공동통학구역,1,41,135,7530000,경기도교육청,7551000,경기도성남교육지원청,2017-02-14,2017-02-14,4552,2026-03-20
Z000150638,청솔초성남미금초공동통학구역,1,41,135,7530000,경기도교육청,7551000,경기도성남교육지원청,2017-02-14,2017-02-14,6604,2026-03-20
Z000150657,후평초장학초만천초공동통학구역,1,51,110,7801000,강원특별자치도교육청,7812000,강원특별자치도춘천교육지원청,2017-04-20,2017-11-20,775,2026-03-20
Z000100919,대구파동초통학구역,0,27,260,7240000,대구광역시교육청,7251000,대구광역시동부교육지원청,2016-08-12,2016-08-12,6071,2026-03-20
Z000104573,송산초통학구역,0,46,150,8490000,전라남도교육청,8521000,전라남도순천교육지원청,2016-08-12,2016-08-12,551,2026-03-20
Z000105757,외포초통학구역,0,48,310,9010000,경상남도교육청,9111000,경상남도거제교육지원청,2016-08-12,2017-03-08,928,2026-03-20
Z000105608,광도초통학구역,0,48,220,9010000,경상남도교육청,9071000,경상남도통영교육지원청,2016-08-12,2018-07-19,5152,2026-03-20
Z000104910,진도서초통학구역,0,46,900,8490000,전라남도교육청,8711000,전라남도진도교육지원청,2016-08-12,2022-01-18,195,2026-03-20
Z000105428,재산초통학구역,0,47,920,8750000,경상북도교육청,8961000,경상북도봉화교육지원청,2016-08-12,2022-01-18,7007,2026-03-20
Z000151199,소천초임기분교일월초일월초청기분교수비초공동통학구역,1,47,920,8750000,경상북도교육청,8961000,경상북도봉화교육지원청,2016-08-12,2022-01-18,4081,2026-03-20
Z000103216,홍천초통학구역,0,51,720,7801000,강원특별자치도교육청,7882000,강원특별자치도홍천교육지원청,2016-08-12,2022-03-22,1692,2026-03-20
Z000150926,대성초광역통학구역,1,48,820,9010000,경상남도교육청,9161000,경상남도고성교육지원청,2020-02-20,2022-01-18,6491,2026-03-20
Z000102407,답내초통학구역,0,41,360,7530000,경기도교육청,7652000,경기도구리남양주교육지원청,2016-08-12,2022-03-08,4739,2026-03-20
Z000100857,대구경동초통학구역,0,27,260,7240000,대구광역시교육청,7251000,대구광역시동부교육지원청,2016-08-12,2016-08-12,5191,2026-03-20
Z000101031,대구이곡초통학구역,0,27,290,7240000,대구광역시교육청,7271000,대구광역시남부교육지원청,2016-08-12,2016-08-12,5572,2026-03-20
Z000150493,삼산초해남동초공동통학구역,1,46,820,8490000,전라남도교육청,8641000,전라남도해남교육지원청,2016-08-12,2016-08-12,3011,2026-03-20
Z000104914,비금동초통학구역,0,46,910,8490000,전라남도교육청,8721000,전라남도신안교육지원청,2016-08-12,2016-08-12,4650,2026-03-20
Z000100756,명진초통학구역,0,26,320,7150000,부산광역시교육청,7201000,부산광역시북부교육지원청,2016-08-12,2016-08-12,5211,2026-03-20
Z000102944,걸포초통학구역,0,41,570,7530000,경기도교육청,7771000,경기도김포교육지원청,2016-08-12,2020-02-25,1111,2026-03-20
Z000106279,김포나진초통학구역,0,41,570,7530000,경기도교육청,7771000,경기도김포교육지원청,2020-02-25,2020-02-25,381,2026-03-20
Z000100823,수미초통학구역,0,26,500,7150000,부산광역시교육청,7211000,부산광역시해운대교육지원청,2016-08-12,2018-04-04,3745,2026-03-20
Z000151242,강서초강내초한국교원대부설월곡초공동통학구역,1,43,113,8000000,충청북도교육청,8011000,충청북도청주교육지원청,2022-03-25,2022-03-29,3853,2026-03-20
Z000151244,덕성초새터초공동통학구역,1,43,114,8000000,충청북도교육청,8011000,충청북도청주교육지원청,2016-08-12,2022-03-29,5746,2026-03-20
Z000106332,인천한별초통학구역,0,28,260,7310000,인천광역시교육청,7361000,인천광역시서부교육지원청,2021-08-05,2022-08-23,2201,2026-03-20
Z000151243,우암초주성초공동통학구역,1,43,111,8000000,충청북도교육청,8011000,충청북도청주교육지원청,2022-03-24,2022-03-29,1284,2026-03-20
Z000101027,대구월성초통학구역,0,27,290,7240000,대구광역시교육청,7271000,대구광역시남부교육지원청,2016-08-12,2016-08-12,2937,2026-03-20
Z000100512,서울용마초통학구역,0,11,215,7010000,서울특별시교육청,7134000,서울특별시성동광진교육지원청,2016-08-12,2017-02-06,6902,2026-03-20
Z000150122,달안초안양부흥초공동통학구역,1,41,173,7530000,경기도교육청,7569000,경기도안양과천교육지원청,2016-08-12,2016-08-12,6476,2026-03-20
Z000101952,명학초통학구역,0,41,171,7530000,경기도교육청,7569000,경기도안양과천교육지원청,2016-08-12,2017-12-08,1144,2026-03-20
Z000151353,봉황초다문초공동(일방)통학구역,1,47,290,8750000,경상북도교육청,8851000,경상북도경산교육지원청,2023-11-07,2023-11-07,55,2026-03-20
Z000100116,서울당서초통학구역,0,11,560,7010000,서울특별시교육청,7041000,서울특별시남부교육지원청,2016-08-12,2023-11-14,33,2026-03-20
Z000150014,서울당서초서울선유초공동통학구역,1,11,560,7010000,서울특별시교육청,7041000,서울특별시남부교육지원청,2016-08-12,2023-11-14,1190,2026-03-20
Z000100390,서울대곡초통학구역,0,11,680,7010000,서울특별시교육청,7091300,서울특별시강남서초교육지원청,2016-08-12,2023-11-14,1662,2026-03-20
Z000100397,서울대현초통학구역,0,11,680,7010000,서울특별시교육청,7091300,서울특별시강남서초교육지원청,2016-08-12,2023-11-14,7027,2026-03-20
Z000100145,서울여의도초통학구역,0,11,560,7010000,서울특별시교육청,7041000,서울특별시남부교육지원청,2016-08-12,2023-11-14,6469,2026-03-20
Z000101453,유안초통학구역,0,29,155,7380000,광주광역시교육청,7401000,광주광역시서부교육지원청,2016-08-12,2023-11-14,7044,2026-03-20
Z000100724,토현초통학구역,0,26,470,7150000,부산광역시교육청,7191000,부산광역시동래교육지원청,2016-08-12,2018-04-04,1082,2026-03-20
Z000100758,모덕초통학구역,0,26,530,7150000,부산광역시교육청,7201000,부산광역시북부교육지원청,2016-08-12,2016-08-12,4060,2026-03-20
Z000101477,효천초통학구역,0,29,155,7380000,광주광역시교육청,7401000,광주광역시서부교육지원청,2016-08-12,2018-02-07,3882,2026-03-20
Z000100827,신재초통학구역,0,26,350,7150000,부산광역시교육청,7211000,부산광역시해운대교육지원청,2016-08-12,2018-04-04,4662,2026-03-20
Z000101712,선암초통학구역,0,31,140,7480000,울산광역시교육청,7501000,울산광역시강남교육지원청,2016-08-12,2016-08-12,1755,2026-03-20
Z000150561,봉림초유목초공동통학구역,1,48,123,9010000,경상남도교육청,9022000,경상남도창원교육지원청,2016-08-12,2016-08-12,5201,2026-03-20
Z000150310,대현초죽전초공동통학구역,1,41,465,7530000,경기도교육청,7751000,경기도용인교육지원청,2016-08-12,2021-08-10,3075,2026-03-20
Z000102823,대현초통학구역,0,41,465,7530000,경기도교육청,7751000,경기도용인교육지원청,2016-08-12,2021-08-10,3074,2026-03-20
Z000105505,소답초통학구역,0,48,121,9010000,경상남도교육청,9022000,경상남도창원교육지원청,2016-08-12,2020-05-18,6077,2026-03-20
Z000103490,충주금릉초통학구역,0,43,130,8000000,충청북도교육청,8021000,충청북도충주교육지원청,2016-08-12,2021-12-27,3143,2026-03-20
Z000106153,빛가온초통학구역,0,41,210,7530000,경기도교육청,7591000,경기도광명교육지원청,2016-08-12,2017-10-12,321,2026-03-20
Z000102070,충현초통학구역,0,41,210,7530000,경기도교육청,7591000,경기도광명교육지원청,2016-08-12,2016-08-12,6532,2026-03-20
Z000102933,양진초통학구역,0,41,550,7530000,경기도교육청,7761000,경기도안성교육지원청,2016-08-12,2023-11-07,6177,2026-03-20
Z000151297,하주초와촌초청천초계당초대동초공동(일방)통학구역,1,47,290,8750000,경상북도교육청,8851000,경상북도경산교육지원청,2023-01-05,2023-11-07,2735,2026-03-20
Z000100589,신남초통학구역,0,26,380,7150000,부산광역시교육청,7171000,부산광역시서부교육지원청,2016-08-12,2022-08-16,4054,2026-03-20
Z000100592,신평초통학구역,0,26,380,7150000,부산광역시교육청,7171000,부산광역시서부교육지원청,2016-08-12,2022-08-16,4936,2026-03-20
Z000104117,전주평화초통학구역,0,52,111,8321000,전북특별자치도교육청,8332000,전북특별자치도전주교육지원청,2016-08-12,2024-02-23,5459,2026-03-20
Z000104088,전주신성초통학구역,0,52,111,8321000,전북특별자치도교육청,8332000,전북특별자치도전주교육지원청,2016-08-12,2024-02-23,4576,2026-03-20
Z000100686,내산초통학구역,0,26,260,7150000,부산광역시교육청,7191000,부산광역시동래교육지원청,2016-08-12,2022-02-15,1916,2026-03-20
Z000150532,길주초송천초공동통학구역,1,47,170,8750000,경상북도교육청,8791000,경상북도안동교육지원청,2016-08-12,2016-08-12,274,2026-03-20
Z000105118,풍북초통학구역,0,47,170,8750000,경상북도교육청,8791000,경상북도안동교육지원청,2016-08-12,2016-08-12,6704,2026-03-20
Z000101178,인천논곡초통학구역,0,28,200,7310000,인천광역시교육청,7341000,인천광역시동부교육지원청,2016-08-12,2016-08-12,2202,2026-03-20
Z000105648,수양초통학구역,0,48,240,9010000,경상남도교육청,9081000,경상남도사천교육지원청,2016-08-12,2022-01-04,4904,2026-03-20
Z000151196,진도초진도서초공동통학구역,1,46,900,8490000,전라남도교육청,8711000,전라남도진도교육지원청,2021-12-15,2022-01-18,1079,2026-03-20
Z000103636,영춘초별방분교장통학구역,0,43,800,8000000,충청북도교육청,8111000,충청북도단양교육지원청,2016-08-12,2022-01-18,4568,2026-03-20
Z000151189,함안초외암초공동통학구역,1,48,730,9010000,경상남도교육청,9131000,경상남도함안교육지원청,2021-12-09,2022-01-18,3385,2026-03-20
Z000102910,금광초조령분교장통학구역,0,41,550,7530000,경기도교육청,7761000,경기도안성교육지원청,2016-08-12,2021-08-10,6509,2026-03-20
Z000101082,인천경원초통학구역,0,28,177,7310000,인천광역시교육청,7321000,인천광역시남부교육지원청,2018-09-19,2019-05-23,3934,2026-03-20
Z000102769,용문초통학구역,0,41,830,7530000,경기도교육청,7731000,경기도양평교육지원청,2016-08-12,2016-08-12,5871,2026-03-20
Z000105147,신기초통학구역,0,47,190,8750000,경상북도교육청,8801000,경상북도구미교육지원청,2016-08-12,2016-08-12,1160,2026-03-20
Z000100971,대구침산초통학구역,0,27,230,7240000,대구광역시교육청,7261000,대구광역시서부교육지원청,2016-08-12,2017-09-05,2420,2026-03-20
Z000104762,강진동초통학구역,0,46,810,8490000,전라남도교육청,8631000,전라남도강진교육지원청,2016-08-12,2016-08-12,2176,2026-03-20
Z000150656,금당초장곡초공동통학구역,1,44,800,8140000,충청남도교육청,8261000,충청남도홍성교육지원청,2017-03-23,2017-03-23,5128,2026-03-20
Z000104181,회현초통학구역,0,52,130,8321000,전북특별자치도교육청,8342000,전북특별자치도군산교육지원청,2016-08-12,2024-02-23,3983,2026-03-20
Z000100927,대구강북초통학구역,0,27,230,7240000,대구광역시교육청,7261000,대구광역시서부교육지원청,2016-08-12,2016-08-12,5953,2026-03-20
Z000150702,산내초청암초공동통학구역,1,41,480,7530000,경기도교육청,7681000,경기도파주교육지원청,2018-07-24,2018-07-24,6926,2026-03-20
Z000106190,산내초통학구역,0,41,480,7530000,경기도교육청,7681000,경기도파주교육지원청,2018-07-24,2018-07-24,6430,2026-03-20
Z000150704,충주예성초충주삼원초공동통학구역,1,43,130,8000000,충청북도교육청,8021000,충청북도충주교육지원청,2018-07-26,2018-07-26,2262,2026-03-20
Z000101573,대전둔산초통학구역,0,30,170,7430000,대전광역시교육청,7451000,대전광역시서부교육지원청,2016-08-12,2023-10-24,1169,2026-03-20
Z000151230,대부초대동초공동통학구역,1,41,273,7530000,경기도교육청,7611000,경기도안산교육지원청,2022-01-25,2022-01-25,1205,2026-03-20
Z000102131,대동초통학구역,0,41,273,7530000,경기도교육청,7611000,경기도안산교육지원청,2016-08-12,2022-01-25,6804,2026-03-20
Z000105423,석포초통학구역,0,47,920,8750000,경상북도교육청,8961000,경상북도봉화교육지원청,2016-08-12,2022-01-18,201,2026-03-20
Z000101056,대구동곡초통학구역,0,27,710,7240000,대구광역시교육청,7281000,대구광역시달성교육지원청,2016-08-12,2016-08-12,5434,2026-03-20
Z000100866,대구동문초통학구역,0,27,260,7240000,대구광역시교육청,7251000,대구광역시동부교육지원청,2016-08-12,2017-06-23,6076,2026-03-20
Z000150498,시종초도포초공동통학구역,1,46,830,8490000,전라남도교육청,8651000,전라남도영암교육지원청,2016-08-12,2016-08-12,3013,2026-03-20
Z000100080,서울연신초통학구역,0,11,380,7010000,서울특별시교육청,7031000,서울특별시서부교육지원청,2016-08-12,2016-08-12,3245,2026-03-20
Z000104758,장흥남초통학구역,0,46,800,8490000,전라남도교육청,8621000,전라남도장흥교육지원청,2016-08-12,2016-08-12,4776,2026-03-20
Z000104774,작천초통학구역,0,46,810,8490000,전라남도교육청,8631000,전라남도강진교육지원청,2016-08-12,2016-08-12,2194,2026-03-20
Z000104772,신전초통학구역,0,46,810,8490000,전라남도교육청,8631000,전라남도강진교육지원청,2016-08-12,2016-08-12,2156,2026-03-20
Z000104768,도암초통학구역,0,46,810,8490000,전라남도교육청,8631000,전라남도강진교육지원청,2016-08-12,2016-08-12,2178,2026-03-20
Z000104780,산이서초통학구역,0,46,820,8490000,전라남도교육청,8641000,전라남도해남교육지원청,2016-08-12,2018-03-06,6865,2026-03-20
Z000100626,동일중앙초통학구역,0,26,170,7150000,부산광역시교육청,7181000,부산광역시남부교육지원청,2016-08-12,2016-08-12,6313,2026-03-20
Z000100918,대구초통학구역,0,27,110,7240000,대구광역시교육청,7251000,대구광역시동부교육지원청,2016-08-12,2017-02-22,1502,2026-03-20
Z000100977,대구학남초통학구역,0,27,230,7240000,대구광역시교육청,7261000,대구광역시서부교육지원청,2016-08-12,2016-08-12,5951,2026-03-20
Z000100760,모라초통학구역,0,26,530,7150000,부산광역시교육청,7201000,부산광역시북부교육지원청,2016-08-12,2016-08-12,2294,2026-03-20
Z000150540,점촌초점촌중앙초공동통학구역,1,47,280,8750000,경상북도교육청,8841000,경상북도문경교육지원청,2016-08-12,2016-08-12,1762,2026-03-20
Z000103243,녹전초통학구역,0,51,750,7801000,강원특별자치도교육청,7902000,강원특별자치도영월교육지원청,2016-08-12,2016-08-12,5380,2026-03-20
Z000150089,대전가장초대전백운초공동통학구역,1,30,170,7430000,대전광역시교육청,7451000,대전광역시서부교육지원청,2016-08-12,2016-08-12,2976,2026-03-20
Z000103805,온양중앙초통학구역,0,44,200,8140000,충청남도교육청,8181000,충청남도아산교육지원청,2016-08-12,2022-06-21,6969,2026-03-20
Z000101332,광주남초통학구역,0,29,110,7380000,광주광역시교육청,7391000,광주광역시동부교육지원청,2016-08-12,2022-06-21,3817,2026-03-20
Z000101346,광주용산초통학구역,0,29,110,7380000,광주광역시교육청,7391000,광주광역시동부교육지원청,2016-08-12,2022-06-21,6817,2026-03-20
Z000105518,용남초통학구역,0,48,121,9010000,경상남도교육청,9022000,경상남도창원교육지원청,2016-08-12,2023-10-31,2304,2026-03-20
Z000105517,외동초통학구역,0,48,123,9010000,경상남도교육청,9022000,경상남도창원교육지원청,2016-08-12,2023-10-31,3452,2026-03-20
Z000101899,중원초통학구역,0,41,133,7530000,경기도교육청,7551000,경기도성남교육지원청,2016-08-12,2023-10-24,7103,2026-03-20
Z000105492,북성초통학구역,0,48,127,9010000,경상남도교육청,9022000,경상남도창원교육지원청,2016-08-12,2023-10-31,4200,2026-03-20
Z000106057,서귀북초통학구역,0,50,130,9290000,제주특별자치도교육청,9299000,제주특별자치도서귀포시교육지원청,2016-08-12,2023-10-31,3884,2026-03-20
Z000101007,대구성남초통학구역,0,27,290,7240000,대구광역시교육청,7271000,대구광역시남부교육지원청,2016-08-12,2016-08-12,6844,2026-03-20
Z000101197,인천서창초통학구역,0,28,200,7310000,인천광역시교육청,7341000,인천광역시동부교육지원청,2016-08-12,2021-02-23,6569,2026-03-20
Z000101188,인천만수초통학구역,0,28,200,7310000,인천광역시교육청,7341000,인천광역시동부교육지원청,2016-08-12,2021-02-23,225,2026-03-20
Z000100199,서울연촌초통학구역,0,11,350,7010000,서울특별시교육청,7051000,서울특별시북부교육지원청,2016-08-12,2016-10-19,3481,2026-03-20
Z000100662,운산초통학구역,0,26,290,7150000,부산광역시교육청,7181000,부산광역시남부교육지원청,2016-08-12,2016-08-12,1083,2026-03-20
Z000100259,서울가주초통학구역,0,11,710,7010000,서울특별시교육청,7130000,서울특별시강동송파교육지원청,2016-08-12,2016-08-12,3636,2026-03-20
Z000150990,삼장초덕산초공동통학구역,1,48,860,9010000,경상남도교육청,9191000,경상남도산청교육지원청,2020-07-29,2020-07-29,784,2026-03-20
Z000104033,북창초통학구역,0,44,270,8140000,충청남도교육청,8291000,충청남도당진교육지원청,2016-08-12,2021-12-27,3042,2026-03-20
Z000100485,서울광남초통학구역,0,11,215,7010000,서울특별시교육청,7134000,서울특별시성동광진교육지원청,2016-08-12,2016-08-12,2209,2026-03-20
Z000105799,계창초통학구역,0,48,740,9010000,경상남도교육청,9141000,경상남도창녕교육지원청,2016-08-12,2021-09-08,2424,2026-03-20
Z000104582,순천삼산초통학구역,0,46,150,8490000,전라남도교육청,8521000,전라남도순천교육지원청,2016-08-12,2016-08-12,5631,2026-03-20
Z000105780,칠곡초통학구역,0,48,720,9010000,경상남도교육청,9121000,경상남도의령교육지원청,2016-08-12,2016-08-12,2652,2026-03-20
Z000101160,인천상정초통학구역,0,28,237,7310000,인천광역시교육청,7331000,인천광역시북부교육지원청,2016-08-12,2022-03-08,6587,2026-03-20
Z000101168,인천하정초통학구역,0,28,237,7310000,인천광역시교육청,7331000,인천광역시북부교육지원청,2016-08-12,2022-03-08,3060,2026-03-20
Z000102126,금모래초통학구역,0,41,390,7530000,경기도교육청,7781000,경기도시흥교육지원청,2016-08-12,2022-03-08,5695,2026-03-20
Z000106339,대구국우초통학구역,0,27,230,7240000,대구광역시교육청,7261000,대구광역시서부교육지원청,2021-12-20,2022-01-18,611,2026-03-20
Z000100944,대구도남초통학구역,0,27,230,7240000,대구광역시교육청,7261000,대구광역시서부교육지원청,2016-08-12,2022-01-18,2426,2026-03-20
Z000150350,양도초유현초공동통학구역,1,41,570,7530000,경기도교육청,7771000,경기도김포교육지원청,2016-08-12,2022-01-18,1104,2026-03-20
Z000104654,옥룡초통학구역,0,46,230,8490000,전라남도교육청,8551000,전라남도광양교육지원청,2016-08-12,2022-01-18,3220,2026-03-20
Z000104753,안양초통학구역,0,46,800,8490000,전라남도교육청,8621000,전라남도장흥교육지원청,2016-08-12,2022-01-18,6186,2026-03-20
Z000151180,창녕초명덕초광역통학구역,1,48,740,9010000,경상남도교육청,9141000,경상남도창녕교육지원청,2021-12-07,2022-01-18,3806,2026-03-20
Z000102422,사능초통학구역,0,41,360,7530000,경기도교육청,7652000,경기도구리남양주교육지원청,2016-08-12,2021-07-26,3017,2026-03-20
Z000102759,세월초통학구역,0,41,830,7530000,경기도교육청,7731000,경기도양평교육지원청,2016-08-12,2021-09-08,6512,2026-03-20
Z000150290,가평초가평마장초공동통학구역,1,41,820,7530000,경기도교육청,7721000,경기도가평교육지원청,2016-08-12,2021-09-08,1818,2026-03-20
Z000102735,가평마장초통학구역,0,41,820,7530000,경기도교육청,7721000,경기도가평교육지원청,2016-08-12,2021-09-08,2837,2026-03-20
Z000105811,유어초통학구역,0,48,740,9010000,경상남도교육청,9141000,경상남도창녕교육지원청,2016-08-12,2019-12-11,6947,2026-03-20
Z000151148,이포초하호분교장세월초공동통학구역,1,41,670,7530000,경기도교육청,7661000,경기도여주교육지원청,2021-09-06,2021-09-08,5637,2026-03-20
Z000106234,반곡초통학구역,0,36,110,9300000,세종특별자치시교육청,9300000,세종특별자치시교육청,2019-05-14,2021-09-08,4006,2026-03-20
Z000105717,사포초통학구역,0,48,270,9010000,경상남도교육청,9101000,경상남도밀양교육지원청,2016-08-12,2016-08-12,6243,2026-03-20
Z000100057,서울북한산초통학구역,0,11,380,7010000,서울특별시교육청,7031000,서울특별시서부교육지원청,2016-08-12,2016-08-12,6053,2026-03-20
Z000100867,대구동부초통학구역,0,27,140,7240000,대구광역시교육청,7251000,대구광역시동부교육지원청,2016-08-12,2016-08-12,4318,2026-03-20
Z000100974,대구태현초통학구역,0,27,230,7240000,대구광역시교육청,7261000,대구광역시서부교육지원청,2016-08-12,2016-08-12,471,2026-03-20
Z000102397,남양주백봉초통학구역,0,41,360,7530000,경기도교육청,7652000,경기도구리남양주교육지원청,2016-08-12,2016-08-12,584,2026-03-20
Z000102728,추산초통학구역,0,41,650,7530000,경기도교육청,7711000,경기도포천교육지원청,2016-08-12,2016-08-12,4588,2026-03-20
Z000150206,구룡초평동초공동통학구역,1,41,360,7530000,경기도교육청,7652000,경기도구리남양주교육지원청,2016-08-12,2016-08-12,2391,2026-03-20
Z000151214,대운초광역통학구역,1,48,330,9010000,경상남도교육청,9151000,경상남도양산교육지원청,2021-12-22,2022-01-18,2271,2026-03-20
Z000151213,평산초광역통학구역,1,48,330,9010000,경상남도교육청,9151000,경상남도양산교육지원청,2016-08-12,2022-01-18,1090,2026-03-20
Z000150758,성암초장산초공동통학구역,1,47,290,8750000,경상북도교육청,8851000,경상북도경산교육지원청,2019-07-08,2019-07-09,1373,2026-03-20
Z000105575,도동초통학구역,0,48,170,9010000,경상남도교육청,9051000,경상남도진주교육지원청,2016-08-12,2019-11-28,3187,2026-03-20
Z000106227,다산새봄초통학구역,0,41,360,7530000,경기도교육청,7652000,경기도구리남양주교육지원청,2019-04-30,2019-05-13,1547,2026-03-20
Z000106173,남양주다산초통학구역,0,41,360,7530000,경기도교육청,7652000,경기도구리남양주교육지원청,2018-03-07,2019-05-13,4254,2026-03-20
Z000100246,서울창신초통학구역,0,11,110,7010000,서울특별시교육청,7061000,서울특별시중부교육지원청,2016-08-12,2017-02-16,1932,2026-03-20
Z000102429,예봉초통학구역,0,41,360,7530000,경기도교육청,7652000,경기도구리남양주교육지원청,2016-08-12,2021-08-03,1475,2026-03-20
Z000100704,안남초통학구역,0,26,260,7150000,부산광역시교육청,7191000,부산광역시동래교육지원청,2016-08-12,2016-08-12,1988,2026-03-20
Z000100687,내성초통학구역,0,26,260,7150000,부산광역시교육청,7191000,부산광역시동래교육지원청,2016-08-12,2016-08-12,3701,2026-03-20
Z000101737,중남초통학구역,0,31,710,7480000,울산광역시교육청,7501000,울산광역시강남교육지원청,2016-08-12,2016-08-12,1086,2026-03-20
Z000105983,도평초통학구역,0,50,110,9290000,제주특별자치도교육청,9296000,제주특별자치도제주시교육지원청,2016-08-12,2022-01-18,6864,2026-03-20
Z000100473,서울원당초통학구역,0,11,620,7010000,서울특별시교육청,7132000,서울특별시동작관악교육지원청,2016-08-12,2016-08-12,1621,2026-03-20
Z000100480,서울행림초통학구역,0,11,590,7010000,서울특별시교육청,7132000,서울특별시동작관악교육지원청,2016-08-12,2016-08-12,6736,2026-03-20
Z000100784,창진초통학구역,0,26,530,7150000,부산광역시교육청,7201000,부산광역시북부교육지원청,2016-08-12,2016-08-12,4055,2026-03-20
Z000103172,삼척남초통학구역,0,51,230,7801000,강원특별자치도교육청,7872000,강원특별자치도삼척교육지원청,2016-08-12,2021-11-02,1087,2026-03-20
Z000150501,남양초동강초공동통학구역,1,46,770,8490000,전라남도교육청,8591000,전라남도고흥교육지원청,2016-08-12,2021-11-09,721,2026-03-20
Z000100003,서울동답초통학구역,0,11,230,7010000,서울특별시교육청,7021000,서울특별시동부교육지원청,2016-08-12,2021-12-07,7000,2026-03-20
Z000102214,고양용현초통학구역,0,41,281,7530000,경기도교육청,7621000,경기도고양교육지원청,2016-08-12,2021-07-20,7067,2026-03-20
Z000105171,부석초통학구역,0,47,210,8750000,경상북도교육청,8811000,경상북도영주교육지원청,2016-08-12,2016-08-12,1652,2026-03-20
Z000150188,성저초장성초공동통학구역,1,41,287,7530000,경기도교육청,7621000,경기도고양교육지원청,2016-08-12,2016-08-12,6937,2026-03-20
Z000102665,미사중앙초통학구역,0,41,450,7530000,경기도교육청,7692000,경기도광주하남교육지원청,2016-08-12,2021-06-15,1730,2026-03-20
Z000102528,송화초통학구역,0,41,590,7530000,경기도교육청,7679000,경기도화성오산교육지원청,2016-08-12,2021-06-15,6188,2026-03-20
Z000102843,서농초통학구역,0,41,463,7530000,경기도교육청,7751000,경기도용인교육지원청,2016-08-12,2021-06-15,1904,2026-03-20
Z000102939,죽화초통학구역,0,41,550,7530000,경기도교육청,7761000,경기도안성교육지원청,2016-08-12,2021-08-10,2232,2026-03-20
Z000102909,광선초통학구역,0,41,550,7530000,경기도교육청,7761000,경기도안성교육지원청,2016-08-12,2021-08-10,5736,2026-03-20
Z000102904,개산초통학구역,0,41,550,7530000,경기도교육청,7761000,경기도안성교육지원청,2016-08-12,2021-08-10,1978,2026-03-20
Z000102938,죽산초통학구역,0,41,550,7530000,경기도교육청,7761000,경기도안성교육지원청,2016-08-12,2021-08-10,3101,2026-03-20
Z000102743,방일초통학구역,0,41,820,7530000,경기도교육청,7721000,경기도가평교육지원청,2016-08-12,2021-07-26,2717,2026-03-20
Z000102223,능곡초통학구역,0,41,281,7530000,경기도교육청,7621000,경기도고양교육지원청,2016-08-12,2021-10-20,5261,2026-03-20
Z000150960,학돌초오산초공동(일방)통학구역,1,44,210,8140000,충청남도교육청,8191000,충청남도서산교육지원청,2020-03-24,2021-10-26,2439,2026-03-20
Z000102248,소만초통학구역,0,41,281,7530000,경기도교육청,7621000,경기도고양교육지원청,2016-08-12,2021-07-20,3508,2026-03-20
Z000150158,고양한내초대화초공동통학구역,1,41,287,7530000,경기도교육청,7621000,경기도고양교육지원청,2016-08-12,2021-07-20,6939,2026-03-20
Z000102216,고양한내초통학구역,0,41,287,7530000,경기도교육청,7621000,경기도고양교육지원청,2016-08-12,2021-07-20,2497,2026-03-20
Z000102217,고양화수초통학구역,0,41,281,7530000,경기도교육청,7621000,경기도고양교육지원청,2016-08-12,2021-07-20,1744,2026-03-20
Z000100102,서울가산초통학구역,0,11,545,7010000,서울특별시교육청,7041000,서울특별시남부교육지원청,2016-08-12,2020-05-25,6538,2026-03-20
Z000104958,대잠초통학구역,0,47,111,8750000,경상북도교육청,8761000,경상북도포항교육지원청,2016-08-12,2016-08-12,5287,2026-03-20
Z000150264,나룰초신장초공동통학구역,1,41,450,7530000,경기도교육청,7692000,경기도광주하남교육지원청,2016-08-12,2016-08-12,4411,2026-03-20
Z000103563,용화초통학구역,0,43,740,8000000,충청북도교육청,8071000,충청북도영동교육지원청,2016-08-12,2016-08-12,6112,2026-03-20
Z000103945,가남초통학구역,0,44,790,8140000,충청남도교육청,8251000,충청남도청양교육지원청,2016-08-12,2016-12-19,2613,2026-03-20
Z000103340,부평초통학구역,0,51,810,7801000,강원특별자치도교육청,7962000,강원특별자치도인제교육지원청,2016-08-12,2019-04-10,1765,2026-03-20
Z000150748,수원금호초칠보초공동통학구역,1,41,113,7530000,경기도교육청,7541000,경기도수원교육지원청,2019-04-10,2019-04-10,6047,2026-03-20
Z000103766,청룡초장고분교장통학구역,0,44,180,8140000,충청남도교육청,8171000,충청남도보령교육지원청,2016-08-12,2022-01-11,4972,2026-03-20
Z000103743,광명초통학구역,0,44,180,8140000,충청남도교육청,8171000,충청남도보령교육지원청,2016-08-12,2022-01-11,1524,2026-03-20
Z000102578,화성반월초통학구역,0,41,590,7530000,경기도교육청,7679000,경기도화성오산교육지원청,2016-08-12,2022-01-18,4483,2026-03-20
Z000151031,화성반월초기산초율목초공동통학구역,1,41,590,7530000,경기도교육청,7679000,경기도화성오산교육지원청,2020-12-17,2022-01-18,6998,2026-03-20
Z000151147,백전초하장초공동통학구역,1,51,770,7801000,강원특별자치도교육청,7922000,강원특별자치도정선교육지원청,2021-08-25,2022-01-18,6705,2026-03-20
Z000103185,하장초통학구역,0,51,230,7801000,강원특별자치도교육청,7872000,강원특별자치도삼척교육지원청,2016-08-12,2022-01-18,1352,2026-03-20
Z000100945,대구동변초통학구역,0,27,230,7240000,대구광역시교육청,7261000,대구광역시서부교육지원청,2016-08-12,2016-08-12,6981,2026-03-20
Z000151163,유강초양동초공동(일방)통학구역,1,47,111,8750000,경상북도교육청,8761000,경상북도포항교육지원청,2021-11-24,2022-01-18,4427,2026-03-20
Z000106335,이동초통학구역,0,47,111,8750000,경상북도교육청,8761000,경상북도포항교육지원청,2020-02-03,2022-01-18,848,2026-03-20
Z000151165,홍광초송학초공동(일방)통학구역,1,43,150,8000000,충청북도교육청,8031000,충청북도제천교육지원청,2021-11-29,2021-12-27,3530,2026-03-20
Z000102510,발안초통학구역,0,41,590,7530000,경기도교육청,7679000,경기도화성오산교육지원청,2016-08-12,2026-03-31,287,2026-03-20
Z000102404,남양주월문초통학구역,0,41,360,7530000,경기도교육청,7652000,경기도구리남양주교육지원청,2016-08-12,2021-08-03,3123,2026-03-20
Z000102394,남양주도곡초통학구역,0,41,360,7530000,경기도교육청,7652000,경기도구리남양주교육지원청,2016-08-12,2021-08-03,4180,2026-03-20
Z000102411,도심초통학구역,0,41,360,7530000,경기도교육청,7652000,경기도구리남양주교육지원청,2016-08-12,2021-08-03,5936,2026-03-20
Z000106233,솔빛초통학구역,0,36,110,9300000,세종특별자치시교육청,9300000,세종특별자치시교육청,2019-05-14,2021-09-08,442,2026-03-20
Z000103223,갑천초통학구역,0,51,730,7801000,강원특별자치도교육청,7892000,강원특별자치도횡성교육지원청,2016-08-12,2022-01-18,4435,2026-03-20
Z000103240,횡성초통학구역,0,51,730,7801000,강원특별자치도교육청,7892000,강원특별자치도횡성교육지원청,2016-08-12,2022-01-18,6386,2026-03-20
Z000101971,안양서초통학구역,0,41,171,7530000,경기도교육청,7569000,경기도안양과천교육지원청,2016-08-12,2017-12-08,814,2026-03-20
Z000105570,금성초통학구역,0,48,170,9010000,경상남도교육청,9051000,경상남도진주교육지원청,2016-08-12,2019-11-28,3185,2026-03-20
Z000105593,신진초통학구역,0,48,170,9010000,경상남도교육청,9051000,경상남도진주교육지원청,2016-08-12,2019-11-28,5732,2026-03-20
Z000100381,서울치현초통학구역,0,11,500,7010000,서울특별시교육청,7081300,서울특별시강서양천교육지원청,2016-08-12,2019-09-16,4185,2026-03-20
Z000150307,기흥초서농초공동통학구역,1,41,463,7530000,경기도교육청,7751000,경기도용인교육지원청,2016-08-12,2021-06-15,3641,2026-03-20
Z000150322,서농초서천초공동통학구역,1,41,463,7530000,경기도교육청,7751000,경기도용인교육지원청,2016-08-12,2021-06-15,7035,2026-03-20
Z000103951,장평초통학구역,0,44,790,8140000,충청남도교육청,8251000,충청남도청양교육지원청,2016-08-12,2016-08-12,284,2026-03-20
Z000102215,고양초통학구역,0,41,281,7530000,경기도교육청,7621000,경기도고양교육지원청,2016-08-12,2016-08-12,2607,2026-03-20
Z000103958,결성초통학구역,0,44,800,8140000,충청남도교육청,8261000,충청남도홍성교육지원청,2016-08-12,2016-08-12,2129,2026-03-20
Z000103351,인제초통학구역,0,51,810,7801000,강원특별자치도교육청,7962000,강원특별자치도인제교육지원청,2016-08-12,2018-10-11,6918,2026-03-20
Z000101781,수원가온초통학구역,0,41,113,7530000,경기도교육청,7541000,경기도수원교육지원청,2016-08-12,2019-06-10,6471,2026-03-20
Z000106239,배곧누리초통학구역,0,41,390,7530000,경기도교육청,7781000,경기도시흥교육지원청,2019-06-04,2019-06-04,3778,2026-03-20
Z000106242,합천가야초통학구역,0,48,890,9010000,경상남도교육청,9221000,경상남도합천교육지원청,2016-08-12,2019-06-13,1760,2026-03-20
Z000150943,남평초제한적공동통학구역,1,46,170,8490000,전라남도교육청,8531000,전라남도나주교육지원청,2016-08-12,2020-03-03,3004,2026-03-20
Z000102430,오남초통학구역,0,41,360,7530000,경기도교육청,7652000,경기도구리남양주교육지원청,2016-08-12,2020-05-06,6832,2026-03-20
Z000102729,축석초통학구역,0,41,650,7530000,경기도교육청,7711000,경기도포천교육지원청,2016-08-12,2016-08-12,124,2026-03-20
Z000102853,손곡초통학구역,0,41,465,7530000,경기도교육청,7751000,경기도용인교육지원청,2016-08-12,2021-08-03,5119,2026-03-20
Z000102878,용인한빛초통학구역,0,41,465,7530000,경기도교육청,7751000,경기도용인교육지원청,2016-08-12,2021-08-03,3341,2026-03-20
Z000151130,손곡초용인한빛초공동통학구역,1,41,465,7530000,경기도교육청,7751000,경기도용인교육지원청,2021-07-26,2021-08-03,2472,2026-03-20
Z000150111,동천초용인한빛초공동통학구역,1,41,465,7530000,경기도교육청,7751000,경기도용인교육지원청,2016-08-12,2021-08-03,1556,2026-03-20
Z000102858,신리초통학구역,0,41,465,7530000,경기도교육청,7751000,경기도용인교육지원청,2016-08-12,2021-08-03,1907,2026-03-20
Z000102718,용인신봉초통학구역,0,41,465,7530000,경기도교육청,7751000,경기도용인교육지원청,2016-08-12,2021-08-03,797,2026-03-20
Z000101868,성남북초통학구역,0,41,131,7530000,경기도교육청,7551000,경기도성남교육지원청,2016-08-12,2021-02-23,3676,2026-03-20
Z000151015,성남북초성남신흥초공동통학구역,1,41,131,7530000,경기도교육청,7551000,경기도성남교육지원청,2020-12-03,2021-02-23,3672,2026-03-20
Z000151014,안동서부초와룡초공동(일방)통학구역,1,47,170,8750000,경상북도교육청,8791000,경상북도안동교육지원청,2020-12-03,2021-02-23,5815,2026-03-20
Z000101990,고리울초통학구역,0,41,196,7530000,경기도교육청,7581000,경기도부천교육지원청,2016-08-12,2024-03-29,3501,2026-03-20
Z000103232,안흥초통학구역,0,51,730,7801000,강원특별자치도교육청,7892000,강원특별자치도횡성교육지원청,2016-08-12,2016-08-12,6173,2026-03-20
Z000101055,대구도림초통학구역,0,27,710,7240000,대구광역시교육청,7281000,대구광역시달성교육지원청,2016-08-12,2018-03-20,6452,2026-03-20
Z000100994,대구대덕초통학구역,0,27,200,7240000,대구광역시교육청,7271000,대구광역시남부교육지원청,2016-08-12,2016-08-12,4190,2026-03-20
Z000100706,안민초통학구역,0,26,260,7150000,부산광역시교육청,7191000,부산광역시동래교육지원청,2016-08-12,2016-08-12,5484,2026-03-20
Z000100780,용수초통학구역,0,26,320,7150000,부산광역시교육청,7201000,부산광역시북부교육지원청,2016-08-12,2016-08-12,1666,2026-03-20
Z000103356,거진초통학구역,0,51,820,7801000,강원특별자치도교육청,7972000,강원특별자치도고성교육지원청,2016-08-12,2016-08-12,962,2026-03-20
Z000102279,행신초통학구역,0,41,281,7530000,경기도교육청,7621000,경기도고양교육지원청,2016-08-12,2016-08-12,1793,2026-03-20
Z000150120,솔뫼초의정부용현초공동통학구역,1,41,150,7530000,경기도교육청,7561000,경기도의정부교육지원청,2016-08-12,2016-08-12,2593,2026-03-20
Z000103757,옥계초통학구역,0,44,180,8140000,충청남도교육청,8171000,충청남도보령교육지원청,2016-08-12,2016-08-12,642,2026-03-20
Z000103849,금산중앙초통학구역,0,44,710,8140000,충청남도교육청,8201000,충청남도금산교육지원청,2016-08-12,2016-11-28,5632,2026-03-20
Z000103967,서부초통학구역,0,44,800,8140000,충청남도교육청,8261000,충청남도홍성교육지원청,2016-08-12,2016-08-12,5009,2026-03-20
Z000105984,동광초통학구역,0,50,110,9290000,제주특별자치도교육청,9296000,제주특별자치도제주시교육지원청,2016-08-12,2022-01-18,331,2026-03-20
Z000106073,중문초통학구역,0,50,130,9290000,제주특별자치도교육청,9299000,제주특별자치도서귀포시교육지원청,2016-08-12,2022-01-18,3309,2026-03-20
Z000151156,중문초하원초공동통학구역,1,50,130,9290000,제주특별자치도교육청,9299000,제주특별자치도서귀포시교육지원청,2021-11-18,2022-01-18,1514,2026-03-20
Z000106049,동홍초통학구역,0,50,130,9290000,제주특별자치도교육청,9299000,제주특별자치도서귀포시교육지원청,2016-08-12,2022-01-18,1199,2026-03-20
Z000106077,토평초통학구역,0,50,130,9290000,제주특별자치도교육청,9299000,제주특별자치도서귀포시교육지원청,2016-08-12,2022-01-18,6553,2026-03-20
Z000102064,소하초통학구역,0,41,210,7530000,경기도교육청,7591000,경기도광명교육지원청,2016-08-12,2016-08-12,3005,2026-03-20
Z000104668,수북초통학구역,0,46,710,8490000,전라남도교육청,8561000,전라남도담양교육지원청,2016-08-12,2022-01-18,5157,2026-03-20
Z000100536,서울수송초통학구역,0,11,305,7010000,서울특별시교육청,7121200,서울특별시성북강북교육지원청,2016-08-12,2017-02-10,6331,2026-03-20
Z000104795,황산초통학구역,0,46,820,8490000,전라남도교육청,8641000,전라남도해남교육지원청,2016-08-12,2016-08-12,3233,2026-03-20
Z000101497,대전목양초통학구역,0,30,140,7430000,대전광역시교육청,7441000,대전광역시동부교육지원청,2016-08-12,2019-11-11,2538,2026-03-20
Z000101959,비산초통학구역,0,41,173,7530000,경기도교육청,7569000,경기도안양과천교육지원청,2016-08-12,2017-12-08,4296,2026-03-20
Z000105348,유천초통학구역,0,47,820,8750000,경상북도교육청,8911000,경상북도청도교육지원청,2016-08-12,2016-08-12,3609,2026-03-20
Z000100838,장산초통학구역,0,26,350,7150000,부산광역시교육청,7211000,부산광역시해운대교육지원청,2016-08-12,2016-08-12,6405,2026-03-20
Z000151183,대성초삼산초공동통학구역,1,48,820,9010000,경상남도교육청,9161000,경상남도고성교육지원청,2021-12-08,2022-01-18,292,2026-03-20
Z000101889,양영초통학구역,0,41,135,7530000,경기도교육청,7551000,경기도성남교육지원청,2016-08-12,2021-11-30,3666,2026-03-20
Z000151176,북천초옥종초공동통학구역,1,48,850,9010000,경상남도교육청,9181000,경상남도하동교육지원청,2021-12-03,2022-01-18,4018,2026-03-20
Z000100022,서울용두초통학구역,0,11,230,7010000,서울특별시교육청,7021000,서울특별시동부교육지원청,2016-08-12,2016-08-12,63,2026-03-20
Z000101475,화정남초통학구역,0,29,140,7380000,광주광역시교육청,7401000,광주광역시서부교육지원청,2016-08-12,2016-08-12,3229,2026-03-20
Z000150440,임천초장암초공동통학구역,1,44,760,8140000,충청남도교육청,8231000,충청남도부여교육지원청,2016-08-12,2016-08-12,3815,2026-03-20
Z000102267,정발초통학구역,0,41,285,7530000,경기도교육청,7621000,경기도고양교육지원청,2016-08-12,2016-08-12,372,2026-03-20
Z000101836,효천초통학구역,0,41,111,7530000,경기도교육청,7541000,경기도수원교육지원청,2016-08-12,2016-08-12,2376,2026-03-20
Z000104793,화산초통학구역,0,46,820,8490000,전라남도교육청,8641000,전라남도해남교육지원청,2016-08-12,2018-03-06,5007,2026-03-20
Z000104781,산이초통학구역,0,46,820,8490000,전라남도교육청,8641000,전라남도해남교육지원청,2016-08-12,2016-08-12,6780,2026-03-20
Z000100696,명장초통학구역,0,26,260,7150000,부산광역시교육청,7191000,부산광역시동래교육지원청,2016-08-12,2016-08-12,1060,2026-03-20
Z000101171,상인천초통학구역,0,28,200,7310000,인천광역시교육청,7341000,인천광역시동부교육지원청,2016-08-12,2019-05-23,2200,2026-03-20
Z000102265,장촌초통학구역,0,41,287,7530000,경기도교육청,7621000,경기도고양교육지원청,2016-08-12,2019-11-25,5132,2026-03-20
Z000151158,상운초녹전초원천분교온혜초공동통학구역,1,47,920,8750000,경상북도교육청,8961000,경상북도봉화교육지원청,2021-11-22,2022-01-18,2732,2026-03-20
Z000102874,용인신촌초통학구역,0,41,463,7530000,경기도교육청,7751000,경기도용인교육지원청,2016-08-12,2021-08-03,3378,2026-03-20
Z000101981,평촌초통학구역,0,41,173,7530000,경기도교육청,7569000,경기도안양과천교육지원청,2016-08-12,2017-12-08,2530,2026-03-20
Z000101964,신안초통학구역,0,41,171,7530000,경기도교육청,7569000,경기도안양과천교육지원청,2016-08-12,2016-08-12,5254,2026-03-20
Z000106328,다산별빛초통학구역,0,41,360,7530000,경기도교육청,7652000,경기도구리남양주교육지원청,2021-03-15,2021-08-26,4257,2026-03-20
Z000103029,교동초통학구역,0,51,130,7801000,강원특별자치도교육청,7822000,강원특별자치도원주교육지원청,2016-08-12,2021-12-27,4026,2026-03-20
Z000106329,신우초통학구역,0,41,450,7530000,경기도교육청,7692000,경기도광주하남교육지원청,2021-03-15,2021-08-26,2467,2026-03-20
Z000101946,귀인초통학구역,0,41,173,7530000,경기도교육청,7569000,경기도안양과천교육지원청,2016-08-12,2017-12-08,6734,2026-03-20
Z000100540,서울숭례초통학구역,0,11,290,7010000,서울특별시교육청,7121200,서울특별시성북강북교육지원청,2016-08-12,2017-02-10,62,2026-03-20
Z000100389,서울논현초통학구역,0,11,680,7010000,서울특별시교육청,7091300,서울특별시강남서초교육지원청,2016-08-12,2016-08-12,1947,2026-03-20
Z000104023,창기초통학구역,0,44,825,8140000,충청남도교육청,8281000,충청남도태안교육지원청,2016-08-12,2016-08-12,5858,2026-03-20
Z000103289,여량초통학구역,0,51,770,7801000,강원특별자치도교육청,7922000,강원특별자치도정선교육지원청,2016-08-12,2016-08-12,2728,2026-03-20
Z000103290,예미초운치분교장통학구역,0,51,770,7801000,강원특별자치도교육청,7922000,강원특별자치도정선교육지원청,2016-08-12,2016-08-12,734,2026-03-20
Z000100248,서울청운초통학구역,0,11,110,7010000,서울특별시교육청,7061000,서울특별시중부교육지원청,2016-08-12,2017-02-06,6368,2026-03-20
Z000150381,서경초죽림초공동통학구역,1,43,113,8000000,충청북도교육청,8011000,충청북도청주교육지원청,2016-08-12,2016-08-12,6795,2026-03-20
Z000102682,초월초통학구역,0,41,610,7530000,경기도교육청,7692000,경기도광주하남교육지원청,2016-08-12,2021-06-15,22,2026-03-20
Z000104731,도곡중앙초통학구역,0,46,790,8490000,전라남도교육청,8611000,전라남도화순교육지원청,2016-08-12,2016-08-12,3831,2026-03-20
Z000100695,명서초통학구역,0,26,260,7150000,부산광역시교육청,7191000,부산광역시동래교육지원청,2016-08-12,2016-08-12,6376,2026-03-20
Z000103420,석성초통학구역,0,43,114,8000000,충청북도교육청,8011000,충청북도청주교육지원청,2016-08-12,2019-08-20,2713,2026-03-20
Z000150925,고성초광역통학구역,1,48,820,9010000,경상남도교육청,9161000,경상남도고성교육지원청,2020-02-20,2022-01-18,2961,2026-03-20
Z000151184,창남초광역통학구역,1,48,880,9010000,경상남도교육청,9211000,경상남도거창교육지원청,2016-08-12,2022-01-18,457,2026-03-20
Z000102917,명덕초통학구역,0,41,550,7530000,경기도교육청,7761000,경기도안성교육지원청,2016-08-12,2021-08-10,5755,2026-03-20
Z000102906,고삼초통학구역,0,41,550,7530000,경기도교육청,7761000,경기도안성교육지원청,2016-08-12,2021-08-10,5763,2026-03-20
Z000102911,금광초통학구역,0,41,550,7530000,경기도교육청,7761000,경기도안성교육지원청,2016-08-12,2021-08-10,4748,2026-03-20
Z000102408,덕소초통학구역,0,41,360,7530000,경기도교육청,7652000,경기도구리남양주교육지원청,2016-08-12,2021-08-03,3903,2026-03-20
Z000100180,서울상경초통학구역,0,11,350,7010000,서울특별시교육청,7051000,서울특별시북부교육지원청,2016-08-12,2016-08-12,4467,2026-03-20
Z000100184,서울상원초통학구역,0,11,350,7010000,서울특별시교육청,7051000,서울특별시북부교육지원청,2016-08-12,2016-08-12,2166,2026-03-20
Z000100783,주학초통학구역,0,26,530,7150000,부산광역시교육청,7201000,부산광역시북부교육지원청,2016-08-12,2016-08-12,3449,2026-03-20
Z000100769,서감초통학구역,0,26,530,7150000,부산광역시교육청,7201000,부산광역시북부교육지원청,2016-08-12,2016-08-12,488,2026-03-20
Z000150729,청평초상천초공동통학구역,1,41,820,7530000,경기도교육청,7721000,경기도가평교육지원청,2019-01-25,2019-01-25,2227,2026-03-20
Z000102068,온신초통학구역,0,41,210,7530000,경기도교육청,7591000,경기도광명교육지원청,2016-08-12,2016-08-12,535,2026-03-20
Z000101919,배영초통학구역,0,41,150,7530000,경기도교육청,7561000,경기도의정부교육지원청,2016-08-12,2018-05-03,1780,2026-03-20
Z000102650,광주도평초통학구역,0,41,610,7530000,경기도교육청,7692000,경기도광주하남교육지원청,2016-08-12,2021-06-15,1305,2026-03-20
Z000103749,대천동대초통학구역,0,44,180,8140000,충청남도교육청,8171000,충청남도보령교육지원청,2016-08-12,2017-12-08,1231,2026-03-20
Z000101462,진남초통학구역,0,29,155,7380000,광주광역시교육청,7401000,광주광역시서부교육지원청,2016-08-12,2016-08-12,39,2026-03-20
Z000103368,천진초통학구역,0,51,820,7801000,강원특별자치도교육청,7972000,강원특별자치도고성교육지원청,2016-08-12,2018-03-26,4709,2026-03-20
Z000103345,용대초통학구역,0,51,810,7801000,강원특별자치도교육청,7962000,강원특별자치도인제교육지원청,2016-08-12,2016-08-12,2767,2026-03-20
Z000150967,와석초운정초파주와동초지산초호곡초공동통학구역,1,41,480,7530000,경기도교육청,7621000,경기도고양교육지원청,2020-04-06,2020-04-06,4795,2026-03-20
Z000100156,서울오류남초통학구역,0,11,530,7010000,서울특별시교육청,7041000,서울특별시남부교육지원청,2016-08-12,2019-04-04,1797,2026-03-20
Z000100534,서울송중초통학구역,0,11,305,7010000,서울특별시교육청,7121200,서울특별시성북강북교육지원청,2016-08-12,2016-08-12,1845,2026-03-20
Z000100166,서울계상초통학구역,0,11,350,7010000,서울특별시교육청,7051000,서울특별시북부교육지원청,2016-08-12,2016-08-12,3477,2026-03-20
Z000100948,대구매천초통학구역,0,27,230,7240000,대구광역시교육청,7261000,대구광역시서부교육지원청,2016-08-12,2016-08-12,472,2026-03-20
Z000151190,가야초아라초함안초외암초공동통학구역,1,48,730,9010000,경상남도교육청,9131000,경상남도함안교육지원청,2016-08-12,2022-01-18,99,2026-03-20
Z000103065,중앙초통학구역,0,51,130,7801000,강원특별자치도교육청,7822000,강원특별자치도원주교육지원청,2016-08-12,2021-09-08,5779,2026-03-20
Z000102916,만정초통학구역,0,41,550,7530000,경기도교육청,7761000,경기도안성교육지원청,2016-08-12,2021-08-10,2665,2026-03-20
Z000100804,동백초통학구역,0,26,350,7150000,부산광역시교육청,7211000,부산광역시해운대교육지원청,2016-08-12,2016-08-12,3770,2026-03-20
Z000104836,손불초통학구역,0,46,860,8490000,전라남도교육청,8671000,전라남도함평교육지원청,2016-08-12,2016-08-12,5082,2026-03-20
Z000100018,서울신답초통학구역,0,11,230,7010000,서울특별시교육청,7021000,서울특별시동부교육지원청,2016-08-12,2016-08-12,4456,2026-03-20
Z000100097,서울하늘초통학구역,0,11,440,7010000,서울특별시교육청,7031000,서울특별시서부교육지원청,2016-08-12,2016-08-12,3869,2026-03-20
Z000100546,서울유현초통학구역,0,11,305,7010000,서울특별시교육청,7121200,서울특별시성북강북교육지원청,2016-08-12,2016-08-12,719,2026-03-20
Z000100862,대구대청초통학구역,0,27,260,7240000,대구광역시교육청,7251000,대구광역시동부교육지원청,2016-08-12,2016-08-12,2552,2026-03-20
Z000104878,넙도초통학구역,0,46,890,8490000,전라남도교육청,8701000,전라남도완도교육지원청,2016-08-12,2016-08-12,3320,2026-03-20
Z000101872,성남신기초통학구역,0,41,135,7530000,경기도교육청,7551000,경기도성남교육지원청,2016-08-12,2017-02-14,6941,2026-03-20
Z000105274,성암초통학구역,0,47,290,8750000,경상북도교육청,8851000,경상북도경산교육지원청,2016-08-12,2019-07-09,6722,2026-03-20
Z000105339,창수초통학구역,0,47,770,8750000,경상북도교육청,8901000,경상북도영덕교육지원청,2016-08-12,2019-07-09,5560,2026-03-20
Z000104922,암태초통학구역,0,46,910,8490000,전라남도교육청,8721000,전라남도신안교육지원청,2016-08-12,2019-07-09,1077,2026-03-20
Z000104810,장천초통학구역,0,46,830,8490000,전라남도교육청,8651000,전라남도영암교육지원청,2016-08-12,2016-08-12,3893,2026-03-20
Z000100283,서울버들초통학구역,0,11,710,7010000,서울특별시교육청,7130000,서울특별시강동송파교육지원청,2016-08-12,2016-08-12,6903,2026-03-20
Z000100142,서울신영초통학구역,0,11,560,7010000,서울특별시교육청,7041000,서울특별시남부교육지원청,2016-08-12,2016-08-12,3878,2026-03-20
Z000102460,능북초통학구역,0,41,670,7530000,경기도교육청,7661000,경기도여주교육지원청,2016-08-12,2021-08-10,6750,2026-03-20
Z000102174,안산원곡초통학구역,0,41,273,7530000,경기도교육청,7611000,경기도안산교육지원청,2016-08-12,2021-08-10,5698,2026-03-20
Z000151146,안산원곡초관산초공동통학구역,1,41,273,7530000,경기도교육청,7611000,경기도안산교육지원청,2021-08-05,2021-08-10,5700,2026-03-20
Z000100205,서울월계초통학구역,0,11,350,7010000,서울특별시교육청,7051000,서울특별시북부교육지원청,2016-08-12,2016-08-12,3551,2026-03-20
Z000102663,망월초통학구역,0,41,450,7530000,경기도교육청,7692000,경기도광주하남교육지원청,2016-08-12,2017-02-27,871,2026-03-20
Z000100177,서울방학초통학구역,0,11,320,7010000,서울특별시교육청,7051000,서울특별시북부교육지원청,2016-08-12,2016-08-12,3626,2026-03-20
Z000100056,서울북성초통학구역,0,11,410,7010000,서울특별시교육청,7031000,서울특별시서부교육지원청,2016-08-12,2016-08-12,4300,2026-03-20
Z000104907,조도초통학구역,0,46,900,8490000,전라남도교육청,8711000,전라남도진도교육지원청,2016-08-12,2020-07-21,1075,2026-03-20
Z000104919,안좌초통학구역,0,46,910,8490000,전라남도교육청,8721000,전라남도신안교육지원청,2016-08-12,2020-07-21,1985,2026-03-20
Z000101542,세천초통학구역,0,30,110,7430000,대전광역시교육청,7441000,대전광역시동부교육지원청,2016-08-12,2020-07-27,4500,2026-03-20
Z000100995,대구대명초통학구역,0,27,200,7240000,대구광역시교육청,7271000,대구광역시남부교육지원청,2016-08-12,2016-08-12,604,2026-03-20
Z000104906,조도초대마분교장통학구역,0,46,900,8490000,전라남도교육청,8711000,전라남도진도교육지원청,2016-08-12,2016-08-12,2869,2026-03-20
Z000100813,반안초통학구역,0,26,350,7150000,부산광역시교육청,7211000,부산광역시해운대교육지원청,2016-08-12,2018-04-04,6404,2026-03-20
Z000103856,부리초통학구역,0,44,710,8140000,충청남도교육청,8201000,충청남도금산교육지원청,2016-08-12,2016-10-17,4983,2026-03-20
Z000100930,대구관남초통학구역,0,27,230,7240000,대구광역시교육청,7261000,대구광역시서부교육지원청,2016-08-12,2016-08-12,2280,2026-03-20
Z000104936,지도초통학구역,0,46,910,8490000,전라남도교육청,8721000,전라남도신안교육지원청,2016-08-12,2018-10-18,2873,2026-03-20
Z000100849,해강초통학구역,0,26,350,7150000,부산광역시교육청,7211000,부산광역시해운대교육지원청,2016-08-12,2018-10-02,2880,2026-03-20
Z000151177,고전초진정초공동통학구역,1,48,850,9010000,경상남도교육청,9181000,경상남도하동교육지원청,2021-12-03,2022-01-18,3463,2026-03-20
Z000103412,상봉초통학구역,0,43,113,8000000,충청북도교육청,8011000,충청북도청주교육지원청,2016-08-12,2016-08-12,4900,2026-03-20
Z000100503,서울숭신초통학구역,0,11,200,7010000,서울특별시교육청,7134000,서울특별시성동광진교육지원청,2016-08-12,2016-08-12,5497,2026-03-20
Z000100224,서울광희초통학구역,0,11,140,7010000,서울특별시교육청,7061000,서울특별시중부교육지원청,2016-08-12,2018-02-23,3710,2026-03-20
Z000102319,죽백초통학구역,0,41,220,7530000,경기도교육청,7631000,경기도평택교육지원청,2016-08-12,2021-08-10,5462,2026-03-20
Z000102339,현일초통학구역,0,41,220,7530000,경기도교육청,7631000,경기도평택교육지원청,2016-08-12,2021-08-10,6132,2026-03-20
Z000151136,안중초평택안일초공동통학구역,1,41,220,7530000,경기도교육청,7631000,경기도평택교육지원청,2021-07-27,2021-08-10,2059,2026-03-20
Z000104152,군산풍문초통학구역,0,52,130,8321000,전북특별자치도교육청,8342000,전북특별자치도군산교육지원청,2016-08-12,2024-02-23,1098,2026-03-20
Z000103101,운양초통학구역,0,51,150,7801000,강원특별자치도교육청,7832000,강원특별자치도강릉교육지원청,2016-08-12,2016-08-12,2733,2026-03-20
Z000103045,문막초통학구역,0,51,130,7801000,강원특별자치도교육청,7822000,강원특별자치도원주교육지원청,2016-08-12,2016-08-12,7022,2026-03-20
Z000103934,서도초통학구역,0,44,770,8140000,충청남도교육청,8241000,충청남도서천교육지원청,2016-08-12,2016-08-12,5008,2026-03-20
Z000150159,고양화정초백양초공동통학구역,1,41,281,7530000,경기도교육청,7621000,경기도고양교육지원청,2016-08-12,2016-08-12,2620,2026-03-20
Z000100013,서울묵현초통학구역,0,11,260,7010000,서울특별시교육청,7021000,서울특별시동부교육지원청,2016-08-12,2021-12-07,4590,2026-03-20
Z000150004,서울묵현초서울원묵초공동통학구역,1,11,260,7010000,서울특별시교육청,7021000,서울특별시동부교육지원청,2016-08-12,2021-12-07,4396,2026-03-20
Z000100020,서울신현초통학구역,0,11,260,7010000,서울특별시교육청,7021000,서울특별시동부교육지원청,2016-08-12,2021-12-07,6000,2026-03-20
Z000100697,미남초통학구역,0,26,260,7150000,부산광역시교육청,7191000,부산광역시동래교육지원청,2016-08-12,2016-08-12,1005,2026-03-20
Z000101479,대전가오초통학구역,0,30,110,7430000,대전광역시교육청,7441000,대전광역시동부교육지원청,2016-08-12,2020-07-27,1278,2026-03-20
Z000100468,서울신상도초통학구역,0,11,590,7010000,서울특별시교육청,7132000,서울특별시동작관악교육지원청,2016-08-12,2021-11-30,3832,2026-03-20
Z000101863,서당초통학구역,0,41,135,7530000,경기도교육청,7551000,경기도성남교육지원청,2016-08-12,2021-11-30,3665,2026-03-20
Z000103181,장호초통학구역,0,51,230,7801000,강원특별자치도교육청,7872000,강원특별자치도삼척교육지원청,2016-08-12,2021-11-02,3151,2026-03-20
Z000101412,만호초통학구역,0,29,140,7380000,광주광역시교육청,7401000,광주광역시서부교육지원청,2016-08-12,2021-11-23,5351,2026-03-20
Z000150932,산동초구미신당초구미원당초공동통학구역,1,47,190,8750000,경상북도교육청,8801000,경상북도구미교육지원청,2020-02-25,2022-01-18,3654,2026-03-20
Z000151134,용신초진건초공동통학구역,1,41,360,7530000,경기도교육청,7652000,경기도구리남양주교육지원청,2021-07-20,2021-07-26,7108,2026-03-20
Z000105677,대진초통학구역,0,48,250,9010000,경상남도교육청,9091000,경상남도김해교육지원청,2016-08-12,2020-05-26,53,2026-03-20
Z000150864,삼호서초제한적공동통학구역,1,46,830,8490000,전라남도교육청,8651000,전라남도영암교육지원청,2020-02-06,2025-05-13,520,2026-03-20
Z000103238,청일초통학구역,0,51,730,7801000,강원특별자치도교육청,7892000,강원특별자치도횡성교육지원청,2016-08-12,2019-06-10,6172,2026-03-20
Z000102487,고정초통학구역,0,41,590,7530000,경기도교육청,7679000,경기도화성오산교육지원청,2016-08-12,2021-06-15,5686,2026-03-20
Z000102503,마산초통학구역,0,41,590,7530000,경기도교육청,7679000,경기도화성오산교육지원청,2016-08-12,2021-06-15,386,2026-03-20
Z000102451,한별초통학구역,0,41,360,7530000,경기도교육청,7652000,경기도구리남양주교육지원청,2016-08-12,2021-07-26,1859,2026-03-20
Z000100032,서울중화초통학구역,0,11,260,7010000,서울특별시교육청,7021000,서울특별시동부교육지원청,2016-08-12,2021-12-07,2478,2026-03-20
Z000102987,시흥은행초통학구역,0,41,390,7530000,경기도교육청,7781000,경기도시흥교육지원청,2016-08-12,2021-12-07,4891,2026-03-20
Z000100216,서울창림초통학구역,0,11,320,7010000,서울특별시교육청,7051000,서울특별시북부교육지원청,2016-08-12,2016-08-12,1848,2026-03-20
Z000100196,서울신화초통학구역,0,11,350,7010000,서울특별시교육청,7051000,서울특별시북부교육지원청,2016-08-12,2016-08-12,1423,2026-03-20
Z000150291,가평초상색초공동통학구역,1,41,820,7530000,경기도교육청,7721000,경기도가평교육지원청,2016-08-12,2021-09-08,908,2026-03-20
Z000102958,마송중앙초통학구역,0,41,570,7530000,경기도교육청,7771000,경기도김포교육지원청,2016-08-12,2021-02-23,2137,2026-03-20
Z000101854,보평초통학구역,0,41,135,7530000,경기도교육청,7551000,경기도성남교육지원청,2016-08-12,2016-08-12,2507,2026-03-20
Z000100223,서울한천초통학구역,0,11,350,7010000,서울특별시교육청,7051000,서울특별시북부교육지원청,2016-08-12,2016-08-12,3443,2026-03-20
Z000100268,서울고명초통학구역,0,11,740,7010000,서울특별시교육청,7130000,서울특별시강동송파교육지원청,2016-08-12,2016-08-12,1893,2026-03-20
Z000104893,청해초통학구역,0,46,890,8490000,전라남도교육청,8701000,전라남도완도교육지원청,2016-08-12,2016-08-12,3773,2026-03-20
Z000100046,서울금화초통학구역,0,11,410,7010000,서울특별시교육청,7031000,서울특별시서부교육지원청,2016-08-12,2016-08-12,1622,2026-03-20
Z000100059,서울상신초통학구역,0,11,380,7010000,서울특별시교육청,7031000,서울특별시서부교육지원청,2016-08-12,2016-08-12,4515,2026-03-20
Z000102390,금교초통학구역,0,41,360,7530000,경기도교육청,7652000,경기도구리남양주교육지원청,2016-08-12,2021-08-26,4253,2026-03-20
Z000102446,퇴계원초통학구역,0,41,360,7530000,경기도교육청,7652000,경기도구리남양주교육지원청,2016-08-12,2021-07-26,2791,2026-03-20
Z000102412,도제원초통학구역,0,41,360,7530000,경기도교육청,7652000,경기도구리남양주교육지원청,2016-08-12,2021-07-26,6296,2026-03-20
Z000150749,수원가온초상촌초공동통학구역,1,41,113,7530000,경기도교육청,7541000,경기도수원교육지원청,2019-04-10,2019-04-10,5596,2026-03-20
Z000101367,삼각초통학구역,0,29,170,7380000,광주광역시교육청,7391000,광주광역시동부교육지원청,2016-08-12,2016-08-12,3588,2026-03-20
Z000100243,서울이태원초통학구역,0,11,170,7010000,서울특별시교육청,7061000,서울특별시중부교육지원청,2016-08-12,2017-02-06,2380,2026-03-20
Z000100586,서천초통학구역,0,26,380,7150000,부산광역시교육청,7171000,부산광역시서부교육지원청,2016-08-12,2019-12-09,5215,2026-03-20
Z000100646,수성초통학구역,0,26,170,7150000,부산광역시교육청,7181000,부산광역시남부교육지원청,2016-08-12,2019-09-03,1911,2026-03-20
Z000150959,부춘초오산초공동(일방)통학구역,1,44,210,8140000,충청남도교육청,8191000,충청남도서산교육지원청,2020-03-24,2021-10-26,2437,2026-03-20
Z000103207,속초초통학구역,0,51,720,7801000,강원특별자치도교육청,7882000,강원특별자치도홍천교육지원청,2016-08-12,2022-01-18,3135,2026-03-20
Z000151049,대양초활초초공동통학구역,1,41,590,7530000,경기도교육청,7679000,경기도화성오산교육지원청,2020-12-22,2022-01-18,4496,2026-03-20
Z000106334,신남초통학구역,0,41,590,7530000,경기도교육청,7679000,경기도화성오산교육지원청,2021-11-09,2022-01-18,7061,2026-03-20
Z000151166,일월초수비초공동통학구역,1,47,760,8750000,경상북도교육청,8891000,경상북도영양교육지원청,2021-11-29,2021-12-07,4920,2026-03-20
Z000101811,입북초통학구역,0,41,113,7530000,경기도교육청,7541000,경기도수원교육지원청,2016-08-12,2016-08-12,4958,2026-03-20
Z000101898,중부초통학구역,0,41,133,7530000,경기도교육청,7551000,경기도성남교육지원청,2016-08-12,2016-08-12,2658,2026-03-20
Z000102656,덕풍초통학구역,0,41,450,7530000,경기도교육청,7692000,경기도광주하남교육지원청,2016-08-12,2016-12-05,7050,2026-03-20
Z000100139,서울신대림초통학구역,0,11,560,7010000,서울특별시교육청,7041000,서울특별시남부교육지원청,2016-08-12,2016-08-12,5370,2026-03-20
Z000104820,운남초통학구역,0,46,840,8490000,전라남도교육청,8661000,전라남도무안교육지원청,2016-08-12,2016-08-12,2326,2026-03-20
Z000150782,고창초청수초운양초공동통학구역,1,41,570,7530000,경기도교육청,7771000,경기도김포교육지원청,2019-12-03,2019-12-04,5977,2026-03-20
Z000150345,고창초푸른솔초공동통학구역,1,41,570,7530000,경기도교육청,7771000,경기도김포교육지원청,2016-08-12,2019-12-04,5971,2026-03-20
Z000101503,대전보성초통학구역,0,30,140,7430000,대전광역시교육청,7441000,대전광역시동부교육지원청,2016-08-12,2019-11-11,2982,2026-03-20
Z000103331,임당초통학구역,0,51,800,7801000,강원특별자치도교육청,7952000,강원특별자치도양구교육지원청,2016-08-12,2016-08-12,5768,2026-03-20
Z000102053,광명광성초통학구역,0,41,210,7530000,경기도교육청,7591000,경기도광명교육지원청,2016-08-12,2016-08-12,1413,2026-03-20
Z000150771,면온초봉평초공동통학구역,1,51,760,7801000,강원특별자치도교육청,7912000,강원특별자치도평창교육지원청,2019-11-18,2019-11-18,3359,2026-03-20
Z000150193,일산초현산초공동통학구역,1,41,287,7530000,경기도교육청,7621000,경기도고양교육지원청,2016-08-12,2021-07-20,5685,2026-03-20
Z000150191,일산초중산초현산초공동통학구역,1,41,287,7530000,경기도교육청,7621000,경기도고양교육지원청,2016-08-12,2021-07-20,3923,2026-03-20
Z000102282,호곡초통학구역,0,41,287,7530000,경기도교육청,7621000,경기도고양교육지원청,2016-08-12,2021-07-20,6567,2026-03-20
Z000102206,가좌초통학구역,0,41,287,7530000,경기도교육청,7621000,경기도고양교육지원청,2016-08-12,2021-07-20,2898,2026-03-20
Z000150757,영광초묘량중앙초공동통학구역,1,46,870,8490000,전라남도교육청,8681000,전라남도영광교육지원청,2016-08-12,2019-07-03,2131,2026-03-20
Z000103531,판동초송죽분교장통학구역,0,43,720,8000000,충청북도교육청,8051000,충청북도보은교육지원청,2016-08-12,2022-01-18,3729,2026-03-20
Z000106006,외도초통학구역,0,50,110,9290000,제주특별자치도교육청,9296000,제주특별자치도제주시교육지원청,2016-08-12,2022-01-18,2431,2026-03-20
Z000102940,현매초통학구역,0,41,550,7530000,경기도교육청,7761000,경기도안성교육지원청,2016-08-12,2021-08-10,5932,2026-03-20
Z000103072,황둔초통학구역,0,51,130,7801000,강원특별자치도교육청,7822000,강원특별자치도원주교육지원청,2016-08-12,2016-08-12,7089,2026-03-20
Z000103227,서원초통학구역,0,51,730,7801000,강원특별자치도교육청,7892000,강원특별자치도횡성교육지원청,2016-08-12,2016-08-12,2586,2026-03-20
Z000101790,숙지초통학구역,0,41,115,7530000,경기도교육청,7541000,경기도수원교육지원청,2016-08-12,2016-08-12,4162,2026-03-20
Z000101890,오리초통학구역,0,41,135,7530000,경기도교육청,7551000,경기도성남교육지원청,2016-08-12,2016-08-12,1600,2026-03-20
Z000102197,초당초통학구역,0,41,271,7530000,경기도교육청,7611000,경기도안산교육지원청,2016-08-12,2018-01-30,5353,2026-03-20
Z000105910,삼장초통학구역,0,48,860,9010000,경상남도교육청,9191000,경상남도산청교육지원청,2016-08-12,2020-07-29,1695,2026-03-20
Z000100743,대천리초통학구역,0,26,320,7150000,부산광역시교육청,7201000,부산광역시북부교육지원청,2016-08-12,2016-08-12,3178,2026-03-20
Z000100086,서울은명초통학구역,0,11,380,7010000,서울특별시교육청,7031000,서울특별시서부교육지원청,2016-08-12,2017-06-23,6790,2026-03-20
Z000100201,서울온곡초통학구역,0,11,350,7010000,서울특별시교육청,7051000,서울특별시북부교육지원청,2016-08-12,2016-08-12,6088,2026-03-20
Z000100607,하남초통학구역,0,26,380,7150000,부산광역시교육청,7171000,부산광역시서부교육지원청,2016-08-12,2016-08-12,4931,2026-03-20
Z000100736,남명초통학구역,0,26,440,7150000,부산광역시교육청,7201000,부산광역시북부교육지원청,2016-08-12,2016-08-12,477,2026-03-20
Z000104853,염산초통학구역,0,46,870,8490000,전라남도교육청,8681000,전라남도영광교육지원청,2016-08-12,2016-08-12,616,2026-03-20
Z000151171,담양동초제한적공동통학구역,1,46,710,8490000,전라남도교육청,8561000,전라남도담양교육지원청,2016-08-12,2022-01-18,6055,2026-03-20
Z000104670,월산초통학구역,0,46,710,8490000,전라남도교육청,8561000,전라남도담양교육지원청,2016-08-12,2022-01-18,4152,2026-03-20
Z000102931,안성초통학구역,0,41,550,7530000,경기도교육청,7761000,경기도안성교육지원청,2016-08-12,2021-08-10,3995,2026-03-20
Z000102012,부천삼정초통학구역,0,41,196,7530000,경기도교육청,7581000,경기도부천교육지원청,2016-08-12,2024-03-29,3047,2026-03-20
Z000102103,양주백석초통학구역,0,41,630,7530000,경기도교육청,7602000,경기도동두천양주교육지원청,2016-08-12,2016-08-12,2825,2026-03-20
Z000105317,부남초통학구역,0,47,750,8750000,경상북도교육청,8881000,경상북도청송교육지원청,2016-08-12,2016-08-12,3144,2026-03-20
Z000100091,서울인왕초통학구역,0,11,410,7010000,서울특별시교육청,7031000,서울특별시서부교육지원청,2016-08-12,2016-08-12,6962,2026-03-20
Z000104986,죽장초통학구역,0,47,113,8750000,경상북도교육청,8761000,경상북도포항교육지원청,2016-08-12,2016-08-12,3767,2026-03-20
Z000105211,낙서초통학구역,0,47,250,8750000,경상북도교육청,8831000,경상북도상주교육지원청,2016-08-12,2016-08-12,4868,2026-03-20
Z000105359,성산초통학구역,0,47,830,8750000,경상북도교육청,8921000,경상북도고령교육지원청,2016-08-12,2016-08-12,2766,2026-03-20
Z000100357,서울신원초통학구역,0,11,470,7010000,서울특별시교육청,7081300,서울특별시강서양천교육지원청,2016-08-12,2018-12-21,2625,2026-03-20
Z000100001,서울군자초통학구역,0,11,230,7010000,서울특별시교육청,7021000,서울특별시동부교육지원청,2016-08-12,2021-12-07,4349,2026-03-20
Z000101897,이매초통학구역,0,41,135,7530000,경기도교육청,7551000,경기도성남교육지원청,2016-08-12,2016-08-12,4548,2026-03-20
Z000100188,서울수락초통학구역,0,11,350,7010000,서울특별시교육청,7051000,서울특별시북부교육지원청,2016-08-12,2016-08-12,3687,2026-03-20
Z000100936,대구내서초통학구역,0,27,170,7240000,대구광역시교육청,7261000,대구광역시서부교육지원청,2016-08-12,2016-08-12,4194,2026-03-20
Z000100039,서울전동초통학구역,0,11,230,7010000,서울특별시교육청,7021000,서울특별시동부교육지원청,2016-08-12,2016-08-12,6570,2026-03-20
Z000100601,중현초통학구역,0,26,380,7150000,부산광역시교육청,7171000,부산광역시서부교육지원청,2016-08-12,2016-08-12,6716,2026-03-20
Z000104374,주천초통학구역,0,52,720,8321000,전북특별자치도교육청,8402000,전북특별자치도진안교육지원청,2016-08-12,2024-02-23,3098,2026-03-20
Z000101019,대구영선초통학구역,0,27,200,7240000,대구광역시교육청,7271000,대구광역시남부교육지원청,2016-08-12,2016-08-12,6855,2026-03-20
Z000100202,서울용동초통학구역,0,11,350,7010000,서울특별시교육청,7051000,서울특별시북부교육지원청,2016-08-12,2016-10-19,6115,2026-03-20
Z000150472,별량초상사초공동통학구역,1,46,150,8490000,전라남도교육청,8521000,전라남도순천교육지원청,2016-08-12,2016-08-12,4871,2026-03-20
Z000101073,대구화동초통학구역,0,27,710,7240000,대구광역시교육청,7281000,대구광역시달성교육지원청,2016-08-12,2022-01-18,2405,2026-03-20
Z000101435,송정초통학구역,0,29,200,7380000,광주광역시교육청,7401000,광주광역시서부교육지원청,2016-08-12,2021-08-10,5699,2026-03-20
Z000102836,보정초통학구역,0,41,463,7530000,경기도교육청,7751000,경기도용인교육지원청,2016-08-12,2021-08-10,6025,2026-03-20
Z000103989,시량초통학구역,0,44,810,8140000,충청남도교육청,8271000,충청남도예산교육지원청,2016-08-12,2016-08-12,4149,2026-03-20
Z000101371,양지초통학구역,0,29,170,7380000,광주광역시교육청,7391000,광주광역시동부교육지원청,2016-08-12,2016-10-31,2108,2026-03-20
Z000102717,외북초통학구역,0,41,650,7530000,경기도교육청,7711000,경기도포천교육지원청,2016-08-12,2016-08-12,2147,2026-03-20
Z000150217,동양초팔탄초대방분교공동통학구역,1,41,590,7530000,경기도교육청,7679000,경기도화성오산교육지원청,2016-08-12,2016-08-12,6760,2026-03-20
Z000103329,용하초통학구역,0,51,800,7801000,강원특별자치도교육청,7952000,강원특별자치도양구교육지원청,2016-08-12,2016-08-12,3134,2026-03-20
Z000103156,조산초통학구역,0,51,830,7801000,강원특별자치도교육청,7863000,강원특별자치도속초양양교육지원청,2016-08-12,2016-08-12,4206,2026-03-20
Z000102491,기산초통학구역,0,41,590,7530000,경기도교육청,7679000,경기도화성오산교육지원청,2016-08-12,2021-07-06,7131,2026-03-20
Z000103684,천안서당초통학구역,0,44,133,8140000,충청남도교육청,8151000,충청남도천안교육지원청,2016-08-12,2020-07-29,3373,2026-03-20
Z000106269,해밀초통학구역,0,36,110,9300000,세종특별자치시교육청,9300000,세종특별자치시교육청,2020-01-06,2020-01-06,5941,2026-03-20
Z000101186,인천동춘초통학구역,0,28,185,7310000,인천광역시교육청,7341000,인천광역시동부교육지원청,2016-08-12,2020-08-25,3324,2026-03-20
Z000106293,인천새봄초통학구역,0,28,185,7310000,인천광역시교육청,7341000,인천광역시동부교육지원청,2020-08-25,2020-08-25,5913,2026-03-20
Z000100045,서울구현초통학구역,0,11,380,7010000,서울특별시교육청,7031000,서울특별시서부교육지원청,2016-08-12,2016-08-12,1718,2026-03-20
Z000104365,마령초통학구역,0,52,720,8321000,전북특별자치도교육청,8402000,전북특별자치도진안교육지원청,2016-08-12,2024-02-23,3413,2026-03-20
Z000100688,달북초통학구역,0,26,260,7150000,부산광역시교육청,7191000,부산광역시동래교육지원청,2016-08-12,2016-08-12,4596,2026-03-20
Z000100314,서울천호초통학구역,0,11,740,7010000,서울특별시교육청,7130000,서울특별시강동송파교육지원청,2016-08-12,2016-08-12,4574,2026-03-20
Z000102877,용인초통학구역,0,41,461,7530000,경기도교육청,7751000,경기도용인교육지원청,2016-08-12,2021-08-03,3902,2026-03-20
Z000102897,풍덕초통학구역,0,41,465,7530000,경기도교육청,7751000,경기도용인교육지원청,2016-08-12,2021-08-03,6602,2026-03-20
Z000103885,상월초통학구역,0,44,230,8140000,충청남도교육청,8222000,충청남도논산계룡교육지원청,2016-08-12,2022-01-18,6555,2026-03-20
Z000102885,정평초통학구역,0,41,465,7530000,경기도교육청,7751000,경기도용인교육지원청,2016-08-12,2021-08-03,3342,2026-03-20
Z000102807,고기초통학구역,0,41,465,7530000,경기도교육청,7751000,경기도용인교육지원청,2016-08-12,2021-08-03,1902,2026-03-20
Z000151138,성당초고대초고산초석문초삼봉초초락초조금초정미초천의초면천초순성초우강초송산초공동(일방)통학구역,1,44,270,8140000,충청남도교육청,8291000,충청남도당진교육지원청,2021-08-03,2021-08-10,3037,2026-03-20
Z000103162,한남초통학구역,0,51,830,7801000,강원특별자치도교육청,7863000,강원특별자치도속초양양교육지원청,2016-08-12,2016-08-12,5950,2026-03-20
Z000150717,춘천광판초화계초공동통학구역,1,51,720,7801000,강원특별자치도교육청,7812000,강원특별자치도춘천교육지원청,2018-12-07,2018-12-07,2839,2026-03-20
Z000150183,서정초아람초공동통학구역,1,41,281,7530000,경기도교육청,7621000,경기도고양교육지원청,2016-08-12,2016-08-12,11,2026-03-20
Z000102255,양일초통학구역,0,41,285,7530000,경기도교육청,7621000,경기도고양교육지원청,2016-08-12,2021-07-20,6147,2026-03-20
Z000101776,송림초통학구역,0,41,111,7530000,경기도교육청,7541000,경기도수원교육지원청,2016-08-12,2016-08-12,6813,2026-03-20
Z000100422,서울언북초통학구역,0,11,680,7010000,서울특별시교육청,7091300,서울특별시강남서초교육지원청,2016-08-12,2018-01-07,5321,2026-03-20
Z000150160,낙민초정발초공동통학구역,1,41,285,7530000,경기도교육청,7621000,경기도고양교육지원청,2016-08-12,2016-08-12,4813,2026-03-20
Z000101461,주월초통학구역,0,29,140,7380000,광주광역시교육청,7401000,광주광역시서부교육지원청,2016-08-12,2016-08-12,2114,2026-03-20
Z000102186,운흥초통학구역,0,41,390,7530000,경기도교육청,7781000,경기도시흥교육지원청,2016-08-12,2018-01-29,1804,2026-03-20
Z000150201,군포대야초둔대초공동통학구역,1,41,410,7530000,경기도교육청,7642000,경기도군포의왕교육지원청,2016-08-12,2019-11-18,5013,2026-03-20
Z000103429,청주소로초통학구역,0,43,113,8000000,충청북도교육청,8011000,충청북도청주교육지원청,2019-02-27,2019-02-27,6070,2026-03-20
Z000102875,용인심곡초통학구역,0,41,465,7530000,경기도교육청,7751000,경기도용인교육지원청,2016-08-12,2021-08-03,6306,2026-03-20
Z000100465,서울신남성초통학구역,0,11,590,7010000,서울특별시교육청,7132000,서울특별시동작관악교육지원청,2016-08-12,2016-08-12,4963,2026-03-20
Z000100474,서울원신초통학구역,0,11,620,7010000,서울특별시교육청,7132000,서울특별시동작관악교육지원청,2016-08-12,2016-08-12,1431,2026-03-20
Z000100112,서울금동초통학구역,0,11,545,7010000,서울특별시교육청,7041000,서울특별시남부교육지원청,2016-08-12,2016-08-12,2602,2026-03-20
Z000100560,괴정초통학구역,0,26,380,7150000,부산광역시교육청,7171000,부산광역시서부교육지원청,2016-08-12,2016-08-12,2561,2026-03-20
Z000100652,연지초통학구역,0,26,230,7150000,부산광역시교육청,7181000,부산광역시남부교육지원청,2016-08-12,2022-01-11,4594,2026-03-20
Z000100634,부암초통학구역,0,26,230,7150000,부산광역시교육청,7181000,부산광역시남부교육지원청,2016-08-12,2022-01-11,6315,2026-03-20
Z000150284,은대초전곡초공동통학구역,1,41,800,7530000,경기도교육청,7701000,경기도연천교육지원청,2016-08-12,2016-08-12,2595,2026-03-20
Z000101754,다솔초통학구역,0,41,111,7530000,경기도교육청,7541000,경기도수원교육지원청,2016-08-12,2019-12-09,5919,2026-03-20
Z000102219,금계초통학구역,0,41,285,7530000,경기도교육청,7621000,경기도고양교육지원청,2016-08-12,2021-07-20,2189,2026-03-20
Z000150155,고양백석초금계초공동통학구역,1,41,285,7530000,경기도교육청,7621000,경기도고양교육지원청,2016-08-12,2021-07-20,3056,2026-03-20
Z000102744,상면초통학구역,0,41,820,7530000,경기도교육청,7721000,경기도가평교육지원청,2016-08-12,2021-07-26,1629,2026-03-20
Z000102263,일산초통학구역,0,41,287,7530000,경기도교육청,7621000,경기도고양교육지원청,2016-08-12,2021-07-20,5683,2026-03-20
Z000150190,일산은행초풍산초공동통학구역,1,41,285,7530000,경기도교육청,7621000,경기도고양교육지원청,2016-08-12,2021-07-20,425,2026-03-20
Z000102148,석호초통학구역,0,41,271,7530000,경기도교육청,7611000,경기도안산교육지원청,2016-08-12,2021-07-06,3569,2026-03-20
Z000102188,원일초통학구역,0,41,273,7530000,경기도교육청,7611000,경기도안산교육지원청,2016-08-12,2021-07-06,4894,2026-03-20
Z000100254,서울효제초통학구역,0,11,110,7010000,서울특별시교육청,7061000,서울특별시중부교육지원청,2016-08-12,2017-02-20,714,2026-03-20
Z000102361,덕장초통학구역,0,41,430,7530000,경기도교육청,7642000,경기도군포의왕교육지원청,2016-08-12,2019-11-18,5402,2026-03-20
Z000101774,세곡초통학구역,0,41,113,7530000,경기도교육청,7541000,경기도수원교육지원청,2016-08-12,2018-03-08,6343,2026-03-20
Z000104101,전주우전초통학구역,0,52,111,8321000,전북특별자치도교육청,8332000,전북특별자치도전주교육지원청,2016-08-12,2024-02-23,6031,2026-03-20
Z000102758,서종초통학구역,0,41,830,7530000,경기도교육청,7731000,경기도양평교육지원청,2016-08-12,2022-12-27,2090,2026-03-20
Z000106291,한아람초통학구역,0,41,610,7530000,경기도교육청,7692000,경기도광주하남교육지원청,2018-10-10,2023-03-14,3906,2026-03-20
Z000105978,노형초통학구역,0,50,110,9290000,제주특별자치도교육청,9296000,제주특별자치도제주시교육지원청,2016-08-12,2023-12-27,1522,2026-03-20
Z000104059,전주기린초통학구역,0,52,113,8321000,전북특별자치도교육청,8332000,전북특별자치도전주교육지원청,2016-08-12,2024-02-23,2146,2026-03-20
Z000105471,대야초통학구역,0,48,129,9010000,경상남도교육청,9022000,경상남도창원교육지원청,2016-08-12,2024-01-04,6990,2026-03-20
Z000100433,서울이수초통학구역,0,11,650,7010000,서울특별시교육청,7091300,서울특별시강남서초교육지원청,2016-08-12,2023-06-13,5925,2026-03-20
Z000100403,서울방배초통학구역,0,11,650,7010000,서울특별시교육청,7091300,서울특별시강남서초교육지원청,2016-08-12,2023-06-13,5042,2026-03-20
Z000151008,엄사초제한적공동(일방)통학구역,1,44,250,8140000,충청남도교육청,8222000,충청남도논산계룡교육지원청,2020-11-23,2020-11-23,4171,2026-03-20
Z000103083,남강초통학구역,0,51,150,7801000,강원특별자치도교육청,7832000,강원특별자치도강릉교육지원청,2016-08-12,2021-01-06,5585,2026-03-20
Z000101915,동암초통학구역,0,41,150,7530000,경기도교육청,7561000,경기도의정부교육지원청,2016-08-12,2021-02-23,1787,2026-03-20
Z000151103,동암초의정부장암초공동통학구역,1,41,150,7530000,경기도교육청,7561000,경기도의정부교육지원청,2021-02-01,2021-02-23,4471,2026-03-20
Z000102381,가곡초통학구역,0,41,360,7530000,경기도교육청,7652000,경기도구리남양주교육지원청,2016-08-12,2020-12-02,4005,2026-03-20
Z000102723,일동초통학구역,0,41,650,7530000,경기도교육청,7711000,경기도포천교육지원청,2016-08-12,2020-12-02,4743,2026-03-20
Z000102734,화현초통학구역,0,41,650,7530000,경기도교육청,7711000,경기도포천교육지원청,2016-08-12,2020-12-02,444,2026-03-20
Z000102551,운천초통학구역,0,41,590,7530000,경기도교육청,7679000,경기도화성오산교육지원청,2016-08-12,2020-12-02,6906,2026-03-20
Z000102490,금암초통학구역,0,41,370,7530000,경기도교육청,7679000,경기도화성오산교육지원청,2016-08-12,2020-12-02,5314,2026-03-20
Z000106302,샘마루초통학구역,0,51,130,7801000,강원특별자치도교육청,7822000,강원특별자치도원주교육지원청,2016-08-12,2020-12-14,4380,2026-03-20
Z000106245,원주섬강초통학구역,0,51,130,7801000,강원특별자치도교육청,7822000,강원특별자치도원주교육지원청,2019-08-19,2020-12-14,2583,2026-03-20
Z000103066,지정초통학구역,0,51,130,7801000,강원특별자치도교육청,7822000,강원특별자치도원주교육지원청,2020-12-14,2020-12-14,792,2026-03-20
Z000150471,목포부주초목포옥암초공동통학구역,1,46,840,8490000,전라남도교육청,8501000,전라남도목포교육지원청,2016-08-12,2020-12-21,619,2026-03-20
Z000151421,대전천동초세천초공동(일방)통학구역,1,30,110,7430000,대전광역시교육청,7441000,대전광역시동부교육지원청,2024-02-07,2024-02-27,1272,2026-03-20
Z000105769,남산초궁류분교장통학구역,0,48,720,9010000,경상남도교육청,9121000,경상남도의령교육지원청,2016-08-12,2023-09-19,669,2026-03-20
Z000150581,남산초궁류분교장유곡초공동통학구역,1,48,720,9010000,경상남도교육청,9121000,경상남도의령교육지원청,2016-08-12,2023-09-19,668,2026-03-20
Z000106400,삽량초통학구역,0,48,330,9010000,경상남도교육청,9151000,경상남도양산교육지원청,2024-02-02,2024-02-27,4077,2026-03-20
Z000105839,영천초통학구역,0,48,330,9010000,경상남도교육청,9151000,경상남도양산교육지원청,2016-08-12,2024-02-27,4663,2026-03-20
Z000151418,산내초산흥초공동(일방)통학구역,1,30,110,7430000,대전광역시교육청,7441000,대전광역시동부교육지원청,2024-02-07,2024-02-27,305,2026-03-20
Z000151419,대전중리초장동초공동(일방)통학구역,1,30,230,7430000,대전광역시교육청,7441000,대전광역시동부교육지원청,2024-02-07,2024-02-27,6069,2026-03-20
Z000151339,의령초제한적공동통학구역,1,48,720,9010000,경상남도교육청,9121000,경상남도의령교육지원청,2023-09-19,2023-09-19,5121,2026-03-20
Z000150840,산대초괘릉초사방초양동초모아초영지초신라초서라벌초모량초천포초연안초옥산초석계초안강초아화초의곡초화랑초공동(일방)통학구역,1,47,130,8750000,경상북도교육청,8771000,경상북도경주교육지원청,2020-02-03,2024-02-27,5788,2026-03-20
Z000103806,온양천도초통학구역,0,44,200,8140000,충청남도교육청,8181000,충청남도아산교육지원청,2016-08-12,2023-12-11,2383,2026-03-20
Z000103804,온양온천초통학구역,0,44,200,8140000,충청남도교육청,8181000,충청남도아산교육지원청,2016-08-12,2023-12-11,3401,2026-03-20
Z000103801,온양권곡초통학구역,0,44,200,8140000,충청남도교육청,8181000,충청남도아산교육지원청,2016-08-12,2023-12-11,4311,2026-03-20
Z000106159,배곧해솔초통학구역,0,41,390,7530000,경기도교육청,7781000,경기도시흥교육지원청,2018-01-29,2023-12-11,3950,2026-03-20
Z000106157,배곧라온초통학구역,0,41,390,7530000,경기도교육청,7781000,경기도시흥교육지원청,2018-01-29,2023-12-11,227,2026-03-20
Z000106390,배곧라라초통학구역,0,41,390,7530000,경기도교육청,7781000,경기도시흥교육지원청,2018-01-29,2023-12-11,6425,2026-03-20
Z000100513,서울응봉초통학구역,0,11,200,7010000,서울특별시교육청,7134000,서울특별시성동광진교육지원청,2016-08-12,2016-08-12,1849,2026-03-20
Z000100230,서울독립문초통학구역,0,11,110,7010000,서울특별시교육청,7061000,서울특별시중부교육지원청,2016-08-12,2017-02-06,5166,2026-03-20
Z000100234,서울봉래초통학구역,0,11,140,7010000,서울특별시교육청,7061000,서울특별시중부교육지원청,2016-08-12,2017-02-16,1386,2026-03-20
Z000150207,구지초동구초공동통학구역,1,41,310,7530000,경기도교육청,7652000,경기도구리남양주교육지원청,2016-08-12,2017-02-21,978,2026-03-20
Z000103655,신가초통학구역,0,44,133,8140000,충청남도교육청,8151000,충청남도천안교육지원청,2016-08-12,2016-08-12,5411,2026-03-20
Z000102826,동백초통학구역,0,41,463,7530000,경기도교육청,7751000,경기도용인교육지원청,2016-08-12,2021-06-22,3336,2026-03-20
Z000102847,석성초통학구역,0,41,463,7530000,경기도교육청,7751000,경기도용인교육지원청,2016-08-12,2021-06-22,1771,2026-03-20
Z000102894,초당초통학구역,0,41,463,7530000,경기도교육청,7751000,경기도용인교육지원청,2016-08-12,2021-06-22,3537,2026-03-20
Z000150326,석성초초당초공동통학구역,1,41,463,7530000,경기도교육청,7751000,경기도용인교육지원청,2016-08-12,2021-06-22,6888,2026-03-20
Z000151413,익산초흥왕초공동(일방)통학구역,1,52,140,8321000,전북특별자치도교육청,8352000,전북특별자치도익산교육지원청,2024-01-30,2024-02-23,5920,2026-03-20
Z000102032,석천초통학구역,0,41,192,7530000,경기도교육청,7581000,경기도부천교육지원청,2016-08-12,2024-03-29,1591,2026-03-20
Z000100043,서울공덕초통학구역,0,11,440,7010000,서울특별시교육청,7031000,서울특별시서부교육지원청,2016-08-12,2024-01-04,6050,2026-03-20
Z000100099,서울홍연초통학구역,0,11,410,7010000,서울특별시교육청,7031000,서울특별시서부교육지원청,2016-08-12,2023-05-30,2952,2026-03-20
Z000150958,서령초오산초공동(일방)통학구역,1,44,210,8140000,충청남도교육청,8191000,충청남도서산교육지원청,2020-03-24,2020-12-17,1523,2026-03-20
Z000106059,서귀중앙초통학구역,0,50,130,9290000,제주특별자치도교육청,9299000,제주특별자치도서귀포시교육지원청,2016-08-12,2020-12-17,1197,2026-03-20
Z000150218,동양초활초초공동통학구역,1,41,590,7530000,경기도교육청,7679000,경기도화성오산교육지원청,2016-08-12,2020-12-22,4493,2026-03-20
Z000103677,천안부대초통학구역,0,44,133,8140000,충청남도교육청,8151000,충청남도천안교육지원청,2016-08-12,2020-08-31,4445,2026-03-20
Z000150549,가고파초산호초석전초공동통학구역,1,48,127,9010000,경상남도교육청,9022000,경상남도창원교육지원청,2016-08-12,2020-08-31,3299,2026-03-20
Z000105881,이동초통학구역,0,48,840,9010000,경상남도교육청,9171000,경상남도남해교육지원청,2016-08-12,2020-08-31,3748,2026-03-20
Z000103151,영랑초통학구역,0,51,210,7801000,강원특별자치도교육청,7863000,강원특별자치도속초양양교육지원청,2016-08-12,2021-02-23,1342,2026-03-20
Z000103155,인구초통학구역,0,51,830,7801000,강원특별자치도교육청,7863000,강원특별자치도속초양양교육지원청,2016-08-12,2021-02-23,1374,2026-03-20
Z000103145,설악초통학구역,0,51,210,7801000,강원특별자치도교육청,7863000,강원특별자치도속초양양교육지원청,2016-08-12,2021-02-23,2041,2026-03-20
Z000102288,갈곶초통학구역,0,41,220,7530000,경기도교육청,7631000,경기도평택교육지원청,2016-08-12,2020-12-02,4262,2026-03-20
Z000101407,대촌중앙초통학구역,0,29,155,7380000,광주광역시교육청,7401000,광주광역시서부교육지원청,2016-08-12,2020-12-02,324,2026-03-20
Z000150999,진도초의신초공동통학구역,1,46,900,8490000,전라남도교육청,8711000,전라남도진도교육지원청,2020-11-19,2020-11-19,517,2026-03-20
Z000104903,의신초통학구역,0,46,900,8490000,전라남도교육청,8711000,전라남도진도교육지원청,2016-08-12,2020-11-19,5850,2026-03-20
Z000104895,고성초통학구역,0,46,900,8490000,전라남도교육청,8711000,전라남도진도교육지원청,2016-08-12,2020-11-19,2325,2026-03-20
Z000106303,인천현송초통학구역,0,28,185,7310000,인천광역시교육청,7341000,인천광역시동부교육지원청,2020-12-16,2021-02-23,5485,2026-03-20
Z000103483,엄정초통학구역,0,43,130,8000000,충청북도교육청,8021000,충청북도충주교육지원청,2016-08-12,2023-01-17,1326,2026-03-20
Z000151096,옥포초광역통학구역,1,48,310,9010000,경상남도교육청,9111000,경상남도거제교육지원청,2021-01-29,2022-12-27,6720,2026-03-20
Z000105539,중동초통학구역,0,48,121,9010000,경상남도교육청,9022000,경상남도창원교육지원청,2016-08-12,2023-06-13,743,2026-03-20
Z000150822,의창초중동초공동통학구역,1,48,121,9010000,경상남도교육청,9022000,경상남도창원교육지원청,2020-01-22,2023-06-13,1644,2026-03-20
Z000106008,월랑초통학구역,0,50,110,9290000,제주특별자치도교육청,9296000,제주특별자치도제주시교육지원청,2016-08-12,2024-02-27,5964,2026-03-20
Z000105996,신광초통학구역,0,50,110,9290000,제주특별자치도교육청,9296000,제주특별자치도제주시교육지원청,2016-08-12,2024-02-27,1528,2026-03-20
Z000105982,도리초통학구역,0,50,110,9290000,제주특별자치도교육청,9296000,제주특별자치도제주시교육지원청,2016-08-12,2024-02-27,1527,2026-03-20
Z000151407,도리초월랑초공동통학구역,1,50,110,9290000,제주특별자치도교육청,9296000,제주특별자치도제주시교육지원청,2024-01-16,2024-02-27,2438,2026-03-20
Z000104599,승주초통학구역,0,46,150,8490000,전라남도교육청,8521000,전라남도순천교육지원청,2024-03-05,2024-03-19,6797,2026-03-20
Z000150830,동방초괘릉초사방초양동초모아초영지초신라초서라벌초모량초천포초연안초옥산초석계초안강초아화초의곡초화랑초공동(일방)통학구역,1,47,130,8750000,경상북도교육청,8771000,경상북도경주교육지원청,2020-02-03,2024-02-27,1747,2026-03-20
Z000150834,흥무초괘릉초사방초양동초모아초영지초신라초서라벌초모량초천포초연안초옥산초석계초안강초아화초의곡초화랑초공동(일방)통학구역,1,47,130,8750000,경상북도교육청,8771000,경상북도경주교육지원청,2020-02-03,2024-02-27,6417,2026-03-20
Z000106363,나루초통학구역,0,36,110,9300000,세종특별자치시교육청,9300000,세종특별자치시교육청,2022-12-26,2023-01-17,2868,2026-03-20
Z000100012,서울묵동초통학구역,0,11,260,7010000,서울특별시교육청,7021000,서울특별시동부교육지원청,2016-08-12,2022-11-15,132,2026-03-20
Z000101953,문원초통학구역,0,41,290,7530000,경기도교육청,7569000,경기도안양과천교육지원청,2016-08-12,2024-02-27,1461,2026-03-20
Z000102797,이천송정초통학구역,0,41,500,7530000,경기도교육청,7741000,경기도이천교육지원청,2016-08-12,2024-01-09,555,2026-03-20
Z000100258,서울가원초통학구역,0,11,710,7010000,서울특별시교육청,7130000,서울특별시강동송파교육지원청,2016-08-12,2024-01-09,4289,2026-03-20
Z000101242,명신초통학구역,0,28,710,7310000,인천광역시교육청,7351000,인천광역시강화교육지원청,2016-08-12,2016-08-12,617,2026-03-20
Z000101254,하점초통학구역,0,28,710,7310000,인천광역시교육청,7351000,인천광역시강화교육지원청,2016-08-12,2016-08-12,3307,2026-03-20
Z000150961,서림초오산초공동(일방)통학구역,1,44,210,8140000,충청남도교육청,8191000,충청남도서산교육지원청,2020-03-24,2020-12-17,1526,2026-03-20
Z000101250,양도초통학구역,0,28,710,7310000,인천광역시교육청,7351000,인천광역시강화교육지원청,2016-08-12,2016-08-12,6868,2026-03-20
Z000101243,불은초통학구역,0,28,710,7310000,인천광역시교육청,7351000,인천광역시강화교육지원청,2016-08-12,2016-08-12,1422,2026-03-20
Z000101257,화도초통학구역,0,28,710,7310000,인천광역시교육청,7351000,인천광역시강화교육지원청,2016-08-12,2016-08-12,5965,2026-03-20
Z000101240,내가초통학구역,0,28,710,7310000,인천광역시교육청,7351000,인천광역시강화교육지원청,2016-08-12,2016-08-12,2435,2026-03-20
Z000101251,양사초통학구역,0,28,710,7310000,인천광역시교육청,7351000,인천광역시강화교육지원청,2016-08-12,2016-08-12,622,2026-03-20
Z000101252,조산초통학구역,0,28,710,7310000,인천광역시교육청,7351000,인천광역시강화교육지원청,2016-08-12,2016-08-12,1529,2026-03-20
Z000103088,모산초통학구역,0,51,150,7801000,강원특별자치도교육청,7832000,강원특별자치도강릉교육지원청,2016-08-12,2020-12-03,5587,2026-03-20
Z000106355,덕은한강초통학구역,0,41,281,7530000,경기도교육청,7621000,경기도고양교육지원청,2022-08-18,2023-10-31,543,2026-03-20
Z000151239,동삭초자란초공동통학구역,1,41,220,7530000,경기도교육청,7631000,경기도평택교육지원청,2022-03-08,2024-01-09,394,2026-03-20
Z000151402,동삭초평택서재초공동통학구역,1,41,220,7530000,경기도교육청,7631000,경기도평택교육지원청,2022-03-08,2024-01-09,4851,2026-03-20
Z000102965,신곡초통학구역,0,41,570,7530000,경기도교육청,7771000,경기도김포교육지원청,2016-08-12,2024-02-20,376,2026-03-20
Z000105679,덕정초통학구역,0,48,250,9010000,경상남도교육청,9091000,경상남도김해교육지원청,2016-08-12,2024-02-27,936,2026-03-20
Z000105673,능동초통학구역,0,48,250,9010000,경상남도교육청,9091000,경상남도김해교육지원청,2016-08-12,2024-02-27,5387,2026-03-20
Z000105653,김해가야초통학구역,0,48,250,9010000,경상남도교육청,9091000,경상남도김해교육지원청,2016-08-12,2024-02-27,268,2026-03-20
Z000151325,신어초김해활천초공동통학구역,1,48,250,9010000,경상남도교육청,9091000,경상남도김해교육지원청,2023-05-11,2024-02-27,5802,2026-03-20
Z000102187,웃터골초통학구역,0,41,390,7530000,경기도교육청,7781000,경기도시흥교육지원청,2016-08-12,2021-07-20,3498,2026-03-20
Z000104361,청완초통학구역,0,52,710,8321000,전북특별자치도교육청,8392000,전북특별자치도완주교육지원청,2016-08-12,2024-02-23,945,2026-03-20
Z000150346,김포신풍초풍무초공동통학구역,1,41,570,7530000,경기도교육청,7771000,경기도김포교육지원청,2016-08-12,2021-02-23,228,2026-03-20
Z000102978,풍무초통학구역,0,41,570,7530000,경기도교육청,7771000,경기도김포교육지원청,2016-08-12,2021-02-23,2013,2026-03-20
Z000101419,불로초통학구역,0,29,155,7380000,광주광역시교육청,7401000,광주광역시서부교육지원청,2016-08-12,2021-01-19,3488,2026-03-20
Z000101799,영통초통학구역,0,41,117,7530000,경기도교육청,7541000,경기도수원교육지원청,2016-08-12,2020-09-07,4344,2026-03-20
Z000100279,서울문덕초통학구역,0,11,710,7010000,서울특별시교육청,7130000,서울특별시강동송파교육지원청,2016-08-12,2024-01-09,6272,2026-03-20
Z000150835,금장초괘릉초사방초양동초모아초영지초신라초서라벌초모량초천포초연안초옥산초석계초안강초아화초의곡초화랑초공동(일방)통학구역,1,47,130,8750000,경상북도교육청,8771000,경상북도경주교육지원청,2020-02-03,2024-02-27,5789,2026-03-20
Z000150836,황성초괘릉초사방초양동초모아초영지초신라초서라벌초모량초천포초연안초옥산초석계초안강초아화초의곡초화랑초공동(일방)통학구역,1,47,130,8750000,경상북도교육청,8771000,경상북도경주교육지원청,2020-02-03,2024-02-27,1329,2026-03-20
Z000150839,안강제일초괘릉초사방초양동초모아초영지초신라초서라벌초모량초천포초연안초옥산초석계초안강초아화초의곡초화랑초공동(일방)통학구역,1,47,130,8750000,경상북도교육청,8771000,경상북도경주교육지원청,2020-02-03,2024-02-27,2278,2026-03-20
Z000102335,평택초통학구역,0,41,220,7530000,경기도교육청,7631000,경기도평택교육지원청,2016-08-12,2022-12-27,1259,2026-03-20
Z000151249,세교초평택초공동통학구역,1,41,220,7530000,경기도교육청,7631000,경기도평택교육지원청,2022-08-18,2022-12-27,1710,2026-03-20
Z000106249,평택서재초통학구역,0,41,220,7530000,경기도교육청,7631000,경기도평택교육지원청,2019-09-04,2022-12-27,6606,2026-03-20
Z000102331,평택안일초통학구역,0,41,220,7530000,경기도교육청,7631000,경기도평택교육지원청,2016-08-12,2022-12-27,3822,2026-03-20
Z000102329,평택성동초통학구역,0,41,220,7530000,경기도교육청,7631000,경기도평택교육지원청,2016-08-12,2022-12-27,3350,2026-03-20
Z000151004,논산내동초제한적공동(일방)통학구역,1,44,230,8140000,충청남도교육청,8222000,충청남도논산계룡교육지원청,2020-11-23,2022-12-06,2214,2026-03-20
Z000102871,용인백현초통학구역,0,41,463,7530000,경기도교육청,7751000,경기도용인교육지원청,2016-08-12,2021-06-22,868,2026-03-20
Z000104987,죽천초통학구역,0,47,113,8750000,경상북도교육청,8761000,경상북도포항교육지원청,2016-08-12,2016-08-12,2035,2026-03-20
Z000102993,금병초통학구역,0,51,110,7801000,강원특별자치도교육청,7812000,강원특별자치도춘천교육지원청,2016-08-12,2016-12-12,4363,2026-03-20
Z000103013,송화초통학구역,0,51,110,7801000,강원특별자치도교육청,7812000,강원특별자치도춘천교육지원청,2016-08-12,2016-08-12,1956,2026-03-20
Z000100101,서울홍제초통학구역,0,11,410,7010000,서울특별시교육청,7031000,서울특별시서부교육지원청,2016-08-12,2023-06-13,4726,2026-03-20
Z000103086,동명초통학구역,0,51,150,7801000,강원특별자치도교육청,7832000,강원특별자치도강릉교육지원청,2016-08-12,2021-01-06,1345,2026-03-20
Z000102591,교하초통학구역,0,41,480,7530000,경기도교육청,7681000,경기도파주교육지원청,2016-08-12,2021-02-23,3031,2026-03-20
Z000100440,서울강남초통학구역,0,11,590,7010000,서울특별시교육청,7132000,서울특별시동작관악교육지원청,2016-08-12,2022-12-20,711,2026-03-20
Z000100006,서울면남초통학구역,0,11,260,7010000,서울특별시교육청,7021000,서울특별시동부교육지원청,2016-08-12,2024-02-27,3349,2026-03-20
Z000103376,경덕초통학구역,0,43,113,8000000,충청북도교육청,8011000,충청북도청주교육지원청,2016-08-12,2024-02-27,5902,2026-03-20
Z000150103,영덕초황곡초공동통학구역,1,41,117,7530000,경기도교육청,7541000,경기도수원교육지원청,2016-08-12,2020-09-08,802,2026-03-20
Z000102290,군문초통학구역,0,41,220,7530000,경기도교육청,7631000,경기도평택교육지원청,2016-08-12,2020-09-08,5714,2026-03-20
Z000100090,서울응암초통학구역,0,11,380,7010000,서울특별시교육청,7031000,서울특별시서부교육지원청,2016-08-12,2023-05-30,823,2026-03-20
Z000102399,남양주송라초통학구역,0,41,360,7530000,경기도교육청,7652000,경기도구리남양주교육지원청,2016-08-12,2021-07-26,3128,2026-03-20
Z000106203,다산가람초통학구역,0,41,360,7530000,경기도교육청,7652000,경기도구리남양주교육지원청,2018-11-11,2021-07-26,2797,2026-03-20
Z000106307,다산하늘초통학구역,0,41,360,7530000,경기도교육청,7652000,경기도구리남양주교육지원청,2020-12-28,2021-07-26,4581,2026-03-20
Z000101852,돌마초통학구역,0,41,135,7530000,경기도교육청,7551000,경기도성남교육지원청,2016-08-12,2018-02-22,957,2026-03-20
Z000100100,서울홍은초통학구역,0,11,410,7010000,서울특별시교육청,7031000,서울특별시서부교육지원청,2016-08-12,2023-06-13,5162,2026-03-20
Z000102898,풍천초통학구역,0,41,465,7530000,경기도교육청,7751000,경기도용인교육지원청,2016-08-12,2023-06-13,2481,2026-03-20
Z000150344,고창초신양초운유초푸른솔초공동통학구역,1,41,570,7530000,경기도교육청,7771000,경기도김포교육지원청,2016-08-12,2021-02-23,5911,2026-03-20
Z000151372,순천북초동산초공동통학구역,1,46,150,8490000,전라남도교육청,8521000,전라남도순천교육지원청,2024-03-05,2024-03-19,3856,2026-03-20
Z000104049,정미초통학구역,0,44,270,8140000,충청남도교육청,8291000,충청남도당진교육지원청,2016-08-12,2023-12-26,2126,2026-03-20
Z000103838,운산초통학구역,0,44,210,8140000,충청남도교육청,8191000,충청남도서산교육지원청,2016-08-12,2023-12-26,1442,2026-03-20
Z000101985,호원초통학구역,0,41,173,7530000,경기도교육청,7569000,경기도안양과천교육지원청,2016-08-12,2024-02-27,5159,2026-03-20
Z000101950,동안초통학구역,0,41,173,7530000,경기도교육청,7569000,경기도안양과천교육지원청,2016-08-12,2024-02-27,5845,2026-03-20
Z000105427,소천초통학구역,0,47,920,8750000,경상북도교육청,8961000,경상북도봉화교육지원청,2016-08-12,2024-02-27,1918,2026-03-20
Z000105432,기성초통학구역,0,47,930,8750000,경상북도교육청,8971000,경상북도울진교육지원청,2016-08-12,2024-02-27,248,2026-03-20
Z000105452,천부초통학구역,0,47,940,8750000,경상북도교육청,8981000,경상북도울릉교육지원청,2016-08-12,2024-02-27,4703,2026-03-20
Z000151377,순천중앙초순천풍덕초공동통학구역,1,46,150,8490000,전라남도교육청,8521000,전라남도순천교육지원청,2024-03-11,2024-03-19,2706,2026-03-20
Z000106123,서울강솔초통학구역,0,11,740,7010000,서울특별시교육청,7130000,서울특별시강동송파교육지원청,2017-02-06,2024-01-04,2663,2026-03-20
Z000100267,서울고덕초통학구역,0,11,740,7010000,서울특별시교육청,7130000,서울특별시강동송파교육지원청,2016-08-12,2024-01-04,7100,2026-03-20
Z000101938,의정부호동초통학구역,0,41,150,7530000,경기도교육청,7561000,경기도의정부교육지원청,2016-08-12,2024-03-19,3630,2026-03-20
Z000151438,주중초북일초공동(일방)통학구역,1,43,114,8000000,충청북도교육청,8011000,충청북도청주교육지원청,2024-03-14,2024-03-19,417,2026-03-20
Z000151445,생명초북일초공동(일방)통학구역,1,43,114,8000000,충청북도교육청,8011000,충청북도청주교육지원청,2024-03-14,2024-03-19,1433,2026-03-20
Z000151434,진천삼수초성암초백곡초공동(일방)통학구역,1,43,750,8000000,충청북도교육청,8081000,충청북도진천교육지원청,2024-03-06,2024-03-12,731,2026-03-20
Z000105378,초전초통학구역,0,47,840,8750000,경상북도교육청,8931000,경상북도성주교육지원청,2016-08-12,2024-03-05,3355,2026-03-20
Z000106389,문혜초통학구역,0,51,780,7801000,강원특별자치도교육청,7932000,강원특별자치도철원교육지원청,2023-12-05,2024-02-27,3852,2026-03-20
Z000100863,대구덕성초통학구역,0,27,140,7240000,대구광역시교육청,7251000,대구광역시동부교육지원청,2016-08-12,2024-02-27,5189,2026-03-20
Z000151257,운암초신평초공동통학구역,1,52,750,8321000,전북특별자치도교육청,8432000,전북특별자치도임실교육지원청,2016-08-12,2024-02-23,6557,2026-03-20
Z000151255,서종초정배초공동통학구역,1,41,830,7530000,경기도교육청,7731000,경기도양평교육지원청,2022-11-18,2022-12-27,3973,2026-03-20
Z000150798,충주대림초충주성남초공동통학구역,1,43,130,8000000,충청북도교육청,8021000,충청북도충주교육지원청,2016-08-12,2021-02-23,454,2026-03-20
Z000102756,다문초통학구역,0,41,830,7530000,경기도교육청,7731000,경기도양평교육지원청,2016-08-12,2022-12-27,5862,2026-03-20
Z000103592,삼보초통학구역,0,43,745,8000000,충청북도교육청,8092000,충청북도괴산증평교육지원청,2016-08-12,2023-01-17,3206,2026-03-20
Z000105643,사천초통학구역,0,48,240,9010000,경상남도교육청,9081000,경상남도사천교육지원청,2016-08-12,2023-01-17,5294,2026-03-20
Z000106268,인천은송초통학구역,0,28,185,7310000,인천광역시교육청,7341000,인천광역시동부교육지원청,2020-01-02,2021-02-23,4804,2026-03-20
Z000106304,인천송담초통학구역,0,28,185,7310000,인천광역시교육청,7341000,인천광역시동부교육지원청,2020-12-16,2021-02-23,1926,2026-03-20
Z000100569,당리초통학구역,0,26,380,7150000,부산광역시교육청,7171000,부산광역시서부교육지원청,2016-08-12,2023-02-14,3167,2026-03-20
Z000101939,의정부호원초통학구역,0,41,150,7530000,경기도교육청,7561000,경기도의정부교육지원청,2016-08-12,2024-03-19,3544,2026-03-20
Z000102538,영천초통학구역,0,41,590,7530000,경기도교육청,7679000,경기도화성오산교육지원청,2016-08-12,2023-12-26,1262,2026-03-20
Z000105672,김해활천초통학구역,0,48,250,9010000,경상남도교육청,9091000,경상남도김해교육지원청,2016-08-12,2024-02-27,6709,2026-03-20
Z000106401,대구테크노초통학구역,0,27,710,7240000,대구광역시교육청,7281000,대구광역시달성교육지원청,2024-02-21,2024-02-27,260,2026-03-20
Z000150810,대구비슬초대구현풍초공동(일방)통학구역,1,27,710,7240000,대구광역시교육청,7281000,대구광역시달성교육지원청,2020-01-13,2024-02-27,6949,2026-03-20
Z000150809,대구유가초대구현풍초공동(일방)통학구역,1,27,710,7240000,대구광역시교육청,7281000,대구광역시달성교육지원청,2020-01-13,2024-02-27,6952,2026-03-20
Z000151428,대구유가초대구비슬초대구현풍초공동(일방)통학구역,1,27,710,7240000,대구광역시교육청,7281000,대구광역시달성교육지원청,2024-02-20,2024-02-27,6039,2026-03-20
Z000151427,대구유가초대구테크노초대구현풍초공동(일방)통학구역,1,27,710,7240000,대구광역시교육청,7281000,대구광역시달성교육지원청,2020-01-13,2024-02-27,6951,2026-03-20
Z000151268,동성초서포초공동(일방)통학구역,1,48,240,9010000,경상남도교육청,9081000,경상남도사천교육지원청,2022-12-06,2024-02-27,1317,2026-03-20
Z000106392,초서초통학구역,0,47,113,8750000,경상북도교육청,8761000,경상북도포항교육지원청,2023-12-21,2024-02-27,3514,2026-03-20
Z000151122,서부초공동(일방)통학구역,1,51,230,7801000,강원특별자치도교육청,7872000,강원특별자치도삼척교육지원청,2016-08-12,2024-03-05,1923,2026-03-20
Z000100615,개금초통학구역,0,26,230,7150000,부산광역시교육청,7181000,부산광역시남부교육지원청,2016-08-12,2023-06-07,2312,2026-03-20
Z000100621,당평초통학구역,0,26,230,7150000,부산광역시교육청,7181000,부산광역시남부교육지원청,2016-08-12,2023-06-07,504,2026-03-20
Z000100653,연포초통학구역,0,26,290,7150000,부산광역시교육청,7181000,부산광역시남부교육지원청,2016-08-12,2023-06-07,4601,2026-03-20
Z000103676,천안봉서초통학구역,0,44,131,8140000,충청남도교육청,8151000,충청남도천안교육지원청,2016-08-12,2020-12-10,6280,2026-03-20
Z000102300,서정리초통학구역,0,41,220,7530000,경기도교육청,7631000,경기도평택교육지원청,2016-08-12,2020-09-08,1656,2026-03-20
Z000102812,구갈초통학구역,0,41,463,7530000,경기도교육청,7751000,경기도용인교육지원청,2016-08-12,2020-08-25,2503,2026-03-20
Z000102842,새빛초통학구역,0,41,465,7530000,경기도교육청,7751000,경기도용인교육지원청,2016-08-12,2020-08-25,1711,2026-03-20
Z000150992,남악초제한적공동통학구역,1,46,840,8490000,전라남도교육청,8661000,전라남도무안교육지원청,2020-08-25,2020-08-25,2440,2026-03-20
Z000103671,천안남산초통학구역,0,44,131,8140000,충청남도교육청,8151000,충청남도천안교육지원청,2016-08-12,2022-01-10,650,2026-03-20
Z000151426,대구비슬초대구테크노초대구현풍초공동(일방)통학구역,1,27,710,7240000,대구광역시교육청,7281000,대구광역시달성교육지원청,2024-02-21,2024-02-27,2512,2026-03-20
Z000101067,대구유가초통학구역,0,27,710,7240000,대구광역시교육청,7281000,대구광역시달성교육지원청,2016-08-12,2024-02-27,1129,2026-03-20
Z000104087,전주신동초통학구역,0,52,113,8321000,전북특별자치도교육청,8332000,전북특별자치도전주교육지원청,2016-08-12,2024-02-23,4558,2026-03-20
Z000150511,진도초금성초공동통학구역,1,46,900,8490000,전라남도교육청,8711000,전라남도진도교육지원청,2016-08-12,2020-11-19,2049,2026-03-20
Z000151282,해마루초장천초공동(일방)통학구역,1,47,190,8750000,경상북도교육청,8801000,경상북도구미교육지원청,2022-12-21,2023-01-17,5151,2026-03-20
Z000106362,인천아람초통학구역,0,28,260,7310000,인천광역시교육청,7361000,인천광역시서부교육지원청,2022-12-21,2024-04-01,5548,2026-03-20
Z000105498,상남초통학구역,0,48,125,9010000,경상남도교육청,9022000,경상남도창원교육지원청,2016-08-12,2022-12-27,2423,2026-03-20
Z000100939,대구달성초통학구역,0,27,170,7240000,대구광역시교육청,7261000,대구광역시서부교육지원청,2016-08-12,2023-01-17,6849,2026-03-20
Z000100897,대구수창초통학구역,0,27,110,7240000,대구광역시교육청,7251000,대구광역시동부교육지원청,2016-08-12,2023-01-17,1499,2026-03-20
Z000150844,현곡초괘릉초사방초양동초모아초영지초신라초서라벌초모량초천포초연안초옥산초석계초안강초아화초의곡초화랑초공동(일방)통학구역,1,47,130,8750000,경상북도교육청,8771000,경상북도경주교육지원청,2020-02-04,2024-02-27,4672,2026-03-20
Z000151206,모화초괘릉초사방초양동초모아초영지초신라초서라벌초모량초천포초연안초옥산초석계초안강초아화초의곡초화랑초공동(일방)통학구역,1,47,130,8750000,경상북도교육청,8771000,경상북도경주교육지원청,2021-12-21,2024-02-27,2913,2026-03-20
Z000100901,대구신성초통학구역,0,27,140,7240000,대구광역시교육청,7251000,대구광역시동부교육지원청,2016-08-12,2024-02-27,739,2026-03-20
Z000103049,봉대초통학구역,0,51,130,7801000,강원특별자치도교육청,7822000,강원특별자치도원주교육지원청,2016-08-12,2020-08-25,3747,2026-03-20
Z000106138,아산초통학구역,0,44,200,8140000,충청남도교육청,8181000,충청남도아산교육지원청,2017-02-14,2020-09-09,6970,2026-03-20
Z000150261,광주도평초쌍령초공동통학구역,1,41,610,7530000,경기도교육청,7692000,경기도광주하남교육지원청,2016-08-12,2020-12-08,3996,2026-03-20
Z000102583,화성청계초통학구역,0,41,590,7530000,경기도교육청,7679000,경기도화성오산교육지원청,2016-08-12,2020-12-17,6607,2026-03-20
Z000104949,구정초통학구역,0,47,111,8750000,경상북도교육청,8761000,경상북도포항교육지원청,2016-08-12,2020-11-10,3795,2026-03-20
Z000104908,지산초통학구역,0,46,900,8490000,전라남도교육청,8711000,전라남도진도교육지원청,2016-08-12,2016-08-12,1078,2026-03-20
Z000104897,금성초통학구역,0,46,900,8490000,전라남도교육청,8711000,전라남도진도교육지원청,2016-08-12,2020-11-19,2940,2026-03-20
Z000150460,봉동초봉동초양화분교공동통학구역,1,52,710,8321000,전북특별자치도교육청,8392000,전북특별자치도완주교육지원청,2016-08-12,2024-02-23,5311,2026-03-20
Z000101340,광주서림초통학구역,0,29,170,7380000,광주광역시교육청,7391000,광주광역시동부교육지원청,2016-08-12,2023-12-26,913,2026-03-20
Z000103005,봉의초통학구역,0,51,110,7801000,강원특별자치도교육청,7812000,강원특별자치도춘천교육지원청,2016-08-12,2023-01-17,6107,2026-03-20
Z000103598,증평초통학구역,0,43,745,8000000,충청북도교육청,8092000,충청북도괴산증평교육지원청,2016-08-12,2023-01-17,4101,2026-03-20
Z000106110,으뜸초통학구역,0,36,110,9300000,세종특별자치시교육청,9300000,세종특별자치시교육청,2016-08-12,2023-01-17,4792,2026-03-20
Z000151448,산성초낭성초공동(일방)통학구역,1,43,111,8000000,충청북도교육청,8011000,충청북도청주교육지원청,2024-03-14,2024-03-19,4498,2026-03-20
Z000105601,진주초통학구역,0,48,170,9010000,경상남도교육청,9051000,경상남도진주교육지원청,2016-08-12,2024-01-09,6669,2026-03-20
Z000105584,봉곡초통학구역,0,48,170,9010000,경상남도교육청,9051000,경상남도진주교육지원청,2016-08-12,2024-01-09,4011,2026-03-20
Z000105585,봉래초통학구역,0,48,170,9010000,경상남도교육청,9051000,경상남도진주교육지원청,2016-08-12,2024-01-09,5773,2026-03-20
Z000104192,성북초통학구역,0,52,140,8321000,전북특별자치도교육청,8352000,전북특별자치도익산교육지원청,2016-08-12,2024-02-23,2739,2026-03-20
Z000104187,망성초통학구역,0,52,140,8321000,전북특별자치도교육청,8352000,전북특별자치도익산교육지원청,2016-08-12,2024-02-23,7141,2026-03-20
Z000151400,소사벌초평택대동초공동통학구역,1,41,220,7530000,경기도교육청,7631000,경기도평택교육지원청,2023-12-28,2024-01-09,6263,2026-03-20
Z000105814,이방초장천분교장통학구역,0,48,740,9010000,경상남도교육청,9141000,경상남도창녕교육지원청,2016-08-12,2024-02-27,4560,2026-03-20
Z000105773,부림초봉수분교장통학구역,0,48,720,9010000,경상남도교육청,9121000,경상남도의령교육지원청,2016-08-12,2020-01-21,1573,2026-03-20
Z000150582,부림초부림초봉수분교장공동통학구역,1,48,720,9010000,경상남도교육청,9121000,경상남도의령교육지원청,2016-08-12,2020-01-21,3354,2026-03-20
Z000103085,노암초통학구역,0,51,150,7801000,강원특별자치도교육청,7832000,강원특별자치도강릉교육지원청,2016-08-12,2020-12-03,266,2026-03-20
Z000101343,광주수창초통학구역,0,29,170,7380000,광주광역시교육청,7391000,광주광역시동부교육지원청,2016-08-12,2023-12-26,44,2026-03-20
Z000104427,고창남초통학구역,0,52,790,8321000,전북특별자치도교육청,8452000,전북특별자치도고창교육지원청,2016-08-12,2024-02-23,6593,2026-03-20
Z000150935,화순만연초제한적공동통학구역,1,46,790,8490000,전라남도교육청,8611000,전라남도화순교육지원청,2020-02-26,2024-02-27,2532,2026-03-20
Z000102227,덕은초통학구역,0,41,281,7530000,경기도교육청,7621000,경기도고양교육지원청,2016-08-12,2023-10-31,1183,2026-03-20
Z000151439,동주초낭성초공동(일방)통학구역,1,43,111,8000000,충청북도교육청,8011000,충청북도청주교육지원청,2024-03-14,2024-03-19,2105,2026-03-20
Z000102105,유양초통학구역,0,41,630,7530000,경기도교육청,7602000,경기도동두천양주교육지원청,2016-08-12,2024-01-09,2559,2026-03-20
Z000103473,용원초동락분교장통학구역,0,43,130,8000000,충청북도교육청,8021000,충청북도충주교육지원청,2016-08-12,2023-12-11,7015,2026-03-20
Z000150841,용강초괘릉초사방초양동초모아초영지초신라초서라벌초모량초천포초연안초옥산초석계초안강초아화초의곡초화랑초공동(일방)통학구역,1,47,130,8750000,경상북도교육청,8771000,경상북도경주교육지원청,2020-02-04,2024-02-27,2275,2026-03-20
Z000150843,황남초괘릉초사방초양동초모아초영지초신라초서라벌초모량초천포초연안초옥산초석계초안강초아화초의곡초화랑초공동(일방)통학구역,1,47,130,8750000,경상북도교육청,8771000,경상북도경주교육지원청,2020-02-04,2024-02-27,6695,2026-03-20
Z000102980,하성초통학구역,0,41,570,7530000,경기도교육청,7771000,경기도김포교육지원청,2016-08-12,2021-02-23,5978,2026-03-20
Z000104495,목포임성초통학구역,0,46,840,8490000,전라남도교육청,8501000,전라남도목포교육지원청,2016-08-12,2023-01-17,1517,2026-03-20
Z000105563,회원초통학구역,0,48,127,9010000,경상남도교육청,9022000,경상남도창원교육지원청,2016-08-12,2022-12-27,6846,2026-03-20
Z000101918,발곡초통학구역,0,41,150,7530000,경기도교육청,7561000,경기도의정부교육지원청,2016-08-12,2024-03-19,798,2026-03-20
Z000106058,서귀서초통학구역,0,50,130,9290000,제주특별자치도교육청,9299000,제주특별자치도서귀포시교육지원청,2016-08-12,2023-10-31,5893,2026-03-20
Z000151431,덕포초사상초공동통학구역,1,26,530,7150000,부산광역시교육청,7201000,부산광역시북부교육지원청,2016-08-12,2024-02-27,1358,2026-03-20
Z000105047,의곡초통학구역,0,47,130,8750000,경상북도교육청,8771000,경상북도경주교육지원청,2016-08-12,2024-02-27,5480,2026-03-20
Z000104464,창북초통학구역,0,52,800,8321000,전북특별자치도교육청,8462000,전북특별자치도부안교육지원청,2016-08-12,2024-02-23,4835,2026-03-20
Z000104465,하서초통학구역,0,52,800,8321000,전북특별자치도교육청,8462000,전북특별자치도부안교육지원청,2016-08-12,2024-02-23,2448,2026-03-20
Z000150829,경주초괘릉초사방초양동초모아초영지초신라초서라벌초모량초천포초연안초옥산초석계초안강초아화초의곡초화랑초공동(일방)통학구역,1,47,130,8750000,경상북도교육청,8771000,경상북도경주교육지원청,2020-02-03,2024-02-27,3769,2026-03-20
Z000102770,원덕초통학구역,0,41,830,7530000,경기도교육청,7731000,경기도양평교육지원청,2016-08-12,2021-07-20,5365,2026-03-20
Z000102754,개군초통학구역,0,41,830,7530000,경기도교육청,7731000,경기도양평교육지원청,2016-08-12,2021-07-20,5500,2026-03-20
Z000151286,동포초광역통학구역,1,48,740,9010000,경상남도교육청,9141000,경상남도창녕교육지원청,2022-12-27,2023-01-17,1613,2026-03-20
Z000101745,곡반초통학구역,0,41,117,7530000,경기도교육청,7541000,경기도수원교육지원청,2016-08-12,2023-05-23,5319,2026-03-20
Z000101831,황곡초통학구역,0,41,117,7530000,경기도교육청,7541000,경기도수원교육지원청,2016-08-12,2023-05-23,987,2026-03-20
Z000101851,도촌초통학구역,0,41,133,7530000,경기도교육청,7551000,경기도성남교육지원청,2016-08-12,2023-05-30,7113,2026-03-20
Z000101900,중탑초통학구역,0,41,135,7530000,경기도교육청,7551000,경기도성남교육지원청,2016-08-12,2023-05-30,979,2026-03-20
Z000102914,동신초통학구역,0,41,550,7530000,경기도교육청,7761000,경기도안성교육지원청,2016-08-12,2023-05-30,186,2026-03-20
Z000102915,마전초통학구역,0,41,550,7530000,경기도교육청,7761000,경기도안성교육지원청,2016-08-12,2023-05-30,4745,2026-03-20
Z000100522,서울길원초통학구역,0,11,290,7010000,서울특별시교육청,7121200,서울특별시성북강북교육지원청,2016-08-12,2021-01-07,5490,2026-03-20
Z000102986,소래초통학구역,0,41,390,7530000,경기도교육청,7781000,경기도시흥교육지원청,2016-08-12,2022-12-20,370,2026-03-20
Z000104025,화동초통학구역,0,44,825,8140000,충청남도교육청,8281000,충청남도태안교육지원청,2016-08-12,2022-11-22,6742,2026-03-20
Z000101937,의정부초통학구역,0,41,150,7530000,경기도교육청,7561000,경기도의정부교육지원청,2016-08-12,2024-03-19,7031,2026-03-20
Z000104563,돌산초두라분교장통학구역,0,46,130,8490000,전라남도교육청,8511000,전라남도여수교육지원청,2016-08-12,2023-12-19,1959,2026-03-20
Z000105634,곤양초통학구역,0,48,240,9010000,경상남도교육청,9081000,경상남도사천교육지원청,2016-08-12,2023-12-19,6613,2026-03-20
Z000105647,서포초통학구역,0,48,240,9010000,경상남도교육청,9081000,경상남도사천교육지원청,2016-08-12,2023-12-19,3964,2026-03-20
Z000105635,남양초통학구역,0,48,240,9010000,경상남도교육청,9081000,경상남도사천교육지원청,2016-08-12,2023-12-19,2316,2026-03-20
Z000104324,원평초통학구역,0,52,210,8321000,전북특별자치도교육청,8382000,전북특별자치도김제교육지원청,2016-08-12,2024-02-23,764,2026-03-20
Z000105074,봉계초통학구역,0,47,150,8750000,경상북도교육청,8781000,경상북도김천교육지원청,2016-08-12,2024-02-27,3091,2026-03-20
Z000150672,가남초오산초공동통학구역,1,41,670,7530000,경기도교육청,7661000,경기도여주교육지원청,2018-03-05,2021-07-20,31,2026-03-20
Z000102476,오산초통학구역,0,41,670,7530000,경기도교육청,7661000,경기도여주교육지원청,2016-08-12,2021-07-20,1951,2026-03-20
Z000102459,금당초통학구역,0,41,670,7530000,경기도교육청,7661000,경기도여주교육지원청,2016-08-12,2021-07-20,4980,2026-03-20
Z000102462,대신초통학구역,0,41,670,7530000,경기도교육청,7661000,경기도여주교육지원청,2016-08-12,2021-07-20,527,2026-03-20
Z000102694,상리초통학구역,0,41,800,7530000,경기도교육청,7701000,경기도연천교육지원청,2016-08-12,2021-06-29,4551,2026-03-20
Z000102244,성사초통학구역,0,41,281,7530000,경기도교육청,7621000,경기도고양교육지원청,2016-08-12,2021-07-20,1806,2026-03-20
Z000102259,원당초통학구역,0,41,281,7530000,경기도교육청,7621000,경기도고양교육지원청,2016-08-12,2021-07-20,3228,2026-03-20
Z000103854,남일초통학구역,0,44,710,8140000,충청남도교육청,8201000,충청남도금산교육지원청,2016-08-12,2016-08-12,26,2026-03-20
Z000102030,상일초통학구역,0,41,192,7530000,경기도교육청,7581000,경기도부천교육지원청,2016-08-12,2024-03-29,682,2026-03-20
Z000100033,서울중흥초통학구역,0,11,260,7010000,서울특별시교육청,7021000,서울특별시동부교육지원청,2016-08-12,2022-11-15,6900,2026-03-20
Z000100605,태종대초통학구역,0,26,200,7150000,부산광역시교육청,7171000,부산광역시서부교육지원청,2016-08-12,2023-06-13,1013,2026-03-20
Z000105553,평산초통학구역,0,48,121,9010000,경상남도교육청,9022000,경상남도창원교육지원청,2016-08-12,2023-06-20,4322,2026-03-20
Z000103147,속초초통학구역,0,51,210,7801000,강원특별자치도교육청,7863000,강원특별자치도속초양양교육지원청,2016-08-12,2021-02-23,5797,2026-03-20
Z000100999,대구덕인초통학구역,0,27,290,7240000,대구광역시교육청,7271000,대구광역시남부교육지원청,2016-08-12,2023-01-17,6702,2026-03-20
Z000100989,대구남송초통학구역,0,27,290,7240000,대구광역시교육청,7271000,대구광역시남부교육지원청,2016-08-12,2023-01-17,602,2026-03-20
Z000102090,봉암초통학구역,0,41,250,7530000,경기도교육청,7602000,경기도동두천양주교육지원청,2016-08-12,2024-01-09,153,2026-03-20
Z000105053,화랑초통학구역,0,47,130,8750000,경상북도교육청,8771000,경상북도경주교육지원청,2016-08-12,2024-01-09,1336,2026-03-20
Z000103380,남성초통학구역,0,43,112,8000000,충청북도교육청,8011000,충청북도청주교육지원청,2016-08-12,2024-02-27,2235,2026-03-20
Z000151397,남성초샛별초공동통학구역,1,43,112,8000000,충청북도교육청,8011000,충청북도청주교육지원청,2023-12-22,2024-02-27,4879,2026-03-20
Z000150179,지축초지효초서울북한산초공동통학구역,1,41,281,7530000,경기도교육청,7621000,경기도고양교육지원청,2016-08-12,2024-02-27,1454,2026-03-20
Z000103579,진천삼수초통학구역,0,43,750,8000000,충청북도교육청,8081000,충청북도진천교육지원청,2016-08-12,2024-03-12,1178,2026-03-20
Z000105823,북정초통학구역,0,48,330,9010000,경상남도교육청,9151000,경상남도양산교육지원청,2016-08-12,2024-02-27,505,2026-03-20
Z000105832,신기초통학구역,0,48,330,9010000,경상남도교육청,9151000,경상남도양산교육지원청,2016-08-12,2024-02-27,4080,2026-03-20
Z000106399,신양초통학구역,0,48,330,9010000,경상남도교육청,9151000,경상남도양산교육지원청,2024-02-02,2024-02-27,6725,2026-03-20
Z000105128,구미초통학구역,0,47,150,8750000,경상북도교육청,8801000,경상북도구미교육지원청,2016-08-12,2023-01-17,293,2026-03-20
Z000106176,옥길버들초통학구역,0,41,194,7530000,경기도교육청,7581000,경기도부천교육지원청,2018-03-08,2024-03-29,833,2026-03-20
Z000102050,창영초통학구역,0,41,194,7530000,경기도교육청,7581000,경기도부천교육지원청,2016-08-12,2024-03-29,4893,2026-03-20
Z000102031,상지초통학구역,0,41,192,7530000,경기도교육청,7581000,경기도부천교육지원청,2016-08-12,2024-03-29,2157,2026-03-20
Z000105987,백록초통학구역,0,50,110,9290000,제주특별자치도교육청,9296000,제주특별자치도제주시교육지원청,2016-08-12,2022-12-20,1520,2026-03-20
Z000100463,서울상현초통학구역,0,11,590,7010000,서울특별시교육청,7132000,서울특별시동작관악교육지원청,2016-08-12,2022-12-20,5163,2026-03-20
Z000151411,익산궁동초이리석암초공동(일방)통학구역,1,52,140,8321000,전북특별자치도교육청,8352000,전북특별자치도익산교육지원청,2024-01-30,2024-02-23,1459,2026-03-20
Z000106288,천안희망초통학구역,0,44,133,8140000,충청남도교육청,8151000,충청남도천안교육지원청,2020-04-21,2024-03-19,4256,2026-03-20
Z000151446,용아초미원초공동(일방)통학구역,1,43,111,8000000,충청북도교육청,8011000,충청북도청주교육지원청,2024-03-14,2024-03-19,1814,2026-03-20
Z000103103,숲실초통학구역,0,51,150,7801000,강원특별자치도교육청,7832000,강원특별자치도강릉교육지원청,2016-08-12,2024-02-27,4927,2026-03-20
Z000106388,묘장초통학구역,0,51,780,7801000,강원특별자치도교육청,7932000,강원특별자치도철원교육지원청,2023-12-05,2024-02-27,1551,2026-03-20
Z000103011,성원초통학구역,0,51,110,7801000,강원특별자치도교육청,7812000,강원특별자치도춘천교육지원청,2016-08-12,2024-02-27,3727,2026-03-20
Z000106356,과천갈현초통학구역,0,41,290,7530000,경기도교육청,7569000,경기도안양과천교육지원청,2022-09-01,2024-02-27,573,2026-03-20
Z000106398,과천율목초통학구역,0,41,290,7530000,경기도교육청,7569000,경기도안양과천교육지원청,2024-02-01,2024-02-27,3263,2026-03-20
Z000151416,과천갈현초문원초공동통학구역,1,41,290,7530000,경기도교육청,7569000,경기도안양과천교육지원청,2024-02-06,2024-02-27,2375,2026-03-20
Z000102008,부천부곡초통학구역,0,41,192,7530000,경기도교육청,7581000,경기도부천교육지원청,2016-08-12,2024-03-29,364,2026-03-20
Z000104012,소원초통학구역,0,44,825,8140000,충청남도교육청,8281000,충청남도태안교육지원청,2016-08-12,2023-01-17,4653,2026-03-20
Z000104007,모항초통학구역,0,44,825,8140000,충청남도교육청,8281000,충청남도태안교육지원청,2016-08-12,2023-01-17,3759,2026-03-20
Z000102895,토월초통학구역,0,41,465,7530000,경기도교육청,7751000,경기도용인교육지원청,2016-08-12,2023-01-31,6603,2026-03-20
Z000151112,토월초풍덕초공동통학구역,1,41,465,7530000,경기도교육청,7751000,경기도용인교육지원청,2021-02-25,2023-01-31,6911,2026-03-20
Z000102849,성복초통학구역,0,41,465,7530000,경기도교육청,7751000,경기도용인교육지원청,2016-08-12,2023-01-31,4589,2026-03-20
Z000151303,성복초효자초공동통학구역,1,41,465,7530000,경기도교육청,7751000,경기도용인교육지원청,2023-01-30,2023-01-31,7030,2026-03-20
Z000150303,동천초손곡초공동통학구역,1,41,465,7530000,경기도교육청,7751000,경기도용인교육지원청,2016-08-12,2023-01-31,6910,2026-03-20
Z000102073,하안초통학구역,0,41,210,7530000,경기도교육청,7591000,경기도광명교육지원청,2016-08-12,2020-08-25,316,2026-03-20
Z000150254,심학초운광초공동통학구역,1,41,480,7530000,경기도교육청,7681000,경기도파주교육지원청,2016-08-12,2021-02-23,1580,2026-03-20
Z000102621,운광초통학구역,0,41,480,7530000,경기도교육청,7681000,경기도파주교육지원청,2016-08-12,2021-02-23,2495,2026-03-20
Z000151290,칠원초대산초공동통학구역,1,48,730,9010000,경상남도교육청,9131000,경상남도함안교육지원청,2023-01-04,2023-01-17,1504,2026-03-20
Z000105551,토월초통학구역,0,48,123,9010000,경상남도교육청,9022000,경상남도창원교육지원청,2016-08-12,2022-11-01,3172,2026-03-20
Z000106030,한라초통학구역,0,50,110,9290000,제주특별자치도교육청,9296000,제주특별자치도제주시교육지원청,2016-08-12,2023-12-27,2445,2026-03-20
Z000150831,불국사초괘릉초사방초양동초모아초영지초신라초서라벌초모량초천포초연안초옥산초석계초안강초아화초의곡초화랑초공동(일방)통학구역,1,47,130,8750000,경상북도교육청,8771000,경상북도경주교육지원청,2020-02-03,2024-02-27,230,2026-03-20
Z000150832,입실초괘릉초사방초양동초모아초영지초신라초서라벌초모량초천포초연안초옥산초석계초안강초아화초의곡초화랑초공동(일방)통학구역,1,47,130,8750000,경상북도교육청,8771000,경상북도경주교육지원청,2020-02-03,2024-02-27,2915,2026-03-20
Z000150833,동천초괘릉초사방초양동초모아초영지초신라초서라벌초모량초천포초연안초옥산초석계초안강초아화초의곡초화랑초공동(일방)통학구역,1,47,130,8750000,경상북도교육청,8771000,경상북도경주교육지원청,2020-02-03,2024-02-27,4033,2026-03-20
Z000150574,사남초삼성초공동통학구역,1,48,240,9010000,경상남도교육청,9081000,경상남도사천교육지원청,2016-08-12,2024-02-27,6666,2026-03-20
Z000106161,옥정초통학구역,0,41,630,7530000,경기도교육청,7602000,경기도동두천양주교육지원청,2018-01-29,2024-02-27,659,2026-03-20
Z000106378,2024. 3월 연푸른초등학교 통학구역(작업 후),0,41,630,7530000,경기도교육청,7602000,경기도동두천양주교육지원청,2023-07-05,2024-02-27,5109,2026-03-20
Z000106352,인천이음초통학구역,0,28,260,7310000,인천광역시교육청,7361000,인천광역시서부교육지원청,2022-07-29,2024-03-05,212,2026-03-20
Z000151425,대구테크노초대구현풍초공동(일방)통학구역,1,27,710,7240000,대구광역시교육청,7281000,대구광역시달성교육지원청,2024-02-21,2024-02-27,696,2026-03-20
Z000151433,인천이음초인천한별초공동통학구역,1,28,260,7310000,인천광역시교육청,7361000,인천광역시서부교육지원청,2024-03-05,2024-03-05,6592,2026-03-20
Z000103802,온양동신초통학구역,0,44,200,8140000,충청남도교육청,8181000,충청남도아산교육지원청,2016-08-12,2023-12-11,1935,2026-03-20
Z000150584,예곡초유원초호암초대산초공동통학구역,1,48,730,9010000,경상남도교육청,9131000,경상남도함안교육지원청,2016-08-12,2023-01-17,261,2026-03-20
Z000103062,원주태장초통학구역,0,51,130,7801000,강원특별자치도교육청,7822000,강원특별자치도원주교육지원청,2016-08-12,2022-12-27,5720,2026-03-20
Z000151270,화동초팔봉초공동통학구역,1,44,210,8140000,충청남도교육청,8191000,충청남도서산교육지원청,2022-12-05,2023-01-17,519,2026-03-20
Z000100438,서울포이초통학구역,0,11,680,7010000,서울특별시교육청,7091300,서울특별시강남서초교육지원청,2016-08-12,2021-01-18,4473,2026-03-20
Z000100167,서울공릉초통학구역,0,11,350,7010000,서울특별시교육청,7051000,서울특별시북부교육지원청,2016-08-12,2020-09-07,127,2026-03-20
Z000100802,용암초통학구역,0,26,710,7150000,부산광역시교육청,7211000,부산광역시해운대교육지원청,2016-08-12,2021-02-05,1331,2026-03-20
Z000106393,포항용산초통학구역,0,47,111,8750000,경상북도교육청,8761000,경상북도포항교육지원청,2023-12-21,2024-02-27,2034,2026-03-20
Z000102028,상원초통학구역,0,41,192,7530000,경기도교육청,7581000,경기도부천교육지원청,2016-08-12,2024-03-29,3366,2026-03-20
Z000102771,정배초통학구역,0,41,830,7530000,경기도교육청,7731000,경기도양평교육지원청,2016-08-12,2016-08-12,5733,2026-03-20
Z000105124,구미사곡초통학구역,0,47,190,8750000,경상북도교육청,8801000,경상북도구미교육지원청,2016-08-12,2021-02-23,3844,2026-03-20
Z000151022,구미사곡초상모초공동통학구역,1,47,190,8750000,경상북도교육청,8801000,경상북도구미교육지원청,2020-12-16,2021-02-23,6488,2026-03-20
Z000150759,신천초덕산초공동통학구역,1,48,860,9010000,경상남도교육청,9191000,경상남도산청교육지원청,2019-07-09,2020-08-04,790,2026-03-20
Z000101622,한밭초통학구역,0,30,170,7430000,대전광역시교육청,7451000,대전광역시서부교육지원청,2016-08-12,2019-07-10,1170,2026-03-20
Z000103983,대흥초통학구역,0,44,810,8140000,충청남도교육청,8271000,충청남도예산교육지원청,2016-08-12,2016-08-12,5697,2026-03-20
Z000101927,오동초통학구역,0,41,150,7530000,경기도교육청,7561000,경기도의정부교육지원청,2016-08-12,2016-08-12,2475,2026-03-20
Z000102026,상동초통학구역,0,41,192,7530000,경기도교육청,7581000,경기도부천교육지원청,2016-08-12,2024-03-29,5134,2026-03-20
Z000101445,영천초통학구역,0,29,200,7380000,광주광역시교육청,7401000,광주광역시서부교육지원청,2016-08-12,2016-08-12,1291,2026-03-20
Z000101413,목련초통학구역,0,29,200,7380000,광주광역시교육청,7401000,광주광역시서부교육지원청,2016-08-12,2016-08-12,1295,2026-03-20
Z000102128,능길초통학구역,0,41,273,7530000,경기도교육청,7611000,경기도안산교육지원청,2016-08-12,2016-08-12,4814,2026-03-20
Z000106160,산현초통학구역,0,41,390,7530000,경기도교육청,7781000,경기도시흥교육지원청,2018-01-29,2018-01-29,5348,2026-03-20
Z000102988,신천초통학구역,0,41,390,7530000,경기도교육청,7781000,경기도시흥교육지원청,2016-08-12,2018-01-29,5690,2026-03-20
Z000100806,모전초통학구역,0,26,710,7150000,부산광역시교육청,7211000,부산광역시해운대교육지원청,2016-08-12,2018-01-30,2882,2026-03-20
Z000106305,퇴계초통학구역,0,51,110,7801000,강원특별자치도교육청,7812000,강원특별자치도춘천교육지원청,2020-12-22,2022-01-18,4371,2026-03-20
Z000103606,대소초통학구역,0,43,770,8000000,충청북도교육청,8101000,충청북도음성교육지원청,2016-08-12,2022-01-18,2103,2026-03-20
Z000151006,연무중앙초제한적공동(일방)통학구역,1,44,230,8140000,충청남도교육청,8222000,충청남도논산계룡교육지원청,2020-11-23,2022-02-24,3638,2026-03-20
Z000105145,선주초통학구역,0,47,190,8750000,경상북도교육청,8801000,경상북도구미교육지원청,2016-08-12,2023-01-17,3357,2026-03-20
Z000100292,서울송례초통학구역,0,11,710,7010000,서울특별시교육청,7130000,서울특별시강동송파교육지원청,2017-02-07,2021-02-05,1883,2026-03-20
Z000104407,임실기림초통학구역,0,52,750,8321000,전북특별자치도교육청,8432000,전북특별자치도임실교육지원청,2022-11-28,2024-02-23,5761,2026-03-20
Z000150919,충무공초갈전초공동(일방)통학구역,1,48,170,9010000,경상남도교육청,9051000,경상남도진주교육지원청,2020-02-20,2023-02-07,6165,2026-03-20
Z000151298,영덕야성초지품초공동(일방)통학구역,1,47,770,8750000,경상북도교육청,8901000,경상북도영덕교육지원청,2023-02-06,2023-02-14,244,2026-03-20
Z000100108,서울고척초통학구역,0,11,530,7010000,서울특별시교육청,7041000,서울특별시남부교육지원청,2016-08-12,2020-08-25,2702,2026-03-20
Z000105822,범어초통학구역,0,48,330,9010000,경상남도교육청,9151000,경상남도양산교육지원청,2016-08-12,2022-12-06,1664,2026-03-20
Z000105840,오봉초통학구역,0,48,330,9010000,경상남도교육청,9151000,경상남도양산교육지원청,2016-08-12,2022-12-06,767,2026-03-20
Z000105529,월영초통학구역,0,48,125,9010000,경상남도교육청,9022000,경상남도창원교육지원청,2016-08-12,2022-01-10,6845,2026-03-20
Z000102622,운정초통학구역,0,41,480,7530000,경기도교육청,7681000,경기도파주교육지원청,2016-08-12,2022-06-14,3662,2026-03-20
Z000150174,백송초한산초공동통학구역,1,41,287,7530000,경기도교육청,7621000,경기도고양교육지원청,2016-08-12,2022-06-14,6285,2026-03-20
Z000106132,글벗초통학구역,0,36,110,9300000,세종특별자치시교육청,9300000,세종특별자치시교육청,2017-02-10,2017-02-10,4000,2026-03-20
Z000105169,문수초통학구역,0,47,210,8750000,경상북도교육청,8811000,경상북도영주교육지원청,2016-08-12,2017-04-03,6984,2026-03-20
Z000105182,장수초통학구역,0,47,210,8750000,경상북도교육청,8811000,경상북도영주교육지원청,2016-08-12,2017-04-03,5076,2026-03-20
Z000151248,진천삼수초백곡초성암초학성초공동통학구역,1,43,750,8000000,충청북도교육청,8081000,충청북도진천교육지원청,2022-06-24,2022-06-28,5020,2026-03-20
Z000150519,건천초천포초공동통학구역,1,47,130,8750000,경상북도교육청,8771000,경상북도경주교육지원청,2016-08-12,2016-08-12,138,2026-03-20
Z000103387,대길초통학구역,0,43,114,8000000,충청북도교육청,8011000,충청북도청주교육지원청,2016-08-12,2019-08-20,4100,2026-03-20
Z000101670,주전초통학구역,0,31,200,7480000,울산광역시교육청,7491000,울산광역시강북교육지원청,2016-08-12,2019-04-02,2037,2026-03-20
Z000102444,천마초통학구역,0,41,360,7530000,경기도교육청,7652000,경기도구리남양주교육지원청,2016-08-12,2020-11-30,5758,2026-03-20
Z000102574,향남초통학구역,0,41,590,7530000,경기도교육청,7679000,경기도화성오산교육지원청,2016-08-12,2021-02-01,1448,2026-03-20
Z000103094,신왕초통학구역,0,51,150,7801000,강원특별자치도교육청,7832000,강원특별자치도강릉교육지원청,2016-08-12,2021-01-08,6239,2026-03-20
Z000105818,덕계초통학구역,0,48,330,9010000,경상남도교육청,9151000,경상남도양산교육지원청,2016-08-12,2021-02-23,6413,2026-03-20
Z000105050,천북초통학구역,0,47,130,8750000,경상북도교육청,8771000,경상북도경주교육지원청,2016-08-12,2021-02-23,5283,2026-03-20
Z000102250,신능초통학구역,0,41,281,7530000,경기도교육청,7621000,경기도고양교육지원청,2016-08-12,2016-08-12,7062,2026-03-20
Z000105736,계룡초통학구역,0,48,310,9010000,경상남도교육청,9111000,경상남도거제교육지원청,2016-08-12,2016-08-12,748,2026-03-20
Z000103019,중앙초통학구역,0,51,110,7801000,강원특별자치도교육청,7812000,강원특별자치도춘천교육지원청,2016-08-12,2016-08-12,4370,2026-03-20
Z000103149,송포초통학구역,0,51,830,7801000,강원특별자치도교육청,7863000,강원특별자치도속초양양교육지원청,2016-08-12,2016-08-12,1641,2026-03-20
Z000103267,방림초통학구역,0,51,760,7801000,강원특별자치도교육청,7912000,강원특별자치도평창교육지원청,2016-08-12,2016-08-12,5426,2026-03-20
Z000150118,민락초오동초공동통학구역,1,41,150,7530000,경기도교육청,7561000,경기도의정부교육지원청,2016-08-12,2016-08-12,4261,2026-03-20
Z000102014,부천송일초통학구역,0,41,194,7530000,경기도교육청,7581000,경기도부천교육지원청,2016-08-12,2024-03-29,5676,2026-03-20
Z000100274,서울마천초통학구역,0,11,710,7010000,서울특별시교육청,7130000,서울특별시강동송파교육지원청,2016-08-12,2022-02-15,5542,2026-03-20
Z000106348,서울위례솔초통학구역,0,11,710,7010000,서울특별시교육청,7130000,서울특별시강동송파교육지원청,2022-02-10,2022-02-15,5461,2026-03-20
Z000151178,답내초대성초공동통학구역,1,41,360,7530000,경기도교육청,7652000,경기도구리남양주교육지원청,2022-02-22,2022-03-08,4742,2026-03-20
Z000103444,죽림초통학구역,0,43,113,8000000,충청북도교육청,8011000,충청북도청주교육지원청,2016-08-12,2020-08-31,3970,2026-03-20
Z000100855,호암초통학구역,0,26,500,7150000,부산광역시교육청,7211000,부산광역시해운대교육지원청,2016-08-12,2020-10-27,3762,2026-03-20
Z000105754,오비초통학구역,0,48,310,9010000,경상남도교육청,9111000,경상남도거제교육지원청,2016-08-12,2017-04-03,5193,2026-03-20
Z000103615,수봉초통학구역,0,43,770,8000000,충청북도교육청,8101000,충청북도음성교육지원청,2016-08-12,2021-02-23,5229,2026-03-20
Z000105716,부북초통학구역,0,48,270,9010000,경상남도교육청,9101000,경상남도밀양교육지원청,2016-08-12,2020-12-10,4525,2026-03-20
Z000103043,명륜초통학구역,0,51,130,7801000,강원특별자치도교육청,7822000,강원특별자치도원주교육지원청,2016-08-12,2020-12-10,5782,2026-03-20
Z000100723,충렬초통학구역,0,26,260,7150000,부산광역시교육청,7191000,부산광역시동래교육지원청,2016-08-12,2020-08-26,1972,2026-03-20
Z000150056,주감초주양초공동통학구역,1,26,530,7150000,부산광역시교육청,7201000,부산광역시북부교육지원청,2016-08-12,2020-12-02,4354,2026-03-20
Z000102419,별내초통학구역,0,41,360,7530000,경기도교육청,7652000,경기도구리남양주교육지원청,2016-08-12,2016-08-12,126,2026-03-20
Z000103803,온양신정초통학구역,0,44,200,8140000,충청남도교육청,8181000,충청남도아산교육지원청,2016-08-12,2016-08-12,1452,2026-03-20
Z000150163,능곡초대곡초공동통학구역,1,41,281,7530000,경기도교육청,7621000,경기도고양교육지원청,2016-08-12,2016-08-12,2239,2026-03-20
Z000102495,능동초통학구역,0,41,590,7530000,경기도교육청,7679000,경기도화성오산교육지원청,2016-08-12,2016-08-19,6201,2026-03-20
Z000102763,양서초통학구역,0,41,830,7530000,경기도교육청,7731000,경기도양평교육지원청,2016-08-12,2022-11-29,720,2026-03-20
Z000102473,여주초통학구역,0,41,670,7530000,경기도교육청,7661000,경기도여주교육지원청,2016-08-12,2022-12-27,5865,2026-03-20
Z000102470,세종초통학구역,0,41,670,7530000,경기도교육청,7661000,경기도여주교육지원청,2016-08-12,2022-12-27,3214,2026-03-20
Z000103610,무극초통학구역,0,43,770,8000000,충청북도교육청,8101000,충청북도음성교육지원청,2016-08-12,2021-02-23,5868,2026-03-20
Z000150995,용화초온양중앙초공동통학구역,1,44,200,8140000,충청남도교육청,8181000,충청남도아산교육지원청,2020-09-09,2020-09-09,4167,2026-03-20
Z000106225,은솔초통학구역,0,41,360,7530000,경기도교육청,7652000,경기도구리남양주교육지원청,2019-04-30,2020-11-30,6655,2026-03-20
Z000102447,판곡초통학구역,0,41,360,7530000,경기도교육청,7652000,경기도구리남양주교육지원청,2016-08-12,2020-11-30,2387,2026-03-20
Z000103795,아산용연초통학구역,0,44,200,8140000,충청남도교육청,8181000,충청남도아산교육지원청,2016-08-12,2020-09-09,1260,2026-03-20
Z000150219,삼미초수청초필봉초공동통학구역,1,41,370,7530000,경기도교육청,7679000,경기도화성오산교육지원청,2016-08-12,2020-12-02,7140,2026-03-20
Z000101050,대구금포초통학구역,0,27,710,7240000,대구광역시교육청,7281000,대구광역시달성교육지원청,2016-08-12,2020-12-02,698,2026-03-20
Z000102505,매홀초통학구역,0,41,370,7530000,경기도교육청,7679000,경기도화성오산교육지원청,2016-08-12,2020-12-02,1657,2026-03-20
Z000102584,화성초통학구역,0,41,370,7530000,경기도교육청,7679000,경기도화성오산교육지원청,2016-08-12,2020-12-02,4394,2026-03-20
Z000150616,보성초서광초덕수초무릉초공동통학구역,1,50,130,9290000,제주특별자치도교육청,9299000,제주특별자치도서귀포시교육지원청,2016-08-12,2023-01-17,196,2026-03-20
Z000105341,축산항초통학구역,0,47,770,8750000,경상북도교육청,8901000,경상북도영덕교육지원청,2016-08-12,2023-01-17,1119,2026-03-20
Z000150978,예산초삽교초용동초공동(일방)통학구역,1,44,810,8140000,충청남도교육청,8271000,충청남도예산교육지원청,2020-06-03,2023-01-17,5643,2026-03-20
Z000150980,신례원초삽교초용동초공동(일방)통학구역,1,44,810,8140000,충청남도교육청,8271000,충청남도예산교육지원청,2020-06-08,2023-01-17,328,2026-03-20
Z000105125,구미신평초통학구역,0,47,190,8750000,경상북도교육청,8801000,경상북도구미교육지원청,2016-08-12,2023-01-17,6493,2026-03-20
Z000151095,진목초광역통학구역,1,48,310,9010000,경상남도교육청,9111000,경상남도거제교육지원청,2021-01-29,2021-02-23,2302,2026-03-20
Z000103107,주영초통학구역,0,51,150,7801000,강원특별자치도교육청,7832000,강원특별자치도강릉교육지원청,2016-08-12,2021-01-06,4528,2026-03-20
Z000101871,성남수정초통학구역,0,41,131,7530000,경기도교육청,7551000,경기도성남교육지원청,2016-08-12,2016-08-12,1881,2026-03-20
Z000100837,일광초통학구역,0,26,710,7150000,부산광역시교육청,7211000,부산광역시해운대교육지원청,2016-08-12,2023-09-19,1334,2026-03-20
Z000101850,대하초통학구역,0,41,133,7530000,경기도교육청,7551000,경기도성남교육지원청,2016-08-12,2023-11-07,6303,2026-03-20
Z000150991,무안초제한적공동통학구역,1,46,840,8490000,전라남도교육청,8661000,전라남도무안교육지원청,2020-08-25,2023-11-07,4232,2026-03-20
Z000150993,오룡초제한적공동통학구역,1,46,840,8490000,전라남도교육청,8661000,전라남도무안교육지원청,2020-08-25,2023-11-07,3310,2026-03-20
Z000102349,군포신기초통학구역,0,41,410,7530000,경기도교육청,7642000,경기도군포의왕교육지원청,2016-08-12,2016-08-12,2060,2026-03-20
Z000106136,전주하가초통학구역,0,52,113,8321000,전북특별자치도교육청,8332000,전북특별자치도전주교육지원청,2017-02-10,2024-02-23,687,2026-03-20
Z000150635,율곡초운곡초공동통학구역,1,47,150,8750000,경상북도교육청,8781000,경상북도김천교육지원청,2017-02-13,2017-02-13,3525,2026-03-20
Z000104801,독천초통학구역,0,46,830,8490000,전라남도교육청,8651000,전라남도영암교육지원청,2016-08-12,2017-02-14,2366,2026-03-20
Z000106179,대구서동초통학구역,0,27,710,7240000,대구광역시교육청,7281000,대구광역시달성교육지원청,2018-03-20,2018-03-20,6042,2026-03-20
Z000151237,안중초현일초공동통학구역,1,41,220,7530000,경기도교육청,7631000,경기도평택교육지원청,2022-02-28,2022-03-08,818,2026-03-20
Z000102340,현촌초통학구역,0,41,220,7530000,경기도교육청,7631000,경기도평택교육지원청,2016-08-12,2022-03-08,953,2026-03-20
Z000106247,용죽초통학구역,0,41,220,7530000,경기도교육청,7631000,경기도평택교육지원청,2019-09-04,2022-03-08,2754,2026-03-20
Z000150494,옥천초해남동초해남서초공동통학구역,1,46,820,8490000,전라남도교육청,8641000,전라남도해남교육지원청,2016-08-12,2016-08-12,1541,2026-03-20
Z000104102,전주원동초통학구역,0,52,113,8321000,전북특별자치도교육청,8332000,전북특별자치도전주교육지원청,2016-08-12,2024-02-23,4458,2026-03-20
Z000104095,전주완산초통학구역,0,52,111,8321000,전북특별자치도교육청,8332000,전북특별자치도전주교육지원청,2016-08-12,2024-02-23,6297,2026-03-20
Z000100878,대구들안길초통학구역,0,27,260,7240000,대구광역시교육청,7251000,대구광역시동부교육지원청,2016-08-12,2016-08-12,6072,2026-03-20
Z000105953,봉산초통학구역,0,48,890,9010000,경상남도교육청,9221000,경상남도합천교육지원청,2016-08-12,2016-08-12,2250,2026-03-20
Z000104096,전주용덕초통학구역,0,52,113,8321000,전북특별자치도교육청,8332000,전북특별자치도전주교육지원청,2016-08-12,2024-02-23,2680,2026-03-20
Z000100616,개림초통학구역,0,26,230,7150000,부산광역시교육청,7181000,부산광역시남부교육지원청,2016-08-12,2020-12-02,2564,2026-03-20
Z000150049,주양초개림초공동통학구역,1,26,530,7150000,부산광역시교육청,7181000,부산광역시북부교육지원청,2016-08-12,2020-12-02,2562,2026-03-20
Z000151289,군북초월촌초공동통학구역,1,48,730,9010000,경상남도교육청,9131000,경상남도함안교육지원청,2023-01-04,2023-01-17,3646,2026-03-20
Z000106088,금남초통학구역,0,36,110,9300000,세종특별자치시교육청,9300000,세종특별자치시교육청,2019-05-14,2023-01-17,5613,2026-03-20
Z000106166,다정초통학구역,0,36,110,9300000,세종특별자치시교육청,9300000,세종특별자치시교육청,2018-03-06,2023-01-17,1467,2026-03-20
Z000151285,다정초새움초공동통학구역,1,36,110,9300000,세종특별자치시교육청,9300000,세종특별자치시교육청,2022-12-26,2023-01-17,3277,2026-03-20
Z000104434,봉암초통학구역,0,52,790,8321000,전북특별자치도교육청,8452000,전북특별자치도고창교육지원청,2016-08-12,2024-02-23,357,2026-03-20
Z000151020,천북초용강초공동통학구역,1,47,130,8750000,경상북도교육청,8771000,경상북도경주교육지원청,2020-12-15,2021-02-23,2274,2026-03-20
Z000105501,석동초통학구역,0,48,129,9010000,경상남도교육청,9022000,경상남도창원교육지원청,2016-08-12,2020-08-31,3176,2026-03-20
Z000100880,대구매동초통학구역,0,27,260,7240000,대구광역시교육청,7251000,대구광역시동부교육지원청,2016-08-12,2022-12-06,499,2026-03-20
Z000151097,아주초광역통학구역,1,48,310,9010000,경상남도교육청,9111000,경상남도거제교육지원청,2021-01-29,2021-02-23,2305,2026-03-20
Z000101096,인천서화초통학구역,0,28,177,7310000,인천광역시교육청,7321000,인천광역시남부교육지원청,2018-09-19,2023-01-25,4235,2026-03-20
Z000103082,옥계초금진분교장통학구역,0,51,150,7801000,강원특별자치도교육청,7832000,강원특별자치도강릉교육지원청,2016-08-12,2020-01-21,4058,2026-03-20
Z000103264,도성초통학구역,0,51,760,7801000,강원특별자치도교육청,7912000,강원특별자치도평창교육지원청,2016-08-12,2016-08-12,1640,2026-03-20
Z000150098,매탄초효동초공동통학구역,1,41,117,7530000,경기도교육청,7541000,경기도수원교육지원청,2016-08-12,2016-08-12,1851,2026-03-20
Z000150292,대성초청평초공동통학구역,1,41,820,7530000,경기도교육청,7721000,경기도가평교육지원청,2016-08-12,2022-03-08,5629,2026-03-20
Z000101888,야탑초통학구역,0,41,135,7530000,경기도교육청,7551000,경기도성남교육지원청,2016-08-12,2018-02-22,2758,2026-03-20
Z000103651,성신초통학구역,0,44,133,8140000,충청남도교육청,8151000,충청남도천안교육지원청,2016-08-12,2022-01-10,2752,2026-03-20
Z000103652,성환초통학구역,0,44,133,8140000,충청남도교육청,8151000,충청남도천안교육지원청,2016-08-12,2022-01-10,2660,2026-03-20
Z000103703,천안중앙초통학구역,0,44,131,8140000,충청남도교육청,8151000,충청남도천안교육지원청,2016-08-12,2022-01-10,123,2026-03-20
Z000151274,충주성남초동량초공동통학구역,1,43,130,8000000,충청북도교육청,8021000,충청북도충주교육지원청,2022-12-12,2023-01-17,1266,2026-03-20
Z000104346,봉성초통학구역,0,52,710,8321000,전북특별자치도교육청,8392000,전북특별자치도완주교육지원청,2016-08-12,2024-02-23,6176,2026-03-20
Z000102613,석곶초통학구역,0,41,480,7530000,경기도교육청,7681000,경기도파주교육지원청,2016-08-12,2021-02-23,2003,2026-03-20
Z000102951,김포서초통학구역,0,41,570,7530000,경기도교육청,7771000,경기도김포교육지원청,2016-08-12,2021-07-06,1251,2026-03-20
Z000102942,감정초통학구역,0,41,570,7530000,경기도교육청,7771000,경기도김포교육지원청,2016-08-12,2021-07-06,1254,2026-03-20
Z000102953,김포초통학구역,0,41,570,7530000,경기도교육청,7771000,경기도김포교육지원청,2016-08-12,2021-07-06,3067,2026-03-20
Z000101744,고현초통학구역,0,41,113,7530000,경기도교육청,7541000,경기도수원교육지원청,2016-08-12,2020-10-06,5043,2026-03-20
Z000101743,고색초통학구역,0,41,113,7530000,경기도교육청,7541000,경기도수원교육지원청,2016-08-12,2020-10-06,5923,2026-03-20
Z000101088,인천대화초통학구역,0,28,177,7310000,인천광역시교육청,7321000,인천광역시남부교육지원청,2018-09-19,2023-01-25,3326,2026-03-20
Z000151288,인천대화초인천서화초공동통학구역,1,28,177,7310000,인천광역시교육청,7321000,인천광역시남부교육지원청,2022-12-29,2023-01-25,5968,2026-03-20
Z000102021,부천일신초통학구역,0,41,194,7530000,경기도교육청,7581000,경기도부천교육지원청,2016-08-12,2024-03-29,3119,2026-03-20
Z000102000,부원초통학구역,0,41,194,7530000,경기도교육청,7581000,경기도부천교육지원청,2016-08-12,2024-03-29,374,2026-03-20
Z000104241,황등초통학구역,0,52,140,8321000,전북특별자치도교육청,8352000,전북특별자치도익산교육지원청,2016-08-12,2024-02-23,4303,2026-03-20
Z000104202,용산초통학구역,0,52,140,8321000,전북특별자치도교육청,8352000,전북특별자치도익산교육지원청,2016-08-12,2024-02-23,5599,2026-03-20
Z000150385,수성초수성초구성분교공동통학구역,1,43,114,8000000,충청북도교육청,8011000,충청북도청주교육지원청,2016-08-12,2022-03-29,25,2026-03-20
Z000103424,수성초구성분교장통학구역,0,43,114,8000000,충청북도교육청,8011000,충청북도청주교육지원청,2016-08-12,2022-03-29,4504,2026-03-20
Z000103442,주성초통학구역,0,43,111,8000000,충청북도교육청,8011000,충청북도청주교육지원청,2016-08-12,2022-03-29,4886,2026-03-20
Z000101560,대전선유초통학구역,0,30,170,7430000,대전광역시교육청,7451000,대전광역시서부교육지원청,2016-08-12,2019-07-01,1983,2026-03-20
Z000104351,삼우초통학구역,0,52,710,8321000,전북특별자치도교육청,8392000,전북특별자치도완주교육지원청,2016-08-12,2024-02-23,590,2026-03-20
Z000104347,비봉초통학구역,0,52,710,8321000,전북특별자치도교육청,8392000,전북특별자치도완주교육지원청,2016-08-12,2024-02-23,1773,2026-03-20
Z000104191,성당초통학구역,0,52,140,8321000,전북특별자치도교육청,8352000,전북특별자치도익산교육지원청,2016-08-12,2024-02-23,6478,2026-03-20
Z000102696,연천왕산초통학구역,0,41,800,7530000,경기도교육청,7701000,경기도연천교육지원청,2016-08-12,2018-05-15,1934,2026-03-20
Z000150474,금천초빛가람초공동통학구역,1,46,170,8490000,전라남도교육청,8531000,전라남도나주교육지원청,2016-08-12,2022-12-06,3926,2026-03-20
Z000105455,가포초통학구역,0,48,125,9010000,경상남도교육청,9022000,경상남도창원교육지원청,2016-08-12,2022-12-13,6856,2026-03-20
Z000106357,건천초통학구역,0,47,130,8750000,경상북도교육청,8771000,경상북도경주교육지원청,2020-02-03,2023-01-17,1084,2026-03-20
Z000150890,영양초일월초공동(일방)통학구역,1,47,760,8750000,경상북도교육청,8891000,경상북도영양교육지원청,2020-02-13,2023-01-17,1969,2026-03-20
Z000103612,삼성초통학구역,0,43,770,8000000,충청북도교육청,8101000,충청북도음성교육지원청,2016-08-12,2023-01-17,5366,2026-03-20
Z000106359,도덕초통학구역,0,41,210,7530000,경기도교육청,7591000,경기도광명교육지원청,2022-11-09,2023-01-17,5000,2026-03-20
Z000101348,광주운암초통학구역,0,29,170,7380000,광주광역시교육청,7391000,광주광역시동부교육지원청,2016-08-12,2023-01-17,4999,2026-03-20
Z000151027,대구강림초대구반송초공동(일방)통학구역,1,27,710,7240000,대구광역시교육청,7281000,대구광역시달성교육지원청,2020-12-17,2021-02-23,1871,2026-03-20
Z000150342,개곡초하성초공동통학구역,1,41,570,7530000,경기도교육청,7771000,경기도김포교육지원청,2016-08-12,2021-07-06,2172,2026-03-20
Z000100130,서울문래초통학구역,0,11,560,7010000,서울특별시교육청,7041000,서울특별시남부교육지원청,2016-08-12,2016-08-12,3880,2026-03-20
Z000151083,문발초청석초공동통학구역,1,41,480,7530000,경기도교육청,7681000,경기도파주교육지원청,2021-01-12,2021-02-23,6594,2026-03-20
Z000105708,칠산초통학구역,0,48,250,9010000,경상남도교육청,9091000,경상남도김해교육지원청,2016-08-12,2021-02-02,3812,2026-03-20
Z000101988,계남초통학구역,0,41,192,7530000,경기도교육청,7581000,경기도부천교육지원청,2016-08-12,2024-03-29,1235,2026-03-20
Z000101275,인천금곡초통학구역,0,28,260,7310000,인천광역시교육청,7361000,인천광역시서부교육지원청,2016-08-12,2019-07-23,5029,2026-03-20
Z000150762,군산중앙초군산풍문초공동통학구역,1,52,130,8321000,전북특별자치도교육청,8342000,전북특별자치도군산교육지원청,2019-07-22,2024-02-23,6595,2026-03-20
Z000102134,덕인초통학구역,0,41,273,7530000,경기도교육청,7611000,경기도안산교육지원청,2016-08-12,2019-07-22,4415,2026-03-20
Z000105583,배영초통학구역,0,48,170,9010000,경상남도교육청,9051000,경상남도진주교육지원청,2016-08-12,2019-11-28,6664,2026-03-20
Z000150236,진안초태안초공동통학구역,1,41,590,7530000,경기도교육청,7679000,경기도화성오산교육지원청,2016-08-12,2021-07-06,943,2026-03-20
Z000104957,대이초통학구역,0,47,111,8750000,경상북도교육청,8761000,경상북도포항교육지원청,2016-08-12,2022-11-29,6159,2026-03-20
Z000106270,평택대동초통학구역,0,41,220,7530000,경기도교육청,7631000,경기도평택교육지원청,2020-01-06,2022-12-27,2763,2026-03-20
Z000100237,서울세검정초통학구역,0,11,110,7010000,서울특별시교육청,7061000,서울특별시중부교육지원청,2016-08-12,2017-02-06,5038,2026-03-20
Z000103058,신림초통학구역,0,51,130,7801000,강원특별자치도교육청,7822000,강원특별자치도원주교육지원청,2016-08-12,2016-08-12,2253,2026-03-20
Z000151352,오룡초무안행복초제한적공동통학구역,1,46,840,8490000,전라남도교육청,8661000,전라남도무안교육지원청,2016-08-12,2023-11-07,621,2026-03-20
Z000151026,대구대실초대구동곡초공동(일방)통학구역,1,27,710,7240000,대구광역시교육청,7281000,대구광역시달성교육지원청,2020-12-17,2021-02-23,4293,2026-03-20
Z000104499,목포한빛초통학구역,0,46,110,8490000,전라남도교육청,8501000,전라남도목포교육지원청,2016-08-12,2021-02-23,5079,2026-03-20
Z000151025,여수미평초여수양지초여천초공동통학구역,1,46,130,8490000,전라남도교육청,8511000,전라남도여수교육지원청,2020-12-16,2021-02-23,6105,2026-03-20
Z000106147,진해신항초통학구역,0,48,129,9010000,경상남도교육청,9022000,경상남도창원교육지원청,2017-02-23,2022-11-01,2734,2026-03-20
Z000150994,남해초해양초이동초공동통학구역,1,48,840,9010000,경상남도교육청,9171000,경상남도남해교육지원청,2020-08-31,2020-08-31,2266,2026-03-20
Z000100240,서울용산초통학구역,0,11,170,7010000,서울특별시교육청,7061000,서울특별시중부교육지원청,2016-08-12,2020-08-31,4091,2026-03-20
Z000104097,전주용소초통학구역,0,52,113,8321000,전북특별자치도교육청,8332000,전북특별자치도전주교육지원청,2016-08-12,2024-02-23,3380,2026-03-20
Z000105940,웅양초통학구역,0,48,880,9010000,경상남도교육청,9211000,경상남도거창교육지원청,2016-08-12,2016-08-12,5722,2026-03-20
Z000105873,남명초통학구역,0,48,840,9010000,경상남도교육청,9171000,경상남도남해교육지원청,2016-08-12,2016-08-12,5778,2026-03-20
Z000106127,서울위례별초통학구역,0,11,710,7010000,서울특별시교육청,7130000,서울특별시강동송파교육지원청,2017-02-07,2017-02-07,1890,2026-03-20
Z000101070,대구하빈초통학구역,0,27,710,7240000,대구광역시교육청,7281000,대구광역시달성교육지원청,2016-08-12,2017-03-30,1610,2026-03-20
Z000102453,호평초통학구역,0,41,360,7530000,경기도교육청,7652000,경기도구리남양주교육지원청,2016-08-12,2020-11-30,1481,2026-03-20
Z000151179,창녕초광역통학구역,1,48,740,9010000,경상남도교육청,9141000,경상남도창녕교육지원청,2021-12-07,2023-01-17,1337,2026-03-20
Z000151181,명덕초광역통학구역,1,48,740,9010000,경상남도교육청,9141000,경상남도창녕교육지원청,2021-12-07,2023-01-17,4714,2026-03-20
Z000151182,남지초광역통학구역,1,48,740,9010000,경상남도교육청,9141000,경상남도창녕교육지원청,2021-12-07,2023-01-17,4295,2026-03-20
Z000151048,동광초종곡초수정초내북초공동(일방)통학구역,1,43,720,8000000,충청북도교육청,8051000,충청북도보은교육지원청,2020-12-22,2023-01-17,1954,2026-03-20
Z000103533,수정초통학구역,0,43,720,8000000,충청북도교육청,8051000,충청북도보은교육지원청,2016-08-12,2023-01-17,3139,2026-03-20
Z000151271,표선초성읍초공동통학구역,1,50,130,9290000,제주특별자치도교육청,9299000,제주특별자치도서귀포시교육지원청,2023-01-03,2023-01-17,4423,2026-03-20
Z000102967,양곡초통학구역,0,41,570,7530000,경기도교육청,7771000,경기도김포교육지원청,2016-08-12,2022-12-27,559,2026-03-20
Z000103844,팔봉초통학구역,0,44,210,8140000,충청남도교육청,8191000,충청남도서산교육지원청,2016-08-12,2023-01-17,4215,2026-03-20
Z000150576,사천초축동초공동통학구역,1,48,240,9010000,경상남도교육청,9081000,경상남도사천교육지원청,2016-08-12,2023-01-17,507,2026-03-20
Z000106336,포담초통학구역,0,41,650,7530000,경기도교육청,7711000,경기도포천교육지원청,2021-12-14,2023-01-17,3127,2026-03-20
Z000100814,반여초통학구역,0,26,350,7150000,부산광역시교육청,7211000,부산광역시해운대교육지원청,2016-08-12,2021-02-08,1089,2026-03-20
Z000103152,상평초오색분교장통학구역,0,51,830,7801000,강원특별자치도교육청,7863000,강원특별자치도속초양양교육지원청,2016-08-12,2020-01-21,2520,2026-03-20
Z000106125,청아초통학구역,0,41,450,7530000,경기도교육청,7692000,경기도광주하남교육지원청,2017-02-07,2020-09-08,6183,2026-03-20
Z000150154,고양동산초용두초공동통학구역,1,41,281,7530000,경기도교육청,7621000,경기도고양교육지원청,2016-08-12,2021-07-20,3589,2026-03-20
Z000103261,계촌초통학구역,0,51,760,7801000,강원특별자치도교육청,7912000,강원특별자치도평창교육지원청,2016-08-12,2016-08-12,5604,2026-03-20
Z000101847,당촌초통학구역,0,41,135,7530000,경기도교육청,7551000,경기도성남교육지원청,2016-08-12,2016-08-12,4556,2026-03-20
Z000102616,연풍초통학구역,0,41,480,7530000,경기도교육청,7681000,경기도파주교육지원청,2016-08-12,2016-08-12,17,2026-03-20
Z000106129,새뜸초통학구역,0,36,110,9300000,세종특별자치시교육청,9300000,세종특별자치시교육청,2017-02-10,2017-02-10,4178,2026-03-20
Z000150632,서울송례초서울위례별초공동통학구역,1,11,710,7010000,서울특별시교육청,7130000,서울특별시강동송파교육지원청,2017-02-07,2017-02-07,6288,2026-03-20
Z000150633,평원초무실초공동통학구역,1,51,130,7801000,강원특별자치도교육청,7822000,강원특별자치도원주교육지원청,2016-08-12,2017-02-07,2261,2026-03-20
Z000102435,장승초통학구역,0,41,360,7530000,경기도교육청,7652000,경기도구리남양주교육지원청,2016-08-12,2016-08-12,7121,2026-03-20
Z000103690,천안신안초통학구역,0,44,131,8140000,충청남도교육청,8151000,충청남도천안교육지원청,2016-08-12,2016-08-12,2612,2026-03-20
Z000103904,규암초통학구역,0,44,760,8140000,충청남도교육청,8231000,충청남도부여교육지원청,2016-08-12,2016-08-12,3877,2026-03-20
Z000150630,서울숭신초서울무학초공동통학구역,1,11,200,7010000,서울특별시교육청,7134000,서울특별시성동광진교육지원청,2016-08-12,2020-12-03,5496,2026-03-20
Z000100238,서울신당초통학구역,0,11,140,7010000,서울특별시교육청,7061000,서울특별시중부교육지원청,2016-08-12,2020-12-03,5493,2026-03-20
Z000100021,서울안평초통학구역,0,11,230,7010000,서울특별시교육청,7021000,서울특별시동부교육지원청,2016-08-12,2016-08-12,3479,2026-03-20
Z000100799,남천초통학구역,0,26,500,7150000,부산광역시교육청,7211000,부산광역시해운대교육지원청,2016-08-12,2021-02-08,4656,2026-03-20
Z000104442,아산초통학구역,0,52,790,8321000,전북특별자치도교육청,8452000,전북특별자치도고창교육지원청,2016-08-12,2024-02-23,5487,2026-03-20
Z000151287,수정초화령초공동통학구역,1,43,720,8000000,충청북도교육청,8051000,충청북도보은교육지원청,2022-12-27,2023-01-17,450,2026-03-20
Z000102486,갈천초통학구역,0,41,590,7530000,경기도교육청,7679000,경기도화성오산교육지원청,2016-08-12,2020-12-08,4166,2026-03-20
Z000102515,사창초통학구역,0,41,590,7530000,경기도교육청,7679000,경기도화성오산교육지원청,2016-08-12,2020-12-08,6815,2026-03-20
Z000102749,조종초통학구역,0,41,820,7530000,경기도교육청,7721000,경기도가평교육지원청,2016-08-12,2021-02-23,5174,2026-03-20
Z000102757,대아초통학구역,0,41,830,7530000,경기도교육청,7731000,경기도양평교육지원청,2016-08-12,2022-11-29,1432,2026-03-20
Z000150797,관산초별망초안산원곡초초지초능길초공동통학구역,1,41,273,7530000,경기도교육청,7611000,경기도안산교육지원청,2019-12-23,2022-11-29,3120,2026-03-20
Z000103722,마곡초통학구역,0,44,150,8140000,충청남도교육청,8161000,충청남도공주교육지원청,2016-08-12,2016-08-12,7002,2026-03-20
Z000102450,풍양초통학구역,0,41,360,7530000,경기도교육청,7652000,경기도구리남양주교육지원청,2016-08-12,2016-08-12,5308,2026-03-20
Z000106344,한들물빛초통학구역,0,44,200,8140000,충청남도교육청,8181000,충청남도아산교육지원청,2022-01-10,2022-06-21,3345,2026-03-20
Z000100044,서울구산초통학구역,0,11,380,7010000,서울특별시교육청,7031000,서울특별시서부교육지원청,2016-08-12,2016-08-12,6128,2026-03-20
Z000104240,황등남초통학구역,0,52,140,8321000,전북특별자치도교육청,8352000,전북특별자치도익산교육지원청,2016-08-12,2024-02-23,6960,2026-03-20
Z000105605,촉석초통학구역,0,48,170,9010000,경상남도교육청,9051000,경상남도진주교육지원청,2016-08-12,2021-02-23,4869,2026-03-20
Z000151052,용천초쌍봉초오선초공동(일방)통학구역,1,43,770,8000000,충청북도교육청,8101000,충청북도음성교육지원청,2021-01-04,2021-02-23,3207,2026-03-20
Z000150814,용천초쌍봉초공동(일방)통학구역,1,43,770,8000000,충청북도교육청,8101000,충청북도음성교육지원청,2020-01-13,2021-02-23,5505,2026-03-20
Z000105693,우암초통학구역,0,48,250,9010000,경상남도교육청,9091000,경상남도김해교육지원청,2016-08-12,2021-02-02,6460,2026-03-20
Z000105662,김해내동초통학구역,0,48,250,9010000,경상남도교육청,9091000,경상남도김해교육지원청,2016-08-12,2021-02-02,2054,2026-03-20
Z000101193,인천사리울초통학구역,0,28,200,7310000,인천광역시교육청,7341000,인천광역시동부교육지원청,2020-02-14,2021-02-23,215,2026-03-20
Z000105530,월포초통학구역,0,48,125,9010000,경상남도교육청,9022000,경상남도창원교육지원청,2016-08-12,2022-01-10,1495,2026-03-20
Z000102977,푸른솔초통학구역,0,41,570,7530000,경기도교육청,7771000,경기도김포교육지원청,2016-08-12,2022-01-10,5086,2026-03-20
Z000103322,풍산초통학구역,0,51,790,7801000,강원특별자치도교육청,7942000,강원특별자치도화천교육지원청,2016-08-12,2016-08-12,7021,2026-03-20
Z000103360,대진초통학구역,0,51,820,7801000,강원특별자치도교육청,7972000,강원특별자치도고성교육지원청,2016-08-12,2025-03-19,6498,2026-03-20
Z000103335,귀둔초통학구역,0,51,810,7801000,강원특별자치도교육청,7962000,강원특별자치도인제교육지원청,2016-08-12,2016-08-12,959,2026-03-20
Z000103362,동광초통학구역,0,51,820,7801000,강원특별자치도교육청,7972000,강원특별자치도고성교육지원청,2016-08-12,2016-08-12,6045,2026-03-20
Z000150071,광주농성초광주월산초공동통학구역,1,29,155,7380000,광주광역시교육청,7401000,광주광역시서부교육지원청,2016-08-12,2018-02-06,1186,2026-03-20
Z000102588,가온초통학구역,0,41,480,7530000,경기도교육청,7681000,경기도파주교육지원청,2016-08-12,2021-02-23,1588,2026-03-20
Z000102633,청암초통학구역,0,41,480,7530000,경기도교육청,7681000,경기도파주교육지원청,2016-08-12,2021-02-23,6932,2026-03-20
Z000150962,서산석림초오산초공동(일방)통학구역,1,44,210,8140000,충청남도교육청,8191000,충청남도서산교육지원청,2020-03-24,2020-12-17,4227,2026-03-20
Z000100120,서울대방초통학구역,0,11,560,7010000,서울특별시교육청,7041000,서울특별시남부교육지원청,2016-08-12,2020-09-28,4404,2026-03-20
Z000150996,서울대영초서울우신초공동통학구역,1,11,560,7010000,서울특별시교육청,7041000,서울특별시남부교육지원청,2020-09-28,2020-09-28,1715,2026-03-20
Z000100899,대구시지초통학구역,0,27,260,7240000,대구광역시교육청,7251000,대구광역시동부교육지원청,2016-08-12,2022-12-06,1370,2026-03-20
Z000102256,오마초통학구역,0,41,287,7530000,경기도교육청,7621000,경기도고양교육지원청,2016-08-12,2016-08-12,5674,2026-03-20
Z000103825,부성초통학구역,0,44,210,8140000,충청남도교육청,8191000,충청남도서산교육지원청,2016-08-12,2016-08-12,4229,2026-03-20
Z000104460,위도초통학구역,0,52,800,8321000,전북특별자치도교육청,8462000,전북특별자치도부안교육지원청,2016-08-12,2024-02-23,6745,2026-03-20
Z000106167,새움초통학구역,0,36,110,9300000,세종특별자치시교육청,9300000,세종특별자치시교육청,2018-03-06,2018-03-06,1476,2026-03-20
Z000106168,한결초통학구역,0,36,110,9300000,세종특별자치시교육청,9300000,세종특별자치시교육청,2018-03-06,2018-03-06,4173,2026-03-20
Z000106169,대평초통학구역,0,36,110,9300000,세종특별자치시교육청,9300000,세종특별자치시교육청,2018-03-06,2018-03-06,3122,2026-03-20
Z000150679,문산동초임진초공동통학구역,1,41,480,7530000,경기도교육청,7681000,경기도파주교육지원청,2018-03-07,2018-07-24,6582,2026-03-20
Z000151017,남양초송린초공동통학구역,1,41,590,7530000,경기도교육청,7679000,경기도화성오산교육지원청,2020-12-08,2020-12-08,5271,2026-03-20
Z000104209,이리남초통학구역,0,52,140,8321000,전북특별자치도교육청,8352000,전북특별자치도익산교육지원청,2016-08-12,2024-02-23,3833,2026-03-20
Z000103080,구정초통학구역,0,51,150,7801000,강원특별자치도교육청,7832000,강원특별자치도강릉교육지원청,2016-08-12,2021-01-06,5582,2026-03-20
Z000103091,성산초통학구역,0,51,150,7801000,강원특별자치도교육청,7832000,강원특별자치도강릉교육지원청,2016-08-12,2021-01-06,1837,2026-03-20
Z000150642,대마초대산초공동통학구역,1,46,870,8490000,전라남도교육청,8681000,전라남도영광교육지원청,2017-02-15,2017-02-15,333,2026-03-20
Z000101649,상안초통학구역,0,31,200,7480000,울산광역시교육청,7491000,울산광역시강북교육지원청,2016-08-12,2016-08-12,4432,2026-03-20
Z000106204,인천미송초통학구역,0,28,185,7310000,인천광역시교육청,7341000,인천광역시동부교육지원청,2018-11-11,2021-02-23,4608,2026-03-20
Z000102945,고창초통학구역,0,41,570,7530000,경기도교육청,7771000,경기도김포교육지원청,2016-08-12,2023-01-25,4245,2026-03-20
Z000100228,서울남정초통학구역,0,11,170,7010000,서울특별시교육청,7061000,서울특별시중부교육지원청,2016-08-12,2020-08-31,1385,2026-03-20
Z000101787,수원중촌초통학구역,0,41,113,7530000,경기도교육청,7541000,경기도수원교육지원청,2016-08-12,2020-08-31,5598,2026-03-20
Z000102540,예솔초통학구역,0,41,590,7530000,경기도교육청,7679000,경기도화성오산교육지원청,2016-08-12,2020-09-01,6038,2026-03-20
Z000151000,오산초의신초공동통학구역,1,46,900,8490000,전라남도교육청,8711000,전라남도진도교육지원청,2020-11-19,2020-11-19,2327,2026-03-20
Z000104898,석교초통학구역,0,46,900,8490000,전라남도교육청,8711000,전라남도진도교육지원청,2016-08-12,2020-11-19,1986,2026-03-20
Z000104900,오산초통학구역,0,46,900,8490000,전라남도교육청,8711000,전라남도진도교육지원청,2016-08-12,2020-11-19,4097,2026-03-20
Z000103075,강동초통학구역,0,51,150,7801000,강원특별자치도교육청,7832000,강원특별자치도강릉교육지원청,2016-08-12,2021-01-06,4928,2026-03-20
Z000103081,금광초통학구역,0,51,150,7801000,강원특별자치도교육청,7832000,강원특별자치도강릉교육지원청,2016-08-12,2021-01-06,1343,2026-03-20
Z000101383,한울초통학구역,0,29,170,7380000,광주광역시교육청,7391000,광주광역시동부교육지원청,2016-08-12,2020-09-14,2703,2026-03-20
Z000104761,회진초통학구역,0,46,800,8490000,전라남도교육청,8621000,전라남도장흥교육지원청,2016-08-12,2016-08-12,4297,2026-03-20
Z000150456,김제검산초김제북초종정초죽산초황강초청운초남양초봉남초성덕초공동통학구역,1,52,210,8321000,전북특별자치도교육청,8382000,전북특별자치도김제교육지원청,2016-08-12,2024-02-23,1195,2026-03-20
Z000103268,봉평초통학구역,0,51,760,7801000,강원특별자치도교육청,7912000,강원특별자치도평창교육지원청,2016-08-12,2019-11-28,3647,2026-03-20
Z000150777,가좌초정촌초공동통학구역,1,48,170,9010000,경상남도교육청,9051000,경상남도진주교육지원청,2019-11-28,2019-11-28,3138,2026-03-20
Z000101464,진월초통학구역,0,29,155,7380000,광주광역시교육청,7401000,광주광역시서부교육지원청,2016-08-12,2020-11-30,1187,2026-03-20
Z000103077,경포대초통학구역,0,51,150,7801000,강원특별자치도교육청,7832000,강원특별자치도강릉교육지원청,2016-08-12,2021-01-06,6458,2026-03-20
Z000105476,동부초통학구역,0,48,129,9010000,경상남도교육청,9022000,경상남도창원교육지원청,2016-08-12,2021-01-07,2306,2026-03-20
Z000103093,신영초통학구역,0,51,150,7801000,강원특별자치도교육청,7832000,강원특별자치도강릉교육지원청,2016-08-12,2021-01-06,4527,2026-03-20
Z000105594,예하초통학구역,0,48,170,9010000,경상남도교육청,9051000,경상남도진주교육지원청,2016-08-12,2021-02-23,5842,2026-03-20
Z000151021,용황초용강초공동통학구역,1,47,130,8750000,경상북도교육청,8771000,경상북도경주교육지원청,2020-12-15,2021-02-23,6693,2026-03-20
Z000104020,원북초통학구역,0,44,825,8140000,충청남도교육청,8281000,충청남도태안교육지원청,2016-08-12,2021-02-23,6740,2026-03-20
Z000102257,용두초통학구역,0,41,281,7530000,경기도교육청,7621000,경기도고양교육지원청,2016-08-12,2021-07-20,2720,2026-03-20
Z000102213,고양오금초통학구역,0,41,281,7530000,경기도교육청,7621000,경기도고양교육지원청,2016-08-12,2021-07-20,817,2026-03-20
Z000102396,남양주미금초통학구역,0,41,360,7530000,경기도교육청,7652000,경기도구리남양주교육지원청,2016-08-12,2021-07-26,6418,2026-03-20
Z000100160,서울우신초통학구역,0,11,560,7010000,서울특별시교육청,7041000,서울특별시남부교육지원청,2016-08-12,2020-09-28,3485,2026-03-20
Z000101351,광주중흥초통학구역,0,29,170,7380000,광주광역시교육청,7391000,광주광역시동부교육지원청,2016-08-12,2020-09-14,1716,2026-03-20
Z000150652,동성초맹동초공동통학구역,1,43,770,8000000,충청북도교육청,8101000,충청북도음성교육지원청,2017-02-20,2019-04-02,3723,2026-03-20
Z000100774,신호초통학구역,0,26,440,7150000,부산광역시교육청,7201000,부산광역시북부교육지원청,2016-08-12,2017-02-10,4046,2026-03-20
Z000106135,전주새연초통학구역,0,52,111,8321000,전북특별자치도교육청,8332000,전북특별자치도전주교육지원청,2017-02-10,2024-02-23,5715,2026-03-20
Z000103231,안흥초덕천분교장통학구역,0,51,730,7801000,강원특별자치도교육청,7892000,강원특별자치도횡성교육지원청,2016-08-12,2016-08-12,2640,2026-03-20
Z000101849,대일초통학구역,0,41,133,7530000,경기도교육청,7551000,경기도성남교육지원청,2016-08-12,2022-03-22,649,2026-03-20
Z000103799,영인초통학구역,0,44,200,8140000,충청남도교육청,8181000,충청남도아산교육지원청,2016-08-12,2016-08-12,572,2026-03-20
Z000150528,구성초직지초공동통학구역,1,47,150,8750000,경상북도교육청,8781000,경상북도김천교육지원청,2016-08-12,2016-08-12,2855,2026-03-20
Z000100796,광안초통학구역,0,26,500,7150000,부산광역시교육청,7211000,부산광역시해운대교육지원청,2016-08-12,2021-02-08,4658,2026-03-20
Z000102937,일죽초통학구역,0,41,550,7530000,경기도교육청,7761000,경기도안성교육지원청,2016-08-12,2023-01-17,2104,2026-03-20
Z000102912,내혜홀초통학구역,0,41,550,7530000,경기도교육청,7761000,경기도안성교육지원청,2016-08-12,2023-01-17,432,2026-03-20
Z000106331,한여울초통학구역,0,41,390,7530000,경기도교육청,7781000,경기도시흥교육지원청,2021-03-30,2023-01-25,1289,2026-03-20
Z000151300,한여울초승지초공동통학구역,1,41,390,7530000,경기도교육청,7781000,경기도시흥교육지원청,2023-01-09,2023-01-25,5752,2026-03-20
Z000100824,수영초통학구역,0,26,500,7150000,부산광역시교육청,7211000,부산광역시해운대교육지원청,2016-08-12,2020-10-27,197,2026-03-20
Z000101245,삼성초통학구역,0,28,710,7310000,인천광역시교육청,7351000,인천광역시강화교육지원청,2016-08-12,2016-08-12,3312,2026-03-20
Z000151003,논산중앙초제한적공동(일방)통학구역,1,44,230,8140000,충청남도교육청,8222000,충청남도논산계룡교육지원청,2020-11-23,2022-12-06,1568,2026-03-20
Z000100488,서울구남초통학구역,0,11,215,7010000,서울특별시교육청,7134000,서울특별시성동광진교육지원청,2016-08-12,2016-08-12,6909,2026-03-20
Z000150225,봉담초청룡초공동통학구역,1,41,590,7530000,경기도교육청,7679000,경기도화성오산교육지원청,2016-08-12,2016-08-12,3487,2026-03-20
Z000106064,수산초통학구역,0,50,130,9290000,제주특별자치도교육청,9299000,제주특별자치도서귀포시교육지원청,2016-08-12,2016-08-12,6529,2026-03-20
Z000106022,종달초통학구역,0,50,110,9290000,제주특별자치도교육청,9296000,제주특별자치도제주시교육지원청,2016-08-12,2016-08-12,3590,2026-03-20
Z000150779,장재초초전초공동통학구역,1,48,170,9010000,경상남도교육청,9051000,경상남도진주교육지원청,2019-11-28,2019-11-28,6730,2026-03-20
Z000106043,남원초통학구역,0,50,130,9290000,제주특별자치도교육청,9299000,제주특별자치도서귀포시교육지원청,2016-08-12,2016-08-12,3945,2026-03-20
Z000103979,고덕초통학구역,0,44,810,8140000,충청남도교육청,8271000,충청남도예산교육지원청,2016-08-12,2016-08-12,3032,2026-03-20
Z000103841,인지초통학구역,0,44,210,8140000,충청남도교육청,8191000,충청남도서산교육지원청,2016-08-12,2016-08-12,1518,2026-03-20
Z000103164,현성초통학구역,0,51,830,7801000,강원특별자치도교육청,7863000,강원특별자치도속초양양교육지원청,2016-08-12,2017-04-03,4327,2026-03-20
Z000103987,삽교초통학구역,0,44,810,8140000,충청남도교육청,8271000,충청남도예산교육지원청,2016-08-12,2016-08-12,6564,2026-03-20
Z000106065,시흥초통학구역,0,50,130,9290000,제주특별자치도교육청,9299000,제주특별자치도서귀포시교육지원청,2016-08-12,2016-08-12,1830,2026-03-20
Z000150209,예봉초와부초공동통학구역,1,41,360,7530000,경기도교육청,7652000,경기도구리남양주교육지원청,2016-08-12,2016-08-12,3901,2026-03-20
Z000103710,행정초통학구역,0,44,131,8140000,충청남도교육청,8151000,충청남도천안교육지원청,2016-08-12,2016-08-12,5985,2026-03-20
Z000101344,광주양산초통학구역,0,29,170,7380000,광주광역시교육청,7391000,광주광역시동부교육지원청,2016-08-12,2016-08-12,2348,2026-03-20
Z000103862,진산초통학구역,0,44,710,8140000,충청남도교육청,8201000,충청남도금산교육지원청,2016-08-12,2017-10-30,6621,2026-03-20
Z000150123,삼성초연현초공동통학구역,1,41,171,7530000,경기도교육청,7569000,경기도안양과천교육지원청,2016-08-12,2016-08-12,1829,2026-03-20
Z000103681,천안불무초통학구역,0,44,133,8140000,충청남도교육청,8151000,충청남도천안교육지원청,2016-08-12,2016-08-12,399,2026-03-20
Z000103846,해미초통학구역,0,44,210,8140000,충청남도교육청,8191000,충청남도서산교육지원청,2016-08-12,2016-08-12,3894,2026-03-20
Z000102332,평택이화초통학구역,0,41,220,7530000,경기도교육청,7631000,경기도평택교육지원청,2016-08-12,2016-08-12,5138,2026-03-20
Z000103187,흥전초통학구역,0,51,230,7801000,강원특별자치도교육청,7872000,강원특별자치도삼척교육지원청,2016-08-12,2016-08-12,3170,2026-03-20
Z000150986,구봉초송화초공동통학구역,1,41,590,7530000,경기도교육청,7679000,경기도화성오산교육지원청,2016-08-12,2023-10-31,1777,2026-03-20
Z000103110,포남초통학구역,0,51,150,7801000,강원특별자치도교육청,7832000,강원특별자치도강릉교육지원청,2016-08-12,2021-01-06,3810,2026-03-20
Z000103099,옥천초통학구역,0,51,150,7801000,강원특별자치도교육청,7832000,강원특별자치도강릉교육지원청,2016-08-12,2021-01-06,6457,2026-03-20
Z000103084,남산초통학구역,0,51,150,7801000,강원특별자치도교육청,7832000,강원특별자치도강릉교육지원청,2016-08-12,2021-01-06,3621,2026-03-20
Z000105155,인동초통학구역,0,47,190,8750000,경상북도교육청,8801000,경상북도구미교육지원청,2016-08-12,2023-01-17,4567,2026-03-20
Z000103707,천안청수초통학구역,0,44,131,8140000,충청남도교육청,8151000,충청남도천안교육지원청,2016-08-12,2022-01-10,4586,2026-03-20
Z000151273,엄정초소태초공동통학구역,1,43,130,8000000,충청북도교육청,8021000,충청북도충주교육지원청,2022-12-12,2023-01-17,4381,2026-03-20
Z000105535,장복초통학구역,0,48,129,9010000,경상남도교육청,9022000,경상남도창원교육지원청,2016-08-12,2022-11-01,2303,2026-03-20
Z000103695,천안업성초통학구역,0,44,133,8140000,충청남도교육청,8151000,충청남도천안교육지원청,2016-08-12,2020-08-31,983,2026-03-20
Z000103389,덕성초통학구역,0,43,114,8000000,충청북도교육청,8011000,충청북도청주교육지원청,2016-08-12,2022-03-29,2231,2026-03-20
Z000106353,배다리초통학구역,0,41,220,7530000,경기도교육청,7631000,경기도평택교육지원청,2022-08-10,2022-08-23,949,2026-03-20
Z000106248,가내초통학구역,0,41,220,7530000,경기도교육청,7631000,경기도평택교육지원청,2019-09-03,2022-08-23,5150,2026-03-20
Z000103570,금구초통학구역,0,43,750,8000000,충청북도교육청,8081000,충청북도진천교육지원청,2016-08-12,2018-02-23,1269,2026-03-20
Z000101459,정암초통학구역,0,29,170,7380000,광주광역시교육청,7401000,광주광역시서부교육지원청,2016-08-12,2026-04-05,6214,2026-03-20
Z000101420,비아초통학구역,0,29,200,7380000,광주광역시교육청,7401000,광주광역시서부교육지원청,2016-08-12,2023-11-07,4413,2026-03-20
Z000102489,구봉초통학구역,0,41,590,7530000,경기도교육청,7679000,경기도화성오산교육지원청,2016-08-12,2023-10-31,7128,2026-03-20
Z000104767,대구초통학구역,0,46,810,8490000,전라남도교육청,8631000,전라남도강진교육지원청,2016-08-12,2017-03-15,1799,2026-03-20
Z000100920,대구해서초통학구역,0,27,140,7240000,대구광역시교육청,7251000,대구광역시동부교육지원청,2016-08-12,2017-06-23,4519,2026-03-20
Z000105961,적중초통학구역,0,48,890,9010000,경상남도교육청,9221000,경상남도합천교육지원청,2016-08-12,2016-08-12,3358,2026-03-20
Z000106299,시흥가온초통학구역,0,41,390,7530000,경기도교육청,7781000,경기도시흥교육지원청,2020-08-28,2023-01-25,4826,2026-03-20
Z000151299,시흥가온초진말초공동통학구역,1,41,390,7530000,경기도교육청,7781000,경기도시흥교육지원청,2023-01-09,2023-01-25,1240,2026-03-20
Z000102966,신양초통학구역,0,41,570,7530000,경기도교육청,7771000,경기도김포교육지원청,2016-08-12,2021-02-23,5909,2026-03-20
Z000102947,금란초통학구역,0,41,570,7530000,경기도교육청,7771000,경기도김포교육지원청,2016-08-12,2021-02-23,360,2026-03-20
Z000106360,경양초통학구역,0,29,170,7380000,광주광역시교육청,7391000,광주광역시동부교육지원청,2022-11-18,2023-01-17,5882,2026-03-20
Z000151212,웅상초광역통학구역,1,48,330,9010000,경상남도교육청,9151000,경상남도양산교육지원청,2016-08-12,2023-01-17,4675,2026-03-20
Z000105646,삼천포초통학구역,0,48,240,9010000,경상남도교육청,9081000,경상남도사천교육지원청,2016-08-12,2023-01-17,5770,2026-03-20
Z000100960,대구서평초통학구역,0,27,170,7240000,대구광역시교육청,7261000,대구광역시서부교육지원청,2016-08-12,2022-12-06,601,2026-03-20
Z000151256,다문초용문초공동통학구역,1,41,830,7530000,경기도교육청,7731000,경기도양평교육지원청,2022-11-18,2022-12-27,3209,2026-03-20
Z000150979,금오초삽교초용동초공동(일방)통학구역,1,44,810,8140000,충청남도교육청,8271000,충청남도예산교육지원청,2020-06-08,2023-01-17,1408,2026-03-20
Z000150674,흥덕초샘말초공동통학구역,1,41,463,7530000,경기도교육청,7751000,경기도용인교육지원청,2018-03-06,2018-03-06,7032,2026-03-20
Z000100300,서울영풍초통학구역,0,11,710,7010000,서울특별시교육청,7130000,서울특별시강동송파교육지원청,2016-08-12,2022-02-15,980,2026-03-20
Z000102252,신촌초통학구역,0,41,287,7530000,경기도교육청,7621000,경기도고양교육지원청,2016-08-12,2016-08-12,4799,2026-03-20
Z000101942,회룡초통학구역,0,41,150,7530000,경기도교육청,7561000,경기도의정부교육지원청,2016-08-12,2018-03-05,5318,2026-03-20
Z000105789,예곡초통학구역,0,48,730,9010000,경상남도교육청,9131000,경상남도함안교육지원청,2016-08-12,2016-08-12,6841,2026-03-20
Z000106128,새롬초통학구역,0,36,110,9300000,세종특별자치시교육청,9300000,세종특별자치시교육청,2017-02-10,2017-02-10,1473,2026-03-20
Z000106130,가득초통학구역,0,36,110,9300000,세종특별자치시교육청,9300000,세종특별자치시교육청,2017-02-10,2017-02-10,591,2026-03-20
Z000106131,여울초통학구역,0,36,110,9300000,세종특별자치시교육청,9300000,세종특별자치시교육청,2017-02-10,2017-02-10,4898,2026-03-20
Z000105629,통영초통학구역,0,48,220,9010000,경상남도교육청,9071000,경상남도통영교육지원청,2016-08-12,2018-07-19,103,2026-03-20
Z000104079,전주서문초통학구역,0,52,111,8321000,전북특별자치도교육청,8332000,전북특별자치도전주교육지원청,2016-08-12,2024-02-23,693,2026-03-20
Z000150606,금반초마천초유림초공동통학구역,1,48,870,9010000,경상남도교육청,9201000,경상남도함양교육지원청,2016-08-12,2017-03-23,781,2026-03-20
Z000150655,가마초표선초공동통학구역,1,50,130,9290000,제주특별자치도교육청,9299000,제주특별자치도서귀포시교육지원청,2017-03-20,2017-03-20,428,2026-03-20
Z000106152,정현초통학구역,0,41,590,7530000,경기도교육청,7679000,경기도화성오산교육지원청,2017-03-23,2017-03-23,4286,2026-03-20
Z000106151,치동초통학구역,0,41,590,7530000,경기도교육청,7679000,경기도화성오산교육지원청,2017-03-23,2017-03-23,5114,2026-03-20
Z000150384,수성초구성분교중앙초공동통학구역,1,43,114,8000000,충청북도교육청,8011000,충청북도청주교육지원청,2016-08-12,2020-08-31,3582,2026-03-20
Z000100830,양운초통학구역,0,26,350,7150000,부산광역시교육청,7211000,부산광역시해운대교육지원청,2016-08-12,2020-08-26,2883,2026-03-20
Z000105544,진해냉천초통학구역,0,48,129,9010000,경상남도교육청,9022000,경상남도창원교육지원청,2016-08-12,2020-08-31,1833,2026-03-20
Z000105749,신현초통학구역,0,48,310,9010000,경상남도교육청,9111000,경상남도거제교육지원청,2016-08-12,2022-07-12,3426,2026-03-20
Z000151192,죽림초도산초광역통학구역,1,48,220,9010000,경상남도교육청,9071000,경상남도통영교육지원청,2021-12-14,2022-01-18,5435,2026-03-20
Z000151193,진남초남포초산양초광역통학구역,1,48,220,9010000,경상남도교육청,9071000,경상남도통영교육지원청,2021-12-14,2022-01-18,1869,2026-03-20
Z000102722,이동초통학구역,0,41,650,7530000,경기도교육청,7711000,경기도포천교육지원청,2016-08-12,2022-01-18,6067,2026-03-20
Z000104015,안면초통학구역,0,44,825,8140000,충청남도교육청,8281000,충청남도태안교육지원청,2016-08-12,2016-08-12,522,2026-03-20
Z000104022,이원초통학구역,0,44,825,8140000,충청남도교육청,8281000,충청남도태안교육지원청,2016-08-12,2016-08-12,1389,2026-03-20
Z000103494,충주성남초통학구역,0,43,130,8000000,충청북도교육청,8021000,충청북도충주교육지원청,2016-08-12,2023-01-17,2856,2026-03-20
Z000150161,낙민초호수초공동통학구역,1,41,285,7530000,경기도교육청,7621000,경기도고양교육지원청,2016-08-12,2019-11-25,4808,2026-03-20
Z000102369,신흥초통학구역,0,41,410,7530000,경기도교육청,7642000,경기도군포의왕교육지원청,2016-08-12,2016-08-12,5017,2026-03-20
Z000105981,도련초통학구역,0,50,110,9290000,제주특별자치도교육청,9296000,제주특별자치도제주시교육지원청,2016-08-12,2016-08-12,6549,2026-03-20
Z000101556,대전가장초통학구역,0,30,170,7430000,대전광역시교육청,7451000,대전광역시서부교육지원청,2016-08-12,2016-08-12,2092,2026-03-20
Z000103141,대포초통학구역,0,51,210,7801000,강원특별자치도교육청,7863000,강원특별자치도속초양양교육지원청,2016-08-12,2021-02-23,4191,2026-03-20
Z000104115,전주초포초통학구역,0,52,113,8321000,전북특별자치도교육청,8332000,전북특별자치도전주교육지원청,2016-08-12,2024-02-23,646,2026-03-20
Z000151018,서울전곡초서울전농초공동통학구역,1,11,230,7010000,서울특별시교육청,7021000,서울특별시동부교육지원청,2016-08-12,2020-12-09,7133,2026-03-20
Z000102519,서신초통학구역,0,41,590,7530000,경기도교육청,7679000,경기도화성오산교육지원청,2016-08-12,2021-02-23,6929,2026-03-20
Z000103378,교동초통학구역,0,43,111,8000000,충청북도교육청,8011000,충청북도청주교육지원청,2016-08-12,2021-02-23,312,2026-03-20
Z000102334,평택지산초통학구역,0,41,220,7530000,경기도교육청,7631000,경기도평택교육지원청,2016-08-12,2022-03-08,3438,2026-03-20
Z000101829,화양초통학구역,0,41,115,7530000,경기도교육청,7541000,경기도수원교육지원청,2016-08-12,2022-04-12,3269,2026-03-20
Z000102879,용인한일초통학구역,0,41,463,7530000,경기도교육청,7751000,경기도용인교육지원청,2016-08-12,2022-08-02,4544,2026-03-20
Z000102809,공세초통학구역,0,41,463,7530000,경기도교육청,7751000,경기도용인교육지원청,2016-08-12,2022-08-02,5403,2026-03-20
Z000104506,경호초통학구역,0,46,130,8490000,전라남도교육청,8511000,전라남도여수교육지원청,2016-08-12,2022-02-24,172,2026-03-20
Z000151005,강경황산초제한적공동(일방)통학구역,1,44,230,8140000,충청남도교육청,8222000,충청남도논산계룡교육지원청,2020-11-23,2022-02-24,147,2026-03-20
Z000151234,서울송례초서울거원초공동통학구역,1,11,710,7010000,서울특별시교육청,7130000,서울특별시강동송파교육지원청,2022-02-10,2022-02-15,4557,2026-03-20
Z000151235,서울위례별초서울거원초공동통학구역,1,11,710,7010000,서울특별시교육청,7130000,서울특별시강동송파교육지원청,2022-02-10,2022-02-15,4572,2026-03-20
Z000105123,구미봉곡초통학구역,0,47,190,8750000,경상북도교육청,8801000,경상북도구미교육지원청,2016-08-12,2023-01-17,5125,2026-03-20
Z000105313,비안초통학구역,0,47,730,8750000,경상북도교육청,8871000,경상북도의성교육지원청,2016-08-12,2022-11-01,6453,2026-03-20
Z000150544,안계초비안초공동통학구역,1,47,730,8750000,경상북도교육청,8871000,경상북도의성교육지원청,2016-08-12,2022-11-01,707,2026-03-20
Z000105290,현흥초통학구역,0,47,290,8750000,경상북도교육청,8851000,경상북도경산교육지원청,2016-08-12,2023-01-17,3608,2026-03-20
Z000105275,압량초통학구역,0,47,290,8750000,경상북도교육청,8851000,경상북도경산교육지원청,2016-08-12,2023-01-17,2730,2026-03-20
Z000150884,하양초대동초계당초와촌초청천초공동(일방)통학구역,1,47,290,8750000,경상북도교육청,8851000,경상북도경산교육지원청,2020-02-12,2023-01-17,2736,2026-03-20
Z000151050,촉석초신안초공동통학구역,1,48,170,9010000,경상남도교육청,9051000,경상남도진주교육지원청,2021-01-25,2021-02-23,5731,2026-03-20
Z000151051,촉석초배영초공동통학구역,1,48,170,9010000,경상남도교육청,9051000,경상남도진주교육지원청,2021-01-25,2021-02-23,2224,2026-03-20
Z000104972,연일초통학구역,0,47,111,8750000,경상북도교육청,8761000,경상북도포항교육지원청,2016-08-12,2023-01-31,233,2026-03-20
Z000100677,금빛초통학구역,0,26,410,7150000,부산광역시교육청,7191000,부산광역시동래교육지원청,2016-08-12,2023-01-31,3696,2026-03-20
Z000104973,연일형산초통학구역,0,47,111,8750000,경상북도교육청,8761000,경상북도포항교육지원청,2016-08-12,2023-01-31,2634,2026-03-20
Z000151175,하동초적량초횡천초광역통학구역,1,48,850,9010000,경상남도교육청,9181000,경상남도하동교육지원청,2021-12-04,2023-02-07,175,2026-03-20
Z000105898,진교초통학구역,0,48,850,9010000,경상남도교육청,9181000,경상남도하동교육지원청,2016-08-12,2023-02-07,4915,2026-03-20
Z000101230,인천청학초통학구역,0,28,185,7310000,인천광역시교육청,7341000,인천광역시동부교육지원청,2016-08-12,2016-08-12,5089,2026-03-20
Z000101609,대전전민초통학구역,0,30,200,7430000,대전광역시교육청,7451000,대전광역시서부교육지원청,2016-08-12,2016-08-12,3407,2026-03-20
Z000101175,인천구월초통학구역,0,28,200,7310000,인천광역시교육청,7341000,인천광역시동부교육지원청,2016-08-12,2018-11-11,4678,2026-03-20
Z000102678,오포초통학구역,0,41,610,7530000,경기도교육청,7692000,경기도광주하남교육지원청,2016-08-12,2022-06-14,3026,2026-03-20
Z000105641,문선초통학구역,0,48,240,9010000,경상남도교육청,9081000,경상남도사천교육지원청,2016-08-12,2016-08-12,4012,2026-03-20
Z000105805,도천초통학구역,0,48,740,9010000,경상남도교육청,9141000,경상남도창녕교육지원청,2016-08-12,2016-08-12,1497,2026-03-20
Z000105812,이방초통학구역,0,48,740,9010000,경상남도교육청,9141000,경상남도창녕교육지원청,2016-08-12,2016-08-12,2769,2026-03-20
Z000150492,마산초해남동초해남서초공동통학구역,1,46,820,8490000,전라남도교육청,8641000,전라남도해남교육지원청,2016-08-12,2016-08-12,5486,2026-03-20
Z000101025,대구월배초통학구역,0,27,290,7240000,대구광역시교육청,7271000,대구광역시남부교육지원청,2016-08-12,2016-08-12,262,2026-03-20
Z000101857,불곡초통학구역,0,41,135,7530000,경기도교육청,7551000,경기도성남교육지원청,2016-08-12,2016-08-12,1858,2026-03-20
Z000101945,관양초통학구역,0,41,173,7530000,경기도교육청,7569000,경기도안양과천교육지원청,2016-08-12,2016-08-12,3397,2026-03-20
Z000102025,상도초통학구역,0,41,192,7530000,경기도교육청,7581000,경기도부천교육지원청,2016-08-12,2024-03-29,2779,2026-03-20
Z000103731,의당초통학구역,0,44,150,8140000,충청남도교육청,8161000,충청남도공주교육지원청,2016-08-12,2016-08-12,6178,2026-03-20
Z000103646,병천초통학구역,0,44,131,8140000,충청남도교육청,8151000,충청남도천안교육지원청,2016-08-12,2016-08-12,21,2026-03-20
Z000102727,창수초통학구역,0,41,650,7530000,경기도교육청,7711000,경기도포천교육지원청,2016-08-12,2016-08-12,4784,2026-03-20
Z000101271,인천계양초상야분교장통학구역,0,28,245,7310000,인천광역시교육청,7331000,인천광역시북부교육지원청,2016-08-12,2024-04-01,5691,2026-03-20
Z000102221,내유초통학구역,0,41,281,7530000,경기도교육청,7621000,경기도고양교육지원청,2016-08-12,2016-08-12,6528,2026-03-20
Z000102270,지도초통학구역,0,41,281,7530000,경기도교육청,7621000,경기도고양교육지원청,2016-08-12,2016-08-12,5268,2026-03-20
Z000102266,저동초통학구역,0,41,285,7530000,경기도교육청,7621000,경기도고양교육지원청,2016-08-12,2016-08-12,4811,2026-03-20
Z000150624,전의초행정초공동통학구역,1,36,110,9300000,세종특별자치시교육청,9300000,세종특별자치시교육청,2016-08-12,2016-08-12,4447,2026-03-20
Z000150504,영광중앙초제한적공동통학구역,1,46,870,8490000,전라남도교육청,8681000,전라남도영광교육지원청,2016-08-12,2024-05-21,628,2026-03-20
Z000101423,산정초통학구역,0,29,200,7380000,광주광역시교육청,7401000,광주광역시서부교육지원청,2016-08-12,2024-05-28,377,2026-03-20
Z000105342,각남초통학구역,0,47,820,8750000,경상북도교육청,8911000,경상북도청도교육지원청,2016-08-12,2016-08-12,3171,2026-03-20
Z000102781,백사초통학구역,0,41,500,7530000,경기도교육청,7741000,경기도이천교육지원청,2016-08-12,2016-08-12,906,2026-03-20
Z000105245,동성초통학구역,0,47,280,8750000,경상북도교육청,8841000,경상북도문경교육지원청,2016-08-12,2016-08-12,3524,2026-03-20
Z000105407,용문초통학구역,0,47,900,8750000,경상북도교육청,8951000,경상북도예천교육지원청,2016-08-12,2016-08-12,3658,2026-03-20
Z000103956,합천초통학구역,0,44,790,8140000,충청남도교육청,8251000,충청남도청양교육지원청,2016-08-12,2016-08-12,4281,2026-03-20
Z000104996,포항영흥초통학구역,0,47,113,8750000,경상북도교육청,8761000,경상북도포항교육지원청,2016-08-12,2016-08-12,1114,2026-03-20
Z000102619,용미초통학구역,0,41,480,7530000,경기도교육청,7681000,경기도파주교육지원청,2016-08-12,2018-08-23,37,2026-03-20
Z000101433,송정서초통학구역,0,29,200,7380000,광주광역시교육청,7401000,광주광역시서부교육지원청,2016-08-12,2024-05-28,6580,2026-03-20
Z000151466,송정서초선운초공동통학구역,1,29,200,7380000,광주광역시교육청,7401000,광주광역시서부교육지원청,2024-05-23,2024-05-28,3040,2026-03-20
Z000101469,평동초통학구역,0,29,200,7380000,광주광역시교육청,7401000,광주광역시서부교육지원청,2016-08-12,2024-05-28,2164,2026-03-20
Z000102567,필봉초통학구역,0,41,370,7530000,경기도교육청,7679000,경기도화성오산교육지원청,2016-08-12,2024-05-28,4472,2026-03-20
Z000102531,수청초통학구역,0,41,370,7530000,경기도교육청,7679000,경기도화성오산교육지원청,2016-08-12,2024-05-28,5343,2026-03-20
Z000150867,강진중앙초제한적공동통학구역,1,46,810,8490000,전라남도교육청,8631000,전라남도강진교육지원청,2020-02-06,2024-05-28,3029,2026-03-20
Z000105389,석적초통학구역,0,47,850,8750000,경상북도교육청,8941000,경상북도칠곡교육지원청,2016-08-12,2016-08-12,1611,2026-03-20
Z000105119,풍산초통학구역,0,47,170,8750000,경상북도교육청,8791000,경상북도안동교육지원청,2016-08-12,2016-08-12,4207,2026-03-20
Z000101217,인천원동초통학구역,0,28,200,7310000,인천광역시교육청,7341000,인천광역시동부교육지원청,2016-08-12,2016-08-12,2904,2026-03-20
Z000105975,김녕초통학구역,0,50,110,9290000,제주특별자치도교육청,9296000,제주특별자치도제주시교육지원청,2016-08-12,2017-01-09,1233,2026-03-20
Z000105980,도남초통학구역,0,50,110,9290000,제주특별자치도교육청,9296000,제주특별자치도제주시교육지원청,2016-08-12,2017-12-08,6782,2026-03-20
Z000101321,인천해서초통학구역,0,28,245,7310000,인천광역시교육청,7331000,인천광역시북부교육지원청,2016-08-12,2024-04-03,213,2026-03-20
Z000100692,두실초통학구역,0,26,410,7150000,부산광역시교육청,7191000,부산광역시동래교육지원청,2016-08-12,2024-04-09,5482,2026-03-20
Z000100681,금양초통학구역,0,26,410,7150000,부산광역시교육청,7191000,부산광역시동래교육지원청,2016-08-12,2024-04-09,3743,2026-03-20
Z000104074,전주북일초통학구역,0,52,113,8321000,전북특별자치도교육청,8332000,전북특별자치도전주교육지원청,2016-08-12,2024-04-15,4258,2026-03-20
Z000102224,다솜초통학구역,0,41,285,7530000,경기도교육청,7621000,경기도고양교육지원청,2016-08-12,2024-09-12,1286,2026-03-20
Z000150166,대곡초백마초공동통학구역,1,41,285,7530000,경기도교육청,7621000,경기도고양교육지원청,2016-08-12,2021-07-20,5068,2026-03-20
Z000150176,백양초지도초공동통학구역,1,41,281,7530000,경기도교육청,7621000,경기도고양교육지원청,2016-08-12,2021-07-20,7064,2026-03-20
Z000102238,백양초통학구역,0,41,281,7530000,경기도교육청,7621000,경기도고양교육지원청,2016-08-12,2021-07-20,6,2026-03-20
Z000150177,벽제초성석초공동통학구역,1,41,285,7530000,경기도교육청,7621000,경기도고양교육지원청,2016-08-12,2021-07-20,5274,2026-03-20
Z000102239,벽제초통학구역,0,41,285,7530000,경기도교육청,7621000,경기도고양교육지원청,2016-08-12,2021-07-20,2699,2026-03-20
Z000102241,상탄초통학구역,0,41,287,7530000,경기도교육청,7621000,경기도고양교육지원청,2016-08-12,2021-07-20,4801,2026-03-20
Z000101693,두동초통학구역,0,31,710,7480000,울산광역시교육청,7501000,울산광역시강남교육지원청,2016-08-12,2016-08-12,465,2026-03-20
Z000150383,수성초구성분교주중초중앙초공동통학구역,1,43,114,8000000,충청북도교육청,8011000,충청북도청주교육지원청,2016-08-12,2017-08-14,2986,2026-03-20
Z000150659,서울당서초서울영동초공동통학구역,1,11,560,7010000,서울특별시교육청,7041000,서울특별시남부교육지원청,2016-08-12,2017-10-30,327,2026-03-20
Z000150216,대호초성산초공동통학구역,1,41,370,7530000,경기도교육청,7679000,경기도화성오산교육지원청,2016-08-12,2024-07-16,4476,2026-03-20
Z000102989,은계초통학구역,0,41,390,7530000,경기도교육청,7781000,경기도시흥교육지원청,2016-08-12,2024-08-07,1285,2026-03-20
Z000103944,화양초통학구역,0,44,770,8140000,충청남도교육청,8241000,충청남도서천교육지원청,2016-08-12,2016-08-12,4425,2026-03-20
Z000102083,덕정초통학구역,0,41,630,7530000,경기도교육청,7602000,경기도동두천양주교육지원청,2016-08-12,2016-08-12,6002,2026-03-20
Z000101940,의정부효자초통학구역,0,41,150,7530000,경기도교육청,7561000,경기도의정부교육지원청,2016-08-12,2016-08-12,129,2026-03-20
Z000103798,염티초통학구역,0,44,200,8140000,충청남도교육청,8181000,충청남도아산교육지원청,2016-08-12,2016-08-12,5171,2026-03-20
Z000102552,원동초통학구역,0,41,370,7530000,경기도교육청,7679000,경기도화성오산교육지원청,2016-08-12,2016-08-12,801,2026-03-20
Z000102302,서탄초통학구역,0,41,220,7530000,경기도교육청,7631000,경기도평택교육지원청,2016-08-12,2016-08-12,6200,2026-03-20
Z000102298,비전초통학구역,0,41,220,7530000,경기도교육청,7631000,경기도평택교육지원청,2016-08-12,2016-08-12,1570,2026-03-20
Z000102301,서탄초내수분교장통학구역,0,41,220,7530000,경기도교육청,7631000,경기도평택교육지원청,2016-08-12,2016-08-12,2831,2026-03-20
Z000102260,원중초통학구역,0,41,285,7530000,경기도교육청,7621000,경기도고양교육지원청,2016-08-12,2024-09-12,1735,2026-03-20
Z000105284,진성초통학구역,0,47,290,8750000,경상북도교육청,8851000,경상북도경산교육지원청,2016-08-12,2016-08-12,938,2026-03-20
Z000103400,봉명초통학구역,0,43,113,8000000,충청북도교육청,8011000,충청북도청주교육지원청,2016-08-12,2024-06-04,3100,2026-03-20
Z000151398,봉명초봉정초공동통학구역,1,43,113,8000000,충청북도교육청,8011000,충청북도청주교육지원청,2023-12-22,2024-06-04,408,2026-03-20
Z000104062,전주대정초통학구역,0,52,111,8321000,전북특별자치도교육청,8332000,전북특별자치도전주교육지원청,2016-08-12,2024-06-11,5413,2026-03-20
Z000101087,인천남부초통학구역,0,28,177,7310000,인천광역시교육청,7321000,인천광역시남부교육지원청,2018-09-19,2018-01-07,5091,2026-03-20
Z000101192,인천문남초통학구역,0,28,185,7310000,인천광역시교육청,7341000,인천광역시동부교육지원청,2016-08-12,2016-08-12,2458,2026-03-20
Z000104991,포항남부초통학구역,0,47,113,8750000,경상북도교육청,8761000,경상북도포항교육지원청,2016-08-12,2016-08-12,1112,2026-03-20
Z000105370,선남초통학구역,0,47,840,8750000,경상북도교육청,8931000,경상북도성주교육지원청,2016-08-12,2016-08-12,6494,2026-03-20
Z000105213,모서초통학구역,0,47,250,8750000,경상북도교육청,8831000,경상북도상주교육지원청,2016-08-12,2016-08-12,405,2026-03-20
Z000105012,강동초통학구역,0,47,130,8750000,경상북도교육청,8771000,경상북도경주교육지원청,2016-08-12,2016-08-12,6152,2026-03-20
Z000104967,송림초통학구역,0,47,111,8750000,경상북도교육청,8761000,경상북도포항교육지원청,2016-08-12,2016-08-12,5563,2026-03-20
Z000103042,매지초통학구역,0,51,130,7801000,강원특별자치도교육청,7822000,강원특별자치도원주교육지원청,2016-08-12,2016-08-12,2265,2026-03-20
Z000101209,인천신월초통학구역,0,28,200,7310000,인천광역시교육청,7341000,인천광역시동부교육지원청,2016-08-12,2016-08-12,5550,2026-03-20
Z000151451,거제용산초거제고현초공동통학구역(신입생공동통학구역),1,48,310,9010000,경상남도교육청,9111000,경상남도거제교육지원청,2024-03-18,2024-03-19,745,2026-03-20
Z000151450,거제용산초거제상동초공동통학구역,1,48,310,9010000,경상남도교육청,9111000,경상남도거제교육지원청,2024-03-18,2024-03-19,747,2026-03-20
Z000103811,월랑초통학구역,0,44,200,8140000,충청남도교육청,8181000,충청남도아산교육지원청,2016-08-12,2024-03-19,660,2026-03-20
Z000106373,명문초통학구역,0,26,440,7150000,부산광역시교육청,7201000,부산광역시북부교육지원청,2023-03-07,2024-08-29,478,2026-03-20
Z000102513,봉담초통학구역,0,41,590,7530000,경기도교육청,7679000,경기도화성오산교육지원청,2016-08-12,2024-08-29,710,2026-03-20
Z000106383,내리숲초통학구역,0,41,590,7530000,경기도교육청,7679000,경기도화성오산교육지원청,2023-09-12,2024-08-29,2357,2026-03-20
Z000151100,운동초교동초공동통학구역,1,43,111,8000000,충청북도교육청,8011000,충청북도청주교육지원청,2021-02-02,2024-08-29,311,2026-03-20
Z000151399,운동초상당초공동통학구역,1,43,111,8000000,충청북도교육청,8011000,충청북도청주교육지원청,2023-12-22,2024-08-29,6520,2026-03-20
Z000103012,소양초통학구역,0,51,110,7801000,강원특별자치도교육청,7812000,강원특별자치도춘천교육지원청,2016-08-12,2024-08-29,1672,2026-03-20
Z000105402,상리초통학구역,0,47,900,8750000,경상북도교육청,8951000,경상북도예천교육지원청,2016-08-12,2016-08-12,93,2026-03-20
Z000103884,부적초통학구역,0,44,230,8140000,충청남도교육청,8222000,충청남도논산계룡교육지원청,2016-08-12,2016-08-12,1549,2026-03-20
Z000104966,송라초통학구역,0,47,113,8750000,경상북도교육청,8761000,경상북도포항교육지원청,2016-08-12,2016-08-12,2914,2026-03-20
Z000105223,옥산초통학구역,0,47,250,8750000,경상북도교육청,8831000,경상북도상주교육지원청,2016-08-12,2016-08-12,1383,2026-03-20
Z000102042,심원초통학구역,0,41,192,7530000,경기도교육청,7581000,경기도부천교육지원청,2016-08-12,2024-03-29,3051,2026-03-20
Z000102525,솔빛초통학구역,0,41,590,7530000,경기도교육청,7679000,경기도화성오산교육지원청,2016-08-12,2016-08-18,7039,2026-03-20
Z000105057,감천초통학구역,0,47,150,8750000,경상북도교육청,8781000,경상북도김천교육지원청,2016-08-12,2016-08-12,4436,2026-03-20
Z000105262,경산초통학구역,0,47,290,8750000,경상북도교육청,8851000,경상북도경산교육지원청,2016-08-12,2016-08-12,5377,2026-03-20
Z000104078,전주서곡초통학구역,0,52,111,8321000,전북특별자치도교육청,8332000,전북특별자치도전주교육지원청,2016-08-12,2024-02-23,6608,2026-03-20
Z000104106,전주전라초통학구역,0,52,113,8321000,전북특별자치도교육청,8332000,전북특별자치도전주교육지원청,2016-08-12,2024-02-23,2889,2026-03-20
Z000104157,대야남초통학구역,0,52,130,8321000,전북특별자치도교육청,8342000,전북특별자치도군산교육지원청,2016-08-12,2024-02-23,2694,2026-03-20
Z000102983,대야초통학구역,0,41,390,7530000,경기도교육청,7781000,경기도시흥교육지원청,2016-08-12,2024-08-07,3933,2026-03-20
Z000102982,계수초통학구역,0,41,390,7530000,경기도교육청,7781000,경기도시흥교육지원청,2016-08-12,2024-08-07,3507,2026-03-20
Z000102226,대화초통학구역,0,41,287,7530000,경기도교육청,7621000,경기도고양교육지원청,2016-08-12,2016-08-12,4684,2026-03-20
Z000105414,동양초통학구역,0,47,920,8750000,경상북도교육청,8961000,경상북도봉화교육지원청,2016-08-12,2016-08-12,4536,2026-03-20
Z000106085,가락초통학구역,0,36,110,9300000,세종특별자치시교육청,9300000,세종특별자치시교육청,2016-08-12,2016-08-12,3905,2026-03-20
Z000150362,거문초진부초공동통학구역,1,51,760,7801000,강원특별자치도교육청,7912000,강원특별자치도평창교육지원청,2016-08-12,2016-08-12,2549,2026-03-20
Z000103277,호명초통학구역,0,51,760,7801000,강원특별자치도교육청,7912000,강원특별자치도평창교육지원청,2016-08-12,2016-08-12,1496,2026-03-20
Z000103305,용정초통학구역,0,51,780,7801000,강원특별자치도교육청,7932000,강원특별자치도철원교육지원청,2016-08-12,2016-08-12,6830,2026-03-20
Z000103886,성덕초통학구역,0,44,230,8140000,충청남도교육청,8222000,충청남도논산계룡교육지원청,2016-08-12,2016-08-12,5103,2026-03-20
Z000101185,인천동부초통학구역,0,28,200,7310000,인천광역시교육청,7341000,인천광역시동부교육지원청,2016-08-12,2016-08-12,221,2026-03-20
Z000104066,전주동신초통학구역,0,52,113,8321000,전북특별자치도교육청,8332000,전북특별자치도전주교육지원청,2016-08-12,2024-04-15,7099,2026-03-20
Z000101914,녹양초통학구역,0,41,150,7530000,경기도교육청,7561000,경기도의정부교육지원청,2016-08-12,2018-05-03,7127,2026-03-20
Z000105255,점촌중앙초통학구역,0,47,280,8750000,경상북도교육청,8841000,경상북도문경교육지원청,2016-08-12,2016-08-12,3526,2026-03-20
Z000101883,성수초통학구역,0,41,131,7530000,경기도교육청,7551000,경기도성남교육지원청,2016-08-12,2024-08-07,3640,2026-03-20
Z000101838,검단초통학구역,0,41,133,7530000,경기도교육청,7551000,경기도성남교육지원청,2016-08-12,2024-08-07,4583,2026-03-20
Z000101941,호암초통학구역,0,41,150,7530000,경기도교육청,7561000,경기도의정부교육지원청,2016-08-12,2018-03-05,7138,2026-03-20
Z000102225,대곡초통학구역,0,41,281,7530000,경기도교육청,7621000,경기도고양교육지원청,2016-08-12,2016-08-12,6138,2026-03-20
Z000102747,연하초통학구역,0,41,820,7530000,경기도교육청,7721000,경기도가평교육지원청,2016-08-12,2016-08-12,6220,2026-03-20
Z000103334,해안초통학구역,0,51,800,7801000,강원특별자치도교육청,7952000,강원특별자치도양구교육지원청,2016-08-12,2016-08-12,4956,2026-03-20
Z000150091,대전관평초대전동화초대전용산초공동통학구역,1,30,200,7430000,대전광역시교육청,7451000,대전광역시서부교육지원청,2016-08-12,2016-08-12,5627,2026-03-20
Z000105999,신촌초통학구역,0,50,110,9290000,제주특별자치도교육청,9296000,제주특별자치도제주시교육지원청,2016-08-12,2016-08-12,6329,2026-03-20
Z000101654,신천초통학구역,0,31,200,7480000,울산광역시교육청,7491000,울산광역시강북교육지원청,2016-08-12,2024-04-23,232,2026-03-20
Z000101635,동천초통학구역,0,31,200,7480000,울산광역시교육청,7491000,울산광역시강북교육지원청,2016-08-12,2024-04-23,2637,2026-03-20
Z000150016,서울상계초서울중계초공동통학구역,1,11,350,7010000,서울특별시교육청,7051000,서울특별시북부교육지원청,2016-08-12,2024-04-23,4351,2026-03-20
Z000100181,서울상계초통학구역,0,11,350,7010000,서울특별시교육청,7051000,서울특별시북부교육지원청,2016-08-12,2024-04-23,4352,2026-03-20
Z000106414,고양장항초통학구역,0,41,285,7530000,경기도교육청,7621000,경기도고양교육지원청,2016-08-12,2024-08-29,2193,2026-03-20
Z000106272,평택모산초통학구역,0,41,220,7530000,경기도교육청,7631000,경기도평택교육지원청,2020-01-14,2024-08-29,2477,2026-03-20
Z000104345,봉동초양화분교통학구역,0,52,710,8321000,전북특별자치도교육청,8392000,전북특별자치도완주교육지원청,2016-08-12,2024-02-23,1216,2026-03-20
Z000101974,안양중앙초통학구역,0,41,173,7530000,경기도교육청,7569000,경기도안양과천교육지원청,2016-08-12,2024-06-18,3829,2026-03-20
Z000101983,호계초통학구역,0,41,173,7530000,경기도교육청,7569000,경기도안양과천교육지원청,2016-08-12,2024-06-18,1615,2026-03-20
Z000106063,성읍초통학구역,0,50,130,9290000,제주특별자치도교육청,9299000,제주특별자치도서귀포시교육지원청,2016-08-12,2016-08-12,426,2026-03-20
Z000102713,영북초통학구역,0,41,650,7530000,경기도교육청,7711000,경기도포천교육지원청,2016-08-12,2016-08-12,6398,2026-03-20
Z000102027,상미초통학구역,0,41,192,7530000,경기도교육청,7581000,경기도부천교육지원청,2016-08-12,2024-03-29,6015,2026-03-20
Z000150172,무원초신능초공동통학구역,1,41,281,7530000,경기도교육청,7621000,경기도고양교육지원청,2016-08-12,2016-08-12,1737,2026-03-20
Z000102096,상패초통학구역,0,41,630,7530000,경기도교육청,7602000,경기도동두천양주교육지원청,2016-08-12,2016-08-12,2744,2026-03-20
Z000101316,인천천마초통학구역,0,28,260,7310000,인천광역시교육청,7361000,인천광역시서부교육지원청,2016-08-12,2016-08-12,5097,2026-03-20
Z000151456,김해모산초광역통학구역,1,48,250,9010000,경상남도교육청,9091000,경상남도김해교육지원청,2024-03-26,2024-04-03,5393,2026-03-20
Z000151458,주촌초광역통학구역,1,48,250,9010000,경상남도교육청,9091000,경상남도김해교육지원청,2024-03-26,2024-04-03,2942,2026-03-20
Z000101295,인천서운초통학구역,0,28,245,7310000,인천광역시교육청,7331000,인천광역시북부교육지원청,2016-08-12,2024-04-03,2778,2026-03-20
Z000101300,인천신대초통학구역,0,28,245,7310000,인천광역시교육청,7331000,인천광역시북부교육지원청,2016-08-12,2024-04-03,1584,2026-03-20
Z000103015,신동초통학구역,0,51,110,7801000,강원특별자치도교육청,7812000,강원특별자치도춘천교육지원청,2016-08-12,2024-08-29,4374,2026-03-20
Z000106263,옥빛초통학구역,0,41,630,7530000,경기도교육청,7602000,경기도동두천양주교육지원청,2019-12-23,2024-08-29,3346,2026-03-20
Z000106415,평택영신초통학구역,0,41,220,7530000,경기도교육청,7631000,경기도평택교육지원청,2024-08-27,2024-08-29,5996,2026-03-20
Z000106416,민세초통학구역,0,41,220,7530000,경기도교육청,7631000,경기도평택교육지원청,2024-08-28,2024-08-29,2745,2026-03-20
Z000102318,종덕초통학구역,0,41,220,7530000,경기도교육청,7631000,경기도평택교육지원청,2016-08-12,2024-08-29,880,2026-03-20
Z000103201,서석초청량분교장통학구역,0,51,720,7801000,강원특별자치도교육청,7882000,강원특별자치도홍천교육지원청,2016-08-12,2016-08-12,1768,2026-03-20
Z000102036,소안초통학구역,0,41,194,7530000,경기도교육청,7581000,경기도부천교육지원청,2016-08-12,2024-03-29,3984,2026-03-20
Z000106215,양청초통학구역,0,43,114,8000000,충청북도교육청,8011000,충청북도청주교육지원청,2019-02-27,2024-07-09,5021,2026-03-20
Z000101310,인천왕길초통학구역,0,28,260,7310000,인천광역시교육청,7361000,인천광역시서부교육지원청,2016-08-12,2024-07-09,563,2026-03-20
Z000101278,인천단봉초통학구역,0,28,260,7310000,인천광역시교육청,7361000,인천광역시서부교육지원청,2016-08-12,2024-07-09,6877,2026-03-20
Z000100965,대구이현초통학구역,0,27,170,7240000,대구광역시교육청,7261000,대구광역시서부교육지원청,2016-08-12,2024-07-09,2408,2026-03-20
Z000101593,대전선암초통학구역,0,30,170,7430000,대전광역시교육청,7451000,대전광역시서부교육지원청,2016-08-12,2016-08-12,6392,2026-03-20
Z000102577,화성매송초통학구역,0,41,590,7530000,경기도교육청,7679000,경기도화성오산교육지원청,2016-08-12,2018-11-11,1617,2026-03-20
Z000103761,주산초통학구역,0,44,180,8140000,충청남도교육청,8171000,충청남도보령교육지원청,2016-08-12,2016-08-12,4144,2026-03-20
Z000102971,운유초통학구역,0,41,570,7530000,경기도교육청,7771000,경기도김포교육지원청,2016-08-12,2016-08-12,2373,2026-03-20
Z000150660,서울삼일초서울남성초공동통학구역,1,11,590,7010000,서울특별시교육청,7132000,서울특별시동작관악교육지원청,2016-08-12,2017-10-12,5035,2026-03-20
Z000102872,용인성산초통학구역,0,41,461,7530000,경기도교육청,7751000,경기도용인교육지원청,2016-08-12,2024-03-19,342,2026-03-20
Z000150274,동부초하남천현초공동통학구역,1,41,450,7530000,경기도교육청,7692000,경기도광주하남교육지원청,2016-08-12,2024-03-20,1210,2026-03-20
Z000105796,칠서초통학구역,0,48,730,9010000,경상남도교육청,9131000,경상남도함안교육지원청,2016-08-12,2024-03-20,5955,2026-03-20
Z000101827,호매실초통학구역,0,41,113,7530000,경기도교육청,7541000,경기도수원교육지원청,2016-08-12,2024-03-20,2527,2026-03-20
Z000100143,서울신흥초통학구역,0,11,545,7010000,서울특별시교육청,7041000,서울특별시남부교육지원청,2016-08-12,2018-01-29,1714,2026-03-20
Z000100135,서울선유초통학구역,0,11,560,7010000,서울특별시교육청,7041000,서울특별시남부교육지원청,2016-08-12,2017-10-30,1188,2026-03-20
Z000102232,무원초통학구역,0,41,281,7530000,경기도교육청,7621000,경기도고양교육지원청,2016-08-12,2016-08-12,6146,2026-03-20
Z000150121,오동초의정부용현초공동통학구역,1,41,150,7530000,경기도교육청,7561000,경기도의정부교육지원청,2016-08-12,2016-08-12,653,2026-03-20
Z000101768,산의초통학구역,0,41,117,7530000,경기도교육청,7541000,경기도수원교육지원청,2016-08-12,2018-03-08,3437,2026-03-20
Z000150182,상탄초황룡초공동통학구역,1,41,287,7530000,경기도교육청,7621000,경기도고양교육지원청,2016-08-12,2016-08-12,5679,2026-03-20
Z000103947,목면초통학구역,0,44,790,8140000,충청남도교육청,8251000,충청남도청양교육지원청,2016-08-12,2016-08-12,2738,2026-03-20
Z000106013,재릉초통학구역,0,50,110,9290000,제주특별자치도교육청,9296000,제주특별자치도제주시교육지원청,2016-08-12,2016-08-12,193,2026-03-20
Z000106037,해안초통학구역,0,50,110,9290000,제주특별자치도교육청,9296000,제주특별자치도제주시교육지원청,2016-08-12,2016-08-12,3230,2026-03-20
Z000105994,송당초통학구역,0,50,110,9290000,제주특별자치도교육청,9296000,제주특별자치도제주시교육지원청,2016-08-12,2017-01-09,4892,2026-03-20
Z000101181,인천담방초통학구역,0,28,200,7310000,인천광역시교육청,7341000,인천광역시동부교육지원청,2016-08-12,2016-08-12,5558,2026-03-20
Z000101212,인천연성초통학구역,0,28,185,7310000,인천광역시교육청,7341000,인천광역시동부교육지원청,2016-08-12,2016-08-12,1539,2026-03-20
Z000101589,대전새미래초통학구역,0,30,200,7430000,대전광역시교육청,7451000,대전광역시서부교육지원청,2016-08-12,2016-08-12,440,2026-03-20
Z000101214,인천연수초통학구역,0,28,185,7310000,인천광역시교육청,7341000,인천광역시동부교육지원청,2016-08-12,2016-08-12,3335,2026-03-20
Z000101108,인천연학초통학구역,0,28,177,7310000,인천광역시교육청,7321000,인천광역시남부교육지원청,2018-09-19,2016-08-12,4241,2026-03-20
Z000150400,"동광초보은삼산초공동통학구역, 동광초수정초공동(일방)통학구역",1,43,720,8000000,충청북도교육청,8051000,충청북도보은교육지원청,2016-08-12,2024-04-23,3450,2026-03-20
Z000106105,연봉초통학구역,0,36,110,9300000,세종특별자치시교육청,9300000,세종특별자치시교육청,2016-08-12,2024-04-26,4001,2026-03-20
Z000106175,옥길산들초통학구역,0,41,194,7530000,경기도교육청,7581000,경기도부천교육지원청,2018-03-08,2024-03-29,1732,2026-03-20
Z000150687,양산초신기초공동통학구역,1,48,330,9010000,경상남도교육청,9151000,경상남도양산교육지원청,2018-03-08,2018-03-08,4950,2026-03-20
Z000150685,부용초평택초공동통학구역,1,41,220,7530000,경기도교육청,7631000,경기도평택교육지원청,2018-03-07,2018-03-07,4342,2026-03-20
Z000106171,대구세현초통학구역,0,27,710,7240000,대구광역시교육청,7281000,대구광역시달성교육지원청,2018-03-07,2018-06-04,102,2026-03-20
Z000101835,효정초통학구역,0,41,113,7530000,경기도교육청,7541000,경기도수원교육지원청,2016-08-12,2018-03-08,3624,2026-03-20
Z000105058,개령서부초통학구역,0,47,150,8750000,경상북도교육청,8781000,경상북도김천교육지원청,2016-08-12,2018-02-27,3522,2026-03-20
Z000102527,송산초통학구역,0,41,590,7530000,경기도교육청,7679000,경기도화성오산교육지원청,2016-08-12,2017-04-03,2165,2026-03-20
Z000101880,성남중앙초통학구역,0,41,133,7530000,경기도교육청,7551000,경기도성남교육지원청,2016-08-12,2024-08-07,6293,2026-03-20
Z000150837,유림초괘릉초사방초양동초모아초영지초신라초서라벌초모량초천포초연안초옥산초석계초안강초아화초의곡초화랑초공동(일방)통학구역,1,47,130,8750000,경상북도교육청,8771000,경상북도경주교육지원청,2020-02-03,2024-08-07,2272,2026-03-20
Z000150842,용황초괘릉초사방초양동초모아초영지초신라초서라벌초모량초천포초연안초옥산초석계초공동(일방)통학구역,1,47,130,8750000,경상북도교육청,8771000,경상북도경주교육지원청,2020-02-04,2024-08-07,4030,2026-03-20
Z000101996,범박초통학구역,0,41,190,7530000,경기도교육청,7581000,경기도부천교육지원청,2016-08-12,2024-08-07,1488,2026-03-20
Z000106397,복사초통학구역,0,41,190,7530000,경기도교육청,7581000,경기도부천교육지원청,2024-01-26,2024-08-07,4896,2026-03-20
Z000151409,범박초복사초공동통학구역,1,41,190,7530000,경기도교육청,7581000,경기도부천교육지원청,2024-01-26,2024-08-07,1293,2026-03-20
Z000151057,부안동초부안남초주산초동진초동북초백룡초백산초상서초우덕초하서초창북초공동(일방)통학구역,1,52,800,8321000,전북특별자치도교육청,8462000,전북특별자치도부안교육지원청,2021-01-25,2024-08-13,3915,2026-03-20
Z000103358,광산초통학구역,0,51,820,7801000,강원특별자치도교육청,7972000,강원특별자치도고성교육지원청,2016-08-12,2024-08-13,1867,2026-03-20
Z000103098,운산초통학구역,0,51,150,7801000,강원특별자치도교육청,7832000,강원특별자치도강릉교육지원청,2016-08-12,2022-03-22,4047,2026-03-20
Z000102509,반송초통학구역,0,41,590,7530000,경기도교육청,7679000,경기도화성오산교육지원청,2016-08-12,2021-01-18,6121,2026-03-20
Z000102576,화성금곡초통학구역,0,41,590,7530000,경기도교육청,7679000,경기도화성오산교육지원청,2016-08-12,2021-01-18,7029,2026-03-20
Z000101314,인천작전초통학구역,0,28,245,7310000,인천광역시교육청,7331000,인천광역시북부교육지원청,2016-08-12,2024-04-03,3774,2026-03-20
Z000101292,인천부현초통학구역,0,28,245,7310000,인천광역시교육청,7331000,인천광역시북부교육지원청,2016-08-12,2024-04-03,1107,2026-03-20
Z000150361,영월초청령포초옥동초녹전초연당초신천초마차초쌍룡초공동(일방)통학구역,1,51,750,7801000,강원특별자치도교육청,7902000,강원특별자치도영월교육지원청,2016-08-12,2024-05-07,6925,2026-03-20
Z000150761,내성초옥동초녹전초연당초신천초공동(일방)통학구역,1,51,750,7801000,강원특별자치도교육청,7902000,강원특별자치도영월교육지원청,2019-07-15,2024-05-07,5153,2026-03-20
Z000150689,봉래초녹전초연당초공동(일방)통학구역,1,51,750,7801000,강원특별자치도교육청,7902000,강원특별자치도영월교육지원청,2016-08-12,2024-05-07,4042,2026-03-20
Z000151215,함평초제한적공동(일방)통학구역,1,46,860,8490000,전라남도교육청,8671000,전라남도함평교육지원청,2021-12-24,2024-05-07,1417,2026-03-20
Z000150654,원통초월학초한계초용대초공동통학구역,1,51,810,7801000,강원특별자치도교육청,7962000,강원특별자치도인제교육지원청,2017-02-23,2024-05-13,7094,2026-03-20
Z000106089,나래초통학구역,0,36,110,9300000,세종특별자치시교육청,9300000,세종특별자치시교육청,2016-08-12,2024-05-13,1471,2026-03-20
Z000101605,대전월평초통학구역,0,30,170,7430000,대전광역시교육청,7451000,대전광역시서부교육지원청,2016-08-12,2016-08-12,1164,2026-03-20
Z000102671,삼리초통학구역,0,41,610,7530000,경기도교육청,7692000,경기도광주하남교육지원청,2016-08-12,2016-08-12,6388,2026-03-20
Z000102568,학동초통학구역,0,41,590,7530000,경기도교육청,7679000,경기도화성오산교육지원청,2016-08-12,2016-08-12,2589,2026-03-20
Z000102452,해밀초통학구역,0,41,360,7530000,경기도교육청,7652000,경기도구리남양주교육지원청,2016-08-12,2016-08-12,4454,2026-03-20
Z000151310,강서초증안초공동통학구역,1,43,113,8000000,충청북도교육청,8011000,충청북도청주교육지원청,2016-08-12,2023-02-14,3414,2026-03-20
Z000103447,직지초통학구역,0,43,113,8000000,충청북도교육청,8011000,충청북도청주교육지원청,2016-08-12,2023-02-14,4131,2026-03-20
Z000103968,신당초통학구역,0,44,800,8140000,충청남도교육청,8261000,충청남도홍성교육지원청,2016-08-12,2016-08-12,3317,2026-03-20
Z000106156,대구삼영초통학구역,0,27,230,7240000,대구광역시교육청,7261000,대구광역시서부교육지원청,2016-08-12,2017-11-20,6448,2026-03-20
Z000150506,영광초영광중앙초법성포초공동통학구역,1,46,870,8490000,전라남도교육청,8681000,전라남도영광교육지원청,2016-08-12,2019-07-02,2871,2026-03-20
Z000101823,태장초통학구역,0,41,117,7530000,경기도교육청,7541000,경기도수원교육지원청,2016-08-12,2019-07-01,4479,2026-03-20
Z000101152,인천부평동초통학구역,0,28,237,7310000,인천광역시교육청,7331000,인천광역시북부교육지원청,2016-08-12,2024-04-03,219,2026-03-20
Z000101154,인천부평서초통학구역,0,28,237,7310000,인천광역시교육청,7331000,인천광역시북부교육지원청,2016-08-12,2024-04-03,2006,2026-03-20
Z000101327,인천효성초통학구역,0,28,245,7310000,인천광역시교육청,7331000,인천광역시북부교육지원청,2016-08-12,2024-04-03,6596,2026-03-20
Z000101326,인천효성서초통학구역,0,28,245,7310000,인천광역시교육청,7331000,인천광역시북부교육지원청,2016-08-12,2024-04-03,4842,2026-03-20
Z000101325,인천효성동초통학구역,0,28,245,7310000,인천광역시교육청,7331000,인천광역시북부교육지원청,2016-08-12,2024-04-03,5545,2026-03-20
Z000106042,강정초통학구역,0,50,130,9290000,제주특별자치도교육청,9299000,제주특별자치도서귀포시교육지원청,2016-08-12,2016-08-12,6871,2026-03-20
Z000105101,신성초통학구역,0,47,170,8750000,경상북도교육청,8791000,경상북도안동교육지원청,2016-08-12,2016-08-12,2038,2026-03-20
Z000103401,봉정초통학구역,0,43,113,8000000,충청북도교육청,8011000,충청북도청주교육지원청,2016-08-12,2023-02-14,3102,2026-03-20
Z000151311,만수초상봉초공동통학구역,1,43,113,8000000,충청북도교육청,8011000,충청북도청주교육지원청,2016-08-12,2023-02-14,1072,2026-03-20
Z000102307,송일초통학구역,0,41,220,7530000,경기도교육청,7631000,경기도평택교육지원청,2016-08-12,2016-08-12,7139,2026-03-20
Z000103689,천안신부초통학구역,0,44,131,8140000,충청남도교육청,8151000,충청남도천안교육지원청,2016-08-12,2024-03-19,7106,2026-03-20
Z000100968,대구중리초통학구역,0,27,170,7240000,대구광역시교육청,7261000,대구광역시서부교육지원청,2016-08-12,2024-07-09,2282,2026-03-20
Z000105121,고아초통학구역,0,47,190,8750000,경상북도교육청,8801000,경상북도구미교육지원청,2016-08-12,2016-08-12,2964,2026-03-20
Z000102061,구름산초통학구역,0,41,210,7530000,경기도교육청,7591000,경기도광명교육지원청,2016-08-12,2016-08-12,318,2026-03-20
Z000101966,안양남초통학구역,0,41,173,7530000,경기도교육청,7569000,경기도안양과천교육지원청,2016-08-12,2016-08-12,4088,2026-03-20
Z000151403,고덕초민세초종덕초공동통학구역,1,41,220,7530000,경기도교육청,7631000,경기도평택교육지원청,2023-12-28,2024-08-29,3625,2026-03-20
Z000106418,별하람초통학구역,0,41,480,7530000,경기도교육청,7681000,경기도파주교육지원청,2024-08-28,2024-08-29,5443,2026-03-20
Z000106419,운정해오름초통학구역,0,41,480,7530000,경기도교육청,7681000,경기도파주교육지원청,2024-08-28,2024-08-29,229,2026-03-20
Z000106343,다율초통학구역,0,41,480,7530000,경기도교육청,7681000,경기도파주교육지원청,2022-01-07,2024-08-29,6427,2026-03-20
Z000150162,냉천초하늘초공동통학구역,1,41,285,7530000,경기도교육청,7621000,경기도고양교육지원청,2016-08-12,2024-09-12,4823,2026-03-20
Z000102767,양평초통학구역,0,41,830,7530000,경기도교육청,7731000,경기도양평교육지원청,2016-08-12,2018-11-06,3862,2026-03-20
Z000105096,북후초통학구역,0,47,210,8750000,경상북도교육청,8791000,경상북도안동교육지원청,2016-08-12,2016-08-12,3597,2026-03-20
Z000105409,은풍초통학구역,0,47,900,8750000,경상북도교육청,8951000,경상북도예천교육지원청,2016-08-12,2016-08-12,1605,2026-03-20
Z000101566,대전내동초통학구역,0,30,170,7430000,대전광역시교육청,7451000,대전광역시서부교육지원청,2016-08-12,2016-08-12,1168,2026-03-20
Z000101124,인천주안북초통학구역,0,28,177,7310000,인천광역시교육청,7321000,인천광역시남부교육지원청,2018-09-19,2016-08-12,3331,2026-03-20
Z000101101,인천송현초통학구역,0,28,140,7310000,인천광역시교육청,7321000,인천광역시남부교육지원청,2016-08-12,2016-08-12,3254,2026-03-20
Z000150431,"공주신월초신관초공동통학구역,공주신월초신관초공동(일방)통학구역",1,44,150,8140000,충청남도교육청,8161000,충청남도공주교육지원청,2016-08-12,2024-07-09,4451,2026-03-20
Z000151263,신관초공동(일방)통학구역,1,44,150,8140000,충청남도교육청,8161000,충청남도공주교육지원청,2022-11-30,2025-11-13,2001,2026-03-20
Z000103319,용암초통학구역,0,51,790,7801000,강원특별자치도교육청,7942000,강원특별자치도화천교육지원청,2016-08-12,2016-08-12,1673,2026-03-20
Z000103808,온양초통학구역,0,44,200,8140000,충청남도교육청,8181000,충청남도아산교육지원청,2016-08-12,2017-04-03,160,2026-03-20
Z000101820,청명초통학구역,0,41,117,7530000,경기도교육청,7541000,경기도수원교육지원청,2016-08-12,2016-08-12,1909,2026-03-20
Z000100110,서울구로초통학구역,0,11,530,7010000,서울특별시교육청,7041000,서울특별시남부교육지원청,2016-08-12,2016-08-12,3871,2026-03-20
Z000105009,흥해서부초통학구역,0,47,113,8750000,경상북도교육청,8761000,경상북도포항교육지원청,2016-08-12,2016-08-12,5281,2026-03-20
Z000101091,인천문학초통학구역,0,28,177,7310000,인천광역시교육청,7321000,인천광역시남부교육지원청,2018-09-19,2016-08-12,6887,2026-03-20
Z000101107,인천연안초통학구역,0,28,110,7310000,인천광역시교육청,7321000,인천광역시남부교육지원청,2016-08-12,2016-08-12,3704,2026-03-20
Z000101554,대덕초도룡분교통학구역,0,30,200,7430000,대전광역시교육청,7451000,대전광역시서부교육지원청,2016-08-12,2016-08-12,300,2026-03-20
Z000101116,인천용현남초자월분교장통학구역,0,28,720,7310000,인천광역시교육청,7321000,인천광역시남부교육지원청,2016-08-12,2016-08-12,6744,2026-03-20
Z000103557,부용초통학구역,0,43,740,8000000,충청북도교육청,8071000,충청북도영동교육지원청,2016-08-12,2016-08-12,5233,2026-03-20
Z000105214,백원초통학구역,0,47,250,8750000,경상북도교육청,8831000,경상북도상주교육지원청,2016-08-12,2016-08-12,5293,2026-03-20
Z000105008,흥해남산초통학구역,0,47,113,8750000,경상북도교육청,8761000,경상북도포항교육지원청,2016-08-12,2016-08-12,5288,2026-03-20
Z000105280,자인초통학구역,0,47,290,8750000,경상북도교육청,8851000,경상북도경산교육지원청,2016-08-12,2016-08-12,265,2026-03-20
Z000105314,점곡초통학구역,0,47,730,8750000,경상북도교육청,8871000,경상북도의성교육지원청,2016-08-12,2016-08-12,4531,2026-03-20
Z000105307,안평초신평분교장통학구역,0,47,730,8750000,경상북도교육청,8871000,경상북도의성교육지원청,2016-08-12,2016-08-12,4044,2026-03-20
Z000104952,남성초통학구역,0,47,111,8750000,경상북도교육청,8761000,경상북도포항교육지원청,2016-08-12,2016-08-12,6440,2026-03-20
Z000105278,용성초통학구역,0,47,290,8750000,경상북도교육청,8851000,경상북도경산교육지원청,2016-08-12,2016-08-12,5808,2026-03-20
Z000105302,다인초통학구역,0,47,730,8750000,경상북도교육청,8871000,경상북도의성교육지원청,2016-08-12,2016-08-12,3651,2026-03-20
Z000151464,나래초늘봄초공동(일방)통학구역,1,36,110,9300000,세종특별자치시교육청,9300000,세종특별자치시교육청,2024-05-07,2024-05-13,6825,2026-03-20
Z000151463,도담초늘봄초공동(일방)통학구역,1,36,110,9300000,세종특별자치시교육청,9300000,세종특별자치시교육청,2024-05-07,2024-05-13,6833,2026-03-20
Z000151462,경안초탄벌초공동통학구역,1,41,610,7530000,경기도교육청,7692000,경기도광주하남교육지원청,2024-05-07,2024-05-13,589,2026-03-20
Z000100986,대구남도초통학구역,0,27,200,7240000,대구광역시교육청,7271000,대구광역시남부교육지원청,2016-08-12,2016-08-12,3300,2026-03-20
Z000105089,길안초통학구역,0,47,170,8750000,경상북도교육청,8791000,경상북도안동교육지원청,2016-08-12,2016-08-12,482,2026-03-20
Z000101617,봉암초통학구역,0,30,200,7430000,대전광역시교육청,7451000,대전광역시서부교육지원청,2016-08-12,2016-08-12,903,2026-03-20
Z000103952,정산초통학구역,0,44,790,8140000,충청남도교육청,8251000,충청남도청양교육지원청,2016-08-12,2016-08-12,4168,2026-03-20
Z000103916,옥산초통학구역,0,44,760,8140000,충청남도교육청,8231000,충청남도부여교육지원청,2016-08-12,2016-08-12,363,2026-03-20
Z000102093,삼상초통학구역,0,41,630,7530000,경기도교육청,7602000,경기도동두천양주교육지원청,2016-08-12,2016-08-12,4965,2026-03-20
Z000103050,부론초통학구역,0,51,130,7801000,강원특별자치도교육청,7822000,강원특별자치도원주교육지원청,2016-08-12,2016-08-12,2581,2026-03-20
Z000103943,한산초통학구역,0,44,770,8140000,충청남도교육청,8241000,충청남도서천교육지원청,2016-08-12,2016-08-12,2346,2026-03-20
Z000103095,연곡초통학구역,0,51,150,7801000,강원특별자치도교육청,7832000,강원특별자치도강릉교육지원청,2016-08-12,2016-08-12,5386,2026-03-20
Z000105268,다문초통학구역,0,47,290,8750000,경상북도교육청,8851000,경상북도경산교육지원청,2016-08-12,2016-08-12,269,2026-03-20
Z000105234,화동초통학구역,0,47,250,8750000,경상북도교육청,8831000,경상북도상주교육지원청,2016-08-12,2016-08-12,6383,2026-03-20
Z000105229,중동초통학구역,0,47,250,8750000,경상북도교육청,8831000,경상북도상주교육지원청,2016-08-12,2016-08-12,3837,2026-03-20
Z000105230,중모초통학구역,0,47,250,8750000,경상북도교육청,8831000,경상북도상주교육지원청,2016-08-12,2016-08-12,1068,2026-03-20
Z000105224,외남초통학구역,0,47,250,8750000,경상북도교육청,8831000,경상북도상주교육지원청,2016-08-12,2016-08-12,2257,2026-03-20
Z000103537,판동초통학구역,0,43,720,8000000,충청북도교육청,8051000,충청북도보은교육지원청,2016-08-12,2016-08-12,1047,2026-03-20
Z000101968,안양동초통학구역,0,41,173,7530000,경기도교육청,7569000,경기도안양과천교육지원청,2016-08-12,2017-12-08,1141,2026-03-20
Z000101839,구미초통학구역,0,41,135,7530000,경기도교육청,7551000,경기도성남교육지원청,2016-08-12,2016-08-12,2753,2026-03-20
Z000150854,구미문성초남계초구운초공동(일방)통학구역,1,47,190,8750000,경상북도교육청,8801000,경상북도구미교육지원청,2020-02-05,2021-02-23,5606,2026-03-20
Z000151023,금오초송정초공동통학구역,1,47,190,8750000,경상북도교육청,8801000,경상북도구미교육지원청,2020-12-16,2021-02-23,3840,2026-03-20
Z000150778,가좌초예하초공동통학구역,1,48,170,9010000,경상남도교육청,9051000,경상남도진주교육지원청,2019-11-28,2021-02-23,1316,2026-03-20
Z000102494,노진초통학구역,0,41,590,7530000,경기도교육청,7679000,경기도화성오산교육지원청,2016-08-12,2016-08-12,2618,2026-03-20
Z000102810,관곡초통학구역,0,41,463,7530000,경기도교육청,7751000,경기도용인교육지원청,2016-08-12,2016-08-17,6035,2026-03-20
Z000105379,가산초통학구역,0,47,850,8750000,경상북도교육청,8941000,경상북도칠곡교육지원청,2016-08-12,2016-08-12,4320,2026-03-20
Z000105393,약목초통학구역,0,47,850,8750000,경상북도교육청,8941000,경상북도칠곡교육지원청,2016-08-12,2016-08-12,5422,2026-03-20
Z000105353,화양초통학구역,0,47,820,8750000,경상북도교육청,8911000,경상북도청도교육지원청,2016-08-12,2016-08-12,6723,2026-03-20
Z000105148,야은초통학구역,0,47,190,8750000,경상북도교육청,8801000,경상북도구미교육지원청,2016-08-12,2016-08-12,6919,2026-03-20
Z000101353,광주풍향초통학구역,0,29,170,7380000,광주광역시교육청,7391000,광주광역시동부교육지원청,2016-08-12,2016-08-12,3242,2026-03-20
Z000102652,광주초통학구역,0,41,610,7530000,경기도교육청,7692000,경기도광주하남교육지원청,2016-08-12,2024-05-13,5062,2026-03-20
Z000150257,경안초광주초공동통학구역,1,41,610,7530000,경기도교육청,7692000,경기도광주하남교육지원청,2016-08-12,2024-05-13,594,2026-03-20
Z000102645,경안초통학구역,0,41,610,7530000,경기도교육청,7692000,경기도광주하남교육지원청,2016-08-12,2024-05-13,6823,2026-03-20
Z000102293,덕동초통학구역,0,41,220,7530000,경기도교육청,7631000,경기도평택교육지원청,2016-08-12,2024-05-21,2213,2026-03-20
Z000102327,평일초통학구역,0,41,220,7530000,경기도교육청,7631000,경기도평택교육지원청,2016-08-12,2024-05-21,4545,2026-03-20
Z000150505,영광초제한적공동통학구역,1,46,870,8490000,전라남도교육청,8681000,전라남도영광교육지원청,2016-08-12,2024-05-21,6785,2026-03-20
Z000150499,용당초삼호서초공동통학구역,1,46,830,8490000,전라남도교육청,8651000,전라남도영암교육지원청,2016-08-12,2016-08-12,4976,2026-03-20
Z000101229,인천청량초통학구역,0,28,185,7310000,인천광역시교육청,7341000,인천광역시동부교육지원청,2016-08-12,2016-08-12,1535,2026-03-20
Z000101301,인천신석초통학구역,0,28,260,7310000,인천광역시교육청,7361000,인천광역시서부교육지원청,2016-08-12,2016-08-12,5973,2026-03-20
Z000102277,한수초통학구역,0,41,287,7530000,경기도교육청,7621000,경기도고양교육지원청,2016-08-12,2016-08-12,2781,2026-03-20
Z000151449,천안차암초산동초공동(일방)통학구역,1,44,133,8140000,충청남도교육청,8151000,충청남도천안교육지원청,2024-03-15,2024-03-19,3632,2026-03-20
Z000150037,서울경동초서울경수초공동통학구역,1,11,200,7010000,서울특별시교육청,7134000,서울특별시성동광진교육지원청,2016-08-12,2016-08-12,881,2026-03-20
Z000106404,서울개현초통학구역,0,11,680,7010000,서울특별시교육청,7091300,서울특별시강남서초교육지원청,2024-03-18,2024-03-19,3440,2026-03-20
Z000100386,서울개일초통학구역,0,11,680,7010000,서울특별시교육청,7091300,서울특별시강남서초교육지원청,2016-08-12,2024-03-19,3439,2026-03-20
Z000102177,안산창촌초통학구역,0,41,271,7530000,경기도교육청,7611000,경기도안산교육지원청,2016-08-12,2021-07-06,2600,2026-03-20
Z000101583,대전봉명초통학구역,0,30,200,7430000,대전광역시교육청,7451000,대전광역시서부교육지원청,2016-08-12,2016-08-12,5531,2026-03-20
Z000105011,감포초통학구역,0,47,130,8750000,경상북도교육청,8771000,경상북도경주교육지원청,2016-08-12,2016-08-12,1123,2026-03-20
Z000151009,신도초제한적공동(일방)통학구역,1,44,250,8140000,충청남도교육청,8222000,충청남도논산계룡교육지원청,2020-11-23,2020-11-23,1469,2026-03-20
Z000105032,신라초통학구역,0,47,130,8750000,경상북도교육청,8771000,경상북도경주교육지원청,2016-08-12,2016-08-12,458,2026-03-20
Z000101716,신정초통학구역,0,31,140,7480000,울산광역시교육청,7501000,울산광역시강남교육지원청,2016-08-12,2023-03-14,5280,2026-03-20
Z000101691,동백초통학구역,0,31,140,7480000,울산광역시교육청,7501000,울산광역시강남교육지원청,2016-08-12,2023-03-14,4430,2026-03-20
Z000101692,동평초통학구역,0,31,140,7480000,울산광역시교육청,7501000,울산광역시강남교육지원청,2016-08-12,2023-03-14,5285,2026-03-20
Z000101824,파장초통학구역,0,41,111,7530000,경기도교육청,7541000,경기도수원교육지원청,2016-08-12,2022-11-08,6058,2026-03-20
Z000102784,설봉초통학구역,0,41,500,7530000,경기도교육청,7741000,경기도이천교육지원청,2016-08-12,2022-11-08,3095,2026-03-20
Z000150691,천진초아야진초공동통학구역,1,51,820,7801000,강원특별자치도교육청,7972000,강원특별자치도고성교육지원청,2018-03-26,2018-03-26,2933,2026-03-20
Z000101668,일산초통학구역,0,31,170,7480000,울산광역시교육청,7491000,울산광역시강북교육지원청,2016-08-12,2016-08-12,2924,2026-03-20
Z000100943,대구대천초통학구역,0,27,230,7240000,대구광역시교육청,7261000,대구광역시서부교육지원청,2016-08-12,2016-08-12,5946,2026-03-20
Z000102019,부천역곡초통학구역,0,41,192,7530000,경기도교육청,7581000,경기도부천교육지원청,2016-08-12,2024-03-29,1487,2026-03-20
Z000101538,산서초통학구역,0,30,140,7430000,대전광역시교육청,7441000,대전광역시동부교육지원청,2016-08-12,2016-08-12,5022,2026-03-20
Z000102786,송곡초통학구역,0,41,500,7530000,경기도교육청,7741000,경기도이천교육지원청,2016-08-12,2016-08-12,4751,2026-03-20
Z000105406,용궁초통학구역,0,47,900,8750000,경상북도교육청,8951000,경상북도예천교육지원청,2016-08-12,2016-08-12,3835,2026-03-20
Z000101220,인천인수초통학구역,0,28,200,7310000,인천광역시교육청,7341000,인천광역시동부교육지원청,2016-08-12,2016-08-12,5556,2026-03-20
Z000101083,인천공항초신도분교장통학구역,0,28,720,7310000,인천광역시교육청,7321000,인천광역시남부교육지원청,2016-08-12,2016-08-12,6869,2026-03-20
Z000101256,해명초통학구역,0,28,710,7310000,인천광역시교육청,7351000,인천광역시강화교육지원청,2016-08-12,2016-08-12,2330,2026-03-20
Z000106405,서울개원초통학구역,0,11,680,7010000,서울특별시교육청,7091300,서울특별시강남서초교육지원청,2024-03-18,2024-03-19,4480,2026-03-20
Z000151217,거제고현초광역통학구역,1,48,310,9010000,경상남도교육청,9111000,경상남도거제교육지원청,2021-12-27,2024-03-19,3431,2026-03-20
Z000151091,거제상동초광역통학구역,1,48,310,9010000,경상남도교육청,9111000,경상남도거제교육지원청,2021-01-29,2025-03-09,1649,2026-03-20
Z000106406,거제용산초통학구역,0,48,310,9010000,경상남도교육청,9111000,경상남도거제교육지원청,2024-03-18,2024-03-19,3433,2026-03-20
Z000101104,인천신광초통학구역,0,28,177,7310000,인천광역시교육청,7321000,인천광역시남부교육지원청,2018-09-19,2024-07-09,4139,2026-03-20
Z000101129,인천학익초통학구역,0,28,177,7310000,인천광역시교육청,7321000,인천광역시남부교육지원청,2018-09-19,2024-07-09,5969,2026-03-20
Z000101092,인천백학초통학구역,0,28,177,7310000,인천광역시교육청,7321000,인천광역시남부교육지원청,2018-09-19,2024-07-09,634,2026-03-20
Z000151452,수원금호초호매실초공동(일방)통학구역,1,41,113,7530000,경기도교육청,7541000,경기도수원교육지원청,2024-03-20,2024-03-20,6966,2026-03-20
Z000101783,수원금호초통학구역,0,41,113,7530000,경기도교육청,7541000,경기도수원교육지원청,2016-08-12,2024-03-20,6965,2026-03-20
Z000151259,동인초목도초감물초소수초공동(일방)통학구역,1,43,760,8000000,충청북도교육청,8092000,충청북도괴산증평교육지원청,2016-08-12,2024-03-26,176,2026-03-20
Z000100537,서울수유초통학구역,0,11,305,7010000,서울특별시교육청,7121200,서울특별시성북강북교육지원청,2016-08-12,2024-08-20,3715,2026-03-20
Z000100450,서울당곡초통학구역,0,11,620,7010000,서울특별시교육청,7132000,서울특별시동작관악교육지원청,2016-08-12,2022-12-06,1143,2026-03-20
Z000105478,마산신월초통학구역,0,48,125,9010000,경상남도교육청,9022000,경상남도창원교육지원청,2016-08-12,2022-12-13,2414,2026-03-20
Z000103000,동내초통학구역,0,51,110,7801000,강원특별자치도교육청,7812000,강원특별자치도춘천교육지원청,2016-08-12,2024-08-13,4634,2026-03-20
Z000104845,대마초통학구역,0,46,870,8490000,전라남도교육청,8681000,전라남도영광교육지원청,2016-08-12,2019-07-03,2174,2026-03-20
Z000106183,다온초통학구역,0,41,590,7530000,경기도교육청,7679000,경기도화성오산교육지원청,2018-03-28,2018-03-28,6908,2026-03-20
Z000101244,삼산초통학구역,0,28,710,7310000,인천광역시교육청,7351000,인천광역시강화교육지원청,2016-08-12,2016-08-12,4095,2026-03-20
Z000106113,전동초통학구역,0,36,110,9300000,세종특별자치시교육청,9300000,세종특별자치시교육청,2016-08-12,2016-08-12,5760,2026-03-20
Z000106003,어도초통학구역,0,50,110,9290000,제주특별자치도교육청,9296000,제주특별자치도제주시교육지원청,2016-08-12,2016-08-12,6862,2026-03-20
Z000106036,함덕초통학구역,0,50,110,9290000,제주특별자치도교육청,9296000,제주특별자치도제주시교육지원청,2016-08-12,2016-08-12,2447,2026-03-20
Z000102383,가운초통학구역,0,41,360,7530000,경기도교육청,7652000,경기도구리남양주교육지원청,2016-08-12,2016-08-12,1548,2026-03-20
Z000102363,둔전초통학구역,0,41,410,7530000,경기도교육청,7642000,경기도군포의왕교육지원청,2016-08-12,2016-08-12,5894,2026-03-20
Z000101961,삼성초통학구역,0,41,171,7530000,경기도교육청,7569000,경기도안양과천교육지원청,2016-08-12,2016-08-12,6126,2026-03-20
Z000150320,상하초지석초공동통학구역,1,41,463,7530000,경기도교육청,7751000,경기도용인교육지원청,2016-08-12,2016-08-12,5460,2026-03-20
Z000101555,대덕초통학구역,0,30,200,7430000,대전광역시교육청,7451000,대전광역시서부교육지원청,2016-08-12,2016-08-12,6508,2026-03-20
Z000105247,문경초통학구역,0,47,280,8750000,경상북도교육청,8841000,경상북도문경교육지원청,2016-08-12,2016-08-12,2317,2026-03-20
Z000103752,미산초통학구역,0,44,180,8140000,충청남도교육청,8171000,충청남도보령교육지원청,2016-08-12,2016-08-12,222,2026-03-20
Z000105252,영순초통학구역,0,47,280,8750000,경상북도교육청,8841000,경상북도문경교육지원청,2016-08-12,2016-08-12,4276,2026-03-20
Z000102107,은봉초통학구역,0,41,630,7530000,경기도교육청,7602000,경기도동두천양주교육지원청,2016-08-12,2016-08-12,4157,2026-03-20
Z000105400,학림초통학구역,0,47,850,8750000,경상북도교육청,8941000,경상북도칠곡교육지원청,2016-08-12,2016-08-12,252,2026-03-20
Z000102888,죽전초통학구역,0,41,465,7530000,경기도교육청,7751000,경기도용인교육지원청,2016-08-12,2016-08-12,3958,2026-03-20
Z000105257,호계초통학구역,0,47,280,8750000,경상북도교육청,8841000,경상북도문경교육지원청,2016-08-12,2016-08-12,865,2026-03-20
Z000102592,군내초통학구역,0,41,480,7530000,경기도교육청,7681000,경기도파주교육지원청,2016-08-12,2016-08-12,1489,2026-03-20
Z000101807,율현초통학구역,0,41,115,7530000,경기도교육청,7541000,경기도수원교육지원청,2016-08-12,2016-08-12,570,2026-03-20
Z000100530,서울삼양초통학구역,0,11,305,7010000,서울특별시교육청,7121200,서울특별시성북강북교육지원청,2016-08-12,2024-08-20,1025,2026-03-20
Z000100670,거제초통학구역,0,26,470,7150000,부산광역시교육청,7191000,부산광역시동래교육지원청,2016-08-12,2024-08-20,1003,2026-03-20
Z000100715,연제초통학구역,0,26,470,7150000,부산광역시교육청,7191000,부산광역시동래교육지원청,2016-08-12,2024-08-20,142,2026-03-20
Z000106413,여수동초통학구역,0,46,130,8490000,전라남도교육청,8511000,전라남도여수교육지원청,2024-08-22,2024-08-29,6357,2026-03-20
Z000151102,범어초신주초공동통학구역,1,48,330,9010000,경상남도교육청,9151000,경상남도양산교육지원청,2021-02-03,2024-08-29,5213,2026-03-20
Z000151469,황산초신주초공동통학구역,1,48,330,9010000,경상남도교육청,9151000,경상남도양산교육지원청,2024-08-27,2024-08-29,1665,2026-03-20
Z000100207,서울을지초통학구역,0,11,350,7010000,서울특별시교육청,7051000,서울특별시북부교육지원청,2016-08-12,2016-08-12,4391,2026-03-20
Z000106186,함박초통학구역,0,41,461,7530000,경기도교육청,7751000,경기도용인교육지원청,2018-04-23,2018-04-23,1775,2026-03-20
Z000102079,남면초양덕분교장통학구역,0,41,630,7530000,경기도교육청,7602000,경기도동두천양주교육지원청,2016-08-12,2016-08-12,6819,2026-03-20
Z000103266,미탄초통학구역,0,51,760,7801000,강원특별자치도교육청,7912000,강원특별자치도평창교육지원청,2016-08-12,2016-08-12,5949,2026-03-20
Z000101805,원천초통학구역,0,41,117,7530000,경기도교육청,7541000,경기도수원교육지원청,2016-08-12,2018-03-20,3554,2026-03-20
Z000103116,망상초통학구역,0,51,170,7801000,강원특별자치도교육청,7842000,강원특별자치도동해교육지원청,2016-08-12,2018-10-11,2808,2026-03-20
Z000105421,상운초통학구역,0,47,920,8750000,경상북도교육청,8961000,경상북도봉화교육지원청,2016-08-12,2016-08-12,934,2026-03-20
Z000105305,도리원초통학구역,0,47,730,8750000,경상북도교육청,8871000,경상북도의성교육지원청,2016-08-12,2016-08-12,749,2026-03-20
Z000101846,단대초통학구역,0,41,131,7530000,경기도교육청,7551000,경기도성남교육지원청,2016-08-12,2016-08-12,210,2026-03-20
Z000100496,서울동호초통학구역,0,11,200,7010000,서울특별시교육청,7134000,서울특별시성동광진교육지원청,2016-08-12,2018-01-07,5168,2026-03-20
Z000102957,대곶초통학구역,0,41,570,7530000,경기도교육청,7771000,경기도김포교육지원청,2016-08-12,2017-03-30,2168,2026-03-20
Z000104163,미룡초통학구역,0,52,130,8321000,전북특별자치도교육청,8342000,전북특별자치도군산교육지원청,2016-08-12,2024-02-23,5094,2026-03-20
Z000100759,모동초통학구역,0,26,530,7150000,부산광역시교육청,7201000,부산광역시북부교육지원청,2016-08-12,2016-08-12,2299,2026-03-20
Z000103852,금성초통학구역,0,44,710,8140000,충청남도교육청,8201000,충청남도금산교육지원청,2016-08-12,2016-08-12,6636,2026-03-20
Z000101808,이의초통학구역,0,41,465,7530000,경기도교육청,7541000,경기도수원교육지원청,2016-08-12,2018-03-08,4259,2026-03-20
Z000105380,관호초통학구역,0,47,850,8750000,경상북도교육청,8941000,경상북도칠곡교육지원청,2016-08-12,2016-08-12,2078,2026-03-20
Z000101612,대전지족초통학구역,0,30,200,7430000,대전광역시교육청,7451000,대전광역시서부교육지원청,2016-08-12,2016-08-12,4010,2026-03-20
Z000101762,매원초통학구역,0,41,117,7530000,경기도교육청,7541000,경기도수원교육지원청,2016-08-12,2018-12-19,7028,2026-03-20
Z000102772,조현초통학구역,0,41,830,7530000,경기도교육청,7731000,경기도양평교육지원청,2016-08-12,2016-08-12,528,2026-03-20
Z000102764,양수초통학구역,0,41,830,7530000,경기도교육청,7731000,경기도양평교육지원청,2016-08-12,2016-08-12,2093,2026-03-20
Z000103291,예미초통학구역,0,51,770,7801000,강원특별자치도교육청,7922000,강원특별자치도정선교육지원청,2016-08-12,2016-08-12,2553,2026-03-20
Z000103659,신흥초통학구역,0,44,131,8140000,충청남도교육청,8151000,충청남도천안교육지원청,2016-08-12,2016-11-14,344,2026-03-20
Z000106226,향동숲내초통학구역,0,41,281,7530000,경기도교육청,7621000,경기도고양교육지원청,2019-04-30,2023-06-13,5651,2026-03-20
Z000100539,서울숭덕초통학구역,0,11,290,7010000,서울특별시교육청,7121200,서울특별시성북강북교육지원청,2016-08-12,2021-01-07,1931,2026-03-20
Z000100010,서울면일초통학구역,0,11,260,7010000,서울특별시교육청,7021000,서울특별시동부교육지원청,2016-08-12,2024-02-27,4858,2026-03-20
Z000103121,송정초통학구역,0,51,170,7801000,강원특별자치도교육청,7842000,강원특별자치도동해교육지원청,2016-08-12,2018-10-11,1006,2026-03-20
Z000103161,청호초통학구역,0,51,210,7801000,강원특별자치도교육청,7863000,강원특별자치도속초양양교육지원청,2016-08-12,2016-08-12,6837,2026-03-20
Z000103909,백제초통학구역,0,44,760,8140000,충청남도교육청,8231000,충청남도부여교육지원청,2016-08-12,2016-08-12,6131,2026-03-20
Z000105251,신기초통학구역,0,47,280,8750000,경상북도교육청,8841000,경상북도문경교육지원청,2016-08-12,2016-08-12,860,2026-03-20
Z000102857,신갈초통학구역,0,41,463,7530000,경기도교육청,7751000,경기도용인교육지원청,2016-08-12,2016-08-17,3954,2026-03-20
Z000102169,안산대월초통학구역,0,41,273,7530000,경기도교육청,7611000,경기도안산교육지원청,2016-08-12,2016-08-12,1241,2026-03-20
Z000102057,광명서초통학구역,0,41,210,7530000,경기도교육청,7591000,경기도광명교육지원청,2016-08-12,2016-08-12,5350,2026-03-20
Z000106377,인천한들초통학구역,0,28,260,7310000,인천광역시교육청,7361000,인천광역시서부교육지원청,2023-05-26,2024-04-01,380,2026-03-20
Z000101312,인천은지초통학구역,0,28,260,7310000,인천광역시교육청,7361000,인천광역시서부교육지원청,2016-08-12,2024-04-01,4834,2026-03-20
Z000106379,아산갈산초통학구역,0,44,200,8140000,충청남도교육청,8181000,충청남도아산교육지원청,2023-07-28,2023-08-29,3480,2026-03-20
Z000106376,인천아라초통학구역,0,28,260,7310000,인천광역시교육청,7361000,인천광역시서부교육지원청,2023-05-26,2024-04-01,4840,2026-03-20
Z000101559,대전계산초통학구역,0,30,200,7430000,대전광역시교육청,7451000,대전광역시서부교육지원청,2016-08-12,2026-03-19,6659,2026-03-20
Z000101142,인천백운초통학구역,0,28,237,7310000,인천광역시교육청,7331000,인천광역시북부교육지원청,2016-08-12,2023-02-28,4841,2026-03-20
Z000101161,인천신촌초통학구역,0,28,237,7310000,인천광역시교육청,7331000,인천광역시북부교육지원청,2016-08-12,2023-02-28,6591,2026-03-20
Z000106369,화성신동초통학구역,0,41,590,7530000,경기도교육청,7679000,경기도화성오산교육지원청,2023-02-24,2023-02-28,86,2026-03-20
Z000151356,도산초지산초공동(일방)통학구역,1,47,190,8750000,경상북도교육청,8801000,경상북도구미교육지원청,2023-11-21,2023-11-21,5601,2026-03-20
Z000150698,산동초구미인덕초구미원당초공동통학구역,1,47,190,8750000,경상북도교육청,8801000,경상북도구미교육지원청,2018-04-16,2023-11-21,966,2026-03-20
Z000106386,대전복용초통학구역,0,30,200,7430000,대전광역시교육청,7451000,대전광역시서부교육지원청,2023-11-21,2023-11-21,5527,2026-03-20
Z000151351,진잠초남선초공동(일방)통학구역,1,30,200,7430000,대전광역시교육청,7451000,대전광역시서부교육지원청,2023-10-17,2023-10-24,5526,2026-03-20
Z000105117,임하초통학구역,0,47,170,8750000,경상북도교육청,8791000,경상북도안동교육지원청,2016-08-12,2016-08-12,3811,2026-03-20
Z000150251,문산동초파양초공동통학구역,1,41,480,7530000,경기도교육청,7681000,경기도파주교육지원청,2016-08-12,2023-06-27,1298,2026-03-20
Z000101331,광주계림초통학구역,0,29,110,7380000,광주광역시교육청,7391000,광주광역시동부교육지원청,2016-08-12,2023-07-04,1725,2026-03-20
Z000100976,대구평리초통학구역,0,27,170,7240000,대구광역시교육청,7261000,대구광역시서부교육지원청,2016-08-12,2023-07-04,4193,2026-03-20
Z000100635,부전초통학구역,0,26,230,7150000,부산광역시교육청,7181000,부산광역시남부교육지원청,2016-08-12,2020-10-12,6319,2026-03-20
Z000106381,곡성중앙초통학구역,0,46,720,8490000,전라남도교육청,8571000,전라남도곡성교육지원청,2023-09-04,2023-09-05,6975,2026-03-20
Z000105253,용흥초통학구역,0,47,280,8750000,경상북도교육청,8841000,경상북도문경교육지원청,2016-08-12,2016-08-12,7090,2026-03-20
Z000105392,약동초통학구역,0,47,850,8750000,경상북도교육청,8941000,경상북도칠곡교육지원청,2016-08-12,2016-08-12,6497,2026-03-20
Z000102731,포천노곡초통학구역,0,41,650,7530000,경기도교육청,7711000,경기도포천교육지원청,2016-08-12,2016-08-12,3578,2026-03-20
Z000104959,대해초통학구역,0,47,111,8750000,경상북도교육청,8761000,경상북도포항교육지원청,2016-08-12,2016-08-12,2021,2026-03-20
Z000101958,부림초통학구역,0,41,173,7530000,경기도교육청,7569000,경기도안양과천교육지원청,2016-08-12,2016-08-12,3193,2026-03-20
Z000105424,소천초두음분교장통학구역,0,47,920,8750000,경상북도교육청,8961000,경상북도봉화교육지원청,2016-08-12,2016-08-12,1912,2026-03-20
Z000151252,포은초영천동부초공동(일방)통학구역,1,47,230,8750000,경상북도교육청,8821000,경상북도영천교육지원청,2022-10-27,2023-01-17,6710,2026-03-20
Z000151275,가곡초가곡초대곡분교장공동통학구역,1,43,800,8000000,충청북도교육청,8111000,충청북도단양교육지원청,2022-12-15,2023-01-17,6956,2026-03-20
Z000103653,소망초통학구역,0,44,133,8140000,충청남도교육청,8151000,충청남도천안교육지원청,2016-08-12,2023-09-19,870,2026-03-20
Z000101416,본량초통학구역,0,29,200,7380000,광주광역시교육청,7401000,광주광역시서부교육지원청,2016-08-12,2023-09-19,6020,2026-03-20
Z000102790,안흥초통학구역,0,41,500,7530000,경기도교육청,7741000,경기도이천교육지원청,2016-08-12,2022-11-08,2229,2026-03-20
Z000101813,정자초통학구역,0,41,111,7530000,경기도교육청,7541000,경기도수원교육지원청,2016-08-12,2022-11-08,2382,2026-03-20
Z000103648,삼은초통학구역,0,44,133,8140000,충청남도교육청,8151000,충청남도천안교육지원청,2016-08-12,2023-09-19,5102,2026-03-20
Z000104511,돌산초통학구역,0,46,130,8490000,전라남도교육청,8511000,전라남도여수교육지원청,2016-08-12,2024-03-21,1962,2026-03-20
Z000104505,거문초통학구역,0,46,130,8490000,전라남도교육청,8511000,전라남도여수교육지원청,2016-08-12,2023-09-19,6064,2026-03-20
Z000151340,남산초제한적공동통학구역,1,48,720,9010000,경상남도교육청,9121000,경상남도의령교육지원청,2023-09-19,2023-09-19,673,2026-03-20
Z000151261,공주봉황초공동(일방)통학구역,1,44,150,8140000,충청남도교육청,8161000,충청남도공주교육지원청,2022-11-30,2022-12-06,3895,2026-03-20
Z000151262,공주교동초공동(일방)통학구역,1,44,150,8140000,충청남도교육청,8161000,충청남도공주교육지원청,2022-11-30,2025-11-13,6273,2026-03-20
Z000106315,서울강빛초통학구역,0,11,740,7010000,서울특별시교육청,7130000,서울특별시강동송파교육지원청,2021-02-22,2023-08-29,869,2026-03-20
Z000150543,도리원초비안초공동통학구역,1,47,730,8750000,경상북도교육청,8871000,경상북도의성교육지원청,2016-08-12,2022-11-01,5947,2026-03-20
Z000100907,대구욱수초통학구역,0,27,260,7240000,대구광역시교육청,7251000,대구광역시동부교육지원청,2016-08-12,2023-01-17,5818,2026-03-20
Z000151305,운학초용암초공동통학구역,1,41,461,7530000,경기도교육청,7751000,경기도용인교육지원청,2016-08-12,2023-02-28,5671,2026-03-20
Z000102814,기흥초통학구역,0,41,463,7530000,경기도교육청,7751000,경기도용인교육지원청,2016-08-12,2023-02-28,5458,2026-03-20
Z000151306,기흥초용인한일초공동통학구역,1,41,463,7530000,경기도교육청,7751000,경기도용인교육지원청,2023-02-13,2023-02-28,6609,2026-03-20
Z000103014,신남초통학구역,0,51,110,7801000,강원특별자치도교육청,7812000,강원특별자치도춘천교육지원청,2016-08-12,2023-02-28,7011,2026-03-20
Z000101398,광주제석초통학구역,0,29,155,7380000,광주광역시교육청,7401000,광주광역시서부교육지원청,2016-08-12,2023-11-14,916,2026-03-20
Z000105469,대산초통학구역,0,48,121,9010000,경상남도교육청,9022000,경상남도창원교육지원청,2016-08-12,2023-11-21,5374,2026-03-20
Z000103767,청룡초통학구역,0,44,180,8140000,충청남도교육청,8171000,충청남도보령교육지원청,2016-08-12,2016-08-12,6542,2026-03-20
Z000102168,안산광덕초통학구역,0,41,271,7530000,경기도교육청,7611000,경기도안산교육지원청,2016-08-12,2016-08-19,2695,2026-03-20
Z000102687,하남풍산초통학구역,0,41,450,7530000,경기도교육청,7692000,경기도광주하남교육지원청,2016-08-12,2023-11-28,4783,2026-03-20
Z000102374,의왕덕성초통학구역,0,41,430,7530000,경기도교육청,7642000,경기도군포의왕교육지원청,2016-08-12,2016-08-12,3195,2026-03-20
Z000102861,양지초통학구역,0,41,461,7530000,경기도교육청,7751000,경기도용인교육지원청,2016-08-12,2023-02-28,1304,2026-03-20
Z000151304,양지초한터초공동통학구역,1,41,461,7530000,경기도교육청,7751000,경기도용인교육지원청,2016-08-12,2023-02-28,5061,2026-03-20
Z000101460,조봉초통학구역,0,29,155,7380000,광주광역시교육청,7401000,광주광역시서부교육지원청,2016-08-12,2023-12-05,1831,2026-03-20
Z000106155,인천예송초통학구역,0,28,185,7310000,인천광역시교육청,7341000,인천광역시동부교육지원청,2016-08-12,2023-12-05,5682,2026-03-20
Z000101085,인천관교초통학구역,0,28,177,7310000,인천광역시교육청,7321000,인천광역시남부교육지원청,2018-09-19,2023-12-05,4249,2026-03-20
Z000101174,인천구월서초통학구역,0,28,200,7310000,인천광역시교육청,7341000,인천광역시동부교육지원청,2016-08-12,2023-12-05,5705,2026-03-20
Z000101112,인천용유초통학구역,0,28,110,7310000,인천광역시교육청,7321000,인천광역시남부교육지원청,2016-08-12,2023-03-07,4220,2026-03-20
Z000151145,기지초합도초북창초전대초송산초순성초한정초공동(일방)통학구역,1,44,270,8140000,충청남도교육청,8291000,충청남도당진교육지원청,2021-08-03,2023-03-07,3363,2026-03-20
Z000103168,근덕초통학구역,0,51,230,7801000,강원특별자치도교육청,7872000,강원특별자치도삼척교육지원청,2016-08-12,2023-03-14,6697,2026-03-20
Z000103169,도계초통학구역,0,51,230,7801000,강원특별자치도교육청,7872000,강원특별자치도삼척교육지원청,2016-08-12,2023-03-14,3694,2026-03-20
Z000106262,명원초통학구역,0,26,440,7150000,부산광역시교육청,7201000,부산광역시북부교육지원청,2019-12-18,2023-03-14,3161,2026-03-20
Z000106134,신명초통학구역,0,26,440,7150000,부산광역시교육청,7201000,부산광역시북부교육지원청,2017-02-10,2023-03-14,3162,2026-03-20
Z000101812,잠원초통학구역,0,41,117,7530000,경기도교육청,7541000,경기도수원교육지원청,2016-08-12,2023-05-23,1788,2026-03-20
Z000101796,영덕초통학구역,0,41,117,7530000,경기도교육청,7541000,경기도수원교육지원청,2016-08-12,2023-05-23,5244,2026-03-20
Z000150105,오목초오현초공동통학구역,1,41,113,7530000,경기도교육청,7541000,경기도수원교육지원청,2016-08-12,2023-05-23,3192,2026-03-20
Z000101780,수성초통학구역,0,41,111,7530000,경기도교육청,7541000,경기도수원교육지원청,2016-08-12,2016-08-12,1937,2026-03-20
Z000103823,부석초간월도분교장통학구역,0,44,210,8140000,충청남도교육청,8191000,충청남도서산교육지원청,2016-08-12,2016-08-12,5963,2026-03-20
Z000105531,유목초통학구역,0,48,123,9010000,경상남도교육청,9022000,경상남도창원교육지원청,2016-08-12,2023-10-10,5200,2026-03-20
Z000103053,산현초통학구역,0,51,130,7801000,강원특별자치도교육청,7822000,강원특별자치도원주교육지원청,2016-08-12,2016-08-12,7025,2026-03-20
Z000105969,광양초통학구역,0,50,110,9290000,제주특별자치도교육청,9296000,제주특별자치도제주시교육지원청,2016-08-12,2016-08-12,1416,2026-03-20
Z000105264,금락초통학구역,0,47,290,8750000,경상북도교육청,8851000,경상북도경산교육지원청,2016-08-12,2016-08-12,935,2026-03-20
Z000151330,연천초대광초상리초 소규모학교 공동통학구역,1,41,800,7530000,경기도교육청,7701000,경기도연천교육지원청,2023-08-17,2023-08-22,1885,2026-03-20
Z000106260,수현초통학구역,0,41,590,7530000,경기도교육청,7679000,경기도화성오산교육지원청,2019-12-02,2023-11-28,1616,2026-03-20
Z000102654,나룰초통학구역,0,41,450,7530000,경기도교육청,7692000,경기도광주하남교육지원청,2016-08-12,2023-11-28,3899,2026-03-20
Z000103090,성덕초통학구역,0,51,150,7801000,강원특별자치도교육청,7832000,강원특별자치도강릉교육지원청,2016-08-12,2023-11-28,270,2026-03-20
Z000105454,가고파초통학구역,0,48,127,9010000,경상남도교육청,9022000,경상남도창원교육지원청,2016-08-12,2023-12-05,1501,2026-03-20
Z000101826,한일초통학구역,0,41,111,7530000,경기도교육청,7541000,경기도수원교육지원청,2016-08-12,2018-03-06,6057,2026-03-20
Z000101468,큰별초통학구역,0,29,200,7380000,광주광역시교육청,7401000,광주광역시서부교육지원청,2016-08-12,2017-02-16,2404,2026-03-20
Z000101545,와동초통학구역,0,30,230,7430000,대전광역시교육청,7441000,대전광역시동부교육지원청,2016-08-12,2017-04-03,5019,2026-03-20
Z000103559,심천초통학구역,0,43,740,8000000,충청북도교육청,8071000,충청북도영동교육지원청,2016-08-12,2016-08-12,4626,2026-03-20
Z000106100,수왕초통학구역,0,36,110,9300000,세종특별자치시교육청,9300000,세종특별자치시교육청,2016-08-12,2016-08-12,1479,2026-03-20
Z000105136,도량초통학구역,0,47,190,8750000,경상북도교육청,8801000,경상북도구미교육지원청,2016-08-12,2018-12-20,6010,2026-03-20
Z000102017,부천양지초통학구역,0,41,194,7530000,경기도교육청,7581000,경기도부천교육지원청,2016-08-12,2024-03-29,2615,2026-03-20
Z000100548,서울일신초통학구역,0,11,290,7010000,서울특별시교육청,7121200,서울특별시성북강북교육지원청,2016-08-12,2020-12-09,5400,2026-03-20
Z000151245,이리부천초이리삼성초공동(일방)통학구역,1,52,140,8321000,전북특별자치도교육청,8352000,전북특별자치도익산교육지원청,2022-04-20,2024-02-23,3265,2026-03-20
Z000151308,하동초고전초공동통학구역,1,48,850,9010000,경상남도교육청,9181000,경상남도하동교육지원청,2023-02-02,2023-02-07,4633,2026-03-20
Z000151331,전곡초군남초궁평초백의초백학초연천노곡초연천왕산초은대초초성초화진초 소규모학교 공동통학구역,1,41,800,7530000,경기도교육청,7701000,경기도연천교육지원청,2023-08-17,2023-08-22,3550,2026-03-20
Z000102701,전곡초통학구역,0,41,800,7530000,경기도교육청,7701000,경기도연천교육지원청,2016-08-12,2023-08-22,1708,2026-03-20
Z000102698,연천초통학구역,0,41,800,7530000,경기도교육청,7701000,경기도연천교육지원청,2016-08-12,2023-08-22,7107,2026-03-20
Z000101167,인천청천초통학구역,0,28,237,7310000,인천광역시교육청,7331000,인천광역시북부교육지원청,2016-08-12,2023-08-29,6419,2026-03-20
Z000101881,성남초통학구역,0,41,131,7530000,경기도교육청,7551000,경기도성남교육지원청,2016-08-12,2023-10-10,2787,2026-03-20
Z000101814,정천초통학구역,0,41,111,7530000,경기도교육청,7541000,경기도수원교육지원청,2016-08-12,2023-10-10,4154,2026-03-20
Z000101806,율전초통학구역,0,41,111,7530000,경기도교육청,7541000,경기도수원교육지원청,2016-08-12,2023-10-10,6739,2026-03-20
Z000100890,대구사월초통학구역,0,27,260,7240000,대구광역시교육청,7251000,대구광역시동부교육지원청,2016-08-12,2023-01-17,5825,2026-03-20
Z000150187,성석초파주대원초능안초공동통학구역,1,41,285,7530000,경기도교육청,7621000,경기도고양교육지원청,2016-08-12,2016-08-12,422,2026-03-20
Z000101856,분당초통학구역,0,41,135,7530000,경기도교육청,7551000,경기도성남교육지원청,2016-08-12,2016-08-12,2762,2026-03-20
Z000102530,수영초통학구역,0,41,590,7530000,경기도교육청,7679000,경기도화성오산교육지원청,2016-08-12,2018-11-11,4301,2026-03-20
Z000101902,초림초통학구역,0,41,135,7530000,경기도교육청,7551000,경기도성남교육지원청,2016-08-12,2016-08-12,4290,2026-03-20
Z000106087,고운초통학구역,0,36,110,9300000,세종특별자치시교육청,9300000,세종특별자치시교육청,2016-08-12,2023-10-24,5672,2026-03-20
Z000151322,영월초봉래초공동통학구역,1,51,750,7801000,강원특별자치도교육청,7902000,강원특별자치도영월교육지원청,2016-08-12,2023-03-21,2410,2026-03-20
Z000151309,횡천초진교초공동통학구역,1,48,850,9010000,경상남도교육청,9181000,경상남도하동교육지원청,2023-02-02,2023-02-07,3469,2026-03-20
Z000150033,서울반원초서울원촌초공동통학구역,1,11,650,7010000,서울특별시교육청,7091300,서울특별시강남서초교육지원청,2016-08-12,2023-05-09,3398,2026-03-20
Z000105506,신등초통학구역,0,48,121,9010000,경상남도교육청,9022000,경상남도창원교육지원청,2016-08-12,2023-11-21,4068,2026-03-20
Z000105354,개진초통학구역,0,47,830,8750000,경상북도교육청,8921000,경상북도고령교육지원청,2016-08-12,2016-08-12,4563,2026-03-20
Z000101227,인천중앙초통학구역,0,28,185,7310000,인천광역시교육청,7341000,인천광역시동부교육지원청,2016-08-12,2016-08-12,5981,2026-03-20
Z000102543,오산대원초통학구역,0,41,370,7530000,경기도교육청,7679000,경기도화성오산교육지원청,2016-08-12,2020-12-02,1903,2026-03-20
Z000151291,회야초광역통학구역,1,48,330,9010000,경상남도교육청,9151000,경상남도양산교육지원청,2021-02-01,2023-01-17,2887,2026-03-20
Z000106298,삼남초통학구역,0,31,710,7480000,울산광역시교육청,7501000,울산광역시강남교육지원청,2020-08-28,2023-03-14,4664,2026-03-20
Z000151320,대원초단남초공동통학구역,1,41,133,7530000,경기도교육청,7551000,경기도성남교육지원청,2016-08-12,2023-03-14,2888,2026-03-20
Z000151321,왕남초성남송현초공동통학구역,1,41,131,7530000,경기도교육청,7551000,경기도성남교육지원청,2023-03-08,2023-03-14,5140,2026-03-20
Z000104486,목포연산초통학구역,0,46,110,8490000,전라남도교육청,8501000,전라남도목포교육지원청,2016-08-12,2023-03-21,3203,2026-03-20
Z000104467,목포남초통학구역,0,46,110,8490000,전라남도교육청,8501000,전라남도목포교육지원청,2016-08-12,2023-03-21,1391,2026-03-20
Z000150061,대구한샘초대구한솔초공동(일방)통학구역,1,27,290,7240000,대구광역시교육청,7271000,대구광역시남부교육지원청,2016-08-12,2023-07-25,4708,2026-03-20
Z000151283,덕인초본리초공동(일방)통학구역,1,27,290,7240000,대구광역시교육청,7271000,대구광역시남부교육지원청,2022-12-26,2023-07-25,3805,2026-03-20
Z000101802,오현초통학구역,0,41,113,7530000,경기도교육청,7541000,경기도수원교육지원청,2016-08-12,2023-05-23,6735,2026-03-20
Z000151355,비산초신기초공동(일방)통학구역,1,47,190,8750000,경상북도교육청,8801000,경상북도구미교육지원청,2023-11-21,2023-11-21,1162,2026-03-20
Z000101791,신성초통학구역,0,41,117,7530000,경기도교육청,7541000,경기도수원교육지원청,2016-08-12,2018-03-05,2803,2026-03-20
Z000102438,조안초통학구역,0,41,360,7530000,경기도교육청,7652000,경기도구리남양주교육지원청,2016-08-12,2016-08-12,3130,2026-03-20
Z000105489,봉림초통학구역,0,48,121,9010000,경상남도교육청,9022000,경상남도창원교육지원청,2016-08-12,2023-10-10,1680,2026-03-20
Z000105088,길안초길송분교장통학구역,0,47,170,8750000,경상북도교육청,8791000,경상북도안동교육지원청,2016-08-12,2016-08-12,2288,2026-03-20
Z000101509,대전석교초통학구역,0,30,140,7430000,대전광역시교육청,7441000,대전광역시동부교육지원청,2016-08-12,2016-08-12,3968,2026-03-20
Z000102366,부곡중앙초통학구역,0,41,410,7530000,경기도교육청,7642000,경기도군포의왕교육지원청,2016-08-12,2023-10-10,6472,2026-03-20
Z000102881,운학초통학구역,0,41,461,7530000,경기도교육청,7751000,경기도용인교육지원청,2016-08-12,2023-02-28,429,2026-03-20
Z000101749,구운초통학구역,0,41,113,7530000,경기도교육청,7541000,경기도수원교육지원청,2016-08-12,2023-05-23,1447,2026-03-20
Z000106375,글빛초통학구역,0,41,117,7530000,경기도교육청,7541000,경기도수원교육지원청,2023-05-17,2023-05-23,1852,2026-03-20
Z000101801,오목초통학구역,0,41,113,7530000,경기도교육청,7541000,경기도수원교육지원청,2016-08-12,2023-05-23,5918,2026-03-20
Z000151332,탕정초아산용연초공동통학구역,1,44,200,8140000,충청남도교육청,8181000,충청남도아산교육지원청,2023-08-09,2023-08-22,6898,2026-03-20
Z000100127,서울두산초통학구역,0,11,545,7010000,서울특별시교육청,7041000,서울특별시남부교육지원청,2016-08-12,2022-12-13,325,2026-03-20
Z000151265,서울두산초서울안천초공동통학구역,1,11,545,7010000,서울특별시교육청,7041000,서울특별시남부교육지원청,2022-12-02,2022-12-13,3872,2026-03-20
Z000105019,나원초통학구역,0,47,130,8750000,경상북도교육청,8771000,경상북도경주교육지원청,2016-08-12,2016-08-12,5541,2026-03-20
Z000102009,부천부안초통학구역,0,41,194,7530000,경기도교육청,7581000,경기도부천교육지원청,2016-08-12,2024-03-29,5066,2026-03-20
Z000101822,탑동초통학구역,0,41,113,7530000,경기도교육청,7541000,경기도수원교육지원청,2016-08-12,2023-10-24,5034,2026-03-20
Z000103327,비봉초통학구역,0,51,800,7801000,강원특별자치도교육청,7952000,강원특별자치도양구교육지원청,2016-08-12,2023-10-10,3960,2026-03-20
Z000103328,양구초통학구역,0,51,800,7801000,강원특별자치도교육청,7952000,강원특별자치도양구교육지원청,2016-08-12,2023-10-10,3961,2026-03-20
Z000105495,산호초통학구역,0,48,125,9010000,경상남도교육청,9022000,경상남도창원교육지원청,2016-08-12,2022-12-27,6852,2026-03-20
Z000105135,도개초통학구역,0,47,190,8750000,경상북도교육청,8801000,경상북도구미교육지원청,2016-08-12,2016-08-12,961,2026-03-20
Z000103348,월학초통학구역,0,51,810,7801000,강원특별자치도교육청,7962000,강원특별자치도인제교육지원청,2016-08-12,2016-08-12,6169,2026-03-20
Z000101949,덕천초통학구역,0,41,171,7530000,경기도교육청,7569000,경기도안양과천교육지원청,2016-08-12,2017-12-08,280,2026-03-20
Z000102100,신지초통학구역,0,41,630,7530000,경기도교육청,7602000,경기도동두천양주교육지원청,2016-08-12,2016-08-12,3714,2026-03-20
Z000102497,도이초통학구역,0,41,590,7530000,경기도교육청,7679000,경기도화성오산교육지원청,2016-08-12,2016-08-18,275,2026-03-20
Z000101818,천일초통학구역,0,41,111,7530000,경기도교육청,7541000,경기도수원교육지원청,2016-08-12,2023-10-10,1059,2026-03-20
Z000150680,완도초완도중앙초화흥초청해초군외초공동통학구역,1,46,890,8490000,전라남도교육청,8701000,전라남도완도교육지원청,2018-03-07,2023-10-10,6013,2026-03-20
Z000101772,서호초통학구역,0,41,113,7530000,경기도교육청,7541000,경기도수원교육지원청,2016-08-12,2023-10-24,4163,2026-03-20
Z000103198,반곡초통학구역,0,51,720,7801000,강원특별자치도교육청,7882000,강원특별자치도홍천교육지원청,2016-08-12,2016-08-12,4992,2026-03-20
Z000102376,의왕초통학구역,0,41,430,7530000,경기도교육청,7642000,경기도군포의왕교육지원청,2016-08-12,2016-08-12,4637,2026-03-20
Z000101894,위례중앙초통학구역,0,41,131,7530000,경기도교육청,7551000,경기도성남교육지원청,2016-11-14,2023-08-08,1880,2026-03-20
Z000103070,학성초통학구역,0,51,130,7801000,강원특별자치도교육청,7822000,강원특별자치도원주교육지원청,2016-08-12,2022-12-27,5787,2026-03-20
Z000150348,신양초양곡초공동통학구역,1,41,570,7530000,경기도교육청,7771000,경기도김포교육지원청,2016-08-12,2022-12-27,5033,2026-03-20
Z000101986,화창초통학구역,0,41,171,7530000,경기도교육청,7569000,경기도안양과천교육지원청,2016-08-12,2023-06-27,3594,2026-03-20
Z000101288,인천봉수초통학구역,0,28,260,7310000,인천광역시교육청,7361000,인천광역시서부교육지원청,2016-08-12,2023-05-09,5096,2026-03-20
Z000103343,서화초통학구역,0,51,810,7801000,강원특별자치도교육청,7962000,강원특별자치도인제교육지원청,2016-08-12,2023-05-09,1574,2026-03-20
Z000101302,인천신현북초통학구역,0,28,260,7310000,인천광역시교육청,7361000,인천광역시서부교육지원청,2016-08-12,2018-12-13,3325,2026-03-20
Z000103158,중앙초통학구역,0,51,210,7801000,강원특별자치도교육청,7863000,강원특별자치도속초양양교육지원청,2016-08-12,2021-02-23,3156,2026-03-20
Z000106306,늘봄초통학구역,0,41,590,7530000,경기도교육청,7679000,경기도화성오산교육지원청,2020-12-28,2021-02-23,6030,2026-03-20
Z000150974,성산초광역통학구역,1,48,330,9010000,경상남도교육청,9151000,경상남도양산교육지원청,2020-05-11,2023-02-28,6098,2026-03-20
Z000150975,황산초광역통학구역,1,48,330,9010000,경상남도교육청,9151000,경상남도양산교육지원청,2020-05-11,2023-02-28,6097,2026-03-20
Z000105549,창원초통학구역,0,48,121,9010000,경상남도교육청,9022000,경상남도창원교육지원청,2016-08-12,2023-02-28,740,2026-03-20
Z000151313,중동초창원초공동통학구역,1,48,121,9010000,경상남도교육청,9022000,경상남도창원교육지원청,2023-02-14,2023-02-28,738,2026-03-20
Z000100674,교동초통학구역,0,26,260,7150000,부산광역시교육청,7191000,부산광역시동래교육지원청,2016-08-12,2023-05-16,2815,2026-03-20
Z000150531,아포초율곡초공동통학구역,1,47,150,8750000,경상북도교육청,8781000,경상북도김천교육지원청,2016-08-12,2016-08-12,2653,2026-03-20
Z000101891,왕남초통학구역,0,41,131,7530000,경기도교육청,7551000,경기도성남교육지원청,2016-08-12,2023-03-14,6028,2026-03-20
Z000105973,금악초통학구역,0,50,110,9290000,제주특별자치도교육청,9296000,제주특별자치도제주시교육지원청,2016-08-12,2023-03-14,6741,2026-03-20
Z000101237,교동초통학구역,0,28,710,7310000,인천광역시교육청,7351000,인천광역시강화교육지원청,2016-08-12,2023-03-14,518,2026-03-20
Z000104159,대야초통학구역,0,52,130,8321000,전북특별자치도교육청,8342000,전북특별자치도군산교육지원청,2016-08-12,2024-02-23,6521,2026-03-20
Z000104161,무녀도초통학구역,0,52,130,8321000,전북특별자치도교육청,8342000,전북특별자치도군산교육지원청,2016-08-12,2025-03-19,1530,2026-03-20
Z000103338,기린초통학구역,0,51,810,7801000,강원특별자치도교육청,7962000,강원특별자치도인제교육지원청,2016-08-12,2023-03-14,3657,2026-03-20
Z000151264,공주신월초공동(일방)통학구역,1,44,150,8140000,충청남도교육청,8161000,충청남도공주교육지원청,2022-11-30,2025-11-13,6895,2026-03-20
Z000100455,서울보라매초통학구역,0,11,590,7010000,서울특별시교육청,7132000,서울특별시동작관악교육지원청,2016-08-12,2022-12-06,821,2026-03-20
Z000151294,삼룡초거제양정초공동통학구역,1,48,310,9010000,경상남도교육청,9111000,경상남도거제교육지원청,2023-01-05,2023-01-17,4365,2026-03-20
Z000101263,인천가현초통학구역,0,28,260,7310000,인천광역시교육청,7361000,인천광역시서부교육지원청,2016-08-12,2023-05-09,5976,2026-03-20
Z000104224,이리송학초통학구역,0,52,140,8321000,전북특별자치도교육청,8352000,전북특별자치도익산교육지원청,2016-08-12,2024-02-23,4723,2026-03-20
Z000104089,전주아중초통학구역,0,52,113,8321000,전북특별자치도교육청,8332000,전북특별자치도전주교육지원청,2016-08-12,2024-02-23,3027,2026-03-20
Z000106380,복산초통학구역,0,31,110,7480000,울산광역시교육청,7491000,울산광역시강북교육지원청,2020-02-19,2023-08-29,5284,2026-03-20
Z000103770,청파초통학구역,0,44,180,8140000,충청남도교육청,8171000,충청남도보령교육지원청,2016-08-12,2023-09-05,1421,2026-03-20
Z000103758,청파초외연도분교장통학구역,0,44,180,8140000,충청남도교육청,8171000,충청남도보령교육지원청,2016-08-12,2023-09-05,190,2026-03-20
Z000150793,삼기초옥과초공동통학구역,1,46,720,8490000,전라남도교육청,8571000,전라남도곡성교육지원청,2019-12-16,2023-09-05,3904,2026-03-20
Z000150868,곡성중앙초삼기초고달초제한적공동통학구역,1,46,720,8490000,전라남도교육청,8571000,전라남도곡성교육지원청,2020-02-10,2023-09-05,2539,2026-03-20
Z000151269,포담초창수초공동통학구역,1,41,650,7530000,경기도교육청,7711000,경기도포천교육지원청,2022-12-05,2023-01-17,4789,2026-03-20
Z000151260,공주중동초공동(일방)통학구역,1,44,150,8140000,충청남도교육청,8161000,충청남도공주교육지원청,2022-11-30,2022-12-06,7051,2026-03-20
Z000102116,회천초통학구역,0,41,630,7530000,경기도교육청,7602000,경기도동두천양주교육지원청,2016-08-12,2023-07-11,7037,2026-03-20
Z000105523,우산초통학구역,0,48,125,9010000,경상남도교육청,9022000,경상남도창원교육지원청,2016-08-12,2023-07-11,5577,2026-03-20
Z000151326,서울경수초서울신양초공동통학구역,1,11,200,7010000,서울특별시교육청,7134000,서울특별시성동광진교육지원청,2023-07-03,2023-07-25,757,2026-03-20
Z000100075,서울아현초통학구역,0,11,440,7010000,서울특별시교육청,7031000,서울특별시서부교육지원청,2016-08-12,2022-12-13,3394,2026-03-20
Z000104470,목포동초통학구역,0,46,110,8490000,전라남도교육청,8501000,전라남도목포교육지원청,2016-08-12,2023-01-17,4974,2026-03-20
Z000101357,동림초통학구역,0,29,170,7380000,광주광역시교육청,7391000,광주광역시동부교육지원청,2016-08-12,2023-01-17,6766,2026-03-20
Z000151307,중일초청덕초공동통학구역,1,41,463,7530000,경기도교육청,7751000,경기도용인교육지원청,2023-02-13,2023-02-28,118,2026-03-20
Z000103108,중앙초통학구역,0,51,150,7801000,강원특별자치도교육청,7832000,강원특별자치도강릉교육지원청,2016-08-12,2023-11-28,4048,2026-03-20
Z000101621,학하초통학구역,0,30,200,7430000,대전광역시교육청,7451000,대전광역시서부교육지원청,2016-08-12,2026-03-19,3750,2026-03-20
Z000102117,효촌초통학구역,0,41,630,7530000,경기도교육청,7602000,경기도동두천양주교육지원청,2016-08-12,2016-08-12,3736,2026-03-20
Z000150151,고양관산초내유초공동통학구역,1,41,281,7530000,경기도교육청,7621000,경기도고양교육지원청,2016-08-12,2016-08-12,897,2026-03-20
Z000102375,의왕부곡초통학구역,0,41,430,7530000,경기도교육청,7642000,경기도군포의왕교육지원청,2016-08-12,2023-10-10,6051,2026-03-20
Z000101909,희망대초통학구역,0,41,131,7530000,경기도교육청,7551000,경기도성남교육지원청,2016-08-12,2023-10-10,1900,2026-03-20
Z000150259,광남초태전초공동통학구역,1,41,610,7530000,경기도교육청,7692000,경기도광주하남교육지원청,2016-08-12,2023-03-14,4788,2026-03-20
Z000102815,나곡초통학구역,0,41,463,7530000,경기도교육청,7751000,경기도용인교육지원청,2016-08-12,2021-06-22,79,2026-03-20
Z000150308,나곡초지곡초공동통학구역,1,41,463,7530000,경기도교육청,7751000,경기도용인교육지원청,2016-08-12,2021-06-22,2798,2026-03-20
Z000102890,지곡초통학구역,0,41,463,7530000,경기도교육청,7751000,경기도용인교육지원청,2016-08-12,2021-06-22,5444,2026-03-20
Z000102848,석현초통학구역,0,41,463,7530000,경기도교육청,7751000,경기도용인교육지원청,2016-08-12,2021-06-22,5997,2026-03-20
Z000151094,국산초광역통학구역,1,48,310,9010000,경상남도교육청,9111000,경상남도거제교육지원청,2021-01-29,2022-12-27,5375,2026-03-20
Z000101436,송학초통학구역,0,29,140,7380000,광주광역시교육청,7401000,광주광역시서부교육지원청,2016-08-12,2023-10-10,2701,2026-03-20
Z000101474,화개초통학구역,0,29,140,7380000,광주광역시교육청,7401000,광주광역시서부교육지원청,2016-08-12,2023-10-10,18,2026-03-20
Z000103021,지촌초통학구역,0,51,110,7801000,강원특별자치도교육청,7812000,강원특별자치도춘천교육지원청,2016-08-12,2016-08-12,4107,2026-03-20
Z000102182,안산화정초통학구역,0,41,273,7530000,경기도교육청,7611000,경기도안산교육지원청,2016-08-12,2016-08-12,5272,2026-03-20
Z000101339,광주산수초통학구역,0,29,110,7380000,광주광역시교육청,7391000,광주광역시동부교육지원청,2016-08-12,2023-07-04,1425,2026-03-20
Z000150002,서울면남초서울면동초공동통학구역,1,11,260,7010000,서울특별시교육청,7021000,서울특별시동부교육지원청,2016-08-12,2024-02-27,655,2026-03-20
Z000151118,주엽초한류초공동통학구역,1,41,285,7530000,경기도교육청,7621000,경기도고양교육지원청,2021-03-30,2024-02-27,971,2026-03-20
Z000106256,한류초통학구역,0,41,285,7530000,경기도교육청,7621000,경기도고양교육지원청,2019-11-25,2024-02-27,6021,2026-03-20
Z000106196,다원초통학구역,0,41,590,7530000,경기도교육청,7679000,경기도화성오산교육지원청,2018-10-19,2024-02-27,4285,2026-03-20
Z000151404,늘봄초다원초공동통학구역,1,41,590,7530000,경기도교육청,7679000,경기도화성오산교육지원청,2024-01-16,2024-02-27,666,2026-03-20
Z000106238,세정초통학구역,0,41,590,7530000,경기도교육청,7679000,경기도화성오산교육지원청,2019-05-27,2024-02-27,2761,2026-03-20
Z000151405,반송초반석초공동통학구역,1,41,590,7530000,경기도교육청,7679000,경기도화성오산교육지원청,2024-01-16,2024-02-27,6122,2026-03-20
Z000150146,슬기초안산호원초공동통학구역,1,41,273,7530000,경기도교육청,7611000,경기도안산교육지원청,2016-08-12,2024-03-12,3499,2026-03-20
Z000151437,별망초안산호원초공동통학구역,1,41,273,7530000,경기도교육청,7611000,경기도안산교육지원청,2024-03-05,2024-03-12,4183,2026-03-20
Z000100420,서울양전초통학구역,0,11,680,7010000,서울특별시교육청,7091300,서울특별시강남서초교육지원청,2016-08-12,2023-02-28,1700,2026-03-20
Z000106368,서울개포초통학구역,0,11,680,7010000,서울특별시교육청,7091300,서울특별시강남서초교육지원청,2023-02-14,2023-02-28,7034,2026-03-20
Z000100630,문현초통학구역,0,26,290,7150000,부산광역시교육청,7181000,부산광역시남부교육지원청,2016-08-12,2023-06-07,143,2026-03-20
Z000105464,남양초통학구역,0,48,123,9010000,경상남도교육청,9022000,경상남도창원교육지원청,2016-08-12,2023-06-13,4066,2026-03-20
Z000150553,남정초성주초공동통학구역,1,48,123,9010000,경상남도교육청,9022000,경상남도창원교육지원청,2016-08-12,2023-06-13,5816,2026-03-20
Z000106257,향동초통학구역,0,41,281,7530000,경기도교육청,7621000,경기도고양교육지원청,2019-11-25,2023-06-13,5653,2026-03-20
Z000105091,남선초통학구역,0,47,170,8750000,경상북도교육청,8791000,경상북도안동교육지원청,2016-08-12,2016-08-12,51,2026-03-20
Z000101177,인천남촌초통학구역,0,28,200,7310000,인천광역시교육청,7341000,인천광역시동부교육지원청,2016-08-12,2016-08-12,2205,2026-03-20
Z000101557,대전갈마초통학구역,0,30,170,7430000,대전광역시교육청,7451000,대전광역시서부교육지원청,2016-08-12,2016-08-12,5617,2026-03-20
Z000101594,대전성룡초통학구역,0,30,170,7430000,대전광역시교육청,7451000,대전광역시서부교육지원청,2016-08-12,2016-08-12,3850,2026-03-20
Z000101550,금성초통학구역,0,30,200,7430000,대전광역시교육청,7451000,대전광역시서부교육지원청,2016-08-12,2016-08-12,5616,2026-03-20
Z000101308,인천양촌초통학구역,0,28,245,7310000,인천광역시교육청,7331000,인천광역시북부교육지원청,2016-08-12,2024-04-01,680,2026-03-20
Z000102455,화봉초통학구역,0,41,360,7530000,경기도교육청,7652000,경기도구리남양주교육지원청,2016-08-12,2016-08-12,7119,2026-03-20
Z000151349,대전교촌초남선초공동(일방)통학구역,1,30,200,7430000,대전광역시교육청,7451000,대전광역시서부교육지원청,2023-10-17,2023-10-24,6661,2026-03-20
Z000151319,쌍동초광주도평초공동통학구역,1,41,610,7530000,경기도교육청,7692000,경기도광주하남교육지원청,2023-05-11,2023-08-29,1303,2026-03-20
Z000100412,서울서초초통학구역,0,11,650,7010000,서울특별시교육청,7091300,서울특별시강남서초교육지원청,2016-08-12,2023-02-28,1027,2026-03-20
Z000100430,서울원명초통학구역,0,11,650,7010000,서울특별시교육청,7091300,서울특별시강남서초교육지원청,2016-08-12,2023-02-28,5491,2026-03-20
Z000151315,서울서초초서울원명초공동통학구역,1,11,650,7010000,서울특별시교육청,7091300,서울특별시강남서초교육지원청,2016-08-12,2023-02-28,5488,2026-03-20
Z000150043,서울장안초서울성수초공동통학구역,1,11,215,7010000,서울특별시교육청,7134000,서울특별시성동광진교육지원청,2016-08-12,2023-02-28,2590,2026-03-20
Z000102520,석우초통학구역,0,41,590,7530000,경기도교육청,7679000,경기도화성오산교육지원청,2016-08-12,2016-08-12,4389,2026-03-20
Z000102011,부천북초통학구역,0,41,192,7530000,경기도교육청,7581000,경기도부천교육지원청,2016-08-12,2024-03-29,6583,2026-03-20
Z000101226,인천주원초통학구역,0,28,200,7310000,인천광역시교육청,7341000,인천광역시동부교육지원청,2016-08-12,2016-08-12,4839,2026-03-20
Z000150745,진천삼수초성암초공동(일방)통학구역,1,43,750,8000000,충청북도교육청,8081000,충청북도진천교육지원청,2019-04-02,2024-03-12,1438,2026-03-20
Z000100007,서울면동초통학구역,0,11,260,7010000,서울특별시교육청,7021000,서울특별시동부교육지원청,2016-08-12,2024-02-27,657,2026-03-20
Z000100008,서울면목초통학구역,0,11,260,7010000,서울특별시교육청,7021000,서울특별시동부교육지원청,2016-08-12,2024-02-27,658,2026-03-20
Z000151220,삼룡초광역통학구역,1,48,310,9010000,경상남도교육청,9111000,경상남도거제교육지원청,2016-08-12,2023-01-17,6082,2026-03-20
Z000151295,옥곡초용성초공동(일방)통학구역,1,47,290,8750000,경상북도교육청,8851000,경상북도경산교육지원청,2023-01-05,2023-01-17,3596,2026-03-20
Z000151296,평산초용성초공동(일방)통학구역,1,47,290,8750000,경상북도교육청,8851000,경상북도경산교육지원청,2023-01-05,2023-01-17,3602,2026-03-20
Z000104610,금천초통학구역,0,46,170,8490000,전라남도교육청,8531000,전라남도나주교육지원청,2016-08-12,2022-12-06,1236,2026-03-20
Z000104625,산포초통학구역,0,46,170,8490000,전라남도교육청,8531000,전라남도나주교육지원청,2016-08-12,2022-12-06,7058,2026-03-20
Z000103456,한벌초통학구역,0,43,112,8000000,충청북도교육청,8011000,충청북도청주교육지원청,2016-08-12,2023-04-24,5748,2026-03-20
Z000101157,인천산곡북초통학구역,0,28,237,7310000,인천광역시교육청,7331000,인천광역시북부교육지원청,2016-08-12,2023-08-29,3062,2026-03-20
Z000101139,인천마곡초통학구역,0,28,237,7310000,인천광역시교육청,7331000,인천광역시북부교육지원청,2016-08-12,2023-08-29,1248,2026-03-20
Z000106372,쌍동초통학구역,0,41,610,7530000,경기도교육청,7692000,경기도광주하남교육지원청,2023-05-11,2023-08-29,6656,2026-03-20
Z000151318,도곡초선동초공동(일방)통학구역,1,41,610,7530000,경기도교육청,7692000,경기도광주하남교육지원청,2023-05-11,2023-08-29,4002,2026-03-20
Z000106333,인천해든초통학구역,0,28,260,7310000,인천광역시교육청,7361000,인천광역시서부교육지원청,2021-08-05,2024-04-01,4845,2026-03-20
Z000151341,남산초화정초공동통학구역,1,48,720,9010000,경상남도교육청,9121000,경상남도의령교육지원청,2023-09-19,2023-09-19,670,2026-03-20
Z000105771,남산초통학구역,0,48,720,9010000,경상남도교육청,9121000,경상남도의령교육지원청,2016-08-12,2023-09-19,4277,2026-03-20
Z000151336,대구포산초대구비슬초대구현풍초공동(일방)통학구역,1,27,710,7240000,대구광역시교육청,7281000,대구광역시달성교육지원청,2023-09-26,2023-09-26,3381,2026-03-20
Z000102485,갈담초통학구역,0,41,590,7530000,경기도교육청,7679000,경기도화성오산교육지원청,2016-08-12,2016-08-12,6480,2026-03-20
Z000102122,고잔초통학구역,0,41,273,7530000,경기도교육청,7611000,경기도안산교육지원청,2016-08-12,2016-08-12,6142,2026-03-20
Z000151335,석곡초죽곡초공동통학구역,1,46,720,8490000,전라남도교육청,8571000,전라남도곡성교육지원청,2023-09-04,2023-09-05,2248,2026-03-20
Z000102304,소사벌초통학구역,0,41,220,7530000,경기도교육청,7631000,경기도평택교육지원청,2016-08-12,2019-09-04,5406,2026-03-20
Z000151401,지제초평택중앙초공동통학구역,1,41,220,7530000,경기도교육청,7631000,경기도평택교육지원청,2023-12-28,2024-01-09,6090,2026-03-20
Z000102058,광명초통학구역,0,41,210,7530000,경기도교육청,7591000,경기도광명교육지원청,2016-08-12,2024-02-27,902,2026-03-20
Z000150467,고창초아산초가평초신림초대야초봉암초고수초대산초성송초흥덕초상하초공동(일방)통학구역,1,52,790,8321000,전북특별자치도교육청,8452000,전북특별자치도고창교육지원청,2016-08-12,2024-02-23,6014,2026-03-20
Z000103898,이화초통학구역,0,44,230,8140000,충청남도교육청,8222000,충청남도논산계룡교육지원청,2016-08-12,2016-08-12,5116,2026-03-20
Z000101584,대전봉산초통학구역,0,30,170,7430000,대전광역시교육청,7451000,대전광역시서부교육지원청,2016-08-12,2016-08-12,2973,2026-03-20
Z000150133,부천서초솔안초공동통학구역,1,41,194,7530000,경기도교육청,7581000,경기도부천교육지원청,2016-08-12,2024-03-29,6287,2026-03-20
Z000102002,부일초통학구역,0,41,192,7530000,경기도교육청,7581000,경기도부천교육지원청,2016-08-12,2024-03-29,5693,2026-03-20
Z000103208,오안초통학구역,0,51,720,7801000,강원특별자치도교육청,7882000,강원특별자치도홍천교육지원청,2016-08-12,2016-08-12,4383,2026-03-20
Z000105346,덕산초통학구역,0,47,820,8750000,경상북도교육청,8911000,경상북도청도교육지원청,2016-08-12,2016-08-12,732,2026-03-20
Z000105167,황상초통학구역,0,47,190,8750000,경상북도교육청,8801000,경상북도구미교육지원청,2016-08-12,2016-08-12,2774,2026-03-20
Z000101518,대전옥계초통학구역,0,30,140,7430000,대전광역시교육청,7441000,대전광역시동부교육지원청,2016-08-12,2016-08-12,5738,2026-03-20
Z000101442,어등초통학구역,0,29,200,7380000,광주광역시교육청,7401000,광주광역시서부교육지원청,2016-08-12,2023-09-19,3978,2026-03-20
Z000105153,원남초통학구역,0,47,190,8750000,경상북도교육청,8801000,경상북도구미교육지원청,2016-08-12,2016-08-12,2488,2026-03-20
Z000105541,진동초통학구역,0,48,125,9010000,경상남도교육청,9022000,경상남도창원교육지원청,2016-08-12,2023-07-11,5800,2026-03-20
Z000103708,천안초통학구역,0,44,131,8140000,충청남도교육청,8151000,충청남도천안교육지원청,2016-08-12,2021-02-23,4587,2026-03-20
Z000103686,천안성정초통학구역,0,44,133,8140000,충청남도교육청,8151000,충청남도천안교육지원청,2016-08-12,2021-02-23,1894,2026-03-20
Z000103675,천안봉명초통학구역,0,44,131,8140000,충청남도교육청,8151000,충청남도천안교육지원청,2016-08-12,2021-02-23,1884,2026-03-20
Z000105678,대청초통학구역,0,48,250,9010000,경상남도교육청,9091000,경상남도김해교육지원청,2016-08-12,2023-05-16,3617,2026-03-20
Z000150230,안화초태안초공동통학구역,1,41,590,7530000,경기도교육청,7679000,경기도화성오산교육지원청,2016-08-12,2023-05-16,3545,2026-03-20
Z000102563,태안초통학구역,0,41,590,7530000,경기도교육청,7679000,경기도화성오산교육지원청,2016-08-12,2023-05-16,3629,2026-03-20
Z000102903,흥덕초통학구역,0,41,463,7530000,경기도교육청,7751000,경기도용인교육지원청,2016-08-12,2021-06-22,1709,2026-03-20
Z000102813,구성초통학구역,0,41,463,7530000,경기도교육청,7751000,경기도용인교육지원청,2016-08-12,2021-06-22,6266,2026-03-20
Z000150306,구성초마성초공동통학구역,1,41,463,7530000,경기도교육청,7751000,경기도용인교육지원청,2016-08-12,2021-06-22,685,2026-03-20
Z000102627,장파초통학구역,0,41,480,7530000,경기도교육청,7681000,경기도파주교육지원청,2016-08-12,2021-06-08,6775,2026-03-20
Z000102893,청덕초통학구역,0,41,463,7530000,경기도교육청,7751000,경기도용인교육지원청,2016-08-12,2021-06-22,986,2026-03-20
Z000151123,문산초자유초공동통학구역,1,41,480,7530000,경기도교육청,7681000,경기도파주교육지원청,2021-06-03,2021-06-08,5687,2026-03-20
Z000103265,면온초통학구역,0,51,760,7801000,강원특별자치도교육청,7912000,강원특별자치도평창교육지원청,2016-08-12,2025-02-04,2966,2026-03-20
Z000103273,장평초통학구역,0,51,760,7801000,강원특별자치도교육청,7912000,강원특별자치도평창교육지원청,2016-08-12,2025-02-04,1870,2026-03-20
Z000105884,해양초통학구역,0,48,840,9010000,경상남도교육청,9171000,경상남도남해교육지원청,2016-08-12,2025-02-11,4914,2026-03-20
Z000151254,남해초광역통학구역,1,48,840,9010000,경상남도교육청,9171000,경상남도남해교육지원청,2022-11-15,2025-02-11,6685,2026-03-20
Z000151541,남해초해양초공동통학구역,1,48,840,9010000,경상남도교육청,9171000,경상남도남해교육지원청,2025-02-01,2025-02-11,451,2026-03-20
Z000103551,증약초통학구역,0,43,730,8000000,충청북도교육청,8061000,충청북도옥천교육지원청,2016-08-12,2025-02-11,4618,2026-03-20
Z000102192,정왕초통학구역,0,41,390,7530000,경기도교육청,7781000,경기도시흥교육지원청,2016-08-12,2025-02-11,5131,2026-03-20
Z000102159,시화초통학구역,0,41,390,7530000,경기도교육청,7781000,경기도시흥교육지원청,2016-08-12,2025-02-11,1589,2026-03-20
Z000102165,시흥장현초통학구역,0,41,390,7530000,경기도교육청,7781000,경기도시흥교육지원청,2016-08-12,2025-02-11,3988,2026-03-20
Z000151144,합도초신촌초공동(일방)통학구역,1,44,270,8140000,충청남도교육청,8291000,충청남도당진교육지원청,2021-08-03,2025-02-04,1220,2026-03-20
Z000151544,영강초제한적공동통학구역,1,46,170,8490000,전라남도교육청,8531000,전라남도나주교육지원청,2025-03-04,2025-02-25,387,2026-03-20
Z000104428,공음초통학구역,0,52,790,8321000,전북특별자치도교육청,8452000,전북특별자치도고창교육지원청,2016-08-12,2025-02-25,2121,2026-03-20
Z000100384,서울화일초통학구역,0,11,500,7010000,서울특별시교육청,7081300,서울특별시강서양천교육지원청,2016-08-12,2025-03-04,4492,2026-03-20
Z000100373,서울우장초통학구역,0,11,500,7010000,서울특별시교육청,7081300,서울특별시강서양천교육지원청,2016-08-12,2025-03-04,4490,2026-03-20
Z000104432,매산초통학구역,0,52,790,8321000,전북특별자치도교육청,8452000,전북특별자치도고창교육지원청,2016-08-12,2025-02-25,1232,2026-03-20
Z000104433,무장초통학구역,0,52,790,8321000,전북특별자치도교육청,8452000,전북특별자치도고창교육지원청,2016-08-12,2025-02-25,3035,2026-03-20
Z000151542,계룡대실초제한적공동(일방)통학구역,1,44,250,8140000,충청남도교육청,8222000,충청남도논산계룡교육지원청,2025-03-04,2025-02-25,5940,2026-03-20
Z000151011,금암초제한적공동(일방)통학구역,1,44,250,8140000,충청남도교육청,8222000,충청남도논산계룡교육지원청,2020-11-23,2025-02-25,5064,2026-03-20
Z000151007,두마초제한적공동(일방)통학구역,1,44,250,8140000,충청남도교육청,8222000,충청남도논산계룡교육지원청,2020-11-23,2025-02-25,4004,2026-03-20
Z000100034,서울청량초통학구역,0,11,230,7010000,서울특별시교육청,7021000,서울특별시동부교육지원청,2016-08-12,2025-04-02,2557,2026-03-20
Z000103142,상평초공수전분교장통학구역,0,51,830,7801000,강원특별자치도교육청,7863000,강원특별자치도속초양양교육지원청,2016-08-12,2025-04-07,1339,2026-03-20
Z000151583,양양초조산초상평초상평초공수전분교장상평초오색분교장한남초손양초송포초현북초광정초현성초인구초남애초공동(일방)통학구역,1,51,830,7801000,강원특별자치도교육청,7863000,강원특별자치도속초양양교육지원청,2025-04-02,2025-04-07,2491,2026-03-20
Z000151277,은빛초검바위초공동통학구역,1,41,390,7530000,경기도교육청,7781000,경기도시흥교육지원청,2022-12-13,2025-02-11,1288,2026-03-20
Z000151543,은빛초검바위초시흥은행초공동통학구역,1,41,390,7530000,경기도교육청,7781000,경기도시흥교육지원청,2025-03-04,2025-02-11,6648,2026-03-20
Z000105932,거창초통학구역,0,48,880,9010000,경상남도교육청,9211000,경상남도거창교육지원청,2016-08-12,2025-02-11,2263,2026-03-20
Z000106407,고진초통학구역,0,41,461,7530000,경기도교육청,7751000,경기도용인교육지원청,2024-03-18,2025-02-24,3021,2026-03-20
Z000102808,고림초통학구역,0,41,461,7530000,경기도교육청,7751000,경기도용인교육지원청,2016-08-12,2025-02-24,1464,2026-03-20
Z000102859,신월초통학구역,0,41,465,7530000,경기도교육청,7751000,경기도용인교육지원청,2016-08-12,2025-02-24,6003,2026-03-20
Z000102900,현암초통학구역,0,41,465,7530000,경기도교육청,7751000,경기도용인교육지원청,2016-08-12,2025-02-24,6270,2026-03-20
Z000102822,대청초통학구역,0,41,465,7530000,경기도교육청,7751000,경기도용인교육지원청,2016-08-12,2025-02-24,5417,2026-03-20
Z000102838,삼가초통학구역,0,41,461,7530000,경기도교육청,7751000,경기도용인교육지원청,2016-08-12,2025-02-24,7110,2026-03-20
Z000106432,도현초통학구역,0,41,461,7530000,경기도교육청,7751000,경기도용인교육지원청,2025-03-04,2025-02-24,2395,2026-03-20
Z000151476,동송초오덕초장흥초용정초묘장초공동(일방)통학구역,1,51,780,7801000,강원특별자치도교육청,7932000,강원특별자치도철원교육지원청,2024-11-18,2025-02-04,1466,2026-03-20
Z000106423,오덕초통학구역,0,51,780,7801000,강원특별자치도교육청,7932000,강원특별자치도철원교육지원청,2024-11-18,2025-02-04,20,2026-03-20
Z000150510,완도중앙초완도초화흥초청해초군외초공동통학구역,1,46,890,8490000,전라남도교육청,8701000,전라남도완도교육지원청,2016-08-12,2025-02-04,2492,2026-03-20
Z000105948,남정초통학구역,0,48,890,9010000,경상남도교육청,9221000,경상남도합천교육지원청,2016-08-12,2025-02-04,3520,2026-03-20
Z000102637,파주대원초통학구역,0,41,480,7530000,경기도교육청,7681000,경기도파주교육지원청,2016-08-12,2025-02-04,2624,2026-03-20
Z000103780,동덕초통학구역,0,44,200,8140000,충청남도교육청,8181000,충청남도아산교육지원청,2016-08-12,2025-02-04,3351,2026-03-20
Z000151505,동덕초산동초공동통학구역,1,44,200,8140000,충청남도교육청,8181000,충청남도아산교육지원청,2024-12-03,2025-02-04,3951,2026-03-20
Z000150786,장야초안내초동이초동이초우산분교군서초군남초안남초공동(일방)통학구역,1,43,730,8000000,충청북도교육청,8061000,충청북도옥천교육지원청,2019-12-09,2025-02-04,5860,2026-03-20
Z000150791,아림초광역통학구역,1,48,880,9010000,경상남도교육청,9211000,경상남도거창교육지원청,2019-12-11,2025-02-11,5775,2026-03-20
Z000105959,영전초통학구역,0,48,890,9010000,경상남도교육청,9221000,경상남도합천교육지원청,2016-08-12,2025-02-11,3352,2026-03-20
Z000105950,대양초통학구역,0,48,890,9010000,경상남도교육청,9221000,경상남도합천교육지원청,2016-08-12,2025-02-11,2656,2026-03-20
Z000151539,신안초광역통학구역,1,48,860,9010000,경상남도교육청,9191000,경상남도산청교육지원청,2025-01-06,2025-03-04,2858,2026-03-20
Z000101747,곡정초통학구역,0,41,113,7530000,경기도교육청,7541000,경기도수원교육지원청,2016-08-12,2025-03-04,6344,2026-03-20
Z000101809,인계초통학구역,0,41,115,7530000,경기도교육청,7541000,경기도수원교육지원청,2016-08-12,2025-03-04,2832,2026-03-20
Z000101785,수원선일초통학구역,0,41,113,7530000,경기도교육청,7541000,경기도수원교육지원청,2016-08-12,2025-03-04,4617,2026-03-20
Z000101750,권선초통학구역,0,41,115,7530000,경기도교육청,7541000,경기도수원교육지원청,2016-08-12,2025-03-04,1940,2026-03-20
Z000101775,세류초통학구역,0,41,113,7530000,경기도교육청,7541000,경기도수원교육지원청,2016-08-12,2025-03-04,3403,2026-03-20
Z000106435,매교초통학구역,0,41,113,7530000,경기도교육청,7541000,경기도수원교육지원청,2016-08-12,2025-03-04,152,2026-03-20
Z000106436,규장초통학구역,0,41,113,7530000,경기도교육청,7541000,경기도수원교육지원청,2025-03-04,2025-03-04,4610,2026-03-20
Z000151554,곡정초수원선일초공동통학구역,1,41,113,7530000,경기도교육청,7541000,경기도수원교육지원청,2025-03-04,2025-03-04,1941,2026-03-20
Z000103763,천북초통학구역,0,44,180,8140000,충청남도교육청,8171000,충청남도보령교육지원청,2016-08-12,2025-03-04,336,2026-03-20
Z000151558,정산초청남초장평초공동통학구역,1,44,790,8140000,충청남도교육청,8251000,충청남도청양교육지원청,2025-03-04,2025-03-04,6054,2026-03-20
Z000103926,홍산초통학구역,0,44,760,8140000,충청남도교육청,8231000,충청남도부여교육지원청,2016-08-12,2025-03-04,894,2026-03-20
Z000103282,남선초통학구역,0,51,770,7801000,강원특별자치도교육청,7922000,강원특별자치도정선교육지원청,2016-08-12,2025-03-06,6237,2026-03-20
Z000100864,대구동덕초통학구역,0,27,110,7240000,대구광역시교육청,7251000,대구광역시동부교육지원청,2016-08-12,2025-03-04,5959,2026-03-20
Z000150880,상영초외남초공검초낙동초청리초낙서초외서초사벌초중동초공동(일방)통학구역,1,47,250,8750000,경상북도교육청,8831000,경상북도상주교육지원청,2020-02-11,2025-03-04,2646,2026-03-20
Z000150877,상주초외남초공검초낙동초청리초낙서초외서초사벌초중동초공동(일방) 통학구역,1,47,250,8750000,경상북도교육청,8831000,경상북도상주교육지원청,2020-02-11,2025-03-04,2639,2026-03-20
Z000100755,명지초통학구역,0,26,440,7150000,부산광역시교육청,7201000,부산광역시북부교육지원청,2019-09-02,2025-03-09,6711,2026-03-20
Z000151292,동면초광역통학구역,1,48,330,9010000,경상남도교육청,9151000,경상남도양산교육지원청,2021-12-22,2025-03-04,1007,2026-03-20
Z000106433,금송초통학구역,0,48,330,9010000,경상남도교육청,9151000,경상남도양산교육지원청,2025-03-04,2025-03-04,139,2026-03-20
Z000150787,삼양초이원초안내초동이초동이초우산분교군서초군남초증약초안남초공동(일방)통학구역,1,43,730,8000000,충청북도교육청,8061000,충청북도옥천교육지원청,2019-12-09,2025-02-04,163,2026-03-20
Z000151477,철원초오덕초장흥초용정초묘장초공동(일방)통학구역,1,51,780,7801000,강원특별자치도교육청,7932000,강원특별자치도철원교육지원청,2024-11-18,2025-02-04,5666,2026-03-20
Z000151478,신철원초문혜초내대초토성초공동(일방)통학구역,1,51,780,7801000,강원특별자치도교육청,7932000,강원특별자치도철원교육지원청,2024-11-18,2025-02-04,2082,2026-03-20
Z000151514,동해중앙초창호초삼화초송정초공동(일방)통학구역,1,51,170,7801000,강원특별자치도교육청,7842000,강원특별자치도동해교육지원청,2025-01-03,2025-02-04,2811,2026-03-20
Z000105543,진해남산초통학구역,0,48,129,9010000,경상남도교육청,9022000,경상남도창원교육지원청,2016-08-12,2025-03-04,2554,2026-03-20
Z000151503,제황초진해남산초공동통학구역,1,48,129,9010000,경상남도교육청,9022000,경상남도창원교육지원청,2025-03-02,2025-03-04,6992,2026-03-20
Z000100958,대구서변초통학구역,0,27,230,7240000,대구광역시교육청,7261000,대구광역시서부교육지원청,2016-08-12,2025-03-04,608,2026-03-20
Z000151504,서울서빙고초서울이태원초공동통학구역,1,11,170,7010000,서울특별시교육청,7061000,서울특별시중부교육지원청,2025-03-02,2025-03-04,1460,2026-03-20
Z000106449,청송초통학구역,0,47,750,8750000,경상북도교육청,8881000,경상북도청송교육지원청,2025-03-05,2025-03-06,1996,2026-03-20
Z000100666,주례초통학구역,0,26,230,7150000,부산광역시교육청,7181000,부산광역시남부교육지원청,2016-08-12,2025-04-22,4948,2026-03-20
Z000150371,정선초봉양초벽탄초남평초공동통학구역 및 정선초화동초공동(일방)통학구역,1,51,770,7801000,강원특별자치도교육청,7922000,강원특별자치도정선교육지원청,2016-08-12,2025-03-06,1643,2026-03-20
Z000151570,봉양초화동초공동(일방)통학구역,1,51,770,7801000,강원특별자치도교육청,7922000,강원특별자치도정선교육지원청,2025-03-06,2025-03-06,5821,2026-03-20
Z000106442,푸른샘초통학구역,0,41,630,7530000,경기도교육청,7602000,경기도동두천양주교육지원청,2025-03-06,2025-03-06,7135,2026-03-20
Z000106330,율빛초통학구역,0,41,630,7530000,경기도교육청,7602000,경기도동두천양주교육지원청,2021-03-30,2025-03-06,6945,2026-03-20
Z000106434,사송초통학구역,0,48,330,9010000,경상남도교육청,9151000,경상남도양산교육지원청,2025-03-04,2025-03-04,5481,2026-03-20
Z000101547,회덕초통학구역,0,30,230,7430000,대전광역시교육청,7441000,대전광역시동부교육지원청,2016-08-12,2025-02-04,4133,2026-03-20
Z000101532,대전현암초통학구역,0,30,110,7430000,대전광역시교육청,7441000,대전광역시동부교육지원청,2016-08-12,2025-02-04,3418,2026-03-20
Z000101513,대전송촌초통학구역,0,30,230,7430000,대전광역시교육청,7441000,대전광역시동부교육지원청,2016-08-12,2025-02-04,4877,2026-03-20
Z000101543,신탄진용정초통학구역,0,30,230,7430000,대전광역시교육청,7441000,대전광역시동부교육지원청,2016-08-12,2025-02-04,308,2026-03-20
Z000101493,대전동서초통학구역,0,30,110,7430000,대전광역시교육청,7441000,대전광역시동부교육지원청,2016-08-12,2025-02-04,5181,2026-03-20
Z000104312,남양초통학구역,0,52,210,8321000,전북특별자치도교육청,8382000,전북특별자치도김제교육지원청,2016-08-12,2025-02-25,2533,2026-03-20
Z000104303,금구초통학구역,0,52,210,8321000,전북특별자치도교육청,8382000,전북특별자치도김제교육지원청,2016-08-12,2025-02-25,1784,2026-03-20
Z000151520,천곡초창호초삼화초송정초공동(일방)통학구역,1,51,170,7801000,강원특별자치도교육청,7842000,강원특별자치도동해교육지원청,2025-01-03,2025-02-04,1913,2026-03-20
Z000151513,남호초창호초삼화초송정초공동(일방)통학구역,1,51,170,7801000,강원특별자치도교육청,7842000,강원특별자치도동해교육지원청,2025-01-03,2025-02-04,6317,2026-03-20
Z000101778,송정초통학구역,0,41,111,7530000,경기도교육청,7541000,경기도수원교육지원청,2016-08-12,2024-11-26,2534,2026-03-20
Z000150393,덕신초주덕초공동통학구역,1,43,130,8000000,충청북도교육청,8021000,충청북도충주교육지원청,2024-11-11,2024-11-26,6360,2026-03-20
Z000102468,북내초통학구역,0,41,670,7530000,경기도교육청,7661000,경기도여주교육지원청,2016-08-12,2024-11-26,4375,2026-03-20
Z000103136,황지초통학구역,0,51,190,7801000,강원특별자치도교육청,7852000,강원특별자치도태백교육지원청,2016-08-12,2024-11-26,1351,2026-03-20
Z000100614,가평초통학구역,0,26,230,7150000,부산광역시교육청,7181000,부산광역시남부교육지원청,2016-08-12,2025-04-22,5831,2026-03-20
Z000100613,가야초통학구역,0,26,230,7150000,부산광역시교육청,7181000,부산광역시남부교육지원청,2016-08-12,2025-04-22,5838,2026-03-20
Z000100611,가남초통학구역,0,26,230,7150000,부산광역시교육청,7181000,부산광역시남부교육지원청,2016-08-12,2025-04-22,6312,2026-03-20
Z000151585,주례초주학초공동통학구역,1,26,230,7150000,부산광역시교육청,7181000,부산광역시남부교육지원청,2025-04-02,2025-04-22,1669,2026-03-20
Z000150852,안동강남초남후초남선초길안초송천초안동동부초공동(일방)통학구역,1,47,170,8750000,경상북도교육청,8791000,경상북도안동교육지원청,2020-02-05,2025-04-22,4522,2026-03-20
Z000151160,안동용상초남선초길안초와룡초공동(일방)통학구역,1,47,170,8750000,경상북도교육청,8791000,경상북도안동교육지원청,2021-11-23,2025-04-22,927,2026-03-20
Z000106188,포항제철초통학구역,0,47,111,8750000,경상북도교육청,8761000,경상북도포항교육지원청,2016-08-12,2025-02-04,7074,2026-03-20
Z000105007,효자초통학구역,0,47,111,8750000,경상북도교육청,8761000,경상북도포항교육지원청,2016-08-12,2025-02-04,7079,2026-03-20
Z000150817,위성초광역통학구역,1,48,870,9010000,경상남도교육청,9201000,경상남도함양교육지원청,2020-01-20,2025-02-04,4629,2026-03-20
Z000150816,함양초광역통학구역,1,48,870,9010000,경상남도교육청,9201000,경상남도함양교육지원청,2020-01-20,2025-02-04,6356,2026-03-20
Z000151168,이수초양강초심천초공동(일방)통학구역,1,43,740,8000000,충청북도교육청,8071000,충청북도영동교육지원청,2021-11-29,2025-02-04,786,2026-03-20
Z000151329,서울율현초서울자곡초공동통학구역,1,11,680,7010000,서울특별시교육청,7091300,서울특별시강남서초교육지원청,2023-08-03,2025-01-05,4857,2026-03-20
Z000100401,서울반원초통학구역,0,11,650,7010000,서울특별시교육청,7091300,서울특별시강남서초교육지원청,2016-08-12,2025-02-04,716,2026-03-20
Z000104329,진봉초통학구역,0,52,210,8321000,전북특별자치도교육청,8382000,전북특별자치도김제교육지원청,2016-08-12,2025-02-25,6649,2026-03-20
Z000103421,성화초통학구역,0,43,112,8000000,충청북도교육청,8011000,충청북도청주교육지원청,2016-08-12,2025-03-06,3099,2026-03-20
Z000103375,개신초통학구역,0,43,112,8000000,충청북도교육청,8011000,충청북도청주교육지원청,2016-08-12,2025-03-08,6623,2026-03-20
Z000106430,울릉초통학구역,0,47,940,8750000,경상북도교육청,8981000,경상북도울릉교육지원청,2020-02-18,2025-03-04,2927,2026-03-20
Z000150976,석산초광역통학구역,1,48,330,9010000,경상남도교육청,9151000,경상남도양산교육지원청,2020-05-11,2025-02-27,3179,2026-03-20
Z000151210,금오초광역통학구역,1,48,330,9010000,경상남도교육청,9151000,경상남도양산교육지원청,2020-05-11,2025-02-27,2311,2026-03-20
Z000100549,서울장곡초통학구역,0,11,290,7010000,서울특별시교육청,7121200,서울특별시성북강북교육지원청,2016-08-12,2025-02-04,7132,2026-03-20
Z000100187,서울선곡초통학구역,0,11,350,7010000,서울특별시교육청,7051000,서울특별시북부교육지원청,2016-08-12,2025-02-04,6994,2026-03-20
Z000151577,합천초남정초대양초공동통학구역,1,48,890,9010000,경상남도교육청,9221000,경상남도합천교육지원청,2025-03-07,2025-02-11,2645,2026-03-20
Z000151185,합천초광역통학구역,1,48,890,9010000,경상남도교육청,9221000,경상남도합천교육지원청,2021-12-09,2025-02-11,7084,2026-03-20
Z000151578,대양초부림초봉수분교장공동통학구역,1,48,890,9010000,경상남도교육청,9221000,경상남도합천교육지원청,2025-03-07,2025-02-11,6914,2026-03-20
Z000102866,왕산초통학구역,0,41,461,7530000,경기도교육청,7751000,경기도용인교육지원청,2016-08-12,2025-02-24,3286,2026-03-20
Z000151571,증안초솔밭초공동통학구역,1,43,113,8000000,충청북도교육청,8011000,충청북도청주교육지원청,2025-03-06,2025-02-24,6978,2026-03-20
Z000103446,증안초통학구역,0,43,113,8000000,충청북도교육청,8011000,충청북도청주교육지원청,2016-08-12,2025-02-24,730,2026-03-20
Z000103452,청원초통학구역,0,43,114,8000000,충청북도교육청,8011000,충청북도청주교육지원청,2016-08-12,2025-02-24,5742,2026-03-20
Z000151573,각리초청원초공동통학구역,1,43,114,8000000,충청북도교육청,8011000,충청북도청주교육지원청,2025-03-06,2025-02-24,729,2026-03-20
Z000105819,동산초통학구역,0,48,330,9010000,경상남도교육청,9151000,경상남도양산교육지원청,2016-08-12,2025-03-04,2810,2026-03-20
Z000150593,석산초동산초공동통학구역,1,48,330,9010000,경상남도교육청,9151000,경상남도양산교육지원청,2016-08-12,2025-03-04,3180,2026-03-20
Z000100650,양성초통학구역,0,26,230,7150000,부산광역시교육청,7181000,부산광역시남부교육지원청,2016-08-12,2022-01-11,5478,2026-03-20
Z000100655,오륙도초통학구역,0,26,290,7150000,부산광역시교육청,7181000,부산광역시남부교육지원청,2016-08-12,2016-08-12,198,2026-03-20
Z000106422,도창초통학구역,0,51,780,7801000,강원특별자치도교육청,7932000,강원특별자치도철원교육지원청,2024-11-18,2025-02-04,1174,2026-03-20
Z000151480,청양초김화초도창초토성초서면초근남초공동(일방)통학구역,1,51,780,7801000,강원특별자치도교육청,7932000,강원특별자치도철원교육지원청,2024-11-18,2025-02-04,723,2026-03-20
Z000105908,도산초통학구역,0,48,860,9010000,경상남도교육청,9191000,경상남도산청교육지원청,2016-08-12,2025-03-04,4867,2026-03-20
Z000150604,단계초도산초공동통학구역,1,48,860,9010000,경상남도교육청,9191000,경상남도산청교육지원청,2016-08-12,2025-03-04,406,2026-03-20
Z000151559,홍산초장암초공동통학구역,1,44,760,8140000,충청남도교육청,8231000,충청남도부여교육지원청,2025-03-04,2025-03-04,5876,2026-03-20
Z000101038,대구진월초통학구역,0,27,290,7240000,대구광역시교육청,7271000,대구광역시남부교육지원청,2016-08-12,2025-03-04,6455,2026-03-20
Z000106411,옥정호수초통학구역,0,41,630,7530000,경기도교육청,7602000,경기도동두천양주교육지원청,2024-08-22,2025-03-06,5147,2026-03-20
Z000102106,율정초통학구역,0,41,630,7530000,경기도교육청,7602000,경기도동두천양주교육지원청,2016-08-12,2025-03-06,690,2026-03-20
Z000101502,대전법동초통학구역,0,30,230,7430000,대전광역시교육청,7441000,대전광역시동부교육지원청,2016-08-12,2025-02-04,2225,2026-03-20
Z000101526,대전중앙초통학구역,0,30,140,7430000,대전광역시교육청,7441000,대전광역시동부교육지원청,2016-08-12,2025-02-04,3416,2026-03-20
Z000101524,대전자양초통학구역,0,30,110,7430000,대전광역시교육청,7441000,대전광역시동부교육지원청,2016-08-12,2025-02-04,6620,2026-03-20
Z000151417,대전신흥초세천초공동(일방)통학구역,1,30,110,7430000,대전광역시교육청,7441000,대전광역시동부교육지원청,2024-02-07,2025-02-04,1268,2026-03-20
Z000151423,대전매봉초장동초공동(일방)통학구역,1,30,230,7430000,대전광역시교육청,7441000,대전광역시동부교육지원청,2024-02-07,2025-02-04,552,2026-03-20
Z000151515,동해초창호초삼화초송정초공동(일방)통학구역,1,51,170,7801000,강원특별자치도교육청,7842000,강원특별자치도동해교육지원청,2025-01-03,2025-02-04,5479,2026-03-20
Z000151516,동호초창호초삼화초송정초공동(일방)통학구역,1,51,170,7801000,강원특별자치도교육청,7842000,강원특별자치도동해교육지원청,2025-01-03,2025-02-04,6310,2026-03-20
Z000151519,청운초창호초삼화초송정초공동(일방)통학구역,1,51,170,7801000,강원특별자치도교육청,7842000,강원특별자치도동해교육지원청,2025-01-03,2025-02-04,997,2026-03-20
Z000102534,안녕초통학구역,0,41,590,7530000,경기도교육청,7679000,경기도화성오산교육지원청,2016-08-12,2025-03-06,3711,2026-03-20
Z000151565,안녕초화산초공동통학구역,1,41,590,7530000,경기도교육청,7679000,경기도화성오산교육지원청,2025-03-05,2025-03-06,6334,2026-03-20
Z000151569,청송초이전초공동통학구역,1,47,750,8750000,경상북도교육청,8881000,경상북도청송교육지원청,2025-03-05,2025-03-06,206,2026-03-20
Z000100037,서울휘경초통학구역,0,11,230,7010000,서울특별시교육청,7021000,서울특별시동부교육지원청,2016-08-12,2025-04-02,5206,2026-03-20
Z000151545,서울휘경초서울청량초공동통학구역,1,11,230,7010000,서울특별시교육청,7021000,서울특별시동부교육지원청,2025-03-04,2025-04-02,1227,2026-03-20
Z000106412,회암초통학구역,0,41,630,7530000,경기도교육청,7602000,경기도동두천양주교육지원청,2024-08-22,2025-03-06,1594,2026-03-20
Z000102112,천보초통학구역,0,41,630,7530000,경기도교육청,7602000,경기도동두천양주교육지원청,2016-08-12,2025-03-06,654,2026-03-20
Z000151233,서울위례솔초서울거원초공동통학구역,1,11,710,7010000,서울특별시교육청,7130000,서울특별시강동송파교육지원청,2022-02-10,2025-03-06,2796,2026-03-20
Z000100266,서울거원초통학구역,0,11,710,7010000,서울특별시교육청,7130000,서울특별시강동송파교육지원청,2016-08-12,2025-03-06,3677,2026-03-20
Z000100431,서울원촌초통학구역,0,11,650,7010000,서울특별시교육청,7091300,서울특별시강남서초교육지원청,2016-08-12,2025-02-04,6333,2026-03-20
Z000151546,이리동남초이리신흥초공동(일방)통학구역,1,52,140,8321000,전북특별자치도교육청,8352000,전북특별자치도익산교육지원청,2025-03-04,2025-03-04,4960,2026-03-20
Z000151548,이리서초이리남창초공동(일방)통학구역,1,52,140,8321000,전북특별자치도교육청,8352000,전북특별자치도익산교육지원청,2025-03-04,2026-03-01,291,2026-03-20
Z000104238,함라초통학구역,0,52,140,8321000,전북특별자치도교육청,8352000,전북특별자치도익산교육지원청,2016-08-12,2025-03-04,4128,2026-03-20
Z000104064,전주덕진초통학구역,0,52,113,8321000,전북특별자치도교육청,8332000,전북특별자치도전주교육지원청,2016-08-12,2025-03-04,111,2026-03-20
Z000102604,마정초통학구역,0,41,480,7530000,경기도교육청,7681000,경기도파주교육지원청,2016-08-12,2025-02-04,4824,2026-03-20
Z000103128,상장초통학구역,0,51,190,7801000,강원특별자치도교육청,7852000,강원특별자치도태백교육지원청,2016-08-12,2024-11-26,4930,2026-03-20
Z000103135,황지중앙초통학구역,0,51,190,7801000,강원특별자치도교육청,7852000,강원특별자치도태백교육지원청,2016-08-12,2024-11-26,484,2026-03-20
Z000103132,태서초통학구역,0,51,190,7801000,강원특별자치도교육청,7852000,강원특별자치도태백교육지원청,2016-08-12,2024-11-26,2289,2026-03-20
Z000103037,단구초통학구역,0,51,130,7801000,강원특별자치도교육청,7822000,강원특별자치도원주교육지원청,2016-08-12,2024-11-26,3085,2026-03-20
Z000100024,서울이문초통학구역,0,11,230,7010000,서울특별시교육청,7021000,서울특별시동부교육지원청,2016-08-12,2025-04-02,6091,2026-03-20
Z000100094,서울진관초통학구역,0,11,380,7010000,서울특별시교육청,7031000,서울특별시서부교육지원청,2016-08-12,2017-01-02,6791,2026-03-20
Z000106396,지효초통학구역,0,41,281,7530000,경기도교육청,7621000,경기도고양교육지원청,2019-12-26,2025-02-04,5591,2026-03-20
Z000150716,남곡초처인초공동통학구역,1,41,461,7530000,경기도교육청,7751000,경기도용인교육지원청,2016-08-12,2025-02-24,2672,2026-03-20
Z000102817,남곡초통학구역,0,41,461,7530000,경기도교육청,7751000,경기도용인교육지원청,2016-08-12,2025-02-24,1774,2026-03-20
Z000106431,처인초통학구역,0,41,461,7530000,경기도교육청,7751000,경기도용인교육지원청,2025-03-04,2025-02-24,7104,2026-03-20
Z000100416,서울신동초통학구역,0,11,650,7010000,서울특별시교육청,7091300,서울특별시강남서초교육지원청,2016-08-12,2025-02-04,2821,2026-03-20
Z000151535,서울방일초서울신중초공동통학구역,1,11,650,7010000,서울특별시교육청,7091300,서울특별시강남서초교육지원청,2025-01-05,2025-02-04,3272,2026-03-20
Z000100404,서울방일초통학구역,0,11,650,7010000,서울특별시교육청,7091300,서울특별시강남서초교육지원청,2016-08-12,2025-02-04,582,2026-03-20
Z000151406,"화성청계초여울초공동통학구역[화성청계초:2025학년도 1학년 신입생, 2~4학년 재학생에 대해 적용(1~4학년 전입생의 경우도 동일적용), 여울초:전학년 적용]",1,41,590,7530000,경기도교육청,7679000,경기도화성오산교육지원청,2024-01-16,2025-02-04,1566,2026-03-20
Z000102705,관인초통학구역,0,41,650,7530000,경기도교육청,7711000,경기도포천교육지원청,2016-08-12,2025-02-04,1301,2026-03-20
Z000106218,청주내곡초통학구역,0,43,113,8000000,충청북도교육청,8011000,충청북도청주교육지원청,2016-08-12,2025-02-24,5741,2026-03-20
Z000103393,모충초통학구역,0,43,112,8000000,충청북도교육청,8011000,충청북도청주교육지원청,2016-08-12,2025-02-24,5749,2026-03-20
Z000150248,마정초문산초공동통학구역,1,41,480,7530000,경기도교육청,7681000,경기도파주교육지원청,2016-08-12,2025-02-04,1225,2026-03-20
Z000102590,검산초통학구역,0,41,480,7530000,경기도교육청,7681000,경기도파주교육지원청,2016-08-12,2025-02-04,1878,2026-03-20
Z000100532,서울석관초통학구역,0,11,290,7010000,서울특별시교육청,7121200,서울특별시성북강북교육지원청,2016-08-12,2025-02-04,4343,2026-03-20
Z000100551,서울장위초통학구역,0,11,290,7010000,서울특별시교육청,7121200,서울특별시성북강북교육지원청,2016-08-12,2025-02-04,4470,2026-03-20
Z000102867,용마초통학구역,0,41,461,7530000,경기도교육청,7751000,경기도용인교육지원청,2016-08-12,2025-02-24,593,2026-03-20
Z000151579,산청초신안초공동통학구역,1,48,860,9010000,경상남도교육청,9191000,경상남도산청교육지원청,2025-01-06,2025-03-04,5784,2026-03-20
Z000151241,산청초광역통학구역,1,48,860,9010000,경상남도교육청,9191000,경상남도산청교육지원청,2022-03-18,2025-03-04,5721,2026-03-20
Z000151502,마산고운초마산신월초공동통학구역,1,48,125,9010000,경상남도교육청,9022000,경상남도창원교육지원청,2025-03-02,2025-03-04,605,2026-03-20
Z000150595,신명초천성초공동통학구역,1,48,330,9010000,경상남도교육청,9151000,경상남도양산교육지원청,2016-08-12,2025-03-04,6410,2026-03-20
Z000103457,한솔초통학구역,0,43,112,8000000,충청북도교육청,8011000,충청북도청주교육지원청,2016-08-12,2025-02-24,3976,2026-03-20
Z000101039,대구진천초통학구역,0,27,290,7240000,대구광역시교육청,7271000,대구광역시남부교육지원청,2016-08-12,2025-03-04,256,2026-03-20
Z000151561,대구신당초대구신서초대구와룡초양방향공동통학구역,1,27,290,7240000,대구광역시교육청,7271000,대구광역시남부교육지원청,2025-03-04,2025-03-04,5154,2026-03-20
Z000150860,남산초이산초평은초문수초장수초안정초봉현초옥대초풍기북부초공동(일방)통학구역,1,47,210,8750000,경상북도교육청,8811000,경상북도영주교육지원청,2020-02-05,2025-03-04,2489,2026-03-20
Z000150857,영주서부초이산초평은초문수초장수초안정초봉현초옥대초풍기북부초공동(일방)통학구역,1,47,210,8750000,경상북도교육청,8811000,경상북도영주교육지원청,2020-02-05,2025-03-04,1973,2026-03-20
Z000150861,영주중앙초이산초평은초문수초장수초안정초봉현초옥대초풍기북부초공동(일방)통학구역,1,47,210,8750000,경상북도교육청,8811000,경상북도영주교육지원청,2020-02-05,2025-03-04,5192,2026-03-20
Z000150863,풍기초이산초평은초문수초장수초안정초봉현초옥대초풍기북부초공동(일방)통학구역,1,47,210,8750000,경상북도교육청,8811000,경상북도영주교육지원청,2020-02-05,2025-03-04,2044,2026-03-20
Z000106118,조치원신봉초통학구역,0,36,110,9300000,세종특별자치시교육청,9300000,세종특별자치시교육청,2016-08-12,2024-11-06,1302,2026-03-20
Z000150625,조치원교동초조치원신봉초공동통학구역,1,36,110,9300000,세종특별자치시교육청,9300000,세종특별자치시교육청,2016-08-12,2024-11-06,435,2026-03-20
Z000100716,연천초통학구역,0,26,470,7150000,부산광역시교육청,7191000,부산광역시동래교육지원청,2016-08-12,2025-02-04,6377,2026-03-20
Z000151479,와수초김화초도창초토성초서면초근남초공동(일방)통학구역,1,51,780,7801000,강원특별자치도교육청,7932000,강원특별자치도철원교육지원청,2024-11-18,2025-02-04,4872,2026-03-20
Z000106421,토성초통학구역,0,51,780,7801000,강원특별자치도교육청,7932000,강원특별자치도철원교육지원청,2024-11-18,2025-02-04,6219,2026-03-20
Z000105833,신명초통학구역,0,48,330,9010000,경상남도교육청,9151000,경상남도양산교육지원청,2016-08-12,2025-03-04,1995,2026-03-20
Z000101746,곡선초통학구역,0,41,113,7530000,경기도교육청,7541000,경기도수원교육지원청,2016-08-12,2025-03-04,155,2026-03-20
Z000101751,남수원초통학구역,0,41,113,7530000,경기도교육청,7541000,경기도수원교육지원청,2016-08-12,2025-03-04,1021,2026-03-20
Z000105239,가은초통학구역,0,47,280,8750000,경상북도교육청,8841000,경상북도문경교육지원청,2016-08-12,2025-03-06,4013,2026-03-20
Z000105446,평해초통학구역,0,47,930,8750000,경상북도교육청,8971000,경상북도울진교육지원청,2016-08-12,2025-03-06,3799,2026-03-20
Z000150905,울진남부초노음초공동(일방)통학구역,1,47,930,8750000,경상북도교육청,8971000,경상북도울진교육지원청,2020-02-18,2025-03-06,6438,2026-03-20
Z000150904,울진초노음초공동(일방)통학구역,1,47,930,8750000,경상북도교육청,8971000,경상북도울진교육지원청,2020-02-18,2025-03-06,2918,2026-03-20
Z000150650,영주남부초남산초이산초평은초문수초장수초안정초봉현초옥대초풍기북부초공동(일방)통학구역,1,47,210,8750000,경상북도교육청,8811000,경상북도영주교육지원청,2017-02-20,2025-03-04,182,2026-03-20
Z000102316,자란초통학구역,0,41,220,7530000,경기도교육청,7631000,경기도평택교육지원청,2016-08-12,2025-03-06,4859,2026-03-20
Z000102303,세교초통학구역,0,41,220,7530000,경기도교육청,7631000,경기도평택교육지원청,2016-08-12,2025-03-06,1559,2026-03-20
Z000106253,세아초통학구역,0,41,220,7530000,경기도교육청,7631000,경기도평택교육지원청,2019-09-09,2025-03-06,661,2026-03-20
Z000150475,금천초빛누리초공동통학구역,1,46,170,8490000,전라남도교육청,8531000,전라남도나주교육지원청,2016-08-12,2025-03-06,3912,2026-03-20
Z000102716,왕방초통학구역,0,41,650,7530000,경기도교육청,7711000,경기도포천교육지원청,2016-08-12,2025-02-04,5931,2026-03-20
Z000102750,청성초통학구역,0,41,650,7530000,경기도교육청,7711000,경기도포천교육지원청,2016-08-12,2025-02-04,3283,2026-03-20
Z000103784,배방초통학구역,0,44,200,8140000,충청남도교육청,8181000,충청남도아산교육지원청,2016-08-12,2025-02-04,5241,2026-03-20
Z000103783,모산초통학구역,0,44,200,8140000,충청남도교육청,8181000,충청남도아산교육지원청,2016-08-12,2025-02-04,1659,2026-03-20
Z000103794,아산북수초통학구역,0,44,200,8140000,충청남도교육청,8181000,충청남도아산교육지원청,2016-08-12,2025-02-04,2471,2026-03-20
Z000106426,아산월천초통학구역,0,44,200,8140000,충청남도교육청,8181000,충청남도아산교육지원청,2024-12-03,2025-02-04,6307,2026-03-20
Z000104725,율어초통학구역,0,46,780,8490000,전라남도교육청,8601000,전라남도보성교육지원청,2016-08-12,2025-02-04,4177,2026-03-20
Z000104722,복내초통학구역,0,46,780,8490000,전라남도교육청,8601000,전라남도보성교육지원청,2016-08-12,2025-02-04,7117,2026-03-20
Z000104393,장계초통학구역,0,52,740,8321000,전북특별자치도교육청,8422000,전북특별자치도장수교육지원청,2016-08-12,2025-02-04,5869,2026-03-20
Z000104387,계남초통학구역,0,52,740,8321000,전북특별자치도교육청,8422000,전북특별자치도장수교육지원청,2016-08-12,2025-02-04,1394,2026-03-20
Z000105970,구엄초통학구역,0,50,110,9290000,제주특별자치도교육청,9296000,제주특별자치도제주시교육지원청,2016-08-12,2025-02-04,4971,2026-03-20
Z000106012,장전초통학구역,0,50,110,9290000,제주특별자치도교육청,9296000,제주특별자치도제주시교육지원청,2016-08-12,2025-02-04,2429,2026-03-20
Z000105986,물메초통학구역,0,50,110,9290000,제주특별자치도교육청,9296000,제주특별자치도제주시교육지원청,2016-08-12,2025-02-04,4098,2026-03-20
Z000106320,새봄초통학구역,0,41,590,7530000,경기도교육청,7679000,경기도화성오산교육지원청,2021-02-23,2025-02-04,1034,2026-03-20
Z000102512,병점초통학구역,0,41,590,7530000,경기도교육청,7679000,경기도화성오산교육지원청,2016-08-12,2025-02-04,61,2026-03-20
Z000150997,초곡초죽천초곡강초신광초송라초월포초청하초흥해서부초공동(일방)통학구역,1,47,113,8750000,경상북도교육청,8761000,경상북도포항교육지원청,2020-11-17,2025-03-06,1753,2026-03-20
Z000150825,포항원동초문충초장기초양포초남성초공동(일방)통학구역,1,47,111,8750000,경상북도교육청,8761000,경상북도포항교육지원청,2020-01-30,2025-03-06,3793,2026-03-20
Z000150826,문덕초문충초장기초양포초남성초공동(일방)통학구역,1,47,111,8750000,경상북도교육청,8761000,경상북도포항교육지원청,2020-01-30,2025-03-06,3798,2026-03-20
Z000102720,유암초통학구역,0,41,650,7530000,경기도교육청,7711000,경기도포천교육지원청,2016-08-12,2025-02-04,3018,2026-03-20
Z000151574,성화초수곡초공동통학구역,1,43,112,8000000,충청북도교육청,8011000,충청북도청주교육지원청,2025-03-06,2025-02-24,3972,2026-03-20
Z000106402,남일초통학구역,0,43,111,8000000,충청북도교육청,8011000,충청북도청주교육지원청,2024-03-18,2025-02-24,2715,2026-03-20
Z000151576,강서초서촌초공동(일방)통학구역,1,43,113,8000000,충청북도교육청,8011000,충청북도청주교육지원청,2025-03-03,2025-02-24,5180,2026-03-20
Z000106444,율량초통학구역,0,43,114,8000000,충청북도교육청,8011000,충청북도청주교육지원청,2025-03-06,2025-02-24,6640,2026-03-20
Z000151474,목포서부초목포서산초삼호서초공동통학구역,1,46,110,8490000,전라남도교육청,8501000,전라남도목포교육지원청,2024-10-14,2025-02-04,5855,2026-03-20
Z000106445,목포애향초통학구역,0,46,110,8490000,전라남도교육청,8501000,전라남도목포교육지원청,2024-10-14,2025-02-04,4218,2026-03-20
Z000102611,삼성초통학구역,0,41,480,7530000,경기도교육청,7681000,경기도파주교육지원청,2016-08-12,2025-02-04,3660,2026-03-20
Z000103036,단관초통학구역,0,51,130,7801000,강원특별자치도교육청,7822000,강원특별자치도원주교육지원청,2016-08-12,2024-11-26,2269,2026-03-20
Z000103048,버들초통학구역,0,51,130,7801000,강원특별자치도교육청,7822000,강원특별자치도원주교육지원청,2016-08-12,2024-11-26,403,2026-03-20
Z000103028,관설초통학구역,0,51,130,7801000,강원특별자치도교육청,7822000,강원특별자치도원주교육지원청,2016-08-12,2024-11-26,183,2026-03-20
Z000103055,서원주초통학구역,0,51,130,7801000,강원특별자치도교육청,7822000,강원특별자치도원주교육지원청,2016-08-12,2024-11-26,4912,2026-03-20
Z000150436,서동초서산동문초서산초공동통학구역,1,44,210,8140000,충청남도교육청,8191000,충청남도서산교육지원청,2016-08-12,2025-02-04,625,2026-03-20
Z000150954,서산동문초오산초공동(일방)통학구역,1,44,210,8140000,충청남도교육청,8191000,충청남도서산교육지원청,2020-03-24,2025-02-04,4226,2026-03-20
Z000150956,서산초오산초공동(일방)통학구역,1,44,210,8140000,충청남도교육청,8191000,충청남도서산교육지원청,2020-03-24,2025-02-04,4224,2026-03-20
Z000151334,옥과초삼기초오산초제한적공동통학구역,1,46,720,8490000,전라남도교육청,8571000,전라남도곡성교육지원청,2023-09-04,2025-02-25,4782,2026-03-20
Z000151497,광양와우초제한적공동통학구역,1,46,230,8490000,전라남도교육청,8551000,전라남도광양교육지원청,2023-01-06,2025-02-25,7008,2026-03-20
Z000150647,영주가흥초영일초영주초이산초평은초문수초장수초안정초봉현초옥대초풍기북부초공동(일방)통학구역,1,47,210,8750000,경상북도교육청,8811000,경상북도영주교육지원청,2017-02-17,2025-03-04,4203,2026-03-20
Z000150646,영주가흥초영주남부초영주초이산초평은초문수초장수초안정초봉현초옥대초풍기북부초공동(일방)통학구역,1,47,210,8750000,경상북도교육청,8811000,경상북도영주교육지원청,2017-02-17,2025-03-04,6851,2026-03-20
Z000150862,영주가흥초영주초이산초평은초문수초장수초안정초봉현초옥대초풍기북부초공동(일방)통학구역,1,47,210,8750000,경상북도교육청,8811000,경상북도영주교육지원청,2020-02-05,2025-03-04,2419,2026-03-20
Z000150858,영주동부초이산초평은초문수초장수초안정초봉현초옥대초풍기북부초공동(일방)통학구역,1,47,210,8750000,경상북도교육청,8811000,경상북도영주교육지원청,2020-02-05,2025-03-04,4328,2026-03-20
Z000151141,원당초성당초고대초고산초석문초삼봉초초락초조금초정미초천의초면천초순성초북창초우강초송산초당산초공동(일방)통학구역,1,44,270,8140000,충청남도교육청,8291000,충청남도당진교육지원청,2021-08-03,2025-03-04,631,2026-03-20
Z000100060,서울상암초통학구역,0,11,440,7010000,서울특별시교육청,7031000,서울특별시서부교육지원청,2016-08-12,2025-03-06,6537,2026-03-20
Z000100061,서울상지초통학구역,0,11,440,7010000,서울특별시교육청,7031000,서울특별시서부교육지원청,2016-08-12,2025-03-06,3870,2026-03-20
Z000150909,영해초창수초병곡초공동(일방)통학구역,1,47,770,8750000,경상북도교육청,8901000,경상북도영덕교육지원청,2020-02-18,2025-03-06,2032,2026-03-20
Z000150892,고령초운수초덕곡초공동(일방)통학구역,1,47,830,8750000,경상북도교육청,8921000,경상북도고령교육지원청,2020-02-13,2025-03-06,294,2026-03-20
Z000102101,양주덕산초통학구역,0,41,630,7530000,경기도교육청,7602000,경기도동두천양주교육지원청,2016-08-12,2025-03-09,6195,2026-03-20
Z000102589,갈현초통학구역,0,41,480,7530000,경기도교육청,7681000,경기도파주교육지원청,2016-08-12,2025-02-04,226,2026-03-20
Z000101026,대구월서초통학구역,0,27,290,7240000,대구광역시교육청,7271000,대구광역시남부교육지원청,2016-08-12,2025-02-04,4716,2026-03-20
Z000101017,대구신월초통학구역,0,27,290,7240000,대구광역시교육청,7271000,대구광역시남부교육지원청,2016-08-12,2025-02-04,2932,2026-03-20
Z000151518,북평초창호초삼화초송정초공동(일방)통학구역,1,51,170,7801000,강원특별자치도교육청,7842000,강원특별자치도동해교육지원청,2025-01-03,2025-02-04,1012,2026-03-20
Z000101389,광주농성초통학구역,0,29,140,7380000,광주광역시교육청,7401000,광주광역시서부교육지원청,2016-08-12,2024-11-26,5646,2026-03-20
Z000100591,신촌초통학구역,0,26,380,7150000,부산광역시교육청,7171000,부산광역시서부교육지원청,2016-08-12,2025-02-04,4937,2026-03-20
Z000100608,하단초통학구역,0,26,380,7150000,부산광역시교육청,7171000,부산광역시서부교육지원청,2016-08-12,2025-02-04,486,2026-03-20
Z000151508,하단초을숙도초공동통학구역,1,26,380,7150000,부산광역시교육청,7171000,부산광역시서부교육지원청,2024-12-03,2025-02-04,4050,2026-03-20
Z000100054,서울미동초통학구역,0,11,410,7010000,서울특별시교육청,7031000,서울특별시서부교육지원청,2016-08-12,2025-02-04,2845,2026-03-20
Z000151507,서울금화초서울미동초공동통학구역,1,11,410,7010000,서울특별시교육청,7031000,서울특별시서부교육지원청,2024-12-03,2025-02-04,6967,2026-03-20
Z000106005,오라초통학구역,0,50,110,9290000,제주특별자치도교육청,9296000,제주특별자치도제주시교육지원청,2016-08-12,2025-03-04,1532,2026-03-20
Z000151551,오라초도남초공동통학구역,1,50,110,9290000,제주특별자치도교육청,9296000,제주특별자치도제주시교육지원청,2025-03-04,2025-03-04,6874,2026-03-20
Z000150575,사천초수양초공동통학구역,1,48,240,9010000,경상남도교육청,9081000,경상남도사천교육지원청,2016-08-12,2025-03-04,1380,2026-03-20
Z000105651,정동초통학구역,0,48,240,9010000,경상남도교육청,9081000,경상남도사천교육지원청,2016-08-12,2025-03-04,7087,2026-03-20
Z000102712,신북초통학구역,0,41,650,7530000,경기도교육청,7711000,경기도포천교육지원청,2016-08-12,2025-02-04,587,2026-03-20
Z000151536,포천초청성초공동통학구역,1,41,650,7530000,경기도교육청,7711000,경기도포천교육지원청,2025-01-05,2025-02-04,3898,2026-03-20
Z000102733,포천초통학구역,0,41,650,7530000,경기도교육청,7711000,경기도포천교육지원청,2016-08-12,2025-02-04,3019,2026-03-20
Z000102321,진위초산대분교장통학구역,0,41,220,7530000,경기도교육청,7631000,경기도평택교육지원청,2016-08-12,2024-11-26,2790,2026-03-20
Z000106265,충주대소원초통학구역,0,43,130,8000000,충청북도교육청,8021000,충청북도충주교육지원청,2016-08-12,2024-11-26,3467,2026-03-20
Z000102936,원곡초통학구역,0,41,550,7530000,경기도교육청,7761000,경기도안성교육지원청,2016-08-12,2024-11-26,5306,2026-03-20
Z000101779,송죽초통학구역,0,41,111,7530000,경기도교육청,7541000,경기도수원교육지원청,2016-08-12,2024-11-26,6056,2026-03-20
Z000106403,산동초통학구역,0,44,200,8140000,충청남도교육청,8181000,충청남도아산교육지원청,2024-03-15,2025-02-04,3079,2026-03-20
Z000151266,사남초서포초공동(일방)통학구역,1,48,240,9010000,경상남도교육청,9081000,경상남도사천교육지원청,2022-12-06,2025-03-04,2249,2026-03-20
Z000102129,대남초통학구역,0,41,273,7530000,경기도교육청,7611000,경기도안산교육지원청,2016-08-12,2025-03-04,2169,2026-03-20
Z000102121,경일초통학구역,0,41,271,7530000,경기도교육청,7611000,경기도안산교육지원청,2016-08-12,2025-03-04,6205,2026-03-20
Z000151552,경일초삼일초공동통학구역,1,41,271,7530000,경기도교육청,7611000,경기도안산교육지원청,2025-03-04,2025-03-04,6206,2026-03-20
Z000100319,서울한산초통학구역,0,11,740,7010000,서울특별시교육청,7130000,서울특별시강동송파교육지원청,2016-08-12,2025-03-04,5448,2026-03-20
Z000106437,서울위례초통학구역,0,11,740,7010000,서울특별시교육청,7130000,서울특별시강동송파교육지원청,2025-03-04,2025-03-04,3669,2026-03-20
Z000151556,서울둔촌초서울한산초공동통학구역,1,11,740,7010000,서울특별시교육청,7130000,서울특별시강동송파교육지원청,2025-03-04,2025-03-04,4555,2026-03-20
Z000100290,서울성일초통학구역,0,11,740,7010000,서울특별시교육청,7130000,서울특별시강동송파교육지원청,2016-08-12,2025-03-04,83,2026-03-20
Z000151555,서울둔촌초서울성일초공동통학구역,1,11,740,7010000,서울특별시교육청,7130000,서울특별시강동송파교육지원청,2025-03-04,2025-03-04,5416,2026-03-20
Z000151557,서울성일초서울위례초공동통학구역,1,11,740,7010000,서울특별시교육청,7130000,서울특별시강동송파교육지원청,2025-03-04,2025-03-04,5414,2026-03-20
Z000106438,서울둔촌초통학구역,0,11,740,7010000,서울특별시교육청,7130000,서울특별시강동송파교육지원청,2025-03-04,2025-03-04,4575,2026-03-20
Z000151553,백수초백수서초공동통학구역,1,46,870,8490000,전라남도교육청,8681000,전라남도영광교육지원청,2025-03-04,2025-03-04,4222,2026-03-20
Z000151363,김천부곡초개령초위량초조마초감천초봉계초직지초개령서부초대룡초아천초공동(일방)통학구역,1,47,150,8750000,경상북도교육청,8781000,경상북도김천교육지원청,2020-02-04,2025-03-04,6670,2026-03-20
Z000151364,김천동신초개령초개령서부초위량초아천초봉계초직지초대룡초감천초조마초공동(일방)통학구역,1,47,150,8750000,경상북도교육청,8781000,경상북도김천교육지원청,2021-12-15,2025-03-04,506,2026-03-20
Z000151365,율곡초개령초위량초조마초감천초봉계초직지초개령서부초대룡초아천초공동(일방)통학구역,1,47,150,8750000,경상북도교육청,8781000,경상북도김천교육지원청,2020-02-04,2025-03-04,2647,2026-03-20
Z000151366,농소초개령초위량초조마초감천초봉계초직지초개령서부초대룡초아천초공동(일방)통학구역,1,47,150,8750000,경상북도교육청,8781000,경상북도김천교육지원청,2020-12-01,2025-03-04,3529,2026-03-20
Z000151367,운곡초개령초위량초조마초감천초봉계초직지초개령서부초대룡초아천초공동(일방)통학구역,1,47,150,8750000,경상북도교육청,8781000,경상북도김천교육지원청,2020-02-04,2025-03-04,5124,2026-03-20
Z000103938,송석초통학구역,0,44,770,8140000,충청남도교육청,8241000,충청남도서천교육지원청,2016-08-12,2025-03-04,5703,2026-03-20
Z000103939,시초초통학구역,0,44,770,8140000,충청남도교육청,8241000,충청남도서천교육지원청,2016-08-12,2025-03-04,2179,2026-03-20
Z000151238,서천초공동(일방)통학구역,1,44,770,8140000,충청남도교육청,8241000,충청남도서천교육지원청,2022-03-15,2025-03-04,3777,2026-03-20
Z000151499,장성중앙초제한적공동통학구역,1,46,880,8490000,전라남도교육청,8691000,전라남도장성교육지원청,2016-08-12,2025-03-04,4186,2026-03-20
Z000151142,대덕초성당초고대초고산초석문초삼봉초초락초조금초정미초천의초면천초순성초북창초우강초송산초당산초공동(일방)통학구역,1,44,270,8140000,충청남도교육청,8291000,충청남도당진교육지원청,2021-08-03,2025-03-04,5912,2026-03-20
Z000151137,당진초성당초고대초고산초석문초삼봉초초락초조금초정미초천의초면천초순성초북창초우강초송산초당산초공동(일방)통학구역,1,44,270,8140000,충청남도교육청,8291000,충청남도당진교육지원청,2021-08-03,2025-03-04,2371,2026-03-20
Z000151563,수청초성당초고대초고산초석문초삼봉초초락초조금초정미초천의초면천초순성초북창초우강초송산초당산초공동(일방)통학구역,1,44,270,8140000,충청남도교육청,8291000,충청남도당진교육지원청,2025-03-05,2025-03-04,4148,2026-03-20
Z000151562,혜성초성당초고대초고산초석문초삼봉초초락초조금초정미초천의초면천초순성초북창초우강초송산초당산초공동(일방)통학구역,1,44,270,8140000,충청남도교육청,8291000,충청남도당진교육지원청,2025-03-05,2025-03-04,6806,2026-03-20
Z000104094,전주완산서초통학구역,0,52,111,8321000,전북특별자치도교육청,8332000,전북특별자치도전주교육지원청,2016-08-12,2025-03-09,1888,2026-03-20
Z000100358,서울신월초통학구역,0,11,500,7010000,서울특별시교육청,7081300,서울특별시강서양천교육지원청,2016-08-12,2025-03-04,886,2026-03-20
Z000103527,보은삼산초통학구역,0,43,720,8000000,충청북도교육청,8051000,충청북도보은교육지원청,2016-08-12,2025-03-04,7010,2026-03-20
Z000100745,덕두초통학구역,0,26,440,7150000,부산광역시교육청,7201000,부산광역시북부교육지원청,2016-08-12,2025-03-09,6717,2026-03-20
Z000150649,가락초대사초대저초공동통학구역,1,26,440,7150000,부산광역시교육청,7201000,부산광역시북부교육지원청,2017-02-13,2025-03-09,5804,2026-03-20
Z000151368,충주남한강초세성초수회초수안보초달천초매현분교장달천초단월초공동(일방)통학구역,1,43,130,8000000,충청북도교육청,8021000,충청북도충주교육지원청,2024-01-30,2025-03-04,1322,2026-03-20
Z000150819,국원초연수초공동통학구역 및 대미초엄정초산척초공동(일방)통학구역,1,43,130,8000000,충청북도교육청,8021000,충청북도충주교육지원청,2020-01-20,2025-03-04,6686,2026-03-20
Z000150396,탄금초충주삼원초공동통학구역,1,43,130,8000000,충청북도교육청,8021000,충청북도충주교육지원청,2016-08-12,2025-03-04,4017,2026-03-20
Z000106424,탄금초통학구역,0,43,130,8000000,충청북도교육청,8021000,충청북도충주교육지원청,2024-01-30,2025-03-04,1319,2026-03-20
Z000103321,유촌초통학구역,0,51,790,7801000,강원특별자치도교육청,7942000,강원특별자치도화천교육지원청,2016-08-12,2025-03-04,795,2026-03-20
Z000151501,내동초용지초공동통학구역,1,48,123,9010000,경상남도교육청,9022000,경상남도창원교육지원청,2025-03-02,2025-03-04,755,2026-03-20
Z000100464,서울신길초통학구역,0,11,560,7010000,서울특별시교육청,7132000,서울특별시동작관악교육지원청,2016-08-12,2025-04-22,5016,2026-03-20
Z000100038,서울휘봉초통학구역,0,11,230,7010000,서울특별시교육청,7021000,서울특별시동부교육지원청,2016-08-12,2025-04-02,2591,2026-03-20
Z000102084,도둔초통학구역,0,41,630,7530000,경기도교육청,7602000,경기도동두천양주교육지원청,2016-08-12,2025-03-09,759,2026-03-20
Z000100757,명호초통학구역,0,26,440,7150000,부산광역시교육청,7201000,부산광역시북부교육지원청,2016-08-12,2025-03-09,4926,2026-03-20
Z000151537,포천초유암초공동통학구역,1,41,650,7530000,경기도교육청,7711000,경기도포천교육지원청,2025-01-05,2025-02-04,2670,2026-03-20
Z000100595,옥천초통학구역,0,26,380,7150000,부산광역시교육청,7171000,부산광역시서부교육지원청,2016-08-12,2025-02-04,492,2026-03-20
Z000100582,사남초통학구역,0,26,380,7150000,부산광역시교육청,7171000,부산광역시서부교육지원청,2016-08-12,2025-02-04,2296,2026-03-20
Z000104045,우강초통학구역,0,44,270,8140000,충청남도교육청,8291000,충청남도당진교육지원청,2016-08-12,2025-02-04,896,2026-03-20
Z000151143,합덕초우강초신촌초공동(일방)통학구역,1,44,270,8140000,충청남도교육청,8291000,충청남도당진교육지원청,2021-08-03,2025-02-04,4419,2026-03-20
Z000101488,대전대흥초통학구역,0,30,140,7430000,대전광역시교육청,7441000,대전광역시동부교육지원청,2016-08-12,2025-02-04,4317,2026-03-20
Z000101484,대전대신초통학구역,0,30,140,7430000,대전광역시교육청,7441000,대전광역시동부교육지원청,2016-08-12,2025-02-04,1632,2026-03-20
Z000101546,장동초통학구역,0,30,230,7430000,대전광역시교육청,7441000,대전광역시동부교육지원청,2016-08-12,2025-02-04,1275,2026-03-20
Z000101489,대전동광초통학구역,0,30,110,7430000,대전광역시교육청,7441000,대전광역시동부교육지원청,2016-08-12,2025-02-04,2226,2026-03-20
Z000102398,남양주샛별초통학구역,0,41,360,7530000,경기도교육청,7652000,경기도구리남양주교육지원청,2016-08-12,2021-07-26,113,2026-03-20
Z000102393,남양주덕송초통학구역,0,41,360,7530000,경기도교육청,7652000,경기도구리남양주교육지원청,2016-08-12,2021-07-26,5405,2026-03-20
Z000102231,목암초통학구역,0,41,281,7530000,경기도교육청,7621000,경기도고양교육지원청,2016-08-12,2021-09-01,1428,2026-03-20
Z000150142,고양초목암초공동통학구역,1,41,281,7530000,경기도교육청,7621000,경기도고양교육지원청,2016-08-12,2021-07-20,3883,2026-03-20
Z000150690,서울금옥초서울동호초공동통학구역,1,11,200,7010000,서울특별시교육청,7134000,서울특별시성동광진교육지원청,2018-03-26,2018-03-26,5170,2026-03-20
Z000102208,고봉초통학구역,0,41,285,7530000,경기도교육청,7621000,경기도고양교육지원청,2016-08-12,2016-08-12,3049,2026-03-20
Z000101870,성남송현초통학구역,0,41,135,7530000,경기도교육청,7551000,경기도성남교육지원청,2016-08-12,2018-03-27,691,2026-03-20
Z000103931,부내초통학구역,0,44,770,8140000,충청남도교육청,8241000,충청남도서천교육지원청,2016-08-12,2016-08-12,3937,2026-03-20
Z000103913,세도초통학구역,0,44,760,8140000,충청남도교육청,8231000,충청남도부여교육지원청,2016-08-12,2018-03-27,2384,2026-03-20
Z000102699,은대초통학구역,0,41,800,7530000,경기도교육청,7701000,경기도연천교육지원청,2016-08-12,2021-06-29,1563,2026-03-20
Z000102667,번천초통학구역,0,41,610,7530000,경기도교육청,7692000,경기도광주하남교육지원청,2016-08-12,2021-06-08,3997,2026-03-20
Z000102676,쌍령초통학구역,0,41,610,7530000,경기도교육청,7692000,경기도광주하남교육지원청,2016-08-12,2021-06-08,2398,2026-03-20
Z000102677,양벌초통학구역,0,41,610,7530000,경기도교육청,7692000,경기도광주하남교육지원청,2016-08-12,2021-06-08,5065,2026-03-20
Z000103089,사천초통학구역,0,51,150,7801000,강원특별자치도교육청,7832000,강원특별자치도강릉교육지원청,2016-08-12,2016-08-12,58,2026-03-20
Z000150164,능곡초신능초공동통학구역,1,41,281,7530000,경기도교육청,7621000,경기도고양교육지원청,2016-08-12,2016-08-12,6144,2026-03-20
Z000103912,석양초통학구역,0,44,760,8140000,충청남도교육청,8231000,충청남도부여교육지원청,2016-08-12,2016-08-12,159,2026-03-20
Z000101765,명당초통학구역,0,41,113,7530000,경기도교육청,7541000,경기도수원교육지원청,2016-08-12,2016-08-12,2742,2026-03-20
Z000102805,한내초통학구역,0,41,500,7530000,경기도교육청,7741000,경기도이천교육지원청,2016-08-12,2021-06-08,5744,2026-03-20
Z000150355,신남초금병초공동통학구역,1,51,110,7801000,강원특별자치도교육청,7812000,강원특별자치도춘천교육지원청,2016-12-12,2016-12-12,4361,2026-03-20
Z000150496,해남서초제한적공동통학구역,1,46,820,8490000,전라남도교육청,8641000,전라남도해남교육지원청,2016-08-12,2017-02-13,6550,2026-03-20
Z000103809,온양풍기초통학구역,0,44,200,8140000,충청남도교육청,8181000,충청남도아산교육지원청,2016-08-12,2017-06-23,1946,2026-03-20
Z000101642,문현초통학구역,0,31,170,7480000,울산광역시교육청,7491000,울산광역시강북교육지원청,2016-08-12,2016-08-12,4696,2026-03-20
Z000101590,대전샘머리초통학구역,0,30,170,7430000,대전광역시교육청,7451000,대전광역시서부교육지원청,2016-08-12,2016-08-12,4747,2026-03-20
Z000102804,표교초통학구역,0,41,500,7530000,경기도교육청,7741000,경기도이천교육지원청,2016-08-12,2021-06-08,728,2026-03-20
Z000102806,호법초통학구역,0,41,500,7530000,경기도교육청,7741000,경기도이천교육지원청,2016-08-12,2021-06-08,4136,2026-03-20
Z000102659,도수초통학구역,0,41,610,7530000,경기도교육청,7692000,경기도광주하남교육지원청,2016-08-12,2021-06-08,4746,2026-03-20
Z000102669,분원초통학구역,0,41,610,7530000,경기도교육청,7692000,경기도광주하남교육지원청,2016-08-12,2021-06-08,6502,2026-03-20
Z000102653,광지원초통학구역,0,41,610,7530000,경기도교육청,7692000,경기도광주하남교육지원청,2016-08-12,2021-06-08,4176,2026-03-20
Z000102801,장호원초통학구역,0,41,500,7530000,경기도교육청,7741000,경기도이천교육지원청,2016-08-12,2021-06-08,1397,2026-03-20
Z000102655,남한산초통학구역,0,41,610,7530000,경기도교육청,7692000,경기도광주하남교육지원청,2016-08-12,2021-06-08,1212,2026-03-20
Z000100753,만덕초통학구역,0,26,320,7150000,부산광역시교육청,7201000,부산광역시북부교육지원청,2016-08-12,2020-10-19,503,2026-03-20
Z000101221,인천장도초통학구역,0,28,200,7310000,인천광역시교육청,7341000,인천광역시동부교육지원청,2016-08-12,2016-08-12,6431,2026-03-20
Z000103285,벽탄초통학구역,0,51,770,7801000,강원특별자치도교육청,7922000,강원특별자치도정선교육지원청,2016-08-12,2016-08-12,1503,2026-03-20
Z000102395,남양주동곡초통학구역,0,41,360,7530000,경기도교육청,7652000,경기도구리남양주교육지원청,2016-08-12,2016-08-12,2151,2026-03-20
Z000103068,태봉초통학구역,0,51,130,7801000,강원특별자치도교육청,7822000,강원특별자치도원주교육지원청,2016-08-12,2016-08-12,1324,2026-03-20
Z000102150,선일초통학구역,0,41,273,7530000,경기도교육청,7611000,경기도안산교육지원청,2016-08-12,2021-07-06,2238,2026-03-20
Z000150170,덕이초한산초공동통학구역,1,41,287,7530000,경기도교육청,7621000,경기도고양교육지원청,2016-08-12,2021-07-20,2780,2026-03-20
Z000102275,한뫼초통학구역,0,41,287,7530000,경기도교육청,7621000,경기도고양교육지원청,2016-08-12,2021-07-20,1223,2026-03-20
Z000102230,모당초통학구역,0,41,285,7530000,경기도교육청,7621000,경기도고양교육지원청,2016-08-12,2021-07-20,4815,2026-03-20
Z000102274,하늘초통학구역,0,41,285,7530000,경기도교육청,7621000,경기도고양교육지원청,2016-08-12,2021-07-20,2190,2026-03-20
Z000101521,대전원평초통학구역,0,30,140,7430000,대전광역시교육청,7441000,대전광역시동부교육지원청,2016-08-12,2016-08-12,2983,2026-03-20
Z000101499,대전문창초통학구역,0,30,140,7430000,대전광역시교육청,7441000,대전광역시동부교육지원청,2016-08-12,2016-08-12,4132,2026-03-20
Z000105163,해평초통학구역,0,47,190,8750000,경상북도교육청,8801000,경상북도구미교육지원청,2016-08-12,2016-08-12,4562,2026-03-20
Z000105319,이전초통학구역,0,47,750,8750000,경상북도교육청,8881000,경상북도청송교육지원청,2016-08-12,2016-08-12,4032,2026-03-20
Z000105231,청리초통학구역,0,47,250,8750000,경상북도교육청,8831000,경상북도상주교육지원청,2016-08-12,2016-08-12,858,2026-03-20
Z000105020,내남초통학구역,0,47,130,8750000,경상북도교육청,8771000,경상북도경주교육지원청,2016-08-12,2016-08-12,5794,2026-03-20
Z000103921,임천초통학구역,0,44,760,8140000,충청남도교육청,8231000,충청남도부여교육지원청,2016-08-12,2016-08-12,6468,2026-03-20
Z000103258,주천초통학구역,0,51,750,7801000,강원특별자치도교육청,7902000,강원특별자치도영월교육지원청,2016-08-12,2016-08-12,1155,2026-03-20
Z000101579,대전배울초통학구역,0,30,200,7430000,대전광역시교육청,7451000,대전광역시서부교육지원청,2016-08-12,2016-08-12,2978,2026-03-20
Z000151101,덕계초회야초공동통학구역,1,48,330,9010000,경상남도교육청,9151000,경상남도양산교육지원청,2021-02-01,2021-02-23,2879,2026-03-20
Z000101514,대전신평초통학구역,0,30,140,7430000,대전광역시교육청,7441000,대전광역시동부교육지원청,2016-08-12,2016-08-12,5626,2026-03-20
Z000101618,외삼초통학구역,0,30,200,7430000,대전광역시교육청,7451000,대전광역시서부교육지원청,2016-08-12,2016-08-12,2860,2026-03-20
Z000150093,대전동화초대전용산초공동통학구역,1,30,200,7430000,대전광역시교육청,7451000,대전광역시서부교육지원청,2016-08-12,2016-08-12,5623,2026-03-20
Z000100376,서울은정초통학구역,0,11,470,7010000,서울특별시교육청,7081300,서울특별시강서양천교육지원청,2016-08-12,2018-07-12,5879,2026-03-20
Z000101755,당수초통학구역,0,41,113,7530000,경기도교육청,7541000,경기도수원교육지원청,2016-08-12,2021-07-06,1623,2026-03-20
Z000101873,성남신흥초통학구역,0,41,131,7530000,경기도교육청,7551000,경기도성남교육지원청,2016-08-12,2021-07-20,981,2026-03-20
Z000105386,매원초통학구역,0,47,850,8750000,경상북도교육청,8941000,경상북도칠곡교육지원청,2016-08-12,2016-08-12,695,2026-03-20
Z000101106,인천신흥초통학구역,0,28,110,7310000,인천광역시교육청,7321000,인천광역시남부교육지원청,2016-08-12,2016-08-12,3038,2026-03-20
Z000101874,성남양지초통학구역,0,41,131,7530000,경기도교육청,7551000,경기도성남교육지원청,2016-08-12,2016-08-12,648,2026-03-20
Z000102502,마도초통학구역,0,41,590,7530000,경기도교육청,7679000,경기도화성오산교육지원청,2016-08-12,2016-08-12,3054,2026-03-20
Z000105212,모동초통학구역,0,47,250,8750000,경상북도교육청,8831000,경상북도상주교육지원청,2016-08-12,2016-08-12,4865,2026-03-20
Z000102562,청원초통학구역,0,41,590,7530000,경기도교육청,7679000,경기도화성오산교육지원청,2016-08-12,2016-08-12,2188,2026-03-20
Z000105263,계당초통학구역,0,47,290,8750000,경상북도교육청,8851000,경상북도경산교육지원청,2016-08-12,2016-08-12,1134,2026-03-20
Z000102245,성석초통학구역,0,41,285,7530000,경기도교육청,7621000,경기도고양교육지원청,2016-08-12,2021-07-20,2621,2026-03-20
Z000102286,흥도초통학구역,0,41,281,7530000,경기도교육청,7621000,경기도고양교육지원청,2016-08-12,2021-07-20,6773,2026-03-20
Z000100690,동상초통학구역,0,26,410,7150000,부산광역시교육청,7191000,부산광역시동래교육지원청,2016-08-12,2020-08-26,6378,2026-03-20
Z000105132,금오초통학구역,0,47,190,8750000,경상북도교육청,8801000,경상북도구미교육지원청,2016-08-12,2021-02-23,4730,2026-03-20
Z000101995,동산초통학구역,0,41,196,7530000,경기도교육청,7581000,경기도부천교육지원청,2016-08-12,2024-03-29,4821,2026-03-20
Z000105237,화북초입석분교장통학구역,0,47,250,8750000,경상북도교육청,8831000,경상북도상주교육지원청,2016-08-12,2016-08-12,1320,2026-03-20
Z000101182,인천도림초통학구역,0,28,200,7310000,인천광역시교육청,7341000,인천광역시동부교육지원청,2016-08-12,2016-08-12,3779,2026-03-20
Z000106076,토산초통학구역,0,50,130,9290000,제주특별자치도교육청,9299000,제주특별자치도서귀포시교육지원청,2016-08-12,2016-08-12,3046,2026-03-20
Z000101978,연현초통학구역,0,41,171,7530000,경기도교육청,7569000,경기도안양과천교육지원청,2016-08-12,2016-08-12,329,2026-03-20
Z000102354,궁내초통학구역,0,41,410,7530000,경기도교육청,7642000,경기도군포의왕교육지원청,2016-08-12,2016-08-12,5014,2026-03-20
Z000102051,가림초통학구역,0,41,210,7530000,경기도교육청,7591000,경기도광명교육지원청,2016-08-12,2016-08-12,3868,2026-03-20
Z000104737,이양초통학구역,0,46,790,8490000,전라남도교육청,8611000,전라남도화순교육지원청,2016-08-12,2016-08-12,5994,2026-03-20
Z000151098,내곡초광역통학구역,1,48,310,9010000,경상남도교육청,9111000,경상남도거제교육지원청,2021-01-29,2025-03-09,1681,2026-03-20
Z000150579,내곡초아주초공동통학구역,1,48,310,9010000,경상남도교육청,9111000,경상남도거제교육지원청,2016-08-12,2025-03-09,495,2026-03-20
Z000102500,동학초통학구역,0,41,590,7530000,경기도교육청,7679000,경기도화성오산교육지원청,2016-08-12,2025-03-19,762,2026-03-20
Z000102553,율목초통학구역,0,41,590,7530000,경기도교육청,7679000,경기도화성오산교육지원청,2016-08-12,2025-03-19,7038,2026-03-20
Z000102582,화성장안초통학구역,0,41,590,7530000,경기도교육청,7679000,경기도화성오산교육지원청,2016-08-12,2025-03-19,1182,2026-03-20
Z000102548,우정초통학구역,0,41,590,7530000,경기도교육청,7679000,경기도화성오산교육지원청,2016-08-12,2025-03-19,2399,2026-03-20
Z000102521,석천초통학구역,0,41,590,7530000,경기도교육청,7679000,경기도화성오산교육지원청,2016-08-12,2025-03-19,2240,2026-03-20
Z000103903,궁남초통학구역,0,44,760,8140000,충청남도교육청,8231000,충청남도부여교육지원청,2016-08-12,2016-08-12,2599,2026-03-20
Z000102269,중산초통학구역,0,41,285,7530000,경기도교육청,7621000,경기도고양교육지원청,2016-08-12,2016-08-12,1238,2026-03-20
Z000102445,토평초통학구역,0,41,310,7530000,경기도교육청,7652000,경기도구리남양주교육지원청,2016-08-12,2021-07-26,6894,2026-03-20
Z000101715,신복초통학구역,0,31,140,7480000,울산광역시교육청,7501000,울산광역시강남교육지원청,2016-08-12,2018-07-12,1335,2026-03-20
Z000101740,청량초통학구역,0,31,710,7480000,울산광역시교육청,7501000,울산광역시강남교육지원청,2016-08-12,2018-07-12,2910,2026-03-20
Z000100194,서울신창초통학구역,0,11,320,7010000,서울특별시교육청,7051000,서울특별시북부교육지원청,2016-08-12,2020-09-07,3627,2026-03-20
Z000106184,전주화정초통학구역,0,52,113,8321000,전북특별자치도교육청,8332000,전북특별자치도전주교육지원청,2016-08-12,2024-02-23,3644,2026-03-20
Z000150051,동양초동원초공동통학구역,1,26,230,7150000,부산광역시교육청,7181000,부산광역시남부교육지원청,2016-08-12,2020-09-07,6729,2026-03-20
Z000106278,강릉유천초통학구역,0,51,150,7801000,강원특별자치도교육청,7832000,강원특별자치도강릉교육지원청,2020-02-25,2021-01-06,1842,2026-03-20
Z000101508,대전새여울초통학구역,0,30,230,7430000,대전광역시교육청,7441000,대전광역시동부교육지원청,2016-08-12,2016-08-12,3417,2026-03-20
Z000102761,양동초고송분교장통학구역,0,41,830,7530000,경기도교육청,7731000,경기도양평교육지원청,2016-08-12,2016-08-12,1688,2026-03-20
Z000105080,위량초통학구역,0,47,150,8750000,경상북도교육청,8781000,경상북도김천교육지원청,2016-08-12,2016-08-12,2655,2026-03-20
Z000105093,녹전초원천분교장통학구역,0,47,170,8750000,경상북도교육청,8791000,경상북도안동교육지원청,2016-08-12,2017-04-03,4530,2026-03-20
Z000105111,온혜초통학구역,0,47,170,8750000,경상북도교육청,8791000,경상북도안동교육지원청,2016-08-12,2016-08-12,4925,2026-03-20
Z000103096,영동초통학구역,0,51,150,7801000,강원특별자치도교육청,7832000,강원특별자치도강릉교육지원청,2016-08-12,2021-01-06,5392,2026-03-20
Z000103102,율곡초통학구역,0,51,150,7801000,강원특별자치도교육청,7832000,강원특별자치도강릉교육지원청,2016-08-12,2021-01-06,4537,2026-03-20
Z000151360,금릉초개령초위량초조마초감천초봉계초직지초개령서부초대룡초아천초공동(일방)통학구역,1,47,150,8750000,경상북도교육청,8781000,경상북도김천교육지원청,2023-11-28,2025-03-04,6672,2026-03-20
Z000151312,오송초상봉초공동통학구역,1,43,113,8000000,충청북도교육청,8011000,충청북도청주교육지원청,2023-02-09,2025-04-01,904,2026-03-20
Z000151575,오송솔미초상봉초공동통학구역,1,43,113,8000000,충청북도교육청,8011000,충청북도청주교육지원청,2025-03-06,2025-08-28,6663,2026-03-20
Z000103430,옥산초통학구역,0,43,113,8000000,충청북도교육청,8011000,충청북도청주교육지원청,2016-08-12,2025-04-01,2985,2026-03-20
Z000106428,대구군위초통학구역,0,27,720,7240000,대구광역시교육청,8862000,대구광역시군위교육지원청,2024-12-06,2025-04-01,2568,2026-03-20
Z000151533,대구의흥초대구군위초일방향공동통학구역,1,27,720,7240000,대구광역시교육청,8862000,대구광역시군위교육지원청,2024-12-06,2025-04-01,5590,2026-03-20
Z000103196,매산초통학구역,0,51,720,7801000,강원특별자치도교육청,7882000,강원특별자치도홍천교육지원청,2016-08-12,2016-08-12,3470,2026-03-20
Z000103202,서석초통학구역,0,51,720,7801000,강원특별자치도교육청,7882000,강원특별자치도홍천교육지원청,2016-08-12,2016-08-12,2650,2026-03-20
Z000150631,공주봉황초이인초공동통학구역,1,44,150,8140000,충청남도교육청,8161000,충청남도공주교육지원청,2016-08-12,2017-02-06,2748,2026-03-20
Z000103735,탄천초통학구역,0,44,150,8140000,충청남도교육청,8161000,충청남도공주교육지원청,2016-08-12,2016-08-12,1703,2026-03-20
Z000102643,한빛초통학구역,0,41,480,7530000,경기도교육청,7681000,경기도파주교육지원청,2016-08-12,2016-08-12,1874,2026-03-20
Z000102209,고양관산초통학구역,0,41,281,7530000,경기도교육청,7621000,경기도고양교육지원청,2016-08-12,2016-08-12,6768,2026-03-20
Z000100343,서울발산초통학구역,0,11,500,7010000,서울특별시교육청,7081300,서울특별시강서양천교육지원청,2016-08-12,2018-06-27,2626,2026-03-20
Z000100350,서울수명초통학구역,0,11,500,7010000,서울특별시교육청,7081300,서울특별시강서양천교육지원청,2016-08-12,2018-07-24,832,2026-03-20
Z000101834,효원초통학구역,0,41,117,7530000,경기도교육청,7541000,경기도수원교육지원청,2016-08-12,2018-04-23,1847,2026-03-20
Z000150700,지산초구미문성초공동통학구역,1,47,190,8750000,경상북도교육청,8801000,경상북도구미교육지원청,2018-05-02,2018-05-02,6485,2026-03-20
Z000102362,도장초통학구역,0,41,410,7530000,경기도교육청,7642000,경기도군포의왕교육지원청,2016-08-12,2016-08-12,1727,2026-03-20
Z000105301,금성초통학구역,0,47,730,8750000,경상북도교육청,8871000,경상북도의성교육지원청,2016-08-12,2016-08-12,2725,2026-03-20
Z000105322,파천초통학구역,0,47,750,8750000,경상북도교육청,8881000,경상북도청송교육지원청,2016-08-12,2016-08-12,5832,2026-03-20
Z000105344,금천초통학구역,0,47,820,8750000,경상북도교육청,8911000,경상북도청도교육지원청,2016-08-12,2018-03-06,2313,2026-03-20
Z000105347,동산초통학구역,0,47,820,8750000,경상북도교육청,8911000,경상북도청도교육지원청,2016-08-12,2016-08-12,1138,2026-03-20
Z000102690,궁평초통학구역,0,41,800,7530000,경기도교육청,7701000,경기도연천교육지원청,2016-08-12,2016-08-12,117,2026-03-20
Z000102135,도일초통학구역,0,41,390,7530000,경기도교육청,7781000,경기도시흥교육지원청,2016-08-12,2017-02-14,1243,2026-03-20
Z000151361,김천동부초개령초위량초조마초감천초봉계초직지초개령서부초대룡초아천초공동(일방)통학구역,1,47,150,8750000,경상북도교육청,8781000,경상북도김천교육지원청,2020-02-04,2025-03-04,1759,2026-03-20
Z000151362,김천신일초개령초위량초조마초감천초봉계초직지초개령서부초대룡초아천초공동(일방)통학구역,1,47,150,8750000,경상북도교육청,8781000,경상북도김천교육지원청,2016-08-12,2025-03-04,5289,2026-03-20
Z000102099,송추초통학구역,0,41,630,7530000,경기도교육청,7602000,경기도동두천양주교육지원청,2016-08-12,2016-08-12,1927,2026-03-20
Z000102535,안화초통학구역,0,41,590,7530000,경기도교육청,7679000,경기도화성오산교육지원청,2016-08-12,2016-08-12,5324,2026-03-20
Z000101163,인천영선초통학구역,0,28,237,7310000,인천광역시교육청,7331000,인천광역시북부교육지원청,2016-08-12,2016-08-12,2015,2026-03-20
Z000102205,가람초통학구역,0,41,281,7530000,경기도교육청,7621000,경기도고양교육지원청,2016-08-12,2021-07-20,4,2026-03-20
Z000150701,원호초구미문성초공동통학구역,1,47,190,8750000,경상북도교육청,8801000,경상북도구미교육지원청,2018-05-02,2018-05-02,2959,2026-03-20
Z000103163,현북초통학구역,0,51,830,7801000,강원특별자치도교육청,7863000,강원특별자치도속초양양교육지원청,2016-08-12,2016-08-12,6989,2026-03-20
Z000150942,아영초인월초공동통학구역,1,52,190,8321000,전북특별자치도교육청,8372000,전북특별자치도남원교육지원청,2020-02-28,2024-02-23,3208,2026-03-20
Z000102409,도농초통학구역,0,41,360,7530000,경기도교육청,7652000,경기도구리남양주교육지원청,2016-08-12,2021-07-26,2002,2026-03-20
Z000150214,기안초와우초공동통학구역,1,41,590,7530000,경기도교육청,7679000,경기도화성오산교육지원청,2016-08-12,2020-12-10,1058,2026-03-20
Z000150212,광성초양산초병점초공동통학구역,1,41,370,7530000,경기도교육청,7679000,경기도화성오산교육지원청,2016-08-12,2020-12-10,1035,2026-03-20
Z000151019,광성초양산초공동통학구역,1,41,370,7530000,경기도교육청,7679000,경기도화성오산교육지원청,2020-12-10,2020-12-10,2833,2026-03-20
Z000103076,강릉초통학구역,0,51,150,7801000,강원특별자치도교육청,7832000,강원특별자치도강릉교육지원청,2016-08-12,2021-01-06,5394,2026-03-20
Z000100005,서울망우초통학구역,0,11,260,7010000,서울특별시교육청,7021000,서울특별시동부교육지원청,2016-08-12,2016-08-12,1595,2026-03-20
Z000101541,서대전초통학구역,0,30,140,7430000,대전광역시교육청,7441000,대전광역시동부교육지원청,2016-08-12,2025-02-04,5175,2026-03-20
Z000151131,고양오금초삼송초공동통학구역,1,41,281,7530000,경기도교육청,7621000,경기도고양교육지원청,2021-07-13,2025-02-04,34,2026-03-20
Z000150354,청수초하늘빛초공동통학구역,1,41,570,7530000,경기도교육청,7771000,경기도김포교육지원청,2016-08-12,2025-02-04,3329,2026-03-20
Z000102975,청수초통학구역,0,41,570,7530000,경기도교육청,7771000,경기도김포교육지원청,2016-08-12,2025-02-04,5092,2026-03-20
Z000106439,모담초통학구역,0,41,570,7530000,경기도교육청,7771000,경기도김포교육지원청,2025-01-08,2025-02-04,639,2026-03-20
Z000151567,모담초고창초공동통학구역,1,41,570,7530000,경기도교육청,7771000,경기도김포교육지원청,2025-01-08,2025-02-04,6881,2026-03-20
Z000104069,전주만수초통학구역,0,52,113,8321000,전북특별자치도교육청,8332000,전북특별자치도전주교육지원청,2016-08-12,2025-03-04,5465,2026-03-20
Z000151369,춘천초중앙초공동통학구역,1,51,110,7801000,강원특별자치도교육청,7812000,강원특별자치도춘천교육지원청,2023-12-05,2025-03-04,2573,2026-03-20
Z000102991,광판초통학구역,0,51,720,7801000,강원특별자치도교육청,7812000,강원특별자치도춘천교육지원청,2016-08-12,2025-03-04,170,2026-03-20
Z000151549,광판초조양초공동통학구역,1,51,720,7801000,강원특별자치도교육청,7812000,강원특별자치도춘천교육지원청,2025-03-04,2025-03-04,5507,2026-03-20
Z000150189,안곡초일산초공동통학구역,1,41,287,7530000,경기도교육청,7621000,경기도고양교육지원청,2016-08-12,2021-07-20,2183,2026-03-20
Z000102254,안곡초통학구역,0,41,285,7530000,경기도교육청,7621000,경기도고양교육지원청,2016-08-12,2021-07-20,3929,2026-03-20
Z000102456,화접초통학구역,0,41,360,7530000,경기도교육청,7652000,경기도구리남양주교육지원청,2016-08-12,2021-07-26,3379,2026-03-20
Z000102418,별가람초통학구역,0,41,360,7530000,경기도교육청,7652000,경기도구리남양주교육지원청,2016-08-12,2021-07-26,4571,2026-03-20
Z000105399,지천초통학구역,0,47,850,8750000,경상북도교육청,8941000,경상북도칠곡교육지원청,2016-08-12,2016-08-12,5576,2026-03-20
Z000102651,광주매곡초통학구역,0,41,610,7530000,경기도교육청,7692000,경기도광주하남교육지원청,2016-08-12,2021-06-08,5756,2026-03-20
Z000102647,곤지암초통학구역,0,41,610,7530000,경기도교육청,7692000,경기도광주하남교육지원청,2016-08-12,2021-06-08,2091,2026-03-20
Z000102660,도척초통학구역,0,41,610,7530000,경기도교육청,7692000,경기도광주하남교육지원청,2016-08-12,2021-06-08,905,2026-03-20
Z000102075,가납초통학구역,0,41,630,7530000,경기도교육청,7602000,경기도동두천양주교육지원청,2016-08-12,2021-07-20,718,2026-03-20
Z000103406,비상초통학구역,0,43,114,8000000,충청북도교육청,8011000,충청북도청주교육지원청,2016-08-12,2019-08-20,525,2026-03-20
Z000101955,박달초통학구역,0,41,171,7530000,경기도교육청,7569000,경기도안양과천교육지원청,2016-08-12,2016-08-12,6123,2026-03-20
Z000100209,서울중계초통학구역,0,11,350,7010000,서울특별시교육청,7051000,서울특별시북부교육지원청,2016-08-12,2016-08-12,1906,2026-03-20
Z000150648,초평초구정초공동통학구역,1,43,750,8000000,충청북도교육청,8081000,충청북도진천교육지원청,2017-02-10,2017-03-30,2711,2026-03-20
Z000100073,서울신사초통학구역,0,11,380,7010000,서울특별시교육청,7031000,서울특별시서부교육지원청,2016-08-12,2016-08-12,3486,2026-03-20
Z000102278,행남초통학구역,0,41,281,7530000,경기도교육청,7621000,경기도고양교육지원청,2016-08-12,2021-07-20,1801,2026-03-20
Z000102242,서정초통학구역,0,41,281,7530000,경기도교육청,7621000,경기도고양교육지원청,2016-08-12,2021-07-20,4491,2026-03-20
Z000106417,해창초통학구역,0,41,220,7530000,경기도교육청,7631000,경기도평택교육지원청,2024-08-28,2025-04-01,1029,2026-03-20
Z000106450,고덕함박초통학구역,0,41,220,7530000,경기도교육청,7631000,경기도평택교육지원청,2025-03-11,2025-04-01,6252,2026-03-20
Z000102952,김포신풍초통학구역,0,41,570,7530000,경기도교육청,7771000,경기도김포교육지원청,2016-08-12,2025-02-04,6428,2026-03-20
Z000102970,운양초통학구역,0,41,570,7530000,경기도교육청,7771000,경기도김포교육지원청,2016-08-12,2025-02-04,4838,2026-03-20
Z000102979,하늘빛초통학구역,0,41,570,7530000,경기도교육청,7771000,경기도김포교육지원청,2016-08-12,2025-02-04,3935,2026-03-20
Z000151566,모담초하늘빛초공동통학구역,1,41,570,7530000,경기도교육청,7771000,경기도김포교육지원청,2025-01-08,2025-02-04,5093,2026-03-20
Z000150781,고창초청수초공동통학구역,1,41,570,7530000,경기도교육청,7771000,경기도김포교육지원청,2019-12-03,2025-02-04,3328,2026-03-20
Z000151568,사우초김포신풍초공동통학구역,1,41,570,7530000,경기도교육청,7771000,경기도김포교육지원청,2025-01-08,2025-02-04,1096,2026-03-20
Z000102471,송삼초통학구역,0,41,670,7530000,경기도교육청,7661000,경기도여주교육지원청,2016-08-12,2021-06-08,4986,2026-03-20
Z000101588,대전상지초통학구역,0,30,200,7430000,대전광역시교육청,7451000,대전광역시서부교육지원청,2016-08-12,2016-08-12,3751,2026-03-20
Z000106066,신례초통학구역,0,50,130,9290000,제주특별자치도교육청,9299000,제주특별자치도서귀포시교육지원청,2016-08-12,2016-08-12,1016,2026-03-20
Z000101180,인천능허대초통학구역,0,28,185,7310000,인천광역시교육청,7341000,인천광역시동부교육지원청,2016-08-12,2016-08-12,4141,2026-03-20
Z000102892,청곡초통학구역,0,41,463,7530000,경기도교육청,7751000,경기도용인교육지원청,2016-08-12,2021-06-22,5118,2026-03-20
Z000150319,보라초상갈초공동통학구역,1,41,463,7530000,경기도교육청,7751000,경기도용인교육지원청,2016-08-12,2021-06-22,5716,2026-03-20
Z000102839,상갈초통학구역,0,41,463,7530000,경기도교육청,7751000,경기도용인교육지원청,2016-08-12,2021-06-22,6022,2026-03-20
Z000101607,대전자운초통학구역,0,30,200,7430000,대전광역시교육청,7451000,대전광역시서부교육지원청,2016-08-12,2016-08-12,1808,2026-03-20
Z000150195,현산초호곡초황룡초공동통학구역,1,41,287,7530000,경기도교육청,7621000,경기도고양교육지원청,2016-08-12,2021-07-20,5688,2026-03-20
Z000102887,좌항초통학구역,0,41,461,7530000,경기도교육청,7751000,경기도용인교육지원청,2016-08-12,2021-06-22,1071,2026-03-20
Z000102882,원삼초통학구역,0,41,461,7530000,경기도교육청,7751000,경기도용인교육지원청,2021-06-14,2021-06-22,185,2026-03-20
Z000102190,이호초통학구역,0,41,271,7530000,경기도교육청,7611000,경기도안산교육지원청,2016-08-12,2021-07-06,1411,2026-03-20
Z000102272,풍동초통학구역,0,41,285,7530000,경기도교육청,7621000,경기도고양교육지원청,2016-08-12,2016-08-12,6643,2026-03-20
Z000102071,하안남초통학구역,0,41,210,7530000,경기도교육청,7591000,경기도광명교육지원청,2016-08-12,2016-08-12,6527,2026-03-20
Z000102149,선부초통학구역,0,41,273,7530000,경기도교육청,7611000,경기도안산교육지원청,2016-08-12,2021-07-06,2403,2026-03-20
Z000102204,화랑초통학구역,0,41,273,7530000,경기도교육청,7611000,경기도안산교육지원청,2016-08-12,2021-07-06,2617,2026-03-20
Z000106384,율포초통학구역,0,41,220,7530000,경기도교육청,7631000,경기도평택교육지원청,2023-09-12,2025-04-01,763,2026-03-20
Z000102343,효덕초통학구역,0,41,220,7530000,경기도교육청,7631000,경기도평택교육지원청,2016-08-12,2025-04-01,4478,2026-03-20
Z000106349,고덕초통학구역,0,41,220,7530000,경기도교육청,7631000,경기도평택교육지원청,2022-02-17,2025-04-01,1036,2026-03-20
Z000100152,서울영신초통학구역,0,11,560,7010000,서울특별시교육청,7041000,서울특별시남부교육지원청,2016-08-12,2025-04-22,5252,2026-03-20
Z000106062,성산초통학구역,0,50,130,9290000,제주특별자치도교육청,9299000,제주특별자치도서귀포시교육지원청,2016-08-12,2016-08-12,5597,2026-03-20
Z000106067,신산초통학구역,0,50,130,9290000,제주특별자치도교육청,9299000,제주특별자치도서귀포시교육지원청,2016-08-12,2016-08-12,1185,2026-03-20
Z000106079,풍천초통학구역,0,50,130,9290000,제주특별자치도교육청,9299000,제주특별자치도서귀포시교육지원청,2016-08-12,2016-08-12,5355,2026-03-20
Z000102585,화성화수초통학구역,0,41,590,7530000,경기도교육청,7679000,경기도화성오산교육지원청,2016-08-12,2016-08-12,2622,2026-03-20
Z000102580,화성월문초통학구역,0,41,590,7530000,경기도교육청,7679000,경기도화성오산교육지원청,2016-08-12,2026-04-04,5644,2026-03-20
Z000104976,월포초통학구역,0,47,113,8750000,경상북도교육청,8761000,경상북도포항교육지원청,2016-08-12,2016-08-12,4692,2026-03-20
Z000100801,달산초통학구역,0,26,710,7150000,부산광역시교육청,7211000,부산광역시해운대교육지원청,2016-08-12,2018-02-07,4918,2026-03-20
Z000105028,사방초통학구역,0,47,130,8750000,경상북도교육청,8771000,경상북도경주교육지원청,2016-08-12,2016-08-12,5791,2026-03-20
Z000105082,조마초통학구역,0,47,150,8750000,경상북도교육청,8781000,경상북도김천교육지원청,2016-08-12,2016-08-12,856,2026-03-20
Z000150803,원당초성사초공동통학구역,1,41,281,7530000,경기도교육청,7621000,경기도고양교육지원청,2020-03-09,2021-07-20,4998,2026-03-20
Z000102253,아람초통학구역,0,41,281,7530000,경기도교육청,7621000,경기도고양교육지원청,2016-08-12,2021-07-20,2698,2026-03-20
Z000102176,안산진흥초통학구역,0,41,273,7530000,경기도교육청,7611000,경기도안산교육지원청,2016-08-12,2021-07-06,6141,2026-03-20
Z000102155,슬기초통학구역,0,41,273,7530000,경기도교육청,7611000,경기도안산교육지원청,2016-08-12,2021-07-06,829,2026-03-20
Z000105269,대동초통학구역,0,47,290,8750000,경상북도교육청,8851000,경상북도경산교육지원청,2016-08-12,2016-08-12,5388,2026-03-20
Z000150204,가양초수동초공동통학구역,1,41,360,7530000,경기도교육청,7652000,경기도구리남양주교육지원청,2016-08-12,2016-08-12,1981,2026-03-20
Z000103211,장학초통학구역,0,51,110,7801000,강원특별자치도교육청,7812000,강원특별자치도춘천교육지원청,2016-08-12,2025-03-04,3730,2026-03-20
Z000103188,가산초통학구역,0,51,110,7801000,강원특별자치도교육청,7812000,강원특별자치도춘천교육지원청,2016-08-12,2025-03-04,4025,2026-03-20
Z000106429,저동초통학구역,0,47,940,8750000,경상북도교육청,8981000,경상북도울릉교육지원청,2020-02-18,2025-03-04,251,2026-03-20
Z000104729,회천초통학구역,0,46,780,8490000,전라남도교육청,8601000,전라남도보성교육지원청,2016-08-12,2025-03-04,2668,2026-03-20
Z000103219,화계초통학구역,0,51,720,7801000,강원특별자치도교육청,7882000,강원특별자치도홍천교육지원청,2016-08-12,2025-03-04,1696,2026-03-20
Z000106158,배곧한울초통학구역,0,41,390,7530000,경기도교육청,7781000,경기도시흥교육지원청,2018-01-29,2018-01-29,388,2026-03-20
Z000100701,서동초통학구역,0,26,410,7150000,부산광역시교육청,7191000,부산광역시동래교육지원청,2016-08-12,2016-08-12,6371,2026-03-20
Z000150522,나원초현곡초공동통학구역,1,47,130,8750000,경상북도교육청,8771000,경상북도경주교육지원청,2016-08-12,2016-08-12,6415,2026-03-20
Z000105382,다부초통학구역,0,47,850,8750000,경상북도교육청,8941000,경상북도칠곡교육지원청,2016-08-12,2016-08-12,4041,2026-03-20
Z000106284,광주푸른초통학구역,0,41,610,7530000,경기도교육청,7692000,경기도광주하남교육지원청,2020-03-31,2021-06-08,1484,2026-03-20
Z000150279,오포초능원초공동통학구역,1,41,610,7530000,경기도교육청,7692000,경기도광주하남교육지원청,2016-08-12,2021-06-08,6134,2026-03-20
Z000101364,문흥중앙초통학구역,0,29,170,7380000,광주광역시교육청,7391000,광주광역시동부교육지원청,2016-08-12,2016-08-12,7047,2026-03-20
Z000101362,문우초통학구역,0,29,170,7380000,광주광역시교육청,7391000,광주광역시동부교육지원청,2016-08-12,2016-08-12,6129,2026-03-20
Z000101876,성남은행초통학구역,0,41,133,7530000,경기도교육청,7551000,경기도성남교육지원청,2016-08-12,2016-08-12,6175,2026-03-20
Z000105318,안덕초통학구역,0,47,750,8750000,경상북도교육청,8881000,경상북도청송교육지원청,2016-08-12,2016-08-12,5217,2026-03-20
Z000102114,탑동초통학구역,0,41,250,7530000,경기도교육청,7602000,경기도동두천양주교육지원청,2016-08-12,2016-08-12,984,2026-03-20
Z000105365,대가초통학구역,0,47,840,8750000,경상북도교육청,8931000,경상북도성주교육지원청,2016-08-12,2016-08-12,3532,2026-03-20
Z000102109,이담초통학구역,0,41,250,7530000,경기도교육청,7602000,경기도동두천양주교육지원청,2016-08-12,2016-08-12,1781,2026-03-20
Z000100252,서울한남초통학구역,0,11,170,7010000,서울특별시교육청,7061000,서울특별시중부교육지원청,2016-08-12,2017-02-06,2536,2026-03-20
Z000105109,영가초통학구역,0,47,170,8750000,경상북도교육청,8791000,경상북도안동교육지원청,2016-08-12,2016-08-12,3455,2026-03-20
Z000105142,산동초통학구역,0,47,190,8750000,경상북도교육청,8801000,경상북도구미교육지원청,2016-08-12,2018-04-25,3389,2026-03-20
Z000105122,광평초통학구역,0,47,190,8750000,경상북도교육청,8801000,경상북도구미교육지원청,2016-08-12,2016-08-12,2970,2026-03-20
Z000101862,상탑초통학구역,0,41,135,7530000,경기도교육청,7551000,경기도성남교육지원청,2016-08-12,2016-08-12,3534,2026-03-20
Z000101481,대전대동초통학구역,0,30,110,7430000,대전광역시교육청,7441000,대전광역시동부교육지원청,2016-08-12,2025-02-04,1274,2026-03-20
Z000101512,대전성남초통학구역,0,30,110,7430000,대전광역시교육청,7441000,대전광역시동부교육지원청,2016-08-12,2025-02-04,6794,2026-03-20
Z000151550,가산초장학초공동통학구역,1,51,110,7801000,강원특별자치도교육청,7812000,강원특별자치도춘천교육지원청,2025-03-04,2025-03-04,1958,2026-03-20
Z000103018,조양초통학구역,0,51,110,7801000,강원특별자치도교육청,7812000,강원특별자치도춘천교육지원청,2016-08-12,2025-03-04,6110,2026-03-20
Z000105976,남광초통학구역,0,50,110,9290000,제주특별자치도교육청,9296000,제주특별자치도제주시교육지원청,2016-08-12,2025-03-04,4126,2026-03-20
Z000106000,아라초통학구역,0,50,110,9290000,제주특별자치도교육청,9296000,제주특별자치도제주시교육지원청,2016-08-12,2025-03-04,5657,2026-03-20
Z000103060,우산초통학구역,0,51,130,7801000,강원특별자치도교육청,7822000,강원특별자치도원주교육지원청,2016-08-12,2016-08-12,4023,2026-03-20
Z000105025,모아초통학구역,0,47,130,8750000,경상북도교육청,8771000,경상북도경주교육지원청,2016-08-12,2021-02-23,4037,2026-03-20
Z000102158,시랑초통학구역,0,41,271,7530000,경기도교육청,7611000,경기도안산교육지원청,2016-08-12,2021-07-06,5877,2026-03-20
Z000102193,정재초통학구역,0,41,271,7530000,경기도교육청,7611000,경기도안산교육지원청,2016-08-12,2021-07-06,5641,2026-03-20
Z000102811,교동초통학구역,0,41,463,7530000,경기도교육청,7751000,경기도용인교육지원청,2016-08-12,2021-06-22,3645,2026-03-20
Z000102830,마북초통학구역,0,41,463,7530000,경기도교육청,7751000,경기도용인교육지원청,2016-08-12,2021-06-22,3082,2026-03-20
Z000102831,마성초통학구역,0,41,463,7530000,경기도교육청,7751000,경기도용인교육지원청,2016-08-12,2021-06-22,5719,2026-03-20
Z000150316,마북초마성초공동통학구역,1,41,463,7530000,경기도교육청,7751000,경기도용인교육지원청,2016-08-12,2021-06-22,5135,2026-03-20
Z000102488,광성초통학구역,0,41,370,7530000,경기도교육청,7679000,경기도화성오산교육지원청,2016-08-12,2021-06-29,4457,2026-03-20
Z000102524,세미초통학구역,0,41,370,7530000,경기도교육청,7679000,경기도화성오산교육지원청,2016-08-12,2021-06-29,796,2026-03-20
Z000106150,동탄초통학구역,0,41,590,7530000,경기도교육청,7679000,경기도화성오산교육지원청,2017-03-23,2021-06-29,664,2026-03-20
Z000105419,봉성초통학구역,0,47,920,8750000,경상북도교육청,8961000,경상북도봉화교육지원청,2016-08-12,2016-08-12,3616,2026-03-20
Z000102693,백학초통학구역,0,41,800,7530000,경기도교육청,7701000,경기도연천교육지원청,2016-08-12,2018-05-15,565,2026-03-20
Z000102691,대광초통학구역,0,41,800,7530000,경기도교육청,7701000,경기도연천교육지원청,2016-08-12,2016-08-12,7101,2026-03-20
Z000105225,외서초통학구역,0,47,250,8750000,경상북도교육청,8831000,경상북도상주교육지원청,2016-08-12,2016-08-12,512,2026-03-20
Z000105323,화목초통학구역,0,47,750,8750000,경상북도교육청,8881000,경상북도청송교육지원청,2016-08-12,2016-08-12,1355,2026-03-20
Z000150903,내성초물야초봉성초동양초공동(일방)통학구역,1,47,920,8750000,경상북도교육청,8961000,경상북도봉화교육지원청,2020-02-17,2025-02-04,4071,2026-03-20
Z000105420,봉화초통학구역,0,47,920,8750000,경상북도교육청,8961000,경상북도봉화교육지원청,2016-08-12,2025-02-04,46,2026-03-20
Z000151523,봉화초상운초공동통학구역,1,47,920,8750000,경상북도교육청,8961000,경상북도봉화교육지원청,2024-12-06,2025-02-04,2726,2026-03-20
Z000102314,원정초통학구역,0,41,220,7530000,경기도교육청,7631000,경기도평택교육지원청,2016-08-12,2016-08-12,4994,2026-03-20
Z000103661,양당초통학구역,0,44,133,8140000,충청남도교육청,8151000,충청남도천안교육지원청,2016-08-12,2016-08-12,1892,2026-03-20
Z000102198,초지초통학구역,0,41,273,7530000,경기도교육청,7611000,경기도안산교육지원청,2016-08-12,2016-08-12,7054,2026-03-20
Z000102167,신길초통학구역,0,41,273,7530000,경기도교육청,7611000,경기도안산교육지원청,2016-08-12,2016-08-12,5689,2026-03-20
Z000104960,동해초통학구역,0,47,111,8750000,경상북도교육청,8761000,경상북도포항교육지원청,2016-08-12,2016-08-12,2926,2026-03-20
Z000105411,풍양초통학구역,0,47,900,8750000,경상북도교육청,8951000,경상북도예천교육지원청,2016-08-12,2016-08-12,1156,2026-03-20
Z000105134,덕촌초통학구역,0,47,190,8750000,경상북도교육청,8801000,경상북도구미교육지원청,2016-08-12,2016-08-12,4271,2026-03-20
Z000102566,푸른초통학구역,0,41,590,7530000,경기도교육청,7679000,경기도화성오산교육지원청,2016-08-12,2016-08-19,5336,2026-03-20
Z000102480,점동초통학구역,0,41,670,7530000,경기도교육청,7661000,경기도여주교육지원청,2016-08-12,2016-08-12,5222,2026-03-20
Z000105037,양동초통학구역,0,47,130,8750000,경상북도교육청,8771000,경상북도경주교육지원청,2016-08-12,2016-08-12,4036,2026-03-20
Z000105031,석계초통학구역,0,47,130,8750000,경상북도교육청,8771000,경상북도경주교육지원청,2016-08-12,2016-08-12,3515,2026-03-20
Z000102602,동패초통학구역,0,41,480,7530000,경기도교육청,7681000,경기도파주교육지원청,2016-08-12,2018-07-24,1582,2026-03-20
Z000106016,제주동초통학구역,0,50,110,9290000,제주특별자치도교육청,9296000,제주특별자치도제주시교육지원청,2016-08-12,2016-08-12,5890,2026-03-20
Z000101150,인천부일초통학구역,0,28,237,7310000,인천광역시교육청,7331000,인천광역시북부교육지원청,2016-08-12,2016-08-12,6927,2026-03-20
Z000104983,장성초통학구역,0,47,113,8750000,경상북도교육청,8761000,경상북도포항교육지원청,2016-08-12,2016-08-12,3788,2026-03-20
Z000150167,대화초송포초공동통학구역,1,41,287,7530000,경기도교육청,7621000,경기도고양교육지원청,2016-08-12,2021-07-20,5546,2026-03-20
Z000102138,반월초통학구역,0,41,271,7530000,경기도교육청,7611000,경기도안산교육지원청,2016-08-12,2021-07-06,5253,2026-03-20
Z000100158,서울오정초통학구역,0,11,530,7010000,서울특별시교육청,7041000,서울특별시남부교육지원청,2016-08-12,2019-04-04,838,2026-03-20
Z000150301,이천초이천송정초공동통학구역,1,41,500,7530000,경기도교육청,7741000,경기도이천교육지원청,2016-08-12,2021-06-08,4315,2026-03-20
Z000102796,이천사동초통학구역,0,41,500,7530000,경기도교육청,7741000,경기도이천교육지원청,2016-08-12,2021-06-08,4887,2026-03-20
Z000102799,이황초통학구역,0,41,500,7530000,경기도교육청,7741000,경기도이천교육지원청,2016-08-12,2021-06-08,3212,2026-03-20
Z000150149,고봉초성석초공동통학구역,1,41,285,7530000,경기도교육청,7621000,경기도고양교육지원청,2016-08-12,2021-07-20,6647,2026-03-20
Z000102285,황룡초통학구역,0,41,287,7530000,경기도교육청,7621000,경기도고양교육지원청,2016-08-12,2021-07-20,350,2026-03-20
Z000106189,갈매초통학구역,0,41,310,7530000,경기도교육청,7652000,경기도구리남양주교육지원청,2018-06-27,2021-07-20,5407,2026-03-20
Z000102423,산마루초통학구역,0,41,310,7530000,경기도교육청,7652000,경기도구리남양주교육지원청,2016-08-12,2021-07-20,6269,2026-03-20
Z000103787,송남초통학구역,0,44,200,8140000,충청남도교육청,8181000,충청남도아산교육지원청,2016-08-12,2020-09-09,5315,2026-03-20
Z000103786,송곡초통학구역,0,44,200,8140000,충청남도교육청,8181000,충청남도아산교육지원청,2016-08-12,2020-09-09,2673,2026-03-20
Z000102078,광숭초통학구역,0,41,630,7530000,경기도교육청,7602000,경기도동두천양주교육지원청,2016-08-12,2021-07-20,3370,2026-03-20
Z000150192,일산초한뫼초공동통학구역,1,41,287,7530000,경기도교육청,7621000,경기도고양교육지원청,2016-08-12,2021-07-20,6566,2026-03-20
Z000102142,본원초통학구역,0,41,271,7530000,경기도교육청,7611000,경기도안산교육지원청,2016-08-12,2021-07-06,6767,2026-03-20
Z000102133,덕성초통학구역,0,41,273,7530000,경기도교육청,7611000,경기도안산교육지원청,2016-08-12,2021-07-06,6149,2026-03-20
Z000102194,정지초통학구역,0,41,273,7530000,경기도교육청,7611000,경기도안산교육지원청,2016-08-12,2021-07-06,5943,2026-03-20
Z000105186,거여초통학구역,0,47,230,8750000,경상북도교육청,8821000,경상북도영천교육지원청,2016-08-12,2016-08-12,6706,2026-03-20
Z000105204,평천초통학구역,0,47,230,8750000,경상북도교육청,8821000,경상북도영천교육지원청,2016-08-12,2016-08-12,3699,2026-03-20
Z000105191,북안초통학구역,0,47,230,8750000,경상북도교육청,8821000,경상북도영천교육지원청,2016-08-12,2016-08-12,4952,2026-03-20
Z000105227,은척초통학구역,0,47,250,8750000,경상북도교육청,8831000,경상북도상주교육지원청,2016-08-12,2016-08-12,5769,2026-03-20
Z000105218,상주남부초통학구역,0,47,250,8750000,경상북도교육청,8831000,경상북도상주교육지원청,2016-08-12,2016-08-12,861,2026-03-20
Z000105308,안평초통학구역,0,47,730,8750000,경상북도교육청,8871000,경상북도의성교육지원청,2016-08-12,2016-08-12,6982,2026-03-20
Z000100896,대구수성초통학구역,0,27,260,7240000,대구광역시교육청,7251000,대구광역시동부교육지원청,2016-08-12,2016-08-12,3746,2026-03-20
Z000104080,전주서신초통학구역,0,52,111,8321000,전북특별자치도교육청,8332000,전북특별자치도전주교육지원청,2016-08-12,2024-02-23,2755,2026-03-20
Z000101699,반천초통학구역,0,31,710,7480000,울산광역시교육청,7501000,울산광역시강남교육지원청,2016-08-12,2017-04-03,2270,2026-03-20
Z000104443,해리초통학구역,0,52,790,8321000,전북특별자치도교육청,8452000,전북특별자치도고창교육지원청,2016-08-12,2024-02-23,2124,2026-03-20
Z000104444,흥덕초통학구역,0,52,790,8321000,전북특별자치도교육청,8452000,전북특별자치도고창교육지원청,2016-08-12,2024-02-23,3772,2026-03-20
Z000103212,주봉초통학구역,0,51,720,7801000,강원특별자치도교육청,7882000,강원특별자치도홍천교육지원청,2016-08-12,2016-08-12,6689,2026-03-20
Z000102228,덕이초통학구역,0,41,287,7530000,경기도교육청,7621000,경기도고양교육지원청,2016-08-12,2021-07-20,1585,2026-03-20
Z000150855,원호초남계초구운초공동(일방)통학구역,1,47,190,8750000,경상북도교육청,8801000,경상북도구미교육지원청,2020-02-05,2021-02-23,6483,2026-03-20
Z000100163,서울천왕초통학구역,0,11,530,7010000,서울특별시교육청,7041000,서울특별시남부교육지원청,2016-08-12,2020-09-07,1743,2026-03-20
Z000100161,서울윤중초통학구역,0,11,560,7010000,서울특별시교육청,7041000,서울특별시남부교육지원청,2016-08-12,2020-09-07,5898,2026-03-20
Z000102834,백봉초통학구역,0,41,461,7530000,경기도교육청,7751000,경기도용인교육지원청,2016-08-12,2021-06-22,4314,2026-03-20
Z000150334,어정초중일초공동통학구역,1,41,463,7530000,경기도교육청,7751000,경기도용인교육지원청,2016-08-12,2021-06-22,5450,2026-03-20
Z000102846,서천초통학구역,0,41,463,7530000,경기도교육청,7751000,경기도용인교육지원청,2016-08-12,2021-06-15,1905,2026-03-20
Z000101122,인천주안남초승봉분교장통학구역,0,28,720,7310000,인천광역시교육청,7321000,인천광역시남부교육지원청,2016-08-12,2016-08-17,5851,2026-03-20
Z000102179,안산초통학구역,0,41,271,7530000,경기도교육청,7611000,경기도안산교육지원청,2016-08-12,2021-07-06,4759,2026-03-20
Z000102748,율길초통학구역,0,41,820,7530000,경기도교육청,7721000,경기도가평교육지원청,2016-08-12,2016-08-12,4007,2026-03-20
Z000150508,광주지산초진원초공동통학구역,1,46,880,8490000,전라남도교육청,8691000,전라남도장성교육지원청,2016-08-12,2016-08-12,5349,2026-03-20
Z000101424,삼도초통학구역,0,29,200,7380000,광주광역시교육청,7401000,광주광역시서부교육지원청,2016-08-12,2018-02-07,1257,2026-03-20
Z000101463,진만초통학구역,0,29,200,7380000,광주광역시교육청,7401000,광주광역시서부교육지원청,2016-08-12,2016-08-12,5265,2026-03-20
Z000150589,덕계초천성초공동통학구역,1,48,330,9010000,경상남도교육청,9151000,경상남도양산교육지원청,2016-08-12,2021-02-23,4666,2026-03-20
Z000100834,월평초통학구역,0,26,710,7150000,부산광역시교육청,7211000,부산광역시해운대교육지원청,2016-08-12,2016-08-12,2881,2026-03-20
Z000105848,천성초통학구역,0,48,330,9010000,경상남도교육청,9151000,경상남도양산교육지원청,2016-08-12,2021-02-23,203,2026-03-20
Z000105152,옥성초통학구역,0,47,190,8750000,경상북도교육청,8801000,경상북도구미교육지원청,2016-08-12,2016-08-12,6920,2026-03-20
Z000105112,와룡초통학구역,0,47,170,8750000,경상북도교육청,8791000,경상북도안동교육지원청,2016-08-12,2016-08-12,5581,2026-03-20
Z000102889,중일초통학구역,0,41,463,7530000,경기도교육청,7751000,경기도용인교육지원청,2016-08-12,2021-06-22,2789,2026-03-20
Z000102864,언동초통학구역,0,41,463,7530000,경기도교육청,7751000,경기도용인교육지원청,2016-08-12,2021-06-22,6289,2026-03-20
Z000103105,주문진초통학구역,0,51,150,7801000,강원특별자치도교육청,7832000,강원특별자치도강릉교육지원청,2016-08-12,2025-03-19,4529,2026-03-20
Z000103693,천안쌍용초통학구역,0,44,133,8140000,충청남도교육청,8151000,충청남도천안교육지원청,2016-08-12,2021-02-23,76,2026-03-20
Z000103701,천안월봉초통학구역,0,44,133,8140000,충청남도교육청,8151000,충청남도천안교육지원청,2016-08-12,2021-02-23,2508,2026-03-20
Z000101272,인천계양초통학구역,0,28,245,7310000,인천광역시교육청,7331000,인천광역시북부교육지원청,2016-08-12,2024-04-01,1877,2026-03-20
Z000101191,인천명선초통학구역,0,28,185,7310000,인천광역시교육청,7341000,인천광역시동부교육지원청,2016-08-12,2016-08-12,2370,2026-03-20
Z000101184,인천동방초통학구역,0,28,200,7310000,인천광역시교육청,7341000,인천광역시동부교육지원청,2016-08-12,2018-01-07,3068,2026-03-20
Z000101170,인천후정초통학구역,0,28,237,7310000,인천광역시교육청,7331000,인천광역시북부교육지원청,2016-08-12,2016-08-12,6930,2026-03-20
Z000101099,인천송림초통학구역,0,28,140,7310000,인천광역시교육청,7321000,인천광역시남부교육지원청,2016-08-12,2016-08-12,3255,2026-03-20
Z000103861,제원초통학구역,0,44,710,8140000,충청남도교육청,8201000,충청남도금산교육지원청,2016-08-12,2018-05-04,5864,2026-03-20
Z000106178,대구포산초통학구역,0,27,710,7240000,대구광역시교육청,7281000,대구광역시달성교육지원청,2018-03-20,2018-03-20,5440,2026-03-20
Z000102172,안산석수초통학구역,0,41,273,7530000,경기도교육청,7611000,경기도안산교육지원청,2016-08-12,2021-07-06,5754,2026-03-20
Z000103171,미로초통학구역,0,51,230,7801000,강원특별자치도교육청,7872000,강원특별자치도삼척교육지원청,2016-08-12,2016-08-12,1922,2026-03-20
Z000101987,희성초통학구역,0,41,173,7530000,경기도교육청,7569000,경기도안양과천교육지원청,2016-08-12,2017-12-08,2070,2026-03-20
Z000101926,어룡초통학구역,0,41,150,7530000,경기도교육청,7561000,경기도의정부교육지원청,2016-08-12,2016-08-12,3685,2026-03-20
Z000101984,호성초통학구역,0,41,173,7530000,경기도교육청,7569000,경기도안양과천교육지원청,2016-08-12,2016-08-12,6968,2026-03-20
Z000102095,상수초통학구역,0,41,630,7530000,경기도교육청,7602000,경기도동두천양주교육지원청,2016-08-12,2016-08-12,1463,2026-03-20
Z000101172,인천간석초통학구역,0,28,200,7310000,인천광역시교육청,7341000,인천광역시동부교육지원청,2016-08-12,2016-08-12,2893,2026-03-20
Z000101207,인천송천초통학구역,0,28,200,7310000,인천광역시교육청,7341000,인천광역시동부교육지원청,2016-08-12,2016-12-19,4682,2026-03-20
Z000150173,백마초풍산초공동통학구역,1,41,285,7530000,경기도교육청,7621000,경기도고양교육지원청,2016-08-12,2021-07-20,3986,2026-03-20
Z000102273,풍산초통학구역,0,41,285,7530000,경기도교육청,7621000,경기도고양교육지원청,2016-08-12,2021-07-20,2237,2026-03-20
Z000102236,백송초통학구역,0,41,287,7530000,경기도교육청,7621000,경기도고양교육지원청,2016-08-12,2021-07-20,2500,2026-03-20
Z000151010,용남초제한적공동(일방)통학구역,1,44,250,8140000,충청남도교육청,8222000,충청남도논산계룡교육지원청,2020-11-23,2020-11-23,1480,2026-03-20
Z000105203,청통초통학구역,0,47,230,8750000,경상북도교육청,8821000,경상북도영천교육지원청,2016-08-12,2016-08-12,2737,2026-03-20
Z000105233,함창초통학구역,0,47,250,8750000,경상북도교육청,8831000,경상북도상주교육지원청,2016-08-12,2016-08-12,7098,2026-03-20
Z000102380,흥진초통학구역,0,41,410,7530000,경기도교육청,7642000,경기도군포의왕교육지원청,2016-08-12,2016-08-12,2361,2026-03-20
Z000102370,오금초통학구역,0,41,410,7530000,경기도교육청,7642000,경기도군포의왕교육지원청,2016-08-12,2016-08-12,1430,2026-03-20
Z000102499,동탄중앙초통학구역,0,41,590,7530000,경기도교육청,7679000,경기도화성오산교육지원청,2016-08-12,2018-10-19,6027,2026-03-20
Z000101934,의정부장암초통학구역,0,41,150,7530000,경기도교육청,7561000,경기도의정부교육지원청,2016-08-12,2016-08-12,5341,2026-03-20
Z000101591,대전서부초통학구역,0,30,170,7430000,대전광역시교육청,7451000,대전광역시서부교육지원청,2016-08-12,2016-08-12,2084,2026-03-20
Z000102410,도림초통학구역,0,41,310,7530000,경기도교육청,7652000,경기도구리남양주교육지원청,2016-08-12,2021-07-20,85,2026-03-20
Z000102387,구룡초통학구역,0,41,360,7530000,경기도교육청,7652000,경기도구리남양주교육지원청,2016-08-12,2021-07-20,5935,2026-03-20
Z000150205,구룡초판곡초공동통학구역,1,41,360,7530000,경기도교육청,7652000,경기도구리남양주교육지원청,2016-08-12,2021-07-20,5060,2026-03-20
Z000104057,전주금암초통학구역,0,52,113,8321000,전북특별자치도교육청,8332000,전북특별자치도전주교육지원청,2016-08-12,2025-06-18,114,2026-03-20
Z000104107,전주전일초통학구역,0,52,113,8321000,전북특별자치도교육청,8332000,전북특별자치도전주교육지원청,2016-08-12,2025-06-18,2785,2026-03-20
Z000151540,오학초북내초천남초공동(일방)통학구역,1,41,670,7530000,경기도교육청,7661000,경기도여주교육지원청,2025-01-06,2025-08-28,530,2026-03-20
Z000151337,여흥초오학초공동통학구역 및 오학초북내초천남초공동(일방)통학구역,1,41,670,7530000,경기도교육청,7661000,경기도여주교육지원청,2023-09-19,2025-08-28,1401,2026-03-20
Z000100571,대신초통학구역,0,26,140,7150000,부산광역시교육청,7171000,부산광역시서부교육지원청,2016-08-12,2026-03-01,7004,2026-03-20
Z000100565,남항초통학구역,0,26,200,7150000,부산광역시교육청,7171000,부산광역시서부교육지원청,2016-08-12,2026-03-01,4592,2026-03-20
Z000101727,온양초통학구역,0,31,710,7480000,울산광역시교육청,7501000,울산광역시강남교육지원청,2016-08-12,2026-03-01,1751,2026-03-20
Z000151656,대신초동신초공동통학구역,1,26,140,7150000,부산광역시교육청,7171000,부산광역시서부교육지원청,2026-02-13,2026-03-01,772,2026-03-20
Z000100886,대구범어초통학구역,0,27,260,7240000,대구광역시교육청,7251000,대구광역시동부교육지원청,2016-08-12,2026-03-01,4324,2026-03-20
Z000100874,대구동천초통학구역,0,27,260,7240000,대구광역시교육청,7251000,대구광역시동부교육지원청,2016-08-12,2026-03-01,1639,2026-03-20
Z000103781,아산세교초통학구역,0,44,200,8140000,충청남도교육청,8181000,충청남도아산교육지원청,2016-08-12,2026-03-01,692,2026-03-20
Z000103815,탕정미래초통학구역,0,44,200,8140000,충청남도교육청,8181000,충청남도아산교육지원청,2016-08-12,2026-03-01,5209,2026-03-20
Z000151616,탕정미래초아산갈산초공동통학구역,1,44,200,8140000,충청남도교육청,8181000,충청남도아산교육지원청,2026-01-27,2026-03-01,1701,2026-03-20
Z000103816,탕정초통학구역,0,44,200,8140000,충청남도교육청,8181000,충청남도아산교육지원청,2016-08-12,2026-03-01,1560,2026-03-20
Z000150878,상산초외남초공검초낙동초청리초낙서초외서초사벌초중동초백원초공동(일방)통학구역,1,47,250,8750000,경상북도교육청,8831000,경상북도상주교육지원청,2020-02-11,2026-03-01,5297,2026-03-20
Z000150879,상주중앙초외남초공검초낙동초청리초낙서초외서초사벌초중동초백원초공동(일방)통학구역,1,47,250,8750000,경상북도교육청,8831000,경상북도상주교육지원청,2020-02-11,2026-03-01,2638,2026-03-20
Z000106103,연남초통학구역,0,36,110,9300000,세종특별자치시교육청,9300000,세종특별자치시교육청,2016-08-12,2025-06-18,4008,2026-03-20
Z000106408,산울초통학구역,0,36,110,9300000,세종특별자치시교육청,9300000,세종특별자치시교육청,2024-07-15,2025-06-18,4182,2026-03-20
Z000106409,대전둔곡초통학구역,0,30,200,7430000,대전광역시교육청,7451000,대전광역시서부교육지원청,2024-07-19,2025-09-03,5615,2026-03-20
Z000101549,구즉초통학구역,0,30,200,7430000,대전광역시교육청,7451000,대전광역시서부교육지원청,2016-08-12,2025-09-03,4749,2026-03-20
Z000105615,산양초통학구역,0,48,220,9010000,경상남도교육청,9071000,경상남도통영교육지원청,2016-08-12,2025-05-27,104,2026-03-20
Z000106452,석양초석성분교장통학구역,0,44,760,8140000,충청남도교육청,8231000,충청남도부여교육지원청,2025-05-01,2025-05-27,3709,2026-03-20
Z000151378,순천성동초제한적공동통학구역,1,46,150,8490000,전라남도교육청,8521000,전라남도순천교육지원청,2024-03-05,2025-05-27,3859,2026-03-20
Z000151373,순천북초제한적공동통학구역,1,46,150,8490000,전라남도교육청,8521000,전라남도순천교육지원청,2024-03-05,2025-05-27,1177,2026-03-20
Z000104258,수곡초통학구역,0,52,180,8321000,전북특별자치도교육청,8362000,전북특별자치도정읍교육지원청,2016-08-12,2025-07-08,4165,2026-03-20
Z000104247,내장초통학구역,0,52,180,8321000,전북특별자치도교육청,8362000,전북특별자치도정읍교육지원청,2016-08-12,2025-07-08,2956,2026-03-20
Z000151592,정읍서초동신초공동(일방)통학구역,1,52,180,8321000,전북특별자치도교육청,8362000,전북특별자치도정읍교육지원청,2025-07-01,2026-03-01,3568,2026-03-20
Z000151593,동신초대흥초덕천초백암초소성초수곡초옹동초(일방)통학구역,1,52,180,8321000,전북특별자치도교육청,8362000,전북특별자치도정읍교육지원청,2025-07-01,2026-03-01,3007,2026-03-20
Z000151594,한솔초정남초영산초정우초보성초교암초이평초입암초옹동초태인초내장초공동(일방)통학구역,1,52,180,8321000,전북특별자치도교육청,8362000,전북특별자치도정읍교육지원청,2025-07-01,2026-03-01,2111,2026-03-20
Z000106280,향산초통학구역,0,41,570,7530000,경기도교육청,7771000,경기도김포교육지원청,2020-02-25,2026-03-01,3368,2026-03-20
Z000150936,군산동초개정초발산초공동(일방)통학구역,1,52,130,8321000,전북특별자치도교육청,8342000,전북특별자치도군산교육지원청,2020-02-27,2026-03-01,6016,2026-03-20
Z000151231,무안행복초제한적공동통학구역,1,46,840,8490000,전라남도교육청,8661000,전라남도무안교육지원청,2016-08-12,2026-03-01,6870,2026-03-20
Z000151635,무안사랑초무안희망초공동통학구역,1,46,840,8490000,전라남도교육청,8661000,전라남도무안교육지원청,2016-08-12,2026-03-01,4225,2026-03-20
Z000151634,무안희망초제한적공동통학구역,1,46,840,8490000,전라남도교육청,8661000,전라남도무안교육지원청,2016-08-12,2026-03-01,4228,2026-03-20
Z000151633,무안사랑초제한적공동통학구역,1,46,840,8490000,전라남도교육청,8661000,전라남도무안교육지원청,2016-08-12,2026-03-01,1525,2026-03-20
Z000106481,영만초통학구역,0,52,140,8321000,전북특별자치도교육청,8352000,전북특별자치도익산교육지원청,2020-12-08,2026-03-01,5897,2026-03-20
Z000151327,화천초공동(일방)통학구역,1,51,790,7801000,강원특별자치도교육청,7942000,강원특별자치도화천교육지원청,2023-07-26,2025-09-03,1048,2026-03-20
Z000151328,사내초공동(일방)통학구역,1,51,790,7801000,강원특별자치도교육청,7942000,강원특별자치도화천교육지원청,2023-07-26,2025-09-03,6230,2026-03-20
Z000105650,용현초통학구역,0,48,240,9010000,경상남도교육청,9081000,경상남도사천교육지원청,2016-08-12,2025-12-17,1378,2026-03-20
Z000100510,서울용곡초통학구역,0,11,215,7010000,서울특별시교육청,7134000,서울특별시성동광진교육지원청,2016-08-12,2025-12-17,1565,2026-03-20
Z000100494,서울동의초통학구역,0,11,215,7010000,서울특별시교육청,7134000,서울특별시성동광진교육지원청,2016-08-12,2025-12-17,3348,2026-03-20
Z000104267,정읍남초통학구역,0,52,180,8321000,전북특별자치도교육청,8362000,전북특별자치도정읍교육지원청,2016-08-12,2025-07-08,3566,2026-03-20
Z000104246,교암초통학구역,0,52,180,8321000,전북특별자치도교육청,8362000,전북특별자치도정읍교육지원청,2016-08-12,2025-07-08,5638,2026-03-20
Z000101223,인천장수초통학구역,0,28,200,7310000,인천광역시교육청,7341000,인천광역시동부교육지원청,2016-08-12,2025-11-13,366,2026-03-20
Z000106476,성동초통학구역,0,47,250,8750000,경상북도교육청,8831000,경상북도상주교육지원청,2020-02-11,2026-03-01,1763,2026-03-20
Z000105210,낙동초통학구역,0,47,250,8750000,경상북도교육청,8831000,경상북도상주교육지원청,2016-08-12,2026-03-01,674,2026-03-20
Z000105238,화북초통학구역,0,47,250,8750000,경상북도교육청,8831000,경상북도상주교육지원청,2016-08-12,2026-03-01,4028,2026-03-20
Z000101495,대전목동초통학구역,0,30,140,7430000,대전광역시교육청,7441000,대전광역시동부교육지원청,2016-08-12,2026-03-01,2540,2026-03-20
Z000151626,대전목동초대전중촌초공동통학구역,1,30,140,7430000,대전광역시교육청,7441000,대전광역시동부교육지원청,2026-01-28,2026-03-01,6973,2026-03-20
Z000100336,서울등양초통학구역,0,11,500,7010000,서울특별시교육청,7081300,서울특별시강서양천교육지원청,2016-08-12,2026-03-01,5347,2026-03-20
Z000106482,함열초통학구역,0,52,140,8321000,전북특별자치도교육청,8352000,전북특별자치도익산교육지원청,2024-01-30,2026-03-01,5045,2026-03-20
Z000151410,이리동산초춘포초공동(일방)통학구역,1,52,140,8321000,전북특별자치도교육청,8352000,전북특별자치도익산교육지원청,2024-01-30,2026-03-01,5926,2026-03-20
Z000151246,이리모현초오산남초웅포초이리남초오산초백구초공동(일방)통학구역,1,52,140,8321000,전북특별자치도교육청,8352000,전북특별자치도익산교육지원청,2016-08-12,2026-03-01,1150,2026-03-20
Z000151059,익산가온초이리계문초용산초성당초삼기초공덕초청하초황등초치문초공동(일방)통학구역,1,52,140,8321000,전북특별자치도교육청,8352000,전북특별자치도익산교육지원청,2021-01-06,2026-03-01,2953,2026-03-20
Z000100499,서울사근초통학구역,0,11,200,7010000,서울특별시교육청,7134000,서울특별시성동광진교육지원청,2016-08-12,2025-12-17,2677,2026-03-20
Z000100497,서울마장초통학구역,0,11,200,7010000,서울특별시교육청,7134000,서울특별시성동광진교육지원청,2016-08-12,2025-12-17,5313,2026-03-20
Z000105003,포항항도초통학구역,0,47,113,8750000,경상북도교육청,8761000,경상북도포항교육지원청,2016-08-12,2025-05-13,3789,2026-03-20
Z000104961,두호남부초통학구역,0,47,113,8750000,경상북도교육청,8761000,경상북도포항교육지원청,2016-08-12,2025-05-13,236,2026-03-20
Z000150856,영주남부초이산초평은초문수초장수초안정초봉현초옥대초풍기북부초공동(일방)통학구역,1,47,210,8750000,경상북도교육청,8811000,경상북도영주교육지원청,2020-02-05,2025-11-13,1507,2026-03-20
Z000106469,초롱초통학구역,0,41,480,7530000,경기도교육청,7681000,경기도파주교육지원청,2025-12-03,2025-12-23,2005,2026-03-20
Z000106470,두일초통학구역,0,41,480,7530000,경기도교육청,7681000,경기도파주교육지원청,2025-12-03,2025-12-23,4677,2026-03-20
Z000106468,숲노을초통학구역,0,41,480,7530000,경기도교육청,7681000,경기도파주교육지원청,2025-12-03,2025-12-23,4846,2026-03-20
Z000106466,운정중앙초통학구역,0,41,480,7530000,경기도교육청,7681000,경기도파주교육지원청,2025-12-03,2025-12-23,6424,2026-03-20
Z000106467,물향기초통학구역,0,41,480,7530000,경기도교육청,7681000,경기도파주교육지원청,2025-12-03,2025-12-23,5551,2026-03-20
Z000100366,서울양천초통학구역,0,11,500,7010000,서울특별시교육청,7081300,서울특별시강서양천교육지원청,2016-08-12,2026-03-01,6207,2026-03-20
Z000100371,서울염창초통학구역,0,11,500,7010000,서울특별시교육청,7081300,서울특별시강서양천교육지원청,2016-08-12,2026-03-01,4755,2026-03-20
Z000100345,서울백석초통학구역,0,11,500,7010000,서울특별시교육청,7081300,서울특별시강서양천교육지원청,2016-08-12,2026-03-01,4113,2026-03-20
Z000100313,서울천일초통학구역,0,11,740,7010000,서울특별시교육청,7130000,서울특별시강동송파교육지원청,2016-08-12,2026-03-01,82,2026-03-20
Z000151547,익산어양초미륵초낭산초공동(일방)통학구역,1,52,140,8321000,전북특별자치도교육청,8352000,전북특별자치도익산교육지원청,2025-03-04,2026-03-01,1450,2026-03-20
Z000151636,군산산북초문창초공동(일방)통학구역,1,52,130,8321000,전북특별자치도교육청,8342000,전북특별자치도군산교육지원청,2016-08-12,2026-03-01,638,2026-03-20
Z000150939,군산용문초옥구초해성초옥봉초미룡초공동(일방)통학구역,1,52,130,8321000,전북특별자치도교육청,8342000,전북특별자치도군산교육지원청,2020-02-27,2026-03-01,2460,2026-03-20
Z000150940,군산미장초대야남초창오초공동(일방)통학구역,1,52,130,8321000,전북특별자치도교육청,8342000,전북특별자치도군산교육지원청,2020-02-27,2026-03-01,1106,2026-03-20
Z000106410,바른초통학구역,0,36,110,9300000,세종특별자치시교육청,9300000,세종특별자치시교육청,2024-07-15,2025-06-18,1482,2026-03-20
Z000106014,저청초통학구역,0,50,110,9290000,제주특별자치도교육청,9296000,제주특별자치도제주시교육지원청,2016-08-12,2025-06-18,1081,2026-03-20
Z000106453,대전탄방초용문분교장통학구역,0,30,170,7430000,대전광역시교육청,7451000,대전광역시서부교육지원청,2025-06-03,2025-06-25,3854,2026-03-20
Z000101599,대전수정초통학구역,0,30,200,7430000,대전광역시교육청,7451000,대전광역시서부교육지원청,2016-08-12,2025-06-25,4901,2026-03-20
Z000150092,대전노은초대전수정초공동통학구역,1,30,200,7430000,대전광역시교육청,7451000,대전광역시서부교육지원청,2016-08-12,2025-06-25,2862,2026-03-20
Z000102514,비봉초통학구역,0,41,590,7530000,경기도교육청,7679000,경기도화성오산교육지원청,2016-08-12,2025-09-03,806,2026-03-20
Z000106465,인천달빛초통학구역,0,28,110,7310000,인천광역시교육청,7321000,인천광역시남부교육지원청,2025-11-03,2025-12-30,6544,2026-03-20
Z000106464,인천윤슬초통학구역,0,28,110,7310000,인천광역시교육청,7321000,인천광역시남부교육지원청,2025-11-03,2025-12-30,3232,2026-03-20
Z000102688,한홀초통학구역,0,41,450,7530000,경기도교육청,7692000,경기도광주하남교육지원청,2016-08-12,2025-12-30,5309,2026-03-20
Z000151385,순천왕지초제한적공동통학구역,1,46,150,8490000,전라남도교육청,8521000,전라남도순천교육지원청,2024-03-05,2025-05-27,5369,2026-03-20
Z000151379,순천남산초제한적공동통학구역,1,46,150,8490000,전라남도교육청,8521000,전라남도순천교육지원청,2024-03-05,2025-05-27,5635,2026-03-20
Z000100261,서울강동초통학구역,0,11,740,7010000,서울특별시교육청,7130000,서울특별시강동송파교육지원청,2016-08-12,2026-03-01,81,2026-03-20
Z000100405,서울방현초통학구역,0,11,650,7010000,서울특별시교육청,7091300,서울특별시강남서초교육지원청,2016-08-12,2026-03-01,1624,2026-03-20
Z000100388,서울구룡초통학구역,0,11,680,7010000,서울특별시교육청,7091300,서울특별시강남서초교육지원청,2016-08-12,2026-03-01,5327,2026-03-20
Z000100429,서울우암초통학구역,0,11,650,7010000,서울특별시교육청,7091300,서울특별시강남서초교육지원청,2016-08-12,2026-03-01,1943,2026-03-20
Z000100427,서울우면초통학구역,0,11,650,7010000,서울특별시교육청,7091300,서울특별시강남서초교육지원청,2016-08-12,2026-03-01,5495,2026-03-20
Z000150938,군산경포초술산초공동(일방)통학구역,1,52,130,8321000,전북특별자치도교육청,8342000,전북특별자치도군산교육지원청,2020-02-27,2026-03-01,3367,2026-03-20
Z000151637,소룡초해성초공동(일방)통학구역,1,52,130,8321000,전북특별자치도교육청,8342000,전북특별자치도군산교육지원청,2026-01-30,2026-03-01,6885,2026-03-20
Z000151638,군산금빛초옥산초나포초성산초대야초공동(일방)통학구역,1,52,130,8321000,전북특별자치도교육청,8342000,전북특별자치도군산교육지원청,2022-03-07,2026-03-01,2017,2026-03-20
Z000151630,남춘천초효제초동춘천초공동통학구역,0,51,110,7801000,강원특별자치도교육청,7812000,강원특별자치도춘천교육지원청,2016-08-12,2026-03-01,2578,2026-03-20
Z000106458,청연초통학구역,0,41,590,7530000,경기도교육청,7679000,경기도화성오산교육지원청,2025-08-03,2025-09-03,5883,2026-03-20
Z000100441,서울관악초통학구역,0,11,620,7010000,서울특별시교육청,7132000,서울특별시동작관악교육지원청,2016-08-12,2025-09-16,1151,2026-03-20
Z000100466,서울신림초통학구역,0,11,620,7010000,서울특별시교육청,7132000,서울특별시동작관악교육지원청,2016-08-12,2025-09-16,6464,2026-03-20
Z000104999,포항장흥초통학구역,0,47,113,8750000,경상북도교육청,8761000,경상북도포항교육지원청,2016-08-12,2025-09-30,238,2026-03-20
Z000151376,순천조례초제한적공동통학구역,1,46,150,8490000,전라남도교육청,8521000,전라남도순천교육지원청,2024-03-05,2025-05-27,6226,2026-03-20
Z000151392,순천풍덕초제한적공동통학구역,1,46,150,8490000,전라남도교육청,8521000,전라남도순천교육지원청,2024-03-11,2025-05-27,1812,2026-03-20
Z000104249,대흥초통학구역,0,52,180,8321000,전북특별자치도교육청,8362000,전북특별자치도정읍교육지원청,2016-08-12,2025-07-08,4418,2026-03-20
Z000104264,입암초통학구역,0,52,180,8321000,전북특별자치도교육청,8362000,전북특별자치도정읍교육지원청,2016-08-12,2025-07-08,3291,2026-03-20
Z000104257,소성초통학구역,0,52,180,8321000,전북특별자치도교육청,8362000,전북특별자치도정읍교육지원청,2016-08-12,2025-07-08,4828,2026-03-20
Z000104256,서신초통학구역,0,52,180,8321000,전북특별자치도교육청,8362000,전북특별자치도정읍교육지원청,2016-08-12,2025-07-08,4421,2026-03-20
Z000104244,고부초통학구역,0,52,180,8321000,전북특별자치도교육청,8362000,전북특별자치도정읍교육지원청,2016-08-12,2025-07-08,379,2026-03-20
Z000100426,서울왕북초통학구역,0,11,680,7010000,서울특별시교육청,7091300,서울특별시강남서초교육지원청,2016-08-12,2026-03-01,3347,2026-03-20
Z000100435,서울자곡초통학구역,0,11,680,7010000,서울특별시교육청,7091300,서울특별시강남서초교육지원청,2016-08-12,2026-03-01,2208,2026-03-20
Z000100419,서울양재초통학구역,0,11,650,7010000,서울특별시교육청,7091300,서울특별시강남서초교육지원청,2016-08-12,2026-03-01,2743,2026-03-20
Z000151628,서울대청초서울영희초공동통학구역,1,11,680,7010000,서울특별시교육청,7091300,서울특별시강남서초교육지원청,2016-08-12,2026-03-01,6905,2026-03-20
Z000106459,동광초통학구역,0,43,720,8000000,충청북도교육청,8051000,충청북도보은교육지원청,2025-11-01,2026-03-01,1963,2026-03-20
Z000103024,춘천초통학구역,0,51,110,7801000,강원특별자치도교육청,7812000,강원특별자치도춘천교육지원청,2016-08-12,2026-03-01,7019,2026-03-20
Z000150658,후평초만천초공동통학구역,1,51,110,7801000,강원특별자치도교육청,7812000,강원특별자치도춘천교육지원청,2017-04-20,2026-03-01,1675,2026-03-20
Z000103221,후평초통학구역,0,51,110,7801000,강원특별자치도교육청,7812000,강원특별자치도춘천교육지원청,2016-08-12,2026-03-01,774,2026-03-20
Z000100495,서울동자초통학구역,0,11,215,7010000,서울특별시교육청,7134000,서울특별시성동광진교육지원청,2016-08-12,2025-12-17,3478,2026-03-20
Z000100504,서울신양초통학구역,0,11,215,7010000,서울특별시교육청,7134000,서울특별시성동광진교육지원청,2016-08-12,2025-12-17,4353,2026-03-20
Z000100482,서울경동초통학구역,0,11,200,7010000,서울특별시교육청,7134000,서울특별시성동광진교육지원청,2016-08-12,2025-12-17,5329,2026-03-20
Z000150038,서울경동초서울경일초공동통학구역,1,11,200,7010000,서울특별시교육청,7134000,서울특별시성동광진교육지원청,2016-08-12,2025-12-17,67,2026-03-20
Z000105568,금곡초통학구역,0,48,170,9010000,경상남도교육청,9051000,경상남도진주교육지원청,2016-08-12,2025-12-17,7095,2026-03-20
Z000151587,동암초오산초공동(일방)통학구역,1,44,210,8140000,충청남도교육청,8191000,충청남도서산교육지원청,2025-04-03,2025-05-13,3319,2026-03-20
Z000151586,동암초서산석림초오산초공동(일방)통학구역,1,44,210,8140000,충청남도교육청,8191000,충청남도서산교육지원청,2025-04-03,2025-05-13,6872,2026-03-20
Z000150859,영일초이산초평은초문수초장수초안정초봉현초옥대초풍기북부초공동(일방)통학구역,1,47,210,8750000,경상북도교육청,8811000,경상북도영주교육지원청,2020-02-05,2025-11-13,1505,2026-03-20
Z000105538,제황초통학구역,0,48,129,9010000,경상남도교육청,9022000,경상남도창원교육지원청,2016-08-12,2025-11-13,6991,2026-03-20
Z000105475,도천초통학구역,0,48,129,9010000,경상남도교육청,9022000,경상남도창원교육지원청,2016-08-12,2025-11-13,6079,2026-03-20
Z000102615,심학초통학구역,0,41,480,7530000,경기도교육청,7681000,경기도파주교육지원청,2016-08-12,2025-11-13,218,2026-03-20
Z000105474,도계초통학구역,0,48,121,9010000,경상남도교육청,9022000,경상남도창원교육지원청,2016-08-12,2025-11-13,1646,2026-03-20
Z000151598,"서울공항초서울송정초공동통학구역(적용시기: 2026.3.1.부터, 적용대상: 2026학년도 취학예정 대상자 및 해당 통학구역 전입자)",1,11,500,7010000,서울특별시교육청,7081300,서울특별시강서양천교육지원청,2025-10-04,2025-11-13,3290,2026-03-20
Z000100348,서울송정초통학구역,0,11,500,7010000,서울특별시교육청,7081300,서울특별시강서양천교육지원청,2016-08-12,2025-11-13,3287,2026-03-20
Z000106387,인천송빛초통학구역,0,28,185,7310000,인천광역시교육청,7341000,인천광역시동부교육지원청,2023-12-01,2025-11-13,145,2026-03-20
Z000105481,명도초통학구역,0,48,121,9010000,경상남도교육청,9022000,경상남도창원교육지원청,2016-08-12,2025-10-04,5196,2026-03-20
Z000151414,충주중앙탑초노은초덕신초가흥초오석초용원초앙성초주덕초소태초공동(일방)통학구역,1,43,130,8000000,충청북도교육청,8021000,충청북도충주교육지원청,2024-01-30,2026-03-01,5236,2026-03-20
Z000150395,충주중앙탑초탄금초공동통학구역 및 노은초덕신초가흥초오석초용원초앙성초주덕초소태초공동(일방)통학구역,1,43,130,8000000,충청북도교육청,8021000,충청북도충주교육지원청,2016-08-12,2026-03-01,4382,2026-03-20
Z000105865,영오초통학구역,0,48,820,9010000,경상남도교육청,9161000,경상남도고성교육지원청,2016-08-12,2026-03-01,2485,2026-03-20
Z000105854,거류초통학구역,0,48,820,9010000,경상남도교육청,9161000,경상남도고성교육지원청,2016-08-12,2026-03-01,705,2026-03-20
Z000104691,토지초통학구역,0,46,730,8490000,전라남도교육청,8581000,전라남도구례교육지원청,2016-08-12,2026-03-01,4102,2026-03-20
Z000150902,호명초은풍초예천남부초지보초감천초신성초풍북초공동(일방)통학구역,1,47,900,8750000,경상북도교육청,8951000,경상북도예천교육지원청,2020-02-14,2026-03-01,702,2026-03-20
Z000150901,예천초은풍초공동(일방)통학구역,1,47,900,8750000,경상북도교육청,8951000,경상북도예천교육지원청,2020-02-14,2026-03-01,5436,2026-03-20
Z000103003,만천초통학구역,0,51,110,7801000,강원특별자치도교육청,7812000,강원특별자치도춘천교육지원청,2016-08-12,2026-03-01,173,2026-03-20
Z000103022,천전초통학구역,0,51,110,7801000,강원특별자치도교육청,7812000,강원특별자치도춘천교육지원청,2016-08-12,2026-03-01,6352,2026-03-20
Z000103016,오동초통학구역,0,51,110,7801000,강원특별자치도교육청,7812000,강원특별자치도춘천교육지원청,2016-08-12,2026-03-01,1049,2026-03-20
Z000100668,초량초통학구역,0,26,170,7150000,부산광역시교육청,7181000,부산광역시남부교육지원청,2016-08-12,2025-05-13,3688,2026-03-20
Z000100649,양동초통학구역,0,26,470,7150000,부산광역시교육청,7181000,부산광역시남부교육지원청,2016-08-12,2025-05-13,1920,2026-03-20
Z000100651,양정초통학구역,0,26,230,7150000,부산광역시교육청,7181000,부산광역시남부교육지원청,2016-08-12,2025-05-13,4597,2026-03-20
Z000101619,유성초통학구역,0,30,200,7430000,대전광역시교육청,7451000,대전광역시서부교육지원청,2016-08-12,2025-06-25,6390,2026-03-20
Z000101819,천천초통학구역,0,41,111,7530000,경기도교육청,7541000,경기도수원교육지원청,2016-08-12,2025-06-25,3264,2026-03-20
Z000105998,신창초통학구역,0,50,110,9290000,제주특별자치도교육청,9296000,제주특별자치도제주시교육지원청,2016-08-12,2025-07-03,2872,2026-03-20
Z000101127,인천하늘초통학구역,0,28,110,7310000,인천광역시교육청,7321000,인천광역시남부교육지원청,2016-08-12,2025-12-30,334,2026-03-20
Z000101084,인천공항초통학구역,0,28,110,7310000,인천광역시교육청,7321000,인천광역시남부교육지원청,2016-08-12,2025-12-30,2446,2026-03-20
Z000101120,인천운서초통학구역,0,28,110,7310000,인천광역시교육청,7321000,인천광역시남부교육지원청,2016-08-12,2025-12-30,5010,2026-03-20
Z000101097,인천서흥초통학구역,0,28,140,7310000,인천광역시교육청,7321000,인천광역시남부교육지원청,2016-08-12,2025-12-30,5027,2026-03-20
Z000101095,인천서림초통학구역,0,28,140,7310000,인천광역시교육청,7321000,인천광역시남부교육지원청,2016-08-12,2025-12-30,5028,2026-03-20
Z000106214,인천중산초통학구역,0,28,110,7310000,인천광역시교육청,7321000,인천광역시남부교육지원청,2019-02-19,2025-12-30,5660,2026-03-20
Z000104572,외서초등학교송광분교장,0,46,150,8490000,전라남도교육청,8521000,전라남도순천교육지원청,2016-08-12,2025-12-30,443,2026-03-20
Z000151139,계성초성당초고대초고산초석문초삼봉초초락초조금초정미초천의초면천초순성초북창초우강초송산초당산초공동(일방)통학구역,1,44,270,8140000,충청남도교육청,8291000,충청남도당진교육지원청,2021-08-03,2026-03-01,4143,2026-03-20
Z000151140,탑동초성당초고대초고산초석문초삼봉초초락초조금초정미초천의초면천초순성초북창초우강초송산초당산초공동(일방)통학구역,1,44,270,8140000,충청남도교육청,8291000,충청남도당진교육지원청,2021-08-03,2026-03-01,354,2026-03-20
Z000151167,영동초양강초매곡초상촌초초강초공동(일방)통학구역,1,43,740,8000000,충청북도교육청,8071000,충청북도영동교육지원청,2021-11-29,2026-03-01,3471,2026-03-20
Z000151342,수산초광역통학구역,1,48,270,9010000,경상남도교육청,9101000,경상남도밀양교육지원청,2023-09-26,2026-03-01,4532,2026-03-20
Z000151343,예림초광역통학구역,1,48,270,9010000,경상남도교육청,9101000,경상남도밀양교육지원청,2023-09-26,2026-03-01,3610,2026-03-20
Z000103007,상천초통학구역,0,51,110,7801000,강원특별자치도교육청,7812000,강원특별자치도춘천교육지원청,2016-08-12,2026-03-01,789,2026-03-20
Z000151631,오동초상천초공동통학구역,1,51,110,7801000,강원특별자치도교육청,7812000,강원특별자치도춘천교육지원청,2016-08-12,2026-03-01,4628,2026-03-20
Z000105004,포항해맞이초통학구역,0,47,113,8750000,경상북도교육청,8761000,경상북도포항교육지원청,2016-08-12,2025-09-30,5566,2026-03-20
Z000105006,항구초통학구역,0,47,113,8750000,경상북도교육청,8761000,경상북도포항교육지원청,2016-08-12,2025-09-30,1118,2026-03-20
Z000106050,무릉초통학구역,0,50,130,9290000,제주특별자치도교육청,9299000,제주특별자치도서귀포시교육지원청,2016-08-12,2025-10-21,194,2026-03-20
Z000105966,고산초통학구역,0,50,110,9290000,제주특별자치도교육청,9296000,제주특별자치도제주시교육지원청,2016-08-12,2025-10-21,192,2026-03-20
Z000105482,명서초통학구역,0,48,121,9010000,경상남도교육청,9022000,경상남도창원교육지원청,2016-08-12,2025-11-13,5198,2026-03-20
Z000105473,덕산초통학구역,0,48,129,9010000,경상남도교육청,9022000,경상남도창원교육지원청,2016-08-12,2025-11-13,5824,2026-03-20
Z000151386,순천대석초제한적공동통학구역,1,46,150,8490000,전라남도교육청,8521000,전라남도순천교육지원청,2024-03-05,2025-05-27,2714,2026-03-20
Z000151387,순천봉화초제한적공동통학구역,1,46,150,8490000,전라남도교육청,8521000,전라남도순천교육지원청,2024-03-05,2025-05-27,23,2026-03-20
Z000151389,팔마초제한적공동통학구역,1,46,150,8490000,전라남도교육청,8521000,전라남도순천교육지원청,2024-03-05,2025-05-27,6227,2026-03-20
Z000151390,동산초제한적공동통학구역,1,46,150,8490000,전라남도교육청,8521000,전라남도순천교육지원청,2024-03-05,2025-05-27,6348,2026-03-20
Z000151391,순천율산초제한적공동통학구역,1,46,150,8490000,전라남도교육청,8521000,전라남도순천교육지원청,2024-03-05,2025-05-27,5364,2026-03-20
Z000151380,순천부영초제한적공동통학구역,1,46,150,8490000,전라남도교육청,8521000,전라남도순천교육지원청,2024-03-05,2025-05-27,1810,2026-03-20
Z000151344,밀주초광역통학구역,1,48,270,9010000,경상남도교육청,9101000,경상남도밀양교육지원청,2023-09-26,2026-03-01,3612,2026-03-20
Z000151345,밀성초광역통학구역,1,48,270,9010000,경상남도교육청,9101000,경상남도밀양교육지원청,2023-09-26,2026-03-01,5381,2026-03-20
Z000151346,밀양초광역통학구역,1,48,270,9010000,경상남도교육청,9101000,경상남도밀양교육지원청,2023-09-26,2026-03-01,3607,2026-03-20
Z000151347,미리벌초광역통학구역,1,48,270,9010000,경상남도교육청,9101000,경상남도밀양교육지원청,2023-09-26,2026-03-01,1836,2026-03-20
Z000102995,남부초통학구역,0,51,110,7801000,강원특별자치도교육청,7812000,강원특별자치도춘천교육지원청,2016-08-12,2026-03-01,1689,2026-03-20
Z000103017,우석초통학구역,0,51,110,7801000,강원특별자치도교육청,7812000,강원특별자치도춘천교육지원청,2016-08-12,2026-03-01,1044,2026-03-20
Z000103009,석사초통학구역,0,51,110,7801000,강원특별자치도교육청,7812000,강원특별자치도춘천교육지원청,2016-08-12,2026-03-01,2841,2026-03-20
Z000102997,남산초통학구역,0,51,110,7801000,강원특별자치도교육청,7812000,강원특별자치도춘천교육지원청,2016-08-12,2026-03-01,5870,2026-03-20
Z000150973,증산초광역통학구역,1,48,330,9010000,경상남도교육청,9151000,경상남도양산교육지원청,2020-05-11,2026-03-01,1668,2026-03-20
Z000150971,가남초광역통학구역,1,48,330,9010000,경상남도교육청,9151000,경상남도양산교육지원청,2020-05-11,2026-03-01,4941,2026-03-20
Z000151211,가촌초광역통학구역,1,48,330,9010000,경상남도교육청,9151000,경상남도양산교육지원청,2020-05-11,2026-03-01,2297,2026-03-20
Z000105491,북면초통학구역,0,48,121,9010000,경상남도교육청,9022000,경상남도창원교육지원청,2016-08-12,2025-12-23,3429,2026-03-20
Z000105480,명곡초통학구역,0,48,121,9010000,경상남도교육청,9022000,경상남도창원교육지원청,2016-08-12,2025-12-23,3432,2026-03-20
Z000105502,석전초통학구역,0,48,127,9010000,경상남도교육청,9022000,경상남도창원교육지원청,2016-08-12,2025-12-23,1500,2026-03-20
Z000150550,가고파초석전초공동통학구역,1,48,127,9010000,경상남도교육청,9022000,경상남도창원교육지원청,2016-08-12,2025-12-23,2422,2026-03-20
Z000105681,분성초통학구역,0,48,250,9010000,경상남도교육청,9091000,경상남도김해교육지원청,2016-08-12,2025-05-27,6461,2026-03-20
Z000104273,정일초통학구역,0,52,180,8321000,전북특별자치도교육청,8362000,전북특별자치도정읍교육지원청,2016-08-12,2025-07-08,836,2026-03-20
Z000104260,영산초통학구역,0,52,180,8321000,전북특별자치도교육청,8362000,전북특별자치도정읍교육지원청,2016-08-12,2025-07-08,6774,2026-03-20
Z000104265,정남초통학구역,0,52,180,8321000,전북특별자치도교육청,8362000,전북특별자치도정읍교육지원청,2016-08-12,2025-07-08,317,2026-03-20
Z000104254,북면초통학구역,0,52,180,8321000,전북특별자치도교육청,8362000,전북특별자치도정읍교육지원청,2016-08-12,2025-07-08,1721,2026-03-20
Z000105675,대동초통학구역,0,48,250,9010000,경상남도교육청,9091000,경상남도김해교육지원청,2016-08-12,2026-03-01,5813,2026-03-20
Z000106478,서사초통학구역,0,31,110,7480000,울산광역시교육청,7491000,울산광역시강북교육지원청,2016-08-12,2026-03-01,5796,2026-03-20
Z000101632,다전초통학구역,0,31,110,7480000,울산광역시교육청,7491000,울산광역시강북교육지원청,2016-08-12,2026-03-01,4039,2026-03-20
Z000105694,월산초통학구역,0,48,250,9010000,경상남도교육청,9091000,경상남도김해교육지원청,2016-08-12,2026-03-01,3614,2026-03-20
Z000106480,내덕초통학구역,0,48,250,9010000,경상남도교육청,9091000,경상남도김해교육지원청,2016-08-12,2026-03-01,59,2026-03-20
Z000150972,가양초광역통학구역,1,48,330,9010000,경상남도교육청,9151000,경상남도양산교육지원청,2020-05-11,2026-03-01,1361,2026-03-20
Z000105837,양주초통학구역,0,48,330,9010000,경상남도교육청,9151000,경상남도양산교육지원청,2016-08-12,2026-03-01,994,2026-03-20
Z000105836,양산초통학구역,0,48,330,9010000,경상남도교육청,9151000,경상남도양산교육지원청,2016-08-12,2026-03-01,4604,2026-03-20
Z000151354,산동초구미원당초구미인덕초(1~5학년)구미신당초(6학년)공동통학구역,1,47,190,8750000,경상북도교육청,8801000,경상북도구미교육지원청,2023-11-21,2026-03-01,3655,2026-03-20
Z000150853,선산초옥성초덕촌초도개초무을초공동(일방)통학구역,1,47,190,8750000,경상북도교육청,8801000,경상북도구미교육지원청,2020-02-05,2026-03-01,4732,2026-03-20
Z000151644,신주초광역통학구역,1,48,330,9010000,경상남도교육청,9151000,경상남도양산교육지원청,2016-08-12,2026-03-01,2563,2026-03-20
Z000105657,구봉초통학구역,0,48,250,9010000,경상남도교육청,9091000,경상남도김해교육지원청,2016-08-12,2025-05-27,6462,2026-03-20
Z000151106,김해구지초광역통학구역,1,48,250,9010000,경상남도교육청,9091000,경상남도김해교육지원청,2016-08-12,2025-05-27,1136,2026-03-20
Z000101119,인천운남초통학구역,0,28,110,7310000,인천광역시교육청,7321000,인천광역시남부교육지원청,2016-08-12,2025-07-17,330,2026-03-20
Z000106454,동신초통학구역,0,52,180,8321000,전북특별자치도교육청,8362000,전북특별자치도정읍교육지원청,2025-07-01,2025-07-08,2066,2026-03-20
Z000105534,자은초통학구역,0,48,129,9010000,경상남도교육청,9022000,경상남도창원교육지원청,2016-08-12,2025-11-13,5826,2026-03-20
Z000151596,공주교동초공주봉황초공동통학구역,1,44,150,8140000,충청남도교육청,8161000,충청남도공주교육지원청,2025-10-03,2025-10-03,3635,2026-03-20
Z000105470,대암초통학구역,0,48,123,9010000,경상남도교육청,9022000,경상남도창원교육지원청,2016-08-12,2025-11-13,500,2026-03-20
Z000105510,안남초통학구역,0,48,123,9010000,경상남도교육청,9022000,경상남도창원교육지원청,2016-08-12,2025-11-13,3174,2026-03-20
Z000151599,대암초안남초공동통학구역,1,48,123,9010000,경상남도교육청,9022000,경상남도창원교육지원청,2025-10-05,2025-11-13,5822,2026-03-20
Z000151105,화정초광역통학구역,1,48,250,9010000,경상남도교육청,9091000,경상남도김해교육지원청,2016-08-12,2026-03-01,2056,2026-03-20
Z000151169,삼계초광역통학구역,1,48,250,9010000,경상남도교육청,9091000,경상남도김해교육지원청,2016-08-12,2026-03-01,271,2026-03-20
Z000151629,구산초구봉초공동통학구역,1,48,250,9010000,경상남도교육청,9091000,경상남도김해교육지원청,2016-08-12,2026-03-01,3814,2026-03-20
Z000105658,구산초통학구역,0,48,250,9010000,경상남도교육청,9091000,경상남도김해교육지원청,2016-08-12,2026-03-01,273,2026-03-20
Z000105686,석봉초통학구역,0,48,250,9010000,경상남도교육청,9091000,경상남도김해교육지원청,2016-08-12,2026-03-01,939,2026-03-20
Z000105664,김해동광초통학구역,0,48,250,9010000,경상남도교육청,9091000,경상남도김해교육지원청,2016-08-12,2026-03-01,5801,2026-03-20
Z000105667,김해삼성초통학구역,0,48,250,9010000,경상남도교육청,9091000,경상남도김해교육지원청,2016-08-12,2026-03-01,1347,2026-03-20
Z000151293,가야초아라초함안초외암초산인초월촌초문암초중앙초법수초공동통학구역,1,48,730,9010000,경상남도교육청,9131000,경상남도함안교육지원청,2023-01-05,2026-03-01,6283,2026-03-20
Z000106484,죽향초통학구역,0,43,730,8000000,충청북도교육청,8061000,충청북도옥천교육지원청,2019-12-09,2026-03-01,3217,2026-03-20
Z000151645,강화초공동(일방)통학구역,1,28,710,7310000,인천광역시교육청,7351000,인천광역시강화교육지원청,2020-10-06,2026-03-01,6875,2026-03-20
Z000101135,인천금마초통학구역,0,28,237,7310000,인천광역시교육청,7331000,인천광역시북부교육지원청,2016-08-12,2025-11-13,4797,2026-03-20
Z000151093,수월초광역통학구역,1,48,310,9010000,경상남도교육청,9111000,경상남도거제교육지원청,2021-01-29,2025-12-23,6101,2026-03-20
Z000151218,거제중앙초광역통학구역,1,48,310,9010000,경상남도교육청,9111000,경상남도거제교육지원청,2016-08-12,2025-12-23,5197,2026-03-20
Z000151092,제산초광역통학구역,1,48,310,9010000,경상남도교육청,9111000,경상남도거제교육지원청,2021-01-29,2025-12-23,3434,2026-03-20
Z000151221,기성초광역통학구역,1,48,310,9010000,경상남도교육청,9111000,경상남도거제교육지원청,2016-08-12,2025-12-23,6858,2026-03-20
Z000100285,서울상일초통학구역,0,11,740,7010000,서울특별시교육청,7130000,서울특별시강동송파교육지원청,2016-08-12,2025-12-30,2667,2026-03-20
Z000101721,옥동초통학구역,0,31,140,7480000,울산광역시교육청,7501000,울산광역시강남교육지원청,2016-08-12,2026-03-01,6151,2026-03-20
Z000105665,김해봉황초통학구역,0,48,250,9010000,경상남도교육청,9091000,경상남도김해교육지원청,2016-08-12,2026-03-01,3158,2026-03-20
Z000105671,김해합성초통학구역,0,48,250,9010000,경상남도교육청,9091000,경상남도김해교육지원청,2016-08-12,2026-03-01,3157,2026-03-20
Z000151170,진영금병초광역통학구역,1,48,250,9010000,경상남도교육청,9091000,경상남도김해교육지원청,2016-08-12,2026-03-01,5383,2026-03-20
Z000151649,선원초공동(일방)통학구역,1,28,710,7310000,인천광역시교육청,7351000,인천광역시강화교육지원청,2016-08-12,2026-03-01,2354,2026-03-20
Z000151647,갑룡초공동(일방)통학구역,1,28,710,7310000,인천광역시교육청,7351000,인천광역시강화교육지원청,2016-08-12,2026-03-01,5889,2026-03-20
Z000151648,대월초공동(일방)통학구역,1,28,710,7310000,인천광역시교육청,7351000,인천광역시강화교육지원청,2016-08-12,2026-03-01,1418,2026-03-20
Z000151650,길상초공동(일방)통학구역,1,28,710,7310000,인천광역시교육청,7351000,인천광역시강화교육지원청,2016-08-12,2026-03-01,3235,2026-03-20
Z000151646,합일초공동(일방)통학구역,1,28,710,7310000,인천광역시교육청,7351000,인천광역시강화교육지원청,2016-08-12,2026-03-01,3318,2026-03-20
Z000101234,인천해송초통학구역,0,28,185,7310000,인천광역시교육청,7341000,인천광역시동부교육지원청,2016-08-12,2026-03-01,3259,2026-03-20
Z000101206,인천송일초통학구역,0,28,185,7310000,인천광역시교육청,7341000,인천광역시동부교육지원청,2016-08-12,2026-03-01,2364,2026-03-20
Z000151219,중곡초광역통학구역,1,48,310,9010000,경상남도교육청,9111000,경상남도거제교육지원청,2016-08-12,2025-12-23,5194,2026-03-20
Z000150202,군포양정초군포화산초공동통학구역,1,41,410,7530000,경기도교육청,7642000,경기도군포의왕교육지원청,2016-08-12,2025-12-23,2064,2026-03-20
Z000102352,군포초통학구역,0,41,410,7530000,경기도교육청,7642000,경기도군포의왕교육지원청,2016-08-12,2025-12-23,3834,2026-03-20
Z000151608,금촌초금향초공동통학구역,1,41,480,7530000,경기도교육청,7681000,경기도파주교육지원청,2025-12-03,2025-12-23,2187,2026-03-20
Z000102595,금촌초통학구역,0,41,480,7530000,경기도교육청,7681000,경기도파주교육지원청,2016-08-12,2025-12-23,2185,2026-03-20
Z000100519,서울행현초통학구역,0,11,200,7010000,서울특별시교육청,7134000,서울특별시성동광진교육지원청,2016-08-12,2025-05-27,6342,2026-03-20
Z000100518,서울행당초통학구역,0,11,200,7010000,서울특별시교육청,7134000,서울특별시성동광진교육지원청,2016-08-12,2025-05-27,4540,2026-03-20
Z000103316,상승초통학구역,0,51,790,7801000,강원특별자치도교육청,7942000,강원특별자치도화천교육지원청,2016-08-12,2025-05-27,3224,2026-03-20
Z000150915,온남초명산초공동(일방)통학구역,1,31,710,7480000,울산광역시교육청,7501000,울산광역시강남교육지원청,2020-02-19,2026-03-01,1750,2026-03-20
Z000101723,옥서초통학구역,0,31,140,7480000,울산광역시교육청,7501000,울산광역시강남교육지원청,2016-08-12,2026-03-01,7069,2026-03-20
Z000150064,인천논곡초인천동방초공동통학구역,1,28,200,7310000,인천광역시교육청,7341000,인천광역시동부교육지원청,2016-08-12,2026-03-01,383,2026-03-20
Z000105015,계림초통학구역,0,47,130,8750000,경상북도교육청,8771000,경상북도경주교육지원청,2016-08-12,2026-03-01,6692,2026-03-20
Z000151459,진영대창초광역통학구역,1,48,250,9010000,경상남도교육청,9091000,경상남도김해교육지원청,2024-03-26,2026-03-01,5384,2026-03-20
Z000151460,진영대흥초광역통학구역,1,48,250,9010000,경상남도교육청,9091000,경상남도김해교육지원청,2024-03-26,2026-03-01,1835,2026-03-20
Z000151461,진영장등초광역통학구역,1,48,250,9010000,경상남도교육청,9091000,경상남도김해교육지원청,2024-03-26,2026-03-01,6238,2026-03-20
Z000151107,진영중앙초광역통학구역,1,48,250,9010000,경상남도교육청,9091000,경상남도김해교육지원청,2021-02-08,2026-03-01,3598,2026-03-20
Z000151104,김해신명초광역통학구역,1,48,250,9010000,경상남도교육청,9091000,경상남도김해교육지원청,2016-08-12,2026-03-01,272,2026-03-20
Z000101213,인천연송초통학구역,0,28,185,7310000,인천광역시교육청,7341000,인천광역시동부교육지원청,2016-08-12,2026-03-01,6802,2026-03-20
Z000102089,보산초통학구역,0,41,250,7530000,경기도교육청,7602000,경기도동두천양주교육지원청,2016-08-12,2026-03-01,2505,2026-03-20
Z000102086,동두천초통학구역,0,41,250,7530000,경기도교육청,7602000,경기도동두천양주교육지원청,2016-08-12,2026-03-01,4346,2026-03-20
Z000104250,덕천초통학구역,0,52,180,8321000,전북특별자치도교육청,8362000,전북특별자치도정읍교육지원청,2016-08-12,2026-03-01,3574,2026-03-20
Z000102632,청석초통학구역,0,41,480,7530000,경기도교육청,7681000,경기도파주교육지원청,2016-08-12,2025-08-28,2004,2026-03-20
Z000101311,인천원당초통학구역,0,28,260,7310000,인천광역시교육청,7361000,인천광역시서부교육지원청,2016-08-12,2025-08-28,4248,2026-03-20
Z000101285,인천발산초통학구역,0,28,260,7310000,인천광역시교육청,7361000,인천광역시서부교육지원청,2016-08-12,2025-08-28,382,2026-03-20
Z000101315,인천창신초통학구역,0,28,260,7310000,인천광역시교육청,7361000,인천광역시서부교육지원청,2016-08-12,2025-08-28,2197,2026-03-20
Z000106455,인천신검단초통학구역,0,28,260,7310000,인천광역시교육청,7361000,인천광역시서부교육지원청,2025-08-01,2025-08-28,5704,2026-03-20
Z000106456,평택화양초통학구역,0,41,220,7530000,경기도교육청,7631000,경기도평택교육지원청,2025-08-02,2025-08-28,2722,2026-03-20
Z000106457,평택연화초통학구역,0,41,220,7530000,경기도교육청,7631000,경기도평택교육지원청,2025-08-02,2025-08-28,6231,2026-03-20
Z000102292,내기초통학구역,0,41,220,7530000,경기도교육청,7631000,경기도평택교육지원청,2016-08-12,2025-08-28,5652,2026-03-20
Z000102338,현덕초통학구역,0,41,220,7530000,경기도교육청,7631000,경기도평택교육지원청,2016-08-12,2025-08-28,289,2026-03-20
Z000102310,안중초통학구역,0,41,220,7530000,경기도교육청,7631000,경기도평택교육지원청,2016-08-12,2025-08-28,2848,2026-03-20
Z000105044,월성초통학구역,0,47,130,8750000,경상북도교육청,8771000,경상북도경주교육지원청,2016-08-12,2026-03-01,460,2026-03-20
Z000106447,대저중앙초통학구역,0,26,440,7150000,부산광역시교육청,7201000,부산광역시북부교육지원청,2025-03-09,2026-03-01,5806,2026-03-20
Z000106477,강서초통학구역,0,26,440,7150000,부산광역시교육청,7201000,부산광역시북부교육지원청,2025-03-09,2026-03-01,5803,2026-03-20
Z000105366,대동초통학구역,0,47,840,8750000,경상북도교육청,8931000,경상북도성주교육지원청,2016-08-12,2026-03-01,2969,2026-03-20
Z000150895,성주중앙초대가초공동(일반)통학구역,1,47,840,8750000,경상북도교육청,8931000,경상북도성주교육지원청,2020-02-14,2026-03-01,5603,2026-03-20
Z000150894,성주초대가초벽진초공동(일방)통학구역,1,47,840,8750000,경상북도교육청,8931000,경상북도성주교육지원청,2020-02-14,2026-03-01,5126,2026-03-20
Z000101284,인천목향초통학구역,0,28,260,7310000,인천광역시교육청,7361000,인천광역시서부교육지원청,2016-08-12,2026-03-01,4832,2026-03-20
Z000101266,인천검단초통학구역,0,28,260,7310000,인천광역시교육청,7361000,인천광역시서부교육지원청,2016-08-12,2026-03-01,1543,2026-03-20
Z000106475,신문초통학구역,0,48,250,9010000,경상남도교육청,9091000,경상남도김해교육지원청,2026-01-26,2026-03-01,6249,2026-03-20
Z000151457,김해율산초광역통학구역,1,48,250,9010000,경상남도교육청,9091000,경상남도김해교육지원청,2024-03-26,2026-03-01,5584,2026-03-20
Z000151455,수남초광역통학구역,1,48,250,9010000,경상남도교육청,9091000,경상남도김해교육지원청,2024-03-26,2026-03-01,940,2026-03-20
Z000151454,율하초광역통학구역,1,48,250,9010000,경상남도교육청,9091000,경상남도김해교육지원청,2024-03-26,2026-03-01,56,2026-03-20
Z000151453,관동초광역통학구역,1,48,250,9010000,경상남도교육청,9091000,경상남도김해교육지원청,2024-03-26,2026-03-01,937,2026-03-20
Z000151581,솔강초상봉초공동통학구역,1,43,113,8000000,충청북도교육청,8011000,충청북도청주교육지원청,2025-09-03,2025-08-28,6660,2026-03-20
Z000103373,강내초통학구역,0,43,113,8000000,충청북도교육청,8011000,충청북도청주교육지원청,2016-08-12,2025-08-28,6505,2026-03-20
Z000106425,주덕화곡초통학구역,0,43,130,8000000,충청북도교육청,8021000,충청북도충주교육지원청,2024-12-04,2025-08-28,6364,2026-03-20
Z000103487,주덕초통학구역,0,43,130,8000000,충청북도교육청,8021000,충청북도충주교육지원청,2016-08-12,2025-08-28,177,2026-03-20
Z000151525,동명초백운초화당초공동(일방)통학구역,1,43,150,8000000,충청북도교육청,8031000,충청북도제천교육지원청,2024-12-06,2025-12-09,6167,2026-03-20
Z000150728,명지초금성초백운초청풍초화당초공동(일방)통학구역,1,43,150,8000000,충청북도교육청,8031000,충청북도제천교육지원청,2019-01-24,2025-12-09,6170,2026-03-20
Z000105649,용산초통학구역,0,48,240,9010000,경상남도교육청,9081000,경상남도사천교육지원청,2016-08-12,2025-12-17,513,2026-03-20
Z000105639,대성초통학구역,0,48,240,9010000,경상남도교육청,9081000,경상남도사천교육지원청,2016-08-12,2025-12-17,3188,2026-03-20
Z000151267,삼성초서포초공동(일방)통학구역,1,48,240,9010000,경상남도교육청,9081000,경상남도사천교육지원청,2022-12-06,2025-12-17,6168,2026-03-20
Z000106451,울산효문초통학구역,0,31,200,7480000,울산광역시교육청,7491000,울산광역시강북교육지원청,2025-04-03,2025-04-22,239,2026-03-20
Z000100505,서울신자초통학구역,0,11,215,7010000,서울특별시교육청,7134000,서울특별시성동광진교육지원청,2016-08-12,2025-12-09,4398,2026-03-20
Z000100500,서울성수초통학구역,0,11,200,7010000,서울특별시교육청,7134000,서울특별시성동광진교육지원청,2016-08-12,2025-12-09,2560,2026-03-20
Z000100501,서울성자초통학구역,0,11,215,7010000,서울특별시교육청,7134000,서울특별시성동광진교육지원청,2016-08-12,2025-12-09,1910,2026-03-20
Z000151164,장락초백운초송학초화당초공동(일방)통학구역,1,43,150,8000000,충청북도교육청,8031000,충청북도제천교육지원청,2021-11-29,2025-12-09,1767,2026-03-20
Z000101293,인천불로초통학구역,0,28,260,7310000,인천광역시교육청,7361000,인천광역시서부교육지원청,2016-08-12,2026-03-01,4250,2026-03-20
Z000106479,인천검단호수초통학구역,0,28,260,7310000,인천광역시교육청,7361000,인천광역시서부교육지원청,2026-01-29,2026-03-01,4244,2026-03-20
Z000151627,인천검단호수초인천목향초공동통학구역,1,28,260,7310000,인천광역시교육청,7361000,인천광역시서부교육지원청,2026-01-29,2026-03-01,4251,2026-03-20
Z000104941,흑산초통학구역,0,46,910,8490000,전라남도교육청,8721000,전라남도신안교육지원청,2016-08-12,2026-03-01,5344,2026-03-20
Z000104943,흑산초홍도분교장통학구역,0,46,910,8490000,전라남도교육청,8721000,전라남도신안교육지원청,2016-08-12,2026-03-01,3558,2026-03-20
Z000102055,광명동초통학구역,0,41,210,7530000,경기도교육청,7591000,경기도광명교육지원청,2016-08-12,2026-03-01,5874,2026-03-20
Z000102056,광명북초통학구역,0,41,210,7530000,경기도교육청,7591000,경기도광명교육지원청,2016-08-12,2026-03-01,6776,2026-03-20
Z000105249,산북초통학구역,0,47,280,8750000,경상북도교육청,8841000,경상북도문경교육지원청,2016-08-12,2026-03-01,5602,2026-03-20
Z000100873,대구동일초통학구역,0,27,260,7240000,대구광역시교육청,7251000,대구광역시동부교육지원청,2016-08-12,2026-03-01,677,2026-03-20
Z000100869,대구동성초통학구역,0,27,260,7240000,대구광역시교육청,7251000,대구광역시동부교육지원청,2016-08-12,2026-03-01,1637,2026-03-20
Z000100872,대구동인초통학구역,0,27,110,7240000,대구광역시교육청,7251000,대구광역시동부교육지원청,2016-08-12,2026-03-01,4639,2026-03-20
Z000100891,대구삼덕초통학구역,0,27,110,7240000,대구광역시교육청,7251000,대구광역시동부교육지원청,2016-08-12,2026-03-01,6380,2026-03-20
Z000151432,대구봉무초대구해서초대구공산초대구지묘초공동(일방)통학구역,1,27,140,7240000,대구광역시교육청,7251000,대구광역시동부교육지원청,2016-08-12,2026-03-01,1648,2026-03-20
Z000101375,용두초통학구역,0,29,170,7380000,광주광역시교육청,7391000,광주광역시동부교육지원청,2016-08-12,2026-03-01,5002,2026-03-20
Z000101366,본촌초통학구역,0,29,170,7380000,광주광역시교육청,7391000,광주광역시동부교육지원청,2016-08-12,2026-03-01,4760,2026-03-20
Z000101656,약수초통학구역,0,31,200,7480000,울산광역시교육청,7491000,울산광역시강북교육지원청,2016-08-12,2025-04-22,3785,2026-03-20
Z000106144,중산초통학구역,0,31,200,7480000,울산광역시교육청,7491000,울산광역시강북교육지원청,2017-02-17,2025-04-22,4690,2026-03-20
Z000104399,덕치초통학구역,0,52,750,8321000,전북특별자치도교육청,8432000,전북특별자치도임실교육지원청,2016-08-12,2025-04-22,7115,2026-03-20
Z000104396,갈담초통학구역,0,52,750,8321000,전북특별자치도교육청,8432000,전북특별자치도임실교육지원청,2016-08-12,2025-04-22,5667,2026-03-20
Z000151589,용연초장생포초공동(일방)통학구역,1,31,140,7480000,울산광역시교육청,7501000,울산광역시강남교육지원청,2025-04-04,2025-05-13,7076,2026-03-20
Z000151588,대현초장생포초공동(일방)통학구역,1,31,140,7480000,울산광역시교육청,7501000,울산광역시강남교육지원청,2025-04-04,2025-05-13,3516,2026-03-20
Z000151056,군산초오봉초공동(일방)통학구역,1,52,130,8321000,전북특별자치도교육청,8342000,전북특별자치도군산교육지원청,2021-01-19,2026-03-17,1252,2026-03-20
Z000101659,연암초통학구역,0,31,200,7480000,울산광역시교육청,7491000,울산광역시강북교육지원청,2016-08-12,2025-04-22,3794,2026-03-20
Z000101665,울산양정초통학구역,0,31,200,7480000,울산광역시교육청,7491000,울산광역시강북교육지원청,2016-08-12,2025-04-22,4695,2026-03-20
Z000100568,다송초통학구역,0,26,380,7150000,부산광역시교육청,7171000,부산광역시서부교육지원청,2016-08-12,2026-03-01,4939,2026-03-20
Z000100566,다대초통학구역,0,26,380,7150000,부산광역시교육청,7171000,부산광역시서부교육지원청,2016-08-12,2026-03-01,1357,2026-03-20
Z000100600,중리초통학구역,0,26,200,7150000,부산광역시교육청,7171000,부산광역시서부교육지원청,2016-08-12,2026-03-01,4598,2026-03-20
Z000101352,광주지산초통학구역,0,29,170,7380000,광주광역시교육청,7391000,광주광역시동부교육지원청,2016-08-12,2026-04-05,3592,2026-03-20
Z000103793,아산남성초통학구역,0,44,200,8140000,충청남도교육청,8181000,충청남도아산교육지원청,2016-08-12,2026-03-01,514,2026-03-20
Z000106473,아산천우물초통학구역,0,44,200,8140000,충청남도교육청,8181000,충청남도아산교육지원청,2026-01-26,2026-03-01,6959,2026-03-20
Z000103790,신창초통학구역,0,44,200,8140000,충청남도교육청,8181000,충청남도아산교육지원청,2016-08-12,2026-03-01,3190,2026-03-20
Z000151615,신창초아산천우물초공동통학구역(2030학년도까지),1,44,200,8140000,충청남도교육청,8181000,충청남도아산교육지원청,2026-01-26,2026-03-01,6964,2026-03-20
Z000106474,이순신초통학구역,0,44,200,8140000,충청남도교육청,8181000,충청남도아산교육지원청,2026-01-26,2026-03-01,4284,2026-03-20
Z000101570,대전도솔초통학구역,0,30,170,7430000,대전광역시교육청,7451000,대전광역시서부교육지원청,2016-08-12,2025-02-04,1807,2026-03-20
Z000101569,대전도마초통학구역,0,30,170,7430000,대전광역시교육청,7451000,대전광역시서부교육지원청,2016-08-12,2025-02-04,295,2026-03-20
Z000101571,대전도안초통학구역,0,30,170,7430000,대전광역시교육청,7451000,대전광역시서부교육지원청,2016-08-12,2025-02-04,3754,2026-03-20
Z000101623,흥도초통학구역,0,30,170,7430000,대전광역시교육청,7451000,대전광역시서부교육지원청,2016-08-12,2025-02-04,5529,2026-03-20
Z000151279,구평초가산초학림초공동(일방)통학구역,1,47,190,8750000,경상북도교육청,8801000,경상북도구미교육지원청,2022-12-21,2024-12-30,4294,2026-03-20
Z000151281,구평남부초가산초학림초공동(일방)통학구역,1,47,190,8750000,경상북도교육청,8801000,경상북도구미교육지원청,2022-12-21,2024-12-30,4564,2026-03-20
Z000151280,천생초가산초학림초공동(일방)통학구역,1,47,190,8750000,경상북도교육청,8801000,경상북도구미교육지원청,2022-12-21,2024-12-30,965,2026-03-20
Z000151039,목포항도초제한적공동통학구역,1,46,110,8490000,전라남도교육청,8501000,전라남도목포교육지원청,2021-01-20,2025-02-04,4213,2026-03-20
Z000105179,영주초통학구역,0,47,210,8750000,경상북도교육청,8811000,경상북도영주교육지원청,2016-08-12,2024-12-30,3304,2026-03-20
Z000100714,연일초통학구역,0,26,470,7150000,부산광역시교육청,7191000,부산광역시동래교육지원청,2016-08-12,2025-02-04,6372,2026-03-20
Z000150773,평택청아초청옥초공동통학구역,1,41,220,7530000,경기도교육청,7631000,경기도평택교육지원청,2019-09-06,2025-02-04,6463,2026-03-20
Z000150713,경산초경산동부초평산초공동통학구역,1,47,290,8750000,경상북도교육청,8851000,경상북도경산교육지원청,2018-10-26,2025-02-04,4523,2026-03-20
Z000102320,지장초통학구역,0,41,220,7530000,경기도교육청,7631000,경기도평택교육지원청,2016-08-12,2025-02-04,6571,2026-03-20
Z000151472,송현초지장초공동통학구역,1,41,220,7530000,경기도교육청,7631000,경기도평택교육지원청,2024-09-30,2025-02-04,2687,2026-03-20
Z000104493,목포유달초통학구역,0,46,110,8490000,전라남도교육청,8501000,전라남도목포교육지원청,2016-08-12,2025-02-04,3202,2026-03-20
Z000102630,지산초통학구역,0,41,480,7530000,경기도교육청,7681000,경기도파주교육지원청,2016-08-12,2025-02-04,3919,2026-03-20
Z000106420,고산별빛초통학구역,0,41,610,7530000,경기도교육청,7692000,경기도광주하남교육지원청,2024-09-05,2024-09-12,2154,2026-03-20
Z000150275,벌원초탄벌초공동통학구역,1,41,610,7530000,경기도교육청,7692000,경기도광주하남교육지원청,2016-08-12,2024-09-12,2389,2026-03-20
Z000106361,내토초통학구역,0,43,150,8000000,충청북도교육청,8031000,충청북도제천교육지원청,2022-11-18,2025-02-04,4440,2026-03-20
Z000150681,명지초남당초청풍초금성초화당초공동(일방)통학구역,1,43,150,8000000,충청북도교육청,8031000,충청북도제천교육지원청,2018-03-07,2025-02-04,7083,2026-03-20
Z000103518,제천중앙초통학구역,0,43,150,8000000,충청북도교육청,8031000,충청북도제천교육지원청,2016-08-12,2025-02-04,2648,2026-03-20
Z000151526,제천봉양초원주신림초공동통학구역,1,43,150,8000000,충청북도교육청,8031000,충청북도제천교육지원청,2024-12-06,2025-02-04,446,2026-03-20
Z000151527,장락초제천중앙초송학초화당초공동(일방)통학구역,1,43,150,8000000,충청북도교육청,8031000,충청북도제천교육지원청,2024-12-06,2025-02-04,7091,2026-03-20
Z000103517,제천덕산초통학구역,0,43,150,8000000,충청북도교육청,8031000,충청북도제천교육지원청,2016-08-12,2025-02-04,7093,2026-03-20
Z000151524,제천덕산초한송초공동통학구역,1,43,150,8000000,충청북도교육청,8031000,충청북도제천교육지원청,2024-12-06,2025-02-04,6667,2026-03-20
Z000150249,마지초적암초공동통학구역,1,41,480,7530000,경기도교육청,7681000,경기도파주교육지원청,2016-08-12,2025-02-04,5041,2026-03-20
Z000102628,적서초통학구역,0,41,480,7530000,경기도교육청,7681000,경기도파주교육지원청,2016-08-12,2025-02-04,2058,2026-03-20
Z000151522,마지초남면초공동통학구역,1,41,480,7530000,경기도교육청,7681000,경기도파주교육지원청,2024-12-06,2025-02-04,4298,2026-03-20
Z000102080,남면초통학구역,0,41,630,7530000,경기도교육청,7602000,경기도동두천양주교육지원청,2016-08-12,2025-02-04,5055,2026-03-20
Z000151074,무선초제한적공동(일방)통학구역,1,46,130,8490000,전라남도교육청,8511000,전라남도여수교육지원청,2021-01-27,2025-06-11,2341,2026-03-20
Z000151071,여수종고초제한적공동(일방)통학구역,1,46,130,8490000,전라남도교육청,8511000,전라남도여수교육지원청,2021-01-26,2025-06-11,2840,2026-03-20
Z000151076,신기초제한적공동(일방)통학구역,1,46,130,8490000,전라남도교육청,8511000,전라남도여수교육지원청,2021-01-27,2025-06-11,2576,2026-03-20
Z000151081,여수신월초제한적공동(일방)통학구역,1,46,130,8490000,전라남도교육청,8511000,전라남도여수교육지원청,2021-01-27,2025-06-11,1674,2026-03-20
Z000151077,동백초제한적공동(일방)통학구역,1,46,130,8490000,전라남도교육청,8511000,전라남도여수교육지원청,2021-01-27,2025-06-11,179,2026-03-20
Z000151080,여수양지초제한적공동(일방)통학구역,1,46,130,8490000,전라남도교육청,8511000,전라남도여수교육지원청,2021-01-27,2025-06-11,5231,2026-03-20
Z000102683,탄벌초통학구역,0,41,610,7530000,경기도교육청,7692000,경기도광주하남교육지원청,2016-08-12,2024-09-12,3279,2026-03-20
Z000102668,벌원초통학구역,0,41,610,7530000,경기도교육청,7692000,경기도광주하남교육지원청,2016-08-12,2024-09-12,2155,2026-03-20
Z000105513,양곡초통학구역,0,48,123,9010000,경상남도교육청,9022000,경상남도창원교육지원청,2016-08-12,2024-09-20,1678,2026-03-20
Z000102635,통일초통학구역,0,41,480,7530000,경기도교육청,7681000,경기도파주교육지원청,2016-08-12,2025-02-04,3063,2026-03-20
Z000102600,덕암초통학구역,0,41,480,7530000,경기도교육청,7681000,경기도파주교육지원청,2016-08-12,2025-02-04,3,2026-03-20
Z000102614,신산초통학구역,0,41,480,7530000,경기도교육청,7681000,경기도파주교육지원청,2016-08-12,2025-02-04,6466,2026-03-20
Z000106285,산들초통학구역,0,41,480,7530000,경기도교육청,7681000,경기도파주교육지원청,2020-04-01,2025-02-04,2010,2026-03-20
Z000151521,와석초한빛초공동통학구역,1,41,480,7530000,경기도교육청,7681000,경기도파주교육지원청,2016-08-12,2025-02-04,5133,2026-03-20
Z000151382,순천용당초제한적공동통학구역,1,46,150,8490000,전라남도교육청,8521000,전라남도순천교육지원청,2024-03-05,2025-05-27,1181,2026-03-20
Z000151383,순천신흥초제한적공동통학구역,1,46,150,8490000,전라남도교육청,8521000,전라남도순천교육지원청,2024-03-05,2025-05-27,5362,2026-03-20
Z000151393,순천왕운초제한적공동통학구역,1,46,150,8490000,전라남도교육청,8521000,전라남도순천교육지원청,2024-03-05,2025-05-27,30,2026-03-20
Z000151394,매안초제한적공동통학구역,1,46,150,8490000,전라남도교육청,8521000,전라남도순천교육지원청,2024-03-05,2025-05-27,3587,2026-03-20
Z000151395,좌야초제한적공동통학구역,1,46,150,8490000,전라남도교육청,8521000,전라남도순천교육지원청,2024-03-05,2025-05-27,1823,2026-03-20
Z000102305,송북초통학구역,0,41,220,7530000,경기도교육청,7631000,경기도평택교육지원청,2016-08-12,2025-08-05,4849,2026-03-20
Z000102309,송현초통학구역,0,41,220,7530000,경기도교육청,7631000,경기도평택교육지원청,2016-08-12,2025-08-05,3445,2026-03-20
Z000101286,인천백석초통학구역,0,28,260,7310000,인천광역시교육청,7361000,인천광역시서부교육지원청,2016-08-12,2025-08-12,4247,2026-03-20
Z000103993,양신초통학구역,0,44,810,8140000,충청남도교육청,8271000,충청남도예산교육지원청,2016-08-12,2025-12-02,4184,2026-03-20
Z000151600,삼례동초간중초공동(일방)통학구역,1,52,710,8321000,전북특별자치도교육청,8392000,전북특별자치도완주교육지원청,2025-11-24,2025-12-02,87,2026-03-20
Z000151486,성황초제한적공동통학구역,1,46,230,8490000,전라남도교육청,8551000,전라남도광양교육지원청,2016-08-12,2024-12-04,780,2026-03-20
Z000151496,광양백운초제한적공동통학구역,1,46,230,8490000,전라남도교육청,8551000,전라남도광양교육지원청,2016-08-12,2024-12-04,4367,2026-03-20
Z000151484,광양마로초제한적공동통학구역,1,46,230,8490000,전라남도교육청,8551000,전라남도광양교육지원청,2016-08-12,2024-12-04,2336,2026-03-20
Z000101482,대전대룡초통학구역,0,30,110,7430000,대전광역시교육청,7441000,대전광역시동부교육지원청,2016-08-12,2024-10-10,6629,2026-03-20
Z000151323,대전판암초동명초공동(일방)통학구역,1,30,110,7430000,대전광역시교육청,7441000,대전광역시동부교육지원청,2023-04-07,2024-10-10,3975,2026-03-20
Z000151422,대전은어송초산흥초공동(일방)통학구역,1,30,110,7430000,대전광역시교육청,7441000,대전광역시동부교육지원청,2024-02-07,2024-10-10,2230,2026-03-20
Z000102365,백운초통학구역,0,41,430,7530000,경기도교육청,7642000,경기도군포의왕교육지원청,2016-08-12,2024-12-11,2846,2026-03-20
Z000104253,보성초통학구역,0,52,180,8321000,전북특별자치도교육청,8362000,전북특별자치도정읍교육지원청,2016-08-12,2025-07-08,3826,2026-03-20
Z000104266,정우초통학구역,0,52,180,8321000,전북특별자치도교육청,8362000,전북특별자치도정읍교육지원청,2016-08-12,2025-07-08,3490,2026-03-20
Z000104275,태인초통학구역,0,52,180,8321000,전북특별자치도교육청,8362000,전북특별자치도정읍교육지원청,2016-08-12,2025-07-08,2321,2026-03-20
Z000104262,옹동초통학구역,0,52,180,8321000,전북특별자치도교육청,8362000,전북특별자치도정읍교육지원청,2016-08-12,2025-07-08,1942,2026-03-20
Z000104274,칠보초통학구역,0,52,180,8321000,전북특별자치도교육청,8362000,전북특별자치도정읍교육지원청,2016-08-12,2025-07-08,2829,2026-03-20
Z000151590,신태인초감곡초공동(일방)통학구역,1,52,180,8321000,전북특별자치도교육청,8362000,전북특별자치도정읍교육지원청,2025-07-01,2025-07-08,1145,2026-03-20
Z000104243,감곡초통학구역,0,52,180,8321000,전북특별자치도교육청,8362000,전북특별자치도정읍교육지원청,2016-08-12,2025-07-08,1453,2026-03-20
Z000151108,봉서초가천초공동(일방)통학구역,1,52,710,8321000,전북특별자치도교육청,8392000,전북특별자치도완주교육지원청,2021-02-16,2025-12-02,4582,2026-03-20
Z000106209,서울해누리초통학구역,0,11,710,7010000,서울특별시교육청,7130000,서울특별시강동송파교육지원청,2019-01-19,2025-12-09,3073,2026-03-20
Z000100309,서울잠현초통학구역,0,11,710,7010000,서울특별시교육청,7130000,서울특별시강동송파교육지원청,2016-08-12,2025-12-09,4861,2026-03-20
Z000100306,서울잠실초통학구역,0,11,710,7010000,서울특별시교육청,7130000,서울특별시강동송파교육지원청,2016-08-12,2025-12-09,6023,2026-03-20
Z000100304,서울잠동초통학구역,0,11,710,7010000,서울특별시교육청,7130000,서울특별시강동송파교육지원청,2016-08-12,2025-12-09,4855,2026-03-20
Z000102191,장곡초통학구역,0,41,390,7530000,경기도교육청,7781000,경기도시흥교육지원청,2016-08-12,2025-12-09,2186,2026-03-20
Z000102196,진말초통학구역,0,41,390,7530000,경기도교육청,7781000,경기도시흥교육지원청,2016-08-12,2025-12-09,373,2026-03-20
Z000106427,대전원신흥초복용분교장통학구역,0,30,200,7430000,대전광역시교육청,7451000,대전광역시서부교육지원청,2024-12-03,2025-02-04,6218,2026-03-20
Z000151510,장수초수남초공동(일방)통학구역,1,52,740,8321000,전북특별자치도교육청,8422000,전북특별자치도장수교육지원청,2024-12-04,2025-02-04,524,2026-03-20
Z000102037,소일초통학구역,0,41,194,7530000,경기도교육청,7581000,경기도부천교육지원청,2016-08-12,2025-02-04,1287,2026-03-20
Z000151529,대구고매초대구군위초일방향공동통학구역,1,27,720,7240000,대구광역시교육청,8862000,대구광역시군위교육지원청,2024-12-06,2025-02-04,6980,2026-03-20
Z000151530,대구부계초대구군위초일방향공동통학구역,1,27,720,7240000,대구광역시교육청,8862000,대구광역시군위교육지원청,2024-12-06,2025-02-04,1832,2026-03-20
Z000151528,대구송원초대구군위초일방향공동통학구역,1,27,720,7240000,대구광역시교육청,8862000,대구광역시군위교육지원청,2024-12-06,2025-02-04,4711,2026-03-20
Z000151498,사창초제한적공동(일방)통학구역,1,46,880,8490000,전라남도교육청,8691000,전라남도장성교육지원청,2016-08-12,2024-12-11,4837,2026-03-20
Z000150615,삼화초동화초공동통학구역,1,50,110,9290000,제주특별자치도교육청,9296000,제주특별자치도제주시교육지원청,2016-08-12,2024-12-11,5658,2026-03-20
Z000104104,전주인후초통학구역,0,52,113,8321000,전북특별자치도교육청,8332000,전북특별자치도전주교육지원청,2016-08-12,2024-12-11,3535,2026-03-20
Z000101347,광주우산초통학구역,0,29,170,7380000,광주광역시교육청,7391000,광주광역시동부교육지원청,2016-08-12,2025-02-04,2604,2026-03-20
Z000101355,광주효동초통학구역,0,29,170,7380000,광주광역시교육청,7391000,광주광역시동부교육지원청,2016-08-12,2025-02-04,6130,2026-03-20
Z000150134,부천여월초성곡초공동통학구역,1,41,196,7530000,경기도교육청,7581000,경기도부천교육지원청,2016-08-12,2025-02-04,3979,2026-03-20
Z000102360,당정초통학구역,0,41,410,7530000,경기도교육청,7642000,경기도군포의왕교육지원청,2016-08-12,2025-11-13,2528,2026-03-20
Z000102355,금정초통학구역,0,41,410,7530000,경기도교육청,7642000,경기도군포의왕교육지원청,2016-08-12,2025-11-13,6958,2026-03-20
Z000103698,천안용곡초통학구역,0,44,131,8140000,충청남도교육청,8151000,충청남도천안교육지원청,2016-08-12,2025-11-13,5418,2026-03-20
Z000103699,천안용소초통학구역,0,44,131,8140000,충청남도교육청,8151000,충청남도천안교육지원청,2016-08-12,2025-11-13,119,2026-03-20
Z000151388,동명초제한적공동통학구역,1,46,150,8490000,전라남도교육청,8521000,전라남도순천교육지원청,2024-03-05,2025-05-27,4509,2026-03-20
Z000102119,검바위초통학구역,0,41,390,7530000,경기도교육청,7781000,경기도시흥교육지원청,2016-08-12,2025-12-09,6645,2026-03-20
Z000102124,군서초통학구역,0,41,390,7530000,경기도교육청,7781000,경기도시흥교육지원청,2016-08-12,2025-12-09,6286,2026-03-20
Z000102202,함현초통학구역,0,41,390,7530000,경기도교육청,7781000,경기도시흥교육지원청,2016-08-12,2025-12-09,2496,2026-03-20
Z000100508,서울옥수초통학구역,0,11,200,7010000,서울특별시교육청,7134000,서울특별시성동광진교육지원청,2016-08-12,2025-12-09,4615,2026-03-20
Z000151063,여수부영초제한적공동(일방)통학구역,1,46,130,8490000,전라남도교육청,8511000,전라남도여수교육지원청,2021-01-26,2025-06-11,4360,2026-03-20
Z000102606,문발초통학구역,0,41,480,7530000,경기도교육청,7681000,경기도파주교육지원청,2016-08-12,2025-02-04,2203,2026-03-20
Z000102618,와석초통학구역,0,41,480,7530000,경기도교육청,7681000,경기도파주교육지원청,2016-08-12,2025-02-04,1222,2026-03-20
Z000102594,금신초통학구역,0,41,480,7530000,경기도교육청,7681000,경기도파주교육지원청,2016-08-12,2025-02-04,4829,2026-03-20
Z000102631,천현초통학구역,0,41,480,7530000,경기도교육청,7681000,경기도파주교육지원청,2016-08-12,2025-02-04,3830,2026-03-20
Z000101076,대청초통학구역,0,28,720,7310000,인천광역시교육청,7321000,인천광역시남부교육지원청,2016-08-12,2024-09-20,4484,2026-03-20
Z000101548,가수원초통학구역,0,30,170,7430000,대전광역시교육청,7451000,대전광역시서부교육지원청,2016-08-12,2025-02-04,6500,2026-03-20
Z000101586,대전상대초통학구역,0,30,200,7430000,대전광역시교육청,7451000,대전광역시서부교육지원청,2016-08-12,2025-02-04,6393,2026-03-20
Z000151041,목포용해초제한적공동통학구역,1,46,110,8490000,전라남도교육청,8501000,전라남도목포교육지원청,2021-01-20,2025-02-04,4975,2026-03-20
Z000151036,목포영산초제한적공동통학구역,1,46,110,8490000,전라남도교육청,8501000,전라남도목포교육지원청,2021-01-20,2025-02-04,6866,2026-03-20
Z000151035,목포부주초제한적공동통학구역,1,46,840,8490000,전라남도교육청,8501000,전라남도목포교육지원청,2021-01-20,2025-02-04,620,2026-03-20
Z000102641,파평초통학구역,0,41,480,7530000,경기도교육청,7681000,경기도파주교육지원청,2016-08-12,2025-02-04,6777,2026-03-20
Z000151396,신대초제한적공동통학구역,1,46,150,8490000,전라남도교육청,8521000,전라남도순천교육지원청,2024-03-05,2025-05-27,5368,2026-03-20
Z000151374,순천조례초순천비봉초공동통학구역,1,46,150,8490000,전라남도교육청,8521000,전라남도순천교육지원청,2024-03-05,2025-06-04,28,2026-03-20
Z000104588,순천왕조초통학구역,0,46,150,8490000,전라남도교육청,8521000,전라남도순천교육지원청,2016-08-12,2025-06-11,4502,2026-03-20
Z000151384,순천비봉초제한적공동통학구역,1,46,150,8490000,전라남도교육청,8521000,전라남도순천교육지원청,2024-03-05,2025-06-11,5360,2026-03-20
Z000104524,소라초통학구역,0,46,130,8490000,전라남도교육청,8511000,전라남도여수교육지원청,2016-08-12,2025-06-11,3219,2026-03-20
Z000104533,여남초통학구역,0,46,130,8490000,전라남도교육청,8511000,전라남도여수교육지원청,2016-08-12,2025-06-11,783,2026-03-20
Z000104268,정읍동초통학구역,0,52,180,8321000,전북특별자치도교육청,8362000,전북특별자치도정읍교육지원청,2016-08-12,2025-07-08,4774,2026-03-20
Z000100509,서울옥정초통학구역,0,11,200,7010000,서울특별시교육청,7134000,서울특별시성동광진교육지원청,2016-08-12,2025-12-09,6332,2026-03-20
Z000100491,서울금옥초통학구역,0,11,200,7010000,서울특별시교육청,7134000,서울특별시성동광진교육지원청,2016-08-12,2025-12-09,149,2026-03-20
Z000150042,서울마장초서울사근초공동통학구역,1,11,200,7010000,서울특별시교육청,7134000,서울특별시성동광진교육지원청,2016-08-12,2025-12-09,6260,2026-03-20
Z000100487,서울광진초통학구역,0,11,215,7010000,서울특별시교육청,7134000,서울특별시성동광진교육지원청,2016-08-12,2025-12-09,2476,2026-03-20
Z000151159,복주초남후초서후초공동(일방)통학구역,1,47,170,8750000,경상북도교육청,8791000,경상북도안동교육지원청,2021-11-23,2025-04-22,756,2026-03-20
Z000105457,경화초통학구역,0,48,129,9010000,경상남도교육청,9022000,경상남도창원교육지원청,2016-08-12,2024-09-20,2301,2026-03-20
Z000151471,경화초진해중앙초공동통학구역,1,48,129,9010000,경상남도교육청,9022000,경상남도창원교육지원청,2024-09-19,2024-09-20,5203,2026-03-20
Z000105514,양덕초통학구역,0,48,127,9010000,경상남도교육청,9022000,경상남도창원교육지원청,2016-08-12,2024-09-20,6379,2026-03-20
Z000105552,팔룡초통학구역,0,48,127,9010000,경상남도교육청,9022000,경상남도창원교육지원청,2016-08-12,2024-09-20,6922,2026-03-20
Z000151470,양덕초팔룡초공동통학구역,1,48,127,9010000,경상남도교육청,9022000,경상남도창원교육지원청,2024-09-19,2024-09-20,2425,2026-03-20
Z000102640,파주초통학구역,0,41,480,7530000,경기도교육청,7681000,경기도파주교육지원청,2016-08-12,2025-02-04,1739,2026-03-20
Z000102607,문산동초통학구역,0,41,480,7530000,경기도교육청,7681000,경기도파주교육지원청,2016-08-12,2025-02-04,5259,2026-03-20
Z000104272,정읍초통학구역,0,52,180,8321000,전북특별자치도교육청,8362000,전북특별자치도정읍교육지원청,2016-08-12,2025-07-08,3226,2026-03-20
Z000151591,정읍북초칠보초영원초정일초서신초공동(일방)통학구역,1,52,180,8321000,전북특별자치도교육청,8362000,전북특별자치도정읍교육지원청,2025-07-01,2025-07-08,899,2026-03-20
Z000103691,천안신용초통학구역,0,44,131,8140000,충청남도교육청,8151000,충청남도천안교육지원청,2016-08-12,2025-11-13,1863,2026-03-20
Z000103702,천안일봉초통학구역,0,44,131,8140000,충청남도교육청,8151000,충청남도천안교육지원청,2016-08-12,2025-11-13,2793,2026-03-20
Z000151070,여수미평초제한적공동(일방)통학구역,1,46,130,8490000,전라남도교육청,8511000,전라남도여수교육지원청,2021-01-26,2025-06-11,3728,2026-03-20
Z000151082,여수좌수영초제한적공동(일방)통학구역,1,46,130,8490000,전라남도교육청,8511000,전라남도여수교육지원청,2021-01-27,2025-06-11,7016,2026-03-20
Z000151073,시전초제한적공동(일방)통학구역,1,46,130,8490000,전라남도교육청,8511000,전라남도여수교육지원청,2021-01-27,2025-06-11,4993,2026-03-20
Z000151079,여수여문초제한적공동(일방)통학구역,1,46,130,8490000,전라남도교육청,8511000,전라남도여수교육지원청,2021-01-27,2025-06-11,6099,2026-03-20
Z000151495,광양용강초제한적공동통학구역,1,46,230,8490000,전라남도교육청,8551000,전라남도광양교육지원청,2016-08-12,2024-12-04,531,2026-03-20
Z000151483,광양북초제한적공동통학구역,1,46,230,8490000,전라남도교육청,8551000,전라남도광양교육지원청,2016-08-12,2024-12-04,1396,2026-03-20
Z000151491,광양중동초제한적공동통학구역,1,46,230,8490000,전라남도교육청,8551000,전라남도광양교육지원청,2016-08-12,2024-12-04,7017,2026-03-20
Z000151485,광양덕례초제한적공동통학구역,1,46,230,8490000,전라남도교육청,8551000,전라남도광양교육지원청,2016-08-12,2024-12-04,1040,2026-03-20
Z000151534,대구효령초대구군위초일방향공동통학구역,1,27,720,7240000,대구광역시교육청,8862000,대구광역시군위교육지원청,2024-12-06,2025-02-04,4329,2026-03-20
Z000103514,의림초통학구역,0,43,150,8000000,충청북도교육청,8031000,충청북도제천교육지원청,2016-08-12,2025-02-04,863,2026-03-20
Z000150086,대전은어송초산내초공동통학구역,1,30,110,7430000,대전광역시교육청,7441000,대전광역시동부교육지원청,2016-08-12,2024-10-10,1279,2026-03-20
Z000105699,장유초통학구역,0,48,250,9010000,경상남도교육청,9091000,경상남도김해교육지원청,2016-08-12,2024-10-10,5390,2026-03-20
Z000106354,지제초통학구역,0,41,220,7530000,경기도교육청,7631000,경기도평택교육지원청,2022-08-12,2024-10-10,6896,2026-03-20
Z000100074,서울신석초통학구역,0,11,440,7010000,서울특별시교육청,7031000,서울특별시서부교육지원청,2016-08-12,2025-11-25,1146,2026-03-20
Z000151066,안심초제한적공동(일방)통학구역,1,46,130,8490000,전라남도교육청,8511000,전라남도여수교육지원청,2021-01-26,2025-06-11,3222,2026-03-20
Z000151068,죽림초제한적공동(일방)통학구역,1,46,130,8490000,전라남도교육청,8511000,전라남도여수교육지원청,2021-01-26,2025-06-11,5867,2026-03-20
Z000151064,도원초제한적공동(일방)통학구역,1,46,130,8490000,전라남도교육청,8511000,전라남도여수교육지원청,2021-01-26,2025-06-11,1405,2026-03-20
Z000151065,여천초제한적공동(일방)통학구역,1,46,130,8490000,전라남도교육청,8511000,전라남도여수교육지원청,2021-01-26,2025-06-11,6355,2026-03-20
Z000151067,웅천초제한적공동(일방)통학구역,1,46,130,8490000,전라남도교육청,8511000,전라남도여수교육지원청,2021-01-26,2025-06-11,3456,2026-03-20
Z000151078,여수송현초제한적공동(일방)통학구역,1,46,130,8490000,전라남도교육청,8511000,전라남도여수교육지원청,2021-01-27,2025-06-11,6104,2026-03-20
Z000151467,여수문수초제한적공동(일방)통학구역,1,46,130,8490000,전라남도교육청,8511000,전라남도여수교육지원청,2024-08-22,2025-06-11,3461,2026-03-20
Z000151468,예울초제한적공동(일방)통학구역,1,46,130,8490000,전라남도교육청,8511000,전라남도여수교육지원청,2024-08-22,2025-06-11,7012,2026-03-20
Z000101397,광주월산초통학구역,0,29,155,7380000,광주광역시교육청,7401000,광주광역시서부교육지원청,2016-08-12,2025-08-12,6536,2026-03-20
Z000103508,봉양초통학구역,0,43,150,8000000,충청북도교육청,8031000,충청북도제천교육지원청,2016-08-12,2025-02-04,7081,2026-03-20
Z000150639,신백초두학초공동(일방)통학구역,1,43,150,8000000,충청북도교육청,8031000,충청북도제천교육지원청,2017-02-14,2025-02-04,2657,2026-03-20
Z000103512,왕미초통학구역,0,43,150,8000000,충청북도교육청,8031000,충청북도제천교육지원청,2016-08-12,2025-02-04,857,2026-03-20
Z000103513,용두초통학구역,0,43,150,8000000,충청북도교육청,8031000,충청북도제천교육지원청,2016-08-12,2025-02-04,3523,2026-03-20
Z000103520,한송초통학구역,0,43,150,8000000,충청북도교육청,8031000,충청북도제천교육지원청,2016-08-12,2025-02-04,2318,2026-03-20
Z000102636,파양초통학구역,0,41,480,7530000,경기도교육청,7681000,경기도파주교육지원청,2016-08-12,2025-02-04,891,2026-03-20
Z000104067,전주동초통학구역,0,52,111,8321000,전북특별자치도교육청,8332000,전북특별자치도전주교육지원청,2016-08-12,2024-12-11,6889,2026-03-20
Z000105504,성호초통학구역,0,48,125,9010000,경상남도교육청,9022000,경상남도창원교육지원청,2016-08-12,2024-12-18,2421,2026-03-20
Z000105484,무학초통학구역,0,48,125,9010000,경상남도교육청,9022000,경상남도창원교육지원청,2016-08-12,2024-12-18,4202,2026-03-20
Z000151205,대불초제한적공동통학구역,1,46,830,8490000,전라남도교육청,8651000,전라남도영암교육지원청,2021-12-20,2025-07-29,4221,2026-03-20
Z000150865,삼호중앙초제한적공동통학구역,1,46,830,8490000,전라남도교육청,8651000,전라남도영암교육지원청,2020-02-06,2025-07-29,5083,2026-03-20
Z000151375,순천중앙초제한적공동통학구역,1,46,150,8490000,전라남도교육청,8521000,전라남도순천교육지원청,2024-03-05,2025-07-29,5359,2026-03-20
Z000151162,안동영호초남후초서후초공동(일방)통학구역,1,47,170,8750000,경상북도교육청,8791000,경상북도안동교육지원청,2021-11-23,2025-04-22,4335,2026-03-20
Z000151161,길주초남선초길안초송천초안동동부초공동(일방)통학구역,1,47,170,8750000,경상북도교육청,8791000,경상북도안동교육지원청,2021-11-23,2025-04-22,47,2026-03-20
Z000106224,창릉초통학구역,0,41,281,7530000,경기도교육청,7621000,경기도고양교육지원청,2019-04-30,2025-04-22,6235,2026-03-20
Z000106266,지축초통학구역,0,41,281,7530000,경기도교육청,7621000,경기도고양교육지원청,2024-01-08,2025-04-22,1723,2026-03-20
Z000150252,천현초파양초공동통학구역,1,41,480,7530000,경기도교육청,7681000,경기도파주교육지원청,2016-08-12,2025-02-04,5005,2026-03-20
Z000102638,파주송화초통학구역,0,41,480,7530000,경기도교육청,7681000,경기도파주교육지원청,2016-08-12,2025-02-04,1237,2026-03-20
Z000102634,탄현초통학구역,0,41,480,7530000,경기도교육청,7681000,경기도파주교육지원청,2016-08-12,2025-02-04,5130,2026-03-20
Z000151043,목포이로초제한적공동통학구역,1,46,110,8490000,전라남도교육청,8501000,전라남도목포교육지원청,2021-01-20,2025-02-04,5078,2026-03-20
Z000102623,웅담초통학구역,0,41,480,7530000,경기도교육청,7681000,경기도파주교육지원청,2016-08-12,2025-02-04,5255,2026-03-20
Z000100062,서울서강초통학구역,0,11,440,7010000,서울특별시교육청,7031000,서울특별시서부교육지원청,2016-08-12,2025-11-25,276,2026-03-20
Z000100096,서울창천초통학구역,0,11,440,7010000,서울특별시교육청,7031000,서울특별시서부교육지원청,2016-08-12,2025-11-25,3827,2026-03-20
Z000100098,서울한서초통학구역,0,11,440,7010000,서울특별시교육청,7031000,서울특별시서부교육지원청,2016-08-12,2025-11-25,708,2026-03-20
Z000100085,서울용강초통학구역,0,11,440,7010000,서울특별시교육청,7031000,서울특별시서부교육지원청,2016-08-12,2025-11-25,6477,2026-03-20
Z000151024,여수한려초제한적공동(일방)통학구역,1,46,130,8490000,전라남도교육청,8511000,전라남도여수교육지원청,2020-12-16,2025-06-11,4372,2026-03-20
Z000101280,인천당하초통학구역,0,28,260,7310000,인천광역시교육청,7361000,인천광역시서부교육지원청,2016-08-12,2025-08-12,644,2026-03-20
Z000106274,인천경연초중학교통학구역,0,28,260,7310000,인천광역시교육청,7361000,인천광역시서부교육지원청,2020-01-21,2025-08-12,1440,2026-03-20
Z000101307,인천양지초통학구역,0,28,260,7310000,인천광역시교육청,7361000,인천광역시서부교육지원청,2016-08-12,2025-08-12,5088,2026-03-20
Z000101260,인천가원초통학구역,0,28,260,7310000,인천광역시교육청,7361000,인천광역시서부교육지원청,2016-08-12,2025-08-12,1534,2026-03-20
Z000101396,광주양동초통학구역,0,29,140,7380000,광주광역시교육청,7401000,광주광역시서부교육지원청,2016-08-12,2025-08-12,1194,2026-03-20
Z000102163,시흥신일초통학구역,0,41,390,7530000,경기도교육청,7781000,경기도시흥교육지원청,2016-08-12,2025-12-09,6641,2026-03-20
Z000102501,동화초통학구역,0,41,590,7530000,경기도교육청,7679000,경기도화성오산교육지원청,2016-08-12,2024-10-10,3738,2026-03-20
Z000102516,상봉초통학구역,0,41,590,7530000,경기도교육청,7679000,경기도화성오산교육지원청,2016-08-12,2024-10-10,713,2026-03-20
Z000101534,대전흥룡초통학구역,0,30,110,7430000,대전광역시교육청,7441000,대전광역시동부교육지원청,2016-08-12,2024-10-10,1277,2026-03-20
Z000151420,대전용운초동명초공동(일방)통학구역,1,30,110,7430000,대전광역시교육청,7441000,대전광역시동부교육지원청,2024-02-07,2024-10-10,3103,2026-03-20
Z000102620,용연초통학구역,0,41,480,7530000,경기도교육청,7681000,경기도파주교육지원청,2016-08-12,2025-02-04,36,2026-03-20
Z000102624,월롱초통학구역,0,41,480,7530000,경기도교육청,7681000,경기도파주교육지원청,2016-08-12,2025-02-04,6584,2026-03-20
Z000102333,평택중앙초통학구역,0,41,220,7530000,경기도교육청,7631000,경기도평택교육지원청,2016-08-12,2024-10-10,5110,2026-03-20
Z000102507,문시초통학구역,0,41,370,7530000,경기도교육청,7679000,경기도화성오산교육지원청,2016-08-12,2024-10-17,4460,2026-03-20
Z000106382,세담초통학구역,0,41,370,7530000,경기도교육청,7679000,경기도화성오산교육지원청,2023-09-12,2024-10-17,1778,2026-03-20
Z000100330,서울공항초통학구역,0,11,500,7010000,서울특별시교육청,7081300,서울특별시강서양천교육지원청,2016-08-12,2024-10-17,6143,2026-03-20
Z000151072,쌍봉초제한적공동(일방)통학구역,1,46,130,8490000,전라남도교육청,8511000,전라남도여수교육지원청,2021-01-26,2025-06-11,6759,2026-03-20
Z000151075,소호초제한적공동(일방)통학구역,1,46,130,8490000,전라남도교육청,8511000,전라남도여수교육지원청,2021-01-27,2025-06-11,2340,2026-03-20
Z000101441,신창초통학구역,0,29,200,7380000,광주광역시교육청,7401000,광주광역시서부교육지원청,2016-08-12,2025-08-12,895,2026-03-20
Z000101471,풍영초통학구역,0,29,200,7380000,광주광역시교육청,7401000,광주광역시서부교육지원청,2016-08-12,2025-08-12,2691,2026-03-20
Z000151584,서울등명초서울등양초서울등현초공동통학구역,1,11,500,7010000,서울특별시교육청,7081300,서울특별시강서양천교육지원청,2025-04-02,2025-08-12,885,2026-03-20
Z000106446,청미르초통학구역,0,41,480,7530000,경기도교육청,7681000,경기도파주교육지원청,2025-08-01,2025-08-28,2902,2026-03-20
Z000100490,서울금북초통학구역,0,11,200,7010000,서울특별시교육청,7134000,서울특별시성동광진교육지원청,2016-08-12,2025-12-09,1938,2026-03-20
Z000151490,광양가야초제한적공동통학구역,1,46,230,8490000,전라남도교육청,8551000,전라남도광양교육지원청,2016-08-12,2024-12-04,6350,2026-03-20
Z000151489,광영초제한적공동통학구역,1,46,230,8490000,전라남도교육청,8551000,전라남도광양교육지원청,2016-08-12,2024-12-04,1952,2026-03-20
Z000151488,광양중마초제한적공동통학구역,1,46,230,8490000,전라남도교육청,8551000,전라남도광양교육지원청,2016-08-12,2024-12-04,777,2026-03-20
Z000151493,광양마동초제한적공동통학구역,1,46,230,8490000,전라남도교육청,8551000,전라남도광양교육지원청,2016-08-12,2024-12-04,5227,2026-03-20
Z000100349,서울송화초통학구역,0,11,500,7010000,서울특별시교육청,7081300,서울특별시강서양천교육지원청,2016-08-12,2024-10-17,7060,2026-03-20
Z000151475,인천부평남초인천동수초공동통학구역,1,28,237,7310000,인천광역시교육청,7331000,인천광역시북부교육지원청,2024-10-28,2024-10-31,2895,2026-03-20
Z000103394,문의초도원분교장통학구역,0,43,111,8000000,충청북도교육청,8011000,충청북도청주교육지원청,2016-08-12,2024-10-31,2233,2026-03-20
Z000103431,옥포초통학구역,0,43,112,8000000,충청북도교육청,8011000,충청북도청주교육지원청,2016-08-12,2024-10-31,3092,2026-03-20
Z000151473,남이초옥포초공동통학구역,1,43,112,8000000,충청북도교육청,8011000,충청북도청주교육지원청,2024-10-25,2024-10-31,6622,2026-03-20
Z000100777,엄궁초통학구역,0,26,530,7150000,부산광역시교육청,7201000,부산광역시북부교육지원청,2016-08-12,2024-10-31,4938,2026-03-20
Z000103683,천안새샘초통학구역,0,44,131,8140000,충청남도교육청,8151000,충청남도천안교육지원청,2016-08-12,2024-12-18,2784,2026-03-20
Z000103706,천안청룡초통학구역,0,44,131,8140000,충청남도교육청,8151000,충청남도천안교육지원청,2016-08-12,2024-12-18,116,2026-03-20
Z000150636,환서초천안오성초천안백석초천안한들초공동통학구역,1,44,133,8140000,충청남도교육청,8151000,충청남도천안교육지원청,2017-02-14,2024-12-18,1856,2026-03-20
Z000103696,천안오성초통학구역,0,44,133,8140000,충청남도교육청,8151000,충청남도천안교육지원청,2016-08-12,2024-12-18,1864,2026-03-20
Z000151381,순천이수초제한적공동통학구역,1,46,150,8490000,전라남도교육청,8521000,전라남도순천교육지원청,2024-03-05,2025-07-29,4499,2026-03-20
Z000101788,수원초통학구역,0,41,115,7530000,경기도교육청,7541000,경기도수원교육지원청,2016-08-12,2025-08-05,1462,2026-03-20
Z000101760,매산초통학구역,0,41,115,7530000,경기도교육청,7541000,경기도수원교육지원청,2016-08-12,2025-08-05,6061,2026-03-20
Z000151172,담양남초제한적공동통학구역,1,46,710,8490000,전라남도교육청,8561000,전라남도담양교육지원청,2016-08-12,2025-06-11,3713,2026-03-20
Z000150480,가사문학초광주동초충효분교공동통학구역,1,46,710,8490000,전라남도교육청,8561000,전라남도담양교육지원청,2016-08-12,2025-06-11,1019,2026-03-20
Z000104661,가사문학초통학구역,0,46,710,8490000,전라남도교육청,8561000,전라남도담양교육지원청,2016-08-12,2025-06-11,2470,2026-03-20
Z000104119,전주한들초통학구역,0,52,111,8321000,전북특별자치도교육청,8332000,전북특별자치도전주교육지원청,2016-08-12,2025-06-18,2756,2026-03-20
Z000105941,월천초통학구역,0,48,880,9010000,경상남도교육청,9211000,경상남도거창교육지원청,2016-08-12,2025-02-04,2215,2026-03-20
Z000150792,창동초광역통학구역,1,48,880,9010000,경상남도교육청,9211000,경상남도거창교육지원청,2019-12-11,2025-02-04,4917,2026-03-20
Z000101804,원일초통학구역,0,41,117,7530000,경기도교육청,7541000,경기도수원교육지원청,2016-08-12,2024-12-18,6999,2026-03-20
Z000100587,송도초통학구역,0,26,140,7150000,부산광역시교육청,7171000,부산광역시서부교육지원청,2016-08-12,2024-12-18,6726,2026-03-20
Z000151037,목포옥암초제한적공동통학구역,1,46,110,8490000,전라남도교육청,8501000,전라남도목포교육지원청,2021-01-20,2025-02-04,4219,2026-03-20
Z000106017,제주북초통학구역,0,50,110,9290000,제주특별자치도교육청,9296000,제주특별자치도제주시교육지원청,2016-08-12,2025-11-25,546,2026-03-20
Z000106018,제주서초통학구역,0,50,110,9290000,제주특별자치도교육청,9296000,제주특별자치도제주시교육지원청,2016-08-12,2025-11-25,2444,2026-03-20
Z000104001,조림초통학구역,0,44,810,8140000,충청남도교육청,8271000,충청남도예산교육지원청,2016-08-12,2025-12-02,4827,2026-03-20
Z000103980,구만초통학구역,0,44,810,8140000,충청남도교육청,8271000,충청남도예산교육지원청,2016-08-12,2025-12-02,6938,2026-03-20
Z000102617,영도초통학구역,0,41,480,7530000,경기도교육청,7681000,경기도파주교육지원청,2016-08-12,2025-02-04,5267,2026-03-20
Z000150968,와석초운정초지산초파주와동초공동통학구역,1,41,480,7530000,경기도교육청,7681000,경기도파주교육지원청,2020-04-08,2025-02-04,2177,2026-03-20
Z000102593,금릉초통학구역,0,41,480,7530000,경기도교육청,7681000,경기도파주교육지원청,2016-08-12,2025-02-04,3039,2026-03-20
Z000102597,금화초통학구역,0,41,480,7530000,경기도교육청,7681000,경기도파주교육지원청,2016-08-12,2025-02-04,349,2026-03-20
Z000103054,서곡초통학구역,0,51,130,7801000,강원특별자치도교육청,7822000,강원특별자치도원주교육지원청,2016-08-12,2024-11-26,5786,2026-03-20
Z000101128,인천학산초통학구역,0,28,177,7310000,인천광역시교육청,7321000,인천광역시남부교육지원청,2018-09-19,2024-11-26,4147,2026-03-20
Z000101115,인천용학초통학구역,0,28,177,7310000,인천광역시교육청,7321000,인천광역시남부교육지원청,2018-09-19,2024-11-26,1441,2026-03-20
Z000100781,주감초통학구역,0,26,530,7150000,부산광역시교육청,7201000,부산광역시북부교육지원청,2016-08-12,2024-11-26,5212,2026-03-20
Z000101976,안양호암초통학구역,0,41,171,7530000,경기도교육청,7569000,경기도안양과천교육지원청,2016-08-12,2025-02-04,1429,2026-03-20
Z000151034,목포백련초제한적공동통학구역,1,46,110,8490000,전라남도교육청,8501000,전라남도목포교육지원청,2021-01-20,2025-02-04,4099,2026-03-20
Z000102625,임진초통학구역,0,41,480,7530000,경기도교육청,7681000,경기도파주교육지원청,2016-08-12,2025-02-04,423,2026-03-20
Z000106250,평택청아초통학구역,0,41,220,7530000,경기도교육청,7631000,경기도평택교육지원청,2019-09-06,2025-02-04,3240,2026-03-20
Z000102605,마지초통학구역,0,41,480,7530000,경기도교육청,7681000,경기도파주교육지원청,2016-08-12,2025-02-04,5846,2026-03-20
Z000102262,일산은행초통학구역,0,41,285,7530000,경기도교육청,7621000,경기도고양교육지원청,2016-08-12,2024-09-12,2401,2026-03-20
Z000150165,다솜초하늘초공동통학구역,1,41,285,7530000,경기도교육청,7621000,경기도고양교육지원청,2016-08-12,2024-09-12,3115,2026-03-20
Z000106351,고산하늘초통학구역,0,41,610,7530000,경기도교육청,7692000,경기도광주하남교육지원청,2022-06-10,2024-09-12,3273,2026-03-20
Z000151492,광양중진초제한적공동통학구역,1,46,230,8490000,전라남도교육청,8551000,전라남도광양교육지원청,2016-08-12,2024-12-04,1686,2026-03-20
Z000104229,이리초통학구역,0,52,140,8321000,전북특별자치도교육청,8352000,전북특별자치도익산교육지원청,2016-08-12,2025-02-04,4959,2026-03-20
Z000151506,이리초이리남창초공동통학구역,1,52,140,8321000,전북특별자치도교육청,8352000,전북특별자치도익산교육지원청,2024-12-03,2025-02-04,5158,2026-03-20
Z000104112,전주지곡초통학구역,0,52,111,8321000,전북특별자치도교육청,8332000,전북특별자치도전주교육지원청,2016-08-12,2025-02-04,5446,2026-03-20
Z000104070,전주문정초통학구역,0,52,111,8321000,전북특별자치도교육청,8332000,전북특별자치도전주교육지원청,2016-08-12,2025-02-04,5466,2026-03-20
Z000101151,인천부평남초통학구역,0,28,237,7310000,인천광역시교육청,7331000,인천광역시북부교육지원청,2016-08-12,2025-02-04,2901,2026-03-20
Z000101137,인천동수초통학구역,0,28,237,7310000,인천광역시교육청,7331000,인천광역시북부교육지원청,2016-08-12,2025-02-04,1109,2026-03-20
Z000101604,대전원앙초통학구역,0,30,170,7430000,대전광역시교육청,7451000,대전광역시서부교육지원청,2016-08-12,2025-02-04,2867,2026-03-20
Z000102608,문산초통학구역,0,41,480,7530000,경기도교육청,7681000,경기도파주교육지원청,2016-08-12,2025-02-04,4816,2026-03-20
Z000100751,동궁초통학구역,0,26,530,7150000,부산광역시교육청,7201000,부산광역시북부교육지원청,2016-08-12,2024-10-31,1359,2026-03-20
Z000100788,학장초통학구역,0,26,530,7150000,부산광역시교육청,7201000,부산광역시북부교육지원청,2016-08-12,2024-10-31,1365,2026-03-20
Z000100732,구학초통학구역,0,26,530,7150000,부산광역시교육청,7201000,부산광역시북부교육지원청,2016-08-12,2024-10-31,4940,2026-03-20
Z000102629,적암초통학구역,0,41,480,7530000,경기도교육청,7681000,경기도파주교육지원청,2016-08-12,2025-02-04,1628,2026-03-20
Z000106115,조치원교동초통학구역,0,36,110,9300000,세종특별자치시교육청,9300000,세종특별자치시교육청,2016-08-12,2024-11-06,438,2026-03-20
Z000106116,조치원대동초통학구역,0,36,110,9300000,세종특별자치시교육청,9300000,세종특별자치시교육청,2016-08-12,2024-11-06,437,2026-03-20
Z000151487,광양중앙초제한적공동통학구역,1,46,230,8490000,전라남도교육청,8551000,전라남도광양교육지원청,2016-08-12,2024-12-04,6106,2026-03-20
Z000151350,대전대정초남선초공동(일방)통학구역,1,30,200,7430000,대전광역시교육청,7451000,대전광역시서부교육지원청,2023-10-17,2025-02-04,6391,2026-03-20
Z000101603,대전원신흥초통학구역,0,30,200,7430000,대전광역시교육청,7451000,대전광역시서부교육지원청,2016-08-12,2025-02-04,4648,2026-03-20
Z000101598,대전수미초통학구역,0,30,170,7430000,대전광역시교육청,7451000,대전광역시서부교육지원청,2016-08-12,2025-02-04,5614,2026-03-20
Z000101552,기성초통학구역,0,30,170,7430000,대전광역시교육청,7451000,대전광역시서부교육지원청,2016-08-12,2025-02-04,2971,2026-03-20
Z000150246,능안초파주대원초공동통학구역,1,41,480,7530000,경기도교육청,7681000,경기도파주교육지원청,2016-08-12,2025-02-04,825,2026-03-20
Z000150244,금신초파주송화초공동통학구역,1,41,480,7530000,경기도교육청,7681000,경기도파주교육지원청,2016-08-12,2025-02-04,6650,2026-03-20
Z000102596,금향초통학구역,0,41,480,7530000,경기도교육청,7681000,경기도파주교육지원청,2016-08-12,2025-02-04,1245,2026-03-20
Z000102598,능안초통학구역,0,41,480,7530000,경기도교육청,7681000,경기도파주교육지원청,2016-08-12,2025-02-04,3980,2026-03-20
Z000151348,"고운초통학구역[2026학년도 1학년 신입생, 2~4학년 재학생에 대해 적용(1~4학년 전입생의 경우도 동일 적용)] 으뜸초통학구역[2026학년도 5학년～6학년 재학생에 대해 적용(5~6학년 전입생의 경우도",1,36,110,9300000,세종특별자치시교육청,9300000,세종특별자치시교육청,2023-10-17,2026-03-19,3907,2026-03-20
Z000106117,조치원명동초통학구역,0,36,110,9300000,세종특별자치시교육청,9300000,세종특별자치시교육청,2016-08-12,2024-11-06,2245,2026-03-20
Z000100602,천마초통학구역,0,26,140,7150000,부산광역시교육청,7171000,부산광역시서부교육지원청,2016-08-12,2024-12-18,4074,2026-03-20
Z000151359,진평초가산초학림초공동(일방)통학구역,1,47,190,8750000,경상북도교육청,8801000,경상북도구미교육지원청,2023-11-21,2024-12-30,96,2026-03-20
Z000106097,세종도원초통학구역,0,36,110,9300000,세종특별자치시교육청,9300000,세종특별자치시교육청,2016-08-12,2024-11-06,3125,2026-03-20
Z000151357,인의초가산초학림초공동(일방)통학구역,1,47,190,8750000,경상북도교육청,8801000,경상북도구미교육지원청,2023-11-21,2024-12-30,5437,2026-03-20
Z000151152,"구평초구평남부초공동통학구역, 구평초구평남부초가산초학림초공동(일방)통학구역",1,47,190,8750000,경상북도교육청,8801000,경상북도구미교육지원청,2016-08-12,2024-12-30,100,2026-03-20
Z000151358,"인동초인의초공동통학구역, 인의초가산초학림초공동(일방)통학구역",1,47,190,8750000,경상북도교육청,8801000,경상북도구미교육지원청,2023-11-21,2024-12-30,3652,2026-03-20
Z000150535,"구평남부초천생초공동통학구역, 구평남부초천생초가산초학림초공동(일방)통학구역",1,47,190,8750000,경상북도교육청,8801000,경상북도구미교육지원청,2016-08-12,2024-12-30,964,2026-03-20
Z000101608,대전장대초통학구역,0,30,200,7430000,대전광역시교육청,7451000,대전광역시서부교육지원청,2016-08-12,2025-02-04,2080,2026-03-20
Z000150250,문발초심학초공동통학구역,1,41,480,7530000,경기도교육청,7681000,경기도파주교육지원청,2016-08-12,2025-02-04,3941,2026-03-20
Z000151284,지산초능안초공동통학구역,1,41,480,7530000,경기도교육청,7681000,경기도파주교육지원청,2022-12-26,2025-02-04,375,2026-03-20
Z000102639,파주와동초통학구역,0,41,480,7530000,경기도교육청,7681000,경기도파주교육지원청,2016-08-12,2025-02-04,1221,2026-03-20
Z000151517,북삼초창호초삼화초송정초공동(일방)통학구역,1,51,170,7801000,강원특별자치도교육청,7842000,강원특별자치도동해교육지원청,2025-01-03,2025-02-04,4591,2026-03-20
Z000104714,낙성초통학구역,0,46,780,8490000,전라남도교육청,8601000,전라남도보성교육지원청,2016-08-12,2025-02-04,3753,2026-03-20
Z000151675,벌교초공동(일방)통학구역,1,46,780,8490000,전라남도교육청,8601000,전라남도보성교육지원청,2026-03-31,2026-03-31,6637,2026-03-20
Z000104703,동강초통학구역,0,46,770,8490000,전라남도교육청,8591000,전라남도고흥교육지원청,2016-08-12,2025-02-04,2981,2026-03-20
Z000104382,부남초통학구역,0,52,730,8321000,전북특별자치도교육청,8412000,전북특별자치도무주교육지원청,2016-08-12,2024-12-04,2333,2026-03-20
Z000105527,웅천초통학구역,0,48,129,9010000,경상남도교육청,9022000,경상남도창원교육지원청,2016-08-12,2024-12-04,2729,2026-03-20
Z000101975,안양초통학구역,0,41,171,7530000,경기도교육청,7569000,경기도안양과천교육지원청,2016-08-12,2024-12-04,2360,2026-03-20
Z000151481,안양초안일초공동통학구역,1,41,171,7530000,경기도교육청,7569000,경기도안양과천교육지원청,2024-11-27,2024-12-04,5895,2026-03-20
Z000101561,대전관저초통학구역,0,30,170,7430000,대전광역시교육청,7451000,대전광역시서부교육지원청,2016-08-12,2025-02-04,6395,2026-03-20
Z000151640,대구지묘초대구공산초대구팔공초공동(일방)통학구역,1,27,140,7240000,대구광역시교육청,7251000,대구광역시동부교육지원청,2016-08-12,2026-03-01,6075,2026-03-20
Z000151639,대구범물초대구복명초대구지봉초양방향공동통학구역,1,27,260,7240000,대구광역시교육청,7251000,대구광역시동부교육지원청,2016-08-12,2026-03-01,1651,2026-03-20
Z000151618,금정초공덕초금성초공동(일방)통학구역,1,26,410,7150000,부산광역시교육청,7191000,부산광역시동래교육지원청,2026-01-27,2026-03-01,4600,2026-03-20
Z000102891,지석초통학구역,0,41,463,7530000,경기도교육청,7751000,경기도용인교육지원청,2016-08-12,2026-03-19,976,2026-03-20
Z000150302,갈곡초성지초공동통학구역,1,41,463,7530000,경기도교육청,7751000,경기도용인교육지원청,2016-08-12,2026-03-19,958,2026-03-20
Z000102835,보라초통학구역,0,41,463,7530000,경기도교육청,7751000,경기도용인교육지원청,2016-08-12,2026-03-19,6265,2026-03-20
Z000151668,보라초나산초공동통학구역,1,41,463,7530000,경기도교육청,7751000,경기도용인교육지원청,2016-08-12,2026-03-19,397,2026-03-20
Z000102845,서원초통학구역,0,41,465,7530000,경기도교육청,7751000,경기도용인교육지원청,2016-08-12,2026-03-19,3683,2026-03-20
Z000150324,서원초새빛초공동통학구역,1,41,465,7530000,경기도교육청,7751000,경기도용인교육지원청,2016-08-12,2026-03-19,991,2026-03-20
Z000151665,용인대덕초대지초공동통학구역,1,41,465,7530000,경기도교육청,7751000,경기도용인교육지원청,2026-03-19,2026-03-19,2509,2026-03-20
Z000102498,동양초통학구역,0,41,590,7530000,경기도교육청,7679000,경기도화성오산교육지원청,2016-08-12,2026-03-31,5264,2026-03-20
Z000106149,대양초통학구역,0,41,590,7530000,경기도교육청,7679000,경기도화성오산교육지원청,2017-03-23,2026-03-31,3509,2026-03-20
Z000106493,새동초통학구역,0,41,500,7530000,경기도교육청,7679000,경기도화성오산교육지원청,2026-03-31,2026-03-31,843,2026-03-20
Z000151671,동양초새동초공동통학구역,1,41,590,7530000,경기도교육청,7679000,경기도화성오산교육지원청,2026-03-31,2026-03-31,3506,2026-03-20
Z000102493,남양초통학구역,0,41,590,7530000,경기도교육청,7679000,경기도화성오산교육지원청,2016-08-12,2026-03-31,5873,2026-03-20
Z000104481,목포서해초통학구역,0,46,110,8490000,전라남도교육청,8501000,전라남도목포교육지원청,2016-08-12,2026-03-01,6747,2026-03-20
Z000151204,순창중앙초팔덕초금과초공동(일방)통학구역(팔덕초: 25.3.1~27.2.28/금과초: 26.3.1~29.2.29),1,52,770,8321000,전북특별자치도교육청,8442000,전북특별자치도순창교육지원청,2022-02-09,2026-03-01,5305,2026-03-20
Z000151203,순창초유등초풍산초인계초구림초적성초공동(일방)통학구역(그 외: 25.3.1~27.2.28/구림초: 26.3.1~29.2.29),1,52,770,8321000,전북특별자치도교육청,8442000,전북특별자치도순창교육지원청,2022-02-09,2026-03-01,3771,2026-03-20
Z000151611,한울초용봉초금마초배양초홍동초금당초장곡초은하초결성초서부초신당초갈산초구항초대정초공동(일방)통학구역,1,44,800,8140000,충청남도교육청,8261000,충청남도홍성교육지원청,2016-12-05,2026-03-01,640,2026-03-20
Z000151657,홍성초금마초배양초홍동초금당초장곡초은하초결성초서부초신당초갈산초구항초대정초공동(일방)통학구역,1,44,800,8140000,충청남도교육청,8261000,충청남도홍성교육지원청,2016-08-12,2026-03-01,6882,2026-03-20
Z000151658,홍남초금마초배양초홍동초금당초장곡초은하초결성초서부초신당초갈산초구항초대정초공동(일방)통학구역,1,44,800,8140000,충청남도교육청,8261000,충청남도홍성교육지원청,2016-08-12,2026-03-01,6588,2026-03-20
Z000106462,진주초통학구역,0,51,230,7801000,강원특별자치도교육청,7872000,강원특별자치도삼척교육지원청,2025-11-02,2026-03-17,1085,2026-03-20
Z000106461,삼척중앙초통학구역,0,51,230,7801000,강원특별자치도교육청,7872000,강원특별자치도삼척교육지원청,2025-11-02,2026-03-17,4657,2026-03-20
Z000102492,기안초통학구역,0,41,590,7530000,경기도교육청,7679000,경기도화성오산교육지원청,2016-08-12,2026-03-31,5922,2026-03-20
Z000102547,와우초통학구역,0,41,590,7530000,경기도교육청,7679000,경기도화성오산교육지원청,2016-08-12,2026-03-31,5517,2026-03-20
Z000102511,배양초통학구역,0,41,590,7530000,경기도교육청,7679000,경기도화성오산교육지원청,2016-08-12,2026-03-31,5053,2026-03-20
Z000151659,내포초용봉초금마초배양초홍동초금당초장곡초은하초결성초서부초신당초갈산초구항초대정초공동(일방)통학구역,1,44,800,8140000,충청남도교육청,8261000,충청남도홍성교육지원청,2016-08-12,2026-03-01,5972,2026-03-20
Z000151660,홍북초용봉초금마초배양초홍동초금당초장곡초은하초결성초서부초신당초갈산초구항초대정초공동(일방)통학구역,1,44,800,8140000,충청남도교육청,8261000,충청남도홍성교육지원청,2025-12-11,2026-03-01,6017,2026-03-20
Z000103969,용봉초통학구역,0,44,800,8140000,충청남도교육청,8261000,충청남도홍성교육지원청,2016-08-12,2026-03-01,2451,2026-03-20
Z000151601,홍주초용봉초금마초배양초홍동초금당초장곡초은하초결성초서부초신당초갈산초구항초대정초공동(일방)통학구역,1,44,800,8140000,충청남도교육청,8261000,충청남도홍성교육지원청,2025-11-02,2026-03-01,636,2026-03-20
Z000151605,홍성초용봉초공동통학구역,1,44,800,8140000,충청남도교육청,8261000,충청남도홍성교육지원청,2025-11-03,2026-03-01,5099,2026-03-20
Z000151606,홍주초내포초공동통학구역,1,44,800,8140000,충청남도교육청,8261000,충청남도홍성교육지원청,2025-11-03,2026-03-01,629,2026-03-20
Z000101388,광주극락초통학구역,0,29,140,7380000,광주광역시교육청,7401000,광주광역시서부교육지원청,2016-08-12,2026-03-01,6770,2026-03-20
Z000151120,삼척초공동(일방)통학구역,1,51,230,7801000,강원특별자치도교육청,7872000,강원특별자치도삼척교육지원청,2016-08-12,2026-03-17,199,2026-03-20
Z000151119,정라초공동(일방)통학구역,1,51,230,7801000,강원특별자치도교육청,7872000,강원특별자치도삼척교육지원청,2016-08-12,2026-03-17,6409,2026-03-20
Z000106148,효행초통학구역,0,41,590,7530000,경기도교육청,7679000,경기도화성오산교육지원청,2017-03-20,2026-03-31,1966,2026-03-20
Z000106200,하길초통학구역,0,41,590,7530000,경기도교육청,7679000,경기도화성오산교육지원청,2018-10-24,2026-03-31,4400,2026-03-20
Z000102517,상신초통학구역,0,41,590,7530000,경기도교육청,7679000,경기도화성오산교육지원청,2016-08-12,2026-03-31,4127,2026-03-20
Z000106492,서봉초통학구역,0,41,590,7530000,경기도교육청,7679000,경기도화성오산교육지원청,2026-03-31,2026-03-31,2724,2026-03-20
Z000106192,한율초통학구역,0,41,590,7530000,경기도교육청,7679000,경기도화성오산교육지원청,2026-03-26,2026-04-04,4546,2026-03-20
Z000151673,동탄목동초현민초공동통학구역,1,41,590,7530000,경기도교육청,7679000,경기도화성오산교육지원청,2026-03-26,2026-04-04,5408,2026-03-20
Z000151674,한율초현민초공동통학구역,1,41,590,7530000,경기도교육청,7679000,경기도화성오산교육지원청,2026-03-26,2026-04-04,1857,2026-03-20
Z000106235,동탄목동초통학구역,0,41,590,7530000,경기도교육청,7679000,경기도화성오산교육지원청,2019-05-27,2026-04-04,4550,2026-03-20
Z000104077,전주삼천초통학구역,0,52,111,8321000,전북특별자치도교육청,8332000,전북특별자치도전주교육지원청,2016-08-12,2026-04-04,3643,2026-03-20
Z000101387,광주광천초통학구역,0,29,140,7380000,광주광역시교육청,7401000,광주광역시서부교육지원청,2016-08-12,2026-03-01,322,2026-03-20
Z000151580,광주서초광주광천초공동통학구역,1,29,140,7380000,광주광역시교육청,7401000,광주광역시서부교육지원청,2025-03-08,2026-03-01,2112,2026-03-20
Z000101434,송정중앙초통학구역,0,29,200,7380000,광주광역시교육청,7401000,광주광역시서부교육지원청,2016-08-12,2026-03-01,6585,2026-03-20
Z000101443,어룡초통학구역,0,29,200,7380000,광주광역시교육청,7401000,광주광역시서부교육지원청,2016-08-12,2026-03-01,5692,2026-03-20
Z000151607,노화초노화북초공동통학구역,1,46,890,8490000,전라남도교육청,8701000,전라남도완도교육지원청,2025-11-03,2026-03-17,2130,2026-03-20
Z000103627,가곡초통학구역,0,43,800,8000000,충청북도교육청,8111000,충청북도단양교육지원청,2016-08-12,2025-11-03,3383,2026-03-20
Z000151655,밀성초부북초공동통학구역,1,48,270,9010000,경상남도교육청,9101000,경상남도밀양교육지원청,2026-02-11,2023-09-26,3601,2026-03-20
Z000105202,지곡초통학구역,0,47,230,8750000,경상북도교육청,8821000,경상북도영천교육지원청,2016-08-12,2016-08-12,481,2026-03-20
Z000150874,영천초고경초북안초지곡초임고초공동(일방)통학구역,1,47,230,8750000,경상북도교육청,8821000,경상북도영천교육지원청,2020-02-11,2025-03-06,4935,2026-03-20
Z000104124,전주효자초통학구역,0,52,111,8321000,전북특별자치도교육청,8332000,전북특별자치도전주교육지원청,2016-08-12,2026-04-04,80,2026-03-20
Z000102802,증포초통학구역,0,41,500,7530000,경기도교육청,7741000,경기도이천교육지원청,2021-06-08,2026-04-04,5740,2026-03-20
Z000102798,이천초통학구역,0,41,500,7530000,경기도교육청,7741000,경기도이천교육지원청,2021-06-08,2026-04-04,554,2026-03-20
Z000101427,선운초통학구역,0,29,200,7380000,광주광역시교육청,7401000,광주광역시서부교육지원청,2016-08-12,2026-03-01,3924,2026-03-20
Z000101472,하남중앙초통학구역,0,29,200,7380000,광주광역시교육청,7401000,광주광역시서부교육지원청,2016-08-12,2026-03-01,6642,2026-03-20
Z000106460,운수초통학구역,0,29,200,7380000,광주광역시교육청,7401000,광주광역시서부교육지원청,2025-11-02,2026-03-01,369,2026-03-20
Z000151258,임실초성수초임실기림초신평초청웅초대리초공동통학구역,1,52,750,8321000,전북특별자치도교육청,8432000,전북특별자치도임실교육지원청,2016-08-12,2026-03-01,5766,2026-03-20
Z000150466,임실초성수초신평초청웅초대리초공동통학구역,1,52,750,8321000,전북특별자치도교육청,8432000,전북특별자치도임실교육지원청,2016-08-12,2026-03-01,441,2026-03-20
Z000106471,관산초통학구역,0,46,800,8490000,전라남도교육청,8621000,전라남도장흥교육지원청,2026-01-23,2026-03-01,3399,2026-03-20
Z000150876,포은초영화초고경초북안초지곡초임고초공동(일방)통학구역,1,47,230,8750000,경상북도교육청,8821000,경상북도영천교육지원청,2020-02-11,2025-03-06,3163,2026-03-20
Z000150875,영천중앙초영화초고경초북안초지곡초임고초공동(일방)통학구역,1,47,230,8750000,경상북도교육청,8821000,경상북도영천교육지원청,2020-02-11,2025-03-06,5805,2026-03-20
Z000103902,구룡초통학구역,0,44,760,8140000,충청남도교육청,8231000,충청남도부여교육지원청,2016-08-12,2016-08-12,4487,2026-03-20
Z000151652,홍산초임천초공동통학구역,1,44,760,8140000,충청남도교육청,8231000,충청남도부여교육지원청,2016-08-12,2016-08-12,3577,2026-03-20
Z000101114,인천용정초통학구역,0,28,177,7310000,인천광역시교육청,7321000,인천광역시남부교육지원청,2018-09-19,2025-11-03,5032,2026-03-20
Z000104981,장기초통학구역,0,47,111,8750000,경상북도교육청,8761000,경상북도포항교육지원청,2016-08-12,2026-03-17,3800,2026-03-20
Z000150234,오산초가수초공동통학구역,1,41,370,7530000,경기도교육청,7679000,경기도화성오산교육지원청,2016-08-12,2026-04-04,3236,2026-03-20
Z000102546,오산초통학구역,0,41,370,7530000,경기도교육청,7679000,경기도화성오산교육지원청,2016-08-12,2024-07-16,5338,2026-03-20
Z000106496,가수초오산초마루초공동통학구역,1,41,370,7530000,경기도교육청,7679000,경기도화성오산교육지원청,2026-04-04,2026-04-04,1850,2026-03-20
Z000151680,마루초오산초공동통학구역,1,41,370,7530000,경기도교육청,7679000,경기도화성오산교육지원청,2026-04-04,2026-04-04,5339,2026-03-20
Z000102484,가수초통학구역,0,41,370,7530000,경기도교육청,7679000,경기도화성오산교육지원청,2016-08-12,2024-04-09,2678,2026-03-20
Z000106495,마루초통학구역,0,41,370,7530000,경기도교육청,7679000,경기도화성오산교육지원청,2026-04-04,2026-04-04,4459,2026-03-20
Z000150774,장흥초제한적공동통학구역,1,46,800,8490000,전라남도교육청,8621000,전라남도장흥교육지원청,2019-12-16,2026-03-01,4636,2026-03-20
Z000150944,나주초제한적공동통학구역,1,46,170,8490000,전라남도교육청,8531000,전라남도나주교육지원청,2016-08-12,2026-03-01,2007,2026-03-20
Z000151653,죽장초청하초공동통학구역,1,47,113,8750000,경상북도교육청,8761000,경상북도포항교육지원청,2016-08-12,2026-03-17,467,2026-03-20
Z000104953,달전초통학구역,0,47,113,8750000,경상북도교육청,8761000,경상북도포항교육지원청,2016-08-12,2026-03-17,6161,2026-03-20
Z000151678,이천중리초이천남초공동통학구역,1,41,500,7530000,경기도교육청,7741000,경기도이천교육지원청,2026-04-04,2026-04-04,1439,2026-03-20
Z000106498,이천중리초통학구역,0,41,500,7530000,경기도교육청,7741000,경기도이천교육지원청,2026-04-04,2026-04-04,3250,2026-03-20
Z000102793,이천남초통학구역,0,41,500,7530000,경기도교육청,7741000,경기도이천교육지원청,2016-08-12,2026-04-04,5739,2026-03-20
Z000150297,대월초신하초아미초공동통학구역,1,41,500,7530000,경기도교육청,7741000,경기도이천교육지원청,2016-08-12,2026-04-04,418,2026-03-20
Z000150945,나주중앙초제한적공동통학구역,1,46,170,8490000,전라남도교육청,8531000,전라남도나주교육지원청,2016-08-12,2026-03-01,5547,2026-03-20
Z000150946,빛가람초제한적공동통학구역,1,46,170,8490000,전라남도교육청,8531000,전라남도나주교육지원청,2016-08-12,2026-03-01,4895,2026-03-20
Z000150948,라온초제한적공동통학구역,1,46,170,8490000,전라남도교육청,8531000,전라남도나주교육지원청,2017-02-16,2026-03-01,3045,2026-03-20
Z000106486,포항펜타초통학구역,0,47,113,8750000,경상북도교육청,8761000,경상북도포항교육지원청,2016-08-12,2026-03-17,3511,2026-03-20
Z000150515,"대이초이동초공동통학구역(단, 주소지 이전 없이는 전학이 불가능함)",1,47,111,8750000,경상북도교육청,8761000,경상북도포항교육지원청,2016-08-12,2026-03-17,7075,2026-03-20
Z000150644,"포항항도초포항초포항영흥초공동통학구역(단, 주소지 이전 없이는 전학이 불가능함)",1,47,113,8750000,경상북도교육청,8761000,경상북도포항교육지원청,2017-02-16,2026-03-17,1113,2026-03-20
Z000150513,"구정초인덕초포항원동초통학구역(2026학년도:구정초인덕초포항원동초자유학구제, 2027학년도 1학년: 포항원동초단일통학구역, 2~6학년: 구정초인덕초포항원동초자유학구, 이후 신입생: 순차적",1,47,111,8750000,경상북도교육청,8761000,경상북도포항교육지원청,2016-08-12,2026-03-17,1116,2026-03-20
Z000150512,"구정초문덕초오천초인덕초포항원동초 일방공동통학구역은 2026학년도까지만 운영하며, 2027학년도부터 일방공동통학구역 해제",1,47,111,8750000,경상북도교육청,8761000,경상북도포항교육지원청,2016-08-12,2026-03-17,3792,2026-03-20
Z000151595,"포항장흥초항구초공동통학구역(단, 주소지 이전없이는 전학이 불가능함)",1,47,113,8750000,경상북도교육청,8761000,경상북도포항교육지원청,2025-08-04,2026-03-17,3790,2026-03-20
Z000150981,보성초삽교초용동초대술초신양초웅산초대흥초응봉초평촌초덕산초시량초수덕초봉산초고덕초구만초예덕초신암초조림초오가초양신초대공동(일방)통학구역,1,44,810,8140000,충청남도교육청,8271000,충청남도예산교육지원청,2020-06-08,2026-03-17,1250,2026-03-20
Z000102789,아미초통학구역,0,41,500,7530000,경기도교육청,7741000,경기도이천교육지원청,2016-08-12,2026-04-04,6519,2026-03-20
Z000151679,아미초이천사동초공동통학구역,1,41,500,7530000,경기도교육청,7741000,경기도이천교육지원청,2026-04-04,2026-04-04,5751,2026-03-20
Z000151681,화성월문초화성장안초공동통학구역,1,41,590,7530000,경기도교육청,7679000,경기도화성오산교육지원청,2026-04-04,2026-04-04,1803,2026-03-20
Z000102779,도지초통학구역,0,41,500,7530000,경기도교육청,7741000,경기도이천교육지원청,2016-08-12,2026-04-04,5636,2026-03-20
Z000100092,서울중동초통학구역,0,11,440,7010000,서울특별시교육청,7031000,서울특별시서부교육지원청,2016-08-12,2026-04-04,1720,2026-03-20
Z000100095,서울창서초통학구역,0,11,410,7010000,서울특별시교육청,7031000,서울특별시서부교육지원청,2016-08-12,2026-04-04,4722,2026-03-20
Z000150012,서울중동초서울창서초공동통학구역,1,11,440,7010000,서울특별시교육청,7031000,서울특별시서부교육지원청,2016-08-12,2026-04-04,2603,2026-03-20
Z000150949,한아름초제한적공동통학구역,1,46,170,8490000,전라남도교육청,8531000,전라남도나주교육지원청,2017-02-16,2026-03-01,4830,2026-03-20
Z000150947,빛누리초제한적공동통학구역,1,46,170,8490000,전라남도교육청,8531000,전라남도나주교육지원청,2017-02-15,2026-03-01,4825,2026-03-20
Z000151440,금천초낭성초행정초공동(일방)통학구역,1,43,111,8000000,충청북도교육청,8011000,충청북도청주교육지원청,2024-03-14,2026-03-02,310,2026-03-20
Z000103423,수곡초통학구역,0,43,112,8000000,충청북도교육청,8011000,충청북도청주교육지원청,2016-08-12,2026-03-02,413,2026-03-20
Z000151632,오선초부윤초공동통학구역,1,43,770,8000000,충청북도교육청,8101000,충청북도음성교육지원청,2016-08-12,2016-08-12,6223,2026-03-20
Z000103611,부윤초통학구역,0,43,770,8000000,충청북도교육청,8101000,충청북도음성교육지원청,2016-08-12,2016-08-12,5361,2026-03-20
Z000104235,익산한벌초통학구역,0,52,140,8321000,전북특별자치도교육청,8352000,전북특별자치도익산교육지원청,2016-08-12,2026-03-01,581,2026-03-20
Z000104217,이리부송초통학구역,0,52,140,8321000,전북특별자치도교육청,8352000,전북특별자치도익산교육지원청,2016-08-12,2026-03-01,5047,2026-03-20
Z000104696,남양초통학구역,0,46,770,8490000,전라남도교육청,8591000,전라남도고흥교육지원청,2016-08-12,2026-03-18,5622,2026-03-20
Z000104719,벌교중앙초통학구역,0,46,780,8490000,전라남도교육청,8601000,전라남도보성교육지원청,2016-08-12,2026-03-18,3419,2026-03-20
Z000151602,동강초벌교중앙초공동통학구역,1,46,770,8490000,전라남도교육청,8591000,전라남도고흥교육지원청,2025-11-02,2026-03-18,3846,2026-03-20
Z000104121,전주화산초통학구역,0,52,111,8321000,전북특별자치도교육청,8332000,전북특별자치도전주교육지원청,2016-08-12,2026-04-04,975,2026-03-20
Z000104109,전주중산초통학구역,0,52,111,8321000,전북특별자치도교육청,8332000,전북특별자치도전주교육지원청,2016-08-12,2026-04-04,1860,2026-03-20
Z000150387,국원초충주교현초공동통학구역 및 대미초엄정초산척초공동(일방)통학구역,1,43,130,8000000,충청북도교육청,8021000,충청북도충주교육지원청,2016-08-12,2026-04-04,3083,2026-03-20
Z000106497,화성바른초통학구역,0,41,590,7530000,경기도교육청,7679000,경기도화성오산교육지원청,2026-04-07,2026-04-07,2795,2026-03-20
Z000151572,복대초서현초공동통학구역 및 복대초갈원초공동(일방)통학구역,1,43,113,8000000,충청북도교육청,8011000,충청북도청주교육지원청,2025-03-06,2026-03-02,5183,2026-03-20
Z000151613,복대초갈원초공동(일방)통학구역,1,43,113,8000000,충청북도교육청,8011000,충청북도청주교육지원청,2025-03-06,2026-03-02,5182,2026-03-20
Z000103416,서원초통학구역,0,43,113,8000000,충청북도교육청,8011000,충청북도청주교육지원청,2016-08-12,2026-03-02,3096,2026-03-20
Z000103413,새터초통학구역,0,43,114,8000000,충청북도교육청,8011000,충청북도청주교육지원청,2016-08-12,2026-03-02,6634,2026-03-20
Z000100661,우암초통학구역,0,26,290,7150000,부산광역시교육청,7181000,부산광역시남부교육지원청,2016-08-12,2026-03-18,1917,2026-03-20
Z000100648,신연초통학구역,0,26,290,7150000,부산광역시교육청,7181000,부산광역시남부교육지원청,2016-08-12,2026-03-18,3698,2026-03-20
Z000106488,가재초통학구역,0,41,220,7530000,경기도교육청,7631000,경기도평택교육지원청,2026-03-11,2026-03-18,799,2026-03-20
Z000102317,장당초통학구역,0,41,220,7530000,경기도교육청,7631000,경기도평택교육지원청,2016-08-12,2026-03-11,6093,2026-03-20
Z000102308,송탄초통학구역,0,41,220,7530000,경기도교육청,7631000,경기도평택교육지원청,2016-08-12,2026-03-11,3637,2026-03-20
Z000106489,대전탄방초대전탄방초용문분교장공동통학구역,1,30,170,7430000,대전광역시교육청,7451000,대전광역시서부교육지원청,2026-03-11,2026-03-18,2095,2026-03-20
Z000106490,대전문정초대전탄방초용문분교장공동통학구역,1,30,170,7430000,대전광역시교육청,7451000,대전광역시서부교육지원청,2026-03-11,2026-03-18,2096,2026-03-20
Z000101577,대전문정초통학구역,0,30,170,7430000,대전광역시교육청,7451000,대전광역시서부교육지원청,2016-08-12,2026-03-18,2984,2026-03-20
Z000106450,현민초통학구역,0,41,590,7530000,경기도교육청,7679000,경기도화성오산교육지원청,2026-04-07,2026-04-07,956,2026-03-20
Z000151436,"진천상산초성암초문상초공동통학구역, 진천상산초백곡초공동(일방)통학구역",1,43,750,8000000,충청북도교육청,8081000,충청북도진천교육지원청,2024-03-06,2026-04-10,4870,2026-03-20
Z000150405,문상초진천상산초공동통학구역,1,43,750,8000000,충청북도교육청,8081000,충청북도진천교육지원청,2016-08-12,2026-04-10,410,2026-03-20
Z000151683,진천상산초성암초문상초공동통학구역,1,43,750,8000000,충청북도교육청,8081000,충청북도진천교육지원청,2016-08-12,2026-04-10,3105,2026-03-20
Z000103418,서현초통학구역,0,43,113,8000000,충청북도교육청,8011000,충청북도청주교육지원청,2016-08-12,2026-03-02,5900,2026-03-20
Z000151661,서경초서현초공동통학구역,1,43,113,8000000,충청북도교육청,8011000,충청북도청주교육지원청,2016-08-12,2026-03-02,3420,2026-03-20
Z000151612,상당초가덕초공동(일방)통학구역,1,43,111,8000000,충청북도교육청,8011000,충청북도청주교육지원청,2026-01-23,2026-03-02,6221,2026-03-20
Z000151444,단재초동화초행정초옥포초신송초공동(일방)통학구역,1,43,111,8000000,충청북도교육청,8011000,충청북도청주교육지원청,2024-03-14,2026-03-02,3857,2026-03-20
Z000151443,운동초가덕초동화초신송초행정초공동(일방)통학구역,1,43,111,8000000,충청북도교육청,8011000,충청북도청주교육지원청,2024-03-14,2026-03-02,29,2026-03-20
Z000151617,금천초청남초공동통학구역,1,43,111,8000000,충청북도교육청,8011000,충청북도청주교육지원청,2026-02-25,2026-03-02,6513,2026-03-20
Z000151610,한솔초모충초공동통학구역,1,43,112,8000000,충청북도교육청,8011000,충청북도청주교육지원청,2026-02-25,2026-03-02,5745,2026-03-20
Z000103399,봉덕초통학구역,0,43,113,8000000,충청북도교육청,8011000,충청북도청주교육지원청,2016-08-12,2026-03-02,4876,2026-03-20
Z000105880,성명초통학구역,0,48,840,9010000,경상남도교육청,9171000,경상남도남해교육지원청,2016-08-12,2026-03-02,4386,2026-03-20
Z000101613,대전탄방초통학구역,0,30,170,7430000,대전광역시교육청,7451000,대전광역시서부교육지원청,2016-08-12,2026-03-18,1171,2026-03-20
Z000100483,서울경수초통학구역,0,11,200,7010000,서울특별시교육청,7134000,서울특별시성동광진교육지원청,2016-08-12,2026-03-19,884,2026-03-20
Z000100484,서울경일초통학구역,0,11,200,7010000,서울특별시교육청,7134000,서울특별시성동광진교육지원청,2016-08-12,2026-03-19,6189,2026-03-20
Z000101650,상진초통학구역,0,31,170,7480000,울산광역시교육청,7491000,울산광역시강북교육지원청,2016-08-12,2026-03-19,2921,2026-03-20
Z000101658,양지초통학구역,0,31,170,7480000,울산광역시교육청,7491000,울산광역시강북교육지원청,2016-08-12,2026-03-19,1120,2026-03-20
Z000101680,화진초통학구역,0,31,170,7480000,울산광역시교육청,7491000,울산광역시강북교육지원청,2016-08-12,2026-03-19,4699,2026-03-20
Z000150410,진천삼수초학성초공동통학구역,1,43,750,8000000,충청북도교육청,8081000,충청북도진천교육지원청,2016-08-12,2026-04-10,3252,2026-03-20
Z000151435,진천삼수초백곡초공동(일방)통학구역,1,43,750,8000000,충청북도교육청,8081000,충청북도진천교육지원청,2024-03-06,2026-04-10,6628,2026-03-20
Z000103573,문상초통학구역,0,43,750,8000000,충청북도교육청,8081000,충청북도진천교육지원청,2016-08-12,2026-04-14,3110,2026-03-20
Z000103580,진천상산초통학구역,0,43,750,8000000,충청북도교육청,8081000,충청북도진천교육지원청,2016-08-12,2026-04-10,4134,2026-03-20
Z000151609,남해초성명초공동통학구역,1,48,840,9010000,경상남도교육청,9171000,경상남도남해교육지원청,2016-08-12,2026-03-02,3468,2026-03-20
Z000106463,대가초통학구역,0,43,800,8000000,충청북도교육청,8111000,충청북도단양교육지원청,2025-11-03,2025-11-03,2484,2026-03-20
Z000150428,대가초매포초공동통학구역,1,43,800,8000000,충청북도교육청,8111000,충청북도단양교육지원청,2016-08-12,2016-08-12,5122,2026-03-20
Z000151604,대구장산초대구장성초양방향공동통학구역,1,27,290,7240000,대구광역시교육청,7271000,대구광역시남부교육지원청,2025-11-03,2026-03-17,4712,2026-03-20
Z000101644,방어진초통학구역,0,31,170,7480000,울산광역시교육청,7491000,울산광역시강북교육지원청,2016-08-12,2026-03-19,4698,2026-03-20
Z000102742,미원초통학구역,0,41,820,7530000,경기도교육청,7721000,경기도가평교육지원청,2016-08-12,2026-03-19,2712,2026-03-20
Z000102760,수입초통학구역,0,41,830,7530000,경기도교육청,7731000,경기도양평교육지원청,2016-08-12,2026-03-19,1276,2026-03-20
Z000150796,"진천상신초초평초공동통학구역, 진천상신초구정초공동(일방)통학구역",1,43,750,8000000,충청북도교육청,8081000,충청북도진천교육지원청,2019-12-19,2026-04-10,5363,2026-03-20
Z000101666,울산초통학구역,0,31,110,7480000,울산광역시교육청,7491000,울산광역시강북교육지원청,2016-08-12,2026-04-10,7070,2026-03-20
Z000101738,척과초통학구역,0,31,710,7480000,울산광역시교육청,7501000,울산광역시강남교육지원청,2016-08-12,2026-04-10,6150,2026-03-20
Z000103403,북일초통학구역,0,43,114,8000000,충청북도교육청,8011000,충청북도청주교육지원청,2016-08-12,2026-04-13,4753,2026-03-20
Z000151447,수성초대길초북이초비상초석성초공동(일방)통학구역,1,43,114,8000000,충청북도교육청,8011000,충청북도청주교육지원청,2024-03-14,2026-04-13,2709,2026-03-20
Z000103405,비봉초통학구역,0,43,114,8000000,충청북도교육청,8011000,충청북도청주교육지원청,2016-08-12,2026-04-13,5018,2026-03-20
Z000103428,오창초통학구역,0,43,114,8000000,충청북도교육청,8011000,충청북도청주교육지원청,2016-08-12,2026-04-13,1179,2026-03-20
Z000151603,대구교동초대구칠곡초양방향공동통학구역,1,27,230,7240000,대구광역시교육청,7261000,대구광역시서부교육지원청,2025-11-03,2026-03-17,4198,2026-03-20
Z000101044,대구호산초통학구역,0,27,290,7240000,대구광역시교육청,7271000,대구광역시남부교육지원청,2016-08-12,2026-03-17,2517,2026-03-20
Z000151560,대구상원초대구상인초대구월촌초양방향공동통학구역,1,27,290,7240000,대구광역시교육청,7271000,대구광역시남부교육지원청,2025-03-05,2026-03-17,5957,2026-03-20
Z000151564,대구북비산초대구비산초양방향공동통학구역,1,27,170,7240000,대구광역시교육청,7261000,대구광역시서부교육지원청,2025-03-05,2026-03-17,6842,2026-03-20
Z000102751,청평초통학구역,0,41,820,7530000,경기도교육청,7721000,경기도가평교육지원청,2016-08-12,2026-03-19,6518,2026-03-20
Z000151667,미원초방일초공동통학구역,1,41,820,7530000,경기도교육청,7721000,경기도가평교육지원청,2026-03-10,2026-03-19,414,2026-03-20
Z000102741,미원초장락분교장통학구역,0,41,820,7530000,경기도교육청,7721000,경기도가평교육지원청,2016-08-12,2026-03-19,1821,2026-03-20
Z000104277,금지초통학구역,0,52,190,8321000,전북특별자치도교육청,8372000,전북특별자치도남원교육지원청,2016-08-12,2026-03-01,6662,2026-03-20
Z000150941,남원월락초이백초덕과초원천초공동(일방)통학구역,1,52,190,8321000,전북특별자치도교육청,8372000,전북특별자치도남원교육지원청,2020-02-28,2026-03-01,4135,2026-03-20
Z000151651,남원도통초보절초공동(일방)통학구역,1,52,190,8321000,전북특별자치도교육청,8372000,전북특별자치도남원교육지원청,2016-08-12,2026-03-01,5179,2026-03-20
Z000150727,장락분교장미원초공동통학구역,1,41,820,7530000,경기도교육청,7721000,경기도가평교육지원청,2019-01-23,2026-03-19,4505,2026-03-20
Z000151055,군산구암초임피초공동(일방)통학구역,1,52,130,8321000,전북특별자치도교육청,8342000,전북특별자치도군산교육지원청,2021-01-19,2026-03-19,3910,2026-03-20
Z000106491,군산내흥초통학구역,0,52,130,8321000,전북특별자치도교육청,8342000,전북특별자치도군산교육지원청,2026-03-19,2026-03-19,3048,2026-03-20
Z000102739,목동초통학구역,0,41,820,7530000,경기도교육청,7721000,경기도가평교육지원청,2016-08-12,2026-03-19,5861,2026-03-20
Z000150293,율길초연하초조종초상면초공동통학구역,1,41,820,7530000,경기도교육청,7721000,경기도가평교육지원청,2016-08-12,2026-03-19,3757,2026-03-20
Z000151619,남문초공덕초금성초공동(일방)통학구역,1,26,470,7150000,부산광역시교육청,7191000,부산광역시동래교육지원청,2026-01-27,2026-03-01,2812,2026-03-20
Z000151622,여고초공덕초금성초공동(일방)통학구역,1,26,260,7150000,부산광역시교육청,7191000,부산광역시동래교육지원청,2026-01-27,2026-03-01,136,2026-03-20
Z000151621,사직초공덕초금성초공동(일방)통학구역,1,26,260,7150000,부산광역시교육청,7191000,부산광역시동래교육지원청,2026-01-27,2026-03-01,999,2026-03-20
Z000151623,온샘초공덕초금성초공동(일방)통학구역,1,26,260,7150000,부산광역시교육청,7191000,부산광역시동래교육지원청,2026-01-27,2026-03-01,135,2026-03-20
Z000151620,명륜초공덕초금성초공동(일방)통학구역,1,26,260,7150000,부산광역시교육청,7191000,부산광역시동래교육지원청,2026-01-27,2026-03-01,1010,2026-03-20
Z000151625,창신초공덕초금성초공동(일방)통학구역,1,26,470,7150000,부산광역시교육청,7191000,부산광역시동래교육지원청,2026-01-27,2026-03-01,3693,2026-03-20
Z000151408,남원초주생초송동초공동(일방)통학구역,1,52,190,8321000,전북특별자치도교육청,8372000,전북특별자치도남원교육지원청,2024-01-16,2026-03-01,3851,2026-03-20
Z000106485,남원중앙초통학구역,0,52,190,8321000,전북특별자치도교육청,8372000,전북특별자치도남원교육지원청,2016-08-12,2026-03-01,301,2026-03-20
Z000100728,감전초통학구역,0,26,530,7150000,부산광역시교육청,7201000,부산광역시북부교육지원청,2016-08-12,2026-03-01,3169,2026-03-20
Z000105440,삼근초통학구역,0,47,930,8750000,경상북도교육청,8971000,경상북도울진교육지원청,2016-08-12,2026-03-01,1748,2026-03-20
Z000150294,율길초조종초공동통학구역,1,41,820,7530000,경기도교육청,7721000,경기도가평교육지원청,2016-08-12,2026-03-19,6399,2026-03-20
Z000151482,광양서초제한적공동통학구역,1,46,230,8490000,전라남도교육청,8551000,전라남도광양교육지원청,2016-08-12,2026-03-19,1393,2026-03-20
Z000102868,용인대덕초통학구역,0,41,465,7530000,경기도교육청,7751000,경기도용인교육지원청,2016-08-12,2026-03-19,75,2026-03-20
Z000102825,동막초통학구역,0,41,463,7530000,경기도교육청,7751000,경기도용인교육지원청,2016-08-12,2026-03-19,5988,2026-03-20
Z000102862,어정초통학구역,0,41,463,7530000,경기도교육청,7751000,경기도용인교육지원청,2016-08-12,2026-03-19,1896,2026-03-20
Z000150305,관곡초산양초용인신릉초공동통학구역,1,41,463,7530000,경기도교육청,7751000,경기도용인교육지원청,2016-08-12,2026-03-19,6611,2026-03-20
Z000151126,관곡초산양초공동통학구역,1,41,463,7530000,경기도교육청,7751000,경기도용인교육지원청,2021-06-17,2026-03-19,2211,2026-03-20
Z000101444,염주초통학구역,0,29,140,7380000,광주광역시교육청,7401000,광주광역시서부교육지원청,2016-08-12,2026-03-19,2997,2026-03-20
Z000151666,금호초금부초공동통학구역,1,29,140,7380000,광주광역시교육청,7401000,광주광역시서부교육지원청,2026-03-19,2026-04-05,14,2026-03-20
Z000101965,안양관악초통학구역,0,41,173,7530000,경기도교육청,7569000,경기도안양과천교육지원청,2016-08-12,2026-03-19,6738,2026-03-20
Z000101282,인천마전초통학구역,0,28,260,7310000,인천광역시교육청,7361000,인천광역시서부교육지원청,2016-08-12,2026-03-19,1537,2026-03-20
Z000151624,온천초공덕초금성초공동(일방)통학구역,1,26,260,7150000,부산광역시교육청,7191000,부산광역시동래교육지원청,2026-01-27,2026-03-01,6324,2026-03-20
Z000106295,인천별빛초통학구역,0,28,110,7310000,인천광역시교육청,7321000,인천광역시남부교육지원청,2016-08-12,2026-03-01,6540,2026-03-20
Z000101110,인천영종초통학구역,0,28,110,7310000,인천광역시교육청,7321000,인천광역시남부교육지원청,2016-08-12,2026-03-01,6541,2026-03-20
Z000105285,청천초통학구역,0,47,290,8750000,경상북도교육청,8851000,경상북도경산교육지원청,2016-08-12,2026-03-01,50,2026-03-20
Z000105447,후포초후포동부분교장통학구역,0,47,930,8750000,경상북도교육청,8971000,경상북도울진교육지원청,2016-08-12,2026-03-01,2923,2026-03-20
Z000151654,후포초평해초공동(일방)통학구역,1,47,930,8750000,경상북도교육청,8971000,경상북도울진교육지원청,2025-03-05,2026-03-01,6443,2026-03-20
Z000104004,근흥초통학구역,0,44,825,8140000,충청남도교육청,8281000,충청남도태안교육지원청,2016-08-12,2026-03-01,1131,2026-03-20
Z000102035,소사초통학구역,0,41,194,7530000,경기도교육청,7581000,경기도부천교육지원청,2016-08-12,2026-03-01,2236,2026-03-20
Z000105242,농암초통학구역,0,47,280,8750000,경상북도교육청,8841000,경상북도문경교육지원청,2016-08-12,2026-03-01,3087,2026-03-20
Z000151186,호서남초호계초동성초영순초산양초산북초당포초농암초공동(일방)통학구역,1,47,280,8750000,경상북도교육청,8841000,경상북도문경교육지원청,2021-12-09,2026-03-01,7092,2026-03-20
Z000150883,모전초점촌북초신기초호계초동성초영순초산양초산북초당포초농암초공동(일방)통학구역,1,47,280,8750000,경상북도교육청,8841000,경상북도문경교육지원청,2021-12-09,2026-03-01,7082,2026-03-20
Z000150882,점촌초호계초동성초영순초산양초산북초당포초농암초공동(일방)통학구역,1,47,280,8750000,경상북도교육청,8841000,경상북도문경교육지원청,2021-12-09,2026-03-01,3527,2026-03-20
Z000150888,의성초점곡초의성남부초춘산초공동통학구역,1,47,730,8750000,경상북도교육청,8871000,경상북도의성교육지원청,2020-02-13,2026-03-01,267,2026-03-20
Z000105306,안계초통학구역,0,47,730,8750000,경상북도교육청,8871000,경상북도의성교육지원청,2016-08-12,2026-03-01,6043,2026-03-20
Z000151494,광양칠성초제한적공동통학구역,1,46,230,8490000,전라남도교육청,8551000,전라남도광양교육지원청,2016-08-12,2026-03-19,2332,2026-03-20
Z000100436,서울잠원초통학구역,0,11,650,7010000,서울특별시교육청,7091300,서울특별시강남서초교육지원청,2016-08-12,2026-03-19,5054,2026-03-20
Z000151662,대전성천초대전성룡초공동통학구역,1,30,170,7430000,대전광역시교육청,7451000,대전광역시서부교육지원청,2016-08-12,2026-03-19,1166,2026-03-20
Z000101610,대전정림초통학구역,0,30,170,7430000,대전광역시교육청,7451000,대전광역시서부교육지원청,2016-08-12,2026-03-19,4740,2026-03-20
Z000101606,대전유천초통학구역,0,30,170,7430000,대전광역시교육청,7451000,대전광역시서부교육지원청,2016-08-12,2026-03-19,2974,2026-03-20
Z000102674,신장초통학구역,0,41,450,7530000,경기도교육청,7692000,경기도광주하남교육지원청,2016-08-12,2026-03-19,6558,2026-03-20
Z000102675,신평초통학구역,0,41,450,7530000,경기도교육청,7692000,경기도광주하남교육지원청,2016-08-12,2026-03-19,2150,2026-03-20
Z000102433,인창초통학구역,0,41,310,7530000,경기도교육청,7652000,경기도구리남양주교육지원청,2016-08-12,2026-03-19,2782,2026-03-20
Z000102386,교문초통학구역,0,41,310,7530000,경기도교육청,7652000,경기도구리남양주교육지원청,2016-08-12,2026-03-19,977,2026-03-20
Z000151642,금빛초광역통학구역,1,48,170,9010000,경상남도교육청,9051000,경상남도진주교육지원청,2026-01-30,2026-03-26,511,2026-03-20
Z000151314,가좌초은하수초공동통학구역,1,48,170,9010000,경상남도교육청,9051000,경상남도진주교육지원청,2023-02-14,2026-03-01,2315,2026-03-20
Z000104791,현산초통학구역,0,46,820,8490000,전라남도교육청,8641000,전라남도해남교육지원청,2016-08-12,2026-03-01,2167,2026-03-20
Z000150869,청봉초청호초대포초설악초온정초고성아야진초강현초회룡초조산초한남초공동(일방)통학구역,1,51,210,7801000,강원특별자치도교육청,7863000,강원특별자치도속초양양교육지원청,2020-02-10,2026-03-01,5799,2026-03-20
Z000150870,청대초청호초대포초설악초온정초강현초회룡초조산초한남초오호초공동(일방)통학구역,1,51,210,7801000,강원특별자치도교육청,7863000,강원특별자치도속초양양교육지원청,2020-02-10,2026-03-01,470,2026-03-20
Z000150873,교동초청호초대포초설악초온정초고성동광초도학초인흥초공현진초죽왕초공동(일방)통학구역,1,51,210,7801000,강원특별자치도교육청,7863000,강원특별자치도속초양양교육지원청,2020-02-10,2026-03-01,2934,2026-03-20
Z000151597,교동초소야초공동통학구역 및 교동초청호초대포초설악초온정초고성동광초도학초인흥초공현진초죽왕초공동(일방)통학구역,1,51,210,7801000,강원특별자치도교육청,7863000,강원특별자치도속초양양교육지원청,2025-10-03,2026-03-01,5574,2026-03-20
Z000105299,금성초가음분교장통학구역,0,47,730,8750000,경상북도교육청,8871000,경상북도의성교육지원청,2016-08-12,2026-03-01,5382,2026-03-20
Z000104009,백화초통학구역,0,44,825,8140000,충청남도교육청,8281000,충청남도태안교육지원청,2016-08-12,2026-03-01,2323,2026-03-20
Z000104024,태안초통학구역,0,44,825,8140000,충청남도교육청,8281000,충청남도태안교육지원청,2016-08-12,2026-03-01,3199,2026-03-20
Z000105315,춘산초통학구역,0,47,730,8750000,경상북도교육청,8871000,경상북도의성교육지원청,2016-08-12,2016-08-12,2946,2026-03-20
Z000151224,은하수초광역통학구역,1,48,170,9010000,경상남도교육청,9051000,경상남도진주교육지원청,2022-01-06,2026-03-01,3186,2026-03-20
Z000105565,가좌초통학구역,0,48,170,9010000,경상남도교육청,9051000,경상남도진주교육지원청,2016-08-12,2026-03-01,5841,2026-03-20
Z000102876,용인이동초통학구역,0,41,461,7530000,경기도교육청,7751000,경기도용인교육지원청,2016-08-12,2026-03-19,6556,2026-03-20
Z000151664,용인이동초삼가초공동통학구역,1,41,461,7530000,경기도교육청,7751000,경기도용인교육지원청,2026-03-19,2026-03-19,1772,2026-03-20
Z000102844,서룡초통학구역,0,41,461,7530000,경기도교육청,7751000,경기도용인교육지원청,2016-08-12,2026-03-19,3543,2026-03-20
Z000106487,용인솔빛초통학구역,0,41,461,7530000,경기도교육청,7751000,경기도용인교육지원청,2016-08-12,2026-03-19,6184,2026-03-20
Z000151663,용인솔빛초용인초서룡초공동통학구역,1,41,461,7530000,경기도교육청,7751000,경기도용인교육지원청,2016-08-12,2026-03-19,1776,2026-03-20
Z000151669,용인솔빛초용인초공동통학구역,1,41,461,7530000,경기도교육청,7751000,경기도용인교육지원청,2016-08-12,2026-03-19,4409,2026-03-20
Z000150323,서룡초용인초공동통학구역,1,41,461,7530000,경기도교육청,7751000,경기도용인교육지원청,2016-08-12,2026-03-19,4452,2026-03-20
Z000102372,왕곡초통학구역,0,41,430,7530000,경기도교육청,7642000,경기도군포의왕교육지원청,2016-08-12,2026-03-26,3706,2026-03-20
Z000106494,의왕푸른초통학구역,0,41,430,7530000,경기도교육청,7642000,경기도군포의왕교육지원청,2016-08-12,2026-03-26,6366,2026-03-20
Z000102345,고천초통학구역,0,41,430,7530000,경기도교육청,7642000,경기도군포의왕교육지원청,2026-03-26,2026-03-26,4153,2026-03-20
Z000102356,내동초통학구역,0,41,430,7530000,경기도교육청,7642000,경기도군포의왕교육지원청,2016-08-12,2026-03-27,6810,2026-03-20
Z000102357,내손초통학구역,0,41,430,7530000,경기도교육청,7642000,경기도군포의왕교육지원청,2016-08-12,2026-03-27,4158,2026-03-20
Z000151040,목포석현초제한적공동통학구역,1,46,110,8490000,전라남도교육청,8501000,전라남도목포교육지원청,2021-01-20,2026-03-01,1513,2026-03-20
Z000106341,목포신흥초통학구역,0,46,110,8490000,전라남도교육청,8501000,전라남도목포교육지원청,2021-12-24,2026-03-01,6861,2026-03-20
Z000104468,목포대성초통학구역,0,46,110,8490000,전라남도교육청,8501000,전라남도목포교육지원청,2016-08-12,2026-03-01,6746,2026-03-20
Z000151033,목포서부초제한적공동통학구역,1,46,110,8490000,전라남도교육청,8501000,전라남도목포교육지원청,2021-01-20,2026-03-01,1390,2026-03-20
Z000150923,정촌초광역통학구역,1,48,170,9010000,경상남도교육청,9051000,경상남도진주교육지원청,2020-02-20,2026-03-01,6731,2026-03-20
Z000151641,대구명곡초대구화남초양방향공동통학구역,1,27,710,7240000,대구광역시교육청,7281000,대구광역시달성교육지원청,2016-08-12,2026-03-01,2931,2026-03-20
Z000151643,금빛초은하수초공동통학구역,1,48,170,9010000,경상남도교육청,9051000,경상남도진주교육지원청,2022-01-06,2026-03-01,1381,2026-03-20
Z000106483,참미르초통학구역,0,29,170,7380000,광주광역시교육청,7391000,광주광역시동부교육지원청,2016-08-12,2026-03-01,4120,2026-03-20
